time_s,joint1_angle_rad,joint2_angle_rad,joint3_angle_rad,joint4_angle_rad,joint5_angle_rad,joint6_angle_rad,joint1_vel_rad_s,joint2_vel_rad_s,joint3_vel_rad_s,joint4_vel_rad_s,joint5_vel_rad_s,joint6_vel_rad_s,joint1_acc_rad_s2,joint2_acc_rad_s2,joint3_acc_rad_s2,joint4_acc_rad_s2,joint5_acc_rad_s2,joint6_acc_rad_s2
0,0.032741878,0.567419269,-0.488707492,0.044138621,-0.485142427,0.047533254,0.005174202,0.006260784,0.00754174,0.008341984,0.009271041,0.009493427,2.019472194,2.422469796,2.965564832,3.257182384,3.643018024,3.70916679
0.0051,0.032794662,0.56748314,-0.48863056,0.044223703,-0.485047874,0.047630068,0.015517806,0.018776894,0.022619128,0.025019872,0.027806422,0.028473722,2.017590508,2.4202896,2.963176869,3.254757314,3.640390622,3.706675438
0.0102,0.032900176,0.567610825,-0.488476767,0.044393808,-0.484858855,0.047823609,0.025847218,0.031276232,0.03767845,0.041679012,0.046321776,0.047435028,2.013827157,2.415933873,2.958400043,3.24991168,3.635124453,3.701679176
0.0153,0.033058336,0.567802204,-0.488246223,0.044648801,-0.484575498,0.048113766,0.036152683,0.043748124,0.05270725,0.058307262,0.06480336,0.066364382,2.008201464,2.409407298,2.951249253,3.24264471,3.627228141,3.694185397
0.0204,0.033268989,0.568057103,-0.48793912,0.044988501,-0.484198006,0.04850034,0.046424724,0.056181011,0.067693543,0.074892509,0.083237764,0.085248833,2.000722412,2.400721442,2.941733056,3.232968168,3.616703288,3.68419002
0.0256,0.033531936,0.568375307,-0.487555721,0.045412657,-0.483726664,0.048983059,0.056653619,0.068564047,0.082625277,0.091421868,0.101611576,0.104075488,1.991405574,2.389901632,2.929856487,3.220890606,3.603547382,3.671680154
0.0307,0.03384693,0.568756523,-0.487096318,0.045920946,-0.483161807,0.04956161,0.066830558,0.080886696,0.09749028,0.107883518,0.119911396,0.122832244,1.980271239,2.376963549,2.915647495,3.206417654,3.587768512,3.656657419
0.0358,0.03421369,0.569200432,-0.486561283,0.046512989,-0.482503838,0.050235593,0.076946147,0.093138041,0.112276914,0.124265069,0.138124078,0.141505849,1.967351788,2.361944548,2.899127862,3.189562345,3.56937595,3.639110752
0.0408,0.034631888,0.569706626,-0.485951041,0.047188357,-0.481753251,0.05100455,0.086991374,0.105307319,0.126973364,0.140554422,0.156236073,0.160083,1.952683602,2.344866209,2.880325568,3.170344587,3.548365299,3.619032152
0.0459,0.035101118,0.570274673,-0.485266101,0.047946548,-0.480910594,0.051867966,0.096957371,0.117384236,0.14156813,0.156739571,0.174233839,0.178550978,1.936287639,2.325771325,2.859257471,3.148781704,3.524742449,3.59641766
0.0513,0.03562097,0.570904063,-0.484507,0.048786993,-0.479976481,0.05282526,0.106835451,0.129358898,0.156049656,0.172808798,0.19210418,0.196897254,1.918213282,2.304692678,2.835963455,3.124888737,3.498516733,3.571263786
0.0563,0.036190979,0.571594253,-0.483674335,0.049709077,-0.47895158,0.05387576,0.116617066,0.14122079,0.170406692,0.188750084,0.209834169,0.215108212,1.898506269,2.281676528,2.810484249,3.098692859,3.4697042,3.543551938
0.0614,0.036810618,0.572344651,-0.482768791,0.050712111,-0.477836661,0.055018744,0.126293887,0.152960369,0.184628263,0.204551525,0.227410203,0.233170989,1.877205957,2.25677501,2.782846975,3.070213286,3.438305048,3.513272782
0.0665,0.037479333,0.573154597,-0.481791069,0.051795347,-0.476632544,0.056253442,0.135858325,0.164568439,0.19870329,0.220201844,0.244819008,0.251072808,1.854362914,2.230032419,2.75310391,3.039474194,3.404327622,3.480430151
0.0717,0.038196544,0.574023414,-0.480741945,0.052958002,-0.475340095,0.057578972,0.14530236,0.176035568,0.212621148,0.235689411,0.262048012,0.268799813,1.830038443,2.201513849,2.721300494,3.00651453,3.3677971,3.444998484
0.0768,0.038961613,0.574950341,-0.479622246,0.054199213,-0.473960275,0.058994416,0.154618677,0.187352616,0.226371452,0.251003075,0.279083601,0.286338994,1.804286878,2.171267655,2.687485329,2.97136334,3.328723187,3.406974258
0.0819,0.039773854,0.575934601,-0.47843287,0.055518059,-0.472494105,0.060498782,0.163800123,0.198510939,0.239944253,0.26613143,0.295913148,0.303677112,1.7771582,2.139359774,2.651700549,2.934051884,3.287119539,3.366350264
0.087,0.040632586,0.576975355,-0.47717473,0.056913566,-0.470942666,0.062091033,0.17283987,0.209502624,0.253329464,0.28106406,0.312523492,0.320801438,1.748729455,2.105849876,2.614010765,2.894614171,3.243006727,3.323133457
0.0921,0.041537062,0.578071736,-0.475848808,0.058384719,-0.469307098,0.063770019,0.18173144,0.220319164,0.266517516,0.295789928,0.328902519,0.337698083,1.719060526,2.070807596,2.57447336,2.853096752,3.196410352,3.277305282
0.0973,0.042486505,0.579222838,-0.474456149,0.059930427,-0.467588632,0.065534556,0.190468363,0.230953137,0.279499319,0.310298521,0.345037185,0.354353639,1.688215503,2.034307163,2.533138918,2.809536042,3.147343913,3.228870014
0.1024,0.043480109,0.580427702,-0.472997816,0.061549551,-0.465788537,0.067383396,0.199045322,0.24139758,0.292265576,0.324579721,0.360914555,0.370755544,1.656260633,1.996413624,2.490077561,2.763971213,3.095836885,3.177834813
0.1075,0.044517056,0.581685353,-0.471474924,0.063240918,-0.463908148,0.069315184,0.207456546,0.251645287,0.304807659,0.33862304,0.376523086,0.386889685,1.62327386,1.957208826,2.445358997,2.716458297,3.041921814,3.124187032
0.1126,0.045596483,0.582994764,-0.469888639,0.065003291,-0.461948882,0.071328522,0.215697053,0.261689546,0.317117382,0.352418869,0.391849836,0.402742951,1.589324471,1.916763606,2.399048076,2.667045742,2.985621795,3.067930417
0.1178,0.04671749,0.58435489,-0.468240185,0.066835375,-0.459912197,0.073421941,0.223762093,0.271524445,0.329186982,0.365957432,0.406882736,0.418301847,1.554475679,1.875160253,2.351204888,2.615779565,2.926973924,3.009071461
0.1229,0.047879193,0.585764636,-0.466530792,0.068735827,-0.457799627,0.075593946,0.231647196,0.281144569,0.341008536,0.379229808,0.421609996,0.433553694,1.518813415,1.832470939,2.301908476,2.562708434,2.866010901,2.947642132
0.128,0.049080663,0.587222897,-0.464761742,0.070703285,-0.45561275,0.077842895,0.239348401,0.290544077,0.352574724,0.392226658,0.436020535,0.448484944,1.482411865,1.788778505,2.251234262,2.507900596,2.802776618,2.883631395
0.133,0.050320939,0.588728539,-0.462934368,0.072736313,-0.453353217,0.08016712,0.246862008,0.299718168,0.363879093,0.404939052,0.450102357,0.463082471,1.445338117,1.744166154,2.199247511,2.45140879,2.737310739,2.817055599
0.1382,0.051599059,0.590280393,-0.461050013,0.074833429,-0.451022742,0.082564923,0.254185189,0.308662757,0.374914856,0.41735905,0.463843974,0.477333814,1.407667096,1.69871111,2.146032199,2.393285937,2.669652521,2.747957467
0.1433,0.052914055,0.59187729,-0.459110057,0.076993126,-0.448623074,0.085034475,0.2613148,0.317373469,0.385675848,0.429478094,0.477235063,0.491225407,1.369481031,1.65250339,2.091668146,2.333599417,2.599857167,2.676344245
0.1484,0.054264934,0.593518019,-0.457115921,0.07921386,-0.44615603,0.087573909,0.268248403,0.325846456,0.396156506,0.441288589,0.490264031,0.504744287,1.330854037,1.605620286,2.036231408,2.272418352,2.527975476,2.602243134
0.1535,0.055650677,0.595201368,-0.455069043,0.081494027,-0.443623473,0.090181293,0.274983816,0.334078701,0.406351465,0.452782863,0.502919877,0.517877842,1.291852145,1.558148828,1.97980386,2.209804025,2.454066917,2.525685221
0.1587,0.057070282,0.596926097,-0.452970898,0.083832002,-0.441027359,0.092854651,0.281519434,0.342067304,0.416255973,0.463953683,0.515193282,0.530614794,1.252555206,1.510168561,1.922463212,2.145826461,2.378170133,2.446719656
0.1638,0.058522719,0.598690957,-0.450822989,0.086226116,-0.438369634,0.095591899,0.287853922,0.349809671,0.425865869,0.474794271,0.527074407,0.542941797,1.2130299,1.461760538,1.864283326,2.080554797,2.300362419,2.36537068
0.1689,0.060006947,0.600494681,-0.448626814,0.088674664,-0.435652346,0.098390932,0.29398638,0.357304432,0.435176694,0.485298813,0.538553119,0.55484683,1.173339285,1.41300069,1.80535532,2.014055644,2.220694161,2.281692427
0.174,0.061521953,0.602336009,-0.446383909,0.091175925,-0.432877581,0.101249597,0.29991607,0.364549598,0.444184839,0.495460533,0.549620384,0.566318901,1.133564445,1.363973982,1.74576008,1.946409105,2.139223259,2.195751936
0.1791,0.063066704,0.604213664,-0.444095829,0.093728137,-0.430047422,0.104165604,0.305642733,0.371544008,0.452886999,0.505273971,0.560267245,0.577346017,1.093772416,1.314758704,1.685575818,1.877688527,2.056042641,2.107572277
0.1846,0.064640152,0.606126361,-0.441764152,0.09632951,-0.427164055,0.107136662,0.311166739,0.378286788,0.46128087,0.514734047,0.570484821,0.587916713,1.05402146,1.265429129,1.624876071,1.807968935,1.971210937,2.017216821
0.1908,0.066241263,0.608072813,-0.439390447,0.098978211,-0.424229691,0.110160426,0.316488051,0.384778056,0.46936374,0.52383593,0.580264878,0.598019966,1.014374983,1.216058412,1.563748758,1.737314461,1.884801301,1.924755481
0.1959,0.067869022,0.610051744,-0.436976302,0.101672415,-0.4212466,0.113234506,0.321607586,0.391017393,0.477133328,0.532574458,0.589599838,0.607646465,0.9749037,1.166725316,1.502275339,1.665811279,1.796877577,1.830266683
0.201,0.06952239,0.61206187,-0.434523332,0.104410262,-0.418217031,0.116356428,0.326526062,0.397004968,0.484588661,0.540945604,0.598482243,0.616784701,0.935658758,1.117500858,1.440524515,1.593538096,1.707543099,1.73381614
0.2063,0.071200333,0.614101902,-0.432033133,0.107189859,-0.415143337,0.119523669,0.331245068,0.402742116,0.491728234,0.548946339,0.606904653,0.62542485,0.89668883,1.068449507,1.378581356,1.520565327,1.616863813,1.635474655
0.2114,0.072901861,0.616170576,-0.429507313,0.110009323,-0.412027895,0.122733707,0.33576618,0.408229603,0.498550957,0.556572703,0.614860805,0.633558354,0.858062409,1.019645998,1.316523879,1.446980845,1.524912668,1.535347826
0.2165,0.074625967,0.618266614,-0.42694749,0.112866723,-0.408873058,0.125983882,0.340091173,0.41346864,0.505056641,0.563821654,0.622344493,0.641175938,0.819828073,0.971149641,1.254426024,1.372854469,1.431799327,1.433489918
0.2217,0.076371635,0.620388762,-0.424355299,0.11576013,-0.405681294,0.129271554,0.344222243,0.418460965,0.511245545,0.570690621,0.629348918,0.648268407,0.782021872,0.923026611,1.192348487,1.298263037,1.337584943,1.329999541
0.2268,0.078137897,0.622535751,-0.421732341,0.118687584,-0.40245504,0.132594025,0.348161716,0.423209017,0.517117567,0.577177817,0.635869229,0.654827668,0.744699148,0.875326178,1.130371921,1.223273733,1.242368246,1.224968488
0.2319,0.079923792,0.624706347,-0.419080231,0.121647151,-0.399196775,0.135948542,0.351911973,0.4277147,0.522673399,0.583280925,0.641901569,0.660846699,0.707907186,0.828109367,1.068564585,1.14797499,1.146239174,1.118483167
0.2371,0.081728344,0.626899331,-0.416400588,0.124636883,-0.395909002,0.139332346,0.355475799,0.431980626,0.527914567,0.588998884,0.647440285,0.666317744,0.671675423,0.781433648,1.006985873,1.072449319,1.049288613,1.010652892
0.2422,0.083550608,0.62911347,-0.413695001,0.127654785,-0.392594253,0.142742666,0.358856445,0.436010071,0.532841814,0.594330995,0.652481514,0.671235088,0.636038063,0.735339293,0.945709794,0.996754689,0.951604515,0.901605115
0.2474,0.085389667,0.631347579,-0.410965065,0.130698902,-0.389255067,0.146176631,0.362056743,0.439805831,0.537457043,0.599275992,0.657022886,0.675591921,0.601036078,0.68988067,0.884797554,0.920974437,0.853282196,0.791426314
0.2525,0.087244616,0.633600473,-0.408212375,0.133767272,-0.385894003,0.149631338,0.365080119,0.443371054,0.541762044,0.603833949,0.661060358,0.679383219,0.566702295,0.64510092,0.824302883,0.84518777,0.754415294,0.680207692
0.2576,0.089114541,0.635870986,-0.405438515,0.136857912,-0.382513639,0.153103911,0.367930125,0.446709512,0.545759695,0.608004796,0.664591184,0.682603478,0.533052167,0.60103996,0.764277324,0.769460429,0.655096247,0.568072106
0.2627,0.090998586,0.638157959,-0.402645034,0.139968826,-0.379116564,0.156591469,0.37061024,0.449825256,0.549452031,0.611789388,0.667613294,0.685249192,0.500122635,0.557727785,0.704781933,0.693847069,0.55541747,0.455157149
0.2679,0.09289589,0.640460278,-0.399833478,0.143098061,-0.375705375,0.160091013,0.373124087,0.452721698,0.55284179,0.615188091,0.670126324,0.68731639,0.467932776,0.515205489,0.645869144,0.618425017,0.455473079,0.341544409
0.273,0.09480561,0.642776835,-0.397005399,0.146243669,-0.372282668,0.163599604,0.375475377,0.455403149,0.555932656,0.61820228,0.672128037,0.68880112,0.436498535,0.473503135,0.587576874,0.543269449,0.355359654,0.227362197
0.2781,0.096726926,0.645106533,-0.3941623,0.14940366,-0.368851062,0.167114306,0.377668513,0.457874152,0.558727414,0.620833634,0.673617793,0.689701661,0.405833574,0.432640868,0.529957245,0.468424765,0.255164624,0.112752411
0.2833,0.098659047,0.64744832,-0.39130568,0.152576108,-0.365413161,0.170632097,0.379707056,0.460138559,0.561229505,0.623083316,0.674596552,0.690015153,0.375956262,0.392649981,0.473053582,0.393966947,0.154983779,-0.002188659
0.2884,0.100601199,0.649801151,-0.388437029,0.155759083,-0.361971574,0.174149952,0.381595159,0.462200963,0.563442665,0.624953874,0.675063388,0.689740884,0.346879437,0.35354823,0.416898641,0.319959739,0.054909674,-0.117359513
0.2935,0.102552605,0.652164016,-0.385557819,0.158950643,-0.35852891,0.177664895,0.383336998,0.464065958,0.565371407,0.626447425,0.675019078,0.688877613,0.318598944,0.315357717,0.361522855,0.246452588,-0.044967587,-0.23262629
0.2987,0.104512543,0.654535903,-0.382669474,0.16214885,-0.355087769,0.181173966,0.384936565,0.465738614,0.567019197,0.627567033,0.674464755,0.687425736,0.291127649,0.278083344,0.306968173,0.173485384,-0.144556544,-0.347842818
0.3038,0.106480301,0.656915851,-0.379773424,0.165351826,-0.351650749,0.184674122,0.3863979,0.467223236,0.568390283,0.628315211,0.673403448,0.68538493,0.26447082,0.241741663,0.253257916,0.101124905,-0.243770072,-0.46291494
0.3089,0.108455179,0.659302918,-0.376871058,0.168557698,-0.348220406,0.188162362,0.387725048,0.468524508,0.56948916,0.628695509,0.671835594,0.682756229,0.238626255,0.20634316,0.200424691,0.029427998,-0.342503209,-0.577725752
0.314,0.110436509,0.66169618,-0.373963759,0.171764591,-0.344799367,0.191635692,0.388922257,0.469647252,0.570320346,0.628711007,0.66976491,0.679541261,0.213594443,0.171892928,0.148485977,-0.041563266,-0.440702047,-0.692159342
0.3191,0.112423643,0.66409474,-0.371052883,0.174970648,-0.34139014,0.19509114,0.389993772,0.470596519,0.570888247,0.62836531,0.667194415,0.675743905,0.189374075,0.138393623,0.097460876,-0.111807503,-0.53825148,-0.806093977
0.3246,0.114415934,0.666497709,-0.368139775,0.178174031,-0.337995314,0.198525707,0.390943899,0.471377342,0.571198158,0.62766335,0.664127562,0.67136613,0.16595006,0.105836048,0.047356276,-0.181267028,-0.635096682,-0.919432863
0.3296,0.116412769,0.668904257,-0.365225734,0.181372941,-0.33461738,0.201936465,0.391776574,0.471994132,0.571254921,0.626608425,0.660567379,0.666410479,0.143312881,0.074227763,-0.001810691,-0.249896597,-0.731136693,-1.032049054
0.3348,0.118413592,0.671313558,-0.362312013,0.184565584,-0.33125886,0.205320514,0.392495425,0.472451925,0.571062261,0.625204753,0.656518356,0.6608819,0.121472588,0.043563887,-0.050012423,-0.317662008,-0.826302508,-1.14381018
0.3409,0.120417816,0.673724815,-0.359399905,0.187750192,-0.327922197,0.208674914,0.393104668,0.472755315,0.570625987,0.623456829,0.651985719,0.654784062,0.100408042,0.013837315,-0.09726342,-0.384529186,-0.920494145,-1.254625192
0.3459,0.122424876,0.676137237,-0.356490615,0.19092502,-0.324609874,0.21199677,0.393608409,0.472909445,0.5699507,0.621370237,0.646973868,0.648122156,0.080097183,-0.01497069,-0.143540843,-0.450467664,-1.013652845,-1.364391915
0.351,0.12443426,0.678550089,-0.353585351,0.194088362,-0.321324345,0.215283219,0.394010278,0.472918589,0.569041265,0.61894868,0.641489046,0.640901583,0.060536124,-0.042861309,-0.188844449,-0.515439807,-1.105719208,-1.473008606
0.3561,0.126445458,0.68096264,-0.350685304,0.197238511,-0.318067958,0.218531436,0.394314059,0.472787487,0.567902636,0.616197241,0.635537084,0.633130218,0.041709665,-0.069850215,-0.233178922,-0.579426283,-1.196590735,-1.580371954
0.3613,0.128457972,0.683374191,-0.347791644,0.200373823,-0.314843106,0.22173862,0.394523859,0.472520606,0.566540139,0.613121459,0.629123399,0.624812952,0.023597156,-0.095949882,-0.276555563,-0.642387222,-1.286212049,-1.686386652
0.3664,0.130471332,0.68578405,-0.344905475,0.203492621,-0.311652123,0.224902001,0.394642864,0.472122933,0.564958387,0.609726878,0.622254647,0.615956997,0.006181823,-0.121183583,-0.318960797,-0.70432056,-1.374513618,-1.790962874
0.3715,0.132485094,0.68819157,-0.34202791,0.206593311,-0.308497343,0.228018864,0.394674501,0.471598349,0.563162101,0.606018107,0.614938292,0.606571577,-0.010547344,-0.145561347,-0.360405718,-0.765192574,-1.461449094,-1.894004558
0.3766,0.134498818,0.690596114,-0.339160049,0.209674305,-0.305380975,0.231086527,0.394622316,0.470951265,0.561156642,0.602000815,0.607181557,0.596663005,-0.026611878,-0.169104815,-0.400910187,-0.824984385,-1.546919635,-1.995421757
0.3818,0.136512071,0.692997054,-0.336302919,0.212734039,-0.302305266,0.23410234,0.394489832,0.470186177,0.55894652,0.597681365,0.598991525,0.586239872,-0.042040884,-0.19184112,-0.440466166,-0.883682435,-1.630875626,-2.095135229
0.3869,0.138524465,0.695393816,-0.333457562,0.215770989,-0.299272446,0.237063698,0.394280057,0.469306762,0.556536325,0.593064159,0.590376422,0.575310958,-0.056844469,-0.213781439,-0.479089849,-0.941265642,-1.713281922,-2.19306946
0.392,0.140535615,0.697785826,-0.330624984,0.21878365,-0.296284605,0.239968053,0.393996129,0.468317022,0.553930781,0.588155219,0.581344594,0.563887285,-0.071043234,-0.234948143,-0.516794172,-0.997723084,-1.794046036,-2.289145661
0.3972,0.142545135,0.700172527,-0.327806189,0.221770568,-0.293343873,0.242812898,0.393641262,0.467220941,0.551135023,0.582960659,0.571903699,0.551976764,-0.084667627,-0.255366617,-0.553604874,-1.053029787,-1.87312733,-2.383293803
0.4023,0.144552682,0.702553376,-0.325002109,0.224730263,-0.290452314,0.245595779,0.39321804,0.466022567,0.548153309,0.577486522,0.562062453,0.539589508,-0.097731381,-0.275067199,-0.589519193,-1.10719812,-1.95047368,-2.475445064
0.4074,0.146557923,0.704927876,-0.322213706,0.227661332,-0.287611965,0.248314295,0.392729487,0.464725115,0.544989722,0.571737733,0.551830729,0.526737511,-0.110250961,-0.29406375,-0.624568086,-1.160210926,-2.026046129,-2.565534644
0.4125,0.148560523,0.707295525,-0.31944187,0.230562421,-0.284824746,0.250966095,0.392178106,0.463332003,0.541649079,0.565720971,0.541217571,0.513429898,-0.122252649,-0.312383402,-0.658753958,-1.212042716,-2.099765328,-2.653503962
0.4177,0.150560161,0.709655833,-0.316687512,0.233432156,-0.282092613,0.253548885,0.391566882,0.461847116,0.538136223,0.55944286,0.530231885,0.499677624,-0.133762422,-0.330057881,-0.692105535,-1.262699006,-2.171604023,-2.739297957
0.4228,0.15255655,0.712008357,-0.313951489,0.23626922,-0.279417463,0.256060419,0.390897982,0.460273297,0.534454664,0.552908292,0.518883956,0.485491808,-0.144793806,-0.347101808,-0.724632758,-1.312169789,-2.241532209,-2.822868045
0.428,0.154549402,0.714352647,-0.31123466,0.239072324,-0.276801091,0.258498493,0.390173791,0.458613794,0.530608342,0.546123437,0.507182961,0.470884698,-0.155367894,-0.363542475,-0.756359412,-1.360447255,-2.309490453,-2.904180819
0.4331,0.156538425,0.716688273,-0.308537857,0.241840205,-0.27424527,0.260861017,0.38939677,0.456871416,0.52660221,0.539094283,0.495139157,0.455867247,-0.165515036,-0.379404777,-0.787306129,-1.407529208,-2.375436996,-2.983174837
0.4383,0.158523367,0.719014809,-0.305861878,0.244571612,-0.27175172,0.263145956,0.388568754,0.455049544,0.52243939,0.531827627,0.4827629,0.440452353,-0.175248326,-0.394720383,-0.817486206,-1.453423083,-2.439334515,-3.059792107
0.4434,0.160503976,0.721331871,-0.303207508,0.247265369,-0.26932211,0.26535126,0.387691911,0.453150519,0.518123854,0.524328853,0.470066062,0.424651945,-0.184585668,-0.409503479,-0.846916331,-1.498112489,-2.501148481,-3.134028633
0.4485,0.162480005,0.723639074,-0.300575509,0.249920333,-0.266958053,0.267475018,0.3867681,0.451176997,0.513659595,0.516604559,0.457057922,0.408477577,-0.193549429,-0.423778243,-0.875610164,-1.541579478,-2.560844217,-3.205833882
0.4537,0.164451212,0.725936043,-0.29796666,0.252535325,-0.264661113,0.269515348,0.385799576,0.449131508,0.509050479,0.508661229,0.443749459,0.391941915,-0.202163552,-0.437568412,-0.903605015,-1.583847093,-2.618393459,-3.275183527
0.4588,0.166417395,0.728222414,-0.295381645,0.255109287,-0.262432761,0.271470478,0.384787496,0.447016355,0.504299073,0.500503926,0.430152459,0.37505833,-0.21043218,-0.450899805,-0.930890016,-1.624885999,-2.673749443,-3.342028413
0.4639,0.168378316,0.730497837,-0.292821228,0.257641137,-0.260274472,0.273338632,0.383734153,0.444834025,0.4994099,0.492139935,0.416277416,0.357838787,-0.218388243,-0.463795112,-0.957512531,-1.66469902,-2.726901798,-3.406364247
0.469,0.170333762,0.732761965,-0.290286088,0.260129796,-0.258187634,0.275118124,0.382640988,0.442586976,0.494386628,0.483575455,0.402135838,0.34029623,-0.226051195,-0.476283103,-0.983480943,-1.703307375,-2.777825938,-3.468173654
0.4744,0.172283557,0.735014482,-0.287776878,0.262574273,-0.256173606,0.276807357,0.381508874,0.440276738,0.489231258,0.474816044,0.387739412,0.322444945,-0.233423763,-0.488377542,-1.008794631,-1.740699148,-2.826516057,-3.527430546
0.4796,0.1742275,0.737255081,-0.285294275,0.264973597,-0.2542336,0.278404777,0.380339646,0.437905275,0.483947677,0.465867921,0.37309988,0.304296749,-0.240527862,-0.500094646,-1.033480087,-1.776868397,-2.872916674,-3.584123768
0.485,0.176165388,0.739483445,-0.282838938,0.267326821,-0.25236886,0.279908896,0.379134814,0.435474447,0.478539754,0.456738451,0.358228299,0.285864529,-0.247388821,-0.511459662,-1.057558774,-1.811815196,-2.917028986,-3.63824681
0.4902,0.178097059,0.741699266,-0.280411485,0.269633032,-0.250580563,0.281318302,0.377895398,0.432986497,0.473009738,0.447432848,0.343136756,0.267161731,-0.25401177,-0.522498852,-1.081039267,-1.845537214,-2.958851973,-3.689788308
0.4953,0.180022335,0.743902267,-0.278012537,0.271891346,-0.248869749,0.282631666,0.376622466,0.430442544,0.467360743,0.437957662,0.32783735,0.248202691,-0.26041382,-0.533223065,-1.103937589,-1.878035713,-2.99833967,-3.738732547
0.5003,0.181941041,0.746092174,-0.275642706,0.274100934,-0.247237471,0.283847701,0.375317508,0.427844161,0.461596091,0.428319478,0.31234137,0.228999426,-0.266613447,-0.543645488,-1.126275553,-1.909296619,-3.035495421,-3.785078474
0.5054,0.183853027,0.748268696,-0.273302544,0.276260944,-0.245684708,0.28496519,0.373981029,0.425193326,0.455718458,0.418524454,0.29666062,0.209565182,-0.272616374,-0.553794918,-1.148044447,-1.939340007,-3.07031377,-3.828828855
0.511,0.185758131,0.750431578,-0.270992637,0.278370609,-0.244212389,0.285983005,0.372614094,0.422490896,0.449730489,0.408578416,0.280807519,0.189914459,-0.278437978,-0.563679788,-1.169264491,-1.968155091,-3.102801088,-3.869972188
0.5161,0.187656204,0.752580561,-0.268713544,0.280429176,-0.242821318,0.28690006,0.371217706,0.419738182,0.443634847,0.398487532,0.264794344,0.170059501,-0.284087778,-0.573315739,-1.189947986,-1.995739395,-3.132926146,-3.90851817
0.5212,0.189547084,0.754715396,-0.266465818,0.282435926,-0.241512315,0.287715349,0.369792894,0.416936522,0.437434742,0.388259108,0.248632275,0.150013245,-0.289586445,-0.582714987,-1.210110648,-2.022091923,-3.160707488,-3.944467858
0.5263,0.19143064,0.756835817,-0.264249961,0.284390164,-0.24028612,0.288427931,0.368340016,0.414087368,0.431132851,0.377898595,0.232333756,0.129789331,-0.294934725,-0.591903055,-1.229744559,-2.047216616,-3.186154537,-3.977826313
0.5314,0.193306734,0.7589416,-0.262066499,0.286291236,-0.239143349,0.289036948,0.366860017,0.411191583,0.424731527,0.367412157,0.215910963,0.109401905,-0.300142767,-0.600882536,-1.248863257,-2.071111693,-3.20924181,-4.008591035
0.5366,0.195175213,0.76103251,-0.259915943,0.288138532,-0.238084644,0.289541582,0.365353772,0.408250201,0.418233672,0.356806706,0.199375139,0.088863128,-0.305229319,-0.609665283,-1.267479342,-2.093767745,-3.229998573,-4.036778217
0.5417,0.197035956,0.763108301,-0.257798755,0.289931426,-0.237110546,0.289941094,0.363821587,0.405264378,0.411641878,0.346088195,0.182738457,0.068186122,-0.310195547,-0.618271878,-1.285582079,-2.115207206,-3.248432936,-4.062397007
0.5468,0.198888836,0.765168761,-0.255715419,0.291669368,-0.236221555,0.290234831,0.362264164,0.402234697,0.404958426,0.335262742,0.166012911,0.047385015,-0.315047192,-0.626705174,-1.303182236,-2.135424282,-3.264567411,-4.085446671
0.5519,0.200733722,0.767213667,-0.253666397,0.293351832,-0.235418057,0.290422175,0.360681959,0.399162015,0.398185872,0.324336478,0.149210765,0.026471833,-0.319794279,-0.634975039,-1.320282755,-2.154419003,-3.278394613,-4.105947197
0.557,0.202570477,0.769242803,-0.251652153,0.29497833,-0.234700433,0.290502588,0.359075778,0.39604735,0.39132694,0.313316465,0.13234299,0.00545975,-0.324450889,-0.643090325,-1.336895277,-2.172188651,-3.289944484,-4.123910998
0.5621,0.204398988,0.771255945,-0.249673096,0.296548382,-0.234069007,0.290475594,0.357445872,0.392891552,0.384384358,0.302208099,0.11542133,-0.015638439,-0.329018234,-0.651066114,-1.353005676,-2.188745896,-3.299248048,-4.139353868
0.5673,0.20621914,0.773252889,-0.247729659,0.298061562,-0.233523984,0.29034081,0.355792792,0.38969522,0.377360362,0.291017769,0.098457751,-0.036808955,-0.333499606,-0.658907057,-1.368621226,-2.204090355,-3.306306437,-4.152276824
0.5724,0.208030802,0.775233438,-0.245822258,0.299517485,-0.233065584,0.29009788,0.354117047,0.386459035,0.370257668,0.279752084,0.081462973,-0.058039828,-0.337907324,-0.666614865,-1.383746207,-2.218216755,-3.311165313,-4.162703666
0.5775,0.209833866,0.777197378,-0.243951271,0.300915752,-0.232693938,0.28974653,0.352418903,0.383183746,0.363079014,0.268416893,0.064448139,-0.079318369,-0.342243482,-0.67420272,-1.398369056,-2.231147454,-3.31385443,-4.170650397
0.5827,0.21162822,0.779144515,-0.242117106,0.302256025,-0.232409123,0.289286566,0.35069862,0.379869648,0.355826105,0.25701807,0.04742433,-0.100631123,-0.346510029,-0.681673714,-1.412502934,-2.242889353,-3.314408725,-4.176122984
0.5878,0.213413749,0.781074654,-0.240320109,0.303537998,-0.232211127,0.288717829,0.348956637,0.376517735,0.348502299,0.245561562,0.030403109,-0.121966154,-0.350713399,-0.689032704,-1.426131164,-2.253448399,-3.312845268,-4.179147483
0.593,0.215190345,0.782987606,-0.238560651,0.304761411,-0.232099941,0.288040229,0.347193473,0.373128472,0.341109952,0.234054226,0.013394421,-0.143311034,-0.354856786,-0.696281149,-1.439260267,-2.262823318,-3.309218083,-4.179746699
0.5981,0.216957898,0.78488317,-0.236839076,0.305925976,-0.232075473,0.287253755,0.345409223,0.369702292,0.333651411,0.222500988,-0.003591311,-0.164653635,-0.358943031,-0.703430063,-1.451887172,-2.271048495,-3.303567728,-4.177934776
0.6032,0.218716302,0.786761173,-0.235155715,0.307031521,-0.23213755,0.286358467,0.343604169,0.366239816,0.326129453,0.210908674,-0.020543112,-0.185980862,-0.362974916,-0.710475319,-1.464008542,-2.27810829,-3.295919306,-4.173720948
0.6083,0.220465449,0.788621421,-0.233510871,0.308077834,-0.232286029,0.285354432,0.341778681,0.362741552,0.318546993,0.199282642,-0.037452324,-0.207281606,-0.366957227,-0.717424428,-1.4756128,-2.284031748,-3.286350209,-4.167149782
0.6134,0.222205233,0.790463729,-0.231904864,0.309064759,-0.232520639,0.284241859,0.339933004,0.359207876,0.310906243,0.187628762,-0.054308513,-0.228542809,-0.3708919,-0.724282188,-1.486705458,-2.288830145,-3.274892273,-4.158217791
0.6185,0.223935554,0.792287927,-0.230337975,0.309992167,-0.232841058,0.283020981,0.338067379,0.355639261,0.303209834,0.175952624,-0.071101517,-0.249752481,-0.374780623,-0.731045819,-1.497277829,-2.292520959,-3.261580393,-4.146945392
0.6237,0.22565631,0.794093837,-0.228810491,0.310859983,-0.23324697,0.281692046,0.336182035,0.352036388,0.295460418,0.164260492,-0.087822775,-0.270899833,-0.378624863,-0.737716792,-1.507331012,-2.295105148,-3.246483608,-4.133379667
0.6288,0.227367401,0.795881281,-0.227322657,0.311668118,-0.233737987,0.280255429,0.334277197,0.348399618,0.287661088,0.152557422,-0.104463325,-0.291972577,-0.382425883,-0.744298535,-1.516850946,-2.2966117,-3.229656945,-4.117530078
0.634,0.229068728,0.797650089,-0.225874738,0.312416532,-0.234313645,0.278711557,0.332353081,0.344729404,0.27981414,0.140848864,-0.121013722,-0.31295869,-0.386184756,-0.750791852,-1.525843249,-2.297059338,-3.211139364,-4.099410558
0.6391,0.230760193,0.799400094,-0.224466971,0.31310523,-0.234973492,0.277060885,0.3304099,0.341026305,0.271922273,0.129140713,-0.137466253,-0.333847093,-0.389902387,-0.757194667,-1.534304516,-2.296455143,-3.191005903,-4.079055535
0.6447,0.2324417,0.801131122,-0.22309956,0.313734204,-0.235717004,0.275303938,0.328447863,0.337290564,0.263988639,0.117437628,-0.153812722,-0.354626451,-0.393579531,-0.763512107,-1.54222128,-2.294834468,-3.169314589,-4.05649119
0.6499,0.234113152,0.802843012,-0.221772724,0.314303491,-0.23654362,0.27344132,0.326467174,0.333522726,0.2560157,0.105744736,-0.17004534,-0.375285129,-0.397216805,-0.769741855,-1.549597356,-2.292220072,-3.146127373,-4.031734402
0.6552,0.235774457,0.804535601,-0.220486661,0.314813157,-0.237452715,0.27147366,0.324468036,0.329723236,0.24800611,0.094067045,-0.186155984,-0.395812341,-0.400814707,-0.775883684,-1.556432599,-2.288635984,-3.121492115,-4.004820072
0.6605,0.237425518,0.806208732,-0.219241551,0.315263318,-0.238443678,0.269401654,0.322450648,0.325892655,0.239962632,0.08241009,-0.202138194,-0.416197268,-0.404373632,-0.781934567,-1.562725028,-2.284091928,-3.095489817,-3.975779859
0.6656,0.239066245,0.807862241,-0.218037541,0.315654065,-0.239515832,0.267226059,0.320415209,0.32203123,0.231888477,0.070778051,-0.217985056,-0.436429035,-0.407893881,-0.787898752,-1.568462832,-2.278628092,-3.068183822,-3.944641702
0.6708,0.240696542,0.809495968,-0.216874804,0.315985542,-0.240668445,0.264947696,0.318361805,0.318139501,0.223786137,0.059175657,-0.233689435,-0.456496695,-0.41137827,-0.793778023,-1.573656616,-2.272269322,-3.039625175,-3.911429285
0.676,0.242316321,0.81110977,-0.21575347,0.316257934,-0.241900803,0.262567411,0.316290727,0.314218025,0.215658293,0.047607947,-0.249245875,-0.476390186,-0.414824671,-0.799563973,-1.578303474,-2.265030887,-3.009897537,-3.876184757
0.681,0.243925492,0.812703493,-0.214673647,0.316471402,-0.243212129,0.260086128,0.31420217,0.310267172,0.207508169,0.036078683,-0.264648369,-0.496099014,-0.418233219,-0.80525783,-1.582393403,-2.25695603,-2.979063767,-3.838937133
0.6862,0.245523965,0.814276982,-0.213635457,0.31662615,-0.244601633,0.257504823,0.312096421,0.306287403,0.199338171,0.02459215,-0.279891665,-0.515612831,-0.421606325,-0.810863282,-1.585936625,-2.248077369,-2.947196888,-3.799716158
0.6913,0.24711165,0.815830096,-0.212638999,0.31672241,-0.246068458,0.254824496,0.309973664,0.302279184,0.191151179,0.013152271,-0.294969907,-0.534921799,-0.424943799,-0.816374134,-1.588937159,-2.238423522,-2.91434738,-3.758569875
0.6964,0.248688466,0.817362694,-0.211684348,0.316760455,-0.247611778,0.252046227,0.307833983,0.298243207,0.182949858,0.001763574,-0.309878907,-0.554016278,-0.428243137,-0.821788712,-1.591394923,-2.228010957,-2.880597306,-3.715528392
0.7015,0.250254323,0.818874629,-0.210771558,0.316740528,-0.249230716,0.249171136,0.305677669,0.294179653,0.174737502,-0.009570501,-0.324614247,-0.572886494,-0.431506721,-0.82710783,-1.593305182,-2.216888166,-2.846014648,-3.670630397
0.7066,0.251809133,0.820365756,-0.209900702,0.316662923,-0.250924352,0.246200399,0.303505001,0.290089205,0.166516448,-0.020846404,-0.339171197,-0.591523068,-0.434736665,-0.832334826,-1.594685878,-2.205082631,-2.810651466,-3.623910767
0.7117,0.253352813,0.821835953,-0.20907181,0.316527967,-0.252691799,0.243135219,0.301315948,0.285972364,0.158289398,-0.032060396,-0.35354661,-0.60991673,-0.437932811,-0.837458042,-1.595536794,-2.192614558,-2.77459343,-3.57541782
0.7168,0.254885287,0.823285073,-0.208284885,0.316335947,-0.254532118,0.239976849,0.299110692,0.281829638,0.150059379,-0.043209751,-0.367737004,-0.628058761,-0.441090412,-0.842485338,-1.595850813,-2.179539035,-2.737904125,-3.525198959
0.7219,0.256406465,0.824712987,-0.20753996,0.316087205,-0.256444362,0.236726615,0.296889624,0.277661425,0.141828872,-0.054291348,-0.381739228,-0.645940337,-0.444214249,-0.847412452,-1.595648398,-2.16588758,-2.700650869,-3.473285996
0.7271,0.257916268,0.826119575,-0.20683703,0.315782093,-0.258427531,0.233385852,0.294652917,0.273468252,0.133600495,-0.065302338,-0.395550107,-0.663552957,-0.447303969,-0.852232796,-1.594936467,-2.151694312,-2.662877169,-3.419733972
0.7321,0.259414624,0.827504708,-0.206176075,0.315421012,-0.260480674,0.229955959,0.292400552,0.269250972,0.125376524,-0.076239583,-0.4091674,-0.680888163,-0.450354635,-0.856946665,-1.59372079,-2.136973363,-2.624664069,-3.364584312
0.7372,0.260901438,0.828868253,-0.205557056,0.315004307,-0.262602801,0.22643837,0.290132908,0.265010012,0.117160339,-0.08710084,-0.422589225,-0.69793783,-0.453376016,-0.861558953,-1.59200485,-2.121780288,-2.586072152,-3.307886672
0.7423,0.262376636,0.830210089,-0.204979943,0.314532381,-0.264792876,0.222834572,0.287850246,0.260745895,0.108954036,-0.097883777,-0.43581334,-0.714694476,-0.456365301,-0.866067382,-1.589807083,-2.106144077,-2.547140566,-3.249682442
0.7474,0.263840138,0.83153012,-0.204444681,0.314005666,-0.267049919,0.219146057,0.285552619,0.256459086,0.100760046,-0.108585866,-0.448838415,-0.731150473,-0.459324653,-0.870457598,-1.587137528,-2.09008089,-2.507945521,-3.190034045
0.7525,0.265291884,0.832828211,-0.20395117,0.313424545,-0.269372916,0.215374388,0.283240001,0.252150265,0.092580895,-0.119205379,-0.461663149,-0.747298369,-0.462244469,-0.874739695,-1.583989753,-2.073645688,-2.468544365,-3.128987535
0.7576,0.266731787,0.834104252,-0.203499364,0.312789438,-0.27176085,0.211521164,0.280912883,0.247819988,0.084418738,-0.129740405,-0.474286639,-0.763131453,-0.465132156,-0.878911416,-1.580394874,-2.056873781,-2.428994827,-3.066587747
0.7627,0.268159764,0.835358147,-0.203089165,0.312100784,-0.27421265,0.207587998,0.278571415,0.243468534,0.076275931,-0.140189407,-0.486708088,-0.778642672,-0.467992308,-0.882963615,-1.576362863,-2.039795207,-2.389320615,-3.002895164
0.7679,0.269575759,0.836589782,-0.202720456,0.311359065,-0.276727319,0.203576539,0.276215352,0.239097122,0.068154383,-0.150550538,-0.498927143,-0.793825373,-0.470815452,-0.886898977,-1.571899794,-2.022419613,-2.349592081,-2.937968068
0.773,0.270979689,0.837799048,-0.202393123,0.310564685,-0.279303825,0.199488486,0.273845281,0.234706136,0.060057077,-0.160822532,-0.510943644,-0.808673593,-0.473606826,-0.890719665,-1.567019022,-2.004804605,-2.309855373,-2.871855823
0.7781,0.272371485,0.838985847,-0.202107058,0.309718108,-0.281941099,0.195325573,0.271461363,0.230296167,0.051985566,-0.171004343,-0.522757505,-0.823181717,-0.476366246,-0.894423302,-1.561746313,-1.986978011,-2.270132074,-2.80460677
0.7833,0.273751072,0.840150108,-0.201862123,0.308819836,-0.284638148,0.191089536,0.269063859,0.22586765,0.043942017,-0.181094699,-0.534368961,-0.837343597,-0.479095878,-0.89799315,-1.556096226,-1.968944721,-2.230487562,-2.736284247
0.7884,0.275118396,0.84129171,-0.201658135,0.307870298,-0.287393944,0.186782152,0.266652535,0.221421538,0.035928271,-0.191092887,-0.545778623,-0.851153802,-0.481786087,-0.901444144,-1.550061695,-1.950757603,-2.190962809,-2.666946388
0.7936,0.276473372,0.842410569,-0.20149497,0.306869973,-0.290207453,0.182405242,0.26422777,0.216958345,0.027946198,-0.20099818,-0.556986975,-0.864607891,-0.484447071,-0.904771433,-1.543677776,-1.932439487,-2.151588808,-2.596640186
0.7986,0.277815936,0.843506614,-0.201372469,0.305819329,-0.293077613,0.177960624,0.261789824,0.212478322,0.019997528,-0.210809786,-0.567994919,-0.877700575,-0.487076391,-0.907963586,-1.536965248,-1.914021743,-2.112376657,-2.525430145
0.8037,0.279146032,0.844579755,-0.201290435,0.304718886,-0.296003445,0.173450148,0.259338567,0.207982765,0.01208352,-0.220527199,-0.578803421,-0.890427293,-0.489666985,-0.911023593,-1.529926262,-1.895505022,-2.073381343,-2.453375202
0.8088,0.280463578,0.845629902,-0.201248689,0.303569077,-0.298983929,0.168875688,0.256874377,0.203472235,0.004206717,-0.23015005,-0.589413345,-0.902783989,-0.492229018,-0.913956253,-1.522579665,-1.876942601,-2.034627857,-2.380534353
0.8139,0.2817685,0.846656988,-0.201247076,0.302370388,-0.302018043,0.164239159,0.254397797,0.198947398,-0.003631416,-0.239678261,-0.599826786,-0.914767283,-0.494766951,-0.916754357,-1.514965325,-1.858354944,-1.996131889,-2.306952655
0.819,0.283060755,0.847660962,-0.201285355,0.301123347,-0.305104785,0.159542469,0.251908265,0.19440867,-0.011430411,-0.249111589,-0.610044089,-0.926372733,-0.497268561,-0.919403821,-1.507073219,-1.839736852,-1.957915935,-2.232691609
0.8241,0.284340277,0.848641721,-0.201363327,0.299828394,-0.308243175,0.154787546,0.249405962,0.189856555,-0.019189007,-0.258450102,-0.620066962,-0.937597026,-0.499734781,-0.921923068,-1.498924152,-1.821135616,-1.92000849,-2.157811223
0.8294,0.285606977,0.849599209,-0.20148082,0.298485966,-0.311432235,0.149976332,0.246891647,0.185292145,-0.026904767,-0.267693901,-0.629897239,-0.948437363,-0.502180365,-0.924305882,-1.490559484,-1.802597324,-1.882431116,-2.082371304
0.8345,0.286860823,0.850533373,-0.201637574,0.297096637,-0.314670977,0.145110823,0.244364957,0.180716358,-0.034577804,-0.276843216,-0.639536423,-0.958890471,-0.504588136,-0.92654534,-1.481971717,-1.784086056,-1.845193081,-2.00640861
0.8396,0.288101741,0.851444147,-0.201833368,0.295660834,-0.31795844,0.140192976,0.241826372,0.176129713,-0.042205998,-0.285898207,-0.648986288,-0.96895406,-0.506965615,-0.928644393,-1.473178023,-1.76565006,-1.808310697,-1.929990484
0.8447,0.289329665,0.852331476,-0.202067986,0.294179041,-0.321293632,0.1352248,0.239275939,0.17153282,-0.049788776,-0.294859392,-0.658249239,-0.978626838,-0.509315114,-0.930604077,-1.464204367,-1.747302035,-1.771774193,-1.853157939
0.8498,0.290544536,0.853195335,-0.2023412,0.292651785,-0.324675618,0.130208283,0.236713801,0.166926334,-0.05732537,-0.303727181,-0.667326056,-0.987905918,-0.51163663,-0.932406235,-1.455069891,-1.729026601,-1.735600152,-1.775970486
0.8549,0.29174631,0.854035655,-0.20265273,0.291079495,-0.328103466,0.125145439,0.234139918,0.162311229,-0.064814942,-0.312501944,-0.676218926,-0.996789412,-0.513920617,-0.934064431,-1.445766717,-1.710863088,-1.699799399,-1.698477608
0.86,0.292934912,0.854852397,-0.203002376,0.289462642,-0.331576244,0.120038299,0.231554664,0.157688146,-0.072256734,-0.321184388,-0.684929757,-1.005277,-0.516177037,-0.935575068,-1.436335517,-1.692825038,-1.664373629,-1.620721389
0.8652,0.294110288,0.855645514,-0.203389893,0.287801698,-0.335092987,0.114888874,0.228958286,0.153057827,-0.079650134,-0.32977507,-0.693460811,-1.013366351,-0.518403168,-0.936942169,-1.426792151,-1.674919869,-1.629298461,-1.542757161
0.8702,0.295272394,0.856414999,-0.203815009,0.286097174,-0.338652816,0.109699195,0.226350652,0.148420947,-0.086994985,-0.338274725,-0.701813511,-1.021056629,-0.520591622,-0.938148005,-1.417137982,-1.65712924,-1.594591391,-1.464632489
0.8753,0.296421158,0.857160797,-0.204277476,0.284349484,-0.342254833,0.104471303,0.223732133,0.143778497,-0.094289841,-0.34668403,-0.709989735,-1.028347019,-0.522752199,-0.939206605,-1.407390318,-1.639489854,-1.560252692,-1.386388474
0.8804,0.297556523,0.857882878,-0.204777057,0.282559087,-0.345898116,0.099207248,0.221102872,0.139131123,-0.101534903,-0.355003773,-0.717992024,-1.035238133,-0.524884604,-0.940119769,-1.39757286,-1.622007832,-1.526259736,-1.308061008
0.8855,0.298678436,0.858581246,-0.2053135,0.280726485,-0.349581797,0.093909054,0.218463014,0.134479506,-0.108729755,-0.363234695,-0.725821121,-1.041728444,-0.526988535,-0.940870161,-1.387702154,-1.604658741,-1.492614592,-1.22970118
0.8908,0.299786858,0.859255862,-0.205886508,0.278852083,-0.35330501,0.08857877,0.215812523,0.129824549,-0.115874096,-0.371377559,-0.733479101,-1.047817777,-0.529054141,-0.941469908,-1.377767133,-1.587475611,-1.459314268,-1.151344239
0.8961,0.30088172,0.859906702,-0.206495863,0.276936334,-0.357066879,0.083218449,0.213151777,0.125167008,-0.122967694,-0.379433205,-0.74096768,-1.053507557,-0.531091078,-0.941923813,-1.367804989,-1.570456093,-1.426342475,-1.073020297
0.9011,0.301962971,0.86053376,-0.207141307,0.274979674,-0.360866511,0.07783012,0.210480921,0.120507736,-0.130010442,-0.387402278,-0.748288866,-1.058796728,-0.533098908,-0.942229416,-1.357827834,-1.553606334,-1.393667365,-0.994772174
0.9062,0.30303057,0.861137052,-0.207822579,0.27298259,-0.364703089,0.072415825,0.207799817,0.11584732,-0.137002293,-0.395285777,-0.755443569,-1.06368576,-0.535070243,-0.942372343,-1.347847204,-1.536897192,-1.361294579,-0.916631585
0.9113,0.304084458,0.86171655,-0.208539379,0.270945472,-0.368575771,0.066977603,0.205109047,0.111186551,-0.143943195,-0.403084588,-0.762433402,-1.068175071,-0.537009735,-0.942367981,-1.33784951,-1.520355136,-1.329210755,-0.838627979
0.9164,0.305124579,0.862272252,-0.209291485,0.26886875,-0.372483689,0.061517499,0.202408765,0.106526275,-0.15083304,-0.410799355,-0.769260362,-1.072266955,-0.538921461,-0.942219541,-1.327866746,-1.503978646,-1.297380417,-0.760783216
0.9215,0.306150892,0.862804188,-0.210078639,0.266752896,-0.376426039,0.056037533,0.19969892,0.101867165,-0.157672036,-0.41843095,-0.775924917,-1.075961076,-0.540799986,-0.941910863,-1.317910628,-1.487738276,-1.265801058,-0.683129735
0.9266,0.30716336,0.863312344,-0.210900543,0.264598286,-0.380401999,0.050539728,0.196979598,0.097210204,-0.164460281,-0.425980025,-0.782428406,-1.079258373,-0.542637807,-0.941457612,-1.307965393,-1.471657491,-1.234456131,-0.605693703
0.9317,0.308161921,0.863796732,-0.211756975,0.26240534,-0.384410747,0.045026112,0.194251189,0.092555921,-0.171198009,-0.433447589,-0.788772073,-1.082161331,-0.544444346,-0.940860965,-1.29806111,-1.455732218,-1.203323783,-0.528491139
0.9368,0.309146528,0.864257363,-0.21264768,0.260174468,-0.388451443,0.03949869,0.191513853,0.087905139,-0.177885351,-0.440834122,-0.794957422,-1.084669772,-0.546218948,-0.940124932,-1.288207557,-1.439960069,-1.172367681,-0.45154816
0.9419,0.310117147,0.864694285,-0.213572404,0.257906129,-0.39252331,0.033959478,0.188767465,0.083258507,-0.184522584,-0.44814052,-0.800984627,-1.086785052,-0.547954015,-0.939234165,-1.27841129,-1.42430609,-1.141584885,-0.37487721
0.9471,0.311073725,0.865107498,-0.21453085,0.255600686,-0.396625542,0.028410469,0.186012625,0.078616976,-0.191109952,-0.455367544,-0.806854517,-1.088508611,-0.549654007,-0.938205142,-1.268653709,-1.408791343,-1.110953957,-0.298498609
0.9522,0.312016205,0.865497029,-0.215522821,0.253258541,-0.400757332,0.022853636,0.183249695,0.073981042,-0.197647342,-0.462515887,-0.812568004,-1.089842728,-0.55132745,-0.937039858,-1.258973641,-1.393409601,-1.080448558,-0.222439163
0.9573,0.312944564,0.865862917,-0.216548028,0.250880121,-0.404917894,0.01729099,0.180478127,0.069351817,-0.204136028,-0.469585555,-0.818125385,-1.090788301,-0.552961575,-0.935735369,-1.249353689,-1.37813871,-1.050054251,-0.146694622
0.9624,0.313858767,0.866205201,-0.217606203,0.248465826,-0.4091064,0.011724531,0.177698336,0.064729294,-0.210575784,-0.476578013,-0.823527833,-1.09134775,-0.554551616,-0.934291766,-1.239786089,-1.362968706,-1.019727661,-0.071261592
0.9675,0.314758756,0.866523905,-0.218697137,0.246016022,-0.413322087,0.006156199,0.17491073,0.060114461,-0.216966948,-0.483493287,-0.828775171,-1.091523346,-0.556106884,-0.932719651,-1.230298344,-1.347909342,-0.989464725,0.003833768
0.9726,0.315644493,0.866819067,-0.21982058,0.243531101,-0.417564142,0.000587954,0.172115488,0.055508065,-0.22331003,-0.49033192,-0.833868248,-1.09131529,-0.557626624,-0.931024394,-1.22089057,-1.332952313,-0.959229707,0.078585241
0.9777,0.31651594,0.867090743,-0.220976286,0.241011479,-0.421831824,-0.004978256,0.169312793,0.050911052,-0.229605238,-0.497093963,-0.838805993,-1.090725457,-0.559110105,-0.929201254,-1.211564655,-1.318073898,-0.929030188,0.152985071
0.9828,0.317373062,0.867338979,-0.222163992,0.238457518,-0.426124291,-0.010540483,0.166502941,0.046323754,-0.235852652,-0.503780447,-0.843589581,-1.089755543,-0.560554024,-0.927255456,-1.202309017,-1.303279833,-0.89881269,0.227031725
0.988,0.318215818,0.867563832,-0.223383481,0.235869627,-0.43044078,-0.016096832,0.163685821,0.041746389,-0.242053079,-0.510392157,-0.848218083,-1.088408134,-0.561960257,-0.925186,-1.193138562,-1.288547749,-0.868570864,0.300699545
0.9931,0.319044186,0.867765353,-0.224634494,0.233248189,-0.434780503,-0.021645338,0.160861542,0.03718029,-0.248207439,-0.516928359,-0.852691633,-1.086684587,-0.563321438,-0.922998945,-1.18404201,-1.273869021,-0.838285748,0.374012525
0.9982,0.31985812,0.867943592,-0.225916791,0.230593571,-0.439142665,-0.027184068,0.158030731,0.032625625,-0.254315177,-0.523389738,-0.857009849,-1.084587199,-0.564641998,-0.920702515,-1.175016804,-1.259243915,-0.807934176,0.446980982
1.0033,0.320657585,0.868098604,-0.227230162,0.227906145,-0.443526451,-0.032711179,0.155193491,0.02808304,-0.260377104,-0.529776556,-0.86117292,-1.08211793,-0.565923505,-0.918303068,-1.16607633,-1.244668398,-0.777481854,0.519566395
1.0084,0.321442559,0.868230472,-0.228574369,0.225186319,-0.447931091,-0.038224747,0.152349732,0.023552771,-0.266393745,-0.536089515,-0.865179911,-1.079277861,-0.567158291,-0.915792706,-1.157217154,-1.230117204,-0.746924543,0.591788126
1.0134,0.322212998,0.868339245,-0.229949167,0.222434441,-0.452355775,-0.043722843,0.149499981,0.019035553,-0.272365898,-0.542328455,-0.869029704,-1.076067958,-0.568353355,-0.913185785,-1.14842884,-1.215599697,-0.716235238,0.663673228
1.0185,0.322968872,0.868424986,-0.23135435,0.219650901,-0.456799683,-0.049203635,0.146644444,0.014531964,-0.278293441,-0.548493406,-0.872722374,-1.072492365,-0.569507954,-0.910489029,-1.13972249,-1.201100412,-0.68538541,0.735195926
1.0237,0.323710149,0.868487794,-0.232789683,0.216836086,-0.461262045,-0.054665251,0.14378322,0.010042391,-0.284176774,-0.554584936,-0.876256697,-1.068551479,-0.570623968,-0.907689695,-1.131091126,-1.186604646,-0.654376949,0.806361404
1.0288,0.324436819,0.868527718,-0.234254909,0.213990375,-0.465742038,-0.060105824,0.140916434,0.00556731,-0.290016223,-0.560602016,-0.879631491,-1.064247105,-0.571688893,-0.904807016,-1.122512809,-1.172104535,-0.623184488,0.877177002
1.0339,0.325148839,0.868544829,-0.235749842,0.211114129,-0.470238842,-0.065523526,0.138044528,0.00110723,-0.295812211,-0.566545039,-0.882845868,-1.059582485,-0.572712087,-0.901847923,-1.114007012,-1.157601407,-0.591787925,0.947633572
1.0389,0.325846179,0.868539203,-0.23727426,0.208207721,-0.47475163,-0.070916511,0.135167609,-0.003337676,-0.301565102,-0.572414079,-0.885899555,-1.054558002,-0.573695443,-0.898817146,-1.105571125,-1.143090254,-0.560166563,1.0177366
1.0441,0.32652883,0.868510948,-0.238827949,0.20527157,-0.479279581,-0.076282946,0.132285698,-0.00776691,-0.307275148,-0.578209014,-0.888790449,-1.049175341,-0.574629065,-0.895702486,-1.097204743,-1.128539619,-0.528307513,1.087491017
1.0495,0.327196764,0.868460117,-0.240410651,0.202306014,-0.483821871,-0.081621004,0.129399353,-0.012179995,-0.312942635,-0.583929688,-0.89151731,-1.043436373,-0.575515134,-0.892525702,-1.088880293,-1.113967242,-0.496199737,1.15690151
1.0548,0.327849942,0.868386797,-0.242022186,0.199311436,-0.488377631,-0.086928891,0.126508791,-0.016576725,-0.318567925,-0.589575864,-0.894079301,-1.037344312,-0.576362763,-0.889289006,-1.080616655,-1.099364185,-0.4638115,1.225958108
1.0599,0.328488356,0.868291096,-0.243662339,0.196288236,-0.492946054,-0.092204797,0.123614128,-0.020956767,-0.324151323,-0.595147855,-0.89647491,-1.030899613,-0.577164121,-0.885982513,-1.072410753,-1.084712678,-0.431151375,1.294667324
1.0657,0.329111997,0.868173071,-0.245330861,0.193236794,-0.49752627,-0.097446923,0.120715515,-0.025319719,-0.329692954,-0.600644576,-0.898702281,-1.024103938,-0.577911658,-0.882627938,-1.064237311,-1.070007115,-0.398196125,1.363032105
1.0708,0.329720829,0.868032815,-0.247027575,0.190157477,-0.502117421,-0.102653504,0.117813407,-0.029665443,-0.335193136,-0.606066174,-0.900759984,-1.016960508,-0.578614784,-0.879227406,-1.056115004,-1.055251474,-0.36493502,1.431040701
1.0759,0.330314832,0.867870416,-0.248752276,0.187050667,-0.506718634,-0.107822755,0.114907925,-0.033993717,-0.340652023,-0.611412283,-0.902647239,-1.009469795,-0.579275451,-0.875785615,-1.048042948,-1.040443232,-0.331351893,1.498697538
1.081,0.330894,0.867685988,-0.250504745,0.183916784,-0.51132903,-0.112952901,0.111998995,-0.038304305,-0.346070057,-0.61668267,-0.904361554,-1.001633585,-0.57988641,-0.872292525,-1.040013157,-1.02555581,-0.297436112,1.566005515
1.0861,0.331458314,0.867479593,-0.252284742,0.18075618,-0.515947729,-0.118042188,0.109087378,-0.042596899,-0.351447191,-0.621876874,-0.905901107,-0.993453567,-0.580449935,-0.868769636,-1.032003013,-1.010607014,-0.263178892,1.63295943
1.0911,0.332007755,0.867251328,-0.254092098,0.177569245,-0.520573812,-0.123088889,0.106173208,-0.046871452,-0.356783578,-0.626994571,-0.907264506,-0.984933023,-0.580967761,-0.865218804,-1.02403366,-0.995592918,-0.228555343,1.699543967
1.0962,0.332542312,0.867001309,-0.255926596,0.174356387,-0.52520641,-0.128091251,0.103256515,-0.051127797,-0.362079504,-0.632035903,-0.908450015,-0.976072597,-0.581439624,-0.861629687,-1.016094669,-0.980498497,-0.193578537,1.765762014
1.1013,0.333061987,0.866729601,-0.257787999,0.171118004,-0.529844601,-0.133047534,0.100337557,-0.055365895,-0.367334967,-0.636999729,-0.909455487,-0.966874258,-0.581855759,-0.85802373,-1.008165904,-0.965318607,-0.158232564,1.831614422
1.1064,0.333566751,0.866436301,-0.259676139,0.167854475,-0.534487456,-0.137956051,0.097416691,-0.059585562,-0.372550173,-0.641885836,-0.9102787,-0.957341066,-0.582228273,-0.854402691,-1.000266407,-0.950059989,-0.122506235,1.897074807
1.1115,0.334056597,0.866121503,-0.26159081,0.164566189,-0.539134042,-0.142815075,0.094494249,-0.063786732,-0.377725263,-0.646693827,-0.910918723,-0.947473682,-0.58255435,-0.850770548,-0.992393462,-0.934725165,-0.086392383,1.962145204
1.1166,0.334531527,0.865785328,-0.263531809,0.161253583,-0.543783416,-0.147622908,0.09157007,-0.067969321,-0.382860366,-0.651423355,-0.911372838,-0.937274117,-0.582829177,-0.847116454,-0.98454455,-0.919290264,-0.049882404,2.026815979
1.1217,0.334991533,0.86542784,-0.265498894,0.157917029,-0.548434623,-0.152377856,0.088644824,-0.072133166,-0.387955439,-0.656073849,-0.91163901,-0.926744741,-0.583052839,-0.843461032,-0.976695139,-0.903770857,-0.012969759,2.091078338
1.1268,0.335436601,0.865049136,-0.267491896,0.154556932,-0.553086684,-0.157078271,0.085718762,-0.076278476,-0.393010729,-0.660644872,-0.911715349,-0.915888734,-0.583229768,-0.839807774,-0.968862491,-0.888165579,0.024361056,2.15490334
1.1319,0.335866728,0.864649326,-0.26951061,0.151173697,-0.557738678,-0.161722465,0.082791918,-0.080404833,-0.398026111,-0.66513619,-0.911599483,-0.904707098,-0.583359813,-0.83614998,-0.961044421,-0.872473694,0.06208352,2.218290393
1.137,0.336281916,0.864228496,-0.271554812,0.14776775,-0.562389586,-0.166308782,0.079864845,-0.084512548,-0.403001313,-0.669546924,-0.911289351,-0.893202103,-0.583440283,-0.832497761,-0.953225976,-0.856684719,0.100222222,2.281224636
1.1421,0.336682154,0.863786739,-0.273624322,0.144339489,-0.567038397,-0.170835615,0.076937579,-0.088601657,-0.407936774,-0.673876905,-0.910783205,-0.881377178,-0.583475726,-0.828854131,-0.945419355,-0.840805415,0.138790795,2.343669019
1.1473,0.337067455,0.863324159,-0.275718935,0.14088934,-0.571684132,-0.1753013,0.074010059,-0.092672611,-0.412832648,-0.67812596,-0.91007909,-0.869233891,-0.583459189,-0.825217593,-0.93762047,-0.824828918,0.177777029,2.405626661
1.1524,0.337437814,0.862840852,-0.277838437,0.137417713,-0.576325756,-0.179704216,0.071082852,-0.096724729,-0.41768926,-0.682292884,-0.909174434,-0.856775073,-0.583393527,-0.821588484,-0.929821044,-0.808757796,0.217192858,2.467080749
1.1575,0.337793234,0.862336902,-0.279982622,0.133925012,-0.580962236,-0.184042761,0.068156414,-0.100758381,-0.422505673,-0.686377628,-0.908067235,-0.844003345,-0.583278482,-0.817976159,-0.922016956,-0.79260174,0.257045022,2.528010534
1.1627,0.33813371,0.861812415,-0.282151297,0.130411677,-0.585592538,-0.188315391,0.065230779,-0.104773947,-0.42728239,-0.690380039,-0.90675507,-0.83092202,-0.583118727,-0.814375923,-0.914213397,-0.776349588,0.297329927,2.588366557
1.1678,0.338459264,0.861267484,-0.284344253,0.126878116,-0.590215635,-0.192520489,0.062305995,-0.108770879,-0.432019809,-0.69429934,-0.90523607,-0.817533296,-0.582904851,-0.810789783,-0.906404643,-0.760009904,0.338035897,2.648152284
1.173,0.338769897,0.86070219,-0.28656128,0.123324769,-0.594830443,-0.196656496,0.059382638,-0.11274958,-0.436717068,-0.69813476,-0.903507748,-0.803840348,-0.58263954,-0.80722645,-0.898584476,-0.743575876,0.379175041,2.707343923
1.1781,0.339065596,0.86011661,-0.288802215,0.119752043,-0.599435879,-0.20072187,0.05646063,-0.116710605,-0.441374987,-0.701886158,-0.901567981,-0.789846171,-0.582335297,-0.803697885,-0.890776106,-0.727060377,0.420754214,2.76591417
1.1831,0.339346389,0.859510875,-0.291066816,0.1161604,-0.60403089,-0.204715115,0.053540098,-0.120653667,-0.445992741,-0.705553072,-0.899414782,-0.775554971,-0.581980787,-0.800181663,-0.882953938,-0.710444969,0.462752313,2.823819012
1.1883,0.33961228,0.858885047,-0.293354887,0.112550256,-0.608614351,-0.208634694,0.050621803,-0.124578976,-0.450571091,-0.70913502,-0.897045766,-0.760969037,-0.581578853,-0.796696327,-0.875121785,-0.693740579,0.505186681,2.881048012
1.1934,0.339863281,0.85823922,-0.295666234,0.108922042,-0.613185137,-0.212479104,0.047705781,-0.128486585,-0.455109585,-0.712631454,-0.894458277,-0.74609208,-0.581129514,-0.793240675,-0.867284024,-0.676950652,0.548065061,2.937578916
1.1985,0.340099397,0.85757351,-0.298000658,0.105276206,-0.617742175,-0.216246876,0.044792261,-0.132376611,-0.459608303,-0.716042231,-0.891650845,-0.730927839,-0.580638003,-0.789800957,-0.859442229,-0.660069112,0.591357467,2.993381027
1.2037,0.34032066,0.856887977,-0.300357923,0.101613184,-0.622284309,-0.219936549,0.041881386,-0.136249283,-0.464066965,-0.719366378,-0.888621018,-0.715479996,-0.580092616,-0.786395143,-0.851575843,-0.643099337,0.635076663,3.048427921
1.2088,0.340527069,0.856182717,-0.302737859,0.097933413,-0.626810407,-0.223546725,0.038973403,-0.140104764,-0.468485698,-0.722603762,-0.885366437,-0.699753461,-0.579503818,-0.783019152,-0.843703407,-0.626044348,0.679213331,3.102667003
1.214,0.340718635,0.855457809,-0.305140256,0.094237338,-0.63131933,-0.227075959,0.036068629,-0.14394322,-0.472864362,-0.725753745,-0.881885725,-0.68375156,-0.578874643,-0.779678559,-0.835821581,-0.608904778,0.723754227,3.156086512
1.219,0.340895387,0.854713368,-0.307564914,0.090525422,-0.635809899,-0.230522854,0.033166978,-0.147764687,-0.477203014,-0.728816075,-0.878176295,-0.667478445,-0.578198684,-0.776356631,-0.827931958,-0.591671349,0.768704562,3.208658307
1.2241,0.341057341,0.853949457,-0.310011597,0.086798096,-0.640280942,-0.233886038,0.030269098,-0.151569297,-0.481501358,-0.731790303,-0.874236074,-0.650938721,-0.57747677,-0.773068098,-0.820013961,-0.574354455,0.81405716,3.260351303
1.2293,0.341204506,0.853166156,-0.312480127,0.083055811,-0.644731272,-0.237164202,0.027375099,-0.155357329,-0.485759391,-0.734676002,-0.870062924,-0.63413773,-0.576716689,-0.769815454,-0.812083484,-0.556954545,0.859806599,3.311110819
1.2345,0.341336906,0.852363578,-0.314970295,0.079299031,-0.649159723,-0.240355981,0.024485079,-0.159128821,-0.489977143,-0.737472835,-0.865655496,-0.61707943,-0.575916789,-0.766581491,-0.804137073,-0.5394647,0.905928747,3.36092844
1.2396,0.341454576,0.851541784,-0.317481869,0.075528208,-0.653565073,-0.243460085,0.021599263,-0.162883904,-0.494154289,-0.740180041,-0.861011373,-0.599768722,-0.57506826,-0.763380486,-0.796158834,-0.521887293,0.952425253,3.409767283
1.2448,0.341557521,0.850700855,-0.320014677,0.071743795,-0.657946102,-0.246475274,0.018717967,-0.166622951,-0.498290917,-0.742797282,-0.856128659,-0.582211551,-0.574184188,-0.760212181,-0.788167013,-0.504224192,0.999290131,3.457574516
1.25,0.341645766,0.849840869,-0.322568501,0.067946256,-0.662301618,-0.249400262,0.015841276,-0.170346031,-0.502386942,-0.745324214,-0.851006066,-0.564412587,-0.573263031,-0.757078824,-0.780155609,-0.486472422,1.046493674,3.504340894
1.2551,0.341719344,0.848961937,-0.325143145,0.064136061,-0.666630373,-0.252233821,0.012969182,-0.174053176,-0.506442276,-0.747760373,-0.845641354,-0.54637721,-0.572301267,-0.753962715,-0.772128387,-0.468626443,1.094034415,3.550038412
1.2603,0.341778276,0.848064114,-0.327738365,0.060313658,-0.670931113,-0.254974772,0.010102395,-0.177744508,-0.510456577,-0.750105094,-0.84003272,-0.52811087,-0.571302328,-0.750877671,-0.764064317,-0.450694844,1.141905707,3.594627093
1.2654,0.341822584,0.847147481,-0.330353979,0.056479531,-0.6752026,-0.25762199,0.00724079,-0.181420389,-0.514429897,-0.752358118,-0.834178526,-0.509620081,-0.570269401,-0.747823004,-0.755976495,-0.432666384,1.190087715,3.638051544
1.2709,0.341852286,0.84621214,-0.332989779,0.052634144,-0.679443602,-0.260174307,0.004384525,-0.18508073,-0.518362014,-0.754519056,-0.828077885,-0.490910093,-0.569208591,-0.744783251,-0.74786584,-0.414542179,1.238548815,3.680300451
1.2761,0.341867436,0.845258147,-0.335645528,0.048777965,-0.683652827,-0.262630605,0.001533776,-0.188725642,-0.522252661,-0.756587113,-0.821729165,-0.471987163,-0.568106488,-0.741771897,-0.739713351,-0.396322775,1.287289813,3.721351155
1.2812,0.341868046,0.844285578,-0.338321038,0.044911476,-0.687829017,-0.264989868,-0.001311275,-0.192355471,-0.526101862,-0.75856199,-0.815130698,-0.452858082,-0.566974146,-0.738787945,-0.731531845,-0.378000962,1.336284035,3.761138718
1.2863,0.341854144,0.843294508,-0.341016097,0.041035154,-0.691970916,-0.267251018,-0.004150476,-0.195970259,-0.529909466,-0.760442955,-0.80828179,-0.433528695,-0.565812853,-0.735832951,-0.723319646,-0.359574117,1.385498319,3.799654831
1.2914,0.341825762,0.842285034,-0.343730497,0.03714948,-0.696077208,-0.269413048,-0.006983684,-0.199569811,-0.533675421,-0.762229668,-0.801180805,-0.414005667,-0.564623942,-0.732893207,-0.715077637,-0.341039308,1.434932356,3.836870189
1.2964,0.341782934,0.841257215,-0.346464004,0.033254935,-0.700146607,-0.271474989,-0.009810446,-0.20315443,-0.537399024,-0.763921573,-0.79382679,-0.394295613,-0.563405913,-0.729976808,-0.706791425,-0.322393575,1.48456059,3.872751043
1.3016,0.34172569,0.840211135,-0.349216417,0.029352001,-0.704177821,-0.273435938,-0.01263093,-0.206724631,-0.54108048,-0.765517791,-0.786218817,-0.37440639,-0.56216218,-0.72707794,-0.698468424,-0.303635701,1.53435845,3.90724831
1.3066,0.341654068,0.839146878,-0.351987515,0.025441174,-0.708169575,-0.27529496,-0.015445201,-0.210279873,-0.54471979,-0.767018141,-0.778356839,-0.354344565,-0.560889506,-0.724190446,-0.690102134,-0.284756997,1.584286781,3.940351922
1.3117,0.341568104,0.838064501,-0.354777069,0.021522942,-0.712120549,-0.277051207,-0.018252706,-0.213820644,-0.548316195,-0.7684219,-0.770239511,-0.334116733,-0.559589257,-0.721322496,-0.681683124,-0.265756243,1.634329437,3.972022039
1.3168,0.341467817,0.83696408,-0.357584878,0.017597807,-0.716029448,-0.278703841,-0.021053633,-0.217346836,-0.551869761,-0.769728422,-0.761866131,-0.313730569,-0.558269976,-0.718472721,-0.673221175,-0.246624474,1.684452929,4.002236935
1.3219,0.341353243,0.835845694,-0.360410726,0.013666261,-0.71989498,-0.280252101,-0.023847683,-0.220858936,-0.555380263,-0.770936933,-0.753237307,-0.293194634,-0.556933031,-0.715635128,-0.664714223,-0.227359655,1.734618874,4.030951674
1.327,0.341224428,0.834709427,-0.363254384,0.009728804,-0.723715807,-0.281695219,-0.02663506,-0.224356375,-0.558847658,-0.77204685,-0.744352241,-0.272515701,-0.555572603,-0.712803405,-0.656155591,-0.207959511,1.784813888,4.058148679
1.3321,0.341081408,0.833555334,-0.366115617,0.005785943,-0.727490629,-0.283032492,-0.029415236,-0.227839613,-0.562271148,-0.773057362,-0.735210881,-0.251701183,-0.554190041,-0.709985589,-0.647535719,-0.188416664,1.83499952,4.083795679
1.3372,0.340924211,0.8323835,-0.368994223,0.001838187,-0.731218153,-0.284263266,-0.032188319,-0.231308804,-0.56565075,-0.773967727,-0.725813073,-0.230760408,-0.552791276,-0.707173254,-0.638864295,-0.168725856,1.885133863,4.107857377
1.3424,0.340752876,0.831194003,-0.371889969,-0.002113938,-0.734897081,-0.285386891,-0.034954533,-0.23476345,-0.568986392,-0.774777262,-0.716160213,-0.209700676,-0.551375557,-0.704362275,-0.630134581,-0.148874429,1.935175014,4.130320478
1.3475,0.340567445,0.829986898,-0.374802617,-0.006069929,-0.738526084,-0.286402796,-0.037713275,-0.23820399,-0.572277237,-0.775485255,-0.706252317,-0.18852982,-0.549941828,-0.701560572,-0.621336985,-0.128864484,1.985100924,4.151149621
1.3526,0.340367946,0.828762255,-0.377731955,-0.010029266,-0.742103883,-0.287310405,-0.040464673,-0.241630371,-0.575523369,-0.77609068,-0.696089591,-0.167256801,-0.548495912,-0.698769152,-0.612478886,-0.108690501,2.034860161,4.170339342
1.3577,0.340154418,0.827520156,-0.380677748,-0.013991423,-0.74562919,-0.28810926,-0.043208669,-0.245042932,-0.578724366,-0.776592683,-0.685674028,-0.145890726,-0.547038985,-0.695979549,-0.603555872,-0.088346588,2.084406527,4.187839369
1.3629,0.339926906,0.826260686,-0.383639768,-0.017955868,-0.749100693,-0.288798879,-0.045945402,-0.248441146,-0.581880097,-0.776990686,-0.675005965,-0.124439514,-0.545567575,-0.693183011,-0.594566168,-0.067824742,2.133711716,4.203642016
1.3679,0.339685445,0.824983896,-0.386617769,-0.021922066,-0.752517113,-0.289378869,-0.048674294,-0.251825313,-0.584989685,-0.777283357,-0.664087056,-0.102911397,-0.544085076,-0.690390039,-0.585500284,-0.047119211,2.182729686,4.217712784
1.373,0.339430069,0.823689871,-0.389611527,-0.025889482,-0.755877184,-0.289848867,-0.051395605,-0.255195532,-0.588053062,-0.777469851,-0.652918384,-0.081316604,-0.542594556,-0.687592113,-0.576363158,-0.026226242,2.231408536,4.230026763
1.3781,0.339160821,0.822378686,-0.392620806,-0.029857564,-0.759179648,-0.290208535,-0.054109598,-0.258551254,-0.591070064,-0.777549185,-0.641502837,-0.059663405,-0.541094968,-0.684785037,-0.567153133,-0.005134879,2.279696878,4.240573819
1.3832,0.338877736,0.821050382,-0.395645365,-0.033825768,-0.762423187,-0.290457586,-0.05681593,-0.261893299,-0.594040209,-0.777520441,-0.629841097,-0.037959614,-0.539590111,-0.681987049,-0.557866325,0.016158347,2.3275842,4.249340137
1.3883,0.338580851,0.819705044,-0.398684972,-0.037793539,-0.765606631,-0.290595814,-0.059514575,-0.265221277,-0.596963113,-0.777382575,-0.617936374,-0.01621645,-0.538080889,-0.679187675,-0.54850614,0.037659176,2.37497639,4.256292342
1.3934,0.338270207,0.818342771,-0.40173938,-0.041760326,-0.768728702,-0.290623018,-0.062205514,-0.268534935,-0.599838289,-0.777134525,-0.605791147,0.005557642,-0.536568169,-0.676370773,-0.53906863,0.059368362,2.421850642,4.261425901
1.3985,0.337945858,0.81696361,-0.404808328,-0.04572555,-0.77178818,-0.290539062,-0.064888706,-0.271834421,-0.602665107,-0.77677519,-0.593407981,0.027353138,-0.535042971,-0.673549545,-0.529542192,0.081301215,2.46815679,4.264723647
1.4036,0.337607825,0.815567633,-0.407891582,-0.049688641,-0.774783858,-0.290343914,-0.067564223,-0.275119711,-0.605443438,-0.77630332,-0.580789901,0.049160656,-0.533518383,-0.67072282,-0.519932546,0.103460832,2.513844254,4.266137693
1.4087,0.33725615,0.814154938,-0.410988897,-0.053649033,-0.777714594,-0.290037486,-0.070231963,-0.27839053,-0.608172962,-0.775717754,-0.56794057,0.070970529,-0.531992761,-0.66787451,-0.510241158,0.125847857,2.558834483,4.265684925
1.4138,0.33689089,0.812725578,-0.414100019,-0.057606139,-0.780579174,-0.289619788,-0.072891895,-0.281647104,-0.610853151,-0.775017624,-0.554863205,0.0927732,-0.530456931,-0.665015561,-0.500464727,0.148469654,2.603099813,4.263351612
1.4188,0.336512063,0.811279622,-0.417224683,-0.061559366,-0.783376438,-0.28909091,-0.075544103,-0.28488928,-0.613483243,-0.774201405,-0.541561828,0.114559723,-0.52892378,-0.662147431,-0.490594615,0.171333358,2.646592864,4.259109273
1.4239,0.336119714,0.809817143,-0.420362644,-0.065508116,-0.786105303,-0.288450958,-0.078188495,-0.288117009,-0.616063082,-0.773267948,-0.528040794,0.136319007,-0.52739147,-0.659269076,-0.48063694,0.19444615,2.689231196,4.252949555
1.4289,0.335713878,0.808338241,-0.423513645,-0.069451804,-0.78876462,-0.28770007,-0.080825184,-0.291329992,-0.618592221,-0.772215996,-0.514304329,0.158041694,-0.52586303,-0.656364544,-0.470590997,0.217802578,2.730985961,4.244876543
1.434,0.335294615,0.806842965,-0.426677414,-0.073389806,-0.791353292,-0.286838458,-0.083454058,-0.294528335,-0.62106988,-0.771044272,-0.500357062,0.179718002,-0.524326765,-0.653447245,-0.460448437,0.241416441,2.771809017,4.234881784
1.4391,0.334861948,0.805331395,-0.4298537,-0.077321508,-0.793870261,-0.285866435,-0.086075103,-0.297712068,-0.62349589,-0.769751452,-0.486203784,0.201338342,-0.522792773,-0.65051392,-0.450215675,0.265291439,2.811645256,4.222927029
1.4445,0.334415918,0.803803609,-0.433042238,-0.081246288,-0.796314535,-0.284784257,-0.088688536,-0.300881203,-0.62586979,-0.768336197,-0.471850038,0.22289238,-0.521261583,-0.647561655,-0.439892308,0.289430955,2.850415154,4.209041504
1.4497,0.333956578,0.802259691,-0.436242761,-0.085163536,-0.798685056,-0.283592294,-0.091294144,-0.304035014,-0.628191118,-0.766797174,-0.457301115,0.244370452,-0.519723883,-0.64458444,-0.429478062,0.313828217,2.888095713,4.193216739
1.4548,0.333483954,0.800699706,-0.439454987,-0.089072595,-0.800980844,-0.282290985,-0.093891918,-0.307173901,-0.630459081,-0.765132929,-0.442562704,0.265763341,-0.518189572,-0.641588387,-0.418965023,0.338498185,2.924635509,4.175435062
1.4601,0.332998081,0.799123731,-0.442678651,-0.092972833,-0.803200995,-0.280880779,-0.096481985,-0.310297767,-0.632673599,-0.763342075,-0.427641031,0.287059654,-0.516661301,-0.638573013,-0.408357727,0.36343842,2.959954316,4.155706519
1.4653,0.332499002,0.797531864,-0.44591348,-0.096863612,-0.805344547,-0.279362175,-0.099064268,-0.313406173,-0.634833985,-0.761423352,-0.412542076,0.3082499,-0.515136823,-0.635525235,-0.397656179,0.388643442,2.99402921,4.134041647
1.4705,0.331986773,0.795924159,-0.449159187,-0.100744255,-0.807410612,-0.277735739,-0.101638761,-0.316499194,-0.636939539,-0.759375271,-0.397272305,0.329324415,-0.513606374,-0.632458764,-0.386855027,0.414126844,3.026811912,4.110444016
1.4756,0.33146141,0.794300698,-0.452415501,-0.104614097,-0.809398331,-0.276002138,-0.10420547,-0.319576828,-0.638990176,-0.757196506,-0.381838526,0.350273586,-0.512084591,-0.629370663,-0.375959049,0.439891964,3.058257857,4.084888067
1.4807,0.330922968,0.792661565,-0.455682143,-0.108472475,-0.811306934,-0.27416199,-0.106764622,-0.322639063,-0.640985317,-0.754885633,-0.366247954,0.371087109,-0.510561896,-0.626258356,-0.364971073,0.465934211,3.088291775,4.057411187
1.4858,0.330371494,0.791006847,-0.458958827,-0.112318727,-0.813135597,-0.272216012,-0.109315993,-0.325685144,-0.642924384,-0.752441262,-0.350507733,0.391755004,-0.50903355,-0.623116196,-0.353888869,0.49224357,3.116896114,4.028022647
1.4909,0.329807003,0.78933661,-0.462245251,-0.116152153,-0.81488357,-0.270165005,-0.111859592,-0.328715352,-0.644806777,-0.749861804,-0.334625154,0.41226842,-0.507514043,-0.619952987,-0.342705116,0.518829278,3.144030971,3.996712782
1.496,0.32922954,0.787650944,-0.465541142,-0.119972056,-0.816550195,-0.268009764,-0.114395561,-0.331729772,-0.646632206,-0.747146153,-0.318608096,0.432616496,-0.506000882,-0.616763764,-0.331429806,0.545692512,3.16962652,3.963507967
1.501,0.328639154,0.785949941,-0.468846201,-0.123777748,-0.818134739,-0.265751137,-0.116924016,-0.334727738,-0.648400195,-0.744293117,-0.302464711,0.452789944,-0.504486969,-0.613540763,-0.3200586,0.57282585,3.193685313,3.928435621
1.5061,0.328035885,0.78423367,-0.472160125,-0.127568512,-0.819636592,-0.263390043,-0.119444542,-0.337709513,-0.650110038,-0.741301001,-0.28620234,0.472779176,-0.502972098,-0.610293242,-0.308586936,0.600233632,3.216161353,3.891511023
1.5112,0.327419761,0.782502221,-0.475482624,-0.131343633,-0.821055192,-0.260927462,-0.121957461,-0.340674959,-0.65176144,-0.738168411,-0.269828764,0.492574563,-0.501463232,-0.607016391,-0.297020064,0.627912675,3.237007703,3.852743972
1.5163,0.326790827,0.780755671,-0.478813403,-0.135102404,-0.82239,-0.258364389,-0.124462996,-0.34362394,-0.653353821,-0.734893685,-0.253353716,0.512166995,-0.499955791,-0.603715259,-0.285360964,0.655852245,3.256191031,3.81216608
1.5213,0.326149131,0.778994119,-0.482152156,-0.138844103,-0.823640495,-0.255701922,-0.126960732,-0.346555894,-0.654886809,-0.731476022,-0.236785099,0.531548057,-0.498444901,-0.60037973,-0.273607786,0.684045536,3.273696893,3.769778292
1.5265,0.325494704,0.777217638,-0.485498574,-0.142567979,-0.824806243,-0.252941131,-0.129450868,-0.349471082,-0.65635961,-0.727913914,-0.220130954,0.550707819,-0.496935155,-0.597019311,-0.261758449,0.712496843,3.289486036,3.725627733
1.5316,0.324827581,0.775426315,-0.488852349,-0.1462733,-0.825886839,-0.250083174,-0.131933313,-0.352369474,-0.657772147,-0.724205659,-0.203401229,0.569637047,-0.495428817,-0.593632034,-0.249813476,0.741195904,3.303533707,3.679740181
1.5367,0.324147803,0.773620251,-0.492213182,-0.149959327,-0.826881885,-0.247129239,-0.134408386,-0.355250401,-0.65912374,-0.720350638,-0.186604192,0.588327175,-0.493923538,-0.590210555,-0.237778581,0.770131448,3.315839549,3.632150829
1.5418,0.323455415,0.771799518,-0.495580747,-0.153625296,-0.827791057,-0.244080606,-0.136875574,-0.358114124,-0.66041381,-0.716347543,-0.16974866,0.60677037,-0.492416682,-0.586764561,-0.225646869,0.799302974,3.326390318,3.582869024
1.5469,0.322750447,0.769964212,-0.498954738,-0.15727044,-0.828614105,-0.24093853,-0.139335289,-0.360960507,-0.661642084,-0.712194974,-0.152843144,0.624957209,-0.490912804,-0.583289679,-0.213423825,0.828707193,3.335157405,3.531947587
1.552,0.322032946,0.768114414,-0.502334846,-0.160894014,-0.829350781,-0.237704324,-0.141787536,-0.363789416,-0.662808111,-0.707891694,-0.135897245,0.642879654,-0.489407212,-0.579791396,-0.201115246,0.858323346,3.342144959,3.479433073
1.5571,0.32130295,0.76625023,-0.505720738,-0.164495245,-0.830000926,-0.234379404,-0.144231894,-0.366600298,-0.663911224,-0.703437154,-0.118920916,0.660530222,-0.487899543,-0.576260045,-0.188712028,0.888143982,3.347331885,3.425336008
1.5623,0.320560482,0.764371744,-0.509112089,-0.168073339,-0.830564407,-0.230965133,-0.146668993,-0.369393405,-0.664950944,-0.698829902,-0.101922115,0.677900297,-0.486399485,-0.572700667,-0.176214579,0.918168012,3.350715761,3.36972492
1.5674,0.319805584,0.762479042,-0.512508586,-0.171627533,-0.831041135,-0.22746297,-0.149098558,-0.372168708,-0.665927214,-0.694068749,-0.084911268,0.694982047,-0.484904954,-0.569116588,-0.163628746,0.948374794,3.352297595,3.312637174
1.5725,0.319038315,0.760572211,-0.515909897,-0.175157027,-0.831431011,-0.223874409,-0.151520484,-0.374925985,-0.666839067,-0.689153081,-0.067896031,0.711768149,-0.48340356,-0.565511209,-0.15095291,0.978759831,3.352116466,3.254114268
1.5777,0.318258696,0.758651349,-0.519315699,-0.178661027,-0.831734067,-0.220201001,-0.153934965,-0.377665022,-0.66768636,-0.684082119,-0.050886134,0.728252283,-0.481905041,-0.561882856,-0.138190095,1.009312363,3.350164745,3.194186055
1.5828,0.317466767,0.756716548,-0.522725652,-0.182138734,-0.831950406,-0.216444272,-0.156342018,-0.380385908,-0.668468638,-0.67885473,-0.033890763,0.744426536,-0.480409628,-0.558232521,-0.125336414,1.040021111,3.346422629,3.132923044
1.5879,0.316662581,0.754767918,-0.526139431,-0.185589382,-0.832080071,-0.212605822,-0.158741426,-0.383088098,-0.669185247,-0.673470408,-0.01691862,0.760284117,-0.478907492,-0.554551184,-0.1123975,1.07085208,3.340937631,3.070371394
1.5931,0.315846165,0.752805542,-0.529556693,-0.189012143,-0.832123205,-0.208687283,-0.161133278,-0.385771763,-0.669835742,-0.667928532,2.12E-05,0.775818578,-0.477405755,-0.550846819,-0.09936894,1.101804337,3.33372909,3.006580988
1.5982,0.31501755,0.750829506,-0.532977099,-0.192406202,-0.832080046,-0.204690353,-0.163517587,-0.388436799,-0.670419873,-0.662228404,0.016919924,0.791024605,-0.475909224,-0.5471254,-0.086251489,1.132868885,3.324787574,2.941582154
1.6033,0.314176778,0.748839927,-0.53640031,-0.195770785,-0.831950779,-0.200616693,-0.165894476,-0.391082784,-0.670936982,-0.656369652,0.033768707,0.805895398,-0.474415535,-0.543375409,-0.073045887,1.164006525,3.314167936,2.875447963
1.6084,0.313323902,0.74683689,-0.539825985,-0.19910506,-0.83173568,-0.196468026,-0.16826373,-0.393709899,-0.671386525,-0.650351913,0.050559112,0.820425096,-0.472914855,-0.539604898,-0.059754904,1.195213704,3.301898935,2.808231486
1.6135,0.312458943,0.744820482,-0.543253777,-0.202408209,-0.831435056,-0.192246137,-0.170625445,-0.396318055,-0.671768369,-0.644174977,0.067282927,0.834609297,-0.471419202,-0.535819905,-0.046376694,1.226473616,3.288020074,2.739968122
1.6187,0.311581942,0.74279081,-0.546683339,-0.205679413,-0.831049328,-0.18795277,-0.172979746,-0.398907169,-0.672082072,-0.637838409,0.083931836,0.848442032,-0.469926199,-0.53201673,-0.032912265,1.25777123,3.272529913,2.670733287
1.6238,0.310692953,0.740747982,-0.550114325,-0.208917894,-0.830578841,-0.183589735,-0.175326413,-0.401476824,-0.672326895,-0.631342226,0.100497804,0.861918378,-0.468425994,-0.528188822,-0.01936466,1.289063914,3.255500688,2.600579647
1.6289,0.309792003,0.738692082,-0.553546379,-0.212122809,-0.830024044,-0.179158861,-0.177665532,-0.40402733,-0.672502509,-0.624686568,0.116973181,0.875033585,-0.466925673,-0.524346864,-0.00573176,1.320347012,3.236970897,2.529562295
1.6343,0.308879127,0.736623207,-0.556979148,-0.215293337,-0.829385444,-0.174662027,-0.179997211,-0.406558621,-0.672608688,-0.617871529,0.133350896,0.887784476,-0.46542768,-0.520492305,0.007985691,1.351602675,3.216967893,2.457720614
1.6394,0.307954358,0.734541472,-0.560412272,-0.218428702,-0.828663557,-0.170101076,-0.182321365,-0.409070199,-0.672644894,-0.610897262,0.149622223,0.900165907,-0.463934474,-0.516616255,0.02178927,1.382785492,3.195539951,2.385128208
1.6445,0.307017755,0.732446962,-0.563845401,-0.221528061,-0.827858918,-0.165477896,-0.184637884,-0.411562186,-0.672610496,-0.603763943,0.165780875,0.912174298,-0.462433556,-0.512729077,0.035673635,1.41389121,3.172749175,2.311842503
1.6509,0.306069341,0.730339777,-0.567278167,-0.224590603,-0.82697212,-0.16079443,-0.186946959,-0.414034733,-0.672505275,-0.596472234,0.181819822,0.923807233,-0.460934546,-0.508831879,0.049643228,1.444895248,3.148646012,2.237900143
1.656,0.305109153,0.728220019,-0.570710205,-0.227615526,-0.826003843,-0.156052578,-0.1892486,-0.416487684,-0.672328798,-0.589022621,0.197732527,0.935060516,-0.459437531,-0.504923447,0.063697337,1.475769762,3.123250924,2.163371532
1.6611,0.304137247,0.726087802,-0.574141161,-0.230602055,-0.824954701,-0.151254289,-0.191542585,-0.418920655,-0.672080444,-0.581415977,0.213512708,0.945931186,-0.457932517,-0.500997078,0.077830643,1.506471516,3.096645009,2.088307816
1.6662,0.303153644,0.723943211,-0.577570658,-0.233549351,-0.82382538,-0.146401513,-0.193829104,-0.421333994,-0.671760002,-0.57365319,0.229153933,0.956416662,-0.456429032,-0.497063243,0.092047609,1.536998011,3.068888467,2.012766612
1.6713,0.302158383,0.721786346,-0.580998329,-0.236456629,-0.822616624,-0.141496244,-0.196108165,-0.423727664,-0.671367047,-0.565735235,0.244651469,0.966515728,-0.454927067,-0.493123125,0.106347541,1.567316798,3.040024137,1.93678413
1.6763,0.301151505,0.719617324,-0.584423801,-0.239323132,-0.821329185,-0.13654044,-0.198379872,-0.426101201,-0.670901158,-0.557663294,0.259998376,0.976225075,-0.453424303,-0.489167506,0.120729765,1.597380187,3.010110094,1.860427156
1.6814,0.300133061,0.717436236,-0.58784671,-0.242148041,-0.819963812,-0.131536095,-0.200643894,-0.428454851,-0.670361722,-0.549438582,0.275190212,0.985543015,-0.451913218,-0.485204044,0.135188995,1.627181627,2.97922147,1.783742652
1.6865,0.299103073,0.715243179,-0.59126666,-0.244930575,-0.818521323,-0.126485226,-0.202900212,-0.430788687,-0.669748833,-0.541062909,0.290222241,0.994469104,-0.450402941,-0.481235957,0.14973667,1.656696586,2.947410796,1.706768126
1.6916,0.298061586,0.713038257,-0.594683295,-0.247669988,-0.817002588,-0.12138982,-0.205149131,-0.433102784,-0.669061558,-0.532537027,0.305089745,1.003000887,-0.448890753,-0.477261764,0.164359793,1.685881173,2.914711504,1.629564064
1.6967,0.297008645,0.710821585,-0.598096235,-0.250365542,-0.815408405,-0.116251893,-0.207390216,-0.435396578,-0.668299512,-0.523863238,0.319788322,1.011137201,-0.447371316,-0.473274432,0.179058279,1.714693967,2.881215635,1.552173074
1.7018,0.295944277,0.708593254,-0.601505089,-0.25301645,-0.813739645,-0.111073462,-0.209623757,-0.437670331,-0.667462506,-0.515043563,0.334314065,1.018877106,-0.445851337,-0.469281178,0.19383663,1.743126607,2.846983358,1.474640744
1.7069,0.294868521,0.706353361,-0.604909462,-0.255621972,-0.811997201,-0.105856535,-0.21184975,-0.43992412,-0.666550218,-0.506079813,0.34866337,1.026220523,-0.444330575,-0.465284745,0.208701402,1.771148643,2.812074789,1.397016401
1.712,0.29378142,0.70410203,-0.608308985,-0.258181399,-0.810182009,-0.100603154,-0.214068286,-0.442157591,-0.665561822,-0.496974802,0.362832382,1.033166649,-0.442806476,-0.461272782,0.223642486,1.798719191,2.776531925,1.319330621
1.717,0.292683024,0.701839348,-0.611703261,-0.260694001,-0.808294975,-0.09531538,-0.216279021,-0.444370894,-0.664497329,-0.487730381,0.376818562,1.039715934,-0.441271279,-0.457254634,0.238664469,1.825814285,2.740425534,1.241600224
1.7221,0.291573356,0.699565416,-0.615091905,-0.263159065,-0.806337054,-0.089995185,-0.218482128,-0.446563996,-0.66335623,-0.47834904,0.390619982,1.045868019,-0.439734149,-0.453229962,0.253764204,1.852408234,2.703805373,1.163894342
1.7272,0.29045246,0.697280336,-0.618474528,-0.26557592,-0.804309197,-0.084644611,-0.220677692,-0.448736971,-0.662137828,-0.468832928,0.404232733,1.051622682,-0.438192407,-0.449200868,0.268939096,1.878459045,2.66672917,1.086237555
1.7324,0.289320383,0.694984225,-0.621850728,-0.267943891,-0.802212351,-0.079265686,-0.222865265,-0.450889361,-0.660842139,-0.459185824,0.417655177,1.056980256,-0.436640485,-0.445156644,0.284193746,1.903934111,2.629264488,1.008661672
1.7376,0.288177152,0.692677181,-0.625220114,-0.270262301,-0.800047514,-0.073860466,-0.225045119,-0.453021507,-0.659468661,-0.449410305,0.430886257,1.061941895,-0.435084873,-0.441101054,0.299525012,1.928812594,2.591452462,0.931175331
1.7427,0.287022808,0.690359303,-0.628582279,-0.272530518,-0.797815639,-0.06843092,-0.227217235,-0.455133254,-0.658016992,-0.439509103,0.443923668,1.066507903,-0.43352512,-0.437035619,0.314937247,1.953055513,2.553364701,0.853839372
1.7478,0.285857394,0.688030708,-0.631936837,-0.274747907,-0.795517747,-0.062979087,-0.229381687,-0.457224219,-0.656486431,-0.429486453,0.456765578,1.07067846,-0.431958474,-0.432951326,0.330422993,1.976635834,2.515035317,0.776664843
1.753,0.284680961,0.685691488,-0.635283375,-0.276913833,-0.793154808,-0.057507009,-0.231538111,-0.459294836,-0.654877001,-0.419345361,0.469411231,1.074455333,-0.430376993,-0.428853885,0.345986886,1.999538584,2.476530648,0.699658653
1.7581,0.283493534,0.683341749,-0.63862149,-0.279027699,-0.790727857,-0.052016643,-0.233686661,-0.461344827,-0.6531881,-0.409089151,0.481860632,1.077839309,-0.428789673,-0.424741879,0.36162839,2.021735633,2.437879962,0.622873018
1.7632,0.282295162,0.680981599,-0.641950785,-0.281088952,-0.78823789,-0.046510008,-0.235827292,-0.463374211,-0.651419139,-0.398721116,0.494111934,1.080830716,-0.427191092,-0.420611111,0.377342623,2.043185792,2.399134389,0.546317644
1.7683,0.281085877,0.678611141,-0.645270841,-0.283097012,-0.785685868,-0.040989137,-0.237959959,-0.46538279,-0.649570147,-0.388245612,0.506165868,1.08343031,-0.425585609,-0.416462084,0.393134188,2.063875481,2.360367146,0.469988826
1.7734,0.279865723,0.676230483,-0.648581242,-0.285051348,-0.783072854,-0.035455999,-0.240084722,-0.467370563,-0.647640512,-0.377666598,0.518022553,1.085641269,-0.423970391,-0.41229021,0.409007414,2.08377426,2.321587394,0.393914684
1.7785,0.278634737,0.673839743,-0.651881579,-0.286951477,-0.780399852,-0.029912573,-0.242201433,-0.469336984,-0.645629927,-0.366988219,0.529680905,1.087463602,-0.422347519,-0.408087835,0.424959455,2.102838009,2.282837462,0.318112443
1.7836,0.277392977,0.671439015,-0.655171455,-0.288796861,-0.777667848,-0.024360838,-0.244309821,-0.471282214,-0.643537812,-0.356214732,0.541141618,1.08889852,-0.420706437,-0.403859171,0.440980255,2.121067671,2.244168561,0.242593006
1.7887,0.276140473,0.669028408,-0.658450436,-0.290587026,-0.774877858,-0.018802765,-0.246410119,-0.47320632,-0.641363997,-0.345350449,0.552404977,1.089949026,-0.419053829,-0.399601589,0.457079278,2.138440927,2.205610238,0.167364901
1.7938,0.274877262,0.666608035,-0.661718102,-0.292321517,-0.772030926,-0.013240316,-0.24850217,-0.475109037,-0.63910818,-0.334399681,0.563471976,1.090615195,-0.417391767,-0.395309981,0.473258212,2.15493941,2.167170272,0.092437605
1.7989,0.27360339,0.664178014,-0.664974032,-0.293999948,-0.769127999,-0.007675442,-0.250586021,-0.47698976,-0.636769752,-0.323367112,0.574343071,1.09089848,-0.415717468,-0.39097592,0.489516443,2.170516788,2.128910277,0.01781946
1.804,0.272318913,0.661738449,-0.668217825,-0.295621869,-0.766170078,-0.002110099,-0.252661283,-0.478848687,-0.634348236,-0.312257314,0.585019345,1.090800662,-0.414022999,-0.386600565,0.505841506,2.185181938,2.090854868,-0.056489812
1.8091,0.271023857,0.659289447,-0.67144904,-0.297186908,-0.763158181,0.003453779,-0.25472808,-0.480685502,-0.631843473,-0.301075201,0.595502582,1.090324672,-0.412317406,-0.382182876,0.522242732,2.198913341,2.053012631,-0.130482397
1.8145,0.26971827,0.656831135,-0.674667246,-0.298694744,-0.76009328,0.009014261,-0.256786452,-0.482499651,-0.629254968,-0.289825528,0.605792614,1.089470589,-0.410597949,-0.377711331,0.53872191,2.211673809,2.015413261,-0.204156842
1.82,0.268402207,0.654363621,-0.677872037,-0.300144996,-0.756976348,0.014569422,-0.258835999,-0.484291272,-0.626582252,-0.278513206,0.615891355,1.088240038,-0.408856743,-0.373186623,0.555266354,2.223479266,1.978080544,-0.277512374
1.825,0.267075698,0.651887014,-0.681062966,-0.301537365,-0.753808353,0.020117355,-0.26087684,-0.486060193,-0.623825175,-0.267143149,0.625800114,1.086636197,-0.407102896,-0.368607561,0.571885142,2.234313143,1.941034088,-0.350544645
1.8308,0.265738791,0.649401437,-0.684239602,-0.302871566,-0.750590303,0.025656152,-0.262909005,-0.48780602,-0.62098336,-0.25572023,0.63552063,1.084659171,-0.405333734,-0.36396798,0.588577181,2.24416822,1.904261991,-0.423254987
1.8359,0.264391525,0.646907017,-0.687401503,-0.304147386,-0.747323121,0.03118391,-0.264932526,-0.489528009,-0.618056425,-0.24424963,0.645054084,1.082310696,-0.40355181,-0.359258498,0.605346188,2.253009767,1.867798805,-0.495647316
1.841,0.263033962,0.644403867,-0.690548258,-0.305364551,-0.744007751,0.036698739,-0.266946901,-0.491226214,-0.615043811,-0.232736571,0.654401978,1.079592183,-0.401747084,-0.354479438,0.622176474,2.260858411,1.831656613,-0.567723789
1.846,0.261666138,0.641892109,-0.69367941,-0.306522865,-0.740645159,0.042198767,-0.268952134,-0.492900272,-0.61194528,-0.221185936,0.663566758,1.076506895,-0.399926243,-0.349626734,0.639079231,2.267705029,1.795829085,-0.639480156
1.8511,0.260288093,0.639371878,-0.696794524,-0.307622186,-0.737236264,0.047682112,-0.270948457,-0.494549371,-0.608760576,-0.209602998,0.672548932,1.073054905,-0.398091676,-0.344690857,0.656050545,2.27352544,1.760329261,-0.710924519
1.8562,0.258899891,0.636843291,-0.699893175,-0.308662322,-0.73378198,0.053146913,-0.272935363,-0.496173498,-0.60548917,-0.197992933,0.681350506,1.069237907,-0.396233454,-0.339672051,0.673079119,2.278343679,1.725166952,-0.782057266
1.8613,0.257501567,0.634306481,-0.702974885,-0.30964314,-0.730283226,0.058591323,-0.274913058,-0.497772316,-0.602131235,-0.186360834,0.689973205,1.065058936,-0.39435866,-0.33456393,0.690184849,2.282166188,1.690343057,-0.852874281
1.8663,0.256093169,0.631761572,-0.706039237,-0.310564541,-0.726740947,0.064013485,-0.276881459,-0.499345168,-0.598685707,-0.174711773,0.698419101,1.060518249,-0.392467489,-0.329367374,0.707348597,2.284996597,1.655832616,-0.923383395
1.8715,0.254674739,0.629208709,-0.709085775,-0.311426499,-0.723156002,0.069411558,-0.278840384,-0.500891264,-0.595152583,-0.16305087,0.70668944,1.055617204,-0.390562516,-0.324070437,0.724576041,2.286811188,1.621657675,-0.993586913
1.8766,0.253246344,0.626648025,-0.712114054,-0.312228903,-0.719529286,0.074783713,-0.280789534,-0.5024106,-0.591531859,-0.151383599,0.714785812,1.050357464,-0.38863373,-0.318671337,0.74186202,2.287656117,1.587810927,-1.063484481
1.8817,0.251808021,0.62407965,-0.715123622,-0.312971776,-0.715861708,0.080128135,-0.282729112,-0.503902453,-0.587822931,-0.139714027,0.722710553,1.044742038,-0.386688409,-0.313171283,0.75920603,2.287514156,1.554269567,-1.133070746
1.8867,0.250359818,0.621503742,-0.71811404,-0.313655118,-0.712154101,0.085443013,-0.284659037,-0.505366067,-0.584025218,-0.128048281,0.730463728,1.038770573,-0.384726949,-0.307556431,0.776598342,2.286399062,1.521052152,-1.202342841
1.8918,0.248901798,0.618920438,-0.721084849,-0.314278942,-0.708407347,0.090726499,-0.286578898,-0.506801271,-0.580139086,-0.116390653,0.738047964,1.032445633,-0.382742034,-0.301828061,0.794040743,2.284333078,1.48813847,-1.271325337
1.8969,0.247433999,0.61632988,-0.724035595,-0.314843295,-0.704622332,0.095976832,-0.288488903,-0.508207382,-0.576164084,-0.104745942,0.745465257,1.025769683,-0.380741047,-0.295985632,0.811529261,2.281336239,1.455501718,-1.339992981
1.9019,0.245956473,0.613732215,-0.726965818,-0.315348277,-0.700799885,0.10119223,-0.290388972,-0.509583714,-0.572099975,-0.093118273,0.752716096,1.018742501,-0.378724482,-0.290028601,0.82906479,2.277411657,1.423142601,-1.40833798
1.9069,0.24446927,0.611127612,-0.729875076,-0.315793994,-0.696940839,0.106370882,-0.292279026,-0.510929444,-0.567946142,-0.081513464,0.759802191,1.011366316,-0.376692895,-0.283944083,0.84663377,2.272575672,1.391054968,-1.476372726
1.912,0.242972454,0.608516216,-0.732762907,-0.316180553,-0.693046071,0.111510993,-0.294158662,-0.512244242,-0.56370303,-0.069935571,0.76672524,1.003642999,-0.374639128,-0.277736749,0.864236681,2.266860073,1.359200801,-1.544104933
1.9171,0.241466057,0.605898188,-0.73562884,-0.316508121,-0.689116381,0.116610851,-0.296028313,-0.51352727,-0.559370151,-0.058388541,0.773485721,0.995574702,-0.372575898,-0.271404405,0.881875673,2.260275115,1.327582267,-1.611496145
1.9221,0.239950152,0.603273707,-0.738472438,-0.316776866,-0.685152601,0.121668662,-0.297887388,-0.51477786,-0.554947057,-0.046877872,0.780084891,0.987162203,-0.370491502,-0.264935152,0.899533799,2.252846341,1.296180279,-1.678561084
1.9272,0.23842478,0.60064291,-0.741293228,-0.316986932,-0.681155541,0.126682664,-0.299736106,-0.515995868,-0.550433953,-0.035406498,0.786524028,0.978407681,-0.368393555,-0.258345056,0.917213288,2.244627752,1.264982785,-1.745299169
1.9323,0.236889994,0.598005983,-0.744090748,-0.317138556,-0.677126047,0.131651124,-0.301574399,-0.517180241,-0.545830841,-0.023979034,0.792804494,0.969312428,-0.366282777,-0.25162385,0.934910535,2.235631602,1.233953447,-1.811696316
1.9374,0.235345847,0.595363104,-0.746864538,-0.31723202,-0.673064898,0.136572317,-0.303402205,-0.518329993,-0.541137647,-0.012599449,0.798926427,0.959878218,-0.364159935,-0.244768087,0.95261899,2.225855914,1.203091609,-1.877737819
1.9425,0.233792406,0.592714445,-0.749614162,-0.317267534,-0.668972901,0.141444511,-0.305219135,-0.519444957,-0.536354162,-0.001271683,0.804890837,0.950106881,-0.362018072,-0.237779917,0.970317287,2.215355877,1.172378343,-1.943417531
1.9476,0.232229717,0.59006019,-0.752339132,-0.317245372,-0.664850881,0.146266018,-0.307025518,-0.52052435,-0.531480517,0.010000851,0.810699014,0.940001567,-0.359862593,-0.230657594,0.988015542,2.20416091,1.141780779,-2.008706826
1.9527,0.230657832,0.587400524,-0.755038993,-0.317165847,-0.660699609,0.151035118,-0.30882119,-0.521567077,-0.526516838,0.021215061,0.816350718,0.929562938,-0.357696875,-0.223401578,1.005703617,2.192287507,1.111294809,-2.07360282
1.9579,0.229076816,0.584735626,-0.757713309,-0.317029264,-0.656519896,0.155750111,-0.310605773,-0.522572884,-0.52146303,0.032366443,0.821846551,0.91879334,-0.355513967,-0.216017694,1.023358853,2.179769064,1.080893137,-2.138092948
1.963,0.227486714,0.582065689,-0.760361593,-0.316835926,-0.652312522,0.160409342,-0.312379507,-0.523541218,-0.516319341,0.043452438,0.827186806,0.907695953,-0.353321587,-0.208505612,1.04099006,2.166651155,1.050563029,-2.202144486
1.9681,0.225887582,0.579390907,-0.762983387,-0.316586173,-0.648078307,0.165011119,-0.314142345,-0.524471227,-0.511085916,0.054470072,0.832372476,0.896271791,-0.351120535,-0.200867814,1.058588373,2.152966108,1.020268046,-2.26575306
1.9732,0.224279476,0.576711482,-0.765578239,-0.316280412,-0.643818017,0.169553775,-0.315894246,-0.525361962,-0.505763054,0.06541646,0.837403111,0.884523259,-0.348911634,-0.193104147,1.076141969,2.138717341,0.990003647,-2.328902376
1.9784,0.222662463,0.57402761,-0.768145715,-0.31591897,-0.639532445,0.174035665,-0.317634844,-0.526213306,-0.500350842,0.076288875,0.842278707,0.872452954,-0.346687959,-0.185220107,1.093626505,2.123962311,0.959747274,-2.391572165
1.9835,0.22103659,0.571339494,-0.770685331,-0.315502233,-0.63522241,0.178455182,-0.319364391,-0.527024658,-0.494849811,0.087085025,0.846999726,0.860064348,-0.344457235,-0.177219925,1.111051427,2.108734455,0.929462339,-2.45372241
1.9886,0.219401915,0.568647345,-0.773196636,-0.315030609,-0.630888665,0.182810678,-0.32108295,-0.527794916,-0.489260197,0.097802971,0.851565515,0.847359073,-0.342217941,-0.16910518,1.128403639,2.093058341,0.899151513,-2.515348798
1.9937,0.217758505,0.565951372,-0.77567921,-0.314504503,-0.626532011,0.187100549,-0.322790055,-0.528523916,-0.483582338,0.108439184,0.855975878,0.834339669,-0.339965668,-0.160880223,1.145655256,2.076969462,0.8687901,-2.576423177
1.9988,0.216106406,0.563251784,-0.778132574,-0.313924314,-0.622153245,0.19132323,-0.324485968,-0.529211219,-0.477816835,0.11899239,0.8602304,0.821010285,-0.33770806,-0.152552989,1.162812206,2.060512111,0.838356023,-2.636905246
2.0039,0.214445673,0.560548794,-0.780556284,-0.313290476,-0.617753177,0.19547712,-0.326170664,-0.529856113,-0.471964201,0.129460684,0.864329458,0.807372944,-0.335445815,-0.144129276,1.179862789,2.04371652,0.807821119,-2.696782792
2.009,0.212776361,0.557842625,-0.782949896,-0.312603469,-0.613332591,0.19956065,-0.327844229,-0.530457806,-0.466025214,0.139842459,0.868271792,0.793430992,-0.333182221,-0.135612182,1.196794724,2.026588087,0.777174778,-2.756034035
2.0143,0.211098547,0.555133498,-0.785313,-0.311863691,-0.608892289,0.203572268,-0.32950632,-0.531016247,-0.460000247,0.150136172,0.872056581,0.779187583,-0.330905598,-0.127007785,1.213578409,2.009188051,0.746398161,-2.814633875
2.0204,0.209412273,0.55242163,-0.787645131,-0.311071593,-0.604433093,0.207510487,-0.3311571,-0.531531118,-0.453890147,0.160340726,0.875683803,0.764647093,-0.328626089,-0.118325664,1.23021839,1.991548011,0.715461251,-2.872530936
2.0255,0.207717601,0.549707249,-0.789945857,-0.31022766,-0.599955783,0.211373768,-0.332796654,-0.532001521,-0.44769568,0.17045524,0.879152331,0.749812011,-0.326341978,-0.109570311,1.24670166,1.973682509,0.684364305,-2.92971254
2.0309,0.206014596,0.546990582,-0.792214777,-0.309332354,-0.595461187,0.215160615,-0.334424535,-0.53242751,-0.44141762,0.18047752,0.882460871,0.734686361,-0.324048647,-0.100748841,1.262997952,1.955623761,0.653080153,-2.986151821
2.036,0.204303307,0.544271856,-0.794451436,-0.308386122,-0.590950116,0.21886959,-0.336041024,-0.532808769,-0.435057109,0.190407304,0.885608434,0.719274879,-0.321753507,-0.091869197,1.279113265,1.937414658,0.621596214,-3.041797846
2.0411,0.202583794,0.541551296,-0.79665542,-0.307389436,-0.586423402,0.222499208,-0.337646209,-0.533145131,-0.428615011,0.200243898,0.888594867,0.703580712,-0.319454696,-0.082942158,1.295031243,1.919083372,0.589889383,-3.096640892
2.0462,0.200856115,0.538829137,-0.798826311,-0.306342823,-0.58188186,0.226048042,-0.339240073,-0.533435856,-0.422092257,0.209986675,0.891418295,0.687608144,-0.317152893,-0.073973287,1.310740568,1.900627747,0.557951982,-3.150647483
2.0513,0.199120337,0.536105612,-0.800963732,-0.305246717,-0.577326334,0.229514678,-0.340822178,-0.53368116,-0.415489996,0.219635032,0.894077283,0.67136141,-0.314843282,-0.064970644,1.326207905,1.882100615,0.525763372,-3.203788773
2.0564,0.197376508,0.533380951,-0.80306725,-0.304101594,-0.572757684,0.232897769,-0.342392811,-0.533880895,-0.408809655,0.229188887,0.896570995,0.654845987,-0.312533072,-0.055942973,1.341438623,1.863531826,0.493296466,-3.256010101
2.0615,0.195624686,0.530655389,-0.805136473,-0.302907966,-0.56817672,0.236195913,-0.343951968,-0.534034542,-0.402052381,0.238648451,0.898897929,0.638065768,-0.310222503,-0.046898571,1.356415868,1.844926478,0.460559441,-3.307302901
2.0666,0.193864942,0.527929156,-0.807171041,-0.301666313,-0.563584306,0.239407781,-0.345499323,-0.534142558,-0.395219442,0.248012472,0.901056248,0.621025787,-0.307904022,-0.037848384,1.37110834,1.826309487,0.427533442,-3.357629961
2.0717,0.192097328,0.525202488,-0.809170542,-0.300377101,-0.558981323,0.242532096,-0.347035255,-0.534204827,-0.388312388,0.257281696,0.903044418,0.603731722,-0.305582371,-0.028799053,1.385518924,1.807713712,0.394194747,-3.406938212
2.0768,0.190321898,0.52247562,-0.8111346,-0.299040813,-0.554368634,0.245567531,-0.348559654,-0.534221377,-0.381332788,0.266456281,0.904861744,0.58618797,-0.303260194,-0.019759515,1.399635587,1.789159504,0.360533623,-3.455218809
2.082,0.18853871,0.519748785,-0.813062847,-0.297657976,-0.54974711,0.248512831,-0.350072517,-0.534191868,-0.374281973,0.275536317,0.906505742,0.568399963,-0.30093752,-0.010738102,1.413444124,1.770638858,0.326543453,-3.502437003
2.087,0.186747841,0.517022216,-0.814954956,-0.296229023,-0.545117647,0.251366765,-0.35157361,-0.534116825,-0.367161599,0.284522096,0.907974897,0.550372995,-0.298604265,-0.001743051,1.426911166,1.752198498,0.292207576,-3.548560787
2.0922,0.184949334,0.514296142,-0.816810546,-0.294754433,-0.540481138,0.254128166,-0.353063109,-0.533996306,-0.3599736,0.293414068,0.909267114,0.532113713,-0.296269829,0.007214671,1.440042319,1.733854478,0.2575171,-3.593535309
2.0973,0.183143252,0.511570799,-0.818629281,-0.293234711,-0.535838491,0.256795819,-0.354541104,-0.533830209,-0.352719627,0.302213234,0.910381479,0.513627479,-0.293931733,0.016129702,1.452821243,1.715605133,0.222459633,-3.637354217
2.1024,0.181329666,0.50884643,-0.820410836,-0.291670327,-0.531190624,0.259368586,-0.356007249,-0.533619472,-0.345401935,0.310918989,0.911315369,0.494920175,-0.291582262,0.025001245,1.465229016,1.697466171,0.187023622,-3.679982886
2.1074,0.179508624,0.506123249,-0.822154879,-0.290061716,-0.526538455,0.261845396,-0.357461811,-0.533364049,-0.338021921,0.319531985,0.912066638,0.47599863,-0.289228281,0.033813566,1.477259378,1.679472472,0.151204187,-3.721364264
2.1125,0.177680169,0.50340148,-0.823861097,-0.28840939,-0.521882911,0.264225117,-0.358904998,-0.533063958,-0.330581746,0.32805405,0.912633935,0.456868998,-0.286879745,0.042556938,1.488899513,1.661607804,0.114997614,-3.76149972
2.1176,0.175844384,0.500681355,-0.825529208,-0.286713785,-0.517224965,0.266506683,-0.360336184,-0.532719871,-0.323082952,0.336485401,0.913014298,0.437536455,-0.284521589,0.05122682,1.500125177,1.643899512,0.078378376,-3.800368532
2.1228,0.174001321,0.497963099,-0.827158899,-0.284975362,-0.512565564,0.268689154,-0.36175574,-0.532332279,-0.315527956,0.344826857,0.913206131,0.418009087,-0.282157998,0.059818458,1.510937265,1.626355904,0.041345419,-3.837896396
2.1279,0.172151041,0.495246932,-0.828749884,-0.283194602,-0.507905668,0.270771507,-0.363163638,-0.531901088,-0.307918993,0.353079746,0.913208034,0.39829323,-0.279788757,0.06832313,1.521326831,1.608967656,0.003895012,-3.874079104
2.133,0.170293611,0.492533073,-0.83030193,-0.28137196,-0.503246256,0.272752799,-0.364559425,-0.531427168,-0.300258201,0.361243852,0.913017138,0.378396028,-0.277408153,0.076735098,1.531260983,1.591740619,-0.033980853,-3.9088864
2.1382,0.168429084,0.489821743,-0.831814747,-0.27950786,-0.498588319,0.274632169,-0.365943463,-0.530910898,-0.292548084,0.369320453,0.912631258,0.358324948,-0.27502019,0.08505107,1.540748776,1.574693268,-0.072288081,-3.942260909
2.1433,0.166557521,0.487113157,-0.833288085,-0.277602745,-0.49393285,0.276408695,-0.367315508,-0.530352987,-0.284790835,0.377310681,0.912048909,0.338086782,-0.272624202,0.093265627,1.549782591,1.55782912,-0.111028531,-3.974204667
2.1485,0.164678975,0.484407522,-0.834721713,-0.275657099,-0.489280861,0.278081556,-0.368675735,-0.529753456,-0.276988698,0.385215306,0.911267351,0.317689019,-0.270224393,0.101371781,1.558350881,1.541123815,-0.150208012,-4.004681659
2.1535,0.162793527,0.481705053,-0.836115441,-0.273671302,-0.484633381,0.279649948,-0.370023783,-0.529113171,-0.269144117,0.393035327,0.910284022,0.2971392,-0.26780768,0.109368186,1.566425774,1.524610588,-0.189832762,-4.033668584
2.1587,0.160901226,0.479005956,-0.837469023,-0.271645794,-0.479991442,0.281113166,-0.37135989,-0.528432905,-0.261259675,0.400771505,0.909096642,0.276445483,-0.265380494,0.117250857,1.574021483,1.508284863,-0.229906313,-4.061107915
2.1638,0.159002137,0.47631043,-0.838782261,-0.26958102,-0.475356083,0.282470451,-0.372683893,-0.527712742,-0.253337835,0.408425377,0.90770375,0.255615454,-0.262939699,0.125014278,1.581130812,1.492131926,-0.270425511,-4.086998762
2.1688,0.157096328,0.473618676,-0.840055007,-0.267477399,-0.470728366,0.283721123,-0.373995404,-0.526953705,-0.245381048,0.415996696,0.906102238,0.234657175,-0.260481561,0.132656011,1.587725455,1.47615256,-0.311396257,-4.11131666
2.1739,0.155183854,0.470930899,-0.841287054,-0.265335331,-0.466109362,0.2848646,-0.375294755,-0.526156409,-0.237391999,0.423486981,0.904290004,0.213579018,-0.258009764,0.140178464,1.593821869,1.460353309,-0.352819639,-4.134005571
2.179,0.153264775,0.468247285,-0.842478244,-0.263155226,-0.46150014,0.285900236,-0.376581874,-0.525321481,-0.229373243,0.430897142,0.902265371,0.192388967,-0.25552362,0.147574778,1.599415181,1.444730981,-0.394689988,-4.155071339
2.1844,0.151339156,0.465568025,-0.843628431,-0.260937532,-0.456901804,0.286827487,-0.377856687,-0.524449155,-0.221327354,0.43822801,0.90002553,0.171095474,-0.253022429,0.154844032,1.604501422,1.429257161,-0.437012925,-4.174486546
2.1895,0.149407067,0.462893314,-0.844737521,-0.258682603,-0.452315458,0.287645843,-0.379118691,-0.52354048,-0.213256882,0.445480405,0.897567973,0.149707116,-0.250500029,0.161990689,1.609055603,1.413956483,-0.479786887,-4.192229213
2.1947,0.147468566,0.460223333,-0.845805366,-0.256390839,-0.447742221,0.288354895,-0.380368197,-0.52259619,-0.205164603,0.452655294,0.894890499,0.128232667,-0.247960016,0.169011693,1.613092674,1.398821302,-0.523012085,-4.208243605
2.1998,0.145523717,0.457558258,-0.846831849,-0.254062659,-0.443183203,0.288954177,-0.381605113,-0.52161642,-0.197053039,0.459753881,0.89199146,0.10668072,-0.24540163,0.175905021,1.616618666,1.383831895,-0.56667469,-4.222535985
2.205,0.143572593,0.454898273,-0.847816921,-0.251698451,-0.438639558,0.289443318,-0.38282892,-0.520602119,-0.188924858,0.466775867,0.888867995,0.085060115,-0.242818668,0.182674276,1.619608848,1.368981829,-0.610779534,-4.235084356
2.2102,0.141615252,0.452243555,-0.848760465,-0.249298579,-0.434112436,0.289822037,-0.384039911,-0.519554013,-0.18078284,0.473722391,0.885517862,0.063380081,-0.240214695,0.189322965,1.622085676,1.354278012,-0.655321573,-4.245837954
2.2153,0.139651759,0.449594275,-0.849662419,-0.246863431,-0.42960298,0.290090004,-0.385237978,-0.518472715,-0.172629599,0.480594276,0.881939489,0.04164964,-0.237588941,0.195852472,1.624050363,1.339710531,-0.700284211,-4.254807851
2.2204,0.137682182,0.446950595,-0.850522733,-0.244393424,-0.425112383,0.290246984,-0.386423007,-0.517358428,-0.164467742,0.487392136,0.878130205,0.019878147,-0.234940663,0.20226027,1.625505093,1.325247219,-0.745671718,-4.261974149
2.2256,0.135706595,0.444312679,-0.851341404,-0.241888888,-0.420641831,0.290292796,-0.387594458,-0.516212176,-0.156299817,0.494116557,0.874087756,-0.001925248,-0.232263697,0.208549102,1.626431074,1.310909334,-0.79147841,-4.267315464
2.2307,0.13372506,0.441680697,-0.852118372,-0.239350203,-0.416192518,0.290227349,-0.388752603,-0.515034548,-0.148128555,0.500767938,0.869810027,-0.023751118,-0.229561677,0.214726413,1.626854376,1.296683359,-0.837695312,-4.270784686
2.2358,0.131737648,0.439054801,-0.852853628,-0.236777759,-0.411765625,0.290050496,-0.389897411,-0.513825705,-0.139956509,0.507347517,0.865295605,-0.045589958,-0.226831612,0.22079076,1.626779806,1.282548934,-0.884296891,-4.272399333
2.2409,0.129744434,0.436435156,-0.85354721,-0.234171928,-0.407362388,0.289762204,-0.391028216,-0.512586613,-0.131786157,0.513854808,0.860542112,-0.067432258,-0.224069991,0.226750805,1.626191161,1.26849498,-0.931285563,-4.272138962
2.2459,0.127745479,0.433821914,-0.854199096,-0.231533055,-0.402984033,0.289362528,-0.392145276,-0.511317794,-0.12362015,0.520290538,0.8555474,-0.089268344,-0.221280529,0.232610075,1.625117059,1.254524071,-0.978648755,-4.269959899
2.2511,0.125740854,0.431215226,-0.854809311,-0.228861501,-0.398631768,0.288851468,-0.393248449,-0.510019753,-0.115460838,0.526655214,0.850310247,-0.111088276,-0.218462657,0.23837239,1.623567392,1.240629452,-1.026357502,-4.265882999
2.2562,0.123730631,0.428615232,-0.855377904,-0.226157668,-0.394306856,0.288229136,-0.394337589,-0.508692574,-0.107310636,0.532949141,0.844828387,-0.132882442,-0.215615881,0.244037476,1.621545728,1.226777527,-1.074408348,-4.259893664
2.2613,0.12171489,0.426022084,-0.855904959,-0.223421868,-0.390010557,0.287495687,-0.395412122,-0.507337042,-0.099171979,0.539172587,0.839100104,-0.154640855,-0.21273434,0.249612731,1.619041738,1.21298843,-1.122789934,-4.25198113
2.2663,0.119693706,0.423435928,-0.856390506,-0.220654466,-0.385744137,0.286651382,-0.396472279,-0.505953701,-0.091047348,0.545325837,0.833123851,-0.176353908,-0.209817114,0.255105182,1.616087224,1.199248086,-1.171487099,-4.242104467
2.2715,0.117667144,0.420856898,-0.856834616,-0.217855844,-0.381508831,0.285696422,-0.39751789,-0.504542561,-0.082938905,0.55140949,0.826898529,-0.198011447,-0.206868784,0.260515084,1.61269515,1.185533272,-1.220460703,-4.230290407
2.2766,0.115635288,0.418285142,-0.85723742,-0.215026359,-0.377305941,0.284631118,-0.398548371,-0.503104428,-0.074848916,0.557422833,0.820422223,-0.219603466,-0.203883673,0.265852598,1.608852413,1.171834919,-1.269707063,-4.216530231
2.2817,0.113598207,0.415720796,-0.85759898,-0.212166347,-0.373136747,0.283455883,-0.399563956,-0.501639659,-0.066779696,0.563366264,0.813693706,-0.241120255,-0.200865973,0.271122545,1.604592846,1.158155547,-1.319202115,-4.200787854
2.2868,0.111555976,0.413163997,-0.857919408,-0.209276166,-0.369002513,0.282171073,-0.400564479,-0.500148381,-0.05873334,0.569240063,0.806712217,-0.26255147,-0.197815633,0.276330112,1.599928738,1.14448628,-1.368907471,-4.183092477
2.2919,0.109508673,0.410614882,-0.858198822,-0.206356182,-0.364904569,0.280777117,-0.401549773,-0.498630993,-0.050711768,0.575043519,0.79947659,-0.283886277,-0.194732728,0.281483136,1.594875603,1.130810398,-1.418819567,-4.163463778
2.297,0.107456389,0.40807358,-0.858437374,-0.203406747,-0.36084421,0.279274599,-0.402519344,-0.49708787,-0.042717476,0.580777204,0.791985536,-0.305116347,-0.191609692,0.286584332,1.589434295,1.117123449,-1.46890952,-4.141858414
2.3022,0.1053992,0.405540209,-0.858635196,-0.200428208,-0.356822728,0.277664068,-0.403473303,-0.495518974,-0.034751877,0.586441051,0.784238132,-0.326230398,-0.188448821,0.291631789,1.58362572,1.103422022,-1.519142701,-4.118289371
2.3073,0.103337174,0.403014917,-0.858792453,-0.19742094,-0.352841424,0.275946119,-0.404411372,-0.493924743,-0.02681642,0.592035451,0.776234556,-0.347218766,-0.185257679,0.296640801,1.577455307,1.089686515,-1.569484487,-4.092772833
2.3124,0.101270409,0.400497831,-0.858909301,-0.194385304,-0.34890163,0.274121456,-0.405333167,-0.492305362,-0.018913831,0.59755928,0.767973682,-0.368072294,-0.182026414,0.301616558,1.570940361,1.075906765,-1.619918044,-4.065291886
2.3175,0.09919898,0.39798908,-0.858985893,-0.191321644,-0.345004649,0.272190777,-0.406238907,-0.490661193,-0.011045285,0.603012521,0.759454832,-0.388779889,-0.17876023,0.30656394,1.564107728,1.062084081,-1.6704043,-4.035867956
2.3226,0.097122957,0.395488778,-0.859022404,-0.188230335,-0.341151785,0.270154823,-0.407128537,-0.488991873,-0.003212362,0.608395527,0.750678864,-0.409332115,-0.175467595,0.311480812,1.556973039,1.048201544,-1.720904184,-4.004526116
2.3277,0.09504244,0.392997065,-0.859019044,-0.185111735,-0.337344378,0.268014423,-0.408001285,-0.487297832,0.004583812,0.613707057,0.741644939,-0.429719005,-0.172139323,0.316379869,1.549538067,1.034254282,-1.771396434,-3.971274454
2.3328,0.092957509,0.390514062,-0.858976003,-0.181966196,-0.333583736,0.265770472,-0.408857488,-0.485579258,0.012340829,0.618947293,0.732353504,-0.449931836,-0.168778461,0.321263343,1.541821168,1.020242021,-1.821841931,-3.936109781
2.338,0.090868251,0.388039887,-0.858893467,-0.178794077,-0.329871167,0.263423872,-0.409696779,-0.483835821,0.020057725,0.624115995,0.722804289,-0.469959692,-0.165386141,0.326131278,1.533847442,1.006160733,-1.87219813,-3.899060234
2.3431,0.088774757,0.385574679,-0.858771657,-0.175595764,-0.326207968,0.260975577,-0.410518683,-0.482067876,0.027733824,0.629213075,0.712998999,-0.489793128,-0.161960486,0.330995905,1.525623865,0.991992593,-1.922417931,-3.860152286
2.3483,0.086677107,0.383118557,-0.858610767,-0.172371612,-0.322595491,0.258426615,-0.411323457,-0.480275538,0.035367414,0.63423758,0.70293703,-0.509424138,-0.158507211,0.335858947,1.517179601,0.97773937,-1.972487376,-3.819399702
2.3533,0.084575392,0.380671651,-0.85841102,-0.169121989,-0.319034981,0.255778042,-0.412111059,-0.478458696,0.0429573,0.639189171,0.692620271,-0.528841845,-0.155025508,0.340726845,1.508528332,0.963397714,-2.022328145,-3.776830681
2.3585,0.082469704,0.378234074,-0.858172638,-0.1658473,-0.315527775,0.253030958,-0.412881241,-0.476617025,0.050502577,0.644067332,0.682049732,-0.548037173,-0.151514693,0.345596605,1.49968863,0.948942713,-2.071920783,-3.73247875
2.3636,0.080360135,0.375805964,-0.857895891,-0.162547892,-0.312075163,0.250186528,-0.413633446,-0.474750794,0.058002264,0.648871414,0.671226794,-0.567000882,-0.147975937,0.350479684,1.490652188,0.934386266,-2.121220398,-3.686367445
2.3687,0.078246766,0.373387447,-0.857580977,-0.159224141,-0.308678436,0.247245991,-0.414367958,-0.472859926,0.065455349,0.653600995,0.660153054,-0.585724947,-0.144415404,0.355379582,1.481456804,0.91972591,-2.170185889,-3.638506432
2.3738,0.076129692,0.370978637,-0.857228136,-0.155876432,-0.305338821,0.244210552,-0.415084768,-0.470944037,0.07286127,0.658255424,0.648830617,-0.604199978,-0.140832719,0.360292655,1.472118182,0.904954661,-2.218740534,-3.588954458
2.3789,0.07400901,0.368579678,-0.856837626,-0.152505179,-0.302057621,0.241081495,-0.415783247,-0.469003436,0.080219721,0.662834184,0.637261229,-0.622417454,-0.137227059,0.365232013,1.462642835,0.890051175,-2.266860593,-3.53775212
2.3839,0.07188481,0.366190691,-0.856409692,-0.149110744,-0.298836094,0.237860201,-0.416463693,-0.467037886,0.087529018,0.667336629,0.625447531,-0.640369596,-0.133599983,0.370197909,1.453045917,0.875026294,-2.314499483,-3.484908815
2.3891,0.069757179,0.363811804,-0.855944566,-0.145693509,-0.295675434,0.234548012,-0.417126014,-0.465047245,0.094789122,0.671762142,0.613392278,-0.658047269,-0.129958561,0.375192981,1.443353768,0.859881383,-2.361579847,-3.430486963
2.3945,0.067626216,0.361443135,-0.855442503,-0.142253903,-0.292576911,0.231146334,-0.41777013,-0.463031067,0.101999475,0.676110053,0.60109807,-0.675442857,-0.126300156,0.380212708,1.433578265,0.844593657,-2.408077572,-3.374535553
2.3998,0.065492016,0.359084825,-0.854903795,-0.138792297,-0.289541735,0.227656647,-0.418395549,-0.46098951,0.109159734,0.680379664,0.58856801,-0.692548328,-0.122626525,0.385266996,1.423711305,0.829174834,-2.453941383,-3.31708606
2.4058,0.063354665,0.356737008,-0.854328658,-0.135309093,-0.286571101,0.224080476,-0.419002621,-0.458922489,0.116269529,0.684570298,0.575805669,-0.709357041,-0.118944364,0.390360084,1.413790883,0.813622236,-2.499119255,-3.258167764
2.4109,0.061214261,0.354399799,-0.853717353,-0.131804691,-0.283666139,0.220419314,-0.419591405,-0.456829415,0.123328718,0.688681172,0.562814851,-0.725860868,-0.115253764,0.395484179,1.403827755,0.797935824,-2.543531408,-3.197853374
2.4159,0.059070901,0.352073343,-0.853070155,-0.128279529,-0.28082805,0.216674739,-0.420161344,-0.454710414,0.130337504,0.692711655,0.549599219,-0.742052704,-0.111554306,0.400648506,1.39382555,0.782096271,-2.587151765,-3.136189148
2.4211,0.056924683,0.349757773,-0.852387324,-0.124733993,-0.27805797,0.212848389,-0.420712808,-0.452565279,0.137294691,0.696660999,0.536162946,-0.757926772,-0.107847877,0.405854317,1.383796303,0.766116424,-2.629927574,-3.073207033
2.4262,0.054775694,0.347453226,-0.8516691,-0.121168505,-0.275356966,0.208941872,-0.421245876,-0.45039389,0.144200714,0.700528376,0.522510852,-0.773475508,-0.104139489,0.411104979,1.373763019,0.749992118,-2.671778725,-3.008979504
2.4313,0.05262403,0.345159821,-0.850915751,-0.117583503,-0.272726174,0.204956866,-0.42176034,-0.448195632,0.151055471,0.704313116,0.508647411,-0.788692792,-0.100431561,0.416391839,1.363734044,0.733709644,-2.712678947,-2.943557096
2.4364,0.050469791,0.342877708,-0.850127572,-0.113979387,-0.270166655,0.200895082,-0.422255893,-0.445970605,0.157859057,0.708014241,0.494577717,-0.803572559,-0.096723361,0.421723274,1.353697561,0.717282259,-2.752573142,-2.876991552
2.4415,0.048313067,0.340607028,-0.849304789,-0.110356586,-0.26767945,0.196758282,-0.422733057,-0.443718472,0.164611618,0.711631214,0.480306924,-0.818110002,-0.093019286,0.427102295,1.343685376,0.700708777,-2.791411572,-2.809322023
2.4466,0.046153949,0.338347903,-0.848447658,-0.106715535,-0.265265526,0.192548191,-0.423191763,-0.441438809,0.171313204,0.715163179,0.465840926,-0.832298768,-0.089324244,0.432519906,1.333709107,0.683985962,-2.829115431,-2.740627599
2.4518,0.043992539,0.336100487,-0.847556456,-0.103056688,-0.26292591,0.18826661,-0.423631639,-0.439131705,0.177964505,0.718609445,0.451185264,-0.846133762,-0.085635076,0.437983892,1.323765658,0.667100995,-2.865660382,-2.670959934
2.4569,0.041828941,0.333864935,-0.846631428,-0.099380463,-0.260661557,0.183915354,-0.424053323,-0.436797312,0.184564294,0.721969014,0.436346073,-0.859610166,-0.081948809,0.44350336,1.313872088,0.650067985,-2.9009988,-2.600376153
2.462,0.039663234,0.331641361,-0.845672848,-0.095687316,-0.258473337,0.17949629,-0.424456752,-0.434434674,0.191114256,0.725241518,0.421329912,-0.872724336,-0.078275271,0.449060794,1.304025248,0.63287702,-2.935051921,-2.528917853
2.4672,0.037495509,0.329429923,-0.844680951,-0.091977697,-0.256362187,0.175011247,-0.424841695,-0.432043982,0.197614165,0.728425739,0.406143181,-0.885470988,-0.074618752,0.45466583,1.294244612,0.615528118,-2.967800851,-2.456663332
2.4723,0.035325872,0.327230767,-0.843656016,-0.088252049,-0.254328968,0.170462105,-0.425208119,-0.429624789,0.204063925,0.731521091,0.390793146,-0.897846314,-0.070973124,0.460317888,1.284520878,0.598026036,-2.999205697,-2.383672584
2.4774,0.033154409,0.325044022,-0.842598272,-0.084510826,-0.252374472,0.16585077,-0.425556507,-0.427176677,0.210464286,0.734526792,0.375285691,-0.909846805,-0.067344784,0.466007003,1.274873464,0.580371053,-3.029204605,-2.310000937
2.4825,0.030981207,0.322869856,-0.841507991,-0.080754505,-0.250499467,0.161179173,-0.425886651,-0.424699734,0.216816134,0.737442038,0.359629451,-0.92146871,-0.063737705,0.471744927,1.265295496,0.562553779,-3.05774697,-2.23570062
2.4876,0.028806375,0.320708409,-0.840385399,-0.07698354,-0.248704722,0.156449282,-0.426198635,-0.422193725,0.223119353,0.74026581,0.3438312,-0.932709947,-0.060143096,0.477525747,1.255803962,0.544579292,-3.084807685,-2.160809514
2.4928,0.026629998,0.318559833,-0.839230768,-0.073198392,-0.246990919,0.15166302,-0.426492744,-0.419658532,0.229373944,0.74299773,0.327898222,-0.943566768,-0.056566955,0.483350642,1.246387112,0.526453018,-3.110333407,-2.085401589
2.4979,0.024452163,0.316424266,-0.838044321,-0.069399548,-0.245358749,0.146822336,-0.426769184,-0.417093438,0.235580741,0.745636796,0.311838812,-0.954036908,-0.053013083,0.48921143,1.237061962,0.508166054,-3.134302368,-2.009541696
2.503,0.022272955,0.314301869,-0.836826322,-0.065587475,-0.243808806,0.141929221,-0.427027771,-0.41449866,0.241740594,0.748181997,0.295661763,-0.964118079,-0.049484878,0.495112156,1.227816701,0.489723667,-3.156661857,-1.933276806
2.5081,0.020092481,0.312192798,-0.835577014,-0.061762647,-0.242341702,0.136985699,-0.427268611,-0.411874094,0.247853093,0.750632758,0.279374703,-0.973809017,-0.045972952,0.501053607,1.218653048,0.471131171,-3.177398224,-1.856638917
2.5132,0.017910824,0.310097194,-0.834296613,-0.057925562,-0.240957955,0.131993717,-0.427492006,-0.409219042,0.253919201,0.752988086,0.262985408,-0.983107414,-0.042482694,0.507027229,1.209583959,0.452379255,-3.196467891,-1.779710211
2.5183,0.015728064,0.308015224,-0.832985372,-0.054076705,-0.239658053,0.126955297,-0.427697874,-0.406533631,0.259939789,0.755247482,0.24650369,-0.992011684,-0.039019325,0.513039297,1.20060109,0.433470987,-3.213838992,-1.70253126
2.5234,0.013544307,0.305947043,-0.831643501,-0.050216569,-0.238442479,0.121872483,-0.427886329,-0.403817876,0.265914817,0.757409947,0.229937613,-1.000521452,-0.035572963,0.519087966,1.191717495,0.414407112,-3.229506163,-1.625132148
2.5285,0.011359628,0.303892806,-0.830271258,-0.046345652,-0.237311618,0.11674726,-0.428057783,-0.401071594,0.271844343,0.759474577,0.21329534,-1.008634944,-0.032151085,0.52517105,1.182917632,0.395185501,-3.243434472,-1.547580372
2.5337,0.009174109,0.301852659,-0.82886883,-0.042464453,-0.236265856,0.111581654,-0.428212471,-0.398294121,0.277729674,0.761440886,0.196586267,-1.016351184,-0.028756677,0.531279618,1.174225239,0.375809157,-3.25561918,-1.469918118
2.5387,0.006987845,0.299826768,-0.8274365,-0.038573479,-0.235305513,0.106377692,-0.428349906,-0.395485728,0.28357086,0.76330777,0.179819627,-1.023669923,-0.025384579,0.537416992,1.165605513,0.356276158,-3.266047937,-1.392188038
2.5438,0.004800924,0.2978153,-0.825974455,-0.034673242,-0.23443086,0.101137416,-0.428470609,-0.392646261,0.289368427,0.765074528,0.1630042,-1.030592131,-0.022034108,0.543585854,1.157079085,0.336584249,-3.274709222,-1.314422954
2.5489,0.002613428,0.295818397,-0.824482916,-0.030764248,-0.233642072,0.095862836,-0.428574896,-0.389775179,0.295122846,0.766740362,0.146149206,-1.037116527,-0.018705261,0.549774681,1.148644347,0.316738585,-3.281563245,-1.236673188
2.554,0.000425444,0.293836228,-0.822962118,-0.026847017,-0.232939374,0.090555974,-0.42866226,-0.386872782,0.300834967,0.768304585,0.129263596,-1.043243187,-0.015397346,0.555986529,1.140290166,0.296737058,-3.286634857,-1.158977846
2.5594,-0.001762944,0.291868962,-0.821412281,-0.022922069,-0.2323229,0.085218895,-0.428733215,-0.383938948,0.306504266,0.769766405,0.112356462,-1.048973348,-0.012109268,0.562223818,1.132011734,0.276580087,-3.289923307,-1.081350502
2.5648,-0.003951652,0.28991676,-0.819833601,-0.018989937,-0.231792717,0.07985357,-0.428787862,-0.380973551,0.312131665,0.771125015,0.09543641,-1.054307109,-0.008840358,0.568484032,1.123818071,0.256263115,-3.291419856,-1.003854552
2.57,-0.006140597,0.287979762,-0.818226287,-0.015051141,-0.231348865,0.074462046,-0.428826295,-0.377976205,0.317717493,0.772379614,0.078514002,-1.059244565,-0.005589835,0.574752773,1.115708752,0.235791275,-3.291130267,-0.926505789
2.5759,-0.008329696,0.286058148,-0.816590591,-0.011106222,-0.230991359,0.069046333,-0.428848195,-0.374947052,0.323262109,0.773529194,0.061597468,-1.063786757,-0.002356269,0.58103769,1.107656112,0.215159545,-3.289077673,-0.849336829
2.5809,-0.010518866,0.284152084,-0.814926684,-0.007155713,-0.23072015,0.063608457,-0.428854054,-0.371886112,0.328765953,0.774573252,0.044695659,-1.067935878,0.000861864,0.587338603,1.099678852,0.19437028,-3.285277807,-0.772365293
2.586,-0.012708025,0.282261717,-0.813234775,-0.003200155,-0.230535083,0.05815042,-0.428843949,-0.368792924,0.334229401,0.775510781,0.027817737,-1.071691673,0.004065618,0.593643452,1.091773641,0.173423423,-3.279713093,-0.695618637
2.5911,-0.014897091,0.280387222,-0.811515084,0.000759912,-0.230436062,0.052674222,-0.428817539,-0.365667968,0.339653198,0.776341085,0.01097258,-1.075055247,0.00725667,0.599957071,1.083927814,0.152321145,-3.272432661,-0.619120156
2.5962,-0.017085983,0.278528763,-0.809767817,0.00472393,-0.230422898,0.047181858,-0.428775499,-0.362511003,0.345036709,0.777063358,-0.005831121,-1.078027912,0.01043648,0.606276468,1.076135228,0.131058334,-3.263459676,-0.542888378
2.6013,-0.019274615,0.276686505,-0.807993164,0.008691347,-0.230495339,0.041675325,-0.428717571,-0.359322101,0.350380628,0.77767678,-0.022585488,-1.080612501,0.013608595,0.612601186,1.068401166,0.109634677,-3.252809409,-0.466936717
2.6063,-0.021462916,0.274860593,-0.80619132,0.012661612,-0.230653108,0.036156595,-0.428644008,-0.356100968,0.355685354,0.778180544,-0.039280607,-1.082809157,0.016769404,0.61891629,1.060724215,0.088054657,-3.240511622,-0.391283959
2.6114,-0.023650801,0.273051215,-0.804362522,0.016634153,-0.230895904,0.030627645,-0.428554344,-0.352847825,0.360951008,0.778573728,-0.055908903,-1.084619232,0.019923056,0.625233796,1.053078462,0.066310317,-3.226610468,-0.315942355
2.6165,-0.025838184,0.271258526,-0.802506931,0.020608408,-0.231223369,0.025090442,-0.428448912,-0.349562681,0.366177899,0.778855601,-0.0724624,-1.086045877,0.023073983,0.63154582,1.045481943,0.044403385,-3.211144498,-0.240921548
2.6215,-0.02802499,0.269482677,-0.800624746,0.024583802,-0.231635049,0.019546937,-0.428328038,-0.346245282,0.371366268,0.77902543,-0.088933032,-1.087089429,0.026220912,0.637842376,1.037930825,0.022330874,-3.194120935,-0.166234492
2.6267,-0.030211148,0.267723844,-0.798716176,0.028559775,-0.23213055,0.013999079,-0.42819134,-0.342896208,0.376516724,0.779082284,-0.105313034,-1.087751606,0.029360237,0.644127782,1.030412099,9.95E-05,-3.175610705,-0.09188816
2.6318,-0.03239656,0.265982193,-0.796781421,0.032535736,-0.232709395,0.008448813,-0.428038827,-0.339515417,0.381628492,0.77902523,-0.121595046,-1.088033847,0.032503536,0.650400843,1.022919427,-0.022299018,-3.155660591,-0.017885025
2.6368,-0.034581154,0.264257888,-0.794820661,0.036511102,-0.233371043,0.002898069,-0.427870694,-0.336102871,0.386702334,0.778853411,-0.137772423,-1.087939558,0.035647411,0.656660605,1.015458309,-0.044865845,-3.134303737,0.055769753
2.642,-0.036764851,0.262551069,-0.792834084,0.040485297,-0.234114938,-0.002651234,-0.427686934,-0.332658478,0.391738307,0.778566089,-0.153836678,-1.087469088,0.038793043,0.662889351,1.008027682,-0.067594721,-3.111589145,0.129072163
2.6471,-0.03894757,0.260861917,-0.790821921,0.044457718,-0.234940509,-0.008197183,-0.427487123,-0.329182682,0.396736398,0.778162519,-0.169781969,-1.086624239,0.041942105,0.669096037,1.000601826,-0.09049382,-3.087579459,0.202021413
2.6523,-0.04112923,0.259190588,-0.788784335,0.04842777,-0.235847131,-0.013737875,-0.427271651,-0.325675507,0.401696767,0.777641625,-0.185601622,-1.085408251,0.0450962,0.675274595,0.993194184,-0.113564158,-3.062328028,0.274615946
2.6573,-0.043309747,0.257537234,-0.786721511,0.052394849,-0.236834101,-0.019271408,-0.427040585,-0.322136707,0.406619512,0.777002626,-0.201289367,-1.083821378,0.048258624,0.681417133,0.98580618,-0.136809392,-3.035860307,0.346862719
2.6625,-0.045489046,0.255902037,-0.784633644,0.056358362,-0.237900811,-0.024795924,-0.426793786,-0.318567464,0.41150482,0.77624475,-0.216838554,-1.081864818,0.051427704,0.687534445,0.978432198,-0.160223158,-3.008283015,0.418745553
2.6675,-0.047667037,0.254285143,-0.782520942,0.060317692,-0.239046485,-0.030309493,-0.426530998,-0.314967424,0.416352114,0.775366917,-0.232244912,-1.079541674,0.05460945,0.693614615,0.97105873,-0.183811471,-2.979617037,0.490299422
2.6727,-0.049843643,0.252686697,-0.780383583,0.064272229,-0.240270407,-0.035810313,-0.426252263,-0.31133629,0.421162026,0.774368136,-0.247502572,-1.076853814,0.057802597,0.699647069,0.96369194,-0.207573409,-2.949939347,0.561489523
2.6778,-0.052018795,0.251106863,-0.778221771,0.068221355,-0.241571779,-0.041296488,-0.425957436,-0.307674918,0.425934765,0.773247928,-0.262605664,-1.073802312,0.061000902,0.705633249,0.956319629,-0.231510073,-2.919294247,0.632341011
2.6829,-0.05419239,0.249545798,-0.776035704,0.072164444,-0.242949827,-0.046766141,-0.425646559,-0.303983445,0.430669571,0.772005294,-0.277550059,-1.070389353,0.064217578,0.711571401,0.94893632,-0.255624564,-2.887755816,0.702874783
2.688,-0.056364359,0.248003646,-0.773825548,0.076100869,-0.244403703,-0.052217495,-0.425319658,-0.300261631,0.435366827,0.770639117,-0.292332035,-1.066616954,0.067445911,0.717450759,0.94155332,-0.279917919,-2.855368596,0.77305709
2.6932,-0.058534627,0.246480571,-0.771591503,0.080030001,-0.245932569,-0.057648688,-0.42497648,-0.296510279,0.440026515,0.769148386,-0.306946088,-1.062486025,0.070681665,0.723275175,0.934163051,-0.304389091,-2.822196078,0.842911152
2.6983,-0.060703096,0.244976723,-0.769333769,0.083951195,-0.247535611,-0.063057854,-0.424617166,-0.29272968,0.444648991,0.767532384,-0.321389676,-1.057997246,0.07393515,0.729040441,0.926758615,-0.329044174,-2.788328563,0.912464924
2.7034,-0.062869682,0.243492245,-0.767052545,0.087863818,-0.249211871,-0.068443225,-0.424241418,-0.288920255,0.449233342,0.765790388,-0.335658781,-1.053154567,0.0772068,0.734739747,0.919332641,-0.353878861,-2.753781357,0.981695454
2.7085,-0.065034315,0.242027278,-0.764747987,0.091767225,-0.250960496,-0.073802979,-0.423849676,-0.285081747,0.453780434,0.76392107,-0.349750057,-1.047958169,0.08048922,0.740364484,0.911904896,-0.378893907,-2.718641882,1.050614993
2.7136,-0.067196908,0.24058198,-0.762420336,0.095660752,-0.25278058,-0.079135321,-0.42344116,-0.281215039,0.458289561,0.761923592,-0.363660648,-1.042409737,0.083784952,0.74591836,0.904444312,-0.404097709,-2.682974798,1.119224948
2.7188,-0.069357371,0.239156497,-0.760069757,0.099543747,-0.254671193,-0.084438476,-0.423016103,-0.277320396,0.462760697,0.759797098,-0.377388014,-1.036512198,0.08709697,0.751399632,0.89696567,-0.429488508,-2.646839164,1.187519383
2.7238,-0.07151562,0.237750972,-0.75769644,0.103415545,-0.256631345,-0.089710646,-0.422574627,-0.273398198,0.467193853,0.757540524,-0.390929936,-1.030265697,0.090425022,0.756804285,0.889469426,-0.455069339,-2.610261401,1.255508959
2.729,-0.073671584,0.23636552,-0.755300578,0.107275501,-0.258660135,-0.09495006,-0.422116362,-0.269448677,0.471588935,0.755153033,-0.404284285,-1.023671893,0.093761549,0.762113903,0.881953861,-0.480828415,-2.573330277,1.323193153
2.7341,-0.075825159,0.235000299,-0.752882399,0.111122921,-0.260756599,-0.100154952,-0.421641239,-0.265472604,0.475945585,0.752633678,-0.417449289,-1.016732341,0.097116409,0.767336809,0.874397494,-0.506780529,-2.536098689,1.390572932
2.7395,-0.07797626,0.233655447,-0.750442071,0.114957134,-0.262919745,-0.105323577,-0.421149371,-0.261470324,0.480263735,0.749981379,-0.430424342,-1.009449949,0.100489326,0.772471271,0.866815408,-0.532923323,-2.498606788,1.457639205
2.7448,-0.080124809,0.232331073,-0.74797979,0.118777479,-0.265148602,-0.110454167,-0.42064068,-0.257442129,0.484543456,0.747195297,-0.443206922,-1.001824959,0.103874794,0.77749887,0.859206021,-0.559244452,-2.460909443,1.524401426
2.7499,-0.082270721,0.231027331,-0.745495782,0.122583251,-0.267442207,-0.115544984,-0.420114692,-0.253388742,0.488784252,0.744274595,-0.455796653,-0.993858828,0.10727267,0.782430535,0.851550528,-0.585755495,-2.423068348,1.590855239
2.7552,-0.084413898,0.229744349,-0.742990217,0.126373759,-0.269799579,-0.12059431,-0.419571742,-0.249310662,0.49298603,0.741218198,-0.468193034,-0.985554603,0.110687623,0.787262292,0.843864083,-0.612457994,-2.385134324,1.656986033
2.7604,-0.086554263,0.228482251,-0.740463294,0.13014831,-0.272219679,-0.125600406,-0.419011757,-0.245208408,0.497148627,0.738025035,-0.480395732,-0.976912691,0.114113933,0.791990265,0.836144876,-0.639348638,-2.347122136,1.722797271
2.7655,-0.088691736,0.227241136,-0.737915213,0.133906225,-0.274701562,-0.130561547,-0.418434488,-0.241082352,0.501272077,0.734694284,-0.49240443,-0.967934723,0.117546076,0.796596244,0.82839144,-0.666414025,-2.309102965,1.788287937
2.7706,-0.090826209,0.226021147,-0.735346204,0.137646777,-0.277244244,-0.135476022,-0.417839979,-0.236933291,0.505355851,0.73122502,-0.504219102,-0.958622352,0.120995708,0.801091401,0.820585063,-0.693667152,-2.271120934,1.853450916
2.7757,-0.092957598,0.2248224,-0.732756441,0.141369264,-0.279846708,-0.140342159,-0.417228251,-0.232761801,0.509399819,0.727616303,-0.515840716,-0.948978543,0.124459504,0.805472046,0.812740962,-0.721101079,-2.233199059,1.918261494
2.7808,-0.095085823,0.223644984,-0.730146131,0.145072989,-0.282507976,-0.145158251,-0.416599248,-0.228568307,0.513403883,0.723867242,-0.527268455,-0.939003866,0.127931543,0.809720183,0.804855057,-0.748703566,-2.195379174,1.98271807
2.7858,-0.097210795,0.222489033,-0.727515503,0.148757206,-0.285227087,-0.149922609,-0.415952517,-0.224353659,0.51736758,0.719976838,-0.538503373,-0.92870014,0.131411302,0.813847231,0.796910884,-0.776488947,-2.157709248,2.046814459
2.7909,-0.099332417,0.22135465,-0.724864734,0.152421195,-0.288003054,-0.154633585,-0.415288419,-0.220118389,0.521290961,0.715944275,-0.549546412,-0.918070508,0.134903109,0.817847462,0.788923857,-0.804451553,-2.120218305,2.110521925
2.7959,-0.101450599,0.220241942,-0.722194036,0.156064229,-0.290834854,-0.159289496,-0.414606895,-0.215863247,0.525173696,0.711768659,-0.560398691,-0.907115723,0.138405848,0.821720193,0.780890082,-0.832587585,-2.082906271,2.173839722
2.801,-0.103565268,0.219150985,-0.719503616,0.159685601,-0.293721556,-0.163888685,-0.413907713,-0.211588722,0.529015541,0.707449153,-0.571061049,-0.895837905,0.141908881,0.825447883,0.772807995,-0.860878049,-2.045824161,2.236755075
2.8061,-0.105676318,0.2180819,-0.716793707,0.163284546,-0.296662199,-0.16842951,-0.413190845,-0.20729573,0.532816004,0.702984836,-0.58153483,-0.884239151,0.145421377,0.829042452,0.764661057,-0.889335295,-2.008998165,2.299251386
2.8112,-0.107783663,0.217034779,-0.714064498,0.166860325,-0.299655798,-0.172910369,-0.412456356,-0.202984957,0.53657499,0.698375075,-0.591821865,-0.872322818,0.148940127,0.832501023,0.756462011,-0.917953841,-1.972433105,2.361292174
2.8162,-0.109887214,0.216009687,-0.711316199,0.170412221,-0.302701413,-0.177329624,-0.411704422,-0.198656935,0.54029223,0.693619006,-0.601922423,-0.860090217,0.152463968,0.835806479,0.748209176,-0.946710338,-1.936154759,2.422871328
2.8213,-0.111986884,0.215006734,-0.708549051,0.173939466,-0.305798117,-0.181685659,-0.410934511,-0.194312618,0.543967202,0.688715807,-0.611838345,-0.847543744,0.155989702,0.83897119,0.739885895,-0.975610354,-1.900190084,2.48397312
2.8264,-0.114082575,0.214025998,-0.705763239,0.177441295,-0.308944971,-0.185976915,-0.410147013,-0.189952634,0.547599894,0.683664848,-0.62157136,-0.834686968,0.159521609,0.841990437,0.731507394,-1.004653863,-1.864549407,2.544554828
2.8315,-0.1161742,0.213067564,-0.702958986,0.180916967,-0.312141027,-0.190201787,-0.409341804,-0.185577717,0.551189704,0.678465335,-0.631122712,-0.821521332,0.163056244,0.844867203,0.723069331,-1.03382548,-1.829232845,2.604607071
2.8366,-0.118261677,0.212131479,-0.700136513,0.18436574,-0.315385354,-0.194358702,-0.408518678,-0.181188539,0.554736832,0.673116769,-0.640495185,-0.808049996,0.166588138,0.847582793,0.714567667,-1.063104155,-1.794241434,2.664110696
2.8417,-0.120344892,0.211217834,-0.697296061,0.187786818,-0.318677063,-0.198446115,-0.407678024,-0.176785997,0.558240404,0.667618471,-0.649689769,-0.794275629,0.170131138,0.850148029,0.705988567,-1.092502249,-1.759593878,2.723035503
2.8469,-0.12242377,0.210326698,-0.694437824,0.191179444,-0.322015233,-0.202462515,-0.406819813,-0.172370958,0.561700168,0.66196987,-0.658708916,-0.780202317,0.173674148,0.852563868,0.697346962,-1.122004566,-1.725282069,2.781339429
2.852,-0.124498229,0.209458124,-0.691562042,0.194542853,-0.325399008,-0.206406347,-0.405943651,-0.167944406,0.56511598,0.65617057,-0.667552555,-0.765832317,0.177211551,0.854823755,0.688631297,-1.151597427,-1.691330853,2.839015996
2.8571,-0.126568163,0.208612175,-0.688668945,0.197876289,-0.328827485,-0.210276114,-0.405049746,-0.163506826,0.568486937,0.65022047,-0.67622352,-0.751168914,0.180752693,0.856928829,0.679836942,-1.181260843,-1.65772767,2.896032212
2.8621,-0.12863348,0.207788912,-0.68575875,0.201178958,-0.332299758,-0.214070363,-0.404138081,-0.159058997,0.571813164,0.644119001,-0.684724147,-0.736216423,0.184296916,0.858883328,0.670969039,-1.210995798,-1.624450368,2.952338505
2.8673,-0.130694106,0.206988366,-0.682831686,0.204450109,-0.335814982,-0.217787586,-0.403208462,-0.154601409,0.575094282,0.637865459,-0.693055096,-0.720977659,0.187834112,0.860675017,0.662026111,-1.240773837,-1.59150849,3.007928531
2.8724,-0.132749942,0.206210588,-0.679887992,0.207688968,-0.339372307,-0.221426338,-0.402261117,-0.150135401,0.578329892,0.631460279,-0.701218482,-0.705456461,0.191368868,0.862306259,0.653001836,-1.270579933,-1.558899121,3.062769332
2.8775,-0.134800889,0.205455631,-0.67692791,0.210894737,-0.342970855,-0.224985182,-0.401296048,-0.145661671,0.581519153,0.624903117,-0.709216655,-0.68965662,0.19490553,0.86378396,0.64388936,-1.300412193,-1.526597129,3.116832303
2.8826,-0.136846865,0.204723517,-0.673951665,0.21406666,-0.346609811,-0.228462748,-0.400313464,-0.141180615,0.58466214,0.6181934,-0.717050582,-0.673583166,0.198438451,0.865098804,0.634694209,-1.330241822,-1.494607687,3.170062749
2.8878,-0.138887789,0.204014284,-0.670959497,0.217203946,-0.350288327,-0.231857612,-0.399312989,-0.136693569,0.58775832,0.611331472,-0.724721499,-0.657239657,0.201962293,0.866253762,0.625412711,-1.360058894,-1.462911225,3.222449199
2.8929,-0.140923553,0.203327978,-0.667951657,0.220305837,-0.354005594,-0.235168409,-0.398294849,-0.132201117,0.590806826,0.604317884,-0.73223089,-0.640630273,0.205486691,0.867258931,0.616038108,-1.389834401,-1.431503537,3.273959002
2.898,-0.142954076,0.202664624,-0.66492837,0.223371532,-0.357760759,-0.238393831,-0.39725926,-0.127703816,0.593807613,0.597152545,-0.739580964,-0.623760552,0.209006101,0.868115438,0.606578365,-1.419565122,-1.400350925,3.32453618
2.9032,-0.144979276,0.202024216,-0.66188989,0.22640028,-0.361553032,-0.241532526,-0.396205852,-0.123202567,0.596760232,0.589835364,-0.746772089,-0.606634565,0.212515289,0.868807662,0.597027404,-1.449216044,-1.369450186,3.374168161
2.9083,-0.14699905,0.201406802,-0.658836463,0.229391301,-0.365381615,-0.244583195,-0.395134759,-0.118698262,0.599664213,0.582367199,-0.753805725,-0.589257314,0.216021673,0.869354142,0.587384137,-1.478770761,-1.338788804,3.422823403
2.9134,-0.14901331,0.20081239,-0.65576833,0.232343813,-0.369245706,-0.247544573,-0.394046202,-0.114191751,0.602519098,0.574748477,-0.760683253,-0.571633565,0.219524965,0.869753799,0.577652472,-1.508213962,-1.30834909,3.470465649
2.9186,-0.151021965,0.200240965,-0.652685752,0.235257071,-0.373144479,-0.250415448,-0.392940199,-0.10968361,0.605324419,0.566979548,-0.767406009,-0.553769748,0.223024658,0.869993673,0.567826667,-1.53751043,-1.278091271,3.51704277
2.9237,-0.153024934,0.199692559,-0.649588994,0.238130308,-0.377077175,-0.253194577,-0.391816369,-0.105174611,0.608079368,0.55906214,-0.773974308,-0.535670415,0.226515949,0.870090589,0.55789823,-1.566637891,-1.248016042,3.562536507
2.9288,-0.155022114,0.199167173,-0.646478304,0.240962756,-0.381043006,-0.255880779,-0.390675043,-0.100665683,0.610783744,0.550996651,-0.780389126,-0.517341084,0.230006438,0.870046612,0.547873422,-1.595577546,-1.21810085,3.606910399
2.9338,-0.157013422,0.198664805,-0.643353934,0.243753657,-0.385041164,-0.258472887,-0.389516336,-0.096157334,0.613437165,0.542783994,-0.7866517,-0.498787745,0.233493449,0.869864031,0.53775428,-1.624305746,-1.188308852,3.650135284
2.9389,-0.158998779,0.198185427,-0.640216151,0.246502302,-0.389070897,-0.260969766,-0.388339975,-0.091650301,0.616039039,0.534425476,-0.792762026,-0.480016333,0.236969731,0.869530907,0.527538098,-1.652773618,-1.158634472,3.692181907
2.944,-0.16097808,0.197729058,-0.637065232,0.249207908,-0.393131431,-0.263370331,-0.387146195,-0.087145404,0.618588543,0.525922431,-0.798720857,-0.461033064,0.240445313,0.869067092,0.517216858,-1.680977866,-1.129056663,3.733008905
2.9493,-0.16295124,0.197295682,-0.633901432,0.251869751,-0.397221996,-0.265673556,-0.385935109,-0.082643413,0.621085466,0.517276291,-0.80452833,-0.441844818,0.243917626,0.868472765,0.506797327,-1.708885201,-1.09955658,3.77255963
2.9544,-0.164918168,0.196885257,-0.63072502,0.25448712,-0.401341797,-0.267878362,-0.384706624,-0.078144816,0.623529307,0.508488254,-0.810185462,-0.422457499,0.247389061,0.867736158,0.496279474,-1.736457428,-1.070096319,3.810829139
2.9596,-0.166878785,0.196497789,-0.627536283,0.257059294,-0.405490088,-0.269983755,-0.383460456,-0.073650295,0.625919237,0.499561023,-0.81569162,-0.402877836,0.250852819,0.866875222,0.485655655,-1.763667346,-1.040669632,3.847781712
2.9648,-0.168833003,0.196133259,-0.624335482,0.259585551,-0.4096661,-0.271988817,-0.382197051,-0.06916057,0.628255041,0.490495883,-0.821047125,-0.383113213,0.254309315,0.865895666,0.474933012,-1.79049421,-1.011254892,3.883356722
2.9698,-0.170780721,0.195791642,-0.621122896,0.262065187,-0.413869043,-0.273892581,-0.380916327,-0.06467624,0.630536218,0.481294961,-0.826252564,-0.363170269,0.257765901,0.864800782,0.464111898,-1.816910309,-0.981817086,3.917545099
2.9752,-0.172721867,0.19547288,-0.617898804,0.264497558,-0.418098169,-0.275694149,-0.3796181,-0.060197825,0.632762264,0.471960491,-0.83130708,-0.343056146,0.261213242,0.863576997,0.453192821,-1.842860628,-0.952348193,3.950319196
2.9803,-0.174656335,0.195176961,-0.614663502,0.26688195,-0.422352708,-0.277392664,-0.378302598,-0.055726043,0.634932356,0.462494768,-0.836210462,-0.322778138,0.264661584,0.862240126,0.442168677,-1.868336524,-0.922827317,3.981647056
2.9855,-0.176584043,0.194903859,-0.611417271,0.269217697,-0.426631889,-0.278987361,-0.376969924,-0.05126145,0.637046271,0.452900388,-0.840962393,-0.302344188,0.26810856,0.860798572,0.431042242,-1.893309705,-0.893233973,4.011467373
2.9906,-0.178504898,0.194653507,-0.608160395,0.27150417,-0.430934919,-0.280477418,-0.375619976,-0.046804512,0.6391036,0.443179508,-0.84556314,-0.28176169,0.271556747,0.859238925,0.419816937,-1.917737818,-0.863536834,4.039775467
2.9958,-0.180418823,0.194425889,-0.604893173,0.273740735,-0.43526104,-0.28186209,-0.374252456,-0.042355784,0.641103417,0.433335916,-0.850011537,-0.261038421,0.274999515,0.857579715,0.408488536,-1.94158784,-0.83372717,4.06654568
3.0009,-0.182325722,0.194220962,-0.601615892,0.275926754,-0.439609479,-0.283140731,-0.372867789,-0.037915763,0.643045415,0.423372301,-0.854306658,-0.240182691,0.278442334,0.855824828,0.397062409,-1.964840794,-0.803788187,4.091715932
3.006,-0.184225504,0.194038684,-0.598328846,0.278061619,-0.443979432,-0.284312639,-0.371465865,-0.033485025,0.644929304,0.413291677,-0.85844869,-0.21920225,0.281887835,0.853980527,0.385539681,-1.987468837,-0.773689804,4.115286065
3.011,-0.186118095,0.193878978,-0.595032329,0.280144781,-0.448370128,-0.285377201,-0.370046488,-0.029063956,0.646754498,0.403097369,-0.862436078,-0.19810544,0.285326845,0.852033526,0.373924176,-2.009417805,-0.743422334,4.137225288
3.0161,-0.188003391,0.193741818,-0.591726656,0.282175629,-0.452780783,-0.286333842,-0.368609871,-0.024653032,0.6485202,0.392792646,-0.866267927,-0.176900746,0.288769747,0.850002434,0.362209487,-2.030683238,-0.712973292,4.157508291
3.0212,-0.189881304,0.193627151,-0.588412125,0.284153613,-0.457210594,-0.287182083,-0.367155993,-0.020252674,0.65022622,0.382381177,-0.86994305,-0.155596965,0.29221688,0.847891169,0.35039906,-2.051234584,-0.682320797,4.176078396
3.0263,-0.19175175,0.193534898,-0.585089043,0.286078212,-0.461658749,-0.287921388,-0.365684941,-0.015863317,0.651872075,0.371866285,-0.873461274,-0.134202717,0.29566603,0.845688946,0.338494365,-2.071035189,-0.651442129,4.19294075
3.0314,-0.193614649,0.19346503,-0.581757722,0.287948912,-0.466124454,-0.288551317,-0.364196304,-0.011485474,0.653456971,0.361252895,-0.876820709,-0.112726572,0.299112945,0.843416569,0.326494061,-2.090058234,-0.62033015,4.208070072
3.0365,-0.1954699,0.193417484,-0.57841847,0.289765196,-0.470606892,-0.289071529,-0.362690381,-0.007119397,0.654980739,0.350544592,-0.880020018,-0.09117782,0.302565719,0.84107524,0.314401737,-2.108291754,-0.588967496,4.221410147
3.0416,-0.197317419,0.193392198,-0.575071599,0.291526594,-0.475105238,-0.289481627,-0.361167045,-0.002765429,0.656442913,0.339745371,-0.883058696,-0.069565572,0.306022382,0.838668736,0.302218983,-2.125708529,-0.55733598,4.232966459
3.0467,-0.199157116,0.193389097,-0.571717422,0.293232673,-0.479618693,-0.289781286,-0.35962648,0.001575779,0.657842939,0.328860003,-0.885933843,-0.047899455,0.309483271,0.836193041,0.289949741,-2.142272281,-0.525439145,4.242732706
3.0519,-0.2009889,0.193408141,-0.568356263,0.294882963,-0.484146397,-0.289970302,-0.358068555,0.005904539,0.659180574,0.317891601,-0.888644647,-0.026187606,0.312951027,0.833666507,0.277590792,-2.157985752,-0.49324822,4.250655757
3.057,-0.202812682,0.193449228,-0.564988447,0.296477114,-0.488687493,-0.290048469,-0.356493235,0.010220236,0.660455049,0.306845363,-0.891190168,-0.004440708,0.316425978,0.831071148,0.265141235,-2.172792689,-0.460741623,4.256715338
3.0621,-0.204628385,0.193512303,-0.561614286,0.2980147,-0.493241166,-0.290015601,-0.354900192,0.014522238,0.661666027,0.2957259,-0.893568615,0.017332348,0.319901507,0.828417378,0.252609672,-2.186698523,-0.427928277,4.260911126
3.0672,-0.206435907,0.193597307,-0.558234115,0.299495381,-0.497806535,-0.289871617,-0.35328971,0.018810376,0.662812972,0.284538399,-0.895778152,0.039122581,0.323385629,0.825715197,0.239990031,-2.199672894,-0.394782952,4.263206637
3.0723,-0.208235158,0.193704174,-0.554848254,0.300918797,-0.502382723,-0.289616456,-0.351661745,0.023084725,0.663895655,0.273287205,-0.89781735,0.060918927,0.326878581,0.822970187,0.227288601,-2.211713914,-0.361288486,4.263587772
3.0774,-0.21002605,0.193832817,-0.551457041,0.302284657,-0.506968893,-0.289250084,-0.35001625,0.027345257,0.664913652,0.261976534,-0.89968436,0.082712235,0.330380586,0.820176314,0.214502138,-2.222793501,-0.327457908,4.262053101
3.0825,-0.211808509,0.193983163,-0.548060794,0.303592671,-0.511564145,-0.288772542,-0.348353,0.031591113,0.665866449,0.250612445,-0.901377007,0.104492698,0.333882316,0.817336651,0.201639476,-2.232901823,-0.293272393,4.258588884
3.0877,-0.213582429,0.194155151,-0.544659859,0.304842559,-0.516167589,-0.288183947,-0.346672173,0.035822395,0.666753538,0.239199074,-0.902893569,0.126251122,0.337393929,0.814461066,0.188694485,-2.24203785,-0.258725575,4.253166824
3.0928,-0.215347719,0.194348693,-0.541254567,0.306034078,-0.520778295,-0.287484412,-0.344973721,0.040039216,0.667574819,0.227740467,-0.904232447,0.147976616,0.340915473,0.811545457,0.175671067,-2.250197548,-0.223792631,4.245794215
3.0979,-0.217104301,0.194563727,-0.537845257,0.307167033,-0.525395376,-0.286674125,-0.343257301,0.04424109,0.668329482,0.216243394,-0.905391485,0.169659316,0.344440016,0.808600286,0.162570502,-2.257363167,-0.188481179,4.236464323
3.103,-0.218852072,0.194800181,-0.534432268,0.308241223,-0.530017904,-0.285753386,-0.341523187,0.048427778,0.669017344,0.204712297,-0.906368627,0.191289341,0.347975227,0.805630483,0.149393764,-2.263539523,-0.152781825,4.225135913
3.1082,-0.220590942,0.195057972,-0.531015942,0.309256485,-0.534644951,-0.284722438,-0.339771325,0.052599256,0.669638018,0.193152326,-0.9071627,0.212856255,0.351520966,0.802636031,0.136142066,-2.268726895,-0.116689123,4.211835399
3.1133,-0.22232082,0.195336999,-0.527596623,0.310212727,-0.53927557,-0.283581633,-0.338001867,0.056755367,0.670191331,0.181568489,-0.907770963,0.234349881,0.355076773,0.799604711,0.122816863,-2.272898306,-0.080195846,4.196556289
3.1185,-0.224041628,0.195637206,-0.524174655,0.311109798,-0.543908808,-0.282331362,-0.336214268,0.060895967,0.670676501,0.169965794,-0.908191357,0.255760136,0.358635194,0.796553503,0.109419305,-2.276082898,-0.043296759,4.179301321
3.1236,-0.225753265,0.195958516,-0.520750395,0.311947613,-0.548543708,-0.280972132,-0.334408707,0.065020959,0.671093354,0.158349262,-0.908421706,0.277077264,0.362201316,0.793484597,0.095945327,-2.278285152,-0.005989437,4.160036666
3.1287,-0.227455633,0.196300822,-0.517324183,0.312726137,-0.553179295,-0.279504388,-0.332585339,0.069130222,0.671441515,0.146723512,-0.908460738,0.298290699,0.365779589,0.790385397,0.082400869,-2.279497552,0.031729514,4.138798972
3.1338,-0.229148654,0.196664074,-0.513896373,0.31344534,-0.557814582,-0.277928689,-0.330743716,0.073223753,0.67172042,0.1350946,-0.908305623,0.319390484,0.369359992,0.787275102,0.068786659,-2.279728471,0.069865279,4.115589923
3.1389,-0.230832226,0.197048187,-0.510467321,0.314105193,-0.562448575,-0.276245691,-0.328884117,0.077301391,0.671930019,0.123467057,-0.907954227,0.340366809,0.372949667,0.78415325,0.055101083,-2.279002132,0.108421057,4.090384582
3.1439,-0.232506255,0.197453079,-0.507037386,0.31470571,-0.567080273,-0.274456007,-0.327006497,0.081363082,0.672069842,0.111845629,-0.907405127,0.36120907,0.376547924,0.781021638,0.041342752,-2.277333261,0.147396126,4.063218567
3.149,-0.23417065,0.197878646,-0.50360692,0.315246983,-0.57170866,-0.272560338,-0.325110814,0.085408742,0.672139628,0.10023516,-0.906655567,0.381907304,0.380154005,0.777867286,0.027515108,-2.27470689,0.186791539,4.034107035
3.1541,-0.235825331,0.198324828,-0.500176278,0.315729033,-0.576332696,-0.270559447,-0.323196739,0.089438299,0.672138723,0.088640418,-0.905703277,0.402451718,0.38376014,0.774706434,0.013621275,-2.271168588,0.226616116,4.003060321
3.1595,-0.237470187,0.198791548,-0.49674583,0.316151955,-0.580951346,-0.268454192,-0.321264455,0.093451831,0.672066986,0.077065912,-0.904546175,0.422832817,0.387375716,0.771543142,-0.000343128,-2.266734103,0.266868384,3.97006487
3.1648,-0.23910513,0.199278697,-0.493315937,0.316515886,-0.58556357,-0.266245388,-0.319314023,0.097449183,0.671924057,0.065515787,-0.903182709,0.443040056,0.390997404,0.768361829,-0.014377361,-2.261409431,0.307542935,3.935165231
3.1706,-0.240730079,0.199786214,-0.489886956,0.316820967,-0.590168299,-0.263933939,-0.317345125,0.101430306,0.671709389,0.053995556,-0.901609893,0.463063991,0.394617181,0.76517846,-0.028476112,-2.255216048,0.348643851,3.898385616
3.1757,-0.242344927,0.200314019,-0.486459256,0.317067329,-0.594764456,-0.261520853,-0.315358063,0.10539519,0.67142275,0.042509036,-0.899825651,0.482895522,0.398241592,0.76199424,-0.04264156,-2.248193406,0.39017316,3.859716898
3.1808,-0.243949584,0.200862031,-0.483033211,0.317255157,-0.599350971,-0.259007095,-0.313352815,0.109343944,0.671063898,0.031060395,-0.897828539,0.502524633,0.401869352,0.758812932,-0.056875634,-2.240366061,0.432121425,3.819210965
3.1859,-0.245543955,0.20143014,-0.479609189,0.317384702,-0.603926744,-0.256393723,-0.311329368,0.11327644,0.670632483,0.019653745,-0.895615595,0.521941912,0.40549911,0.755618668,-0.071177715,-2.231730612,0.47449095,3.776891891
3.191,-0.247127959,0.202018288,-0.476187554,0.317456144,-0.608490656,-0.25368184,-0.309287425,0.117192652,0.670127968,0.008292967,-0.893184964,0.541138088,0.409122512,0.75242714,-0.085542593,-2.222341256,0.517286543,3.732790793
3.196,-0.248701479,0.202626392,-0.47276869,0.317469726,-0.613041592,-0.250872636,-0.307227395,0.121092802,0.669550322,-0.003018166,-0.890534483,0.560104802,0.412752998,0.74923957,-0.099977165,-2.212226578,0.560504662,3.686912588
3.2011,-0.250264446,0.203254346,-0.469352971,0.317425735,-0.617578447,-0.247967265,-0.305148872,0.124976671,0.668898986,-0.014276405,-0.887662553,0.578832428,0.416374602,0.746042439,-0.114480886,-2.201402111,0.604128202,3.639318245
3.2062,-0.251816754,0.203902101,-0.465940771,0.317324425,-0.622100072,-0.244966965,-0.303052193,0.128843959,0.668173717,-0.025476502,-0.884566382,0.597312507,0.419993436,0.742858152,-0.129050948,-2.189914324,0.648159171,3.590043413
3.2113,-0.25335831,0.204569562,-0.462532468,0.317166103,-0.626605311,-0.241873031,-0.300937377,0.132695228,0.667374178,-0.036616273,-0.8812441,0.615536143,0.423607796,0.739680015,-0.143686879,-2.177790134,0.692597069,3.539120867
3.2163,-0.254889023,0.205256637,-0.45912844,0.316951098,-0.631093026,-0.238686787,-0.298804451,0.136530596,0.666500035,-0.047693351,-0.877694193,0.633495345,0.427215928,0.736502141,-0.158388214,-2.165052442,0.737422545,3.486592788
3.2214,-0.25640881,0.205963242,-0.455729066,0.316679749,-0.635562035,-0.235409606,-0.296653162,0.140349452,0.665550651,-0.058703447,-0.873914063,0.651181718,0.430809094,0.733325214,-0.173152458,-2.151729005,0.782637557,3.432498598
3.2265,-0.257917568,0.206689307,-0.452334738,0.31635238,-0.640011153,-0.232042927,-0.294483877,0.144152332,0.664526106,-0.069644101,-0.869901634,0.668588473,0.43439315,0.730157045,-0.187984312,-2.137866417,0.828236837,3.376866137
3.2316,-0.259415201,0.207434738,-0.448945835,0.315969352,-0.644439191,-0.22858817,-0.292296541,0.14793937,0.663425958,-0.080512854,-0.865655173,0.685706798,0.43796874,0.726991534,-0.202880734,-2.123497729,0.874211681,3.319759346
3.2367,-0.260901631,0.208199453,-0.445562742,0.31553106,-0.648844969,-0.225046827,-0.290091019,0.151709963,0.662249578,-0.091307584,-0.861173433,0.702529391,0.441524656,0.723829161,-0.217839227,-2.108642323,0.920541591,3.261223032
3.2419,-0.262376756,0.208983386,-0.442185854,0.315037888,-0.653227265,-0.221420457,-0.287867705,0.155464564,0.660997048,-0.102024772,-0.856453991,0.71904986,0.445066621,0.720679845,-0.23286448,-2.093335728,0.967224656,3.201287793
3.247,-0.263840481,0.209786447,-0.438815565,0.31449021,-0.657584857,-0.217710583,-0.285626565,0.159203228,0.659667919,-0.112662851,-0.851494967,0.735260333,0.448595161,0.717539352,-0.247958334,-2.077624888,1.014251591,3.140027187
3.2521,-0.265292718,0.210608551,-0.435452259,0.313888459,-0.661916546,-0.213918796,-0.283367783,0.162926305,0.658261855,-0.123220424,-0.846295294,0.7511544,0.452105917,0.714406271,-0.263115447,-2.061528847,1.061594263,3.07749816
3.2572,-0.26673339,0.211449614,-0.432096326,0.313233056,-0.666221073,-0.210046737,-0.281091163,0.166633109,0.656778233,-0.133694476,-0.840852951,0.766725608,0.455589891,0.711278573,-0.278333323,-2.04507783,1.109252503,3.013746976
3.2623,-0.268162391,0.212309565,-0.428748169,0.312524402,-0.67049719,-0.2060961,-0.278797028,0.170323994,0.65521714,-0.144083832,-0.835166356,0.781968636,0.459055313,0.708163393,-0.293616638,-2.028320326,1.157215798,2.948809818
3.2675,-0.269579635,0.213188317,-0.425408188,0.311762937,-0.674743659,-0.202068538,-0.276485584,0.173999423,0.653578136,-0.154386901,-0.829233909,0.796876713,0.462497773,0.705056548,-0.308967204,-2.011285299,1.205460446,2.88276529
3.2726,-0.270985046,0.21408578,-0.42207677,0.310949123,-0.67895924,-0.197965774,-0.274156666,0.177658811,0.651860589,-0.164603036,-0.823054864,0.811444333,0.465908242,0.701953503,-0.324377597,-1.993992142,1.253958415,2.815669642
3.2777,-0.272378524,0.215001907,-0.418754324,0.31008341,-0.683142647,-0.193789597,-0.271810728,0.181302845,0.650064593,-0.174729767,-0.816627529,0.825667043,0.469292343,0.698874127,-0.339852463,-1.976471008,1.30270459,2.747556489
3.2828,-0.273759978,0.2159366,-0.415441255,0.309166209,-0.687292618,-0.189541744,-0.269447802,0.184931308,0.648189711,-0.184767408,-0.809950497,0.83953914,0.472650548,0.695806904,-0.355393575,-1.958778269,1.351673845,2.678506554
3.288,-0.275129318,0.216889757,-0.412137961,0.308198047,-0.691407865,-0.185224019,-0.267068121,0.188544127,0.646235511,-0.194714336,-0.803022768,0.853055886,0.475983381,0.692739722,-0.370998092,-1.940901754,1.400852155,2.608575377
3.2931,-0.276486479,0.217861325,-0.408844838,0.30717934,-0.695487103,-0.180838247,-0.264671543,0.192141548,0.644201585,-0.204569758,-0.795843431,0.866212729,0.479277013,0.689687403,-0.386658527,-1.922898241,1.450219066,2.537820786
3.2983,-0.277831363,0.218851225,-0.405562306,0.306110557,-0.69952905,-0.176386298,-0.262258559,0.19572344,0.642087829,-0.214332889,-0.788411488,0.879006704,0.482537194,0.686650033,-0.402384327,-1.904793837,1.499747976,2.466284745
3.3033,-0.279163883,0.21985937,-0.40229078,0.304992169,-0.70353245,-0.171869999,-0.259829237,0.199290278,0.639893802,-0.224003689,-0.780726639,0.891433111,0.485764536,0.683623045,-0.41817745,-1.886613896,1.5493934,2.394048452
3.3085,-0.280483971,0.220885674,-0.399030654,0.303824697,-0.70749597,-0.16729125,-0.257383568,0.202841488,0.637618982,-0.233581557,-0.772788092,0.903488295,0.48894787,0.680601522,-0.434028032,-1.868353532,1.599152193,2.321159485
3.3136,-0.28179153,0.221930074,-0.395782346,0.302608566,-0.711418314,-0.162651971,-0.254921959,0.206377531,0.635263473,-0.243066215,-0.764595135,0.915170172,0.492095623,0.677594858,-0.449940572,-1.850064991,1.648995949,2.247663713
3.3188,-0.283086483,0.222992494,-0.392546275,0.301344258,-0.7152982,-0.157954051,-0.252444705,0.209898278,0.632826854,-0.252457467,-0.756147229,0.9264746,0.495203625,0.674602886,-0.465916673,-1.831767327,1.698885709,2.173633043
3.3239,-0.284368745,0.224072831,-0.389322862,0.300032292,-0.719134345,-0.153199422,-0.249951905,0.213403765,0.630308788,-0.261755352,-0.747445064,0.937399197,0.498272672,0.671610422,-0.481960515,-1.813453832,1.748780281,2.09912249
3.329,-0.285638255,0.225171031,-0.3861125,0.298673104,-0.722925419,-0.148390019,-0.247443579,0.216894231,0.627708765,-0.270959901,-0.73848824,0.947941667,0.501291794,0.668631798,-0.498056971,-1.795167886,1.798665844,2.024191276
3.3345,-0.286894917,0.22628702,-0.382915624,0.297267159,-0.726670128,-0.143527825,-0.244920166,0.220369746,0.625026698,-0.280071216,-0.729276998,0.958100982,0.504269626,0.665666878,-0.514215307,-1.776934259,1.848505615,1.948874395
3.3398,-0.288138656,0.227420707,-0.379732656,0.295814938,-0.730367212,-0.138614778,-0.24238188,0.223830465,0.622262163,-0.289089797,-0.719811823,0.967874114,0.50720481,0.662708279,-0.53043726,-1.758764359,1.898241595,1.873239463
3.3455,-0.289369412,0.228572017,-0.376564003,0.294316958,-0.734015336,-0.13365286,-0.239828761,0.227275801,0.619414657,-0.298015838,-0.710092864,0.977259764,0.510086548,0.659755185,-0.546712707,-1.740646363,1.947861253,1.797331678
3.3509,-0.290587093,0.229740885,-0.373410096,0.292773642,-0.737613204,-0.128644063,-0.237261263,0.230706313,0.616484306,-0.306849713,-0.700121113,0.98625767,0.512923652,0.656813895,-0.563045836,-1.722623139,1.997328863,1.721191372
3.356,-0.291791629,0.230927235,-0.370271366,0.291185464,-0.741159543,-0.123590351,-0.234679618,0.234122058,0.613470603,-0.315591829,-0.689896854,0.994865466,0.515714947,0.653884013,-0.579440479,-1.704704276,2.046595651,1.644878698
3.361,-0.29298295,0.232130967,-0.367148243,0.289552933,-0.744653087,-0.118493716,-0.232084171,0.237522852,0.610373331,-0.324242779,-0.679422265,1.003082593,0.518456768,0.650950128,-0.595898116,-1.686873566,2.095611027,1.568438212
3.3661,-0.294160999,0.23335203,-0.364041131,0.287876465,-0.748092538,-0.11335615,-0.229474888,0.240908913,0.607192004,-0.332803112,-0.668698084,1.010908303,0.521140892,0.648026083,-0.61240317,-1.669169814,2.144347041,1.491912541
3.3712,-0.29532569,0.234590345,-0.360950474,0.286156524,-0.751476617,-0.108179669,-0.226852245,0.244280182,0.603926563,-0.341273388,-0.657725832,1.018343572,0.523776388,0.645108666,-0.628964393,-1.651598605,2.192765636,1.415331531
3.3763,-0.296476957,0.235845832,-0.357876706,0.284393565,-0.75480411,-0.102966246,-0.224216492,0.247636993,0.600576615,-0.349654616,-0.646507617,1.025387124,0.526362338,0.642194904,-0.64558294,-1.634169522,2.240795444,1.338747586
3.3813,-0.297614747,0.237118408,-0.354820248,0.282588087,-0.758073726,-0.097717889,-0.221567704,0.250978733,0.597141582,-0.357947257,-0.635045271,1.032038821,0.528888382,0.639278894,-0.662250614,-1.616859277,2.288415219,1.262191978
3.3865,-0.298738981,0.238408015,-0.35178154,0.2807405,-0.761284222,-0.092436621,-0.218906367,0.254305822,0.59362182,-0.36615199,-0.623340893,1.038299775,0.53136377,0.636369065,-0.678970889,-1.599696864,2.335581147,1.185682391
3.3915,-0.299849587,0.239714572,-0.348761021,0.278851248,-0.764434384,-0.087124386,-0.216233141,0.257618388,0.590016751,-0.374269689,-0.611396531,1.044169971,0.533792113,0.633462265,-0.695744231,-1.582688253,2.382237039,1.109281284
3.3967,-0.300946519,0.241037994,-0.345759126,0.276920793,-0.767522995,-0.081783162,-0.213547472,0.26091591,0.586326109,-0.382300393,-0.599216442,1.049648831,0.536162999,0.630549868,-0.712568932,-1.56582286,2.428336639,1.033027075
3.4018,-0.302029713,0.242378215,-0.342776288,0.274949555,-0.770548849,-0.076415014,-0.21085016,0.264198683,0.582549952,-0.390245377,-0.586802553,1.054738496,0.53847872,0.627637587,-0.729440266,-1.549113259,2.473834757,0.956902365
3.4069,-0.303099109,0.243735158,-0.339812952,0.272937975,-0.773510774,-0.071021867,-0.208141489,0.267467006,0.578687831,-0.398105534,-0.57415756,1.059439576,0.540738482,0.624722134,-0.746360534,-1.532557215,2.518675444,0.880967273
3.412,-0.304154653,0.245108756,-0.336869541,0.270886497,-0.776407614,-0.065605727,-0.205421236,0.270720669,0.574739116,-0.405882239,-0.561286091,1.06375265,0.542939777,0.621807683,-0.763317976,-1.516145215,2.562801395,0.805229806
3.4171,-0.305196284,0.246498914,-0.333946509,0.268795551,-0.779238193,-0.060168595,-0.202690208,0.273959334,0.570703911,-0.413575088,-0.548191159,1.067679453,0.545085019,0.618880576,-0.780317853,-1.499873483,2.606178786,0.729693564
3.4222,-0.306223948,0.247905576,-0.331044293,0.266665538,-0.782001398,-0.05471241,-0.199948486,0.277183271,0.566582322,-0.421185237,-0.534876323,1.071220082,0.547173806,0.615951584,-0.797354559,-1.483753555,2.648748131,0.654396018
3.4274,-0.307237582,0.249328658,-0.328163343,0.264496902,-0.78469611,-0.049239119,-0.197196552,0.280392663,0.562373953,-0.428714032,-0.521346229,1.074376641,0.549210683,0.613015033,-0.814429443,-1.467768231,2.690464491,0.579362312
3.4324,-0.308237151,0.250768075,-0.325304086,0.262290049,-0.78732126,-0.043750696,-0.194434284,0.283586936,0.55807823,-0.43616093,-0.507606204,1.077149869,0.551185847,0.610062378,-0.831529715,-1.451918333,2.731266578,0.50459618
3.4376,-0.309222596,0.252223768,-0.322466975,0.260045378,-0.789875761,-0.038249127,-0.191662395,0.286766342,0.553695637,-0.443527456,-0.49366028,1.079541824,0.553104189,0.607104337,-0.848656663,-1.436208378,2.77111999,0.430087138
3.4427,-0.310193867,0.253695651,-0.319652462,0.257763301,-0.792358594,-0.032736299,-0.188880972,0.289930935,0.549225831,-0.450814201,-0.479512941,1.081553823,0.554965454,0.604132621,-0.865810692,-1.420631085,2.809962905,0.355877245
3.4478,-0.311150925,0.255183659,-0.316860976,0.255444237,-0.794768755,-0.027214178,-0.186090111,0.293080561,0.544668299,-0.458022422,-0.465170712,1.083186649,0.556765059,0.601153641,-0.882978014,-1.405172045,2.847740275,0.281956625
3.453,-0.31209371,0.256687695,-0.314092981,0.253088594,-0.797105244,-0.02168472,-0.183290415,0.296214838,0.540023369,-0.465151572,-0.450638407,1.084442465,0.558510519,0.598153714,-0.900164043,-1.389823013,2.884414,0.208313542
3.4581,-0.313022184,0.258207702,-0.311348914,0.250696754,-0.799367116,-0.016149814,-0.18048227,0.299333996,0.535291178,-0.472202628,-0.435921282,1.085321927,0.560199039,0.595143632,-0.917358314,-1.374586575,2.919928759,0.134970992
3.4632,-0.313936294,0.259743591,-0.308629242,0.248269131,-0.801553433,-0.010611378,-0.177665751,0.302438064,0.530471153,-0.479176742,-0.421025862,1.085826665,0.561835341,0.592115201,-0.934567542,-1.35944676,2.954244772,0.061927349
3.4683,-0.314836019,0.261295291,-0.305934375,0.245806092,-0.803663289,-0.005071321,-0.174841049,0.305526959,0.52556339,-0.48607381,-0.40595826,1.085958203,0.563407462,0.58907264,-0.951764366,-1.344411769,2.987322778,-0.010817895
3.4734,-0.315721302,0.26286273,-0.303264773,0.24330805,-0.805695857,0.000468463,-0.172008674,0.308600512,0.520568257,-0.492893802,-0.390725779,1.085719501,0.564925305,0.586017655,-0.968949763,-1.329461168,3.01909688,-0.083264662
3.4784,-0.316592104,0.264445818,-0.30062091,0.240775354,-0.807650301,0.006006114,-0.169168902,0.31165874,0.515485479,-0.499638424,-0.375333939,1.085111406,0.566388728,0.582942254,-0.986134046,-1.314612055,3.049527498,-0.155395918
3.4835,-0.317448397,0.266044466,-0.298003201,0.238208453,-0.809525808,0.011539724,-0.166321612,0.314701115,0.510314923,-0.506307461,-0.359790181,1.084134759,0.567793267,0.579840518,-1.003291124,-1.299818675,3.078584824,-0.22723171
3.4886,-0.318290139,0.26765861,-0.2954121,0.235607692,-0.811321621,0.017067352,-0.16346761,0.317727935,0.505057349,-0.51290124,-0.344101615,1.082790749,0.569141662,0.576721234,-1.020418362,-1.285097933,3.106227844,-0.298816254
3.4937,-0.319117292,0.269288172,-0.292848063,0.232973457,-0.813037039,0.022587221,-0.160607074,0.320739108,0.499712603,-0.519420003,-0.328275071,1.081081711,0.57043611,0.573584024,-1.037514688,-1.270439644,3.13240587,-0.370098272
3.4988,-0.319929825,0.27093305,-0.290311535,0.230306167,-0.814671389,0.028097433,-0.157740279,0.323734204,0.494280866,-0.525864095,-0.312319359,1.079008292,0.571676522,0.570415935,-1.054571681,-1.255814047,3.157076527,-0.441107643
3.5039,-0.320727721,0.272593187,-0.28780293,0.227606158,-0.816223998,0.033596136,-0.154867321,0.326713305,0.488762301,-0.53223363,-0.296241597,1.076571974,0.572853304,0.567230832,-1.071563477,-1.241240272,3.180223156,-0.511848681
3.509,-0.321510934,0.274268496,-0.285322715,0.224873818,-0.817694263,0.039081495,-0.151988704,0.32967642,0.483157432,-0.538529044,-0.280049641,1.073775562,0.573976401,0.564025953,-1.088495362,-1.226705876,3.201812666,-0.582321463
3.5141,-0.322279432,0.275958888,-0.282871332,0.222109519,-0.819081675,0.044551668,-0.149104592,0.332623435,0.477466481,-0.544750425,-0.263751696,1.070618865,0.575048288,0.560796338,-1.105359779,-1.212206065,3.221782442,-0.652533613
3.5192,-0.323033203,0.277664272,-0.280449205,0.219313679,-0.82038567,0.050004815,-0.146215066,0.3355538,0.47168943,-0.550897867,-0.247355925,1.067103182,0.576059643,0.557536531,-1.122137188,-1.197709138,3.240131009,-0.72249719
3.5244,-0.323772214,0.279384579,-0.278056774,0.216486639,-0.821605762,0.055439089,-0.143320831,0.338467794,0.465827464,-0.556971525,-0.23087065,1.063230452,0.577015534,0.554255803,-1.138819391,-1.183230104,3.25683765,-0.792230478
3.5297,-0.324496431,0.281119726,-0.275694487,0.213628781,-0.82274154,0.060852728,-0.140421953,0.341365312,0.459880867,-0.56297116,-0.214303724,1.059002131,0.577920752,0.550954273,-1.155404386,-1.168759409,3.27186572,-0.861703735
3.5349,-0.325205837,0.282869607,-0.273362771,0.210740512,-0.823792619,0.066243884,-0.137518799,0.344245908,0.453850068,-0.56889695,-0.197665004,1.054418552,0.578772925,0.547619496,-1.171877963,-1.154270424,3.285190375,-0.930943882
3.5399,-0.325900426,0.284634157,-0.271062026,0.207822166,-0.824758621,0.07161075,-0.134611459,0.347109751,0.447735607,-0.574748751,-0.180962558,1.049481095,0.579562488,0.544263533,-1.188211098,-1.139783298,3.296813333,-0.999956121
3.545,-0.326580166,0.286413285,-0.268792704,0.204874128,-0.825639249,0.076951537,-0.131700335,0.349956623,0.44153829,-0.580526544,-0.164205211,1.04419227,0.5802971,0.540884107,-1.204408556,-1.125286502,3.306718084,-1.068735502
3.5501,-0.32724503,0.288206905,-0.266555231,0.201896775,-0.826434294,0.082264442,-0.128785695,0.352786613,0.435258939,-0.586230467,-0.14740183,1.0385517,0.580981837,0.537481616,-1.220459775,-1.110774002,3.314864211,-1.137291125
3.5553,-0.327895016,0.290014918,-0.264350003,0.198890521,-0.827143489,0.08754767,-0.125867611,0.35559907,0.42889785,-0.591860269,-0.130561222,1.032560617,0.58160739,0.534048761,-1.236339737,-1.096218143,3.321275698,-1.20562813
3.5604,-0.3285301,0.29183725,-0.262177438,0.195855708,-0.827766673,0.092799421,-0.122946783,0.358394274,0.422456643,-0.597415873,-0.11369215,1.026220724,0.58217885,0.530595267,-1.252037468,-1.08163551,3.325945821,-1.273757007
3.5655,-0.329150261,0.293673811,-0.260037958,0.19279271,-0.828303737,0.098017972,-0.120023269,0.36117222,0.415935848,-0.602897032,-0.096802904,1.019533474,0.582701041,0.527119376,-1.267548598,-1.067023402,3.328864833,-1.341644273
3.5706,-0.329755491,0.295524493,-0.257931968,0.189701949,-0.828754617,0.103201517,-0.117097428,0.363932357,0.409336656,-0.608303521,-0.079903764,1.012499126,0.583171633,0.523611623,-1.282859013,-1.052352379,3.330027776,-1.409309751
3.576,-0.330345792,0.297389228,-0.255859831,0.186583783,-0.82911925,0.108348288,-0.114169344,0.366674863,0.402659974,-0.613634859,-0.063003009,1.005119022,0.583581115,0.52008443,-1.297934806,-1.037632073,3.329458949,-1.47675084
3.5812,-0.330921139,0.29926792,-0.253821968,0.183438577,-0.829397656,0.113456544,-0.111239301,0.369399531,0.395907093,-0.618891013,-0.046109354,0.997395577,0.583939804,0.516535853,-1.312778643,-1.022867482,3.327164994,-1.543951821
3.5863,-0.331481522,0.301160479,-0.251818766,0.180266726,-0.829589941,0.118524515,-0.108307763,0.372106459,0.389079235,-0.624071526,-0.029231846,0.989328668,0.584247974,0.512966585,-1.327375753,-1.008049262,3.323128849,-1.610917645
3.5913,-0.332026943,0.303066796,-0.249850591,0.177068647,-0.829696162,0.123550447,-0.105374589,0.374795108,0.382177198,-0.629176272,-0.012379258,0.980919608,0.584501315,0.509367272,-1.34170461,-0.99315367,3.317395116,-1.677643638
3.5964,-0.33255739,0.3049868,-0.247917821,0.173844694,-0.82971646,0.128532591,-0.102440562,0.377465663,0.375203307,-0.6342051,0.004440016,0.972170043,0.584702734,0.50575042,-1.355752824,-0.978196853,3.309987494,-1.744125426
3.6015,-0.333072843,0.306920394,-0.24602083,0.170595262,-0.829651057,0.133469269,-0.099505925,0.380118134,0.368158706,-0.639157376,0.021217857,0.963081635,0.584861834,0.50211442,-1.369512036,-0.963173056,3.300909344,-1.810319444
3.6066,-0.333573323,0.308867468,-0.244159978,0.167320769,-0.829500186,0.138358708,-0.096570518,0.382751988,0.361044701,-0.64403281,0.037944479,0.953655096,0.584964369,0.498449909,-1.382967289,-0.948061808,3.290187945,-1.876239735
3.6117,-0.334058821,0.310827948,-0.24233558,0.164021575,-0.829264111,0.143199192,-0.093635027,0.385367421,0.353862931,-0.648830996,0.054612417,0.943891762,0.585015686,0.494769364,-1.396084397,-0.932879649,3.277860273,-1.94187049
3.6168,-0.334529331,0.312801731,-0.240548006,0.160698072,-0.828943136,0.147989031,-0.090699398,0.387964339,0.346615216,-0.65355147,0.071213581,0.933794513,0.585018566,0.491068531,-1.408865777,-0.917626102,3.26396745,-2.007182902
3.622,-0.33498486,0.314788728,-0.238797593,0.157350666,-0.828537682,0.152726495,-0.087763683,0.39054275,0.339303404,-0.658193848,0.087739878,0.923363849,0.584969166,0.487350625,-1.421299045,-0.902293503,3.248506894,-2.072175662
3.6271,-0.335425403,0.31678883,-0.237084666,0.153979772,-0.828048076,0.157409907,-0.084828544,0.393102036,0.331929196,-0.662757488,0.104183011,0.912600962,0.584873184,0.483608484,-1.433372088,-0.886869252,3.231561117,-2.136818773
3.6322,-0.335850967,0.318801953,-0.235409517,0.150585776,-0.827474811,0.162037554,-0.081894328,0.395642604,0.324494808,-0.667242148,0.12053655,0.901508468,0.584728325,0.479849565,-1.445058142,-0.871360488,3.213137863,-2.201107254
3.6373,-0.336261552,0.320827997,-0.233772471,0.147169098,-0.826818336,0.166607803,-0.078960968,0.398164263,0.31700191,-0.671647777,0.136792601,0.890088913,0.584537503,0.47607204,-1.456355229,-0.855755772,3.193297168,-2.264993609
3.6424,-0.336657175,0.322866852,-0.232173796,0.143730143,-0.826079196,0.171118948,-0.076028612,0.40066659,0.309452145,-0.675973266,0.152943283,0.87834373,0.584294423,0.472268559,-1.467235793,-0.840053293,3.17206553,-2.328477821
3.6476,-0.337037835,0.324918436,-0.230613781,0.1402693,-0.825257922,0.17556933,-0.073097924,0.403149889,0.301848383,-0.680218449,0.168982063,0.866274925,0.584004612,0.468448937,-1.477689365,-0.824263182,3.149503014,-2.391537501
3.6527,-0.337403533,0.326982653,-0.229092714,0.136786988,-0.82435512,0.179957351,-0.070168922,0.405614078,0.294192497,-0.684382863,0.184903173,0.853885517,0.583673347,0.464613679,-1.487715146,-0.808379024,3.125646578,-2.454118825
3.6578,-0.337754289,0.3290594,-0.227610853,0.133283632,-0.823371408,0.184281347,-0.067241526,0.408058971,0.286486807,-0.688466316,0.200698704,0.841176942,0.583294403,0.460760653,-1.497298488,-0.79239251,3.100546525,-2.516213568
3.6629,-0.338090104,0.331148566,-0.226168431,0.129759648,-0.822307423,0.188539689,-0.064316169,0.410484149,0.278733009,-0.692467666,0.216363192,0.828152148,0.582873953,0.456882194,-1.506418685,-0.776302332,3.074266045,-2.577798481
3.6681,-0.338410994,0.333250067,-0.224765688,0.126215437,-0.82116387,0.192730772,-0.061393375,0.412889917,0.270934408,-0.696386609,0.231891333,0.814813813,0.582410174,0.45298778,-1.515067437,-0.760116493,3.046844662,-2.638843858
3.6732,-0.338716972,0.3353638,-0.223402861,0.122651439,-0.819941432,0.196853049,-0.058473159,0.415276085,0.263092905,-0.700223043,0.247276774,0.801165348,0.581903577,0.449074976,-1.523241425,-0.743824342,3.018354819,-2.6992914
3.6783,-0.339008055,0.337489651,-0.222080143,0.119068076,-0.818640877,0.200904898,-0.055555434,0.417642231,0.255210668,-0.703975805,0.262513553,0.787209401,0.581352922,0.445135807,-1.530919559,-0.727424792,2.988836452,-2.759137936
3.6835,-0.339284245,0.339627549,-0.220797759,0.115465758,-0.817262919,0.204884756,-0.052640711,0.419988982,0.24729062,-0.70764478,0.277598187,0.772948913,0.580766767,0.4411872,-1.538108253,-0.710926311,2.958378131,-2.818350936
3.6886,-0.339545562,0.34177738,-0.219555894,0.111844924,-0.81580843,0.208791084,-0.049729278,0.422315964,0.239335277,-0.711229243,0.292525087,0.758387103,0.580143378,0.437222129,-1.544799519,-0.694323045,2.926989393,-2.876895175
3.6937,-0.339792031,0.343939028,-0.218354722,0.108206026,-0.814278199,0.212622389,-0.046820924,0.424622656,0.231347195,-0.714728729,0.307288977,0.743528545,0.579479013,0.433230095,-1.550986274,-0.677601701,2.894744135,-2.934716413
3.6988,-0.340023668,0.3461124,-0.217194367,0.104549478,-0.812673022,0.216377135,-0.043916266,0.426909245,0.223328916,-0.718142561,0.321886833,0.72837605,0.578774816,0.429217467,-1.556640432,-0.660773426,2.861726797,-2.99179633
3.7039,-0.340240481,0.348297399,-0.216075014,0.100875723,-0.810993802,0.220053826,-0.041015383,0.429175733,0.215283217,-0.721470288,0.336315,0.712933475,0.578038852,0.425186176,-1.561778779,-0.643834697,2.82796747,-3.04810511
3.709,-0.340442492,0.350493905,-0.21499679,0.097185208,-0.809241414,0.223650996,-0.038118339,0.431421586,0.207212644,-0.724711537,0.350568513,0.69720495,0.577269703,0.421125428,-1.566394568,-0.626779956,2.793526372,-3.103605115
3.714,-0.340629739,0.352701824,-0.213959784,0.093478378,-0.807416735,0.227167191,-0.035225324,0.433646979,0.199119919,-0.727865304,0.364644789,0.681194678,0.57645875,0.417041299,-1.570465008,-0.609608234,2.758472299,-3.158265665
3.7193,-0.340802223,0.354921054,-0.212964137,0.089755668,-0.805520673,0.230601026,-0.032336622,0.435851996,0.191007878,-0.730931109,0.378540751,0.664907918,0.575619223,0.412933128,-1.574009666,-0.592325457,2.722864583,-3.212025418
3.7245,-0.340959965,0.357151488,-0.212009942,0.086017535,-0.803554207,0.233951068,-0.029452374,0.438036306,0.182879207,-0.733908371,0.39225374,0.648348488,0.574751989,0.408800184,-1.57702695,-0.57492545,2.686727585,-3.264866856
3.7297,-0.341103,0.359393008,-0.211097276,0.082264445,-0.801518229,0.237215932,-0.026572431,0.440199454,0.174736595,-0.736796573,0.405781067,0.631521151,0.573851009,0.404633638,-1.579516336,-0.557399696,2.650145676,-3.316758811
3.735,-0.341231352,0.361645524,-0.210226168,0.078496838,-0.799413691,0.240394268,-0.023697372,0.442341699,0.16658269,-0.739595096,0.4191206,0.614430949,0.572917418,0.400441832,-1.581456438,-0.539756869,2.613172506,-3.367662716
3.7406,-0.341345033,0.363908923,-0.209396703,0.074715176,-0.797241578,0.243484786,-0.02082724,0.444462801,0.158420334,-0.74230323,0.432271266,0.597083792,0.571959247,0.396221241,-1.582870857,-0.521993239,2.575846925,-3.417519423
3.7459,-0.341444073,0.366183084,-0.208608919,0.070919934,-0.795002857,0.246486152,-0.017962061,0.446562283,0.150252202,-0.74492044,0.445230069,0.579484339,0.570975017,0.391962849,-1.583762056,-0.504100139,2.538222769,-3.4663139
3.751,-0.341528514,0.368467911,-0.207862801,0.06711157,-0.792698488,0.249397091,-0.015101991,0.44864048,0.142080908,-0.747445869,0.457996364,0.561637895,0.569956024,0.38767252,-1.584111637,-0.48608092,2.50036125,-3.51401054
3.7561,-0.341598361,0.370763294,-0.2071584,0.06329055,-0.790329452,0.252216399,-0.012247277,0.45069702,0.133909141,-0.749878978,0.470568759,0.54355113,0.568915389,0.383349153,-1.583948761,-0.467936282,2.462312701,-3.56055103
3.7612,-0.341653647,0.373069122,-0.206495707,0.059457353,-0.787896793,0.254942818,-0.009397929,0.452731939,0.125739608,-0.752219316,0.482946647,0.525229453,0.567851531,0.378991639,-1.583276556,-0.449659959,2.424091403,-3.605925704
3.7662,-0.341694407,0.375385271,-0.205874703,0.055612458,-0.785401452,0.25757517,-0.00655387,0.454744525,0.117574891,-0.754466101,0.495129239,0.506678802,0.566760816,0.374591102,-1.582101499,-0.431248194,2.385773504,-3.650096773
3.7713,-0.341720669,0.37771164,-0.205295322,0.05175633,-0.782844434,0.260112294,-0.003715646,0.456734882,0.10941749,-0.756618456,0.507116138,0.487905393,0.565644178,0.370153042,-1.580409149,-0.412708988,2.347396298,-3.693034461
3.7764,-0.34173245,0.380048115,-0.204757556,0.04788947,-0.780226733,0.262553121,-0.000883266,0.45870302,0.101270068,-0.758675798,0.518907049,0.468916296,0.564509425,0.365676312,-1.578229959,-0.394028146,2.30900223,-3.734674436
3.7815,-0.341729781,0.38239457,-0.204261348,0.044012361,-0.777549399,0.264896525,0.001943386,0.460648206,0.093134878,-0.760637509,0.530502113,0.449717539,0.56335743,0.361152028,-1.575573408,-0.375206349,2.270599882,-3.775006654
3.7866,-0.34171271,0.384750899,-0.203806593,0.040125485,-0.774813381,0.267141456,0.004764089,0.46257052,0.085014488,-0.762502672,0.541901249,0.430316083,0.562176952,0.356585712,-1.572427967,-0.356246514,2.232254199,-3.813997724
3.7917,-0.341681254,0.387116985,-0.203393244,0.036229348,-0.772019678,0.269286938,0.007578725,0.464469951,0.07691141,-0.764270868,0.553104832,0.410719325,0.560978556,0.35197627,-1.568826636,-0.337139408,2.193998187,-3.851589569
3.7967,-0.341635442,0.389492708,-0.203021209,0.032324443,-0.769169333,0.271331943,0.010387206,0.466346166,0.068827939,-0.765941039,0.564113529,0.390933797,0.559762982,0.347320363,-1.564781057,-0.317885521,2.155833427,-3.887778773
3.8019,-0.341575314,0.391877938,-0.202690386,0.028411271,-0.766263296,0.273275537,0.013189638,0.468198501,0.060766201,-0.767512636,0.57492764,0.370966948,0.558526321,0.34261156,-1.56030628,-0.298482689,2.117815161,-3.92252891
3.807,-0.341500899,0.394272567,-0.202400617,0.024490341,-0.763302553,0.275116808,0.015985409,0.470027011,0.052728413,-0.768984992,0.585548088,0.350826089,0.55727154,0.337855567,-1.555391308,-0.278926663,2.079971494,-3.955811529
3.8121,-0.341412218,0.396676473,-0.202151827,0.020562157,-0.760288094,0.276854916,0.018774548,0.471831656,0.044717217,-0.770357017,0.595975713,0.330519849,0.556005919,0.333051518,-1.550081345,-0.259217755,2.042323322,-3.987580578
3.8172,-0.34130932,0.39908952,-0.201943845,0.016627241,-0.757220919,0.278489006,0.021557386,0.473611657,0.036733615,-0.77162812,0.606211227,0.310055057,0.554720292,0.32819088,-1.54437155,-0.239348752,2.004878852,-4.017822417
3.8223,-0.341192239,0.40151159,-0.201776521,0.012686105,-0.75410199,0.280018304,0.024333412,0.475367145,0.028780633,-0.772797588,0.616255947,0.28943919,0.553415232,0.323277283,-1.538277208,-0.219320138,1.967665784,-4.046499081
3.8274,-0.341060993,0.403942558,-0.201649714,0.008739271,-0.750932299,0.28144208,0.027102758,0.477097848,0.02085976,-0.773864395,0.62611188,0.268681559,0.552100777,0.318310099,-1.531823043,-0.199129771,1.930686354,-4.073572286
3.8325,-0.340915632,0.406382302,-0.201563258,0.004787263,-0.747712795,0.282759602,0.029865559,0.478803395,0.01297268,-0.774827711,0.635779144,0.247789652,0.550767931,0.31329112,-1.525027604,-0.178775205,1.893962029,-4.099030738
3.8375,-0.340756182,0.408830674,-0.201516957,0.000830608,-0.744444422,0.283970202,0.032621529,0.480483289,0.005120607,-0.775686801,0.645259504,0.226771664,0.549422346,0.3082096,-1.517896017,-0.158256572,1.857513471,-4.122850427
3.8427,-0.340582687,0.41128756,-0.201510627,-0.003130153,-0.741128127,0.285073277,0.035370387,0.482137645,-0.002693759,-0.776440811,0.654554392,0.20563574,0.548059309,0.303074732,-1.510445262,-0.137566802,1.821349952,-4.144994129
3.8477,-0.340395169,0.41375283,-0.201544088,-0.007094481,-0.737764885,0.286068255,0.038112371,0.483765985,-0.01046927,-0.777088656,0.663665848,0.184391833,0.546686445,0.297886322,-1.502701525,-0.116703433,1.785459884,-4.1654339
3.8529,-0.340193677,0.416226333,-0.201617124,-0.011061833,-0.734355614,0.286954586,0.040847517,0.485367805,-0.018205067,-0.777629855,0.672594281,0.163047743,0.545297234,0.292633977,-1.494673006,-0.095664261,1.74985836,-4.184156797
3.858,-0.339978246,0.418707945,-0.201729526,-0.015031671,-0.730901226,0.287731796,0.043575331,0.486943103,-0.025898717,-0.778063315,0.681341397,0.141611899,0.54389205,0.28732466,-1.486377263,-0.074452262,1.714557367,-4.201130582
3.8631,-0.339748905,0.421197532,-0.201881093,-0.019003431,-0.727402668,0.288399448,0.046295951,0.488491589,-0.033549335,-0.778388027,0.689909616,0.120094618,0.542475845,0.281958527,-1.47784088,-0.053057798,1.679541607,-4.21633005
3.8682,-0.339505699,0.423694958,-0.202071606,-0.022976563,-0.723860844,0.288957114,0.049009514,0.490012878,-0.041155847,-0.778603067,0.698299378,0.098504138,0.541044317,0.276538192,-1.469083851,-0.031483349,1.644815812,-4.229752296
3.8734,-0.339248653,0.426200069,-0.202300819,-0.026950507,-0.720276647,0.289404454,0.051715655,0.491506463,-0.048717657,-0.778707715,0.706512483,0.076849793,0.539605242,0.271053762,-1.460112327,-0.009726817,1.61038445,-4.241371865
3.8785,-0.33897782,0.428712734,-0.202568495,-0.030924693,-0.716650974,0.289741183,0.054414309,0.492972344,-0.056232786,-0.778700931,0.714550216,0.055140137,0.538148858,0.265512715,-1.450941583,0.012216143,1.5762432,-4.251157768
3.8836,-0.33869321,0.431232816,-0.202874435,-0.034898545,-0.712984739,0.289967025,0.057105742,0.494410136,-0.063701146,-0.778581444,0.722414829,0.033385256,0.536692729,0.25991804,-1.441613513,0.03435038,1.542372379,-4.259104579
3.8887,-0.338394893,0.433760164,-0.203218343,-0.038871492,-0.709278802,0.290081765,0.0597897,0.495819762,-0.071121483,-0.77834879,0.730106997,0.01159456,0.53521789,0.254265677,-1.432111689,0.056675533,1.508777909,-4.265199767
3.8938,-0.338082895,0.436294635,-0.203600006,-0.042842952,-0.705534036,0.290085301,0.062466211,0.497200834,-0.078492906,-0.778001789,0.737628013,-0.010222378,0.533732135,0.248559181,-1.422474979,0.079193215,1.475453526,-4.269392871
3.8989,-0.337757245,0.438836085,-0.204019177,-0.046812333,-0.701751345,0.289977476,0.065135028,0.498553077,-0.08581488,-0.777539234,0.744979687,-0.032055893,0.532240666,0.242799662,-1.412722385,0.101910421,1.442367859,-4.271698178
3.9039,-0.337417984,0.441384356,-0.204475604,-0.050779058,-0.697931563,0.28975823,0.067796327,0.499875801,-0.093086856,-0.776960333,0.752162741,-0.053896322,0.530743835,0.236982921,-1.402870329,0.124819393,1.409527511,-4.272101886
3.9093,-0.33706517,0.443939307,-0.20496899,-0.05474252,-0.694075534,0.289427545,0.070449949,0.501169139,-0.100308303,-0.776264187,0.759178517,-0.07573374,0.529229927,0.231114658,-1.392910396,0.147928984,1.376927762,-4.270596224
3.9148,-0.336698825,0.446500777,-0.205499111,-0.058702114,-0.69018412,0.288985517,0.073095831,0.502432818,-0.107478667,-0.775449662,0.766027882,-0.097558499,0.527709087,0.225191445,-1.38288001,0.171243061,1.34454812,-4.267135682
3.9204,-0.336318986,0.449068616,-0.206065711,-0.062657246,-0.686258196,0.288432184,0.07573405,0.503666152,-0.114597734,-0.774515627,0.7727126,-0.119360581,0.526184277,0.219214289,-1.372796548,0.194755894,1.312358079,-4.261742283
3.9255,-0.335925712,0.451642675,-0.206668487,-0.066607304,-0.682298566,0.28776769,0.078364452,0.50486929,-0.121665208,-0.773461269,0.779233036,-0.141129998,0.524643803,0.213189175,-1.362650104,0.218468814,1.280363217,-4.254405026
3.9305,-0.335519027,0.454222801,-0.207307211,-0.070551655,-0.67830607,0.286992277,0.080986984,0.506041992,-0.128680964,-0.772285335,0.785590244,-0.162856949,0.523097841,0.207117847,-1.352476772,0.242392798,1.248545828,-4.245087678
3.9357,-0.335098967,0.456808834,-0.207981624,-0.07448968,-0.674281566,0.286106126,0.083601727,0.507184124,-0.135644802,-0.770986853,0.79178556,-0.184531105,0.521549383,0.200999854,-1.34229249,0.266526626,1.21687386,-4.233821443
3.9408,-0.334665575,0.459400613,-0.20869146,-0.078420768,-0.67022585,0.28510954,0.086208562,0.508294933,-0.1425567,-0.769564777,0.797819012,-0.206142504,0.519996585,0.194834275,-1.332110078,0.29086147,1.185348776,-4.220597231
3.9459,-0.334218909,0.461997985,-0.209436414,-0.08234427,-0.666139751,0.284002864,0.088807442,0.509374603,-0.149416637,-0.768018054,0.803691402,-0.227681152,0.518430148,0.188627463,-1.321917271,0.315407895,1.153951328,-4.205412679
3.9509,-0.333758992,0.464600787,-0.210216263,-0.086259548,-0.662024083,0.282786547,0.091398531,0.510423024,-0.15622465,-0.766345604,0.809403241,-0.249137279,0.516860599,0.182379193,-1.311750008,0.340166515,1.122666963,-4.188235824
3.956,-0.333285865,0.467208856,-0.211030732,-0.09016596,-0.657879692,0.281460985,0.093981609,0.511439472,-0.162980886,-0.764546039,0.81495574,-0.270500499,0.515288698,0.176088754,-1.301614198,0.365135755,1.091462221,-4.169100065
3.9611,-0.332799584,0.469822035,-0.211879526,-0.094062865,-0.653707366,0.280026671,0.096556641,0.512424157,-0.169685481,-0.762618709,0.820348684,-0.291760733,0.513705155,0.169762688,-1.291500362,0.390311256,1.060335452,-4.148010807
3.9662,-0.332300171,0.472440155,-0.212762423,-0.097949596,-0.649507921,0.278484214,0.099123701,0.513376892,-0.176338634,-0.760562438,0.825582318,-0.312908354,0.512122826,0.163398344,-1.281442276,0.41570025,1.029266888,-4.124939161
3.9712,-0.331787671,0.47506306,-0.213679157,-0.101825489,-0.64528219,0.276834164,0.101682691,0.514297499,-0.182940748,-0.758376031,0.830657584,-0.333932933,0.510539913,0.157002903,-1.271446236,0.441305143,0.998227832,-4.09992176
3.9764,-0.331262123,0.477690573,-0.214629473,-0.105689889,-0.641030936,0.275077141,0.104233813,0.515185499,-0.189492065,-0.756058713,0.835573324,-0.354823699,0.508957247,0.150570927,-1.261522781,0.467118066,0.96722799,-4.072988226
3.9815,-0.330723585,0.480322544,-0.215613071,-0.109542126,-0.636755016,0.273213922,0.106776841,0.516040939,-0.195992909,-0.753609015,0.840330958,-0.375572435,0.507365879,0.144113985,-1.251654688,0.493138357,0.936223438,-4.044105332
3.9866,-0.330172075,0.482958795,-0.216629752,-0.11338151,-0.632455216,0.271245233,0.109311563,0.516863783,-0.202443257,-0.751025964,0.844929942,-0.396168039,0.505780763,0.137626961,-1.241882141,0.519372817,0.905210689,-4.013301231
3.9916,-0.329607646,0.485599154,-0.217679224,-0.117207353,-0.628132342,0.269171868,0.111838508,0.517653566,-0.208844479,-0.748308567,0.849370095,-0.416601281,0.50419527,0.131109355,-1.232189068,0.545822819,0.874175885,-3.980597918
3.9968,-0.329030346,0.488243461,-0.218761232,-0.121018986,-0.623787217,0.266994715,0.114357253,0.518410562,-0.215196063,-0.74545596,0.853650936,-0.436863183,0.502605358,0.124568109,-1.222578247,0.572476818,0.843095148,-3.945991878
4.0019,-0.3284402,0.490891545,-0.219875548,-0.124815703,-0.619420673,0.26471465,0.116868007,0.519134547,-0.221498887,-0.742466986,0.857772877,-0.456942899,0.501021364,0.118003216,-1.213068158,0.599339929,0.811940534,-3.909517756
4.007,-0.327837254,0.493543249,-0.221021927,-0.128596812,-0.61503349,0.262332617,0.119370693,0.519825323,-0.227753475,-0.739340185,0.861735143,-0.476831375,0.499441544,0.111424171,-1.203662499,0.626405369,0.780716582,-3.871201531
4.0121,-0.327221552,0.496198386,-0.222200103,-0.132361611,-0.610626487,0.259849616,0.121865636,0.520482591,-0.23396085,-0.736075147,0.865537438,-0.496519278,0.497864438,0.104822927,-1.194352795,0.653670584,0.749405774,-3.831067129
4.0172,-0.326593143,0.49885679,-0.223409832,-0.136109379,-0.60620049,0.257266724,0.12435243,0.521106557,-0.240120579,-0.732670537,0.869178857,-0.515998175,0.496285979,0.098203764,-1.185139122,0.681139543,0.717988158,-3.789122261
4.0223,-0.32595205,0.501518299,-0.224650896,-0.139839412,-0.601756343,0.254585009,0.126831299,0.521696942,-0.246233604,-0.729125031,0.872659398,-0.53525771,0.494716466,0.091573492,-1.17603732,0.708801949,0.686434629,-3.745410515
4.0274,-0.325298328,0.504182725,-0.22592304,-0.143550981,-0.597294839,0.251805603,0.129302375,0.522253668,-0.25230098,-0.725437846,0.875978176,-0.554289166,0.493149468,0.084923924,-1.167036948,0.736659427,0.654751217,-3.699966534
4.0326,-0.324632019,0.50684991,-0.227226026,-0.147243372,-0.592816811,0.248929727,0.131765358,0.522776969,-0.258322298,-0.72160842,0.879134071,-0.57308466,0.491583127,0.078264329,-1.158136186,0.764702513,0.622919066,-3.652801761
4.0377,-0.323953149,0.509519677,-0.228559638,-0.150915843,-0.588323111,0.245958584,0.134220482,0.523266689,-0.2642985,-0.717635494,0.882126977,-0.591634516,0.490027624,0.071594391,-1.149344141,0.792933335,0.590912798,-3.603966287
4.0428,-0.323261758,0.512191868,-0.22992366,-0.154567662,-0.583814546,0.242893433,0.136667806,0.523722697,-0.27023026,-0.713517614,0.884955712,-0.609930536,0.488483618,0.064923256,-1.140667645,0.821344824,0.558737314,-3.553506313
4.0479,-0.322557897,0.514866291,-0.231317838,-0.158198099,-0.579291967,0.239735592,0.139107473,0.524144857,-0.27611843,-0.709254707,0.887619052,-0.627964425,0.48694456,0.058240172,-1.132089149,0.849926506,0.52637265,-3.501458089
4.053,-0.32184161,0.51754278,-0.23274195,-0.161806406,-0.57475623,0.236486462,0.141539195,0.524533329,-0.281962687,-0.704845607,0.890115783,-0.645728836,0.485408456,0.051551557,-1.123607026,0.878673957,0.493801019,-3.44783624
4.0582,-0.32111292,0.520221173,-0.234195795,-0.16539184,-0.570208201,0.233147407,0.143963219,0.524887897,-0.287764058,-0.700289186,0.89244541,-0.663215083,0.483885334,0.044863738,-1.115230969,0.907578044,0.461000618,-3.392703568
4.0633,-0.320371879,0.522901279,-0.23567914,-0.168953635,-0.5656487,0.229719853,0.146379696,0.525208541,-0.293523467,-0.695585156,0.894606689,-0.680415693,0.482368461,0.038168013,-1.106949471,0.93663849,0.427982453,-3.336111499
4.0684,-0.31961853,0.525582935,-0.237191769,-0.17249105,-0.561078605,0.226205318,0.148788345,0.525495443,-0.299240363,-0.690732866,0.896598048,-0.697323993,0.480855651,0.031470519,-1.098759567,0.965838846,0.394725427,-3.278080059
4.0735,-0.318852899,0.528265967,-0.238733485,-0.176003309,-0.5564988,0.222605277,0.151189513,0.525748598,-0.304915842,-0.685731189,0.89841883,-0.713931896,0.479354409,0.024772664,-1.090667148,0.995179502,0.361209079,-3.218679494
4.0786,-0.318075022,0.530950212,-0.240304077,-0.179489665,-0.551910145,0.218921276,0.153583164,0.525967812,-0.310550395,-0.680579254,0.900067301,-0.730232653,0.477867573,0.018080384,-1.082668847,1.024641384,0.327433086,-3.157960911
4.0838,-0.317284948,0.53363549,-0.241903324,-0.18294933,-0.54731352,0.215154898,0.155969457,0.526153311,-0.316144878,-0.675276744,0.901541906,-0.746219668,0.476388151,0.011389759,-1.074751798,1.05422656,0.293386836,-3.095974587
4.0889,-0.316482706,0.536321627,-0.243531033,-0.186381538,-0.542709817,0.211307798,0.158348442,0.526305105,-0.321699203,-0.669822962,0.902841445,-0.761887369,0.474921461,0.004701947,-1.066919856,1.083921422,0.259060057,-3.032748725
4.0939,-0.31566833,0.539008451,-0.245187003,-0.189785545,-0.538099935,0.20738159,0.160720089,0.5264228,-0.327213902,-0.664217526,0.903965176,-0.777228799,0.473470186,-0.001982543,-1.059171231,1.11369691,0.22444159,-2.968356637
4.0991,-0.314841877,0.54169579,-0.246870998,-0.193160548,-0.533484757,0.203377948,0.163084343,0.526506824,-0.33268923,-0.658459909,0.904911207,-0.792238052,0.472022002,-0.008663307,-1.051479465,1.14355736,0.189533259,-2.902854262
4.1045,-0.314003373,0.544383472,-0.248582858,-0.196505771,-0.528865229,0.199298616,0.16544134,0.526557199,-0.338125527,-0.65254992,0.905677164,-0.806910471,0.470584052,-0.015339495,-1.043864222,1.173489022,0.15430622,-2.836275029
4.1096,-0.313152851,0.547071321,-0.250322378,-0.199820435,-0.524242255,0.195145296,0.167791241,0.526574046,-0.343523365,-0.646487025,0.906262656,-0.821239733,0.469158776,-0.02201267,-1.036315956,1.20347736,0.118761808,-2.768694452
4.1153,-0.312290345,0.549759169,-0.252089364,-0.203103788,-0.519616756,0.190919753,0.170134111,0.526556874,-0.348882771,-0.640271121,0.906665334,-0.835220966,0.467746251,-0.028680166,-1.028832272,1.233489994,0.082894996,-2.700165323
4.1204,-0.31141591,0.552446844,-0.253883587,-0.206355013,-0.514989677,0.18662377,0.172469785,0.526506124,-0.354204107,-0.633902172,0.90688352,-0.848849585,0.466336423,-0.035342001,-1.021385953,1.263532507,0.046692773,-2.630746016
4.1255,-0.31052956,0.555134174,-0.255704888,-0.209573338,-0.510361964,0.182259189,0.174798408,0.526421824,-0.359487711,-0.627380083,0.906915278,-0.862121967,0.464941024,-0.041997736,-1.013993967,1.293582588,0.010147049,-2.560474332
4.1305,-0.309631335,0.557820988,-0.257553072,-0.212757976,-0.505734566,0.17782781,0.17712015,0.526303596,-0.364733943,-0.620704544,0.906759768,-0.875032826,0.463557326,-0.048647573,-1.006649063,1.32362486,-0.026746556,-2.489424342
4.1358,-0.308721288,0.56050711,-0.259427917,-0.215908179,-0.501108448,0.173331482,0.179434839,0.526151769,-0.369942776,-0.613875899,0.906414475,-0.887578647,0.462175059,-0.055294389,-0.99932671,1.353621198,-0.063996721,-2.417654222
4.1409,-0.307799445,0.563192368,-0.261329269,-0.219023138,-0.496484587,0.168772108,0.181742698,0.525966565,-0.37511447,-0.606894491,0.90587766,-0.899756674,0.460798524,-0.061938036,-0.992043775,1.383568832,-0.101612623,-2.345201369
4.146,-0.306865833,0.565876596,-0.263256938,-0.222102073,-0.491863971,0.164151549,0.184043769,0.525747905,-0.380249213,-0.599760415,0.905147634,-0.911562376,0.459432199,-0.068575881,-0.984795285,1.413447126,-0.139605168,-2.27213638
4.151,-0.305920487,0.568559622,-0.265210734,-0.225144237,-0.487247563,0.159471716,0.186338103,0.525495405,-0.385347267,-0.592474226,0.90422261,-0.922992863,0.458075622,-0.075208504,-0.977574079,1.443217592,-0.177962493,-2.198510591
4.1561,-0.304963457,0.571241272,-0.267190435,-0.228148813,-0.482636383,0.154734514,0.188625516,0.525209393,-0.390408502,-0.585036261,0.90310017,-0.934045642,0.456718213,-0.081839142,-0.970355802,1.472882583,-0.216702221,-2.124387245
4.1612,-0.303994759,0.573921377,-0.269195887,-0.231115043,-0.47803144,0.149941908,0.190906136,0.524889985,-0.39543297,-0.577447444,0.901778456,-0.944719182,0.455371191,-0.08846567,-0.963154983,1.502411721,-0.25582742,-2.049798396
4.1663,-0.30301443,0.576599767,-0.271226904,-0.234042154,-0.473433747,0.145095818,0.19318011,0.524536792,-0.400420955,-0.569708419,0.900256219,-0.955010255,0.454031335,-0.095088882,-0.955966948,1.531783407,-0.295339611,-1.974811559
4.1714,-0.302022521,0.579276263,-0.273283265,-0.236929415,-0.468844347,0.140198199,0.195447243,0.524150225,-0.405372253,-0.561820102,0.898530737,-0.964916754,0.452687903,-0.101714536,-0.948767562,1.560953398,-0.335249624,-1.899476709
4.1764,-0.301019047,0.581950695,-0.275364821,-0.239776026,-0.464264282,0.135251038,0.197707646,0.523730477,-0.410286954,-0.553783524,0.896599972,-0.974438226,0.451351966,-0.108342757,-0.941574203,1.589920709,-0.375561427,-1.823829184
4.1816,-0.300004046,0.584622908,-0.277471382,-0.242581243,-0.459694607,0.130256289,0.199961453,0.523277148,-0.415165175,-0.545599798,0.894462168,-0.983571994,0.450020158,-0.114964226,-0.934380207,1.618654341,-0.416280526,-1.747927261
4.1866,-0.298977559,0.587292712,-0.279602756,-0.245344339,-0.455136359,0.125215928,0.202208668,0.522790342,-0.420006793,-0.537270523,0.892115487,-0.992316986,0.448686792,-0.121592085,-0.927179103,1.64711493,-0.457394056,-1.671818764
4.1917,-0.297939624,0.589959944,-0.281758745,-0.248064546,-0.450590625,0.120131942,0.204448969,0.522270037,-0.424811228,-0.52879681,0.88955727,-1.000672056,0.447348156,-0.128222269,-0.919958863,1.675291866,-0.498913499,-1.595547257
4.1968,-0.296890265,0.59262444,-0.283939174,-0.250741135,-0.446058506,0.115006338,0.20668265,0.521716025,-0.429579011,-0.520180081,0.886785623,-1.008637786,0.446010267,-0.134851026,-0.912724862,1.703155019,-0.540850218,-1.519143784
4.202,-0.295829519,0.595286022,-0.286143847,-0.253373401,-0.441541066,0.109841085,0.20890981,0.521128709,-0.434310354,-0.511421728,0.883798976,-1.016212512,0.444669881,-0.141484118,-0.905466746,1.730664593,-0.583187028,-1.442662209
4.2071,-0.294757431,0.597944515,-0.288372566,-0.255960628,-0.437039428,0.104638183,0.211130107,0.520507751,-0.439004292,-0.50252445,0.880594746,-1.023395825,0.443318553,-0.14812474,-0.898176059,1.757791885,-0.625935321,-1.366138112
4.2122,-0.293674021,0.600599747,-0.290625167,-0.258502092,-0.43255471,0.099399611,0.213343711,0.519853315,-0.443661095,-0.493489932,0.877170932,-1.030188038,0.441964776,-0.154773816,-0.890863495,1.784519359,-0.669096457,-1.289617743
4.2173,-0.292579323,0.60325156,-0.29290145,-0.260997113,-0.428088039,0.094127377,0.215550609,0.519165067,-0.448280632,-0.484319697,0.873525433,-1.036588725,0.440607523,-0.161425079,-0.883520919,1.810808435,-0.712668402,-1.2131281
4.2224,-0.291473373,0.605899764,-0.295201219,-0.263445006,-0.423640524,0.088823484,0.217750876,0.518443173,-0.452863141,-0.475017081,0.869656612,-1.042598319,0.439243479,-0.168089517,-0.876140934,1.836629556,-0.756632995,-1.136696149
4.2276,-0.290356217,0.608544197,-0.297524273,-0.265845082,-0.419213335,0.083489958,0.219944051,0.517687575,-0.45740759,-0.465583798,0.865562029,-1.048217758,0.437866467,-0.174763169,-0.868715727,1.861964864,-0.801000425,-1.060333084
4.2327,-0.289227881,0.611184694,-0.299870441,-0.268196684,-0.414807633,0.078128731,0.222130488,0.516898031,-0.461914285,-0.45602251,0.861239531,-1.053447147,0.436480076,-0.181442337,-0.861254326,1.886782673,-0.845768316,-0.98410196
4.2378,-0.288088398,0.613821071,-0.302239513,-0.270499185,-0.410424564,0.072741817,0.224310137,0.516074798,-0.466383216,-0.446335652,0.856687844,-1.058286774,0.435083553,-0.188135371,-0.853744856,1.911041889,-0.890917737,-0.908013677
4.2429,-0.286937811,0.61645315,-0.304631311,-0.272751952,-0.406065318,0.067331231,0.226482424,0.515217697,-0.470813952,-0.436527066,0.851904401,-1.062738204,0.433673026,-0.194845439,-0.846195174,1.934715396,-0.936450476,-0.832072637
4.248,-0.28577615,0.619080768,-0.307045619,-0.274954349,-0.401731083,0.061898903,0.228647792,0.514326856,-0.475205738,-0.426599272,0.846887266,-1.066802113,0.432249525,-0.201568231,-0.838590308,1.957785548,-0.982358166,-0.756330788
4.2532,-0.284603447,0.621703755,-0.309482255,-0.277105796,-0.397423065,0.056446824,0.230806077,0.5134017,-0.479558719,-0.416554936,0.841634541,-1.070478929,0.430814658,-0.208302255,-0.830937302,1.98021198,-1.028636117,-0.680797768
4.2583,-0.283419743,0.624321929,-0.311941012,-0.279205709,-0.393142442,0.05097697,0.232957316,0.512442363,-0.483873045,-0.40639844,0.836145017,-1.073769649,0.429365187,-0.21505371,-0.82322975,2.001966309,-1.075257963,-0.605487588
4.2634,-0.282225083,0.626935115,-0.31442168,-0.281253504,-0.388890448,0.045491339,0.235101008,0.511448957,-0.488147696,-0.396132741,0.830416432,-1.076676222,0.42789505,-0.221823308,-0.815458502,2.023032226,-1.122222727,-0.530396052
4.2685,-0.281019496,0.629543151,-0.316924076,-0.283248627,-0.384668309,0.039991832,0.237237467,0.510421101,-0.49238268,-0.38576131,0.824446864,-1.079199778,0.426407982,-0.228604506,-0.807633508,2.043385175,-1.169516759,-0.455569292
4.2736,-0.27980302,0.63214585,-0.319447989,-0.285190578,-0.380477235,0.034480423,0.239366607,0.509359022,-0.496578118,-0.375287584,0.818235424,-1.081340949,0.424903411,-0.235405357,-0.799748672,2.062982387,-1.217112033,-0.381006483
4.2787,-0.278575689,0.634743032,-0.321993222,-0.287078846,-0.376318488,0.028959093,0.241488238,0.508262509,-0.500733401,-0.364716305,0.811780171,-1.083101767,0.423383131,-0.242228684,-0.7918055,2.081798354,-1.265005481,-0.306695238
4.2838,-0.277337556,0.637334526,-0.324559554,-0.288912919,-0.372193313,0.023429717,0.24360205,0.507131556,-0.504847694,-0.354051073,0.80507933,-1.08448353,0.421836343,-0.249072381,-0.783794713,2.099822611,-1.313176334,-0.232680967
4.2889,-0.276088647,0.639920164,-0.327146793,-0.290692347,-0.368102973,0.017894256,0.245708133,0.50596566,-0.508921082,-0.343295502,0.798131728,-1.085487212,0.42027185,-0.255932245,-0.775724109,2.117020085,-1.361609757,-0.158952918
4.2939,-0.274829005,0.642499754,-0.329754722,-0.292416678,-0.364048701,0.012354636,0.247806493,0.504765025,-0.512953658,-0.332454991,0.79093664,-1.086114175,0.418686691,-0.262816357,-0.767588008,2.133370695,-1.410266338,-0.085512775
4.299,-0.273558681,0.645073125,-0.33238312,-0.294085474,-0.360031795,0.006812804,0.249896696,0.503529636,-0.516944346,-0.321533273,0.783492527,-1.086366573,0.417072789,-0.269722401,-0.75937795,2.148862251,-1.459141554,-0.012346964
4.3044,-0.272277702,0.647640109,-0.335031787,-0.295698326,-0.356053516,0.001270607,0.251978823,0.502259092,-0.520893201,-0.310534672,0.775798047,-1.086245899,0.415439083,-0.276643364,-0.751102231,2.16347758,-1.508203287,0.060507046
4.3095,-0.270986112,0.650200512,-0.33770052,-0.297254878,-0.352115125,-0.004270028,0.254052869,0.500953494,-0.524800517,-0.299463328,0.767853164,-1.08575289,0.413782755,-0.283589387,-0.74276572,2.177184559,-1.557414596,0.133062857
4.3146,-0.269683954,0.65275416,-0.34038908,-0.298754751,-0.348217956,-0.009807176,0.256118718,0.499612826,-0.528664918,-0.288324398,0.759655977,-1.084889837,0.41210365,-0.29055789,-0.734353275,2.189979362,-1.606778853,0.205339916
4.3198,-0.268371281,0.655300868,-0.343097245,-0.300197635,-0.344363236,-0.015339006,0.258175925,0.498236863,-0.532486012,-0.27712312,0.751206799,-1.083658347,0.410393913,-0.297551124,-0.725863092,2.201833932,-1.656229564,0.277305943
4.325,-0.267048123,0.657840467,-0.345824812,-0.30158322,-0.340552291,-0.020863613,0.260224564,0.49682519,-0.536263836,-0.265863296,0.742505002,-1.082059037,0.408662716,-0.304562029,-0.717303715,2.212734771,-1.705758734,0.348979334
4.3302,-0.265714526,0.660372753,-0.34857156,-0.302911201,-0.336786385,-0.026379122,0.262264621,0.495378296,-0.539998035,-0.25455143,0.733550928,-1.080093489,0.406907477,-0.311605073,-0.708674522,2.222683939,-1.755316975,0.420365437
4.3352,-0.264370547,0.662897568,-0.351337239,-0.304181345,-0.333066826,-0.031883644,0.264295646,0.493895438,-0.543688008,-0.243190797,0.72434377,-1.077763738,0.40512051,-0.318665321,-0.699959987,2.231655952,-1.804880271,0.491481361
4.3403,-0.263016208,0.665414732,-0.354121648,-0.305393393,-0.329394894,-0.037375387,0.26631813,0.492376638,-0.54733356,-0.231786774,0.714883306,-1.075071356,0.40331661,-0.325740655,-0.691173941,2.239658181,-1.854404754,0.562292227
4.3454,-0.261651578,0.667924052,-0.356924552,-0.306547158,-0.325771869,-0.042852464,0.268331334,0.490821902,-0.550934519,-0.220343949,0.705170872,-1.072017008,0.401481295,-0.332838334,-0.682311232,2.246670548,-1.903846394,0.632825368
4.3505,-0.260276692,0.670425334,-0.35974573,-0.307642438,-0.322199091,-0.048313012,0.270335424,0.48923131,-0.5544903,-0.208867861,0.695205577,-1.068602788,0.399621742,-0.339962677,-0.673376552,2.252701688,-1.95319669,0.703096058
4.3556,-0.258891596,0.672918401,-0.362584947,-0.308679075,-0.318677803,-0.05375522,0.272330278,0.487604632,-0.558000632,-0.197363522,0.684988366,-1.064829341,0.397738261,-0.347110486,-0.66436719,2.25774932,-2.00238837,0.773095109
4.3611,-0.257496335,0.675403078,-0.365441975,-0.309656978,-0.315209277,-0.059177262,0.274315677,0.48594146,-0.561465037,-0.185836011,0.674521197,-1.060698151,0.395833554,-0.35427416,-0.65528541,2.261788696,-2.051372934,0.842823777
4.3662,-0.256090972,0.677879173,-0.368316552,-0.310575995,-0.311794807,-0.064577317,0.276291283,0.484242112,-0.564882903,-0.174290393,0.663804493,-1.056210589,0.39389775,-0.361458097,-0.646115991,2.264850832,-2.100117123,0.912285292
4.3712,-0.254675547,0.680346496,-0.371208465,-0.311436026,-0.308435674,-0.069953603,0.278257264,0.482506378,-0.568254022,-0.162732126,0.652839679,-1.051368981,0.391938278,-0.368663757,-0.63687308,2.266951018,-2.148582283,0.981464022
4.3763,-0.253250107,0.682804862,-0.374117468,-0.312237065,-0.305133102,-0.075304282,0.280213501,0.48073415,-0.571578213,-0.15116515,0.64162887,-1.04617369,0.389955695,-0.375890238,-0.627551851,2.268065793,-2.196698338,1.050380501
4.3814,-0.251814704,0.685254084,-0.37704332,-0.312979083,-0.30188837,-0.080627531,0.282159877,0.478925325,-0.574854873,-0.139595499,0.630173415,-1.040626629,0.387950627,-0.383136595,-0.618152434,2.268203052,-2.244433132,1.119050257
4.3865,-0.2503694,0.687693976,-0.379985763,-0.313662058,-0.298702709,-0.085921582,0.284095952,0.477079802,-0.578083273,-0.12802759,0.618474889,-1.034728683,0.385916002,-0.390401838,-0.608666965,2.267384155,-2.291730305,1.187458519
4.3916,-0.248914233,0.690124361,-0.382944573,-0.314286026,-0.29557737,-0.091184681,0.286021806,0.475197199,-0.581263314,-0.116465679,0.606536036,-1.028482157,0.383861765,-0.397677985,-0.599107176,2.2656119,-2.338549779,1.255586532
4.3967,-0.247449257,0.692545038,-0.385919493,-0.314851032,-0.29251354,-0.096415018,0.287937437,0.473277751,-0.584394809,-0.104915824,0.594360186,-1.021887411,0.381786102,-0.404971649,-0.589468426,2.26289992,-2.384822173,1.323451343
4.4018,-0.245974539,0.69495582,-0.388910258,-0.315357125,-0.289512452,-0.101610805,0.289842409,0.471321371,-0.587476921,-0.093382129,0.581949503,-1.014946384,0.379682076,-0.412281634,-0.579740952,2.259277542,-2.430511561,1.391059746
4.4069,-0.24449012,0.697356529,-0.391916632,-0.315804402,-0.286575276,-0.106770335,0.291736906,0.469327689,-0.590509426,-0.081869096,0.569306817,-1.007660786,0.377557447,-0.41959976,-0.569934292,2.254759793,-2.47555338,1.458374645
4.412,-0.242996053,0.699746956,-0.394938361,-0.316193,-0.283703175,-0.111891813,0.293620825,0.467296943,-0.593492126,-0.07038076,0.556436607,-1.000031148,0.375413079,-0.426937356,-0.560048788,2.249354529,-2.51988888,1.525412358
4.4171,-0.241492394,0.70212692,-0.397975193,-0.316523062,-0.280897331,-0.116973471,0.295494068,0.465229049,-0.596424526,-0.058922729,0.543341851,-0.992059382,0.37324989,-0.434288193,-0.55008744,2.243080201,-2.563480467,1.592178757
4.4222,-0.23997921,0.70449623,-0.401026852,-0.316794729,-0.278158864,-0.122013583,0.297356213,0.463123943,-0.599305898,-0.047498934,0.530026094,-0.983746711,0.371061076,-0.441650918,-0.540038085,2.235972969,-2.606264906,1.658656132
4.4272,-0.238456548,0.706854708,-0.40409309,-0.317008205,-0.275488902,-0.127010452,0.299207348,0.460981278,-0.602136024,-0.036112872,0.516493879,-0.975095407,0.368851925,-0.449017204,-0.529910465,2.228045105,-2.648196138,1.724812591
4.4324,-0.236924462,0.709202151,-0.407173644,-0.317163696,-0.272888514,-0.131962317,0.301047481,0.458801327,-0.604914602,-0.024769898,0.502750651,-0.966106155,0.366625696,-0.456393333,-0.519702547,2.219321804,-2.689206937,1.790659152
4.4374,-0.235383024,0.711538361,-0.410268234,-0.317261406,-0.270358786,-0.136867443,0.302876296,0.456584032,-0.607640898,-0.01347335,0.488800496,-0.956780951,0.364373285,-0.463782698,-0.509407173,2.209843403,-2.729254456,1.856193969
4.4425,-0.233832275,0.713863167,-0.413376612,-0.317301585,-0.267900752,-0.141724168,0.304693891,0.454329051,-0.6103149,-0.002226911,0.474647968,-0.947122207,0.362105133,-0.471171969,-0.499034461,2.199635337,-2.76827829,1.921375708
4.4477,-0.232272273,0.716176361,-0.416498505,-0.317284522,-0.265515416,-0.146530767,0.306500189,0.452036567,-0.612936108,0.008966144,0.460299668,-0.9371307,0.359822174,-0.478569927,-0.488582762,2.188712633,-2.806220025,1.986203647
4.4528,-0.230703076,0.718477755,-0.419633643,-0.317210497,-0.263203795,-0.151285529,0.308295117,0.449706649,-0.615504121,0.020101125,0.44576049,-0.926808549,0.357525372,-0.485972689,-0.478052805,2.177107421,-2.843043246,2.050674249
4.4579,-0.229124755,0.720767156,-0.422781741,-0.317079788,-0.260966828,-0.155986788,0.310078278,0.447339374,-0.618018213,0.031175279,0.431035786,-0.91615744,0.355207943,-0.493380985,-0.467437607,2.164864211,-2.878684717,2.114760589
4.4631,-0.227537357,0.723044387,-0.425942535,-0.316892742,-0.258805464,-0.160632903,0.311849895,0.44493433,-0.620478278,0.042185904,0.416132194,-0.90518035,0.352877758,-0.500783709,-0.456744884,2.151997983,-2.913106737,2.17842616
4.4682,-0.225940941,0.725309245,-0.429115748,-0.316649689,-0.256720569,-0.165222172,0.313609906,0.442491838,-0.622883923,0.05312878,0.401056823,-0.893878386,0.350535759,-0.508186964,-0.44597547,2.13854305,-2.946241837,2.241674867
4.4733,-0.224335583,0.72756153,-0.43230109,-0.316350956,-0.254713033,-0.169752947,0.315358023,0.440011887,-0.625234431,0.06400164,0.385815601,-0.88225414,0.348172813,-0.515593971,-0.435122488,2.12454574,-2.978058173,2.304485792
4.4784,-0.222721324,0.729801071,-0.435498288,-0.31599691,-0.252783665,-0.174223631,0.317094478,0.437494185,-0.627529799,0.074801896,0.370414888,-0.87031058,0.345801902,-0.52299124,-0.424191443,2.110036644,-3.008497764,2.366811038
4.4836,-0.221098226,0.73202766,-0.438707062,-0.315587949,-0.25093325,-0.178632566,0.318819126,0.434938965,-0.629769537,0.085527508,0.354863065,-0.858049168,0.343421597,-0.530387396,-0.413185837,2.095037694,-3.037510705,2.428646107
4.4887,-0.219466351,0.734241106,-0.441927128,-0.315124465,-0.249162573,-0.182978132,0.32053192,0.432346442,-0.631953267,0.096174929,0.33916665,-0.845472864,0.341032792,-0.537780722,-0.402106639,2.079579875,-3.065072854,2.489971569
4.4938,-0.217825772,0.736441223,-0.445158187,-0.314606834,-0.247472326,-0.187258733,0.322232492,0.429716539,-0.634080288,0.106742251,0.32333288,-0.83258403,0.338628616,-0.545166928,-0.390947114,2.063712616,-3.091126958,2.550759583
4.4989,-0.216176538,0.738627827,-0.448399957,-0.314035492,-0.245863212,-0.191472812,0.323921091,0.427048896,-0.636150615,0.117228256,0.307369918,-0.819386648,0.336216831,-0.552539941,-0.379712908,2.04745496,-3.115649649,2.610965609
4.504,-0.214518711,0.740800715,-0.451652153,-0.313410865,-0.244335844,-0.195618778,0.325597681,0.42434408,-0.638163775,0.127629903,0.291286529,-0.805882696,0.333798248,-0.55990575,-0.368407655,2.030837514,-3.138588932,2.670575847
4.5091,-0.212852369,0.742959697,-0.454914468,-0.312733359,-0.242890846,-0.199695062,0.327261998,0.421601925,-0.640119079,0.137945994,0.27508991,-0.792075367,0.331363589,-0.56726259,-0.357024692,2.013909249,-3.15992727,2.729569594
4.5145,-0.211177557,0.745104595,-0.458186612,-0.312003418,-0.241528748,-0.203700164,0.328914191,0.418822193,-0.642016448,0.148175124,0.25878804,-0.777968861,0.328923077,-0.574602035,-0.345567138,1.996699988,-3.179617196,2.787894712
4.5197,-0.209494338,0.747235205,-0.461468296,-0.311221507,-0.240250056,-0.207632528,0.330554232,0.416005468,-0.643855516,0.158316425,0.242390537,-0.763565687,0.32647739,-0.581930036,-0.334040978,1.979230087,-3.197627565,2.84554241
4.5258,-0.207802777,0.749351343,-0.464759214,-0.310388081,-0.239055276,-0.211490656,0.332182193,0.413151718,-0.645635924,0.168367414,0.225905258,-0.748869486,0.324024877,-0.589242199,-0.322442439,1.961530488,-3.213954006,2.902479981
4.5309,-0.206102946,0.751452812,-0.468059061,-0.309503578,-0.237944806,-0.215273068,0.333797618,0.410261016,-0.64735699,0.178327649,0.20934038,-0.733883764,0.321560983,-0.596541606,-0.310769788,1.943645218,-3.22855771,2.958671966
4.536,-0.204394895,0.75353944,-0.471367538,-0.308568485,-0.236919044,-0.218978326,0.335400775,0.407333045,-0.649018653,0.188196839,0.192705329,-0.718613469,0.319093183,-0.603817212,-0.299026162,1.925589783,-3.241429784,3.014071581
4.541,-0.202678692,0.755611029,-0.474684349,-0.307583271,-0.235978303,-0.22260495,0.336991742,0.404368328,-0.650620565,0.197972958,0.17600973,-0.703061745,0.316619675,-0.61107261,-0.287217558,1.9073926,-3.252540755,3.068668189
4.5461,-0.200954406,0.757667385,-0.478009172,-0.306548397,-0.235122895,-0.226151519,0.338570068,0.401366959,-0.652162167,0.20765599,0.159261744,-0.687232879,0.314135747,-0.618310825,-0.275335027,1.88909002,-3.261891486,3.122427537
4.5512,-0.19922209,0.759708335,-0.481341708,-0.305464333,-0.234353042,-0.229616665,0.340136026,0.398328644,-0.653643302,0.21724537,0.142469998,-0.671132094,0.311648713,-0.625520745,-0.263384271,1.870710699,-3.269458507,3.17529682
4.5562,-0.197481808,0.76173367,-0.48468165,-0.304331576,-0.233668937,-0.232998976,0.341689601,0.395254316,-0.655063529,0.22674146,0.125644743,-0.654763242,0.309158921,-0.632715159,-0.251368667,1.852268345,-3.275232995,3.227264498
4.5613,-0.195733625,0.763743221,-0.488028684,-0.303150584,-0.233070761,-0.236297095,0.343230877,0.392143675,-0.656422614,0.236142188,0.108794258,-0.638130799,0.306664381,-0.639881855,-0.239286701,1.83380089,-3.27923115,3.278298206
4.5665,-0.193977606,0.765736805,-0.491382496,-0.301921863,-0.23255862,-0.239509686,0.344759831,0.388996358,-0.657720222,0.245449294,0.091927809,-0.621239705,0.304165652,-0.64701718,-0.227139439,1.815315695,-3.281453988,3.328368256
4.5715,-0.192213808,0.767714231,-0.494742777,-0.300645867,-0.232132567,-0.242635444,0.346276345,0.385813132,-0.658955927,0.254662165,0.075054548,-0.604095163,0.301665562,-0.654124636,-0.214930249,1.79684986,-3.281903288,3.377442269
4.5766,-0.190442308,0.769675314,-0.498109197,-0.299323086,-0.231792619,-0.245673096,0.347780087,0.382593939,-0.660129292,0.263780941,0.058183393,-0.586702143,0.299156567,-0.661202257,-0.202652435,1.778418828,-3.28058934,3.425483203
4.5817,-0.188663163,0.771619868,-0.501481438,-0.297953985,-0.231538719,-0.248621424,0.349271434,0.379339031,-0.661240175,0.272805764,0.041322729,-0.569066867,0.296643428,-0.668250648,-0.190306727,1.76004888,-3.277509852,3.472438717
4.5868,-0.186876432,0.773547727,-0.504859188,-0.296539071,-0.231370784,-0.251479156,0.350750268,0.376048177,-0.662288244,0.281737669,0.024482864,-0.551194265,0.294128824,-0.675258571,-0.177898973,1.741741365,-3.272677271,3.518305326
4.5918,-0.185082183,0.775458695,-0.508242126,-0.29507882,-0.231288718,-0.254245112,0.352216679,0.372722082,-0.663272981,0.290575783,0.007672029,-0.53308979,0.291610515,-0.682231712,-0.165429831,1.723512689,-3.26612853,3.563041843
4.5969,-0.183280487,0.777352595,-0.51162992,-0.293573685,-0.231292348,-0.256918112,0.353670224,0.369360722,-0.664194059,0.299321296,-0.009101173,-0.514759574,0.289083361,-0.689167961,-0.152894772,1.705389406,-3.257882985,3.606624502
4.6019,-0.181471402,0.779229253,-0.515022249,-0.292024158,-0.231381437,-0.259497059,0.355111281,0.365963891,-0.665051458,0.307975266,-0.025828733,-0.496210358,0.286551941,-0.696061094,-0.140296974,1.687373893,-3.247952126,3.648999233
4.607,-0.179654988,0.781088482,-0.518418792,-0.290430711,-0.231555722,-0.26198082,0.356539731,0.362532417,-0.66584456,0.316537139,-0.042500785,-0.477447416,0.284018758,-0.702914342,-0.127639582,1.669476097,-3.236361945,3.69015178
4.6121,-0.177831325,0.782930103,-0.52181921,-0.288793786,-0.231814922,-0.264368327,0.357955335,0.3590664,-0.666573048,0.325007989,-0.059109694,-0.45847696,0.281473634,-0.709727757,-0.114917966,1.651720739,-3.223155404,3.730050151
4.6172,-0.176000467,0.784753942,-0.525223179,-0.287113846,-0.232158675,-0.26665856,0.359358357,0.355565953,-0.66723691,0.333388567,-0.075647788,-0.439306623,0.278923581,-0.716496751,-0.102135208,1.63411712,-3.208355685,3.768651683
4.6223,-0.174162474,0.786559838,-0.528630368,-0.285391367,-0.232586599,-0.268850481,0.360748675,0.352031017,-0.667835631,0.341680359,-0.092105707,-0.419942227,0.276370952,-0.723212336,-0.08929205,1.616662011,-3.192002436,3.805945586
4.6274,-0.172317414,0.788347603,-0.532040447,-0.283626804,-0.233098288,-0.270943131,0.362126373,0.348462363,-0.668368808,0.349882907,-0.108476376,-0.400390224,0.273813194,-0.72987984,-0.076391247,1.599362426,-3.174147028,3.841896239
4.6325,-0.170465365,0.790117062,-0.53545307,-0.281820587,-0.23369329,-0.272935554,0.363491097,0.344860136,-0.668836231,0.357997768,-0.124752364,-0.380657921,0.271242547,-0.736499084,-0.063425751,1.582235658,-3.154839753,3.876485626
4.6376,-0.168606377,0.791868055,-0.538867905,-0.279973185,-0.234371072,-0.274826887,0.364843009,0.341224091,-0.669237681,0.366026212,-0.14092695,-0.360753108,0.268668184,-0.743060878,-0.050398522,1.565272401,-3.134107533,3.909663034
4.6426,-0.166740514,0.793600404,-0.542284621,-0.278085009,-0.235131091,-0.276616231,0.36618209,0.33755513,-0.669572651,0.373968612,-0.156991647,-0.340682284,0.266089745,-0.74956805,-0.037314793,1.54849386,-3.111995768,3.941422364
4.6478,-0.164867859,0.795313941,-0.545702872,-0.276156526,-0.235972799,-0.278302773,0.367508087,0.333853333,-0.669840839,0.38182536,-0.172940101,-0.320452362,0.263496795,-0.756017916,-0.024169726,1.531884518,-3.088570448,3.971727855
4.6529,-0.162988466,0.797008492,-0.549122312,-0.274188136,-0.236895565,-0.279885743,0.368821251,0.330118986,-0.670042032,0.389597779,-0.188766528,-0.300071984,0.260896107,-0.762412913,-0.010961029,1.51546437,-3.063869534,4.000540945
4.658,-0.161102398,0.79868391,-0.552542602,-0.272180293,-0.237898741,-0.281364355,0.370121446,0.326352097,-0.670176012,0.397287513,-0.20446322,-0.279548261,0.25828981,-0.768738714,0.002308472,1.499217243,-3.037944277,4.027857071
4.663,-0.159209723,0.80034002,-0.555963408,-0.270133425,-0.23898168,-0.282737898,0.371408739,0.322553521,-0.670242279,0.404894307,-0.220024627,-0.258888684,0.255675143,-0.775000195,0.015633672,1.483140117,-3.010865944,4.053651285
4.6682,-0.157310516,0.801976653,-0.55938437,-0.268047926,-0.240143683,-0.284005719,0.372682662,0.318723374,-0.670240633,0.412419471,-0.235445119,-0.238100801,0.253046476,-0.781199303,0.029021844,1.467245187,-2.982693383,4.077887801
4.6733,-0.155404842,0.803593667,-0.562805141,-0.265924233,-0.241383984,-0.285167198,0.373943661,0.314861704,-0.670170752,0.419864507,-0.250719832,-0.217193764,0.250405618,-0.787321495,0.042472823,1.451515817,-2.953465616,4.100535247
4.6783,-0.153492758,0.805190896,-0.566225382,-0.263762734,-0.242701825,-0.286221706,0.375191481,0.310969309,-0.670032123,0.427229772,-0.2658423,-0.19617506,0.247757212,-0.793369113,0.055981864,1.435961616,-2.923241331,4.121593981
4.6834,-0.151574345,0.806768172,-0.569644731,-0.261563854,-0.244096446,-0.287168722,0.376425754,0.307046454,-0.669824642,0.434515602,-0.280808149,-0.17505238,0.245092984,-0.799346449,0.069554038,1.420565611,-2.892096069,4.141024982
4.6885,-0.149649666,0.80832534,-0.573062839,-0.259327968,-0.245567014,-0.288007748,0.377646918,0.303093505,-0.669547988,0.441723348,-0.295613619,-0.153835325,0.242414698,-0.805250568,0.083189282,1.405339507,-2.860075898,4.158801159
4.6936,-0.147718781,0.809862267,-0.57647935,-0.257055498,-0.247112696,-0.288738293,0.378854706,0.299110566,-0.669201839,0.448854334,-0.310252964,-0.13253163,0.239726965,-0.811066674,0.096887587,1.390261533,-2.827241022,4.17491739
4.6987,-0.145781763,0.811378791,-0.579893917,-0.254746837,-0.248732661,-0.289359935,0.380049168,0.295098588,-0.66878568,0.455908275,-0.324722834,-0.11114991,0.237026946,-0.816799181,0.110644359,1.375325758,-2.793665295,4.189355442
4.7038,-0.143838691,0.812874755,-0.583306175,-0.252402353,-0.250426031,-0.28987232,0.38122991,0.291057788,-0.668299404,0.462886422,-0.3390197,-0.089698195,0.234306638,-0.822449578,0.124464808,1.360537244,-2.759406349,4.202081423
4.7089,-0.141889624,0.81435003,-0.586715766,-0.250022448,-0.252191888,-0.290275123,0.382397155,0.286988205,-0.667742687,0.469790101,-0.353140702,-0.06818651,0.231572703,-0.828005464,0.13834901,1.345880101,-2.724507666,4.213071112
4.7139,-0.139934627,0.815804464,-0.590122336,-0.247607479,-0.254029332,-0.290568029,0.383550736,0.282890932,-0.66711501,0.476619278,-0.367081508,-0.046623095,0.2288272,-0.833468775,0.152292452,1.331359933,-2.689033195,4.222324637
4.7195,-0.137973787,0.817237914,-0.593525516,-0.24515785,-0.255937463,-0.290750823,0.384690362,0.278766246,-0.666416262,0.483374183,-0.380839984,-0.025016377,0.226059573,-0.838835949,0.166300422,1.31695361,-2.653055086,4.22980774
4.7247,-0.136007161,0.818650236,-0.596924939,-0.242673915,-0.257915314,-0.290823307,0.385816245,0.274614632,-0.665646005,0.490055822,-0.394414274,-0.00337676,0.22327653,-0.84410856,0.180375657,1.302667075,-2.616611975,4.235505419
4.7298,-0.134034824,0.820041308,-0.600320242,-0.240156066,-0.259961941,-0.290785305,0.386928196,0.270436195,-0.664804004,0.496665365,-0.407801029,0.018287368,0.220475284,-0.849274034,0.194516059,1.288478065,-2.579762665,4.239417353
4.735,-0.13205684,0.821410988,-0.603711066,-0.237604679,-0.262076412,-0.290636721,0.388026134,0.266232092,-0.663889732,0.503202359,-0.420998873,0.039966751,0.217660289,-0.854334153,0.208717248,1.274375905,-2.542578487,4.241525444
4.7401,-0.130073301,0.822759141,-0.607097024,-0.235020095,-0.264257755,-0.290377501,0.389109854,0.262002555,-0.662903361,0.509667671,-0.434006331,0.061652152,0.214818773,-0.859287813,0.222991586,1.260366168,-2.505110624,4.241814936
4.7452,-0.128084259,0.824085641,-0.610477761,-0.232402679,-0.266505,-0.290007662,0.390179353,0.257748342,-0.661843926,0.51606175,-0.446821789,0.083333604,0.211962441,-0.864131604,0.237329609,1.246440227,-2.467413365,4.240256605
4.7503,-0.126089791,0.825390367,-0.613852909,-0.229752813,-0.268817113,-0.289527247,0.391234651,0.25347013,-0.660711209,0.522385487,-0.459444431,0.105003088,0.209088642,-0.868859266,0.251729897,1.232577893,-2.429505007,4.236838
4.7555,-0.124089982,0.826673192,-0.617222073,-0.227070834,-0.27119316,-0.288936348,0.392275331,0.249168208,-0.659505374,0.528637575,-0.471873284,0.126650874,0.206189614,-0.873469711,0.266204897,1.21878437,-2.39146576,4.231544425
4.7605,-0.122084898,0.82793401,-0.620584887,-0.224357127,-0.273632146,-0.288235096,0.393301688,0.244842891,-0.65822564,0.534819948,-0.48410769,0.148266152,0.203269984,-0.877952889,0.280749851,1.205035547,-2.353339313,4.224370096
4.7656,-0.120074604,0.829172687,-0.62394098,-0.221612028,-0.276133059,-0.287423621,0.394313423,0.24049522,-0.656871457,0.54093233,-0.496146771,0.169839088,0.200334706,-0.882315738,0.295360867,1.1913358,-2.315156677,4.215340202
4.7707,-0.11805918,0.83038912,-0.627289965,-0.218835919,-0.278694927,-0.286502228,0.395310552,0.236126036,-0.655442883,0.546974502,-0.507990999,0.191361627,0.197381345,-0.88654973,0.310043576,1.177661449,-2.276973701,4.204404702
4.7758,-0.116038713,0.831583207,-0.630631463,-0.216029151,-0.281316725,-0.285471165,0.396292657,0.231735402,-0.653939552,0.5529475,-0.519641044,0.212823168,0.194402379,-0.890646912,0.324798188,1.164006705,-2.238811336,4.191579367
4.7811,-0.114013254,0.832754825,-0.633965096,-0.213192062,-0.283997486,-0.284330793,0.397260055,0.227324407,-0.652360698,0.558850816,-0.531096324,0.234213608,0.191412506,-0.894614308,0.339620582,1.150373638,-2.200722111,4.176842918
4.7861,-0.111982904,0.833903881,-0.637290473,-0.210325007,-0.286736201,-0.283081508,0.398212243,0.22289394,-0.650706164,0.564684538,-0.542356863,0.255524504,0.18839717,-0.898443502,0.354516693,1.136753916,-2.162729993,4.160184109
4.7912,-0.109947746,0.835030273,-0.640607206,-0.207428359,-0.289531867,-0.28172371,0.399149186,0.218444401,-0.64897578,0.570448277,-0.553424351,0.276745276,0.185353687,-0.902133631,0.369487014,1.123129102,-2.124859827,4.141620788
4.7963,-0.107907839,0.836133916,-0.643914903,-0.204502475,-0.292383531,-0.280257903,0.400070972,0.213976215,-0.647169056,0.576142903,-0.564299018,0.297865564,0.182292036,-0.905674933,0.38453436,1.109488968,-2.087159161,4.121141174
4.8014,-0.105863262,0.837214701,-0.647213186,-0.201547686,-0.295290192,-0.278684605,0.400977303,0.209490533,-0.645285308,0.581767949,-0.574981157,0.318876236,0.179212493,-0.909074704,0.399652313,1.095841303,-2.049644569,4.098754797
4.8064,-0.103814098,0.838272552,-0.650501649,-0.198564375,-0.298250889,-0.277004434,0.401868392,0.204988304,-0.643324464,0.587323004,-0.585472213,0.339768236,0.176113121,-0.912324838,0.414849104,1.082161387,-2.012349383,4.074442954
4.8115,-0.101760434,0.83930739,-0.653779902,-0.19555289,-0.301264624,-0.275217988,0.402743714,0.200469693,-0.641286228,0.592808722,-0.595774038,0.360530888,0.172989476,-0.915417875,0.430122613,1.068447433,-1.975278979,4.048232521
4.8166,-0.099702333,0.840319121,-0.657047557,-0.192513571,-0.304330465,-0.273325971,0.403603378,0.195935894,-0.639169811,0.59822432,-0.605887266,0.381154184,0.169851581,-0.918361395,0.445468648,1.054703071,-1.938473007,4.020116404
4.8217,-0.097639884,0.841307671,-0.660304203,-0.189446778,-0.307447428,-0.271329131,0.404447299,0.191387578,-0.636975129,0.603569725,-0.615812838,0.40162963,0.166695156,-0.921150475,0.460895322,1.040919344,-1.901933003,3.99009315
4.8268,-0.095573166,0.842272966,-0.66354944,-0.186352871,-0.310614573,-0.269228215,0.405275591,0.186825636,-0.634701769,0.608844514,-0.625553601,0.42194666,0.163521181,-0.92378525,0.476402954,1.027089957,-1.865678968,3.958195515
4.8319,-0.093502257,0.843214948,-0.666782864,-0.183232226,-0.313830951,-0.267024057,0.40608807,0.182250364,-0.63234932,0.61404903,-0.635109501,0.442095633,0.160333309,-0.926256784,0.49199182,1.013199707,-1.829720994,3.924432568
4.837,-0.091427232,0.84413355,-0.67000408,-0.1800852,-0.317095646,-0.264717548,0.406884573,0.177663312,-0.629916965,0.619182032,-0.644482614,0.462067059,0.157135032,-0.928565793,0.507657793,0.999245492,-1.794080129,3.888813035
4.8421,-0.089348195,0.845028705,-0.673212671,-0.176912136,-0.320407721,-0.262309639,0.407664914,0.173065096,-0.627404915,0.624243723,-0.653674153,0.481852499,0.153914987,-0.930714919,0.523406161,0.985233755,-1.758758213,3.851339441
4.8472,-0.087265215,0.845900373,-0.67640823,-0.173713424,-0.323766232,-0.259801285,0.408429106,0.16845615,-0.624812544,0.629234172,-0.662686749,0.501441244,0.150681433,-0.932693122,0.539236676,0.971145611,-1.723745938,3.812042997
4.8523,-0.085178367,0.846748495,-0.679590357,-0.170489419,-0.32717028,-0.257193504,0.409177096,0.163837951,-0.622139144,0.634152786,-0.671520879,0.520824468,0.147440386,-0.934503926,0.555142325,0.956982333,-1.689053694,3.77094861
4.8574,-0.083087754,0.847573022,-0.682758631,-0.167240494,-0.330618967,-0.254487403,0.409908714,0.159211045,-0.619384728,0.638998447,-0.680178393,0.539993726,0.144180683,-0.93614816,0.571128028,0.942736912,-1.654686118,3.728058091
4.8626,-0.080993443,0.848373903,-0.68591263,-0.163967018,-0.334111375,-0.25168407,0.410624098,0.15457627,-0.616548673,0.643771244,-0.688661729,0.558938836,0.140913355,-0.937629733,0.587198277,0.928407258,-1.620627677,3.683414092
4.8676,-0.078895524,0.849151119,-0.689051936,-0.160669375,-0.337646629,-0.248784662,0.411323202,0.149934181,-0.613630753,0.648471026,-0.696971552,0.577651138,0.13763508,-0.938936065,0.60335254,0.913982869,-1.586882799,3.637048108
4.8727,-0.076794071,0.849904629,-0.692176141,-0.157347932,-0.341223869,-0.245790388,0.412005888,0.145286276,-0.610630046,0.653096495,-0.705109582,0.596122132,0.134354685,-0.940071473,0.619583208,0.899465042,-1.553457924,3.588989677
4.8778,-0.074689185,0.850634393,-0.695284821,-0.154003064,-0.344842219,-0.242702545,0.412672016,0.140633102,-0.60754667,0.657647682,-0.713077734,0.614343712,0.131061206,-0.941042519,0.635892249,0.884852469,-1.52034378,3.539244699
4.8829,-0.072580937,0.851340405,-0.698377538,-0.150635158,-0.348500786,-0.239522392,0.413321753,0.13597522,-0.604380108,0.662124496,-0.720877937,0.632306497,0.127765848,-0.941837251,0.65228577,0.870138,-1.487513422,3.48786964
4.888,-0.070469408,0.852022638,-0.701453889,-0.147244584,-0.352198731,-0.23625126,0.413954887,0.131314132,-0.601129654,0.666525919,-0.728510818,0.650002481,0.12447006,-0.942460627,0.668750645,0.855326832,-1.454967226,3.434905106
4.893,-0.068354702,0.852681067,-0.704513436,-0.143831741,-0.355935225,-0.232890567,0.414571395,0.12665029,-0.597795345,0.670851122,-0.735977931,0.667424525,0.121165256,-0.942917546,0.685290474,0.840408633,-1.422705718,3.380368518
4.8981,-0.066236889,0.853315681,-0.707555743,-0.140397005,-0.359709388,-0.229441703,0.415171561,0.121984747,-0.594376586,0.675100086,-0.743281251,0.68456363,0.117860358,-0.94320854,0.701908307,0.825388259,-1.390692505,3.324318245
4.9032,-0.064116048,0.853926485,-0.710580374,-0.136940778,-0.363520408,-0.22590613,0.415755293,0.117317851,-0.590873081,0.679272574,-0.750421227,0.701412182,0.114559656,-0.943327466,0.718604648,0.810257212,-1.358928919,3.266796086
4.9083,-0.061992265,0.854513473,-0.713586911,-0.133463457,-0.367367457,-0.222285355,0.416322411,0.112651189,-0.587284048,0.683367295,-0.757399299,0.717962883,0.111264598,-0.943277908,0.735367924,0.795011518,-1.327399785,3.207843549
4.9133,-0.05986564,0.855076641,-0.716574911,-0.129965432,-0.371249716,-0.218580934,0.416872921,0.107985304,-0.583609754,0.687383875,-0.764216527,0.734209547,0.107966552,-0.943063116,0.752200658,0.779654004,-1.296091655,3.147493292
4.9184,-0.057736242,0.855616004,-0.719543933,-0.126447109,-0.375166341,-0.214794417,0.417407042,0.103320637,-0.57984954,0.69132214,-0.770874673,0.750144179,0.104676672,-0.942680188,0.769102197,0.764178681,-1.264971563,3.085809051
4.9235,-0.055604153,0.856131568,-0.722493549,-0.12290888,-0.379116537,-0.210927406,0.417924615,0.098658752,-0.576002771,0.695180992,-0.777374062,0.765760007,0.101396288,-0.942133355,0.786062609,0.748591785,-1.234032854,3.022842488
4.9286,-0.053469475,0.856623336,-0.72542331,-0.119351162,-0.383099509,-0.206981579,0.418425664,0.094000155,-0.572069759,0.698959735,-0.78371549,0.781051488,0.098116617,-0.941431421,0.803083417,0.732884181,-1.203264869,2.958623442
4.9336,-0.051332279,0.857091335,-0.728332771,-0.115774353,-0.387114424,-0.202958572,0.418910524,0.089345643,-0.568049892,0.702658077,-0.789900349,0.796011502,0.09484631,-0.940571627,0.820162934,0.717061794,-1.172630248,2.893227138
4.9387,-0.049192647,0.857535595,-0.731221485,-0.112178881,-0.39116051,-0.198860094,0.419379246,0.084695618,-0.563942978,0.706275612,-0.795928803,0.810634279,0.091587002,-0.939551996,0.837299406,0.701114198,-1.142128038,2.826704516
4.9438,-0.047050658,0.857956139,-0.734089022,-0.108565155,-0.395236967,-0.194687883,0.419831588,0.080051599,-0.559748351,0.70981119,-0.801801371,0.824914103,0.088342285,-0.938377672,0.854478906,0.68504283,-1.111736599,2.759107688
4.9488,-0.044906409,0.85835299,-0.736934928,-0.104933588,-0.399343003,-0.190443729,0.420267505,0.075413946,-0.555466408,0.713264396,-0.807518566,0.83884652,0.085105332,-0.937056039,0.871701508,0.66885119,-1.08143643,2.690476131
4.9539,-0.042759973,0.858726198,-0.739758747,-0.101284612,-0.403477803,-0.186129386,0.420687461,0.070783221,-0.551096518,0.716634902,-0.813081386,0.852425627,0.081881837,-0.935580829,0.888966611,0.652531262,-1.051194043,2.620886894
4.9589,-0.040611436,0.859075783,-0.742560032,-0.097618635,-0.407640633,-0.18174667,0.421091418,0.066161094,-0.546638686,0.719921668,-0.818488724,0.865646481,0.078670444,-0.933967022,0.906268632,0.636092031,-1.021023732,2.550396723
4.964,-0.038460884,0.859401788,-0.745338341,-0.093936102,-0.411830648,-0.177297421,0.421479126,0.061547647,-0.542092956,0.723124056,-0.823742247,0.878504521,0.075469107,-0.932217174,0.923596169,0.619522373,-0.990871384,2.479060031
4.9697,-0.036308391,0.859704275,-0.748093218,-0.090237445,-0.41604706,-0.172783528,0.421851059,0.05694318,-0.537458998,0.72624181,-0.828841891,0.890996666,0.072283102,-0.930325647,0.940947207,0.60282147,-0.960716526,2.406918208
4.9748,-0.034154034,0.859983281,-0.750824223,-0.086523093,-0.420289125,-0.168206837,0.422206996,0.052348693,-0.532736214,0.729273957,-0.833786534,0.903118188,0.069115271,-0.928304237,0.958308044,0.585991021,-0.930566475,2.334049815
4.9799,-0.031997902,0.860238866,-0.753530892,-0.082793489,-0.424556038,-0.163569255,0.422547222,0.047765262,-0.527925066,0.732219724,-0.83857674,0.914865106,0.06596086,-0.926151712,0.975679236,0.569027226,-0.900391433,2.26050724
4.985,-0.029840084,0.860471091,-0.756212784,-0.079049067,-0.428846984,-0.158872701,0.422871587,0.043192832,-0.523025739,0.735078645,-0.843212804,0.92623433,0.062814959,-0.923869845,0.993047723,0.551933691,-0.870156063,2.186347288
4.9901,-0.027680639,0.860680008,-0.75886945,-0.075290287,-0.4331612,-0.154119097,0.423180269,0.038632449,-0.518037555,0.73785003,-0.847693793,0.937222979,0.059689481,-0.921468273,1.010403147,0.534699545,-0.839856948,2.111634134
4.9952,-0.025519654,0.860865682,-0.761500427,-0.071517577,-0.437497896,-0.149310429,0.423473564,0.034085029,-0.512961094,0.740533295,-0.852019445,0.947829137,0.056579506,-0.918948457,1.027744769,0.517335979,-0.809478103,2.036400811
5.0004,-0.023357223,0.861028174,-0.764105273,-0.067731405,-0.441856249,-0.144448633,0.423751224,0.02955074,-0.507796671,0.743127545,-0.856189669,0.958049306,0.053477394,-0.916319452,1.045058239,0.499831951,-0.778982606,1.960718405
5.0056,-0.021193414,0.861167563,-0.766683532,-0.063932231,-0.446235488,-0.139535666,0.424013506,0.025029837,-0.502544234,0.745632158,-0.860203454,0.967881566,0.050387431,-0.913579153,1.06233858,0.482183516,-0.748368151,1.884651073
5.0108,-0.01902829,0.861283904,-0.769234754,-0.060120506,-0.450634809,-0.134573528,0.424260495,0.02052326,-0.497203155,0.748046198,-0.864060039,0.977323859,0.047318933,-0.910742536,1.079576906,0.464393797,-0.717615051,1.808242391
5.0159,-0.016861955,0.861377286,-0.771758496,-0.056296697,-0.45505342,-0.129564238,0.424492055,0.016031719,-0.49177471,0.750369037,-0.867758796,0.986375461,0.044256386,-0.907804276,1.096758781,0.44645832,-0.686713911,1.73152831
5.021,-0.014694485,0.861447788,-0.774254316,-0.052461272,-0.45949048,-0.124509761,0.424708215,0.011555104,-0.486259217,0.752600132,-0.871299182,0.995034176,0.041198529,-0.904769432,1.113872883,0.428375352,-0.655627038,1.65458016
5.0261,-0.012525945,0.861495471,-0.776721775,-0.048614703,-0.4639452,-0.119412093,0.424909019,0.007094278,-0.480656445,0.754738619,-0.874679631,1.003299057,0.038153732,-0.901653158,1.130903402,0.410140723,-0.62435349,1.577454586
5.0312,-0.010356414,0.861520433,-0.779160408,-0.044757463,-0.468416772,-0.1142733,0.425094832,0.002649877,-0.474967222,0.756783621,-0.877899575,1.011169647,0.035118445,-0.898450269,1.147853974,0.391754758,-0.592882785,1.500165719
5.0363,-0.008185983,0.861522746,-0.78156979,-0.040890029,-0.472904347,-0.109095354,0.425265375,-0.001777791,-0.469192217,0.758734361,-0.880958237,1.018644679,0.032084134,-0.895172591,1.164702603,0.373215085,-0.561183957,1.422784294
5.0413,-0.006014712,0.861502509,-0.783949477,-0.037012892,-0.477407117,-0.103880262,0.425421083,-0.006188853,-0.463331763,0.760590036,-0.88385373,1.02572412,0.029059421,-0.891818103,1.18144164,0.354514334,-0.529255371,1.345361648
5.0464,-0.003842686,0.861459795,-0.786299046,-0.033126532,-0.481924244,-0.09863006,0.425561375,-0.010582642,-0.457385956,0.762349831,-0.886584943,1.032407227,0.026037904,-0.888399723,1.198051822,0.335654804,-0.497080455,1.267929712
5.0515,-0.001669983,0.861394702,-0.788618048,-0.029231446,-0.4864549,-0.093346793,0.425686672,-0.014958421,-0.451355868,0.764013122,-0.889150913,1.03869514,0.023017747,-0.884917165,1.214530828,0.316629184,-0.464653577,1.190511735
5.0566,0.000503318,0.861307313,-0.790906051,-0.025328125,-0.490998206,-0.088032456,0.425797075,-0.019316915,-0.445242299,0.765578961,-0.89155048,1.044587042,0.019995286,-0.881380726,1.230868052,0.297437545,-0.431943484,1.113160722
5.0617,0.002677154,0.86119773,-0.793162649,-0.021417074,-0.495553325,-0.08268905,0.425892388,-0.023656922,-0.439045522,0.767046384,-0.893781579,1.050084006,0.016978921,-0.877788568,1.247038533,0.278074705,-0.398948272,1.035922072
5.0669,0.004851431,0.861066027,-0.79538742,-0.017498791,-0.500119412,-0.07731863,0.425972503,-0.027978507,-0.432767133,0.76841462,-0.895843162,1.055186933,0.013954617,-0.874157552,1.263031451,0.258540306,-0.365666338,0.95880355
5.0719,0.007026077,0.860912308,-0.797579936,-0.013573797,-0.504695544,-0.071923174,0.426037594,-0.032281472,-0.426407747,0.769682666,-0.89773335,1.059895542,0.010925586,-0.8704878,1.278840096,0.23882414,-0.33205521,0.881856163
5.077,0.009201017,0.860736678,-0.799739782,-0.009642594,-0.509280879,-0.066504705,0.426087632,-0.036565925,-0.419968436,0.770849708,-0.899450597,1.064210861,0.007890413,-0.86677735,1.294452982,0.218930613,-0.29812644,0.805100511
5.0821,0.011376181,0.860539235,-0.801866568,-0.005705698,-0.513874549,-0.061065215,0.42612239,-0.040831052,-0.413449641,0.771914835,-0.900993488,1.068133947,0.004852337,-0.863031046,1.309846964,0.198856904,-0.263880312,0.728567314
5.0872,0.013551476,0.86032006,-0.803959894,-0.00176364,-0.518475638,-0.055606738,0.426141824,-0.045076913,-0.406853334,0.772877109,-0.902360042,1.07166666,0.001799696,-0.859262845,1.325008263,0.178595303,-0.229295592,0.65225906
5.0922,0.015726831,0.860079268,-0.806019356,0.002183053,-0.523083229,-0.050131205,0.426146071,-0.049303794,-0.400180619,0.773735563,-0.903548896,1.07481009,-0.001264182,-0.855467851,1.339929367,0.158142987,-0.194354195,0.576232901
5.0974,0.017902176,0.859816957,-0.808044576,0.006133853,-0.527696438,-0.04464062,0.426134879,-0.053510953,-0.393432057,0.774489121,-0.90455836,1.077565182,-0.004335907,-0.851650527,1.354589124,0.137499446,-0.159066154,0.500496416
5.1025,0.020077413,0.859533214,-0.810035174,0.010088224,-0.532314332,-0.039136993,0.426108275,-0.057698614,-0.386609837,0.775137006,-0.905386116,1.079934121,-0.007429261,-0.847822102,1.368973536,0.1166619,-0.123417073,0.425045551
5.1076,0.022252475,0.859228141,-0.811990761,0.014045618,-0.536935966,-0.033622238,0.426066267,-0.061866731,-0.37971517,0.775678113,-0.90603069,1.081918388,-0.010538122,-0.84398674,1.383077556,0.095625322,-0.087390529,0.349928764
5.1127,0.024427283,0.858901842,-0.813910971,0.018005494,-0.541560419,-0.028098334,0.426008772,-0.066015678,-0.372749524,0.776111324,-0.906489866,1.08351897,-0.013663487,-0.840144129,1.396886715,0.074389371,-0.050992777,0.275147417
5.1178,0.026601766,0.858554419,-0.815795461,0.021967298,-0.546186755,-0.022567241,0.425935512,-0.070144606,-0.365713847,0.77643582,-0.906762062,1.084737596,-0.016801604,-0.836298124,1.410377699,0.052951495,-0.01422576,0.200707371
5.1229,0.028775823,0.858185964,-0.81764388,0.025930461,-0.550813988,-0.017030927,0.42584649,-0.07425393,-0.358610616,0.776650445,-0.906844936,1.085576815,-0.019965849,-0.832456749,1.423536811,0.031302042,0.022930106,0.12660391
5.1281,0.030949386,0.857796588,-0.819455871,0.029894432,-0.555441142,-0.011491268,0.425741691,-0.078343973,-0.351441331,0.776754028,-0.90673689,1.086038346,-0.023149646,-0.828616575,1.436359457,0.009445863,0.060484073,0.052877952
5.1332,0.033122381,0.857386392,-0.821231116,0.033858637,-0.560067266,-0.005950215,0.425620822,-0.082414133,-0.344207151,0.776745401,-0.906436032,1.086123369,-0.02634887,-0.824780886,1.448822782,-0.012622127,0.098422161,-0.020481201
5.1383,0.035294724,0.856955463,-0.822969291,0.037822503,-0.564691363,-0.000409717,0.425484103,-0.086464767,-0.336910763,0.776623887,-0.905939972,1.085834335,-0.02956641,-0.820959672,1.46091367,-0.034904001,0.136752208,-0.093488375
5.1434,0.03746632,0.856503897,-0.824670067,0.041785446,-0.569312408,0.00512839,0.425331115,-0.090496065,-0.329553871,0.776388078,-0.905246873,1.085173148,-0.032809881,-0.817158403,1.472628227,-0.057403992,0.17549152,-0.166100333
5.1485,0.03963709,0.856031809,-0.826333137,0.045746889,-0.573929407,0.010662175,0.425161832,-0.094508317,-0.322138318,0.776036868,-0.90435446,1.084141261,-0.036077254,-0.813370556,1.483956004,-0.080119244,0.21463241,-0.23833692
5.1536,0.041806963,0.855539295,-0.827958228,0.04970624,-0.578541351,0.016189752,0.424976048,-0.098500983,-0.314665735,0.775569361,-0.903261216,1.082740384,-0.039361464,-0.809598618,1.494870522,-0.103051317,0.254168655,-0.310198045
5.1587,0.043975826,0.855026439,-0.829545035,0.053662888,-0.583147194,0.021709239,0.424773943,-0.102474584,-0.307139454,0.774984423,-0.901964481,1.080972526,-0.042679484,-0.805854361,1.505373973,-0.126211089,0.294110669,-0.381687269
5.1638,0.046143625,0.854493342,-0.831093306,0.057616246,-0.587745893,0.027218809,0.424555079,-0.106429159,-0.299560301,0.774280709,-0.900462388,1.078840356,-0.046013923,-0.802137556,1.515442238,-0.149589958,0.334459036,-0.452783481
5.1689,0.048310264,0.853940101,-0.832602762,0.061565694,-0.592336412,0.032716547,0.424319566,-0.110364852,-0.291930905,0.773456976,-0.898753304,1.076345681,-0.049369393,-0.798450119,1.52507495,-0.173196659,0.375203119,-0.523524186
5.174,0.050475651,0.853366824,-0.834073153,0.065510621,-0.596917666,0.038200628,0.424067081,-0.114281491,-0.284253721,0.772512582,-0.896834971,1.073489619,-0.052750348,-0.794786019,1.534261696,-0.197029394,0.416355835,-0.593899778
5.1793,0.052639704,0.852773603,-0.835504253,0.069450417,-0.601488581,0.043669252,0.423797809,-0.118179922,-0.276531377,0.771445973,-0.894705105,1.070275006,-0.056153653,-0.791149326,1.542984643,-0.221083564,0.457915374,-0.663891133
5.1845,0.054802348,0.852160523,-0.836895842,0.073384442,-0.606048082,0.049120561,0.42351135,-0.122059892,-0.268765343,0.770255898,-0.892361442,1.066702922,-0.059571149,-0.787546748,1.551232274,-0.245367245,0.499874998,-0.733520875
5.1896,0.056963487,0.851527694,-0.838247685,0.077312074,-0.610595083,0.05455271,0.423207825,-0.125921348,-0.26095845,0.768941608,-0.889802783,1.062775673,-0.063006888,-0.783969281,1.559006611,-0.26987564,0.542226498,-0.802809859
5.1947,0.059123022,0.8508752,-0.839559596,0.081232674,-0.615128461,0.059963918,0.422887023,-0.129765048,-0.253113665,0.767501754,-0.887026597,1.058494515,-0.066467107,-0.780422911,1.566292007,-0.294608321,0.584977705,-0.871744935
5.1999,0.061280885,0.850203126,-0.840831389,0.085145597,-0.619647108,0.065352417,0.422548751,-0.133590757,-0.245232582,0.765934876,-0.884030869,1.053862214,-0.069938656,-0.776913685,1.57307896,-0.319567732,0.628119359,-0.94031242
5.205,0.063436974,0.849511557,-0.842062866,0.089050182,-0.624149919,0.070716366,0.422193036,-0.137398773,-0.23731824,0.764240218,-0.880814056,1.048880247,-0.073427845,-0.77344463,1.579373927,-0.344758387,0.67163606,-1.00854656
5.2101,0.065591192,0.848800601,-0.843253863,0.092945789,-0.628635735,0.076054005,0.42181978,-0.141188866,-0.229373163,0.762416725,-0.877373815,1.043549619,-0.076938324,-0.770005974,1.585171277,-0.370171648,0.715536108,-1.076438757
5.2152,0.067743462,0.848070343,-0.844404249,0.096831751,-0.633103412,0.081363595,0.421428999,-0.144961917,-0.221400339,0.760462744,-0.873708205,1.037873141,-0.08046134,-0.7666004,1.590455907,-0.395808953,0.759812952,-1.143972314
5.2206,0.069893697,0.847320862,-0.84551389,0.100707398,-0.637551795,0.086643339,0.42102033,-0.148717698,-0.213401474,0.758377438,-0.869815324,1.031851659,-0.083993246,-0.763233263,1.595221558,-0.421671746,0.804459323,-1.211171451
5.2257,0.072041799,0.846552259,-0.84658264,0.104572064,-0.641979742,0.091891466,0.42059413,-0.152456076,-0.205379705,0.756159878,-0.865693854,1.025487462,-0.087537529,-0.759896562,1.599478034,-0.447753178,0.849454251,-1.278048026
5.2307,0.074187674,0.845764617,-0.847610412,0.108425057,-0.646386062,0.097106248,0.420150025,-0.156177931,-0.197337974,0.753808725,-0.861341497,1.0187816,-0.091095067,-0.756592454,1.603210462,-0.474060804,0.894800381,-1.344593786
5.2358,0.076331247,0.844958011,-0.848597107,0.112265703,-0.650769571,0.102285984,0.419687976,-0.159883031,-0.189278136,0.751322542,-0.856756485,1.011736739,-0.094654905,-0.753325792,1.606417748,-0.500585484,0.940487961,-1.410787111
5.2409,0.078472413,0.844132527,-0.849542621,0.116093307,-0.655129098,0.107428894,0.419208264,-0.163571771,-0.18120335,0.748700526,-0.851937748,1.004354182,-0.098222771,-0.750096145,1.609112318,-0.527327587,0.986495751,-1.476661091
5.2459,0.080611084,0.843288261,-0.850446885,0.119907178,-0.659463424,0.112533278,0.418710648,-0.167243805,-0.173116232,0.745941893,-0.846882932,0.996635282,-0.101796914,-0.746895215,1.611294637,-0.554281462,1.032823722,-1.542202459
5.251,0.082747159,0.842425296,-0.851309859,0.123706617,-0.663771341,0.11759746,0.418195086,-0.170899894,-0.165019827,0.743044953,-0.841590643,0.988582613,-0.105380793,-0.743722036,1.612955804,-0.581443998,1.079459367,-1.607388978
5.2561,0.084880566,0.841543697,-0.852131506,0.127490906,-0.668051633,0.1226197,0.417661461,-0.174539997,-0.15691587,0.740008843,-0.83605914,0.98019711,-0.108960931,-0.740585841,1.614095849,-0.608817195,1.126389235,-1.672241362
5.2612,0.087011203,0.840643568,-0.852911773,0.131259343,-0.672303104,0.127598297,0.417109879,-0.17816396,-0.148807491,0.736832922,-0.830287613,0.971480886,-0.112543442,-0.737473059,1.614730921,-0.636392116,1.173583634,-1.736760258
5.2662,0.089138968,0.839724983,-0.853650663,0.135011203,-0.676524499,0.13253158,0.416540319,-0.181772419,-0.140697691,0.733515954,-0.8242741,0.962435161,-0.116131912,-0.734384946,1.614854845,-0.664168985,1.221041122,-1.800933215
5.2713,0.09126379,0.838788007,-0.854348176,0.138745772,-0.680714569,0.137417908,0.415952681,-0.185365318,-0.132588148,0.730056523,-0.818017592,0.953062791,-0.119713026,-0.731330397,1.614470355,-0.692138697,1.268752257,-1.864733725
5.2764,0.093385562,0.837832726,-0.855004301,0.142462317,-0.684872103,0.142255575,0.415347187,-0.188942812,-0.124481919,0.726453957,-0.811517399,0.943365116,-0.123295404,-0.728303305,1.613596278,-0.720299227,1.316680952,-1.928179849
5.2815,0.0955042,0.836859228,-0.855619062,0.146160111,-0.688995839,0.147042933,0.414723846,-0.192504614,-0.116381485,0.722707613,-0.804771724,0.933343568,-0.126872793,-0.72529696,1.612239438,-0.748642406,1.364814672,-1.99125791
5.2866,0.097619602,0.835867586,-0.856192511,0.149838415,-0.693084525,0.151778373,0.414082565,-0.19605155,-0.108289726,0.718815956,-0.797779574,0.923001031,-0.130451409,-0.722312321,1.610397219,-0.77716247,1.413133279,-2.053935219
5.2916,0.09973169,0.834857873,-0.856724697,0.153496473,-0.697136884,0.15646023,0.413423158,-0.199583426,-0.100208067,0.714778281,-0.79054024,0.912338706,-0.134020864,-0.719350828,1.608078435,-0.805863526,1.461624927,-2.116219226
5.2967,0.101840363,0.833830179,-0.857215663,0.157133552,-0.70115168,0.161086862,0.412745965,-0.20310003,-0.092139506,0.710594116,-0.783053553,0.901358813,-0.137587852,-0.71640326,1.605303018,-0.834728831,1.510250972,-2.178107186
5.3018,0.103945536,0.832784557,-0.857665498,0.160748892,-0.705127639,0.165656663,0.412051012,-0.206602384,-0.084086783,0.706262317,-0.775318057,0.890063213,-0.141146529,-0.713480741,1.602070744,-0.863758129,1.558991296,-2.239580541
5.3069,0.106047123,0.831721084,-0.858074274,0.164341736,-0.709063476,0.170168031,0.411338041,-0.210089999,-0.076050844,0.701781449,-0.767333416,0.878454165,-0.144693997,-0.710582593,1.598400495,-0.892944556,1.607830163,-2.30062218
5.3121,0.108145021,0.830639853,-0.858442079,0.167911336,-0.712957922,0.174619362,0.410607399,-0.213562655,-0.068034604,0.697151672,-0.759099097,0.866533996,-0.148237225,-0.707694695,1.594307815,-0.922272956,1.656738164,-2.361223375
5.3172,0.110239135,0.829540921,-0.858769034,0.171456906,-0.716809711,0.179009126,0.409859001,-0.217020739,-0.060040923,0.692372043,-0.750614626,0.854305688,-0.15177814,-0.704827389,1.589797252,-0.951748662,1.705682534,-2.421336588
5.3223,0.112329383,0.828424377,-0.859055249,0.174977702,-0.720617555,0.183335715,0.409092871,-0.220464532,-0.052071273,0.687441462,-0.74188018,0.841770896,-0.155311614,-0.701969701,1.584886095,-0.981347901,1.75464125,-2.480967153
5.3274,0.114415686,0.827290299,-0.859300868,0.17847296,-0.724380199,0.187597568,0.408308964,-0.223893561,-0.044127275,0.682359841,-0.732896616,0.828932432,-0.158830307,-0.699117574,1.579578904,-1.011058336,1.803572288,-2.54009795
5.3325,0.116497935,0.826138745,-0.859506024,0.181941891,-0.728096349,0.19179314,0.407507425,-0.227308285,-0.036211831,0.677126412,-0.723663408,0.815792788,-0.162346526,-0.69627903,1.573892281,-1.040878734,1.852454119,-2.598710576
5.3375,0.118576046,0.824969796,-0.859670846,0.185383718,-0.731764744,0.195920947,0.406688282,-0.230708964,-0.028326296,0.671740437,-0.7141804,0.802355452,-0.165855422,-0.693448264,1.567852528,-1.07079793,1.901245923,-2.656755423
5.3426,0.120649939,0.823783516,-0.859795514,0.18879767,-0.735384126,0.199979441,0.405851376,-0.234095441,-0.020472057,0.666201248,-0.704449288,0.788622811,-0.169352518,-0.690629303,1.561460725,-1.100799704,1.94990466,-2.714230451
5.3477,0.122719515,0.822579993,-0.85988017,0.192182966,-0.738953211,0.203967115,0.404997165,-0.237467338,-0.012651242,0.660509276,-0.694470096,0.774597614,-0.172842908,-0.687810716,1.554747698,-1.130871143,1.998404887,-2.771116479
5.3528,0.124784678,0.821359286,-0.85992501,0.195538813,-0.742470735,0.207882528,0.404125467,-0.240825088,-0.004865995,0.654663672,-0.684243729,0.760283814,-0.17633149,-0.685000675,1.547716472,-1.161005476,2.046708534,-2.827363229
5.3578,0.126845347,0.82012147,-0.859930197,0.198864423,-0.745935431,0.211724176,0.403236301,-0.244168623,0.002882645,0.648664246,-0.673771278,0.745683759,-0.179813756,-0.682195586,1.540394834,-1.191190831,2.094781138,-2.882966095
5.3629,0.128901429,0.818866631,-0.859895931,0.202159029,-0.749346083,0.215490605,0.402329796,-0.247497637,0.010593227,0.642511213,-0.663054691,0.730800897,-0.18329248,-0.679386468,1.532794387,-1.22140164,2.142561661,-2.937901168
5.368,0.130952831,0.817594833,-0.859822421,0.205421848,-0.752701435,0.219180385,0.401405859,-0.250812735,0.018263837,0.636203773,-0.652094624,0.71563881,-0.186770519,-0.676576999,1.524923789,-1.25161923,2.190015062,-2.992138663
5.3731,0.13299948,0.81630614,-0.859709873,0.208652073,-0.756000244,0.222792137,0.400464313,-0.25411372,0.025894167,0.62974221,-0.640892742,0.700202003,-0.190238974,-0.673771448,1.516799793,-1.281839276,2.237101491,-3.04562971
5.3782,0.135041279,0.815000624,-0.859558477,0.211848924,-0.759241283,0.22632443,0.399505395,-0.257400611,0.033482488,0.623126459,-0.629452567,0.684493377,-0.193703643,-0.670969003,1.508452097,-1.312041663,2.283777992,-3.098366434
5.3833,0.137078139,0.813678374,-0.859368454,0.215011626,-0.762423346,0.229775888,0.39852933,-0.260672984,0.041027591,0.616357191,-0.617774882,0.668517062,-0.197164895,-0.668158594,1.49989494,-1.342199993,2.329993013,-3.150319293
5.3884,0.139109965,0.812339458,-0.859140048,0.218139396,-0.765545216,0.233145191,0.397535916,-0.263931316,0.048528111,0.609433859,-0.605862449,0.652278004,-0.200628019,-0.665341545,1.491132196,-1.372294715,2.375707695,-3.201437254
5.3935,0.14113668,0.810983936,-0.858873482,0.221231428,-0.768605696,0.236430975,0.396524853,-0.267175486,0.055983971,0.602357113,-0.593717926,0.635779467,-0.204086784,-0.662524654,1.482183088,-1.402318313,2.420879397,-3.251708136
5.3986,0.143158186,0.809611899,-0.858568968,0.224286969,-0.771603635,0.239631932,0.395496556,-0.270405059,0.063393784,0.59512782,-0.581345069,0.619025959,-0.207547057,-0.65969696,1.47307698,-1.432234549,2.465443983,-3.301098523
5.4037,0.145174392,0.80822341,-0.858226764,0.227305215,-0.774537866,0.242746761,0.39445091,-0.273620604,0.070756244,0.58774634,-0.568745854,0.602022134,-0.211011851,-0.656862487,1.463817204,-1.462035415,2.50935665,-3.349584172
5.4087,0.147185229,0.806818537,-0.857847116,0.230285407,-0.777407227,0.245774244,0.393387816,-0.276821989,0.078071525,0.58021273,-0.555924118,0.584773477,-0.214469771,-0.654023531,1.454417137,-1.491688717,2.552577919,-3.39710517
5.4138,0.149190591,0.805397354,-0.857430242,0.233226764,-0.780210623,0.248713111,0.392307284,-0.280008987,0.08533858,0.572528197,-0.54288428,0.567284123,-0.217931521,-0.651179594,1.44490762,-1.521176415,2.595039371,-3.443647873
5.4189,0.15119039,0.803959947,-0.856976389,0.236128532,-0.782946922,0.251562136,0.391209496,-0.283181242,0.09255689,0.564694182,-0.529629585,0.549559432,-0.221397708,-0.648322201,1.435303961,-1.550466211,2.636706403,-3.489186852
5.4239,0.153184534,0.802506381,-0.85648583,0.238989954,-0.785615058,0.254320126,0.39009432,-0.28633931,0.099725467,0.556711045,-0.516163936,0.531604499,-0.224871234,-0.645455534,1.425608202,-1.57953018,2.677516157,-3.533691431
5.4291,0.15517295,0.801036726,-0.855958816,0.24181024,-0.788213943,0.256985973,0.388961536,-0.28948305,0.106844905,0.548580366,-0.502492208,0.513425378,-0.228343151,-0.642582042,1.41583485,-1.608362092,2.717432428,-3.577098376
5.4342,0.157155537,0.799551067,-0.855395583,0.244588675,-0.790742572,0.259558512,0.387811441,-0.292611892,0.113914461,0.540303651,-0.488619757,0.49502688,-0.231821425,-0.639693594,1.406008521,-1.636915109,2.756383419,-3.619393518
5.4393,0.159132201,0.798049472,-0.854796405,0.247324493,-0.793199919,0.262036631,0.386643892,-0.295726387,0.120933256,0.531881946,-0.474550489,0.476414953,-0.235308803,-0.636794432,1.396132383,-1.665176306,2.794325058,-3.660548803
5.4445,0.16110287,0.796532013,-0.854161542,0.250016971,-0.795584976,0.264419288,0.38545866,-0.298826274,0.127901988,0.523316421,-0.460290163,0.457596466,-0.238796158,-0.633884462,1.386216791,-1.693108842,2.831219303,-3.700512706
5.4496,0.163067437,0.794998759,-0.853491227,0.252665368,-0.79789681,0.266705422,0.384255925,-0.30191151,0.134820115,0.514609416,-0.445845014,0.43857642,-0.242293855,-0.63096824,1.376289308,-1.720694697,2.866997627,-3.739263384
5.4551,0.165025818,0.7934498,-0.852785719,0.255268986,-0.800134469,0.268894005,0.383035742,-0.304981625,0.141687607,0.50576311,-0.431220003,0.419361473,-0.245799554,-0.628035127,1.366361731,-1.747892185,2.901624106,-3.77677766
5.4602,0.166977923,0.791885204,-0.8520453,0.25782712,-0.802297064,0.270984064,0.381797864,-0.30803716,0.148504042,0.49677874,-0.416420743,0.39995792,-0.249313447,-0.625089426,1.356430068,-1.774672161,2.935040843,-3.813020005
5.4653,0.168923673,0.790305043,-0.851270229,0.26033905,-0.80438371,0.272974684,0.380542166,-0.311077954,0.155270248,0.487658989,-0.401454114,0.3803733,-0.252828716,-0.622133681,1.346504884,-1.801017814,2.967210272,-3.847939419
5.4703,0.170862967,0.788709408,-0.850460739,0.26280411,-0.80639359,0.274864939,0.379268928,-0.31410352,0.161985913,0.478406586,-0.386327352,0.360613189,-0.25635284,-0.61915751,1.336611289,-1.826888904,2.998072232,-3.881512496
5.4754,0.172795709,0.787098344,-0.849617088,0.26522159,-0.808325872,0.276653946,0.377977996,-0.317114418,0.16865122,0.469022841,-0.371045246,0.340684932,-0.25988805,-0.616180158,1.326758558,-1.852277898,3.027598954,-3.913712381
5.4805,0.174721826,0.785471946,-0.84873955,0.267590864,-0.810179819,0.278340891,0.376669135,-0.320110509,0.175266885,0.459510444,-0.355616612,0.320596476,-0.263424687,-0.613189801,1.316943819,-1.877134686,3.055727696,-3.944491411
5.486,0.176641211,0.783830302,-0.847828363,0.269911289,-0.811954671,0.279924922,0.375342516,-0.323091194,0.181832533,0.449873113,-0.34004793,0.300353017,-0.266972564,-0.610178692,1.307185427,-1.901427457,3.082432637,-3.973848078
5.4911,0.178553772,0.78217348,-0.846883803,0.272182209,-0.813649732,0.281405291,0.373998083,-0.326056692,0.188348129,0.440113354,-0.324346564,0.279963252,-0.270531368,-0.60715344,1.297477824,-1.925141014,3.107673753,-4.00174087
5.4962,0.180459424,0.780501557,-0.845906099,0.274403032,-0.815264365,0.2827813,0.37263589,-0.329007136,0.194814396,0.43023382,-0.308519592,0.259435487,-0.274098159,-0.604113968,1.287841832,-1.948232217,3.131401626,-4.028121283
5.5013,0.182358081,0.778814621,-0.84489552,0.276573148,-0.816797959,0.284052232,0.3712555,-0.33194192,0.201232199,0.420238773,-0.292576069,0.238776849,-0.277667886,-0.601052418,1.278271958,-1.970677058,3.153575443,-4.052977984
5.5063,0.184249641,0.777112737,-0.843852316,0.278691961,-0.818249907,0.285217454,0.369857186,-0.334861366,0.207600863,0.410130943,-0.276523344,0.217994592,-0.281247785,-0.597977867,1.268773581,-1.992456374,3.17418042,-4.076272641
5.5114,0.186134016,0.775395983,-0.842776718,0.280758907,-0.819619695,0.286276372,0.368441007,-0.337765406,0.213921403,0.399913696,-0.260368917,0.197098108,-0.284834694,-0.59489014,1.259360652,-2.013540405,3.19317177,-4.097969136
5.5165,0.188011122,0.773664442,-0.841668967,0.282773452,-0.820906836,0.287228389,0.36700653,-0.340654069,0.220194171,0.389590261,-0.244122334,0.176094751,-0.288423351,-0.591786762,1.250039879,-2.033893499,3.210516372,-4.118058348
5.5216,0.189880858,0.771918201,-0.840529324,0.284735067,-0.822110853,0.288073004,0.365554147,-0.343526646,0.226420129,0.379165457,-0.227791301,0.154992411,-0.292018197,-0.588662101,1.240803271,-2.053489777,3.226205255,-4.13649943
5.5266,0.191743129,0.770157338,-0.839358034,0.286643224,-0.823231331,0.288809716,0.364083717,-0.346383546,0.232598785,0.368642666,-0.211384416,0.133800042,-0.295620754,-0.585517675,1.231651454,-2.072315821,3.240218634,-4.153279244
5.5317,0.193597842,0.768381928,-0.83815531,0.288497451,-0.82426793,0.289438114,0.362595205,-0.349224775,0.238731025,0.358025393,-0.194909693,0.112527042,-0.299230208,-0.582355786,1.22260088,-2.090336188,3.252523468,-4.168356939
5.5368,0.195444922,0.766592066,-0.836921408,0.290297255,-0.825220335,0.289957777,0.361088397,-0.352049711,0.244817852,0.347318178,-0.178377133,0.091181393,-0.302836185,-0.579168355,1.213641784,-2.107543646,3.263098878,-4.181724363
5.5419,0.197284258,0.764787816,-0.835656564,0.29204221,-0.826088242,0.290368386,0.359563491,-0.354858658,0.250858807,0.336525972,-0.161794925,0.069771408,-0.306447814,-0.575964243,1.204773078,-2.123903831,3.271950902,-4.193341854
5.5469,0.199115764,0.762969262,-0.83436099,0.293731878,-0.826871442,0.290669637,0.358020571,-0.357651528,0.256854691,0.325652413,-0.145171303,0.048307299,-0.310061531,-0.572743061,1.196006975,-2.139403316,3.2790564,-4.203187015
5.5521,0.200939342,0.761136489,-0.833034909,0.295365872,-0.827569758,0.290861244,0.35645952,-0.360428331,0.262806341,0.314701551,-0.128516436,0.026797497,-0.313678645,-0.569502123,1.187346273,-2.1540145,3.284404639,-4.211257351
5.5572,0.202754912,0.759289593,-0.83167857,0.296943811,-0.828183019,0.290943029,0.354880033,-0.363188431,0.268714466,0.303678987,-0.111838629,0.005250536,-0.317291197,-0.566233283,1.178776905,-2.167720228,3.288012009,-4.21751415
5.5623,0.204562368,0.75742865,-0.830292196,0.298465317,-0.828711135,0.290914798,0.353282425,-0.365932108,0.274578708,0.292588727,-0.095146869,-0.016323818,-0.320905861,-0.562940434,1.170298186,-2.180519056,3.289877183,-4.221956855
5.5674,0.206361622,0.75555374,-0.828875983,0.299930078,-0.829154073,0.290776461,0.351666797,-0.368659347,0.280399973,0.281435058,-0.07844923,-0.037915409,-0.324518957,-0.559625678,1.161923111,-2.192383255,3.289996112,-4.224552709
5.5725,0.208152589,0.753664961,-0.827430169,0.301337764,-0.829511835,0.290527929,0.35003276,-0.371369502,0.28617927,0.270223258,-0.061756049,-0.059515428,-0.328124742,-0.556280755,1.15363863,-2.203313629,3.288372397,-4.225299478
5.5776,0.209935165,0.751762382,-0.825954972,0.30268811,-0.829784438,0.29016921,0.348380643,-0.374062851,0.291916127,0.25895876,-0.045075424,-0.081115083,-0.331729808,-0.552914365,1.14544055,-2.213289275,3.285034263,-4.22416641
5.5826,0.211709257,0.749846098,-0.824450572,0.303980841,-0.829971995,0.289700328,0.346710453,-0.376739271,0.297611136,0.247645816,-0.028415588,-0.102703426,-0.335332993,-0.549521076,1.1373477,-2.222310739,3.27998092,-4.221142998
5.5878,0.213474772,0.747916188,-0.822917211,0.305215718,-0.830074615,0.289121346,0.345022202,-0.379398636,0.303265598,0.2362892,-0.011787055,-0.124271327,-0.338933154,-0.546105252,1.129338311,-2.230374141,3.273245122,-4.216228979
5.5928,0.215231635,0.74597276,-0.821355094,0.306392575,-0.830092493,0.288432414,0.343315728,-0.382040491,0.308879935,0.224893982,0.004803567,-0.145809905,-0.342519637,-0.542653722,1.121411005,-2.2374482,3.264836327,-4.209400615
5.5979,0.216979737,0.744015885,-0.819764432,0.307511189,-0.830025819,0.287633676,0.341591283,-0.384665085,0.31445363,0.213465154,0.021347345,-0.167308606,-0.346101329,-0.53917544,1.113560418,-2.243554768,3.254798685,-4.200670124
5.6029,0.218718987,0.742045654,-0.818145409,0.308571415,-0.829874883,0.286725386,0.339848893,-0.387272283,0.319987609,0.202007057,0.037836406,-0.188757055,-0.349677057,-0.535670127,1.105795056,-2.248684237,3.243142859,-4.190015352
5.608,0.220449304,0.740062172,-0.816498242,0.309573101,-0.829639989,0.285707804,0.338088304,-0.389861508,0.325482684,0.190525262,0.05426135,-0.210145968,-0.353238741,-0.532127173,1.09810245,-2.252848582,3.229901166,-4.177442759
5.6131,0.222170573,0.738065509,-0.814823135,0.310516158,-0.829321458,0.284581289,0.336310167,-0.392432905,0.330938288,0.179025327,0.070614826,-0.231466329,-0.356799914,-0.528557834,1.090476583,-2.256040579,3.215122823,-4.162930661
5.6182,0.223882727,0.736055766,-0.813120266,0.311400482,-0.828919689,0.283346204,0.334513909,-0.394986325,0.336355295,0.167511448,0.086889894,-0.252706831,-0.360344797,-0.524956677,1.082925382,-2.25827717,3.198837483,-4.146487764
5.6233,0.225585662,0.734033031,-0.811389832,0.312226017,-0.828435085,0.282002962,0.332699905,-0.397521715,0.341734076,0.155988481,0.103076846,-0.273858266,-0.363880059,-0.521325781,1.075445128,-2.259566062,3.181097876,-4.128123612
5.6284,0.227279289,0.731997412,-0.809632026,0.312992752,-0.827868113,0.280552039,0.330868205,-0.400038486,0.347074983,0.144461889,0.119169809,-0.294910745,-0.367404638,-0.517654598,1.068032059,-2.259901459,3.161946267,-4.107843157
5.6335,0.228963518,0.729948989,-0.807847063,0.31370068,-0.827219295,0.278993973,0.329018868,-0.402536864,0.352377804,0.132935481,0.135162171,-0.315854492,-0.370917516,-0.513952147,1.060669435,-2.259294667,3.141412942,-4.085646001
5.6386,0.230638269,0.727887855,-0.806035129,0.314349792,-0.826489141,0.277329361,0.327151666,-0.405016486,0.357643715,0.121414607,0.151046432,-0.336679312,-0.374410773,-0.510217967,1.053355635,-2.257774047,3.119562153,-4.061528409
5.6437,0.23230344,0.725814124,-0.804196397,0.314940121,-0.82567824,0.275558847,0.325266988,-0.407476954,0.36287257,0.109903781,0.16681525,-0.35737664,-0.377891172,-0.506441291,1.046096982,-2.255356918,3.096431573,-4.035489777
5.6488,0.233958943,0.723727877,-0.802331077,0.315471763,-0.824787194,0.273683073,0.323364904,-0.409918488,0.368064095,0.098408091,0.182463669,-0.377935839,-0.381357751,-0.502631201,1.038876512,-2.25204229,3.072073949,-4.007563753
5.6538,0.235604689,0.721629215,-0.800439346,0.315944797,-0.823816611,0.271702783,0.321445485,-0.412340807,0.373219005,0.086930933,0.197984994,-0.398346879,-0.384809599,-0.498784985,1.031696786,-2.247851229,3.04655949,-3.97775253
5.6589,0.237240602,0.719518231,-0.798521397,0.316359315,-0.822767179,0.26961875,0.31950852,-0.414743834,0.378337894,0.075477316,0.213372605,-0.418600601,-0.388238905,-0.494904872,1.024549332,-2.2428144,3.019928642,-3.946075141
5.664,0.23886658,0.717395043,-0.796577397,0.316715466,-0.821639568,0.267431826,0.317554412,-0.41712696,0.383420535,0.06405214,0.228621606,-0.438688415,-0.391652546,-0.490980481,1.017440351,-2.236942781,2.992252221,-3.912532509
5.6693,0.240482536,0.715259735,-0.794607552,0.317013403,-0.820434531,0.265142852,0.315583245,-0.419490394,0.388466565,0.052658374,0.243727379,-0.458599882,-0.395049674,-0.487021009,1.010352811,-2.230259363,2.963569495,-3.877164211
5.6744,0.242088395,0.713112413,-0.792612048,0.317253278,-0.819152775,0.262752766,0.313594815,-0.421833847,0.393476905,0.041300781,0.258684487,-0.478325511,-0.398422546,-0.483023867,1.003282309,-2.222801376,2.933962273,-3.839980954
5.6794,0.243684054,0.710953191,-0.790591051,0.317435286,-0.817795103,0.260262554,0.311589426,-0.424156798,0.398451452,0.029983249,0.2734877,-0.497857313,-0.401780696,-0.478981049,0.996235035,-2.214594142,2.903469874,-3.80099692
5.6847,0.24526943,0.708782148,-0.788544738,0.31755963,-0.816362284,0.257673201,0.309567264,-0.426459873,0.403390217,0.018709312,0.288134543,-0.517185084,-0.405121057,-0.47490727,0.989209489,-2.20566938,2.872167882,-3.760255383
5.69,0.246844439,0.706599399,-0.786473296,0.317626576,-0.81485515,0.254985768,0.30752842,-0.428742384,0.408293193,0.007482197,0.302619062,-0.536300039,-0.408442928,-0.470795703,0.982199106,-2.196036263,2.840104982,-3.717785672
5.6951,0.248409007,0.704405064,-0.78437694,0.317636372,-0.813274538,0.252201377,0.305472702,-0.43100381,0.413160396,-0.003693531,0.316937524,-0.555193205,-0.411738711,-0.466638466,0.975180109,-2.185723591,2.807339366,-3.673606859
5.7002,0.24996304,0.702199232,-0.78225582,0.317589287,-0.811621283,0.249321205,0.303400435,-0.433244352,0.417992026,-0.014814381,0.33108704,-0.573856936,-0.41501317,-0.462444947,0.968168118,-2.174761814,2.773941805,-3.627736201
5.7053,0.25150645,0.699982015,-0.780110117,0.317485609,-0.809896277,0.246346405,0.301311826,-0.435463717,0.422788111,-0.02587824,0.345065322,-0.592281931,-0.418268225,-0.458212749,0.961159511,-2.163178458,2.739957413,-3.580232264
5.7104,0.253039162,0.697753539,-0.777940027,0.317325588,-0.808100377,0.243278227,0.299206576,-0.437661477,0.42754884,-0.036882097,0.358868952,-0.610459621,-0.421498894,-0.453931742,0.954141236,-2.151034908,2.705460181,-3.531122226
5.7155,0.254561084,0.695513892,-0.775745734,0.317109585,-0.806234477,0.240117981,0.297085207,-0.43983772,0.432273332,-0.047821973,0.372495363,-0.628382994,-0.424709992,-0.44961394,0.947109233,-2.138335292,2.670510009,-3.480426423
5.7206,0.256072134,0.693263194,-0.773527405,0.316837908,-0.804299508,0.236866961,0.294947821,-0.441992248,0.436962147,-0.058695973,0.385943178,-0.646043074,-0.427900925,-0.44525466,0.940068989,-2.125125276,2.635149554,-3.428198833
5.7257,0.257572231,0.691001548,-0.771285222,0.316510925,-0.802296391,0.233526522,0.292794522,-0.444124861,0.441615233,-0.069501839,0.399209007,-0.663432162,-0.431071135,-0.440859041,0.933017116,-2.111420439,2.599433995,-3.374483953
5.7308,0.2590613,0.688729082,-0.769019383,0.31612899,-0.800226035,0.230098069,0.290625018,-0.446234939,0.446232705,-0.080236006,0.412291718,-0.680542873,-0.434215743,-0.436417019,0.925940811,-2.097254864,2.563427982,-3.319320741
5.7358,0.260539253,0.6864459,-0.766730075,0.315692452,-0.798089375,0.226583075,0.288439837,-0.44832257,0.450813703,-0.090896953,0.425190071,-0.697368595,-0.437339657,-0.431935514,0.918833959,-2.082671784,2.527185597,-3.262731196
5.7409,0.26200601,0.684152113,-0.764417464,0.315201713,-0.79588738,0.222982974,0.286239086,-0.450387663,0.455358607,-0.101483007,0.437903667,-0.713901205,-0.440442361,-0.42741712,0.911704869,-2.067688872,2.490740685,-3.20478473
5.7459,0.263461498,0.681847856,-0.762081745,0.314657133,-0.793620993,0.219299277,0.284022475,-0.452429689,0.459867585,-0.11199174,0.450430267,-0.730134306,-0.443519009,-0.422849496,0.904543456,-2.052355182,2.45414385,-3.145526806
5.751,0.264905626,0.679533231,-0.759723112,0.314059137,-0.791291145,0.215533567,0.281790632,-0.454448627,0.464339629,-0.122420787,0.462769867,-0.746061888,-0.446576849,-0.418242158,0.897341445,-2.036686092,2.417454857,-3.084981026
5.7562,0.266338321,0.677208361,-0.757341737,0.313408105,-0.788898821,0.211687385,0.279543558,-0.456444371,0.468774959,-0.132769276,0.474922677,-0.761676637,-0.449612817,-0.413592791,0.89010472,-2.020728449,2.380698684,-3.023218099
5.7612,0.267759501,0.674873356,-0.754937803,0.312704483,-0.786444966,0.207762347,0.277281257,-0.45841672,0.473173498,-0.143036175,0.486887145,-0.776972566,-0.452629043,-0.408906578,0.882832595,-2.004493353,2.34392392,-2.960284151
5.7663,0.269169104,0.672528354,-0.752511514,0.311948693,-0.783930526,0.203760088,0.275003647,-0.460365051,0.47753524,-0.153219115,0.49866401,-0.791943732,-0.455615845,-0.404173485,0.875512661,-1.988009924,2.30717591,-2.896231117
5.7714,0.270567041,0.670173467,-0.750063065,0.311141136,-0.781356453,0.199682319,0.27271117,-0.462289546,0.481859207,-0.163317459,0.510253408,-0.806585318,-0.458580495,-0.399398138,0.868139207,-1.971322897,2.270493507,-2.831085707
5.7765,0.271953232,0.667808814,-0.747592626,0.310282271,-0.778723725,0.195530699,0.270403829,-0.464189894,0.486145661,-0.173330819,0.521656546,-0.82089122,-0.46152509,-0.394583118,0.86072096,-1.954445871,2.23389691,-2.764921773
5.7816,0.273327618,0.665434537,-0.745100406,0.309372508,-0.776033286,0.191306949,0.268081547,-0.466065661,0.490394549,-0.183257718,0.532872519,-0.83485628,-0.464439903,-0.389718349,0.853245669,-1.937420881,2.19742247,-2.697792965
5.7866,0.27469011,0.663050743,-0.742586607,0.308412318,-0.77328608,0.187012859,0.265744765,-0.467917029,0.494604944,-0.193096811,0.54390265,-0.848476469,-0.467332156,-0.384813569,0.845705468,-1.920257977,2.161102815,-2.629727329
5.7917,0.276040633,0.660657558,-0.7400514,0.307402128,-0.770483075,0.182650161,0.26339349,-0.46974359,0.498776954,-0.202848,0.554748376,-0.861746383,-0.470203886,-0.379868998,0.838111819,-1.902992918,2.124950012,-2.560801979
5.7968,0.277379115,0.65825511,-0.73749499,0.306342406,-0.767625174,0.178220661,0.261027937,-0.47154514,0.502910287,-0.212511513,0.565409948,-0.874661759,-0.47305224,-0.374884608,0.830457253,-1.885637529,2.089010032,-2.491063651
5.8018,0.278705491,0.655843542,-0.734917578,0.305233603,-0.764713338,0.173726176,0.258647827,-0.473321246,0.50700493,-0.222085715,0.575888055,-0.887218581,-0.475872315,-0.369850312,0.822737263,-1.868213967,2.053288049,-2.420563951
5.807,0.280019681,0.653422968,-0.732319377,0.304076155,-0.761748484,0.169168576,0.256253703,-0.475072088,0.511059805,-0.231570854,0.586184496,-0.899413871,-0.478668949,-0.364775838,0.814941961,-1.850754404,2.017811408,-2.349335792
5.812,0.281321609,0.650993518,-0.729700569,0.302870529,-0.758731565,0.164549675,0.253845575,-0.476797256,0.515074859,-0.240967594,0.596300924,-0.91124329,-0.481444098,-0.359661404,0.807080528,-1.833269535,1.982576899,-2.277455723
5.8171,0.28261122,0.648555341,-0.727061369,0.301617163,-0.755663483,0.15987136,0.251423375,-0.478496316,0.519050038,-0.250275267,0.606237609,-0.922703518,-0.484187875,-0.354496904,0.799143486,-1.815788636,1.947607258,-2.2049668
5.8222,0.28388843,0.646108556,-0.724401993,0.300316536,-0.752545138,0.155135552,0.248987551,-0.480169338,0.522984323,-0.259493282,0.615996458,-0.933792353,-0.486907322,-0.34928946,0.791123459,-1.798313577,1.91291959,-2.131900203
5.8273,0.285153167,0.64365329,-0.721722631,0.298969079,-0.749377455,0.150344113,0.24653812,-0.481816117,0.526877719,-0.268622156,0.625579511,-0.944506423,-0.48960428,-0.344044164,0.783027523,-1.780873984,1.878508091,-2.058330623
5.8324,0.286405361,0.64118968,-0.719023489,0.297575267,-0.746161298,0.14549897,0.244075199,-0.483436351,0.530729942,-0.277662796,0.634987423,-0.954842862,-0.492278276,-0.338758682,0.77485621,-1.763472763,1.844398601,-1.984301188
5.8375,0.287644948,0.638717884,-0.716304783,0.29613555,-0.742897576,0.14060205,0.241599015,-0.4850297,0.534540495,-0.286614199,0.644221403,-0.964799554,-0.494926249,-0.333420637,0.766605305,-1.746123012,1.810581444,-1.909861051
5.8426,0.288871861,0.636238019,-0.713566743,0.294650359,-0.739587163,0.135655303,0.239109703,-0.48659603,0.53830853,-0.295477311,0.653283366,-0.974374508,-0.497547422,-0.328042094,0.758262689,-1.728850341,1.777062093,-1.835051132
5.8477,0.290086041,0.633750226,-0.710809578,0.293120144,-0.736230925,0.130660669,0.236607001,-0.488135232,0.542034202,-0.304252648,0.662174843,-0.983566282,-0.50013663,-0.322620728,0.749831268,-1.711662951,1.743844565,-1.759923859
5.8528,0.291287407,0.631254658,-0.708033501,0.291545355,-0.732829745,0.125620151,0.234091363,-0.489646759,0.54571696,-0.312940464,0.670896929,-0.992373707,-0.502701023,-0.31714906,0.741312283,-1.694570147,1.710915762,-1.68449464
5.8579,0.292475899,0.62875143,-0.705238728,0.289926435,-0.729384484,0.120535677,0.231563026,-0.491131009,0.549356257,-0.321541262,0.679452417,-1.000794594,-0.505237388,-0.311642052,0.732706831,-1.677579773,1.678269341,-1.608830704
5.863,0.293651448,0.626240691,-0.70242549,0.288263846,-0.725895974,0.115409211,0.229022025,-0.492587381,0.552951635,-0.330056272,0.687841731,-1.008828273,-0.507747384,-0.306095441,0.724008687,-1.660687218,1.645909888,-1.532977704
5.8681,0.294814001,0.623722601,-0.69959403,0.286558027,-0.722365071,0.110242747,0.226468208,-0.494015441,0.556502389,-0.338484776,0.696065988,-1.016473447,-0.510223409,-0.300499304,0.715206565,-1.643898196,1.613821523,-1.456965162
5.8731,0.295963486,0.621197309,-0.69674455,0.284809418,-0.718792614,0.1050383,0.223902146,-0.495415034,0.560008227,-0.346827309,0.704126545,-1.023730169,-0.512669901,-0.294850912,0.706313731,-1.627215556,1.581993843,-1.380811751
5.8782,0.297099836,0.618664926,-0.693877286,0.283018431,-0.71517944,0.099797821,0.221323884,-0.496786354,0.563468779,-0.355086202,0.712025925,-1.030597046,-0.515088408,-0.289170237,0.69732688,-1.610655576,1.550411844,-1.304573528
5.8833,0.298223003,0.616125628,-0.690992474,0.281185493,-0.711526366,0.094523299,0.218733275,-0.498128679,0.566883663,-0.363261063,0.71976423,-1.03707373,-0.517471219,-0.283440489,0.688243156,-1.594222251,1.519066746,-1.228284146
5.8885,0.299332914,0.613579553,-0.688090356,0.279311058,-0.707834197,0.089216756,0.216130902,-0.499441979,0.570251753,-0.371351889,0.727342961,-1.043160817,-0.519822673,-0.277666522,0.679056712,-1.577901735,1.487952463,-1.151957013
5.8935,0.300429508,0.611026847,-0.68517116,0.277395528,-0.704103772,0.083880131,0.213516818,-0.500726136,0.573573055,-0.379359702,0.734763732,-1.04885786,-0.522144225,-0.271851187,0.669773931,-1.561708312,1.457038586,-1.075653187
5.8986,0.301512724,0.608467654,-0.682235126,0.275439342,-0.700335876,0.078515435,0.210891177,-0.501980846,0.576847077,-0.387285838,0.74202684,-1.054164508,-0.524435024,-0.265997403,0.660394712,-1.545629984,1.426322903,-0.999389147
5.9037,0.302582515,0.605902143,-0.679282503,0.273442918,-0.696531305,0.073124657,0.208253849,-0.503205681,0.580073315,-0.395129649,0.749132952,-1.059081031,-0.526687285,-0.260095515,0.650914241,-1.529665444,1.39579132,-0.923191163
5.9088,0.303638816,0.603330457,-0.676313547,0.271406658,-0.692690855,0.067709818,0.20560543,-0.504400821,0.583250829,-0.40289235,0.756083279,-1.063608603,-0.528905284,-0.254150852,0.641327302,-1.513821547,1.365429196,-0.847065201
5.9139,0.304681565,0.600752739,-0.673328489,0.269330964,-0.688815349,0.062272847,0.202945987,-0.505565856,0.58637951,-0.410574561,0.76287921,-1.067747428,-0.531090423,-0.248169069,0.631643487,-1.498100411,1.33520064,-0.771067433
5.9191,0.305710718,0.598169162,-0.670327584,0.267216274,-0.684905552,0.056815751,0.200275402,-0.506700368,0.589458963,-0.418177372,0.769520695,-1.071497562,-0.533234864,-0.242140665,0.621861017,-1.482482231,1.305100998,-0.695204585
5.9242,0.306726213,0.595579873,-0.667311102,0.26506299,-0.680962245,0.051340538,0.19759428,-0.507804544,0.59248825,-0.425700175,0.776008357,-1.074860625,-0.535342839,-0.236071129,0.611970522,-1.466965338,1.27511703,-0.619479608
5.9293,0.30772799,0.592985021,-0.664279283,0.262871496,-0.67698624,0.04584913,0.194902702,-0.50887808,0.595467051,-0.433144016,0.782343309,-1.077837238,-0.537415718,-0.229963971,0.601982054,-1.451556483,1.245211685,-0.543941138
5.9346,0.308715999,0.590384766,-0.661232385,0.260642218,-0.672978288,0.040343523,0.19220085,-0.50992058,0.598394868,-0.440510014,0.788525438,-1.080427538,-0.539452583,-0.223819926,0.59189631,-1.436236574,1.215384616,-0.468590786
5.9408,0.309690197,0.587779282,-0.65817067,0.258375553,-0.668939168,0.034825684,0.189488619,-0.510931833,0.601271413,-0.447797583,0.79455489,-1.082632725,-0.541445607,-0.217629731,0.581714447,-1.421000214,1.185617406,-0.393442454
5.946,0.310650526,0.585168712,-0.655094418,0.256071874,-0.664869663,0.029297605,0.186766632,-0.511911837,0.604095762,-0.455007786,0.800432019,-1.084454429,-0.54339904,-0.211404003,0.571427715,-1.405855763,1.15588919,-0.318489976
5.9511,0.311596931,0.582553212,-0.652003882,0.253731579,-0.660770571,0.023761178,0.184034984,-0.512860315,0.606867711,-0.462140968,0.80615756,-1.085893674,-0.545314281,-0.205146231,0.561044472,-1.390794914,1.126167998,-0.243782605
5.9562,0.312529377,0.579932964,-0.648899332,0.251355079,-0.656642642,0.018218382,0.181293584,-0.513776973,0.609586771,-0.469198024,0.811730925,-1.08695118,-0.547183508,-0.198845027,0.550566276,-1.375799943,1.0964514,-0.169313612
5.9612,0.313447805,0.577308117,-0.645781052,0.24894276,-0.652486653,0.01267119,0.178543065,-0.514661919,0.612252133,-0.47617815,0.817151888,-1.087628753,-0.549010989,-0.192508887,0.539987066,-1.360866786,1.066721489,-0.095072662
5.9664,0.314352167,0.574678835,-0.642649299,0.246494996,-0.648303405,0.00712148,0.175783534,-0.515514772,0.614863724,-0.483082283,0.82242112,-1.087927665,-0.550798144,-0.186139147,0.529318146,-1.345997902,1.036946863,-0.02110279
5.9714,0.315242412,0.572045274,-0.639504353,0.244012192,-0.644093647,0.00157121,0.173015089,-0.516335377,0.61742098,-0.489911219,0.827537775,-1.087848554,-0.552546716,-0.179741837,0.518559135,-1.331175193,1.007126118,0.052606372
5.9766,0.316118511,0.569407619,-0.636346493,0.241494735,-0.639858161,-0.003977691,0.170237747,-0.517123463,0.619923448,-0.496664149,0.832501575,-1.087392655,-0.554246672,-0.173305802,0.507712101,-1.316392061,0.977242812,0.126052592
5.9817,0.316980413,0.566766022,-0.633176011,0.238942981,-0.635597738,-0.009523282,0.167452157,-0.517879161,0.622370357,-0.503341815,0.837312038,-1.086562103,-0.555902391,-0.16683976,0.496771473,-1.301658359,0.947273547,0.199245885
5.9868,0.317828071,0.564120648,-0.62999318,0.236357322,-0.631313175,-0.015063714,0.164658436,-0.518602021,0.624761561,-0.509944438,0.841969279,-1.085358289,-0.557515411,-0.160347585,0.485746431,-1.286962752,0.91719365,0.272147113
5.9919,0.318661451,0.561471675,-0.626798285,0.233738159,-0.62700523,-0.020597047,0.161856405,-0.51929179,0.627096635,-0.516472681,0.846472228,-1.083781937,-0.559080654,-0.153822873,0.474639324,-1.272287416,0.887005979,0.344775014
5.997,0.319480506,0.558819268,-0.623591629,0.231085874,-0.622674703,-0.026121364,0.159046707,-0.519948619,0.629374937,-0.522925606,0.850820175,-1.081835025,-0.560602852,-0.147269306,0.463442517,-1.257626197,0.856688666,0.417141738
6.0021,0.320285204,0.556163591,-0.620373487,0.228400833,-0.618322405,-0.031634837,0.156229574,-0.520572476,0.631596243,-0.529303701,0.855012909,-1.079519089,-0.562076432,-0.140691135,0.452167981,-1.242982042,0.826216042,0.489207642
6.0072,0.3210755,0.553504805,-0.617144151,0.225683434,-0.613949102,-0.037135548,0.153405245,-0.521163046,0.633760165,-0.535607633,0.859049133,-1.076834785,-0.563505636,-0.134094974,0.440818236,-1.228339909,0.79559231,0.560995517
6.0124,0.321851369,0.550843101,-0.613903917,0.222934055,-0.609555591,-0.042621624,0.150573657,-0.521720106,0.635866215,-0.541836369,0.862928152,-1.07378364,-0.564882907,-0.127469955,0.429393286,-1.213694189,0.764807034,0.632502447
6.0175,0.322612768,0.548178638,-0.610653096,0.22015306,-0.605142687,-0.048091172,0.147735473,-0.522243635,0.637913896,-0.547990421,0.866648991,-1.07036756,-0.566212787,-0.120824792,0.417887992,-1.199051048,0.733840624,0.703744493
6.0226,0.323359659,0.545511582,-0.607391968,0.217340829,-0.600711224,-0.053542399,0.144890828,-0.522733438,0.639903032,-0.554069789,0.87021107,-1.066588205,-0.567496979,-0.114163329,0.406314465,-1.184405422,0.702667114,0.774680593
6.0277,0.324092018,0.542842122,-0.604120834,0.214497767,-0.596261978,-0.058973414,0.142039558,-0.523189408,0.641833284,-0.560074822,0.873613052,-1.062446462,-0.568730564,-0.107477067,0.39467532,-1.169738441,0.671297864,0.845333723
6.0328,0.324809799,0.540170419,-0.600840011,0.211624252,-0.591795785,-0.064382351,0.139182209,-0.523611752,0.643704091,-0.566004482,0.876853682,-1.05794415,-0.569921021,-0.100775029,0.382963116,-1.155047933,0.639712289,0.915717197
6.0379,0.325512981,0.537496648,-0.597549794,0.208720649,-0.587313484,-0.069767434,0.136319221,-0.524000283,0.645515305,-0.571859072,0.879932423,-1.053083052,-0.571062956,-0.094056724,0.371185038,-1.140338645,0.607890862,0.985791792
6.043,0.326201532,0.534820974,-0.594250481,0.205787359,-0.582815888,-0.075126796,0.133450733,-0.524354732,0.647266609,-0.577639077,0.882847359,-1.047863866,-0.572158217,-0.087328595,0.3593485,-1.125597434,0.575836373,1.055579721
6.0481,0.326875435,0.532143588,-0.590942382,0.202824763,-0.578303824,-0.080458617,0.130576695,-0.524675024,0.648957602,-0.5833433,0.885597702,-1.042288166,-0.573199433,-0.080582138,0.347453416,-1.11082067,0.543544335,1.125076778
6.0533,0.327534648,0.529464655,-0.587625818,0.199833236,-0.573778152,-0.085761066,0.127697973,-0.52496129,0.65058787,-0.588972081,0.888181987,-1.036357926,-0.574195951,-0.073823763,0.335494477,-1.096011649,0.510996346,1.194292148
6.0584,0.328179159,0.526784341,-0.58430109,0.196813158,-0.569239742,-0.091032391,0.124814097,-0.525213279,0.652157309,-0.594525357,0.890599165,-1.030074983,-0.57514015,-0.067059856,0.323478644,-1.081169912,0.478172081,1.263189308
6.0635,0.328808945,0.52410283,-0.580968505,0.19376493,-0.564689417,-0.096270758,0.121925442,-0.52543116,0.653665538,-0.60000334,0.892847859,-1.023439992,-0.576030117,-0.060287018,0.311410468,-1.066283774,0.445083748,1.331785635
6.0686,0.329423972,0.521420289,-0.57762839,0.190688943,-0.560128054,-0.101474362,0.119032573,-0.525615,0.655112174,-0.605404869,0.894926168,-1.016455089,-0.576873158,-0.053509587,0.299284343,-1.051348458,0.411716312,1.400085936
6.0736,0.330024219,0.518736899,-0.57428105,0.18758557,-0.55555654,-0.106641474,0.116135524,-0.525764673,0.656497143,-0.610729916,0.896833243,-1.009122192,-0.577669118,-0.046726986,0.287106897,-1.036370688,0.378052748,1.468051409
6.0788,0.330609665,0.516052833,-0.570926792,0.184455214,-0.55097574,-0.111770283,0.113234742,-0.525879743,0.657820407,-0.615978958,0.898567061,-1.001442142,-0.578417876,-0.039940371,0.274885189,-1.021341547,0.344093524,1.535699264
6.0838,0.331180307,0.513368267,-0.567565945,0.181298251,-0.546386544,-0.116858986,0.110330287,-0.525960605,0.659081213,-0.621151032,0.900126096,-0.993415704,-0.57910953,-0.033150852,0.26261353,-1.006267033,0.309831308,1.603043137
6.0889,0.331736108,0.510683381,-0.564198822,0.178115074,-0.541789841,-0.121905881,0.107422521,-0.526007138,0.660279623,-0.626246107,0.901508686,-0.985046684,-0.579756313,-0.026357454,0.250295611,-0.991145367,0.275261301,1.670042685
6.0939,0.332277059,0.50799834,-0.560825747,0.174906077,-0.537186538,-0.1269092,0.104511687,-0.526019544,0.661415296,-0.631263937,0.902714166,-0.976335501,-0.580353204,-0.019566622,0.237930355,-0.975975292,0.240375123,1.736699547
6.099,0.332803138,0.505313332,-0.557447036,0.171671676,-0.532577529,-0.131867203,0.101598026,-0.525997514,0.662488102,-0.636203935,0.903739699,-0.967283927,-0.580904996,-0.012772375,0.22552142,-0.960743107,0.205176422,1.803003916
6.1043,0.333314338,0.502628532,-0.55406302,0.168412246,-0.527963767,-0.136778194,0.098681988,-0.525941237,0.663497604,-0.641066118,0.904584447,-0.957894866,-0.581406445,-0.005975844,0.213064822,-0.94545971,0.16963913,1.868924
6.1094,0.333810645,0.499944098,-0.550674016,0.165128205,-0.523346162,-0.141640418,0.09576372,-0.525850525,0.664443874,-0.645850501,0.905246076,-0.948169539,-0.581859523,0.000812136,0.200563869,-0.930112481,0.133766925,1.934468067
6.1146,0.334292054,0.497260223,-0.547280345,0.161819945,-0.518725643,-0.146452169,0.092843073,-0.525725398,0.665326387,-0.650555948,0.905723697,-0.938109594,-0.58225955,0.007600629,0.188021692,-0.914705314,0.097558985,1.999620239
6.1202,0.334758556,0.494577074,-0.54388234,0.158487856,-0.514103159,-0.151211734,0.089920725,-0.525566074,0.666144921,-0.655182681,0.906015065,-0.927717563,-0.582606713,0.014383826,0.175433501,-0.89924421,0.061007724,2.064373155
6.1253,0.335210129,0.491894816,-0.540480319,0.155132347,-0.509479683,-0.15591747,0.086996826,-0.525372389,0.666899458,-0.659730205,0.906118693,-0.916996106,-0.582908111,0.021155976,0.162804387,-0.88372344,0.024095621,2.128682803
6.1304,0.335646778,0.489213633,-0.537074611,0.151753832,-0.504856153,-0.160567662,0.084071319,-0.525144595,0.667589585,-0.664198819,0.906032971,-0.905946646,-0.583156724,0.027921149,0.150134381,-0.868137871,-0.013167156,2.192555863
6.1355,0.336068488,0.486533711,-0.533665551,0.148352717,-0.500233551,-0.165160634,0.081144872,-0.524882607,0.668215287,-0.668587466,0.905755567,-0.894571647,-0.583357625,0.034685794,0.137418465,-0.852484661,-0.05079273,2.255979268
6.1406,0.336475263,0.483855217,-0.530253469,0.144929401,-0.495612877,-0.169694778,0.07821774,-0.524586443,0.668776123,-0.672896125,0.905284798,-0.882874241,-0.58350555,0.041444377,0.124656325,-0.836770158,-0.088795964,2.318905948
6.1457,0.336867089,0.481178312,-0.526838696,0.141484297,-0.490995101,-0.174168421,0.075290074,-0.524256051,0.66927206,-0.677124883,0.904618653,-0.870855937,-0.583607609,0.048189138,0.111847454,-0.820989401,-0.127169472,2.381334696
6.1509,0.337243973,0.478503192,-0.523421557,0.138017821,-0.486381208,-0.178579928,0.072361816,-0.523891574,0.669702668,-0.681272675,0.903755464,-0.858519726,-0.583656794,0.054931947,0.098996065,-0.805139394,-0.165907995,2.443249494
6.1559,0.337605912,0.475830017,-0.520002396,0.13453037,-0.481772233,-0.182927678,0.069433745,-0.523493144,0.670067809,-0.685339374,0.902693114,-0.845868176,-0.583655606,0.061664918,0.086093841,-0.789228603,-0.205030478,2.504630638
6.1609,0.337952901,0.473158957,-0.516581541,0.131022362,-0.477169207,-0.187210116,0.066505802,-0.52306051,0.670367236,-0.689324765,0.90142972,-0.832904856,-0.583606277,0.068385405,0.073144673,-0.773253618,-0.244548449,2.565427401
6.166,0.338284955,0.470490193,-0.513159323,0.127494223,-0.472573129,-0.191425623,0.063578149,-0.522594136,0.670600608,-0.693228808,0.899963509,-0.819631828,-0.583501806,0.075098011,0.060149724,-0.757206608,-0.284445899,2.625637362
6.1711,0.338602059,0.467823903,-0.509736092,0.123946367,-0.467985067,-0.195572622,0.060651246,-0.522093748,0.670767773,-0.69705042,0.898292186,-0.80605245,-0.583352183,0.08180483,0.047100248,-0.741088852,-0.324743345,2.685238558
6.1762,0.338904227,0.465160259,-0.506312185,0.120379207,-0.463406072,-0.199649594,0.057725543,-0.521559581,0.67086845,-0.700789455,0.896413908,-0.792170763,-0.583152194,0.088505745,0.033994829,-0.724903257,-0.365444009,2.744184765
6.1813,0.33919146,0.462499418,-0.502887939,0.116793177,-0.458837205,-0.203654971,0.054800983,-0.520991484,0.670902457,-0.704446057,0.894326406,-0.777989308,-0.582904138,0.095190925,0.020834486,-0.708641333,-0.406550808,2.802468155
6.1863,0.339463773,0.459841568,-0.499463691,0.113188701,-0.454279517,-0.207587237,0.051877616,-0.520389514,0.670869209,-0.708019314,0.892028147,-0.76351123,-0.582603684,0.101870427,0.00761985,-0.692299318,-0.448053619,2.860059747
6.1914,0.339721169,0.457186883,-0.496039792,0.109566195,-0.449734109,-0.211444884,0.048956216,-0.519753903,0.670768617,-0.711508934,0.889516563,-0.748740428,-0.582253441,0.108544309,-0.005656015,-0.675882499,-0.489966292,2.916934901
6.1966,0.339963655,0.454535521,-0.492616587,0.10592609,-0.445202078,-0.215226464,0.046036724,-0.519084391,0.670600363,-0.714914628,0.886789656,-0.733681501,-0.581855767,0.1152055,-0.018994977,-0.659386497,-0.532292929,2.973044899
6.2017,0.340191249,0.451887668,-0.489194413,0.102268822,-0.440684503,-0.218930478,0.043119187,-0.518381331,0.670363928,-0.718236179,0.883845761,-0.718337447,-0.5814064,0.121861646,-0.032394371,-0.642804733,-0.575019256,3.028382202
6.2068,0.340403949,0.449243494,-0.485773628,0.098594818,-0.436182521,-0.222555486,0.040204156,-0.517644542,0.670059189,-0.721472638,0.880682391,-0.702712388,-0.580913215,0.128512977,-0.045861369,-0.626137367,-0.618159678,3.082915472
6.2119,0.340601777,0.446603168,-0.482354579,0.09490451,-0.431697253,-0.226100102,0.037292073,-0.516874364,0.669685798,-0.724623875,0.87729734,-0.686811374,-0.580371221,0.135157204,-0.059398032,-0.609384107,-0.661711457,3.136594616
6.217,0.34078475,0.443966851,-0.478937619,0.09119834,-0.427229843,-0.229562885,0.034382981,-0.516070432,0.669243393,-0.72768964,0.873688499,-0.670637956,-0.579780373,0.141789763,-0.073006467,-0.592537843,-0.70567859,3.189413174
6.2221,0.340952885,0.441334727,-0.475523093,0.087476746,-0.422781411,-0.232942466,0.031476827,-0.515233096,0.668731409,-0.730669041,0.869854408,-0.654196612,-0.579138896,0.148418469,-0.086684186,-0.57559591,-0.750043849,3.241336149
6.2272,0.341106196,0.438706968,-0.472111367,0.083740167,-0.418353133,-0.236237486,0.028574374,-0.514362167,0.668149777,-0.733561691,0.865792502,-0.637491878,-0.578449661,0.155043692,-0.100440785,-0.5585575,-0.794815832,3.292335834
6.2323,0.341244689,0.436083728,-0.468702798,0.079989036,-0.413946181,-0.23944665,0.025675333,-0.513457688,0.667497883,-0.736367308,0.861500607,-0.62052962,-0.577720485,0.161656317,-0.114278391,-0.541424532,-0.839993191,3.342361077
6.2374,0.341368398,0.433465198,-0.465297735,0.07622382,-0.409561728,-0.242568582,0.02277993,-0.512519793,0.666775225,-0.739085268,0.856976777,-0.603313239,-0.576942832,0.168269096,-0.128192196,-0.52418182,-0.885568662,3.391422433
6.2426,0.341477339,0.430851545,-0.461896546,0.072444951,-0.405200967,-0.245602078,0.019888917,-0.511548589,0.6659816,-0.741715028,0.852219092,-0.585849281,-0.576119767,0.174879857,-0.142189427,-0.506835922,-0.931538508,3.439444949
6.2477,0.341571531,0.428242937,-0.458499602,0.068652893,-0.400865094,-0.248545853,0.01700221,-0.510544085,0.665116565,-0.744255933,0.847225559,-0.568142253,-0.575254131,0.181488768,-0.156276985,-0.489376023,-0.977895246,3.48641638
6.2528,0.341650996,0.425639539,-0.455107261,0.064848103,-0.396555293,-0.251398666,0.014120025,-0.509505892,0.664179666,-0.746707487,0.841994678,-0.550197776,-0.574346806,0.188091666,-0.170451951,-0.47179608,-1.024614893,3.53231551
6.258,0.341715773,0.423041528,-0.451719883,0.061031028,-0.392272805,-0.254159328,0.011242596,-0.508434436,0.663170261,-0.749068986,0.836524175,-0.532021409,-0.573388943,0.194694157,-0.184711595,-0.454099726,-1.071701433,3.577106305
6.2631,0.341765869,0.42044907,-0.448337851,0.057202136,-0.388018859,-0.256826713,0.008370251,-0.507329623,0.6620882,-0.751340019,0.830812099,-0.513619566,-0.572393601,0.201294089,-0.199065157,-0.436278423,-1.119145891,3.620732433
6.2682,0.341801309,0.417862333,-0.444961536,0.053361882,-0.383794663,-0.259399648,0.005503179,-0.506191161,0.660932797,-0.75351954,0.824857215,-0.494997491,-0.571361547,0.207889832,-0.213514297,-0.418333101,-1.166917701,3.663184225
6.2734,0.341822131,0.4152815,-0.441591306,0.049510747,-0.379601493,-0.261877018,0.002641275,-0.505019359,0.659703364,-0.755607197,0.818657432,-0.476161446,-0.570286706,0.214489519,-0.228056216,-0.400252289,-1.215021273,3.704435722
6.2785,0.341828365,0.412706735,-0.438227543,0.0456492,-0.375440595,-0.264257793,-0.000214835,-0.503814305,0.658399726,-0.757602288,0.81221111,-0.457118215,-0.569170248,0.221090943,-0.242695166,-0.382032227,-1.263435515,3.744428404
6.2835,0.341820023,0.410138209,-0.434870646,0.041777716,-0.371313232,-0.266540887,-0.003064967,-0.502575991,0.657021663,-0.759504094,0.805516806,-0.437873716,-0.568022628,0.227694205,-0.257444236,-0.363669116,-1.312144927,3.783157729
6.2887,0.341797152,0.407576085,-0.43152097,0.037896772,-0.367220646,-0.26872529,-0.005909349,-0.501304006,0.65556814,-0.761311874,0.798573417,-0.418434264,-0.566835354,0.234295033,-0.27228732,-0.345159142,-1.361112176,3.820593489
6.2937,0.341759791,0.405020544,-0.428178901,0.03400685,-0.36316415,-0.270810028,-0.008747566,-0.499998651,0.654038675,-0.763024666,0.791379212,-0.398806641,-0.565605128,0.240901484,-0.287225934,-0.326498222,-1.410339872,3.856703543
6.2988,0.341707954,0.402471754,-0.424844838,0.030108441,-0.359145023,-0.272794202,-0.011579427,-0.498660006,0.65243286,-0.764641783,0.783933027,-0.378998364,-0.564343054,0.24751126,-0.302268567,-0.307679709,-1.459802388,3.891433108
6.3039,0.341641667,0.399929877,-0.421519176,0.02620203,-0.355164515,-0.274676858,-0.014404785,-0.497287654,0.650750261,-0.766162523,0.776234095,-0.359016271,-0.563055397,0.254119995,-0.317418355,-0.288702158,-1.5094522,3.924780964
6.3092,0.341560979,0.397395093,-0.418202298,0.022288111,-0.351223952,-0.276457133,-0.017223696,-0.495881792,0.648990039,-0.767586063,0.768281068,-0.338867183,-0.561734094,0.260733326,-0.332668742,-0.269561873,-1.559281619,3.9567152
6.3143,0.341465917,0.394867571,-0.414894603,0.018367189,-0.347324635,-0.278134238,-0.020035386,-0.4944426,0.647151981,-0.768911553,0.760073199,-0.318558966,-0.560385259,0.26735141,-0.34802274,-0.250250338,-1.609264397,3.98717961
6.3195,0.341356525,0.392347483,-0.411596498,0.014439763,-0.343467867,-0.279707328,-0.022840322,-0.492970055,0.645235547,-0.770138013,0.751609783,-0.298098801,-0.559005244,0.273974092,-0.363485178,-0.230766312,-1.659369908,4.016176823
6.3247,0.341232829,0.389834991,-0.408308388,0.010506337,-0.339654913,-0.28117566,-0.025638158,-0.491463735,0.643240074,-0.771264663,0.742890642,-0.27749416,-0.557600759,0.28059683,-0.379058394,-0.211108649,-1.709543252,4.043671399
6.3297,0.341094875,0.387330289,-0.40503067,0.006567426,-0.335887122,-0.282538507,-0.028428552,-0.489924218,0.641165217,-0.7722905,0.733915043,-0.256752968,-0.556168192,0.287234335,-0.394737074,-0.19127144,-1.75977424,4.069640604
6.335,0.340942684,0.384833526,-0.401763753,0.002623545,-0.3321658,-0.283795244,-0.031211597,-0.488350849,0.639010331,-0.773214806,0.724682991,-0.235883357,-0.554718635,0.293871954,-0.410522907,-0.171251495,-1.810026683,4.09402748
6.3402,0.34077631,0.382344884,-0.398508037,-0.00132478,-0.328492216,-0.284945185,-0.03398739,-0.486744122,0.636774581,-0.774036325,0.71519474,-0.214892979,-0.553244186,0.300517153,-0.426408124,-0.151043179,-1.860237595,4.116834587
6.3456,0.340595783,0.379864534,-0.395263945,-0.005277023,-0.324867734,-0.285987733,-0.036755617,-0.485103795,0.63445775,-0.7747545,0.705450615,-0.193790054,-0.551751635,0.307169609,-0.442399388,-0.130643576,-1.91040293,4.138038651
6.351,0.340401149,0.377392648,-0.392031889,-0.009232654,-0.321293637,-0.286922364,-0.03951597,-0.48342983,0.632059412,-0.775367939,0.695450581,-0.172583791,-0.55023743,0.313829256,-0.458492801,-0.110049915,-1.960466029,4.157596207
6.3561,0.340192437,0.374929385,-0.388812298,-0.013191141,-0.317771221,-0.287748548,-0.04226867,-0.481721901,0.629578926,-0.775875752,0.685194869,-0.151281796,-0.54871038,0.320489064,-0.474694039,-0.089261618,-2.010379506,4.175496185
6.3612,0.339969698,0.372474931,-0.385605573,-0.017151943,-0.314301772,-0.288465812,-0.045013741,-0.479980295,0.627015471,-0.776277145,0.674685504,-0.12989268,-0.547165164,0.32715662,-0.49098955,-0.068276258,-2.060090938,4.191717061
6.3663,0.339732972,0.370029457,-0.382412141,-0.02111451,-0.310886608,-0.289073759,-0.047750682,-0.478204973,0.624368871,-0.776571001,0.663922985,-0.108424485,-0.545603354,0.333831726,-0.507380201,-0.047089287,-2.109567648,4.206221744
6.3714,0.339482291,0.367593124,-0.379232445,-0.025078291,-0.307527004,-0.289572017,-0.050479631,-0.476395608,0.621638621,-0.776756284,0.652908132,-0.086887266,-0.544031094,0.34050722,-0.523873539,-0.025698653,-2.158754995,4.218982933
6.3764,0.3392177,0.365166117,-0.376066892,-0.029042725,-0.30422423,-0.289960225,-0.053200841,-0.474552485,0.618823926,-0.776831636,0.641643696,-0.065289307,-0.542447851,0.34719057,-0.540455287,-0.004099622,-2.207596123,4.229997823
6.3816,0.338939235,0.362748609,-0.37291593,-0.033007258,-0.300979579,-0.290238122,-0.055913959,-0.472675567,0.615924521,-0.776796413,0.63013092,-0.043639094,-0.540857958,0.353881458,-0.557133084,0.017704887,-2.256054183,4.239229391
6.3867,0.338646947,0.360340774,-0.369779983,-0.036971319,-0.297794309,-0.290405467,-0.058618736,-0.470764911,0.612940141,-0.776649453,0.618371792,-0.021947006,-0.539257683,0.360581878,-0.573899116,0.039718685,-2.304075009,4.24665774
6.3918,0.338340869,0.357942772,-0.366659495,-0.040934338,-0.294669663,-0.290462038,-0.06131534,-0.468820085,0.609870332,-0.77638959,0.606368277,-0.000221625,-0.537653032,0.367281987,-0.590754865,0.061940763,-2.351601643,4.252282749
6.3969,0.338021046,0.355554786,-0.36355489,-0.044895731,-0.291606869,-0.290407695,-0.064004054,-0.466841377,0.60671415,-0.776015951,0.594124277,0.021527795,-0.536043308,0.373989164,-0.607690042,0.084377114,-2.398575075,4.256081835
6.402,0.337687516,0.35317699,-0.360466619,-0.048854913,-0.288607199,-0.290242363,-0.066684556,-0.464828755,0.603471595,-0.775527236,0.581641239,0.04329248,-0.534432662,0.380703011,-0.624706488,0.107028662,-2.444970034,4.258024673
6.4071,0.33734032,0.350809546,-0.35739513,-0.052811291,-0.285671794,-0.289965987,-0.069356844,-0.462781893,0.60014225,-0.774922441,0.568923284,0.065061595,-0.532822346,0.387416179,-0.641805278,0.129898759,-2.490690394,4.258098288
6.4123,0.336979504,0.34845264,-0.354340844,-0.056764285,-0.282801852,-0.289578541,-0.072020608,-0.460701086,0.596725537,-0.774200474,0.555974286,0.086826123,-0.531210707,0.394135955,-0.658967975,0.152978218,-2.535686709,4.256304546
6.4174,0.336605112,0.346106449,-0.351304226,-0.06071329,-0.279998582,-0.2890801,-0.074676459,-0.458586396,0.593221211,-0.773360461,0.542797512,0.108577282,-0.529598888,0.400864172,-0.676202934,0.176272054,-2.579924022,4.252611784
6.4225,0.336217192,0.343771141,-0.348285719,-0.064657698,-0.27726313,-0.288470759,-0.077323977,-0.456437688,0.589629229,-0.772401103,0.529396881,0.130304028,-0.527983321,0.407597784,-0.693503051,0.199780185,-2.623343575,4.247011041
6.4277,0.335815774,0.341446879,-0.345285773,-0.068596903,-0.274596604,-0.287750636,-0.079963267,-0.454254643,0.585949066,-0.771321211,0.515776538,0.15199716,-0.526372157,0.414329388,-0.710863313,0.223500298,-2.665874791,4.239508379
6.4328,0.335400909,0.339133853,-0.34230483,-0.07253027,-0.27200011,-0.286919932,-0.082594546,-0.452037658,0.58218003,-0.770119677,0.501942185,0.173646844,-0.524761643,0.421068533,-0.728274403,0.247442269,-2.707460748,4.23009244
6.4379,0.334972637,0.336832234,-0.339343351,-0.076457193,-0.269474753,-0.285978924,-0.08521741,-0.4497866,0.578322476,-0.768795602,0.48789793,0.195244078,-0.523152541,0.427812117,-0.745736254,0.271595972,-2.748059176,4.218737339
6.4431,0.334530989,0.334542197,-0.336401797,-0.080377033,-0.267021575,-0.284927896,-0.087832193,-0.447501339,0.574375942,-0.767347991,0.473648564,0.216777641,-0.521552722,0.434562219,-0.763248021,0.295967827,-2.787605463,4.205445014
6.4481,0.334076009,0.332263904,-0.333480618,-0.084289159,-0.264641593,-0.283767173,-0.090439249,-0.445181661,0.570340092,-0.765775228,0.459200742,0.238238089,-0.519961036,0.441309091,-0.780801731,0.32055486,-2.826037098,4.190225186
6.4533,0.333607746,0.329997548,-0.330580258,-0.08819294,-0.26233584,-0.282497186,-0.093037992,-0.442827859,0.566214435,-0.764076637,0.444559622,0.259616455,-0.518373409,0.448064839,-0.798384844,0.345351621,-2.863318571,4.173054458
6.4584,0.33312623,0.327743295,-0.327701184,-0.092087714,-0.260105285,-0.281118349,-0.09562877,-0.440439902,0.56199944,-0.762251129,0.429731208,0.280902018,-0.516797504,0.454824043,-0.815996378,0.370366612,-2.899396672,4.153952963
6.4635,0.332631505,0.325501314,-0.324843872,-0.095972826,-0.257950848,-0.279631179,-0.098211535,-0.438017374,0.557694433,-0.760296867,0.414721285,0.302084291,-0.515231415,0.461581828,-0.833642328,0.395601831,-2.934207889,4.132911447
6.4686,0.332123628,0.32327179,-0.322008745,-0.099847639,-0.255873459,-0.278036196,-0.100786315,-0.435560777,0.553299413,-0.758213478,0.399536926,0.323154354,-0.513665679,0.468345389,-0.851294791,0.421044475,-2.967714569,4.109949963
6.4737,0.33160262,0.321054899,-0.319196285,-0.103711474,-0.25387398,-0.276334063,-0.103353245,-0.433069878,0.54881453,-0.755999884,0.38418492,0.344102331,-0.512112873,0.475114176,-0.868961887,0.446702635,-2.99986284,4.085035526
6.4788,0.331068524,0.318850819,-0.316406953,-0.107563665,-0.251953209,-0.27452538,-0.105912489,-0.430544748,0.544239729,-0.753654785,0.368672586,0.364917944,-0.510571103,0.481890246,-0.886636546,0.472574747,-3.030580696,4.058205039
6.4838,0.330521387,0.316659705,-0.313641209,-0.111403559,-0.250111997,-0.272610844,-0.108464092,-0.427985073,0.539574878,-0.751177227,0.353006946,0.385591346,-0.509036099,0.488661262,-0.904314088,0.498646993,-3.059854346,4.02946986
6.4889,0.32996125,0.314481748,-0.310899487,-0.115230453,-0.248351103,-0.270591242,-0.111007679,-0.425391265,0.534819924,-0.748566156,0.337195586,0.406113613,-0.507507839,0.495436727,-0.921970303,0.524932123,-3.087638113,3.998817517
6.4947,0.329388143,0.312317119,-0.308182267,-0.119043672,-0.246671247,-0.26846735,-0.113543706,-0.422763207,0.529975162,-0.745820506,0.32124632,0.426473805,-0.5059911,0.502213481,-0.939612358,0.551423137,-3.113888366,3.966276182
6.4998,0.328802106,0.310165982,-0.305490014,-0.122842529,-0.245073067,-0.266240004,-0.116072028,-0.420100603,0.525040574,-0.742938928,0.30516724,0.446662858,-0.504485977,0.50898398,-0.9572348,0.578115713,-3.138539113,3.93186784
6.5049,0.328203194,0.308028531,-0.302823156,-0.126626331,-0.243557252,-0.263910103,-0.118592678,-0.417403764,0.520016222,-0.739921018,0.288966318,0.466671087,-0.50298243,0.5157602,-0.974812635,0.605007329,-3.161583209,3.89560977
6.5099,0.327591426,0.305904939,-0.300182174,-0.130394372,-0.242124404,-0.26147864,-0.121105797,-0.414672563,0.514902523,-0.73676555,0.272651835,0.48648965,-0.501492474,0.522539144,-0.992352233,0.632099565,-3.182987111,3.857492608
6.5153,0.32696684,0.303795382,-0.297567528,-0.134145945,-0.240775031,-0.258946558,-0.123611455,-0.411907087,0.509699584,-0.733471304,0.256232515,0.50610858,-0.50001598,0.529322716,-1.009847334,0.659389419,-3.202690459,3.817567787
6.5203,0.326329481,0.301700018,-0.294979668,-0.137880362,-0.239509698,-0.256314908,-0.126109706,-0.409107034,0.504407764,-0.730037413,0.239716921,0.525518704,-0.498547899,0.536098386,-1.027286566,0.686861514,-3.220696767,3.775853828
6.5254,0.325679401,0.299619034,-0.292419023,-0.141596884,-0.238328875,-0.253584804,-0.128600473,-0.406272736,0.499027204,-0.72646292,0.223113569,0.544711846,-0.497080524,0.542873121,-1.044646197,0.714526902,-3.236981233,3.73236042
6.5305,0.325016616,0.297552612,-0.289886073,-0.145294792,-0.237232986,-0.250757354,-0.13108389,-0.403404186,0.49355839,-0.722746849,0.206431499,0.563677806,-0.495625629,0.549650969,-1.061934116,0.742381644,-3.251522321,3.687130716
6.5356,0.324341168,0.295500908,-0.287381265,-0.148973367,-0.236222356,-0.247833743,-0.133560118,-0.400501094,0.488001715,-0.718887846,0.189679837,0.582407901,-0.494180539,0.556419212,-1.079140693,0.77041714,-3.264269553,3.640191324
6.5408,0.32365311,0.293464113,-0.284905021,-0.152631888,-0.235297371,-0.244815183,-0.136028976,-0.39756369,0.482357558,-0.714885627,0.172867588,0.600893611,-0.492735054,0.563187201,-1.09623905,0.798624125,-3.275239306,3.591581009
6.5458,0.322952464,0.291442407,-0.282457811,-0.156269602,-0.234458317,-0.241702986,-0.138490484,-0.394592074,0.476626555,-0.710738993,0.15600385,0.619127152,-0.491298189,0.56995647,-1.113236251,0.827009619,-3.284419718,3.54130741
6.5509,0.322239265,0.289435959,-0.280040078,-0.159885781,-0.233705379,-0.238498415,-0.14094489,-0.391586144,0.470809249,-0.706447168,0.139097953,0.637099688,-0.489869402,0.576723625,-1.130121837,0.85556092,-3.291770462,3.48943417
6.556,0.321513548,0.28744493,-0.27765226,-0.163479701,-0.233038798,-0.235202827,-0.143392138,-0.388545734,0.464906237,-0.702009345,0.122158965,0.654802844,-0.488450722,0.583478266,-1.146885147,0.884262245,-3.297315923,3.435996419
6.5611,0.320775368,0.285469514,-0.275294765,-0.167050589,-0.232458719,-0.231817651,-0.145832144,-0.385471186,0.458918111,-0.69742474,0.105196096,0.672229608,-0.487029202,0.590231761,-1.163498279,0.9131217,-3.301054936,3.381012419
6.5661,0.320024749,0.283509881,-0.272968057,-0.170597688,-0.231965244,-0.22834429,-0.148265012,-0.382362413,0.45284582,-0.692692551,0.088218652,0.689371323,-0.485611397,0.596980441,-1.179969601,0.942137068,-3.302992282,3.3245413
6.5712,0.319261725,0.281566192,-0.270672559,-0.174120261,-0.231558371,-0.224784212,-0.15069087,-0.37921926,0.44669002,-0.687811724,0.071235991,0.706220413,-0.484199197,0.603713616,-1.196285099,0.971288877,-3.303101789,3.266627833
6.5762,0.31848634,0.27963865,-0.268408668,-0.177617552,-0.231238149,-0.221138925,-0.15310932,-0.376042377,0.440451476,-0.6827822,0.054257242,0.722769745,-0.482786718,0.610449289,-1.212416134,1.000568839,-3.301419447,3.207318469
6.5813,0.317698623,0.277727418,-0.266176845,-0.18108877,-0.231004546,-0.217409983,-0.155520781,-0.372831468,0.434131606,-0.677603204,0.037291392,0.739012301,-0.481377831,0.617178088,-1.228377303,1.029984436,-3.297965473,3.146654044
6.5864,0.316898608,0.275832653,-0.263977491,-0.184533171,-0.230857438,-0.213598961,-0.157925271,-0.369586184,0.427731018,-0.67227338,0.020348309,0.754941304,-0.479972057,0.623889079,-1.24414853,1.059514258,-3.292735753,3.084686656
6.5915,0.316086341,0.273954541,-0.261810998,-0.18794999,-0.230796714,-0.209707512,-0.160322791,-0.366307114,0.42125023,-0.666793101,0.00343635,0.770550994,-0.478564012,0.630588173,-1.259705803,1.089145698,-3.28576358,3.021441463
6.5966,0.31526186,0.272093255,-0.259677774,-0.19133845,-0.230822194,-0.205737248,-0.162713013,-0.362994119,0.414691075,-0.661161454,-0.013435765,0.785834113,-0.477150315,0.637273401,-1.275039306,1.118872025,-3.277074381,2.956991108
6.6017,0.314425187,0.270248957,-0.257578228,-0.194697784,-0.230933633,-0.201689852,-0.165096137,-0.359646984,0.408054402,-0.655377587,-0.030259926,0.800784742,-0.475739641,0.643936006,-1.290143371,1.148677016,-3.266680752,2.891383755
6.6068,0.313576366,0.268421831,-0.255512737,-0.198027204,-0.231130755,-0.197567033,-0.167472368,-0.356266323,0.401341026,-0.649441418,-0.047026173,0.815397014,-0.474326543,0.650581476,-1.304996021,1.178555989,-3.254609727,2.824673473
6.6119,0.312715441,0.266612052,-0.253481695,-0.201325946,-0.231413273,-0.193370567,-0.169841269,-0.352852121,0.394553071,-0.643353136,-0.063726587,0.829666198,-0.472905292,0.657209721,-1.319589258,1.208487636,-3.24090986,2.75688921
6.617,0.311842436,0.264819795,-0.251485492,-0.204593219,-0.231780808,-0.189102188,-0.172203123,-0.349404364,0.387691362,-0.637112184,-0.080353735,0.843586391,-0.471482228,0.663820829,-1.33391701,1.238464175,-3.225602676,2.688104838
6.6222,0.310957383,0.263045212,-0.249524502,-0.207828257,-0.232232958,-0.184763681,-0.174557823,-0.345922866,0.380757492,-0.630717877,-0.096898178,0.857152435,-0.47005909,0.670400648,-1.347966259,1.268463338,-3.208724059,2.618379001
6.6273,0.310060328,0.261288485,-0.247599068,-0.211030278,-0.232769312,-0.180356902,-0.176905558,-0.342408288,0.37375243,-0.624170962,-0.113352763,0.870360428,-0.468630451,0.676954159,-1.361712156,1.298468841,-3.190331309,2.547742243
6.6324,0.309151313,0.259549784,-0.245709557,-0.214198488,-0.233389395,-0.175883659,-0.179245877,-0.338860566,0.366678567,-0.617471015,-0.129709782,0.883204887,-0.467190617,0.683478446,-1.375146529,1.328472672,-3.170470486,2.476269083
6.6375,0.30823037,0.257829269,-0.243856328,-0.217332121,-0.23409266,-0.171345808,-0.181578937,-0.335279456,0.359536993,-0.610617705,-0.145962433,0.895681903,-0.465743389,0.689966379,-1.388263248,1.358447409,-3.149168791,2.404018407
6.6426,0.307297534,0.256127117,-0.242039703,-0.220430379,-0.234878553,-0.166745246,-0.183904905,-0.331665755,0.352329083,-0.603611406,-0.162102257,0.907787527,-0.464288221,0.696420184,-1.401037781,1.388384525,-3.126474365,2.331037069
6.6478,0.30635285,0.254443498,-0.240260022,-0.2234925,-0.235746515,-0.162083901,-0.186223313,-0.328019535,0.345057423,-0.596453002,-0.178122942,0.919519053,-0.462819402,0.702838819,-1.413462098,1.418253876,-3.102456115,2.257363077
6.6529,0.305396345,0.252778582,-0.238517619,-0.226517694,-0.236695891,-0.157363653,-0.188534419,-0.324340877,0.337723508,-0.589142458,-0.194018436,0.93087233,-0.461343311,0.70922142,-1.425530045,1.448043667,-3.077147356,2.183075819
6.658,0.304428052,0.251132514,-0.236812806,-0.229505199,-0.237726051,-0.15258645,-0.190838085,-0.320629694,0.330328983,-0.581679848,-0.209781828,0.941844246,-0.459861744,0.715552886,-1.437229027,1.477722693,-3.050619935,2.10822124
6.6632,0.303448017,0.249505467,-0.235145872,-0.232454245,-0.238836278,-0.147754278,-0.193134476,-0.316886653,0.322875372,-0.574066617,-0.225406278,0.952432705,-0.45836935,0.721834947,-1.448537728,1.507268029,-3.022911315,2.032830859
6.6683,0.30245629,0.247897614,-0.233517117,-0.235364043,-0.240025876,-0.142869067,-0.195423208,-0.313111894,0.315365615,-0.56630317,-0.24088646,0.962634243,-0.456858214,0.728071232,-1.459446615,1.536667367,-2.994094236,1.95697916
6.6734,0.301452893,0.246309098,-0.231926833,-0.238233849,-0.24129407,-0.137932786,-0.197704415,-0.309305382,0.307801455,-0.55838983,-0.256217545,0.97244706,-0.4553374,0.734246241,-1.469950506,1.565884169,-2.96420995,1.880721978
6.6785,0.300437873,0.24474009,-0.230375278,-0.241062881,-0.242640085,-0.132947433,-0.199978032,-0.305467934,0.300184396,-0.550327868,-0.271392911,0.981868792,-0.453801587,0.740363639,-1.480028684,1.594905795,-2.933319314,1.804104477
6.6837,0.29941127,0.243190752,-0.228862715,-0.243850402,-0.244063142,-0.127915034,-0.202243572,-0.301599745,0.292517457,-0.542118989,-0.286408226,0.990898707,-0.452249813,0.746421536,-1.489670295,1.623695566,-2.901495117,1.72715689
6.6888,0.298373121,0.24166124,-0.227389408,-0.246595652,-0.245562384,-0.122837555,-0.204501469,-0.297700924,0.284802665,-0.533763914,-0.301259558,0.999534692,-0.45068371,0.752415941,-1.49887385,1.652233042,-2.868780636,1.649952787
6.6939,0.297323447,0.240151695,-0.225955614,-0.249297899,-0.247136992,-0.117717037,-0.206751882,-0.293771624,0.277041842,-0.525263504,-0.315941845,1.007774796,-0.449113265,0.75833354,-1.507639206,1.680483775,-2.835253686,1.57252106
6.6995,0.296262316,0.238662289,-0.224561512,-0.2519564,-0.248786088,-0.112555468,-0.20899423,-0.289812521,0.269237527,-0.516619689,-0.330451195,1.015618637,-0.447521219,0.764182803,-1.51592793,1.708425035,-2.800971827,1.494925776
6.7047,0.295189753,0.237193169,-0.223207354,-0.254570419,-0.25050876,-0.107354923,-0.211228634,-0.285824085,0.261392221,-0.507834315,-0.344783158,1.023065928,-0.445916841,0.769956921,-1.523753081,1.736032706,-2.76598195,1.417179638
6.7099,0.294105804,0.235744465,-0.221893343,-0.257139254,-0.252304088,-0.102117378,-0.213454919,-0.281806433,0.25350831,-0.498908566,-0.358935494,1.030115674,-0.444297344,0.775639522,-1.531106189,1.763268067,-2.730338623,1.33935502
6.7151,0.293010521,0.234316349,-0.220619633,-0.259662196,-0.25417118,-0.096844896,-0.215672887,-0.27776021,0.245588174,-0.489845442,-0.372904458,1.036766705,-0.442654803,0.781241196,-1.537957568,1.790101197,-2.694121152,1.261472048
6.7205,0.291903932,0.232908961,-0.219386435,-0.262138529,-0.256109092,-0.091539506,-0.217882648,-0.273685743,0.23763434,-0.480646529,-0.386687269,1.043020467,-0.440998562,0.786755246,-1.54431989,1.816513363,-2.657387821,1.183569757
6.7257,0.290786081,0.231522443,-0.218193914,-0.264567573,-0.258116842,-0.086203227,-0.220084229,-0.269583694,0.229649525,-0.471314066,-0.400282122,1.048875642,-0.439326183,0.792177293,-1.550186699,1.842469186,-2.620179954,1.105693074
6.7312,0.289657008,0.230156916,-0.21704223,-0.266948686,-0.260193467,-0.080838086,-0.222277452,-0.265454269,0.221636053,-0.461850506,-0.413685413,1.054332557,-0.43764018,0.797490842,-1.555557258,1.86791844,-2.582556562,1.027878542
6.7363,0.288516771,0.228812541,-0.215931483,-0.269281169,-0.262338006,-0.075446117,-0.224462016,-0.261298198,0.213596528,-0.452258353,-0.426895706,1.059391504,-0.435930465,0.802706405,-1.560402567,1.892852479,-2.544584125,0.950155952
6.7414,0.287365398,0.227489454,-0.214861826,-0.271564374,-0.264549471,-0.070029358,-0.22663803,-0.257115992,0.2055337,-0.442540312,-0.439911564,1.064054348,-0.434206537,0.807819562,-1.564735842,1.917240815,-2.50631655,0.872549938
6.7465,0.286202934,0.226187761,-0.213833384,-0.273797681,-0.266826818,-0.064589823,-0.228805421,-0.252908016,0.197450065,-0.432698858,-0.452731543,1.068320339,-0.432468435,0.812811526,-1.568561363,1.941043896,-2.467777169,0.795095266
6.7515,0.285029439,0.224907629,-0.212846235,-0.275980452,-0.269169115,-0.059129533,-0.230963887,-0.248675358,0.189348765,-0.422738561,-0.465353675,1.072190519,-0.430706184,0.81769981,-1.571864217,1.964242937,-2.429059922,0.717818206
6.7566,0.283844941,0.223649171,-0.21190048,-0.278112086,-0.271575307,-0.053650509,-0.233113533,-0.244418268,0.181232036,-0.412661556,-0.47777854,1.075667082,-0.428929394,0.822472393,-1.574652293,1.986806641,-2.390184467,0.64074011
6.7617,0.282649491,0.222412493,-0.210996186,-0.280192014,-0.274044407,-0.048154721,-0.235254383,-0.24013696,0.173102407,-0.402470676,-0.490004672,1.078748907,-0.427135898,0.827115867,-1.576922886,2.008694055,-2.351213481,0.563908418
6.7668,0.281443133,0.221197722,-0.210133397,-0.282219669,-0.27657538,-0.042644214,-0.237386353,-0.235832609,0.16496213,-0.392170469,-0.502031153,1.081438167,-0.425326163,0.831628956,-1.578667593,2.029876326,-2.312178971,0.4873205
6.7719,0.280225922,0.220004984,-0.209312164,-0.284194484,-0.279167229,-0.037121012,-0.239508937,-0.23150577,0.156814799,-0.381763965,-0.513858311,1.083736833,-0.423495249,0.836014785,-1.579890463,2.050334494,-2.273135337,0.410978935
6.777,0.278997896,0.218834378,-0.208532532,-0.286115941,-0.281818905,-0.031587052,-0.241622449,-0.227156715,0.148662637,-0.371254538,-0.525486773,1.085646186,-0.421648017,0.840260135,-1.580603127,2.070032204,-2.234104521,0.334934135
6.7821,0.277759103,0.217686023,-0.2077945,-0.287983507,-0.284529406,-0.026044337,-0.243726809,-0.222786772,0.140507753,-0.360646616,-0.536915593,1.087167033,-0.419785019,0.844366272,-1.580797396,2.088955905,-2.195132383,0.259189627
6.7872,0.276509598,0.21656003,-0.207098077,-0.289796711,-0.287297735,-0.02049488,-0.245821512,-0.218396445,0.132353698,-0.349944757,-0.548145706,1.088301603,-0.417901393,0.848334016,-1.580480131,2.10706725,-2.156266509,0.183737422
6.7923,0.275249421,0.215456503,-0.206443274,-0.291555063,-0.290122854,-0.014940587,-0.247906876,-0.213986449,0.124202524,-0.339152624,-0.559178417,1.089051411,-0.416002077,0.852159729,-1.579668354,2.124353503,-2.117524433,0.108627341
6.7974,0.273978618,0.214375525,-0.205830065,-0.293258128,-0.293003781,-0.009383448,-0.249982727,-0.209557129,0.116056848,-0.328273892,-0.570013658,1.089417566,-0.414090009,0.85583069,-1.578365951,2.140782683,-2.078952948,0.033850438
6.8025,0.272697239,0.213317195,-0.205258398,-0.294905483,-0.295939493,-0.003825417,-0.252049097,-0.205109791,0.107918668,-0.317314121,-0.580651936,1.089401787,-0.412163288,0.859346383,-1.576568525,2.156330793,-2.040570313,-0.040584958
6.8076,0.271405348,0.212281614,-0.204728228,-0.296496705,-0.298929011,0.001731538,-0.254105585,-0.200645112,0.099791408,-0.306277316,-0.591094824,1.089006513,-0.410214872,0.862710769,-1.574286679,2.170989111,-2.002414522,-0.114688167
6.8127,0.270102977,0.211268856,-0.204239512,-0.298031403,-0.301971309,0.00728554,-0.256152312,-0.196163486,0.091677081,-0.29516805,-0.60134411,1.088233543,-0.408254706,0.865911531,-1.57153852,2.184743857,-1.964490836,-0.188417569
6.8178,0.26879018,0.21027901,-0.203792163,-0.299509247,-0.305065412,0.012834632,-0.258189315,-0.191666357,0.083577448,-0.283990504,-0.611399924,1.087084023,-0.406280946,0.868950903,-1.568324816,2.197561614,-1.926828247,-0.261789966
6.823,0.267467016,0.209312161,-0.203386093,-0.300929905,-0.308210356,0.018376873,-0.260216103,-0.187154338,0.075495786,-0.272750523,-0.621264081,1.085560364,-0.404288916,0.871830741,-1.564654057,2.209427095,-1.889454768,-0.334816121
6.8281,0.266133529,0.208368389,-0.203021231,-0.302293048,-0.311405143,0.023910423,-0.262233006,-0.182628141,0.067434155,-0.261452456,-0.630938883,1.083664536,-0.402283724,0.874551087,-1.56055165,2.220338306,-1.852373198,-0.407455555
6.8333,0.264789769,0.207447744,-0.202697464,-0.303598412,-0.314648831,0.029433349,-0.264239958,-0.178088306,0.059394426,-0.250100716,-0.640424967,1.081397744,-0.400266151,0.877098083,-1.556027352,2.230272022,-1.815610717,-0.479728189
6.8384,0.263435786,0.206550295,-0.202414656,-0.304845734,-0.317940443,0.034943768,-0.2662369,-0.173536229,0.051378437,-0.238701439,-0.649723758,1.078761763,-0.398237005,0.879472445,-1.551082696,2.239220754,-1.77916864,-0.551631349
6.8435,0.262071643,0.205676116,-0.202172682,-0.306034764,-0.321279054,0.040439771,-0.268223348,-0.168972675,0.043389216,-0.227258919,-0.658837158,1.075759043,-0.396191662,0.881679414,-1.545733689,2.2471882,-1.743070469,-0.623184444
6.8487,0.260697381,0.204825252,-0.201971423,-0.307165296,-0.324663689,0.045919554,-0.270199646,-0.164398004,0.035428247,-0.215778287,-0.667767602,1.072391773,-0.39413528,0.883710593,-1.540006162,2.254166261,-1.707302026,-0.694350029
6.8537,0.259313055,0.20399776,-0.201810706,-0.308237169,-0.328093431,0.051381228,-0.272165737,-0.15981383,0.027497047,-0.204264114,-0.676515786,1.068661059,-0.392068678,0.885567303,-1.533900842,2.260139687,-1.671878309,-0.765148023
6.8589,0.257918716,0.20319369,-0.201690375,-0.309250228,-0.331567366,0.056822918,-0.274121573,-0.155220731,0.019598423,-0.192722556,-0.685083898,1.064569242,-0.389992697,0.887250522,-1.527435367,2.2651068,-1.636806463,-0.835596667
6.864,0.256514428,0.20241309,-0.201610279,-0.310204316,-0.335084556,0.062242844,-0.27606678,-0.150619692,0.011733737,-0.181158189,-0.693474315,1.0601186,-0.387900424,0.888761746,-1.520634444,2.269084415,-1.602073398,-0.905661883
6.8696,0.255100231,0.201655982,-0.201570243,-0.311099353,-0.338644123,0.06763915,-0.278001506,-0.146011204,0.003904552,-0.169575474,-0.70168798,1.055310119,-0.385801914,0.890090888,-1.513516552,2.272061183,-1.567693116,-0.97536172
6.8747,0.253676181,0.200922423,-0.201570059,-0.311935243,-0.342245172,0.073010016,-0.279925816,-0.141396473,-0.003887934,-0.157980093,-0.709726587,1.050145659,-0.383695407,0.891250236,-1.506084097,2.274052324,-1.533664309,-1.044698294
6.8799,0.252242332,0.200212437,-0.201609559,-0.312711952,-0.3458868,0.078353605,-0.281839673,-0.136776475,-0.011641786,-0.1463777,-0.717591891,1.044627536,-0.381581749,0.892237118,-1.498369114,2.275053934,-1.499971571,-1.113690098
6.8856,0.250798737,0.199526025,-0.201688538,-0.313429439,-0.349568117,0.083668175,-0.283743043,-0.13215192,-0.019355499,-0.134772681,-0.725286495,1.038758008,-0.379461797,0.893037011,-1.490386077,2.275083733,-1.466601476,-1.182302853
6.8907,0.249345449,0.198863231,-0.201806753,-0.314087724,-0.353288267,0.088951903,-0.285635894,-0.12752393,-0.027027795,-0.123169482,-0.732811121,1.032538136,-0.377336419,0.893664945,-1.482130046,2.274140961,-1.433553619,-1.250556279
6.8958,0.247882535,0.198224072,-0.201964028,-0.314686799,-0.357046412,0.094202985,-0.287517875,-0.122893176,-0.034657388,-0.111573499,-0.740167629,1.025970124,-0.375198726,0.894121505,-1.473642723,2.272256193,-1.400832482,-1.318465336
6.9009,0.246410038,0.197608558,-0.202160139,-0.315226716,-0.360841659,0.09941967,-0.28938925,-0.118260733,-0.042243033,-0.099989499,-0.747358214,1.019055247,-0.373056476,0.894407559,-1.464938807,2.269444198,-1.368403163,-1.386017808
6.906,0.244928012,0.197016673,-0.202394863,-0.315707594,-0.364673184,0.104600195,-0.291249998,-0.113627301,-0.049783779,-0.088422245,-0.75438344,1.011795433,-0.370910486,0.894509533,-1.456037929,2.265692298,-1.336265734,-1.453211283
6.9111,0.243436524,0.196448448,-0.202667928,-0.316129488,-0.368540148,0.1097428,-0.293099773,-0.108993875,-0.057278602,-0.076876312,-0.761244966,1.0041925,-0.368753812,0.894445987,-1.446932866,2.261045964,-1.304405879,-1.520049906
6.9162,0.241935618,0.195903871,-0.202979138,-0.316492521,-0.372441719,0.114845762,-0.294938851,-0.104361307,-0.064726567,-0.065356319,-0.767944169,0.996249632,-0.366594149,0.894213571,-1.437665119,2.25552305,-1.272808496,-1.586518179
6.9213,0.24042536,0.195382916,-0.203328231,-0.316796855,-0.376377047,0.119907368,-0.296766888,-0.099730382,-0.072126342,-0.053867325,-0.774482817,0.987968346,-0.364424479,0.893801953,-1.428238585,2.249134795,-1.241441046,-1.652600913
6.9264,0.238905786,0.194885601,-0.203714956,-0.317042656,-0.380345345,0.124925823,-0.29858438,-0.095102068,-0.079478075,-0.042412453,-0.780861477,0.979348766,-0.3622576,0.893230342,-1.418667204,2.241904578,-1.210306606,-1.718336225
6.9315,0.237376971,0.194411907,-0.204139087,-0.317230086,-0.384345797,0.129899465,-0.300390799,-0.090477079,-0.086780795,-0.03099651,-0.787081182,0.970394911,-0.360081832,0.892498615,-1.408980066,2.233872723,-1.179384495,-1.783687404
6.9366,0.235838958,0.193961813,-0.204600375,-0.317359359,-0.388377569,0.134826567,-0.302186426,-0.08585643,-0.094033856,-0.019623422,-0.793143643,0.96110749,-0.357904764,0.891609226,-1.399195594,2.225063166,-1.148639498,-1.84866201
6.9417,0.234291803,0.193535273,-0.205098567,-0.317430746,-0.392439882,0.139705441,-0.303971256,-0.081240751,-0.101236801,-0.008297255,-0.799049138,0.951488453,-0.355727033,0.890550165,-1.3893293,2.215476649,-1.118067688,-1.91324864
6.9468,0.232735574,0.193132286,-0.205633366,-0.317444453,-0.39653194,0.144534391,-0.30574496,-0.076630958,-0.108389189,0.002978065,-0.804798705,0.941539783,-0.353541502,0.889341535,-1.379371802,2.205168521,-1.0876494,-1.977444623
6.9519,0.231170315,0.192752817,-0.206204548,-0.317400749,-0.400652952,0.14931177,-0.307507825,-0.072027711,-0.115490751,0.014199139,-0.810392775,0.931264768,-0.351355662,0.887984086,-1.369359786,2.19416839,-1.057366908,-2.041224959
6.957,0.22959608,0.192396806,-0.206811854,-0.317299922,-0.404802101,0.154035896,-0.309260057,-0.067431796,-0.122541041,0.025362407,-0.815832664,0.920664191,-0.349170327,0.886466677,-1.359307251,2.182504531,-1.027183156,-2.104590511
6.9621,0.228012924,0.192064254,-0.207455005,-0.317142291,-0.408978642,0.158705109,-0.311001455,-0.062844369,-0.129539447,0.036463824,-0.821117557,0.909740497,-0.346986303,0.884816934,-1.349217062,2.170200041,-0.997104054,-2.167532563
6.9672,0.226420916,0.191755095,-0.208133753,-0.316928161,-0.413181745,0.163317807,-0.312731699,-0.05826582,-0.136486451,0.047501047,-0.8262492,0.898496655,-0.34479635,0.88302588,-1.339111331,2.157295943,-0.967081574,-2.230015363
6.9724,0.224820098,0.191469276,-0.208847821,-0.316657886,-0.417410625,0.167872311,-0.314451087,-0.053696462,-0.143382393,0.058471587,-0.831227721,0.886934354,-0.342607857,0.881093046,-1.328993358,2.14381356,-0.93709367,-2.292053145
6.9775,0.223210528,0.19120675,-0.209596967,-0.316331838,-0.421664524,0.172367011,-0.316159626,-0.049137718,-0.15022676,0.069371927,-0.836052873,0.87505571,-0.340421259,0.879025027,-1.318887686,2.12977196,-0.907134636,-2.353625834
6.9826,0.221592272,0.19096747,-0.210380906,-0.315950339,-0.425942661,0.176800305,-0.317857,-0.044589845,-0.157019096,0.08019947,-0.840724543,0.862863038,-0.338229214,0.876830601,-1.30879238,2.11523127,-0.877183329,-2.414715105
6.9877,0.219965379,0.190751369,-0.211199392,-0.315513743,-0.430244252,0.181170623,-0.319543603,-0.040053186,-0.163760121,0.090951177,-0.845242717,0.850360119,-0.33603669,0.874507428,-1.298726992,2.100238886,-0.847218504,-2.475287725
6.9928,0.2183299,0.190558388,-0.212052144,-0.315022488,-0.434568518,0.185476364,-0.32121934,-0.035529098,-0.170450291,0.10162578,-0.849607381,0.837548576,-0.333846579,0.872062523,-1.288689603,2.08479887,-0.817221741,-2.535338338
6.9979,0.21668589,0.190388473,-0.21293893,-0.31447697,-0.438914672,0.189715949,-0.322884221,-0.031017768,-0.177089509,0.112219862,-0.853818005,0.824431204,-0.331659172,0.869505053,-1.278706952,2.068949155,-0.787169758,-2.594854362
7.003,0.215033418,0.19024156,-0.213859465,-0.313877584,-0.443281904,0.193887868,-0.324537935,-0.026519855,-0.18367742,0.122732261,-0.85787504,0.811011669,-0.329466982,0.866842298,-1.268772073,2.052731773,-0.757028043,-2.653789092
7.0081,0.213372531,0.190117559,-0.214813502,-0.313224772,-0.44766945,0.197990552,-0.32618088,-0.022035605,-0.190214818,0.133161671,-0.861777498,0.797292125,-0.327274831,0.864067267,-1.258899184,2.036168198,-0.726789712,-2.71213873
7.0131,0.211703281,0.190016403,-0.215800774,-0.312518964,-0.452076527,0.202022476,-0.32781296,-0.017566085,-0.196702534,0.143505176,-0.865524849,0.783275712,-0.325085463,0.861187428,-1.249088492,2.019290694,-0.696440259,-2.769882272
7.0182,0.210025736,0.189938032,-0.216821024,-0.31176058,-0.45650233,0.205982129,-0.329433862,-0.013111588,-0.203139874,0.153762006,-0.86911615,0.768965472,-0.322891249,0.858217234,-1.23934613,2.002142483,-0.665953024,-2.826997784
7.0234,0.208339939,0.189882352,-0.217874019,-0.310950062,-0.460946038,0.209868068,-0.331044093,-0.008672174,-0.209527743,0.163930761,-0.872551229,0.754365463,-0.320699461,0.855152471,-1.229689068,1.984757214,-0.635294877,-2.88343221
7.0285,0.206645946,0.189849298,-0.218959488,-0.310087888,-0.465406889,0.213678777,-0.332643461,-0.0042486,-0.215867073,0.174010784,-0.875828919,0.73947844,-0.318510409,0.852006242,-1.220110532,1.96714881,-0.604470245,-2.939185344
7.0336,0.204943815,0.189838774,-0.2200772,-0.30917451,-0.469884064,0.217412806,-0.334231872,0.000158404,-0.22215789,0.183999791,-0.878948202,0.724308054,-0.316321532,0.848776192,-1.21062525,1.949351373,-0.573454197,-2.994227593
7.0387,0.203233616,0.189850711,-0.221226891,-0.308210371,-0.474376727,0.221068753,-0.335809202,0.004548654,-0.228400039,0.193897844,-0.881908325,0.708858878,-0.314125048,0.84547698,-1.201226371,1.931404991,-0.542212845,-3.048510214
7.0438,0.201515384,0.189885009,-0.222408332,-0.307195965,-0.47888408,0.224645168,-0.337375753,0.008922196,-0.234594606,0.203704522,-0.884707615,0.693133879,-0.311932955,0.84210455,-1.191925989,1.913321059,-0.510741864,-3.102025382
7.0489,0.199789178,0.189941578,-0.223621267,-0.306131757,-0.483405319,0.228140654,-0.338931437,0.013278056,-0.240742488,0.213418067,-0.887345293,0.677137254,-0.309742823,0.838664334,-1.182717403,1.895128336,-0.479034907,-3.154743542
7.0539,0.198055071,0.190020342,-0.224865455,-0.305018199,-0.487939605,0.231553837,-0.340476034,0.017616227,-0.24684313,0.223038642,-0.889819694,0.660872938,-0.307544439,0.835168654,-1.173602265,1.876865957,-0.4470716,-3.206634582
7.059,0.196313106,0.190121197,-0.226140675,-0.303855769,-0.492486082,0.234883401,-0.34200962,0.02193673,-0.252897653,0.232565843,-0.892130051,0.644346209,-0.305344506,0.831615947,-1.164590877,1.858555481,-0.414822683,-3.257644854
7.0642,0.194563335,0.190244069,-0.227446673,-0.302644963,-0.497043936,0.238127981,-0.343532297,0.026238904,-0.258906863,0.242000173,-0.894274815,0.627560868,-0.303145051,0.828021598,-1.155672226,1.840208312,-0.382291969,-3.307763902
7.0692,0.192805818,0.190388847,-0.228783244,-0.301386262,-0.501612301,0.241286269,-0.345044162,0.030522317,-0.264870865,0.251340367,-0.896252078,0.610521335,-0.300943462,0.824380556,-1.146861555,1.821843769,-0.349456304,-3.356960051
7.0743,0.19104062,0.190555446,-0.230150132,-0.300080116,-0.506190329,0.244357016,-0.34654478,0.03478707,-0.270789757,0.260586942,-0.898060264,0.593233477,-0.29873422,0.820704961,-1.138143184,1.803498568,-0.316307304,-3.405180584
7.0794,0.189267775,0.190743761,-0.231547155,-0.29872703,-0.510777128,0.247338934,-0.34803486,0.039033291,-0.276665001,0.269740518,-0.899698117,0.575701486,-0.296529297,0.816993012,-1.129543286,1.785175217,-0.282818172,-3.452411277
7.0846,0.187487359,0.190953711,-0.23297403,-0.297327479,-0.515371862,0.250230791,-0.349513675,0.043260422,-0.282496593,0.278800225,-0.901163826,0.557930493,-0.294316183,0.8132598,-1.12102461,1.766891259,-0.248999814,-3.498619179
7.09,0.185699434,0.191185182,-0.234430552,-0.295881909,-0.519973625,0.25303138,-0.350981277,0.047468136,-0.288284556,0.287766764,-0.902455443,0.539925593,-0.292091262,0.80949992,-1.112594689,1.748681576,-0.214826685,-3.54377148
7.0951,0.183904027,0.191438089,-0.235916536,-0.294390772,-0.524581511,0.25573952,-0.35243816,0.051657252,-0.294030319,0.296641304,-0.90357142,0.521692555,-0.289871253,0.805725931,-1.104273563,1.730573958,-0.180281322,-3.587837616
7.1002,0.182101206,0.191712323,-0.237431738,-0.29285461,-0.529194636,0.258354061,-0.353884023,0.055826769,-0.299734383,0.305423674,-0.904509449,0.503237004,-0.287648694,0.801935575,-1.096040641,1.712538812,-0.145363804,-3.630784185
7.1056,0.180291044,0.192007805,-0.238975939,-0.291273851,-0.533812091,0.260873925,-0.355318621,0.059976954,-0.305396262,0.314114338,-0.905267717,0.484565415,-0.285412983,0.798145203,-1.087890912,1.694612821,-0.110067058,-3.672552516
7.1106,0.178473585,0.192324428,-0.24054895,-0.289648954,-0.53843295,0.263297981,-0.356742211,0.064107804,-0.311016819,0.322713894,-0.905844157,0.465683303,-0.283170716,0.794354341,-1.079835498,1.676811751,-0.074379746,-3.713135182
7.1157,0.176648882,0.192662068,-0.242150559,-0.28798043,-0.543056284,0.265625173,-0.358154662,0.068219291,-0.316596624,0.331222928,-0.906237579,0.446596703,-0.280923834,0.790552572,-1.071868877,1.659115811,-0.038294562,-3.752496373
7.1208,0.174817005,0.193020652,-0.243780521,-0.286268696,-0.547681147,0.267854471,-0.359555621,0.072311408,-0.322135962,0.339641965,-0.906445213,0.427312027,-0.27866392,0.786758605,-1.063965737,1.641559976,-0.001802503,-3.790605446
7.1258,0.172978004,0.193400081,-0.245438668,-0.284514204,-0.55230659,0.269984927,-0.360945443,0.076384204,-0.327635308,0.347971845,-0.90646487,0.407836327,-0.276394882,0.782976275,-1.056144538,1.624153504,0.035101034,-3.827401841
7.1309,0.171131935,0.193800249,-0.247124797,-0.28271741,-0.556931652,0.272015535,-0.36232408,0.080438146,-0.33309507,0.356213443,-0.906295257,0.388175899,-0.274116255,0.779204902,-1.048401689,1.606899903,0.072421514,-3.862881377
7.1359,0.169278851,0.194221066,-0.248838707,-0.280878789,-0.561555368,0.273945377,-0.363691384,0.084472286,-0.338515637,0.364366895,-0.905933221,0.368337554,-0.271829871,0.775452572,-1.040733513,1.589788624,0.110159139,-3.897006556
7.141,0.167418828,0.194662432,-0.250580174,-0.278998763,-0.566176734,0.275773607,-0.365047084,0.088487343,-0.343896933,0.372433383,-0.9053768,0.348328756,-0.269524905,0.771721736,-1.033121008,1.572837047,0.148329233,-3.929720184
7.1461,0.165551912,0.19512424,-0.252349008,-0.277077791,-0.570794747,0.277499318,-0.366391408,0.092483723,-0.349240065,0.380414417,-0.904624177,0.328156191,-0.267207748,0.768008536,-1.025565137,1.556036062,0.186940804,-3.96102187
7.1511,0.163678157,0.195606381,-0.254145031,-0.275116335,-0.575408417,0.279121698,-0.367724197,0.0964612,-0.354544927,0.388310117,-0.903673528,0.30782725,-0.264880158,0.764308842,-1.018072193,1.539373138,0.2259865,-3.990878089
7.1562,0.161797638,0.196108795,-0.255968026,-0.273114763,-0.580016731,0.280639974,-0.369045164,0.100419596,-0.359811283,0.396120672,-0.902521716,0.287349492,-0.262531242,0.760646769,-1.01062516,1.522886853,0.265466346,-4.019255724
7.1613,0.159910405,0.196631367,-0.257817816,-0.271073523,-0.584618639,0.282053436,-0.370354525,0.104359795,-0.36503979,0.403847568,-0.901167002,0.266731298,-0.260167335,0.757012529,-1.003228848,1.50656601,0.305394923,-4.046106545
7.1664,0.158016511,0.197174006,-0.259694197,-0.268993065,-0.589213127,0.283361357,-0.371652105,0.108281646,-0.370231193,0.411492119,-0.899607241,0.245979772,-0.257790151,0.753411339,-0.995872139,1.490392792,0.345755956,-4.071417217
7.1714,0.156116022,0.197736612,-0.261596995,-0.266873811,-0.593799124,0.284563089,-0.37293793,0.112184898,-0.375385297,0.419054045,-0.897839888,0.225102346,-0.255396537,0.74983987,-0.988561172,1.474364965,0.386562077,-4.095152314
7.1765,0.15420901,0.198319107,-0.263525999,-0.264716155,-0.598375558,0.285658025,-0.374211588,0.116070141,-0.380501779,0.426534526,-0.895862659,0.204108481,-0.252978178,0.746309224,-0.981278845,1.458493346,0.427818276,-4.11727607
7.1816,0.152295525,0.198921384,-0.265481035,-0.262520528,-0.602941343,0.286645562,-0.375473277,0.11993777,-0.385581415,0.433935039,-0.893673248,0.183005705,-0.250541419,0.742811525,-0.97403022,1.442762661,0.469528887,-4.137777141
7.1867,0.150375624,0.199543351,-0.267461905,-0.260287343,-0.607495425,0.287525162,-0.376722804,0.123787339,-0.390624657,0.441255157,-0.891269802,0.161802254,-0.248088,0.739347877,-0.966804495,1.427166209,0.51167253,-4.156631525
7.1918,0.148449386,0.200184931,-0.269468417,-0.25801698,-0.612036682,0.288296362,-0.377959853,0.127619349,-0.395630679,0.448496106,-0.888649671,0.140506325,-0.245607047,0.735926045,-0.959594952,1.411715429,0.554261288,-4.173797172
7.1969,0.146516862,0.200846027,-0.271500398,-0.255709848,-0.616563999,0.288958713,-0.379184605,0.131434416,-0.400599989,0.455658604,-0.885810688,0.119127827,-0.243104948,0.732542294,-0.952406437,1.396399964,0.597294643,-4.189248857
7.2019,0.144578112,0.20152656,-0.27355765,-0.253366364,-0.62107628,0.289511791,-0.380396856,0.135232338,-0.405533178,0.462743809,-0.882751045,0.097674707,-0.240583501,0.729202453,-0.945227963,1.381202385,0.64075346,-4.20297645
7.207,0.142633203,0.202226431,-0.275640002,-0.250986924,-0.625572372,0.289955258,-0.381596602,0.139013011,-0.410429999,0.469751281,-0.879468247,0.076155331,-0.238039677,0.725898936,-0.93806357,1.366116364,0.684644491,-4.214945766
7.2121,0.140682213,0.202945565,-0.277747245,-0.248571901,-0.630051131,0.290288801,-0.3827834,0.142777152,-0.41528997,0.476682114,-0.875959898,0.054580162,-0.23546532,0.722638886,-0.930896699,1.351146728,0.728962049,-4.2251347
7.2171,0.138725194,0.203683867,-0.279879218,-0.246121703,-0.634511398,0.290512133,-0.383957418,0.146525068,-0.420113514,0.483537367,-0.872223935,0.032957475,-0.232866966,0.719415375,-0.923737628,1.336274924,0.773702131,-4.233536134
7.2222,0.136762209,0.204441253,-0.28203572,-0.243636714,-0.638952028,0.290625036,-0.385118437,0.150256328,-0.424901048,0.490316398,-0.868258768,0.011296644,-0.230246587,0.716227897,-0.916573372,1.321495979,0.818844279,-4.24013036
7.2273,0.13479334,0.205217656,-0.284216555,-0.241117303,-0.643371825,0.29062736,-0.386266112,0.15397155,-0.429651703,0.497020301,-0.864061826,-0.010393853,-0.227593575,0.713085237,-0.909395358,1.306811361,0.864391464,-4.244885131
7.2323,0.132818644,0.206012978,-0.286421555,-0.238563853,-0.647769598,0.290518987,-0.387400602,0.157671141,-0.434365834,0.503649536,-0.859630958,-0.03210325,-0.224914619,0.709977257,-0.902209192,1.292213472,0.910336666,-4.247781009
7.2375,0.130838184,0.206827157,-0.288650524,-0.235976761,-0.652144171,0.290299814,-0.388521677,0.161355096,-0.439043789,0.51020501,-0.854964912,-0.053822581,-0.222211855,0.70691322,-0.895006981,1.277683111,0.956656298,-4.248818339
7.2426,0.128852033,0.207660092,-0.290903294,-0.233356407,-0.656494321,0.289969841,-0.389629311,0.165023297,-0.443685094,0.516686023,-0.850061169,-0.075543005,-0.219482625,0.703879521,-0.887795625,1.26321253,1.003347506,-4.247966272
7.2476,0.126860275,0.208511719,-0.293179653,-0.230703146,-0.660818828,0.289529086,-0.390723139,0.168676126,-0.448289244,0.5230934,-0.844917758,-0.097253526,-0.216716861,0.700884262,-0.88055658,1.248805481,1.050399897,-4.24521411
7.2527,0.124862971,0.209381955,-0.295479426,-0.228017374,-0.665116463,0.288977596,-0.391803094,0.172314172,-0.452856523,0.529427931,-0.839532871,-0.118944976,-0.213921513,0.697921542,-0.873295854,1.234442659,1.097799605,-4.240566205
7.2577,0.122860183,0.210270717,-0.29780242,-0.225299459,-0.669386011,0.2883155,-0.392869038,0.175936874,-0.457387213,0.535688698,-0.833905624,-0.140607647,-0.211101281,0.694987344,-0.866005965,1.220118648,1.145520657,-4.234007189
7.2629,0.120851998,0.211177938,-0.300148436,-0.22254976,-0.673626212,0.287542993,-0.393920612,0.179544795,-0.461880324,0.541876519,-0.828033782,-0.162232555,-0.208246,0.692084427,-0.858678959,1.205834759,1.193555079,-4.225514643
7.2679,0.11883847,0.212103551,-0.302517323,-0.219768631,-0.67783582,0.286660265,-0.394958389,0.183138721,-0.466336638,0.547992014,-0.821915697,-0.183808943,-0.205368288,0.689216818,-0.851334026,1.191593877,1.241882311,-4.21509945
7.2731,0.116819682,0.213047464,-0.304908858,-0.216956499,-0.682013587,0.285667611,-0.395981723,0.186717873,-0.470755805,0.554034889,-0.815550662,-0.205326444,-0.202461576,0.68637093,-0.843949894,1.177355066,1.290474711,-4.202742927
7.2781,0.114795712,0.214009605,-0.307322846,-0.214113717,-0.686158231,0.284565366,-0.396990153,0.190282258,-0.475136893,0.56000475,-0.808936838,-0.226776463,-0.199523187,0.683546361,-0.836521281,1.163120424,1.339322515,-4.188434102
7.2832,0.112766642,0.214989917,-0.309759091,-0.211240639,-0.690268479,0.283353886,-0.397983611,0.193832414,-0.479479665,0.565901936,-0.802072772,-0.248147624,-0.196550226,0.680750357,-0.829044427,1.148894471,1.388403288,-4.172180701
7.2883,0.110732535,0.215988311,-0.312217417,-0.208337648,-0.694343055,0.282033577,-0.398962249,0.197368663,-0.483784509,0.571727068,-0.794957239,-0.269430757,-0.193550186,0.677971364,-0.821526232,1.134661149,1.437691155,-4.153993759
7.2934,0.108693463,0.217004711,-0.314697617,-0.205405098,-0.698380692,0.280604917,-0.399925834,0.200890566,-0.488051293,0.5774795,-0.787590095,-0.290615688,-0.19052604,0.675204674,-0.813957517,1.120424198,1.48715047,-4.133872147
7.2985,0.10664952,0.218039057,-0.31719949,-0.202443377,-0.702380076,0.279068463,-0.400874012,0.204398506,-0.492279028,0.583158761,-0.779969978,-0.311693538,-0.187468219,0.672454997,-0.80633323,1.106166659,1.536770578,-4.111800534
7.3035,0.104600767,0.219091276,-0.319722854,-0.19945284,-0.706339929,0.277424777,-0.401807255,0.207892867,-0.496467858,0.588765369,-0.77209596,-0.332653059,-0.184387353,0.669718033,-0.798660193,1.091891669,1.586513395,-4.087792
7.3086,0.102547289,0.220161304,-0.322267519,-0.196433878,-0.710258937,0.275674467,-0.402725232,0.21137331,-0.500618366,0.594299498,-0.763967561,-0.353484728,-0.181280043,0.666996662,-0.790942096,1.077581843,1.636361523,-4.061865109
7.3137,0.100489171,0.221249072,-0.324833259,-0.193386847,-0.714135807,0.273818244,-0.403627289,0.214840114,-0.504729146,0.599760573,-0.755584335,-0.374179653,-0.178144468,0.664288616,-0.783160326,1.063241922,1.686278861,-4.034007862
7.3188,0.098426483,0.222354511,-0.327419891,-0.190312114,-0.717969237,0.271856796,-0.404513707,0.218293343,-0.508800204,0.60514833,-0.746946109,-0.394727152,-0.174986086,0.661591942,-0.775324601,1.048868915,1.736235087,-4.004254329
7.3238,0.096359307,0.223477526,-0.330027208,-0.187210073,-0.721757961,0.269790907,-0.405384373,0.221732806,-0.512831357,0.610463069,-0.738053137,-0.415117573,-0.171806106,0.658889745,-0.767430601,1.034446003,1.786173387,-3.972612554
7.3289,0.094287732,0.224618067,-0.332654981,-0.1840811,-0.72550065,0.267621404,-0.406238755,0.225158602,-0.516822061,0.615703704,-0.728905347,-0.435341324,-0.168600394,0.656191877,-0.759461707,1.019968433,1.836076859,-3.939097649
7.334,0.09221184,0.22577607,-0.335303032,-0.180925552,-0.729195995,0.265349204,-0.407077134,0.228570857,-0.520772281,0.620870281,-0.719503,-0.455389341,-0.165369765,0.653498691,-0.751433259,1.005443237,1.885912749,-3.903700608
7.3393,0.090131706,0.226951461,-0.337971149,-0.177743803,-0.73284274,0.26297518,-0.407899401,0.231969482,-0.5246816,0.625962655,-0.709846808,-0.475251534,-0.162120538,0.650805721,-0.743341378,0.990868534,1.935617255,-3.866470599
7.345,0.088047411,0.228144161,-0.340659115,-0.174536273,-0.736439553,0.260500308,-0.408705463,0.235354046,-0.528549884,0.630980501,-0.699937277,-0.494918705,-0.158854217,0.648105417,-0.735179972,0.976215964,1.985174055,-3.827426442
7.3501,0.085959055,0.229354112,-0.343366711,-0.171303319,-0.739985141,0.257925649,-0.409495007,0.238725039,-0.532376147,0.63592345,-0.689775059,-0.514382106,-0.155562318,0.645402643,-0.726942449,0.961496508,2.034541579,-3.786565458
7.3558,0.083866711,0.230581237,-0.346093745,-0.168045311,-0.74347822,0.255252218,-0.410268026,0.242082637,-0.536160237,0.640791068,-0.679361435,-0.533631998,-0.152253367,0.64269106,-0.718641282,0.946713899,2.083677039,-3.743943147
7.3609,0.081770454,0.231825458,-0.348839992,-0.164762647,-0.746917536,0.252481098,-0.41102445,0.245426161,-0.539902321,0.645583107,-0.668698356,-0.552658691,-0.148933628,0.639963825,-0.71026799,0.931857484,2.132520662,-3.699605493
7.3659,0.079670391,0.233086712,-0.351605221,-0.161455721,-0.750301796,0.249613526,-0.411764093,0.24875595,-0.54360129,0.65029876,-0.657786774,-0.571454826,-0.145592165,0.637223637,-0.701813887,0.916918888,2.181040837,-3.653533038
7.3711,0.07756659,0.234364941,-0.354389226,-0.158124908,-0.753629748,0.246650666,-0.412487077,0.252071849,-0.547257261,0.654938034,-0.646627961,-0.590010767,-0.142240213,0.634476116,-0.693284723,0.901904629,2.229184343,-3.605779979
7.3762,0.075459144,0.235660063,-0.35719179,-0.154770618,-0.75690015,0.243593756,-0.413193343,0.255374106,-0.550869752,0.659500814,-0.635225106,-0.608318245,-0.13887463,0.631712588,-0.684681968,0.886800384,2.276896086,-3.556384423
7.3813,0.073348127,0.236971994,-0.360012679,-0.151393238,-0.760111738,0.240444115,-0.413882739,0.258662103,-0.554438468,0.663985924,-0.623579886,-0.626369953,-0.135504404,0.628924176,-0.675997383,0.871606127,2.324141311,-3.505363661
7.3864,0.071233642,0.238300678,-0.362851662,-0.147993159,-0.763263274,0.23720305,-0.414555016,0.26193594,-0.55796247,0.66839332,-0.611694791,-0.644156602,-0.132121021,0.626118748,-0.667227109,0.856324021,2.370875482,-3.452768524
7.3915,0.069115767,0.239646039,-0.365708528,-0.144570784,-0.76635356,0.23387193,-0.415210534,0.265195828,-0.561441957,0.672722949,-0.599572072,-0.661670165,-0.128730921,0.623292699,-0.658379686,0.84094771,2.417036939,-3.398640267
7.3966,0.066994584,0.241007996,-0.368583038,-0.1411265,-0.769381412,0.230452158,-0.41584896,0.268441029,-0.564876415,0.676973831,-0.58721583,-0.67890335,-0.125338236,0.620439635,-0.64944728,0.825483098,2.462565117,-3.343024847
7.4018,0.064870197,0.242386491,-0.371474954,-0.13766073,-0.772345612,0.226945231,-0.416470261,0.271671838,-0.568264887,0.681145378,-0.574628762,-0.695849019,-0.121934452,0.617567628,-0.640426167,0.809915851,2.507427669,-3.285936807
7.4069,0.06274268,0.243781451,-0.374384054,-0.134173861,-0.775245013,0.223352595,-0.41707471,0.274888154,-0.571607448,0.685237194,-0.561814116,-0.712499017,-0.118528549,0.614675617,-0.631322435,0.794256223,2.551561269,-3.227445516
7.412,0.060612116,0.245192789,-0.377310104,-0.130666318,-0.778078472,0.219675773,-0.417662204,0.278089957,-0.574903678,0.689249081,-0.548776781,-0.728846412,-0.115124859,0.611755457,-0.622135588,0.778490677,2.594908648,-3.167598911
7.4171,0.058478591,0.246620422,-0.380252858,-0.127138509,-0.780844832,0.215916363,-0.418232554,0.281276679,-0.578153137,0.69317999,-0.535520238,-0.744885172,-0.11172486,0.608801088,-0.612860313,0.762620157,2.637436251,-3.106420718
7.4222,0.056342209,0.248064293,-0.383212067,-0.123590832,-0.783542993,0.212075922,-0.418785756,0.28444848,-0.58135495,0.697029609,-0.522048606,-0.760607765,-0.108319945,0.605823482,-0.603490786,0.746652611,2.679087185,-3.043982294
7.4273,0.054203045,0.249524319,-0.386187504,-0.120023716,-0.786171885,0.208156079,-0.419322117,0.287605433,-0.584509068,0.700797827,-0.508366307,-0.776008094,-0.10491897,0.602817255,-0.594035885,0.730577349,2.719800374,-2.980333257
7.4324,0.052061181,0.251000414,-0.38917892,-0.116437572,-0.788730457,0.204158493,-0.419841357,0.290746762,-0.587615154,0.704483695,-0.494479297,-0.791079909,-0.101525845,0.599776547,-0.584493009,0.714398435,2.759518764,-2.91552441
7.4374,0.049916721,0.252492511,-0.392186057,-0.11283283,-0.791217644,0.200084889,-0.420343495,0.293872819,-0.590672224,0.708086462,-0.480392115,-0.805818296,-0.09813178,0.596707642,-0.574854175,0.698109384,2.798209591,-2.849586502
7.4426,0.047769734,0.254000536,-0.395208681,-0.109209906,-0.793632457,0.195936947,-0.42082876,0.296983365,-0.593680222,0.711605781,-0.46610965,-0.820216767,-0.094747744,0.593612565,-0.565128429,0.681713549,2.835810392,-2.782595124
7.4477,0.045620316,0.255524397,-0.398246531,-0.105569234,-0.795973897,0.191716422,-0.421297193,0.300078347,-0.596638694,0.715041502,-0.451638069,-0.83427007,-0.091370229,0.590483649,-0.555310755,0.665205361,2.872283935,-2.714598456
7.4528,0.043468539,0.257064005,-0.401299354,-0.101911247,-0.798241048,0.187425118,-0.421748747,0.303157169,-0.599547168,0.718392533,-0.436983914,-0.847973991,-0.088007755,0.587315305,-0.545401098,0.648581572,2.907560586,-2.645631676
7.4579,0.041314511,0.258619299,-0.404366885,-0.098236367,-0.800432959,0.183064795,-0.422183366,0.306219967,-0.602404753,0.7216584,-0.422152749,-0.861323059,-0.084648928,0.584118959,-0.53539401,0.631848171,2.941610892,-2.575772057
7.4631,0.039158309,0.260190188,-0.407448876,-0.094545045,-0.802548765,0.17863727,-0.42260129,0.30926679,-0.605211482,0.724838723,-0.407150466,-0.874312763,-0.081299498,0.580889664,-0.52529645,0.614994437,2.974376333,-2.505076516
7.4682,0.037000006,0.261776578,-0.410545063,-0.090837703,-0.804587619,0.174144399,-0.423002485,0.312296938,-0.607966785,0.727932911,-0.39198498,-0.886938858,-0.077967697,0.577619664,-0.515106209,0.598029484,3.005806119,-2.433592136
7.4733,0.034839708,0.2633784,-0.413655169,-0.087114793,-0.806548682,0.169588068,-0.423386909,0.315310636,-0.610669862,0.730940068,-0.376662563,-0.899198451,-0.07464182,0.574318205,-0.504815691,0.58094488,3.035869692,-2.361359895
7.4784,0.032677492,0.264995566,-0.416778939,-0.083376763,-0.808431185,0.16497012,-0.423754809,0.318307617,-0.613320529,0.73385958,-0.361189702,-0.911087003,-0.071327298,0.570982759,-0.494432008,0.563739098,3.064515367,-2.288457412
7.4836,0.030513441,0.266627989,-0.419916105,-0.079624054,-0.810234362,0.160292475,-0.424106248,0.321287911,-0.615918309,0.736691345,-0.345574212,-0.922601003,-0.068024807,0.567613435,-0.483955396,0.546413696,3.091715474,-2.214928724
7.4887,0.028347628,0.268275576,-0.423066396,-0.075857121,-0.811957533,0.15555708,-0.424441202,0.324250716,-0.618462731,0.739434233,-0.329824329,-0.933738166,-0.064742119,0.564204934,-0.473386172,0.528965302,3.117413349,-2.14080844
7.4938,0.026180153,0.26993825,-0.426229526,-0.07207642,-0.8136,0.150765827,-0.424759543,0.327196364,-0.620952995,0.742087611,-0.313947146,-0.944494854,-0.06146938,0.560764072,-0.462716961,0.511392255,3.141591028,-2.066174521
7.4989,0.024011087,0.271615918,-0.429405243,-0.068282407,-0.815161155,0.14592067,-0.425061853,0.33012458,-0.623389246,0.744651252,-0.297949923,-0.954868566,-0.058214163,0.55728847,-0.45196288,0.493693384,3.164200253,-1.991073725
7.5041,0.021840522,0.273308493,-0.432593244,-0.064475546,-0.816640388,0.14102356,-0.425347595,0.333035394,-0.625770398,0.747124196,-0.281841222,-0.964857064,-0.054971566,0.553778377,-0.441109779,0.475865146,3.185222264,-1.915561759
7.5096,0.019668544,0.275015891,-0.435793257,-0.060656295,-0.818037151,0.136076492,-0.425617544,0.335928436,-0.628096371,0.749505587,-0.265629419,-0.974459467,-0.051739148,0.550238988,-0.430162865,0.457910582,3.204627723,-1.839672823
7.5147,0.01749523,0.27673801,-0.439005003,-0.056825123,-0.81935094,0.13108138,-0.425871452,0.338803644,-0.630366592,0.751795283,-0.249322622,-0.983672438,-0.048519775,0.546663192,-0.419125373,0.439825757,3.222390066,-1.76349559
7.5201,0.015320654,0.278474751,-0.442228195,-0.052982503,-0.820581322,0.126040299,-0.426109192,0.341660406,-0.6325806,0.753992207,-0.232930037,-0.992495517,-0.045317954,0.543045931,-0.407998044,0.421609267,3.238467761,-1.687023758
7.5252,0.013144915,0.280226034,-0.445462531,-0.049128919,-0.821727851,0.120955199,-0.426330826,0.344498947,-0.634737709,0.756095765,-0.216459549,-1.000926877,-0.042123141,0.539396823,-0.396771632,0.403251882,3.252856415,-1.610331001
7.5308,0.010968086,0.281991764,-0.448707733,-0.045264852,-0.82279017,0.115828063,-0.426536606,0.347319203,-0.636837645,0.758105234,-0.199919334,-1.008965736,-0.038939613,0.535713972,-0.385456512,0.384751732,3.265526937,-1.533471949
7.5359,0.008790236,0.283771832,-0.451963507,-0.041390769,-0.823767958,0.11066092,-0.426726505,0.350120469,-0.638879848,0.760020003,-0.183319439,-1.016610908,-0.03577413,0.531990067,-0.374051033,0.366114308,3.276459675,-1.456474978
7.541,0.006611466,0.285566156,-0.455229547,-0.03750716,-0.824660899,0.105455802,-0.426900479,0.352902861,-0.640863642,0.761839258,-0.166668092,-1.023862788,-0.032613526,0.528232198,-0.362550754,0.347335241,3.285661741,-1.379367582
7.5461,0.004431849,0.287374637,-0.458505564,-0.033614522,-0.825468781,0.100214672,-0.427058768,0.355666414,-0.642788968,0.763562259,-0.149973673,-1.030720474,-0.029461788,0.524440821,-0.350961348,0.328407505,3.293108319,-1.3022177
7.5512,0.002251465,0.289197181,-0.461791254,-0.029713344,-0.826191378,0.094939563,-0.427201414,0.358410958,-0.644655264,0.765188352,-0.133245617,-1.0371833,-0.026318178,0.52061671,-0.339281614,0.309331445,3.298812147,-1.22505094
7.5564,7.04E-05,0.291033676,-0.465086322,-0.025804121,-0.826828577,0.089632513,-0.427328374,0.361135794,-0.646462088,0.766716774,-0.116493484,-1.043252156,-0.023189092,0.516752639,-0.327517628,0.29010501,3.302751108,-1.147886656
7.5615,-0.002111303,0.292884038,-0.468390448,-0.021887358,-0.827380248,0.084295508,-0.427439584,0.363841155,-0.648208779,0.768146643,-0.099725512,-1.048926263,-0.020061031,0.512858379,-0.31566058,0.270723475,3.30494328,-1.070776405
7.5665,-0.004293513,0.294748163,-0.471703336,-0.017963565,-0.827846351,0.078930532,-0.427535265,0.366526985,-0.649894989,0.769477054,-0.082950116,-1.054206425,-0.016937678,0.508932202,-0.303718696,0.251181746,3.305382422,-0.993766624
7.5716,-0.00647618,0.296625935,-0.475024681,-0.014033245,-0.828226875,0.073539616,-0.427615244,0.369192685,-0.651520396,0.770707498,-0.066177651,-1.059092894,-0.013822654,0.50496466,-0.29169565,0.231479788,3.304076654,-0.916875066
7.5767,-0.008659207,0.298517268,-0.478354155,-0.01009691,-0.82852183,0.068124805,-0.427679535,0.371838276,-0.653084359,0.771837151,-0.049416135,-1.063586899,-0.010704587,0.500965596,-0.279582822,0.211615442,3.301051322,-0.840105639
7.5817,-0.010842518,0.300422057,-0.481691452,-0.006155077,-0.828731319,0.062688045,-0.427728433,0.374463803,-0.65458664,0.772864974,-0.032673717,-1.067689111,-0.00758468,0.496935647,-0.267386309,0.191586203,3.296307721,-0.763517089
7.5868,-0.013026039,0.302340202,-0.485036257,-0.002208264,-0.828855438,0.05723135,-0.42776183,0.377069113,-0.656026817,0.773790228,-0.015959692,-1.071399873,-0.004464345,0.492875788,-0.255107626,0.171391823,3.289879856,-0.687123603
7.5919,-0.015209699,0.304271585,-0.488388255,0.001743001,-0.828894383,0.051756749,-0.427779527,0.37965352,-0.657404379,0.77461216,0.000716639,-1.074720901,-0.001347013,0.488779006,-0.242750658,0.151027398,3.281771441,-0.61092526
7.597,-0.0173934,0.306216115,-0.491747114,0.005698184,-0.828848339,0.046266196,-0.42778151,0.382217272,-0.658718807,0.775329789,0.017347528,-1.077652469,0.001778839,0.484655311,-0.230309282,0.13048799,3.272023662,-0.534961505
7.6021,-0.019577072,0.30817368,-0.495112516,0.00965675,-0.82871758,0.040761652,-0.42776795,0.384760223,-0.659969988,0.775942009,0.033925266,-1.08019657,0.004909801,0.480500634,-0.217787459,0.109770647,3.260650847,-0.45926235
7.6072,-0.021760643,0.31014416,-0.498484139,0.013618161,-0.828502404,0.035245116,-0.427738623,0.387281888,-0.661157216,0.77644811,0.050440206,-1.082353942,0.008042459,0.476308085,-0.205189166,0.088872377,3.247683925,-0.383829217
7.6123,-0.023944012,0.312127463,-0.50186165,0.01758188,-0.828203124,0.029718588,-0.42769359,0.389782512,-0.66228009,0.776847176,0.066885158,-1.084126544,0.011190641,0.472088041,-0.192510662,0.067795336,3.23317061,-0.308656777
7.6174,-0.026127111,0.314123485,-0.505244727,0.021547343,-0.82782014,0.024183965,-0.427632888,0.39226186,-0.663338423,0.777138262,0.083252911,-1.085515732,0.014348332,0.467844003,-0.179758277,0.046527002,3.217134033,-0.23379481
7.6225,-0.028309866,0.316132114,-0.508633039,0.025514009,-0.827353839,0.018643225,-0.427556575,0.39471991,-0.664331843,0.777320301,0.099535121,-1.086522462,0.017514119,0.463574671,-0.166933753,0.025071825,3.199631726,-0.159239125
7.6277,-0.030492198,0.318153223,-0.512026256,0.029481316,-0.82680471,0.013098346,-0.427464306,0.397156098,-0.665259779,0.777392636,0.115723754,-1.087149092,0.020686786,0.459271049,-0.154038599,0.003424751,3.180685345,-0.084979329
7.6327,-0.032674007,0.320186718,-0.51542403,0.033448702,-0.826173219,0.007551242,-0.427356112,0.399570688,-0.66612196,0.777354077,0.13181211,-1.087396259,0.02388,0.454943736,-0.141066863,-0.018416656,3.160355534,-0.011035083
7.6378,-0.034855224,0.322232488,-0.518826036,0.037415597,-0.825459918,0.002003812,-0.427232008,0.401963562,-0.66691812,0.77720342,0.147794039,-1.087266457,0.027087546,0.450594147,-0.128027541,-0.040455348,3.138675198,0.062568188
7.6429,-0.03703577,0.324290405,-0.522231937,0.041381424,-0.824665373,-0.003541996,-0.427091615,0.404334174,-0.667647713,0.776939746,0.163661435,-1.086760677,0.030308317,0.446213418,-0.114922163,-0.062696816,3.11569085,0.135842838
7.648,-0.039215551,0.326360368,-0.525641381,0.045345613,-0.823790153,-0.009084244,-0.426934945,0.406682693,-0.66831049,0.776562233,0.179408442,-1.085881278,0.033551182,0.441809686,-0.101744794,-0.085138745,3.091471944,0.208802428
7.6531,-0.041394488,0.328442268,-0.529054034,0.049307568,-0.822834917,-0.014621086,-0.426762199,0.409009114,-0.6689061,0.776069938,0.195029463,-1.084629965,0.03681462,0.437386785,-0.088501843,-0.107790568,3.066052198,0.281409317
7.6582,-0.043572502,0.330535989,-0.532469549,0.053266707,-0.821800301,-0.020150587,-0.426573173,0.411313235,-0.669434309,0.775461385,0.210517935,-1.083007656,0.040096766,0.43294372,-0.075192496,-0.130649828,3.039501127,0.353686602
7.6633,-0.045749518,0.332641402,-0.535887588,0.057222442,-0.820687021,-0.025670841,-0.426367576,0.413594628,-0.66989459,0.774735825,0.225867573,-1.08101672,0.043393616,0.428474091,-0.061823124,-0.15371655,3.011858589,0.425646158
7.6684,-0.047925435,0.33475841,-0.539307797,0.061174167,-0.81949577,-0.031179999,-0.426145306,0.415853597,-0.670286626,0.773892085,0.241073511,-1.078658103,0.046715991,0.42398877,-0.04839003,-0.176995236,2.983197254,0.497271352
7.6736,-0.050100177,0.336886893,-0.542729832,0.065121264,-0.81822732,-0.036676221,-0.425906654,0.418089955,-0.670610412,0.77292875,0.256131373,-1.075934475,0.05005939,0.419486845,-0.03489725,-0.200495706,2.953558142,0.568545873
7.6786,-0.052273659,0.33902674,-0.546153338,0.069063134,-0.816882384,-0.042157577,-0.425651309,0.420303732,-0.670865333,0.771845218,0.271035177,-1.072845769,0.053423824,0.414972353,-0.021343896,-0.224212719,2.923033745,0.639513668
7.6837,-0.054445787,0.341177831,-0.549577961,0.072999153,-0.815461814,-0.047622258,-0.425378944,0.422494759,-0.671051178,0.77064016,0.285781703,-1.069395971,0.056814633,0.410444487,-0.007728761,-0.248152715,2.891648701,0.710149798
7.6888,-0.056616491,0.343340055,-0.553003358,0.076928704,-0.813966423,-0.053068412,-0.425089447,0.42466308,-0.671167553,0.769312243,0.300366717,-1.065585214,0.060222644,0.405907386,0.005939625,-0.272312745,2.859463874,0.780462768
7.6938,-0.058785671,0.345513278,-0.556429163,0.080851169,-0.812397044,-0.058494207,-0.424783021,0.426808217,-0.671214273,0.767860558,0.314784962,-1.061415245,0.063655256,0.401352571,0.019667447,-0.296689657,2.826540836,0.850453348
7.6989,-0.060953244,0.347697395,-0.559855027,0.084765899,-0.81075451,-0.063897791,-0.424459031,0.428930407,-0.671190844,0.766283872,0.329033474,-1.056888282,0.067110229,0.39678854,0.033448842,-0.321292154,2.792952321,0.920138522
7.7039,-0.06311912,0.349892293,-0.563280594,0.08867225,-0.809039703,-0.069277406,-0.424117775,0.431029719,-0.6710972,0.764580924,0.343109204,-1.052006172,0.070587782,0.392219452,0.047282886,-0.346124104,2.758752365,0.989485168
7.7092,-0.065283208,0.352097838,-0.566705495,0.092569573,-0.807253558,-0.074631202,-0.423759028,0.433105694,-0.670933064,0.762750842,0.357009011,-1.046769753,0.074090047,0.387636832,0.061173318,-0.371188907,2.723972631,1.058519408
7.7143,-0.067445428,0.354313924,-0.570129377,0.096457235,-0.80539693,-0.079957379,-0.423382581,0.435158591,-0.670697958,0.760792367,0.370729954,-1.041180722,0.077609519,0.383049162,0.075114431,-0.396474787,2.688699859,1.127241051
7.7198,-0.069605672,0.356540434,-0.573551872,0.100334563,-0.803470738,-0.085254161,-0.422988418,0.437188597,-0.670391817,0.758704137,0.384269663,-1.035242025,0.081158136,0.378458249,0.089110369,-0.421992112,2.652990296,1.195642655
7.7249,-0.071763853,0.358777249,-0.576972616,0.104200883,-0.801475934,-0.090519747,-0.422576708,0.439195492,-0.670014364,0.756485166,0.397626838,-1.028953835,0.084732529,0.373865894,0.103160188,-0.447746096,2.616885605,1.263733473
7.7307,-0.073919891,0.361024237,-0.580391244,0.108055551,-0.799413453,-0.095752364,-0.422146825,0.441179044,-0.669565328,0.754134284,0.410798276,-1.022317843,0.088324629,0.369263523,0.117263041,-0.473721839,2.58044263,1.331511677
7.7358,-0.076073679,0.363281297,-0.583807398,0.111897874,-0.797284225,-0.100950237,-0.421698862,0.443139542,-0.669044245,0.751650337,0.423782927,-1.015335535,0.091943805,0.36466465,0.131413544,-0.499928567,2.543725489,1.398979633
7.7409,-0.078225137,0.365548306,-0.587220688,0.115727152,-0.795089197,-0.106111624,-0.421232804,0.445076997,-0.668451248,0.749032425,0.436579744,-1.008009961,0.095581811,0.360066027,0.145625701,-0.526377233,2.50679044,1.46612489
7.746,-0.080374178,0.367825136,-0.590630768,0.11954272,-0.79282936,-0.111234771,-0.420748364,0.44699099,-0.66778565,0.74627874,0.449186978,-1.000341023,0.099232881,0.355463799,0.159884287,-0.553052014,2.469669426,1.532946717
7.7511,-0.082520695,0.370111681,-0.59403726,0.123343889,-0.790505665,-0.116317904,-0.420245658,0.448882037,-0.667047409,0.743388652,0.461604444,-0.992331259,0.102905806,0.350866388,0.174194013,-0.579949098,2.432419347,1.599459206
7.7561,-0.084664588,0.372407819,-0.597439793,0.127129948,-0.7881191,-0.121359339,-0.419724469,0.450750057,-0.666236264,0.740360911,0.47383229,-0.983982746,0.106601837,0.346272907,0.188554498,-0.607073487,2.395074908,1.665627186
7.7612,-0.086805776,0.374713442,-0.600837992,0.130900199,-0.785670607,-0.126357313,-0.419184803,0.452595087,-0.665352054,0.737193964,0.48586927,-0.975296277,0.110312402,0.341689611,0.202967768,-0.634418214,2.357697826,1.731466427
7.7663,-0.088944168,0.377028415,-0.604231488,0.134653931,-0.783161185,-0.131310104,-0.418626288,0.454416745,-0.664394111,0.733887311,0.497714874,-0.966273639,0.11403402,0.337107461,0.217429014,-0.661980471,2.32031409,1.796973119
7.7714,-0.091079652,0.379352632,-0.607619904,0.138390418,-0.780591793,-0.136215995,-0.41804905,0.456215365,-0.663362492,0.730439428,0.509369809,-0.956916948,0.117775506,0.332534302,0.231940979,-0.689761579,2.282972184,1.862144148
7.7765,-0.093212144,0.381685979,-0.611002853,0.14210894,-0.777963424,-0.141073336,-0.417453112,0.457991104,-0.662256926,0.726849415,0.520834963,-0.947228425,0.1215281,0.327973554,0.246508527,-0.717757756,2.245695432,1.926939913
7.7816,-0.095341552,0.38402832,-0.614379975,0.14580877,-0.77527704,-0.145880398,-0.416838119,0.459743688,-0.661076948,0.723115676,0.532109541,-0.937209129,0.125288157,0.323413593,0.26112221,-0.745962674,2.208523452,1.991373921
7.7867,-0.097467772,0.386379549,-0.617750881,0.149489182,-0.772533592,-0.150635485,-0.416204435,0.461473449,-0.659822515,0.719237786,0.543194701,-0.926861222,0.129059171,0.31886223,0.275787318,-0.774366859,2.171499762,2.055442042
7.7918,-0.0995907,0.388739554,-0.621115182,0.153149423,-0.769734068,-0.155336978,-0.41555179,0.463180541,-0.658493351,0.715214515,0.554091954,-0.916187297,0.132844333,0.314322802,0.29050893,-0.802974362,2.134637692,2.119101028
7.7969,-0.101710247,0.391108219,-0.624472501,0.15678876,-0.766879398,-0.159983177,-0.414880129,0.464864823,-0.657089071,0.711044549,0.56480152,-0.905188593,0.136637339,0.309795972,0.305285023,-0.831772189,2.097982301,2.182360449
7.8019,-0.103826324,0.393485415,-0.627822462,0.160406443,-0.763970556,-0.164572434,-0.414189221,0.466526031,-0.655609202,0.706727552,0.575323876,-0.89386709,0.140432147,0.305274266,0.320111618,-0.860753621,2.061547446,2.245202976
7.807,-0.105938816,0.395871038,-0.631164671,0.164001703,-0.761008478,-0.169103101,-0.41347924,0.468164723,-0.654053883,0.702262169,0.585660731,-0.882225353,0.144237376,0.300765029,0.334994292,-0.889920773,2.025361473,2.307617063
7.8121,-0.108047635,0.398264972,-0.634498743,0.167573781,-0.757994131,-0.173573586,-0.412750356,0.46978076,-0.652422827,0.69764768,0.595814192,-0.870266487,0.148046441,0.296268563,0.349933242,-0.919265598,1.989429982,2.369563881
7.8172,-0.1101527,0.400667086,-0.637824297,0.17112193,-0.75492844,-0.17798225,-0.412002373,0.471373974,-0.650715347,0.692882814,0.605784382,-0.857991862,0.15184786,0.291774713,0.364924366,-0.948769858,1.953775045,2.431037912
7.8223,-0.112253893,0.403077276,-0.641140937,0.174645379,-0.75181232,-0.182327474,-0.4112352,0.472944705,-0.648931573,0.687967494,0.615573183,-0.845403914,0.155652549,0.287290426,0.379973373,-0.978426377,1.918420033,2.49202898
7.8274,-0.114351113,0.405495428,-0.644448268,0.178143353,-0.748646719,-0.186607719,-0.410448919,0.474493001,-0.647071099,0.682900452,0.625182833,-0.832505963,0.159461659,0.282815576,0.395083152,-1.008226908,1.883360486,2.55248326
7.8324,-0.116444266,0.407921431,-0.647745898,0.18161508,-0.745432524,-0.19082137,-0.40964362,0.476018813,-0.645133616,0.677680677,0.634614081,-0.819300126,0.163271246,0.278352231,0.410254332,-1.038158605,1.848621202,2.612401892
7.8375,-0.118533267,0.410355154,-0.651033445,0.185059785,-0.742170653,-0.194966863,-0.408819015,0.477521967,-0.643118516,0.672308255,0.643868252,-0.805789196,0.167072798,0.27388969,0.425480647,-1.068207224,1.814201122,2.671761305
7.8426,-0.120618005,0.412796498,-0.654310506,0.188476666,-0.738861993,-0.199042647,-0.407975232,0.479002902,-0.641025915,0.666782284,0.65294731,-0.791976182,0.170872779,0.269436945,0.440767911,-1.098371797,1.780111625,2.730539279
7.8477,-0.122698388,0.41524535,-0.657576675,0.191864927,-0.735507454,-0.203047184,-0.407112596,0.480461459,-0.638855283,0.661101672,0.661853737,-0.777864007,0.174667364,0.264993369,0.456121667,-1.128646767,1.746341396,2.788712707
7.8528,-0.124774327,0.417701592,-0.660831574,0.195223823,-0.732107894,-0.206978965,-0.406230738,0.481897781,-0.636606206,0.655266474,0.670588475,-0.763455832,0.178450466,0.260555656,0.471530739,-1.158991524,1.712904038,2.846250447
7.8579,-0.126845708,0.420165098,-0.664074791,0.198552548,-0.728664191,-0.210836518,-0.405329902,0.483311566,-0.63427869,0.64927676,0.6791527,-0.748755938,0.182230987,0.256115216,0.487003196,-1.189399986,1.679794814,2.903107038
7.863,-0.128912438,0.422635778,-0.667305911,0.201850282,-0.725177218,-0.214618331,-0.404410211,0.484703453,-0.631872082,0.643131579,0.687549392,-0.733766798,0.186005267,0.251685765,0.502547069,-1.219875219,1.647003282,2.959272991
7.8681,-0.130974425,0.4251135,-0.67052454,0.205116279,-0.721647823,-0.218322971,-0.403471604,0.486072744,-0.629386234,0.636830915,0.695779039,-0.718493085,0.189769733,0.247253889,0.518158298,-1.250371053,1.614527201,3.014698873
7.8732,-0.133031577,0.427598156,-0.673730288,0.208349721,-0.71807684,-0.221948925,-0.402513831,0.487419846,-0.626820621,0.63037467,0.70384346,-0.702936799,0.193521423,0.242822789,0.533827878,-1.280884128,1.582368708,3.069396678
7.8783,-0.135083788,0.430089634,-0.676922731,0.211549807,-0.714465105,-0.225494834,-0.401537356,0.48874476,-0.624175124,0.623762792,0.711744253,-0.687103579,0.197264637,0.23839123,0.549566274,-1.31140037,1.550518875,3.123294668
7.8834,-0.137130964,0.432587811,-0.680101461,0.21471574,-0.710813489,-0.228959262,-0.400542226,0.490047056,-0.621449389,0.616995206,0.719483315,-0.670996715,0.200998311,0.233952446,0.565373799,-1.34190254,1.518943376,3.176380446
7.8884,-0.13917302,0.435092582,-0.683266085,0.217846761,-0.707122778,-0.232340815,-0.399528201,0.491327114,-0.618642884,0.610072195,0.727061767,-0.654620417,0.204714535,0.229509365,0.581241152,-1.37234805,1.487653051,3.228627535
7.8935,-0.141209845,0.437603828,-0.686416165,0.22094205,-0.703393792,-0.235638173,-0.398495553,0.492585007,-0.615755471,0.602993955,0.734480714,-0.63797993,0.208422718,0.225058177,0.597183361,-1.402732509,1.456632176,3.279978566
7.8986,-0.143241352,0.440121441,-0.689551292,0.224000809,-0.699627362,-0.238849967,-0.39744454,0.493820592,-0.612786669,0.595760842,0.741742281,-0.621079036,0.212117124,0.220599906,0.61319809,-1.433038547,1.425852322,3.330419755
7.9037,-0.145267445,0.442645297,-0.692671049,0.227022286,-0.695824272,-0.241974876,-0.396375128,0.495033404,-0.609736111,0.588373473,0.748846766,-0.603922557,0.215799309,0.216127486,0.629285502,-1.463220906,1.395310738,3.379920806
7.9088,-0.147288035,0.44517529,-0.695775038,0.230005667,-0.691985314,-0.245011601,-0.395286982,0.49622379,-0.606603352,0.5808326,0.755795451,-0.586515358,0.219464244,0.211643578,0.645433519,-1.4932723,1.36499284,3.428453534
7.9138,-0.149303026,0.447711301,-0.698862821,0.232950162,-0.688111288,-0.247958922,-0.394180489,0.497391783,-0.603388361,0.573138737,0.762589418,-0.568863252,0.223114432,0.207144149,0.661654056,-1.523172542,1.334876042,3.475956803
7.9189,-0.151312318,0.450253222,-0.701933977,0.235854995,-0.684203004,-0.250815562,-0.393055824,0.498537106,-0.600090564,0.565292926,0.769230227,-0.550970899,0.226751889,0.202632344,0.677946482,-1.552895852,1.304928042,3.522420507
7.924,-0.153315828,0.452800922,-0.704988092,0.238719428,-0.680261206,-0.253580314,-0.391912653,0.499659461,-0.596709306,0.55729609,0.775718236,-0.532843592,0.230371769,0.198096067,0.694303336,-1.582393584,1.275152684,3.5678085
7.9294,-0.155313449,0.455354293,-0.708024739,0.241542662,-0.676286679,-0.256252031,-0.390751355,0.500759139,-0.593244768,0.549149398,0.782054263,-0.514487677,0.233981659,0.193538141,0.710726436,-1.611658077,1.245525714,3.612064194
7.9346,-0.157305093,0.457913217,-0.71104348,0.244323933,-0.672280195,-0.258829515,-0.389572089,0.501835822,-0.589696492,0.540854002,0.78823881,-0.495908233,0.237578897,0.188956742,0.727221713,-1.640664053,1.216027128,3.655179872
7.9399,-0.15929067,0.460477573,-0.714043885,0.24706252,-0.668242554,-0.261311644,-0.388374921,0.502889068,-0.586064115,0.532411451,0.794273156,-0.477111363,0.241163214,0.184346906,0.743787696,-1.6693612,1.186620151,3.697121687
7.9451,-0.161270094,0.463047246,-0.71702555,0.249757643,-0.664174497,-0.263697317,-0.387159517,0.503919246,-0.582347111,0.523823234,0.800157139,-0.458103033,0.24473006,0.179708827,0.760408271,-1.697742671,1.157299655,3.737858324
7.9503,-0.163243267,0.465622121,-0.719988021,0.252408565,-0.66007679,-0.265985524,-0.385926365,0.504926112,-0.578545279,0.515091145,0.805891147,-0.438890166,0.248284711,0.175043259,0.777094065,-1.725776713,1.128044842,3.77732619
7.9554,-0.165210096,0.468202083,-0.722930866,0.255014555,-0.65595022,-0.268175196,-0.384675321,0.505909423,-0.574658495,0.506217128,0.811476043,-0.419478848,0.25182733,0.170350739,0.793842765,-1.753435872,1.098820987,3.815515398
7.9609,-0.167170508,0.470786995,-0.725853658,0.257574929,-0.651795525,-0.270265337,-0.383406469,0.506868808,-0.570685841,0.497203126,0.816911354,-0.399875481,0.255348605,0.16561921,0.810647427,-1.780667935,1.069622678,3.852392685
7.9659,-0.169124392,0.47337674,-0.728755959,0.260088943,-0.647613466,-0.272255028,-0.38211999,0.507804374,-0.566627654,0.488051235,0.822197159,-0.380087518,0.258861111,0.160849008,0.827505665,-1.807464711,1.040429088,3.887900094
7.971,-0.171071646,0.475971202,-0.731637309,0.262555895,-0.64340481,-0.274143283,-0.380816217,0.508715934,-0.562483838,0.478763848,0.827333319,-0.360121836,0.26237205,0.156043352,0.84442835,-1.833798317,1.011216995,3.922040452
7.976,-0.17301221,0.478570244,-0.734497297,0.264975126,-0.639170318,-0.27592924,-0.379494689,0.509603071,-0.558253397,0.469343855,0.832319796,-0.339984815,0.265864524,0.151190556,0.861394931,-1.859623055,0.981968317,3.954764327
7.9811,-0.174945977,0.481173755,-0.737335473,0.267345945,-0.634910776,-0.27761203,-0.378155677,0.51046577,-0.553936721,0.459793386,0.837156932,-0.319684145,0.269348986,0.14629854,0.878406649,-1.884920315,0.952649083,3.986050139
7.9862,-0.176872867,0.483781612,-0.740151385,0.269667689,-0.630626935,-0.279190886,-0.376799236,0.511303622,-0.549533263,0.450115303,0.84184362,-0.299227727,0.272820958,0.141365513,0.895466392,-1.909662416,0.923247474,4.015836579
7.9913,-0.178792794,0.486393682,-0.742944608,0.271939735,-0.626319552,-0.280664973,-0.375425123,0.512116715,-0.545042512,0.440312032,0.84637951,-0.278623299,0.27627883,0.13638748,0.91255793,-1.93380783,0.893751201,4.044128209
7.9964,-0.18070566,0.489009827,-0.745714683,0.274161453,-0.621989411,-0.282033586,-0.374033809,0.512904489,-0.540464704,0.430387716,0.850763743,-0.257877792,0.279728181,0.131355625,0.929686501,-1.95732689,0.864133461,4.070874917
8.0015,-0.182611375,0.491629928,-0.748461176,0.276332222,-0.617637273,-0.283296037,-0.372625225,0.513666787,-0.535799784,0.420345096,0.854995977,-0.237000406,0.283171747,0.126275591,0.946839113,-1.980196982,0.834382605,4.096041359
8.0065,-0.184509851,0.494253864,-0.751183628,0.278451458,-0.613263947,-0.284451644,-0.371199402,0.514403371,-0.531047621,0.410187058,0.859075849,-0.215998312,0.286609991,0.121150805,0.964019334,-2.002382717,0.804461516,4.119614446
8.0116,-0.186401014,0.496881482,-0.753881607,0.280518583,-0.608870184,-0.285499791,-0.369756183,0.515113876,-0.526207497,0.399918192,0.863002183,-0.194879913,0.290033876,0.115967548,0.981211564,-2.023855962,0.77437038,4.141565698
8.0167,-0.18828476,0.499512657,-0.756554666,0.282533021,-0.60445678,-0.286439925,-0.368295821,0.515798218,-0.521279984,0.389541657,0.866773646,-0.173653068,0.29345391,0.110729439,0.998409517,-2.044600851,0.744086932,4.161855653
8.0218,-0.190161003,0.502147262,-0.759202344,0.284494231,-0.600024544,-0.287271524,-0.366818334,0.516455921,-0.516265046,0.379061238,0.8703899,-0.152327662,0.296870543,0.105440181,1.015615396,-2.064590866,0.713582527,4.180454337
8.0269,-0.192029667,0.504785158,-0.761824209,0.286401713,-0.595574244,-0.287994079,-0.365323448,0.517087024,-0.51116207,0.368480365,0.873849515,-0.130911531,0.300277303,0.100096407,1.0328122,-2.083788936,0.682858952,4.197349053
8.0321,-0.193890655,0.507426195,-0.764419802,0.288254968,-0.591106691,-0.288607166,-0.363811609,0.517690919,-0.505971616,0.357804166,0.877150911,-0.109412837,0.303679781,0.094689967,1.049999723,-2.10217056,0.651895614,4.212505504
8.0372,-0.195743878,0.510070243,-0.766988685,0.290053497,-0.586622699,-0.289110397,-0.36228273,0.518267504,-0.500693971,0.347036324,0.880292922,-0.087841959,0.307080695,0.089224883,1.067164094,-2.119723897,0.620674578,4.225894138
8.0424,-0.197589251,0.512717168,-0.7695304,0.291796865,-0.582123103,-0.289503401,-0.360736926,0.518816283,-0.495328952,0.336180636,0.883274678,-0.066207323,0.310477866,0.083705284,1.084303347,-2.136415268,0.589169521,4.237504868
8.0475,-0.199426697,0.515366826,-0.772044523,0.293484615,-0.577608704,-0.289785873,-0.359173818,0.51933728,-0.48987643,0.325242031,0.886094214,-0.044517945,0.313867054,0.078128239,1.101396297,-2.152236798,0.557379115,4.247317447
8.0526,-0.201256116,0.518019068,-0.774530588,0.295116332,-0.573080343,-0.289957584,-0.357593734,0.519830092,-0.484336945,0.314224887,0.888750029,-0.02278258,0.317256338,0.072491229,1.118445736,-2.16717175,0.525284786,4.255294056
8.0577,-0.203077421,0.52067376,-0.776988152,0.29669163,-0.568538856,-0.290018295,-0.355996671,0.52029422,-0.478710742,0.303133879,0.891241361,-0.001011112,0.320646028,0.066798797,1.135441367,-2.181200095,0.492874522,4.261432307
8.0628,-0.204890537,0.523330736,-0.779416792,0.298210186,-0.56398508,-0.289967848,-0.354382337,0.520729354,-0.472997847,0.291973735,0.893565761,0.020786831,0.324029483,0.061040664,1.152360636,-2.194281256,0.460141781,4.265713018
8.0679,-0.206695364,0.525989858,-0.781816059,0.299671623,-0.559419875,-0.289806184,-0.352751052,0.521135378,-0.467199377,0.280749371,0.895721446,0.042601749,0.327414692,0.055221604,1.169199531,-2.206422584,0.427072042,4.268086385
8.073,-0.208491817,0.528650975,-0.784185506,0.301075613,-0.55484411,-0.289533189,-0.351102805,0.52151198,-0.46131535,0.269465492,0.897706763,0.064423849,0.330801867,0.049341876,1.18595073,-2.217618486,0.393651376,4.26856747
8.0781,-0.210279812,0.531313936,-0.7865247,0.302421914,-0.550258656,-0.289148851,-0.349437696,0.521858441,-0.455346243,0.258127023,0.899520718,0.086243442,0.334188619,0.043401302,1.202602178,-2.227828626,0.359870095,4.267140824
8.0833,-0.212059271,0.533978588,-0.788833235,0.30371022,-0.545664385,-0.288653207,-0.347755327,0.52217486,-0.449292539,0.246738954,0.901160641,0.108050762,0.337570477,0.03739982,1.219124423,-2.237068268,0.325723972,4.263792564
8.0884,-0.213830095,0.536644776,-0.791110654,0.304940282,-0.541062203,-0.288046398,-0.346056012,0.522460929,-0.443154986,0.23530624,0.902624524,0.129835998,0.340955273,0.031338029,1.23552181,-2.245335008,0.291195888,4.258478683
8.0935,-0.215592197,0.539312353,-0.793356526,0.30611189,-0.536453006,-0.28732851,-0.344339734,0.522716148,-0.436934353,0.223833762,0.903911328,0.151588871,0.344343052,0.025221269,1.251783366,-2.25262127,0.256280154,4.251220002
8.0986,-0.217345502,0.541981144,-0.79557045,0.307224897,-0.5318377,-0.286499734,-0.34260619,0.522940213,-0.430630883,0.212326701,0.905018345,0.173299435,0.347726891,0.01904005,1.267883673,-2.258897,0.220971908,4.242006786
8.1037,-0.21908991,0.544650994,-0.797752002,0.308279101,-0.527217207,-0.285560362,-0.340855686,0.52313311,-0.424246147,0.20079015,0.905943347,0.194957931,0.351114486,0.012797611,1.283811362,-2.264185287,0.185263172,4.230799625
8.1089,-0.22082534,0.547321748,-0.799900754,0.309274359,-0.522592469,-0.28451063,-0.339088314,0.523294434,-0.417780832,0.189229037,0.906684466,0.216554054,0.354503152,0.006497537,1.299561405,-2.26848934,0.149141635,4.217626978
8.114,-0.222551701,0.549993242,-0.802016301,0.310210603,-0.517964422,-0.283350886,-0.337303959,0.523423483,-0.411235785,0.177648547,0.907240306,0.238077661,0.357895056,0.000140378,1.315116722,-2.271785025,0.112604096,4.202482045
8.1191,-0.224268917,0.552665313,-0.804098267,0.3110877,-0.513334025,-0.282081526,-0.335502316,0.523520376,-0.404611976,0.166053735,0.907607802,0.259518479,0.361283082,-0.00627322,1.330445592,-2.274106272,0.075642718,4.185362042
8.1243,-0.22597689,0.555337791,-0.806146217,0.311905597,-0.508702241,-0.280703049,-0.333683693,0.523584927,-0.397910646,0.154449569,0.907784982,0.280866867,0.36467472,-0.012744286,1.345555192,-2.275454771,0.038251677,4.166234737
8.1294,-0.227675532,0.558010519,-0.808159766,0.312664259,-0.504070042,-0.279215901,-0.331848073,0.523616446,-0.391132964,0.142840989,0.907770369,0.302112363,0.368069666,-0.019266841,1.360425506,-2.275839145,0.000429364,4.145133676
8.1346,-0.229364757,0.560683314,-0.810138544,0.313363717,-0.499438417,-0.277620628,-0.329995438,0.523614758,-0.384279801,0.131232947,0.90756103,0.323244812,0.371467586,-0.025847469,1.375032083,-2.275245481,-0.037830176,4.122064554
8.1398,-0.231044489,0.563356017,-0.812082167,0.314003941,-0.494808365,-0.275917888,-0.328125485,0.523579786,-0.377353254,0.119630435,0.907154725,0.344254514,0.374861175,-0.032480056,1.38936217,-2.27371292,-0.076530866,4.096998896
8.145,-0.232714629,0.566028455,-0.813990244,0.314584968,-0.4901809,-0.27410829,-0.326238526,0.523511269,-0.370354434,0.108038097,0.906549292,0.365130861,0.378257731,-0.039163045,1.403412199,-2.271258009,-0.115678388,4.069971288
8.1501,-0.234375091,0.568700445,-0.815862416,0.31510689,-0.485557027,-0.272192535,-0.324334546,0.523408834,-0.36328482,0.096461156,0.905742881,0.385863979,0.381656756,-0.045902308,1.417161943,-2.267879024,-0.155264939,4.040993457
8.1558,-0.236025786,0.571371822,-0.817698338,0.315569793,-0.4809378,-0.270171375,-0.322413534,0.523272208,-0.356146408,0.084903145,0.904733009,0.406443854,0.385057723,-0.052691603,1.430590718,-2.263596336,-0.195306308,4.01007941
8.161,-0.237666628,0.574042423,-0.819497648,0.315973764,-0.476324256,-0.268045669,-0.320475481,0.523101057,-0.348940343,0.073369103,0.903516954,0.426861078,0.388460074,-0.059522345,1.443690319,-2.258442552,-0.235798967,3.97721171
8.1661,-0.239297527,0.576712062,-0.821260025,0.316318938,-0.471717443,-0.265816231,-0.318520273,0.522895364,-0.341668062,0.061863418,0.902093247,0.447105176,0.39186581,-0.066397962,1.456434224,-2.252438998,-0.276738249,3.94243121
8.1712,-0.240918409,0.579380551,-0.822985114,0.316605492,-0.467118431,-0.263483958,-0.316547712,0.522654784,-0.33433179,0.05039112,0.900458681,0.467166558,0.395265076,-0.073324152,1.468822881,-2.24559536,-0.318126308,3.905763218
8.1763,-0.242529177,0.58204772,-0.824672612,0.316833585,-0.462528305,-0.261049823,-0.314558122,0.522379076,-0.326933716,0.038955889,0.898611269,0.487035212,0.398664936,-0.080294522,1.480829135,-2.23794693,-0.359965458,3.867217867
8.1814,-0.244129741,0.584713401,-0.826322195,0.317003436,-0.457948169,-0.258514824,-0.312551501,0.522067933,-0.319475596,0.027561078,0.896548797,0.506702044,0.402064654,-0.087300353,1.492448024,-2.229507512,-0.402261708,3.826822311
8.1865,-0.245720028,0.587377392,-0.827933574,0.317115263,-0.4533791,-0.255880014,-0.310527561,0.521721251,-0.311958851,0.016211884,0.894269388,0.526157473,0.405456521,-0.094352461,1.503656471,-2.22030364,-0.444997693,3.784601423
8.1916,-0.247299937,0.59003952,-0.829506455,0.317169288,-0.448822227,-0.25314653,-0.308486633,0.521338808,-0.304386525,0.004911389,0.891770373,0.54539313,0.408847432,-0.101444408,1.514443606,-2.210374472,-0.488179771,3.740561308
8.1967,-0.248869389,0.592699614,-0.831040561,0.317165787,-0.444278688,-0.250315525,-0.306428324,0.520920322,-0.296759882,-0.006337265,0.889049364,0.564399596,0.412232133,-0.108567447,1.524794086,-2.199737362,-0.531811801,3.694728294
8.2018,-0.250428281,0.595357473,-0.832535611,0.317105014,-0.439749592,-0.247388118,-0.304353259,0.520465819,-0.289081674,-0.017529858,0.886104635,0.583166385,0.415619732,-0.115729789,1.534703386,-2.188434746,-0.575871877,3.647179902
8.2069,-0.251976545,0.59801291,-0.833991339,0.316987287,-0.435236111,-0.244365613,-0.302260943,0.519974993,-0.281354169,-0.028662525,0.882933569,0.601686583,0.418997157,-0.122932192,1.544164432,-2.176483736,-0.620368925,3.59791073
8.212,-0.253514084,0.600665751,-0.8354075,0.316812871,-0.430739421,-0.24124926,-0.300151719,0.519447766,-0.273579683,-0.039733236,0.879533516,0.619950529,0.422371127,-0.130165673,1.553165939,-2.163942113,-0.665307273,3.546977379
8.2172,-0.255040811,0.603315809,-0.836783863,0.316582134,-0.426260658,-0.2380404,-0.298025607,0.518883572,-0.265760696,-0.050739097,0.875903222,0.63794971,0.425740573,-0.137429011,1.561694775,-2.150816123,-0.710657952,3.494410166
8.2223,-0.25655665,0.605962884,-0.838120242,0.316295421,-0.421800997,-0.234740401,-0.295882343,0.51828255,-0.257899488,-0.061676074,0.872040511,0.655675797,0.429097452,-0.144728478,1.569721527,-2.137135532,-0.756409507,3.440251018
8.2274,-0.258061504,0.608606791,-0.839416406,0.315953088,-0.417361654,-0.231350702,-0.293722282,0.517644629,-0.249999127,-0.072541321,0.867942914,0.673121865,0.432448338,-0.152060068,1.577248834,-2.122933585,-0.802567255,3.384525637
8.2325,-0.259555279,0.611247358,-0.840672151,0.315555487,-0.412943836,-0.227872725,-0.291545444,0.516969469,-0.242061651,-0.0833329,0.863608273,0.690278953,0.435796918,-0.159412612,1.584275179,-2.10825169,-0.849123967,3.327295835
8.2376,-0.261037892,0.613884374,-0.841887309,0.315103022,-0.408548758,-0.224307967,-0.289351749,0.516257037,-0.234089246,-0.094048931,0.859034788,0.707139601,0.439139693,-0.166797103,1.590783978,-2.093110798,-0.896068843,3.2686043
8.2427,-0.262509275,0.616517658,-0.843061688,0.314596054,-0.404177639,-0.220657985,-0.287141047,0.515507186,-0.226085051,-0.104686687,0.854220412,0.723697355,0.442466224,-0.174207314,1.596781382,-2.077561152,-0.943387467,3.208482138
8.2479,-0.263969328,0.619147014,-0.844195135,0.31403499,-0.399831715,-0.216924308,-0.284913712,0.514719885,-0.218051688,-0.115244166,0.849163368,0.739944178,0.445783002,-0.181644275,1.602261557,-2.06163508,-0.991069237,3.147001169
8.253,-0.265417967,0.621772258,-0.845287506,0.313420265,-0.395512203,-0.213108544,-0.282669798,0.513894603,-0.209991809,-0.125720111,0.84386229,0.755873158,0.44908873,-0.189102128,1.607219666,-2.045350849,-1.039084581,3.084208924
8.2581,-0.26685512,0.624393189,-0.846338709,0.312752304,-0.391220382,-0.209212329,-0.280409073,0.513031632,-0.201908039,-0.136111545,0.838314959,0.771477738,0.452375149,-0.196584837,1.611629957,-2.028740189,-1.087434633,3.020156718
8.2633,-0.268280684,0.627009614,-0.847348594,0.312031515,-0.386957513,-0.20523737,-0.278131819,0.51213085,-0.193803226,-0.146417534,0.832519711,0.786752496,0.455651205,-0.204090967,1.615511619,-2.011848182,-1.136102871,2.954876368
8.2684,-0.269694581,0.629621352,-0.848317064,0.311258345,-0.382724834,-0.201185333,-0.275838201,0.511191851,-0.185679975,-0.156636709,0.826475526,0.801690538,0.458913184,-0.2116122,1.618860373,-1.994700643,-1.185053702,2.888442494
8.2735,-0.271096722,0.632228192,-0.849244024,0.310433282,-0.378523651,-0.197057952,-0.273528185,0.51021474,-0.1775412,-0.166767782,0.820180552,0.816285915,0.462162263,-0.2191575,1.621680208,-1.977303139,-1.234286745,2.820909776
8.2786,-0.272487039,0.634829943,-0.850129443,0.309556725,-0.374355239,-0.192857017,-0.271201658,0.509199506,-0.169389454,-0.176809736,0.813633415,0.830534142,0.465387781,-0.226723235,1.623946782,-1.959716808,-1.283776376,2.752315279
8.2837,-0.273865439,0.63742641,-0.850973227,0.308629135,-0.370220892,-0.188584282,-0.268859032,0.508145843,-0.161227507,-0.186761574,0.806832753,0.84442918,0.468596019,-0.234308418,1.625681021,-1.941967739,-1.333503116,2.682736142
8.2888,-0.275231833,0.640017405,-0.85177533,0.307651001,-0.366121876,-0.184241565,-0.266500291,0.507053459,-0.153058165,-0.196623006,0.799777975,0.857966044,0.471788065,-0.241907753,1.626887599,-1.924067049,-1.383425955,2.612226814
8.2939,-0.276586157,0.642602723,-0.852535755,0.306622783,-0.362059531,-0.179830706,-0.264125339,0.505922682,-0.144884065,-0.206392204,0.79246767,0.871139928,0.474953177,-0.249525475,1.627547748,-1.906043582,-1.433543872,2.540844225
8.299,-0.277928312,0.645182168,-0.853254451,0.305544934,-0.358035158,-0.175353592,-0.261734702,0.504753421,-0.136708029,-0.216069151,0.78490102,0.883947615,0.478099872,-0.257160407,1.627687676,-1.88793407,-1.48382795,2.468629652
8.3047,-0.279258219,0.647755539,-0.853931412,0.304417918,-0.354050055,-0.170812067,-0.259328272,0.503545482,-0.128532698,-0.225653783,0.777076959,0.896384143,0.481226603,-0.264813997,1.627312443,-1.869765504,-1.534243268,2.395663826
8.3098,-0.2805758,0.65032265,-0.854566646,0.303242258,-0.350105519,-0.16620805,-0.256906059,0.502298483,-0.120360575,-0.23514558,0.768995737,0.908445595,0.484329806,-0.272478496,1.626430747,-1.851532078,-1.584750294,2.321994101
8.3155,-0.281880987,0.65288329,-0.855160216,0.302018375,-0.346202891,-0.161543481,-0.2544681,0.501012656,-0.112194287,-0.244544247,0.760656618,0.920129629,0.487401285,-0.280160839,1.625025494,-1.833287477,-1.635334201,2.247666371
8.3206,-0.283173687,0.655437265,-0.855712122,0.30074675,-0.342343496,-0.156820268,-0.252014946,0.499688024,-0.104036531,-0.253849973,0.752059073,0.93143195,0.490449515,-0.287857656,1.623126815,-1.815047629,-1.685967174,2.172755425
8.3257,-0.284453819,0.657984385,-0.856222415,0.299427883,-0.338528607,-0.152040372,-0.249546514,0.498324114,-0.0958898,-0.263063207,0.743203315,0.942349714,0.49347292,-0.29556355,1.620743599,-1.796818298,-1.736588015,2.097311963
8.3308,-0.285721324,0.660524437,-0.856691192,0.298062241,-0.334759577,-0.147205753,-0.247062753,0.496921172,-0.087756494,-0.272182928,0.734089134,0.952880357,0.496460686,-0.303285486,1.617863741,-1.778620093,-1.787182927,2.021395787
8.3359,-0.286976111,0.663057226,-0.857118488,0.296650282,-0.331037729,-0.142318417,-0.244563931,0.495479226,-0.079639057,-0.281210086,0.724716646,0.963022696,0.499419233,-0.311020101,1.614522536,-1.76048153,-1.837717643,1.945045318
8.341,-0.2882181,0.66558255,-0.857504399,0.29519247,-0.327364364,-0.137380328,-0.242050298,0.493998105,-0.071539824,-0.290144929,0.715086072,0.972773667,0.502349806,-0.318768939,1.61072674,-1.742420915,-1.888144694,1.868329859
8.3461,-0.289447216,0.668100219,-0.857849014,0.293689326,-0.323740785,-0.132393486,-0.239521997,0.492477448,-0.063461071,-0.298987818,0.705199103,0.982131337,0.505251098,-0.326524301,1.60649372,-1.724423327,-1.938418986,1.791301227
8.3511,-0.2906634,0.67061002,-0.858152484,0.292141267,-0.320168319,-0.127359924,-0.236979003,0.490917512,-0.055405055,-0.307739183,0.695055874,0.991095434,0.508112305,-0.334293139,1.60181222,-1.706531185,-1.988510729,1.713996644
8.3562,-0.29186655,0.673111753,-0.858414877,0.290548769,-0.31664828,-0.122281639,-0.234421991,0.489318231,-0.047374559,-0.31639958,0.684657413,0.999663474,0.510949127,-0.342074641,1.596729515,-1.688751381,-2.038382459,1.636476322
8.3613,-0.293056623,0.675605218,-0.85863636,0.288912308,-0.31318192,-0.117160647,-0.23185062,0.487679542,-0.039370522,-0.324970202,0.674005328,1.007834587,0.513743042,-0.349868003,1.591237971,-1.671085496,-2.087963228,1.558790058
8.3664,-0.294233546,0.678090227,-0.858817096,0.287232343,-0.30977057,-0.111998978,-0.229265111,0.486001206,-0.031395531,-0.333450422,0.663100952,1.015607839,0.516493321,-0.357662879,1.585341107,-1.653542789,-2.137232037,1.480983423
8.3716,-0.29539722,0.680566554,-0.858957186,0.285509285,-0.306415513,-0.106798646,-0.22666616,0.484283686,-0.023452048,-0.341840961,0.651945993,1.022983261,0.519215652,-0.365475374,1.57908555,-1.636159014,-2.186142541,1.403108027
8.3767,-0.296547588,0.683034019,-0.859056808,0.283743635,-0.303118022,-0.1015617,-0.224053624,0.482526318,-0.01554137,-0.350143804,0.640542399,1.029960176,0.521901047,-0.373289909,1.572479311,-1.618911767,-2.234647373,1.32519669
8.3818,-0.297684594,0.685492405,-0.859116154,0.281935845,-0.299879329,-0.096290202,-0.221427405,0.480729477,-0.007664869,-0.358358528,0.62889292,1.036539279,0.524541385,-0.381115604,1.565524764,-1.601804528,-2.282680362,1.247271029
8.3869,-0.29880816,0.687941514,-0.859135404,0.280086337,-0.296700716,-0.090986134,-0.218788133,0.478893014,0.000174804,-0.366486304,0.616999425,1.042720261,0.527140635,-0.388948905,1.558241033,-1.58485576,-2.330211215,1.169400042
8.3921,-0.299918222,0.690381155,-0.859114727,0.278195577,-0.293583402,-0.085651542,-0.21613602,0.477016602,0.007976557,-0.374528531,0.604864322,1.048503062,0.529697332,-0.396781866,1.550656734,-1.56805484,-2.377178239,1.091610424
8.3972,-0.30101472,0.692811113,-0.859054344,0.276263978,-0.2905286,-0.080288461,-0.213470889,0.475100533,0.015739275,-0.382485488,0.592491657,1.053888073,0.532205669,-0.404621142,1.54277505,-1.551417127,-2.42352536,1.013933435
8.4023,-0.302097582,0.695231186,-0.858954456,0.274291992,-0.287537543,-0.074898947,-0.210793386,0.473144779,0.023460567,-0.39035737,0.579883962,1.058876724,0.53466962,-0.412465581,1.534615733,-1.534933433,-2.469217441,0.936381949
8.4074,-0.303166741,0.697641167,-0.858815255,0.272280024,-0.284611403,-0.069484968,-0.208103632,0.471149412,0.031139605,-0.398145614,0.567044431,1.063469508,0.53709031,-0.420316302,1.526207849,-1.518618085,-2.514190858,0.859018624
8.4126,-0.304222131,0.70004087,-0.858636966,0.270228526,-0.281751372,-0.064048566,-0.205401741,0.469114018,0.038775058,-0.40585155,0.553977139,1.067667008,0.539469191,-0.428162554,1.517566428,-1.502454225,-2.558406089,0.781856485
8.4177,-0.305263711,0.702430079,-0.858419829,0.268137893,-0.278958604,-0.058591782,-0.202687858,0.46703891,0.046366371,-0.413475575,0.540686183,1.071470991,0.541793343,-0.436010766,1.50869987,-1.486456077,-2.601813085,0.704904287
8.4229,-0.306291404,0.704808592,-0.858164072,0.266008562,-0.276234196,-0.053116562,-0.199962443,0.464924083,0.053911415,-0.42101778,0.527176486,1.074882268,0.544071729,-0.443859544,1.499625714,-1.470608651,-2.64433876,0.628220311
8.428,-0.307305153,0.707176212,-0.857869897,0.263840928,-0.273579267,-0.047624963,-0.197225733,0.462769138,0.061410154,-0.428480594,0.51345153,1.077901048,0.546303275,-0.451703089,1.490383264,-1.454919465,-2.685937619,0.551792555
8.4331,-0.308304916,0.709532729,-0.8575376,0.261635418,-0.270994887,-0.042118934,-0.194477788,0.460574501,0.068861279,-0.435863247,0.499517325,1.080530087,0.548477419,-0.45954531,1.48095611,-1.439373462,-2.72654959,0.475665852
8.4383,-0.30929062,0.711877936,-0.857167388,0.259392414,-0.268482136,-0.036600512,-0.191719083,0.458340281,0.076264049,-0.443166905,0.485378385,1.082770988,0.550603164,-0.46738693,1.471383427,-1.423980337,-2.766136203,0.399826115
8.4434,-0.310262208,0.714211631,-0.856759511,0.257112316,-0.266042065,-0.031071645,-0.18894976,0.456066279,0.083617561,-0.45039254,0.471038813,1.084624578,0.552682071,-0.475226335,1.461681961,-1.408735394,-2.804657084,0.324305229
8.4486,-0.311219634,0.716533627,-0.856314218,0.254795565,-0.263675636,-0.025534306,-0.186170275,0.453752329,0.090921308,-0.457540724,0.456506081,1.086092309,0.554708281,-0.483052629,1.451870503,-1.393606647,-2.842037502,0.249114671
8.4536,-0.312162859,0.718843701,-0.855831803,0.25244251,-0.261383854,-0.019990483,-0.183380612,0.451398778,0.098174707,-0.464612208,0.441785471,1.087176771,0.556673643,-0.490876726,1.441940716,-1.378615379,-2.878245925,0.174247783
8.4587,-0.313091811,0.721141658,-0.855312485,0.250053544,-0.259167666,-0.014442076,-0.180581154,0.449005655,0.105377259,-0.471607362,0.426883183,1.087879621,0.558589846,-0.498691969,1.431932713,-1.363752823,-2.913235421,0.099746038
8.4638,-0.314006445,0.723427309,-0.854756524,0.247629075,-0.25702793,-0.008891055,-0.177772261,0.446572718,0.112528603,-0.478527514,0.41180574,1.088201771,0.560453663,-0.506489621,1.42186171,-1.349000639,-2.94692571,0.025598907
8.4688,-0.31490673,0.725700439,-0.854164223,0.245169481,-0.254965569,-0.003339362,-0.174954024,0.44410035,0.119628394,-0.485372087,0.396559611,1.088145341,0.562254699,-0.51427554,1.411717982,-1.334354253,-2.979299045,-0.048191902
8.474,-0.315792603,0.727960839,-0.853535812,0.242675126,-0.252981428,0.002211086,-0.172126942,0.441588604,0.126676346,-0.49214235,0.381151627,1.087713503,0.564002121,-0.522052685,1.401535238,-1.319818027,-3.010310091,-0.121619149
8.4792,-0.31666402,0.730208313,-0.852871549,0.24014639,-0.251076296,0.00775837,-0.169291293,0.439037433,0.133672308,-0.498838738,0.365588364,1.086906573,0.565695063,-0.529816817,1.391331937,-1.305382289,-3.039903666,-0.194682197
8.4845,-0.317520933,0.732442674,-0.852171699,0.23758369,-0.249250929,0.013300586,-0.166447247,0.436446726,0.140616208,-0.505461681,0.349878307,1.085726518,0.567335302,-0.537556746,1.381121128,-1.291015023,-3.068030432,-0.267378742
8.4897,-0.318363321,0.734663708,-0.851436568,0.234987359,-0.247506092,0.018835805,-0.163595002,0.433816996,0.147507979,-0.512011572,0.334028376,1.084175773,0.568910247,-0.545280524,1.370890798,-1.276732915,-3.094669186,-0.339728762
8.4949,-0.319191126,0.736871214,-0.850666381,0.232357769,-0.245842479,0.024362203,-0.160735072,0.431148126,0.154347612,-0.518488824,0.318046258,1.082256299,0.570429189,-0.552986123,1.360677163,-1.262528076,-3.119782135,-0.411696097
8.5001,-0.320004311,0.739065008,-0.849861405,0.229695312,-0.244260694,0.029877862,-0.157867746,0.428440032,0.161135223,-0.524894187,0.301940105,1.07996916,0.571891386,-0.560662258,1.350491336,-1.248378448,-3.143304137,-0.483307571
8.5052,-0.320802853,0.741244872,-0.849021944,0.227000352,-0.242761399,0.035380918,-0.154993134,0.425693145,0.167870916,-0.531227003,0.285717838,1.077316172,0.573286607,-0.568319491,1.340319308,-1.234278329,-3.165231094,-0.554562494
8.5107,-0.321586702,0.743410616,-0.848148231,0.224273238,-0.241345169,0.040869518,-0.152111758,0.42290758,0.174554838,-0.537488047,0.269387768,1.074300693,0.574624192,-0.575950841,1.330190345,-1.22023121,-3.185534704,-0.625461201
8.5157,-0.322355818,0.745562036,-0.847240521,0.221514334,-0.240012508,0.046341804,-0.149223805,0.420083461,0.181187244,-0.543677568,0.252957667,1.070922972,0.575906031,-0.583559133,1.320118325,-1.206229102,-3.204172986,-0.696014297
8.5208,-0.323110174,0.747698953,-0.846299076,0.218724046,-0.238763896,0.051795935,-0.14632967,0.417220634,0.187768445,-0.549795715,0.236437336,1.067184869,0.577129193,-0.591130481,1.310111602,-1.192239619,-3.221115708,-0.766224889
8.5259,-0.323849754,0.749821156,-0.845324196,0.215902697,-0.237599807,0.057230055,-0.143429472,0.41431947,0.194298733,-0.555842593,0.21983471,1.063088694,0.578283577,-0.598673127,1.300153372,-1.178279311,-3.236361756,-0.83611252
8.5311,-0.324574516,0.751928445,-0.844316105,0.213050654,-0.236520635,0.062642401,-0.140523646,0.411380219,0.200778532,-0.561818222,0.203158601,1.058636379,0.579376335,-0.606187569,1.290272674,-1.164337792,-3.249889482,-0.905646822
8.5361,-0.325284424,0.754020647,-0.843275054,0.210168295,-0.235526679,0.068031116,-0.137612495,0.40840275,0.207208156,-0.56772327,0.186417998,1.05382883,0.580412054,-0.613659921,1.280478276,-1.150398184,-3.261650764,-0.974856841
8.5412,-0.325979473,0.756097556,-0.84220134,0.207255983,-0.234618291,0.073394399,-0.134696239,0.405387573,0.213587999,-0.573556702,0.169621775,1.048667589,0.581378375,-0.621095842,1.270751204,-1.136452964,-3.271659311,-1.043745736
8.5464,-0.326659609,0.758158959,-0.841095158,0.20431405,-0.233795735,0.078730484,-0.131775703,0.402335156,0.219918091,-0.579318517,0.152778787,1.043155361,0.582291772,-0.62850508,1.261129924,-1.122512972,-3.27990791,-1.112297962
8.5514,-0.327324823,0.760204695,-0.839956782,0.201342892,-0.233059204,0.084037531,-0.128850664,0.399244965,0.226199463,-0.585009699,0.135897653,1.037293467,0.583144331,-0.635868638,1.251605935,-1.108551519,-3.286376287,-1.180547878
8.5565,-0.327975104,0.762234576,-0.838786472,0.19834289,-0.232408862,0.089313777,-0.125921347,0.396117345,0.232433009,-0.590629579,0.118988597,1.031082849,0.583929019,-0.64318301,1.24217381,-1.094550103,-3.291058775,-1.248488965
8.5616,-0.328610436,0.764248391,-0.837584493,0.195314373,-0.231844862,0.094557428,-0.122988207,0.392952827,0.238618662,-0.596178094,0.102060063,1.024525556,0.584643686,-0.650458784,1.232824819,-1.080524032,-3.293974409,-1.316136282
8.5668,-0.32923078,0.766245957,-0.836351049,0.192257704,-0.231367281,0.099766781,-0.120051672,0.389751518,0.244756915,-0.601654897,0.085121056,1.017623486,0.585300577,-0.657691617,1.223585509,-1.066466685,-3.295126971,-1.383454114
8.5719,-0.329836123,0.768227102,-0.835086382,0.189173259,-0.230976095,0.10494004,-0.117112147,0.386513458,0.250848426,-0.607059798,0.068180732,1.010377639,0.585897043,-0.664870256,1.214455054,-1.052366557,-3.294491768,-1.450467353
8.577,-0.330426459,0.770191624,-0.833790767,0.186061433,-0.230671343,0.110075455,-0.11416954,0.383239109,0.256893596,-0.612392622,0.051248002,1.002789362,0.58642846,-0.672002994,1.205412464,-1.038200262,-3.292111064,-1.517176506
8.5822,-0.331001761,0.772139336,-0.832464402,0.182922553,-0.230452958,0.115171304,-0.111224884,0.379928806,0.262893033,-0.617653079,0.034331636,0.994861672,0.586902072,-0.679090389,1.196480143,-1.02398632,-3.287996575,-1.583569584
8.5873,-0.331562025,0.774070057,-0.8311075,0.179757002,-0.230320842,0.12022584,-0.108278173,0.376582689,0.268846815,-0.62284079,0.017440625,0.986594933,0.587314861,-0.686128153,1.187669641,-1.009711567,-3.282170693,-1.649652713
8.5923,-0.332107246,0.775983606,-0.829720326,0.176565164,-0.23027481,0.125237334,-0.105329318,0.373201221,0.27475643,-0.627955102,0.000584316,0.977990625,0.587662384,-0.69311434,1.178958389,-0.995362562,-3.274633636,-1.71542525
8.5974,-0.332637413,0.7778798,-0.828303111,0.173347398,-0.230314693,0.130204072,-0.102379158,0.369784561,0.280621452,-0.632996057,-0.016229386,0.969050452,0.587947436,-0.700049339,1.170342892,-0.980943356,-3.26542572,-1.780880418
8.6026,-0.333152511,0.779758471,-0.826856059,0.170104079,-0.230440228,0.135124378,-0.099427794,0.366332479,0.286442909,-0.637963284,-0.032992607,0.959777016,0.588174894,-0.706924597,1.161833269,-0.966449037,-3.254560433,-1.845994041
8.6077,-0.33365255,0.781619435,-0.825379411,0.166835598,-0.230651127,0.139996516,-0.096475338,0.362845791,0.292221613,-0.642856776,-0.049695727,0.950171101,0.588335568,-0.713741331,1.153415826,-0.951865731,-3.242063272,-1.910779643
8.6128,-0.334137513,0.78346251,-0.823873381,0.163542335,-0.230947094,0.144818784,-0.093522212,0.359324785,0.29795711,-0.647675247,-0.066331172,0.94023469,0.588437566,-0.720502507,1.145090269,-0.937189022,-3.227986296,-1.975235517
8.6179,-0.334607402,0.785287524,-0.822338172,0.160224654,-0.231327739,0.149589551,-0.09056903,0.355769656,0.303650501,-0.652418545,-0.082891445,0.929970187,0.588478711,-0.727203902,1.136862815,-0.922426268,-3.212349247,-2.039320644
8.623,-0.335062215,0.787094315,-0.820773997,0.156882961,-0.23179268,0.154307114,-0.087615992,0.35218042,0.309302279,-0.657086597,-0.099368113,0.919378642,0.588461507,-0.73383694,1.128730394,-0.90755914,-3.195206262,-2.103041699
8.6281,-0.335501959,0.788882701,-0.819181081,0.153517643,-0.232341448,0.158969794,-0.084662996,0.348557925,0.314913306,-0.661678245,-0.115752846,0.908462127,0.588381858,-0.740407401,1.120680408,-0.892583922,-3.176585377,-2.16639494
8.6333,-0.335926632,0.790652498,-0.817559616,0.150129062,-0.232973614,0.163575951,-0.08171066,0.344902169,0.32048361,-0.666193485,-0.132039838,0.897222265,0.588243188,-0.746920782,1.112719541,-0.877514096,-3.156562261,-2.229358269
8.6384,-0.33633623,0.792403567,-0.815909806,0.146717626,-0.233688576,0.168123943,-0.07875927,0.341213386,0.326013539,-0.670631596,-0.148221113,0.885661193,0.588051009,-0.753358673,1.104846235,-0.862336937,-3.135135175,-2.291913379
8.6435,-0.336730771,0.794135723,-0.814231895,0.143283753,-0.234485832,0.172612124,-0.075808809,0.337492147,0.331503465,-0.674991986,-0.164289816,0.87378122,0.587799089,-0.759729382,1.097031678,-0.847034787,-3.11238422,-2.354052416
8.6487,-0.337110256,0.795848796,-0.812526055,0.139827814,-0.235364789,0.177038911,-0.072860084,0.333738785,0.336953728,-0.679273951,-0.180239116,0.861585496,0.587490758,-0.766036021,1.089290826,-0.831621823,-3.088359517,-2.415732858
8.6537,-0.337474695,0.797542624,-0.810792482,0.136350209,-0.236324799,0.181402673,-0.069913177,0.32995374,0.342364798,-0.683477125,-0.196063435,0.849075354,0.58712653,-0.772274233,1.081621471,-0.816095459,-3.063099151,-2.476947626
8.6588,-0.33782409,0.799217069,-0.809031379,0.13285137,-0.237365203,0.185701812,-0.066968359,0.326137091,0.347737128,-0.687600776,-0.211755267,0.836253016,0.586712152,-0.778430125,1.074016698,-0.800436348,-3.036654289,-2.537675279
8.6639,-0.338158472,0.800871948,-0.807242976,0.129331681,-0.238485342,0.189934734,-0.064025811,0.32228933,0.353070777,-0.69164426,-0.227309374,0.823121424,0.586236441,-0.784514465,1.066452208,-0.784656965,-3.009098495,-2.597897759
8.6693,-0.338477833,0.802507106,-0.805427429,0.125791548,-0.239684493,0.194099905,-0.061085915,0.318411035,0.358366002,-0.695606862,-0.242720014,0.809684088,0.585712703,-0.790525335,1.058947319,-0.768757621,-2.980482653,-2.657569688
8.6746,-0.338782192,0.804122407,-0.80358494,0.122231392,-0.240961861,0.198195748,-0.058148816,0.314502306,0.363623287,-0.699487951,-0.257982056,0.795942726,0.585139632,-0.796448676,1.051492221,-0.752731389,-2.950834155,-2.716676673
8.6798,-0.339071571,0.805717673,-0.801715737,0.118651652,-0.242316728,0.202220702,-0.055214569,0.310563763,0.368842617,-0.703286949,-0.273090357,0.781900561,0.584513948,-0.8022974,1.044062396,-0.736564319,-2.920242351,-2.775204298
8.685,-0.339345982,0.807292757,-0.799819975,0.115052728,-0.243748295,0.206173283,-0.052283947,0.306595901,0.374024267,-0.70700306,-0.288040352,0.767561507,0.583839339,-0.808066842,1.036674702,-0.720267045,-2.888762903,-2.83309892
8.6902,-0.33960544,0.80884751,-0.797897849,0.111435048,-0.245255719,0.210051949,-0.049357088,0.302598925,0.379168331,-0.710635713,-0.302828243,0.75292779,0.583118982,-0.813754907,1.029321546,-0.703835667,-2.856440589,-2.890350185
8.6953,-0.339849964,0.810381806,-0.795949548,0.107799057,-0.246838164,0.213855202,-0.046434017,0.298573182,0.384275285,-0.714184197,-0.317448553,0.738002865,0.582354079,-0.819347626,1.0220006,-0.687259221,-2.82333645,-2.946930953
8.7005,-0.340079591,0.811895478,-0.793975296,0.104145163,-0.248494795,0.217581571,-0.043514982,0.29451944,0.389344919,-0.717647697,-0.331898205,0.722790337,0.581536356,-0.82485512,1.014685132,-0.670548716,-2.7895253,-3.002808156
8.7056,-0.340294318,0.813388381,-0.791975252,0.100473804,-0.250224726,0.221229637,-0.040600211,0.290438032,0.394377297,-0.721025527,-0.346173728,0.70729465,0.580682016,-0.830277397,1.007389597,-0.653702931,-2.755060709,-3.057927297
8.7107,-0.340494174,0.814860398,-0.7899496,0.096785426,-0.25202701,0.224797927,-0.0376899,0.28632923,0.399372617,-0.72431698,-0.360271865,0.691518982,0.579787748,-0.835597709,1.000111557,-0.636715901,-2.719971343,-3.112277156
8.7158,-0.340679195,0.816311369,-0.787898567,0.093080484,-0.253900789,0.228285019,-0.034784164,0.282193726,0.404330798,-0.727521419,-0.374189552,0.67546723,0.57884798,-0.840828579,0.992824225,-0.619579446,-2.684346157,-3.165827426
8.7209,-0.340849398,0.817741157,-0.785822306,0.089359401,-0.255845135,0.231689554,-0.03188363,0.278031984,0.409251938,-0.730638214,-0.387924202,0.659144539,0.577868964,-0.845967539,0.985544915,-0.602305294,-2.648241361,-3.218521718
8.726,-0.341004805,0.819149633,-0.783721008,0.085622632,-0.257859109,0.235010119,-0.02898818,0.273844382,0.414136164,-0.733666346,-0.401473509,0.64255448,0.576854379,-0.851009809,0.978266897,-0.584890327,-2.611712274,-3.27034948
8.731,-0.341145439,0.820536688,-0.781594868,0.081870647,-0.259941707,0.238245366,-0.026098088,0.269631346,0.418983364,-0.736605276,-0.414835471,0.62570167,0.575808219,-0.855941051,0.970983637,-0.567324042,-2.574781407,-3.321273855
8.7361,-0.341271346,0.821902173,-0.779444101,0.078103887,-0.262092018,0.241393967,-0.02321344,0.265393726,0.423793353,-0.739454257,-0.428008042,0.608590597,0.574719828,-0.860771026,0.963673788,-0.549615828,-2.53753088,-3.371260345
8.7412,-0.341382541,0.82324596,-0.777268861,0.074322819,-0.264309075,0.244454656,-0.020334421,0.261131937,0.428566144,-0.74221255,-0.440989833,0.591227116,0.573600684,-0.865499391,0.956355246,-0.531760457,-2.500014304,-3.420251251
8.7463,-0.341479047,0.824567952,-0.775069343,0.070527901,-0.26659185,0.247426116,-0.017461283,0.256846335,0.433301779,-0.744879212,-0.453779636,0.573615719,0.572454798,-0.870109062,0.949021904,-0.513762279,-2.462249719,-3.468234731
8.7514,-0.341560906,0.825868003,-0.772845769,0.066719618,-0.268939406,0.250307105,-0.014593865,0.252537699,0.43799992,-0.747453692,-0.466376276,0.555761441,0.571276696,-0.874612243,0.94165058,-0.495611012,-2.424312053,-3.515170612
8.7564,-0.341628149,0.827146002,-0.770598297,0.062898438,-0.271350758,0.25309643,-0.01173274,0.248206484,0.442660617,-0.74993532,-0.478778891,0.537670588,0.570068093,-0.879003856,0.934257355,-0.47730903,-2.386249625,-3.561003192
8.7615,-0.341680801,0.828401832,-0.768327123,0.059064824,-0.273824917,0.255792856,-0.008877841,0.24385336,0.447283643,-0.752323036,-0.490986958,0.519348297,0.568835296,-0.883283732,0.926836612,-0.458863331,-2.348106289,-3.60572282
8.7666,-0.341718888,0.829635405,-0.766032436,0.055219274,-0.27636084,0.258395211,-0.006029384,0.239478737,0.451868959,-0.754616286,-0.503000302,0.500800227,0.567582309,-0.887434707,0.91938786,-0.440263683,-2.309894768,-3.649296362
8.7717,-0.341742465,0.830846591,-0.76371446,0.05136227,-0.278957582,0.260902367,-0.003187397,0.235083446,0.456416158,-0.756814286,-0.514818548,0.482032325,0.566298454,-0.891468929,0.91188864,-0.421509903,-2.271684269,-3.691683768
8.7768,-0.341751532,0.832035293,-0.761373352,0.047494294,-0.281614149,0.263313249,-0.000351983,0.230668102,0.460924833,-0.758916054,-0.526441798,0.463051701,0.56500497,-0.895378699,0.904360125,-0.402606396,-2.233512166,-3.732831797
8.7819,-0.341746156,0.833201412,-0.759009326,0.043615845,-0.284329524,0.265626759,0.002476764,0.226233553,0.465395514,-0.760921018,-0.537869791,0.443863798,0.563683957,-0.899160952,0.89678768,-0.383547765,-2.195400698,-3.772721714
8.7871,-0.34172635,0.834344833,-0.756622587,0.039727419,-0.287102731,0.267841863,0.005298635,0.22178002,0.469827139,-0.762828388,-0.549103562,0.424474928,0.562349149,-0.902822717,0.88916405,-0.364333744,-2.157391948,-3.811314629
8.7922,-0.341692154,0.835465474,-0.7542133,0.035829513,-0.289932807,0.269957587,0.00811366,0.217308246,0.474220311,-0.764637066,-0.560144162,0.404892665,0.560999583,-0.906354387,0.881506616,-0.344966055,-2.119531978,-3.848556511
8.7973,-0.341643602,0.836563264,-0.751781674,0.031922636,-0.292818697,0.271972876,0.010921768,0.212818829,0.478574528,-0.766346569,-0.570992013,0.38512293,0.559636867,-0.909741503,0.873806781,-0.325441488,-2.08180842,-3.88446484
8.8025,-0.341580747,0.837638086,-0.749327943,0.028007302,-0.295759466,0.273886832,0.013722871,0.208312569,0.482889315,-0.767956084,-0.581647638,0.36517308,0.558252782,-0.912998965,0.866043236,-0.305754731,-2.044274138,-3.918982598
8.8076,-0.341503609,0.838689861,-0.746852279,0.024084025,-0.298754134,0.275698602,0.016516889,0.203790244,0.487164487,-0.769464781,-0.592112062,0.345050875,0.5568586,-0.916121902,0.858231343,-0.285905265,-2.006952284,-3.952049716
8.8128,-0.341412214,0.839718532,-0.744354884,0.020153313,-0.301801687,0.277407271,0.019303786,0.199252377,0.491400002,-0.770871637,-0.602386662,0.324763408,0.555460659,-0.919093424,0.850369906,-0.265897086,-1.969837127,-3.98366509
8.8179,-0.341306617,0.840724002,-0.74183599,0.016215687,-0.304901202,0.279012028,0.022083728,0.194699818,0.49559525,-0.772176043,-0.612472304,0.304318079,0.554050886,-0.92192372,0.842440618,-0.245729224,-1.932974315,-4.013789689
8.823,-0.341186852,0.841706194,-0.739295776,0.012271679,-0.308051716,0.280512129,0.024856248,0.190133388,0.49975003,-0.773377173,-0.622370412,0.283723046,0.552630657,-0.924612991,0.834459236,-0.225396015,-1.896377526,-4.04236762
8.8281,-0.34105295,0.842665039,-0.736734451,0.008321811,-0.311252283,0.281906777,0.027621513,0.185553812,0.503864168,-0.774474192,-0.632082391,0.262985886,0.551205893,-0.927158988,0.826422354,-0.204901494,-1.860065696,-4.069399762
8.8333,-0.340904943,0.843600496,-0.734152216,0.004366615,-0.314501911,0.283195271,0.030379406,0.180961659,0.507937394,-0.775466276,-0.641609858,0.242114462,0.549780164,-0.92954517,0.818334214,-0.184244732,-1.824021557,-4.094854077
8.8384,-0.34074289,0.844512475,-0.731549314,0.000406642,-0.317799696,0.284376947,0.033129996,0.176357807,0.511969188,-0.776352473,-0.650953746,0.2211171,0.548342307,-0.93178701,0.810174452,-0.163417249,-1.788276529,-4.11870174
8.8436,-0.340566807,0.845400921,-0.72892593,-0.003557568,-0.321144715,0.285451234,0.035873359,0.171743104,0.515959426,-0.777132114,-0.660115816,0.200002348,0.546905811,-0.933880279,0.80195702,-0.142417929,-1.752842355,-4.140884869
8.8487,-0.340376735,0.846265806,-0.726282275,-0.007525476,-0.324536001,0.286417509,0.038609395,0.167118146,0.519907715,-0.777804128,-0.669097908,0.178778388,0.54546943,-0.935808798,0.793683871,-0.121250431,-1.717697604,-4.161402775
8.8538,-0.34017272,0.847107059,-0.72361857,-0.011496535,-0.327972679,0.287275229,0.041338302,0.162483847,0.523814171,-0.778367762,-0.677901159,0.157453975,0.544029556,-0.937583524,0.785350166,-0.099915754,-1.682870023,-4.180233803
8.8589,-0.339954798,0.847924627,-0.720935043,-0.015470182,-0.331453846,0.288023958,0.044059653,0.157840981,0.527677746,-0.778822148,-0.686527298,0.136037961,0.542587112,-0.939208086,0.776948295,-0.07840764,-1.648363031,-4.197320166
8.8639,-0.339722996,0.848718472,-0.718231897,-0.019445858,-0.334978594,0.288663201,0.046773765,0.153190428,0.531498527,-0.779166191,-0.694977741,0.114539029,0.541150138,-0.940678849,0.768487409,-0.056724374,-1.614170831,-4.212666286
8.869,-0.339477354,0.849488581,-0.71550935,-0.023423005,-0.338545996,0.289192555,0.049480557,0.148532805,0.535276212,-0.779399211,-0.703254546,0.092966211,0.539717117,-0.941980256,0.759967503,-0.034869068,-1.580269178,-4.226250862
8.8747,-0.339217927,0.850234892,-0.712767648,-0.027401043,-0.34215521,0.289611666,0.052180027,0.143869037,0.539010257,-0.779520206,-0.711358837,0.07132855,0.538278986,-0.943128829,0.751373681,-0.012832688,-1.546678727,-4.238051195
8.8804,-0.338944734,0.850957383,-0.71000699,-0.0313794,-0.345805355,0.289920279,0.054872177,0.139199918,0.542700528,-0.779528452,-0.719292078,0.049635383,0.536846145,-0.944119126,0.742720411,0.009386399,-1.513391001,-4.248013798
8.8857,-0.338657814,0.851656037,-0.707227603,-0.0353575,-0.349495528,0.290118087,0.057557033,0.134525856,0.546346817,-0.779422918,-0.727056253,0.027896063,0.535419129,-0.944946458,0.734005489,0.03178732,-1.48037705,-4.25614729
8.8908,-0.338357207,0.852330828,-0.704429717,-0.03933477,-0.353224905,0.290204869,0.06023493,0.129848394,0.54994891,-0.779202685,-0.73465228,0.006119956,0.53399638,-0.945613241,0.725227043,0.054366929,-1.447650538,-4.262437065
8.8959,-0.338042953,0.852981732,-0.701613566,-0.043310607,-0.356992637,0.29018052,0.062905372,0.125168136,0.553505852,-0.778866811,-0.742081708,-0.015683401,0.532575991,-0.946123844,0.716380091,0.077136778,-1.415203765,-4.266830668
8.9009,-0.337715079,0.853608732,-0.698779366,-0.047284421,-0.360797873,0.290044877,0.065568492,0.120485768,0.55701773,-0.778414225,-0.749345828,-0.037504369,0.531165208,-0.946480841,0.707474058,0.100096368,-1.383023065,-4.269340492
8.906,-0.337373621,0.854211849,-0.69592735,-0.051255627,-0.364639739,0.289797873,0.068224544,0.115802013,0.560484339,-0.777844076,-0.756446424,-0.0593333,0.529764312,-0.946667733,0.698506864,0.123240328,-1.35107471,-4.269950945
8.9111,-0.337018635,0.854791053,-0.693057772,-0.055223612,-0.36851743,0.289439487,0.070873447,0.111117906,0.563905029,-0.777155297,-0.763384179,-0.081160277,0.528361427,-0.946699857,0.689466384,0.146577945,-1.319363085,-4.268652571
8.9162,-0.336650141,0.85534634,-0.690170841,-0.059187767,-0.372430123,0.288969808,0.073515215,0.106434125,0.567279668,-0.776347101,-0.770160167,-0.10297565,0.52696646,-0.946580398,0.680367234,0.170111019,-1.287876197,-4.265398282
8.9213,-0.336268176,0.855877734,-0.687266797,-0.063147482,-0.376376965,0.288388868,0.076150095,0.101751162,0.570608054,-0.775418488,-0.776776065,-0.124769393,0.525579729,-0.946298655,0.671207334,0.193841066,-1.256579947,-4.260208641
8.9264,-0.335872783,0.856385237,-0.684345885,-0.067102152,-0.380357169,0.287696809,0.078778118,0.097070348,0.573889867,-0.774368364,-0.78323213,-0.1465315,0.524196875,-0.945858512,0.661982323,0.217762353,-1.225476059,-4.253071295
8.9314,-0.335463997,0.856868847,-0.681408352,-0.071051137,-0.384369922,0.286893865,0.081398893,0.092392258,0.577124351,-0.77319552,-0.789529507,-0.168252147,0.522817798,-0.945270971,0.652687262,0.241886603,-1.194547845,-4.243948775
8.9366,-0.335041834,0.857328582,-0.678454406,-0.07499381,-0.388414412,0.285980212,0.084012983,0.087717544,0.580312022,-0.77189912,-0.795668939,-0.189920979,0.521454705,-0.944535464,0.643342215,0.266215691,-1.163775839,-4.232871162
8.9417,-0.334606349,0.857764487,-0.67548432,-0.078929554,-0.392489814,0.284956149,0.086619926,0.08304699,0.583451754,-0.770478142,-0.801651758,-0.211527997,0.520095321,-0.943639539,0.633928139,0.290741348,-1.133128594,-4.219828351
8.9468,-0.334157586,0.85817656,-0.672498345,-0.082857723,-0.396595358,0.283822017,0.089219931,0.078381578,0.586543291,-0.768931566,-0.807478089,-0.23306317,0.518734224,-0.942599992,0.624442121,0.315469843,-1.1026062,-4.20481707
8.9519,-0.333695561,0.85856483,-0.669496707,-0.086777658,-0.400730241,0.282578259,0.091812918,0.073721829,0.5895864,-0.767258535,-0.813148413,-0.254516682,0.517383154,-0.94141914,0.614896127,0.340411919,-1.072188092,-4.187804552
8.957,-0.333220296,0.858929323,-0.666479655,-0.090688723,-0.404893675,0.281225232,0.09439947,0.069068554,0.592581076,-0.765457464,-0.818663118,-0.275877231,0.516049491,-0.940102128,0.605287981,0.365561498,-1.041858171,-4.168844323
8.9622,-0.332731857,0.85927009,-0.663447443,-0.094590267,-0.409084858,0.2797635,0.096979215,0.06442267,0.595526895,-0.763527809,-0.824022594,-0.297136527,0.514713847,-0.938641686,0.595615777,0.390917233,-1.011592776,-4.147897257
8.9673,-0.332230262,0.85958716,-0.66040033,-0.098481618,-0.413303009,0.278193593,0.099552167,0.059784782,0.598423107,-0.761468192,-0.829227341,-0.318283039,0.513385589,-0.937047713,0.58587444,0.416487094,-0.981378274,-4.124978063
8.9725,-0.331715555,0.859880584,-0.657338556,-0.102362123,-0.417547306,0.276516097,0.102118145,0.055155067,0.601269891,-0.759277434,-0.834277932,-0.339307252,0.512059067,-0.935316428,0.576071213,0.442264713,-0.951177383,-4.100099823
8.9776,-0.33118777,0.860150396,-0.654262378,-0.106231099,-0.421816991,0.27473165,0.104677566,0.050534504,0.604066824,-0.756954557,-0.839173923,-0.360199526,0.510733738,-0.933459167,0.566204075,0.46825817,-0.920989381,-4.073278902
8.9827,-0.330646929,0.860396639,-0.651172047,-0.110087865,-0.426111271,0.272841009,0.107230352,0.045923823,0.606813484,-0.754498557,-0.843915224,-0.38094999,0.509416754,-0.93148201,0.55627561,0.494470152,-0.890793245,-4.044490373
8.9879,-0.330093073,0.860619382,-0.648067825,-0.113931747,-0.430429339,0.270844872,0.109776532,0.04132324,0.609509655,-0.75190833,-0.848502434,-0.40154821,0.508102881,-0.929379406,0.546283497,0.520895636,-0.860559139,-4.01377937
8.993,-0.329526229,0.860818678,-0.64494997,-0.117762074,-0.434770424,0.268744049,0.112316134,0.036733999,0.612155012,-0.749182815,-0.852934725,-0.421984407,0.506796661,-0.927155444,0.536227985,0.547524399,-0.830279529,-3.981155872
8.9981,-0.328946449,0.860994574,-0.641818755,-0.12157813,-0.439133733,0.266539434,0.114849061,0.032156589,0.614748905,-0.746320939,-0.85721182,-0.442249316,0.505485352,-0.924820978,0.526101532,0.574370315,-0.799936483,-3.946610755
9.0032,-0.328353752,0.861147132,-0.63867443,-0.125379216,-0.443518475,0.264231878,0.117375311,0.027591358,0.617291299,-0.743321598,-0.861333144,-0.462332645,0.504178037,-0.922380077,0.515911213,0.601432241,-0.769512076,-3.910193182
9.0083,-0.327748172,0.86127644,-0.635517258,-0.129164653,-0.447923839,0.261822336,0.119895109,0.023038875,0.619781868,-0.74018373,-0.865299034,-0.482224994,0.502874267,-0.919822517,0.505657134,0.628693989,-0.73897971,-3.871922082
9.0134,-0.327129758,0.861382536,-0.632347518,-0.13293371,-0.452349038,0.259311806,0.12240824,0.018499782,0.622219959,-0.736906188,-0.86910809,-0.501916765,0.501563787,-0.917169796,0.495331615,0.656165968,-0.70832774,-3.831821023
9.0186,-0.326498523,0.861465493,-0.62916547,-0.136685674,-0.456793278,0.256701377,0.124914804,0.013974459,0.62460563,-0.73348811,-0.872759463,-0.52139934,0.500258181,-0.914423938,0.484939281,0.683845768,-0.677543468,-3.789889584
9.0236,-0.325854501,0.861525394,-0.625971373,-0.14041982,-0.461255738,0.253992094,0.127414823,0.009463076,0.626938554,-0.729928336,-0.876253439,-0.540662918,0.498956947,-0.911582725,0.474485262,0.71173285,-0.646600972,-3.746185893
9.0287,-0.325197734,0.861562309,-0.622765505,-0.144135449,-0.465735625,0.251185103,0.129908306,0.004966821,0.629218199,-0.726225853,-0.879588473,-0.559698522,0.497654723,-0.908653219,0.46396462,0.739809189,-0.615492223,-3.700735218
9.0338,-0.324528267,0.861576308,-0.619548148,-0.147831803,-0.470232125,0.248281629,0.132395125,0.000485711,0.631444004,-0.722379463,-0.882763468,-0.578497879,0.496343552,-0.905644552,0.453371834,0.768085821,-0.584201004,-3.653546245
9.0389,-0.323846113,0.861567464,-0.616319565,-0.151508153,-0.474744412,0.245282857,0.134875367,-0.003979767,0.633615928,-0.71838847,-0.885777442,-0.597051565,0.495035011,-0.902563889,0.442713694,0.796555962,-0.552706346,-3.604680941
9.0441,-0.323151316,0.861535887,-0.613080035,-0.155163777,-0.479271659,0.242190057,0.137349031,-0.008429317,0.635733734,-0.714251827,-0.888630236,-0.615351229,0.493723704,-0.899398852,0.431987722,0.82520217,-0.520991342,-3.554178083
9.0492,-0.322443919,0.861481634,-0.609829844,-0.158797903,-0.483813043,0.239004562,0.139815981,-0.012862557,0.637796651,-0.709968505,-0.891319774,-0.633388387,0.492401643,-0.896168965,0.421188545,0.854035969,-0.489044358,-3.502066174
9.0544,-0.321723938,0.861404786,-0.606569263,-0.162409787,-0.48836773,0.235727762,0.142276293,-0.017279073,0.639804727,-0.705537575,-0.893844835,-0.651155707,0.491080388,-0.892881377,0.410320517,0.883046369,-0.456850467,-3.448366685
9.0595,-0.32099141,0.861305444,-0.603298575,-0.165998668,-0.492934874,0.232361011,0.144730067,-0.021678969,0.641757406,-0.700958347,-0.896205042,-0.668644553,0.489757118,-0.889531424,0.399383338,0.91223125,-0.424393937,-3.393149489
9.0648,-0.320246364,0.861183695,-0.600018057,-0.169563814,-0.497513638,0.228905757,0.147177195,-0.026061324,0.643654442,-0.696229891,-0.898398214,-0.685847076,0.488433958,-0.8861239,0.388378997,0.941565642,-0.391666917,-3.336453212
9.0699,-0.319488855,0.861039612,-0.596728012,-0.173104435,-0.502103158,0.225363515,0.149617544,-0.030426084,0.645495262,-0.691351319,-0.90042272,-0.702756717,0.487098108,-0.882672762,0.377297092,0.971058328,-0.358650824,-3.278302004
9.0751,-0.318718905,0.860873286,-0.593428718,-0.176619766,-0.506702579,0.221735761,0.152051167,-0.034773245,0.647279685,-0.686321957,-0.902277269,-0.719365309,0.485756327,-0.879182707,0.366141839,1.000697772,-0.325337284,-3.218765554
9.0802,-0.317936545,0.860684834,-0.59012046,-0.180109061,-0.511311022,0.218024041,0.154478144,-0.039102474,0.649007446,-0.681141118,-0.903961123,-0.735666129,0.484410758,-0.875641384,0.35491537,1.030459284,-0.291709939,-3.157896945
9.0853,-0.317141824,0.860474322,-0.586803536,-0.183571515,-0.515927617,0.214229959,0.156898222,-0.043413462,0.650677757,-0.675808156,-0.905471942,-0.751652278,0.483051188,-0.872070288,0.343612039,1.060351571,-0.257760337,-3.095736002
9.0904,-0.316334758,0.860241846,-0.583478233,-0.187006352,-0.520551476,0.21035516,0.159311464,-0.047706164,0.65229044,-0.670322339,-0.906807846,-0.767318175,0.481689285,-0.868471253,0.332235676,1.090360659,-0.223476778,-3.032317388
9.0955,-0.315515379,0.859987511,-0.580144848,-0.190412792,-0.525181684,0.206401261,0.161717759,-0.05198074,0.653845218,-0.6646831,-0.907967587,-0.782656881,0.480326978,-0.864841678,0.320783161,1.120474365,-0.188836159,-2.967716194
9.1006,-0.314683736,0.859711412,-0.576803675,-0.193790081,-0.529817369,0.202369942,0.164117285,-0.056236427,0.655341604,-0.658890086,-0.908949368,-0.797662196,0.478954175,-0.86118574,0.309256255,1.150662386,-0.153848274,-2.901987543
9.1057,-0.313839874,0.859413628,-0.573455024,-0.197137403,-0.534457603,0.198262956,0.16650977,-0.060473538,0.656779096,-0.652942807,-0.909750958,-0.812329472,0.477565682,-0.857516972,0.297646635,1.180927734,-0.118493477,-2.835161458
9.1108,-0.312983811,0.859094258,-0.570099189,-0.200453968,-0.539101457,0.194082014,0.168895363,-0.064691907,0.658157486,-0.646841003,-0.910370556,-0.826652374,0.476170963,-0.853836974,0.285958309,1.21125786,-0.082759521,-2.7673103
9.1159,-0.312115583,0.858753422,-0.566736471,-0.203739006,-0.543748005,0.189828881,0.171274033,-0.068891451,0.659476372,-0.640584106,-0.910806932,-0.84062592,0.474769995,-0.850134827,0.274190642,1.241624938,-0.046640594,-2.698491162
9.1209,-0.311235243,0.858391189,-0.56336718,-0.206991724,-0.548396301,0.185505357,0.173645517,-0.073072005,0.660735032,-0.634172683,-0.911057379,-0.854245207,0.473352718,-0.846431073,0.262340124,1.272014337,-0.010126455,-2.628756664
9.126,-0.310342805,0.858007654,-0.559991628,-0.210211301,-0.553045396,0.18111325,0.176009864,-0.077233776,0.661933343,-0.627606619,-0.911119761,-0.867505719,0.471930952,-0.842729112,0.250403219,1.302426674,0.026788864,-2.558166894
9.1311,-0.309438312,0.857602919,-0.556610112,-0.213396978,-0.557694338,0.176654416,0.178367147,-0.081376673,0.663070777,-0.620885072,-0.910992547,-0.880403114,0.470502152,-0.839029919,0.238386422,1.332823674,0.064105367,-2.486769686
9.1362,-0.308521806,0.857177102,-0.553222946,-0.21654798,-0.562342128,0.172130736,0.180717319,-0.08550068,0.664146817,-0.614008605,-0.910673528,-0.892934405,0.469061506,-0.835321917,0.226286182,1.363176455,0.101846423,-2.414606664
9.1413,-0.30759333,0.856730266,-0.549830463,-0.219663474,-0.566987799,0.167544054,0.183060004,-0.089605507,0.665161214,-0.606977735,-0.91016004,-0.905094963,0.467606236,-0.831629596,0.214091739,1.393490896,0.140006351,-2.34175598
9.1464,-0.306652908,0.85626253,-0.54643296,-0.222742699,-0.571630336,0.162896312,0.185395453,-0.09369182,0.66611351,-0.599792037,-0.909450413,-0.916882072,0.46614334,-0.827940985,0.201812146,1.423728509,0.178603397,-2.26824616
9.1515,-0.305700581,0.855773974,-0.543030755,-0.225784852,-0.576268745,0.158189372,0.187723724,-0.097759464,0.667003064,-0.592452139,-0.908542114,-0.928290542,0.464670598,-0.82426895,0.189446399,1.453877539,0.217635417,-2.194164524
9.1566,-0.304736383,0.855264696,-0.53962418,-0.228789164,-0.580902023,0.153425215,0.190044671,-0.101808423,0.667829421,-0.584959192,-0.90743335,-0.939319773,0.463190716,-0.820613545,0.176988348,1.483904696,0.257097082,-2.119534388
9.1617,-0.303760354,0.854734803,-0.536213543,-0.231754819,-0.585529113,0.14860575,0.19235815,-0.105839076,0.668592434,-0.577313104,-0.906121774,-0.949966335,0.461701261,-0.816970031,0.164444513,1.513807824,0.297008891,-2.044429071
9.1669,-0.302772526,0.854184389,-0.532799178,-0.234681091,-0.590148988,0.143732955,0.194664328,-0.109850874,0.66929124,-0.569514959,-0.904604792,-0.960227293,0.460207319,-0.813340375,0.151809088,1.543530726,0.337366781,-1.968889649
9.172,-0.301772955,0.853613534,-0.529381422,-0.237567174,-0.594760582,0.138808813,0.196962846,-0.113844327,0.669925563,-0.561565692,-0.902880206,-0.970101975,0.458696736,-0.809735835,0.139076027,1.573067359,0.378180982,-1.892957167
9.1771,-0.300761665,0.853022334,-0.525960595,-0.240412296,-0.599362834,0.133835281,0.199253641,-0.117819458,0.67049512,-0.553466415,-0.900945587,-0.979587408,0.457178957,-0.806155686,0.126249627,1.602393687,0.419451265,-1.816693805
9.1822,-0.299738696,0.852410908,-0.522537039,-0.243215711,-0.60395468,0.12881435,0.201536882,-0.121776359,0.670999217,-0.545217678,-0.898799342,-0.988682024,0.455653928,-0.802586638,0.11332442,1.631473476,0.461170953,-1.740146638
9.1874,-0.298704102,0.85177932,-0.51911108,-0.245976668,-0.608535014,0.123748016,0.203812302,-0.125715234,0.671437153,-0.53682164,-0.896438431,-0.997384286,0.454111821,-0.799047107,0.100304205,1.660274449,0.503352156,-1.663361028
9.1925,-0.297657906,0.851127665,-0.515683057,-0.248694392,-0.613102735,0.118638299,0.206080045,-0.12963613,0.671808647,-0.528279447,-0.893860706,-1.005694399,0.452562351,-0.795535757,0.087187938,1.688785039,0.54599466,-1.586370048
9.1976,-0.296600149,0.850456034,-0.512253313,-0.251368148,-0.617656732,0.113487186,0.208340072,-0.133539191,0.672113304,-0.519592663,-0.891063816,-1.013610329,0.451005728,-0.79205342,0.073972605,1.716971589,0.589097189,-1.509229811
9.2028,-0.295530872,0.849764544,-0.508822196,-0.253997238,-0.62219591,0.108296693,0.210592445,-0.13742453,0.672350508,-0.510763066,-0.888045774,-1.021131311,0.449439875,-0.788586061,0.060655244,1.744785303,0.632640055,-1.431978366
9.2079,-0.29445013,0.849053254,-0.505390042,-0.256580903,-0.626719114,0.103068847,0.21283679,-0.141292372,0.672519545,-0.501792583,-0.884804003,-1.028258087,0.447857538,-0.785151366,0.047239871,1.77221606,0.67663193,-1.354646122
9.213,-0.293357944,0.848322262,-0.501957205,-0.259118424,-0.631225189,0.097805648,0.215073253,-0.145142871,0.672620213,-0.49268323,-0.88133621,-1.034988931,0.446268411,-0.781744973,0.033723375,1.799238744,0.721073561,-1.277280879
9.218,-0.292254357,0.847571678,-0.498524038,-0.261609112,-0.635712999,0.092509115,0.2173018,-0.148976039,0.672651888,-0.483436574,-0.877640662,-1.041323968,0.444672677,-0.778354867,0.020102989,1.825814199,0.765946857,-1.199917083
9.2232,-0.291139425,0.846801559,-0.495090887,-0.26405228,-0.64018135,0.087181263,0.219522167,-0.152792106,0.672613845,-0.474056107,-0.873714519,-1.047263195,0.443060458,-0.774998179,0.006382949,1.851909774,0.811259687,-1.122589839
9.2283,-0.290013174,0.846011998,-0.491658117,-0.266447237,-0.644629061,0.081824126,0.2217345,-0.156591132,0.672505768,-0.464543824,-0.869555559,-1.052808182,0.44144141,-0.77167233,-0.007442212,1.877501699,0.857004977,-1.045319246
9.2334,-0.288875648,0.845203076,-0.488226081,-0.268793319,-0.649054943,0.076439709,0.223938861,-0.160373383,0.672327022,-0.454902371,-0.865161705,-1.05795808,0.439813355,-0.76837954,-0.0213704,1.902559591,0.903171971,-0.968140628
9.2385,-0.287726884,0.844374907,-0.484795151,-0.271089906,-0.653457814,0.071030022,0.226134902,-0.164138882,0.672077276,-0.445134599,-0.860531376,-1.062713328,0.438178741,-0.76510233,-0.035406649,1.927033597,0.949738109,-0.891083044
9.2436,-0.286566942,0.843527556,-0.481365677,-0.273336317,-0.657836437,0.065597084,0.228322564,-0.167887839,0.671755687,-0.435243391,-0.855661913,-1.067075929,0.436527353,-0.761852398,-0.049543821,1.950920638,0.996706601,-0.8141654
9.2487,-0.285395852,0.8426611,-0.477938035,-0.275531934,-0.662189588,0.060142893,0.230502088,-0.171620405,0.671361934,-0.425231925,-0.850551499,-1.071045232,0.434866466,-0.75863411,-0.063787047,1.974188633,1.044065255,-0.737416679
9.2538,-0.284213647,0.841775649,-0.474512594,-0.277676172,-0.666516059,0.054669447,0.232673439,-0.175336593,0.670895475,-0.415102949,-0.845198628,-1.074622262,0.4332013,-0.755429566,-0.078136196,1.996796748,1.091785058,-0.660859663
9.2591,-0.283020389,0.840871258,-0.471089719,-0.279768442,-0.670814586,0.049178748,0.234836255,-0.179036618,0.670355579,-0.404860929,-0.839600954,-1.077807935,0.431519533,-0.752254976,-0.092586419,2.018716206,1.139862631,-0.584510329
9.2645,-0.281816107,0.839948018,-0.467669802,-0.281808155,-0.675083909,0.043672795,0.236990681,-0.182720617,0.669741909,-0.394508907,-0.833756886,-1.080604782,0.429830689,-0.749104574,-0.107147445,2.039930388,1.188286256,-0.50838211
9.2708,-0.280600845,0.839006002,-0.464253212,-0.28379476,-0.67932277,0.038153566,0.239136779,-0.186388724,0.669053914,-0.384050549,-0.827664402,-1.083012646,0.428132452,-0.745982333,-0.121813972,2.06041192,1.237035618,-0.432494059
9.2759,-0.279374649,0.838045319,-0.460840334,-0.285727763,-0.683529913,0.032623046,0.241274294,-0.190040933,0.668290948,-0.373489722,-0.821322835,-1.085032676,0.42642481,-0.742869992,-0.136588103,2.080109824,1.286083236,-0.356856632
9.2812,-0.278137573,0.837066025,-0.45743154,-0.287606618,-0.687704054,0.027083206,0.243403057,-0.193677535,0.667452379,-0.36283033,-0.814729885,-1.086667622,0.424699969,-0.739781118,-0.151462332,2.099020619,1.335412202,-0.2814828
9.2863,-0.276889646,0.836068197,-0.454027223,-0.289430826,-0.69184389,0.021536004,0.245523415,-0.19729855,0.666537889,-0.352076546,-0.807884148,-1.087917432,0.422967622,-0.736717125,-0.166441133,2.117122303,1.38501008,-0.206388811
9.2914,-0.275630911,0.83505194,-0.450627777,-0.291199933,-0.695948166,0.015983406,0.247635125,-0.200903957,0.665547045,-0.341231963,-0.800784884,-1.088783543,0.421227944,-0.733659541,-0.181526014,2.134382535,1.434830415,-0.131577696
9.2965,-0.274361429,0.834017316,-0.447233582,-0.292913492,-0.700015551,0.010427361,0.249737918,-0.204493916,0.664479018,-0.330302065,-0.79343066,-1.089267524,0.419470767,-0.730619153,-0.196708873,2.150776874,1.484868913,-0.057058545
9.3016,-0.273081233,0.832964397,-0.443845042,-0.294571059,-0.704044748,0.004869817,0.251832031,-0.208068623,0.663333394,-0.31929078,-0.785820445,-1.08937221,0.41770314,-0.727597184,-0.211996447,2.166296067,1.535093224,0.017163843
9.3066,-0.271790371,0.831893262,-0.440462561,-0.296172231,-0.708034453,-0.00068729,0.253917301,-0.211627961,0.662109738,-0.308202619,-0.777953063,-1.089097584,0.415922571,-0.724592273,-0.227390215,2.180920808,1.585472312,0.091086165
9.3118,-0.270488877,0.830804014,-0.437086528,-0.297716666,-0.711983368,-0.006242036,0.255993785,-0.215171978,0.660807523,-0.297042253,-0.769828745,-1.088445197,0.414136348,-0.721588082,-0.242884114,2.194608867,1.635967824,0.164700947
9.3169,-0.269176815,0.829696706,-0.433717339,-0.299203969,-0.715890154,-0.011792498,0.258061113,-0.218700914,0.659426048,-0.28581444,-0.761446328,-1.08741816,0.412331918,-0.718597836,-0.258472252,2.207368487,1.686561399,0.238006968
9.322,-0.267854222,0.828571414,-0.430355413,-0.300633808,-0.719753495,-0.01733676,0.260119311,-0.222214839,0.657965017,-0.274523951,-0.752805396,-1.086016605,0.410515992,-0.715620348,-0.274163296,2.219185145,1.737219277,0.311006181
9.3271,-0.266521142,0.827428228,-0.427001156,-0.302005876,-0.723572096,-0.022872917,0.262168527,-0.22571328,0.65642381,-0.263175629,-0.743906367,-1.084242002,0.40868834,-0.712646416,-0.289953463,2.230046155,1.787890656,0.383696019
9.3322,-0.265177636,0.826267218,-0.423654976,-0.303319907,-0.727344612,-0.028399068,0.264208373,-0.229196674,0.654802132,-0.251775019,-0.734748711,-1.082096025,0.406841236,-0.709678922,-0.305841207,2.239930087,1.838554835,0.456079459
9.3373,-0.263823724,0.825088444,-0.420317289,-0.304575626,-0.73106974,-0.033913361,0.266239402,-0.232665487,0.653099381,-0.240326379,-0.725332175,-1.07958101,0.404989368,-0.706726768,-0.321827222,2.24883956,1.889163926,0.528134383
9.3425,-0.262459465,0.823892018,-0.41698851,-0.305772824,-0.734746149,-0.039413875,0.268261265,-0.236119225,0.651314854,-0.228834324,-0.71565743,-1.076697748,0.403125855,-0.703766963,-0.337910109,2.256753742,1.939685827,0.599885583
9.3476,-0.261084919,0.82267799,-0.413669042,-0.306911277,-0.738372519,-0.044898719,0.270273576,-0.239558089,0.649448085,-0.217304326,-0.705725121,-1.073448475,0.401243008,-0.700812789,-0.354078876,2.263678226,1.990081588,0.671346039
9.3527,-0.259700122,0.821446439,-0.410359317,-0.307990797,-0.741947534,-0.050366047,0.27227656,-0.242982103,0.647498929,-0.205741634,-0.695535891,-1.069833983,0.399347795,-0.69786315,-0.370339133,2.269614918,2.040310931,0.742504532
9.3578,-0.258305118,0.820197463,-0.407059764,-0.309011249,-0.745469931,-0.055814006,0.27427006,-0.246391046,0.645466706,-0.194150599,-0.685091079,-1.065855917,0.397442576,-0.694902029,-0.386693816,2.274551364,2.090302627,0.81336055
9.363,-0.256899971,0.818931133,-0.403770789,-0.309972508,-0.7489384,-0.061240779,0.276253791,-0.249784661,0.643350869,-0.182537456,-0.674392303,-1.061516688,0.39551709,-0.691932386,-0.403129079,2.278486378,2.140017466,0.883895104
9.3681,-0.255484746,0.817647526,-0.400492821,-0.310874496,-0.752351641,-0.066644541,0.278227321,-0.253162899,0.641151519,-0.170908061,-0.663441291,-1.056819392,0.393562782,-0.688951966,-0.41964508,2.281408463,2.189411743,0.954100479
9.3733,-0.254059494,0.816346739,-0.397226296,-0.311717139,-0.755708421,-0.072023492,0.280190498,-0.256525262,0.638868032,-0.159267467,-0.652240087,-1.051765346,0.391577897,-0.685948102,-0.436243875,2.283321829,2.238405615,1.023957166
9.3784,-0.252624256,0.81502886,-0.393971645,-0.312500417,-0.759007455,-0.077375814,0.282143491,-0.259871814,0.636499995,-0.147620229,-0.640791046,-1.046356233,0.389568297,-0.682912595,-0.452922792,2.284216278,2.286956418,1.093462584
9.3835,-0.251179097,0.813693946,-0.390729279,-0.313224288,-0.762247479,-0.082699686,0.284085841,-0.263202631,0.634046934,-0.135972011,-0.629096662,-1.040594452,0.387525041,-0.679857182,-0.469666933,2.284110318,2.335012362,1.162619781
9.3886,-0.249724081,0.812342107,-0.387499649,-0.313888763,-0.76542725,-0.087993298,0.286016947,-0.266516838,0.631508703,-0.124328103,-0.6171596,-1.034480237,0.385440503,-0.676760939,-0.48648309,2.28301089,2.382517805,1.231429512
9.3937,-0.248259243,0.810973419,-0.384283195,-0.314493873,-0.768545553,-0.093254888,0.287937343,-0.269814845,0.628884835,-0.112692315,-0.604982425,-1.028016343,0.38332439,-0.673624585,-0.50337041,2.280927905,2.429406641,1.299867703
9.3988,-0.246784652,0.809587945,-0.381080337,-0.31503967,-0.771601127,-0.098482672,0.289846534,-0.273096573,0.626174795,-0.101070758,-0.592568255,-1.021204788,0.381167209,-0.670456898,-0.520316061,2.277875375,2.475649009,1.367927085
9.4042,-0.24530036,0.808185785,-0.377891533,-0.315526243,-0.7745928,-0.103674869,0.291744414,-0.276361416,0.623378679,-0.08946825,-0.579921092,-1.014047917,0.378968779,-0.667244027,-0.53732631,2.273862489,2.52116949,1.43560552
9.4093,-0.243806419,0.806767029,-0.374717221,-0.315953703,-0.77751941,-0.108829706,0.293630985,-0.279609229,0.620495963,-0.077889657,-0.567044383,-1.006546352,0.376731572,-0.663978793,-0.554397184,2.268902345,2.56589893,1.502898095
9.4145,-0.242302902,0.805331753,-0.371557845,-0.31632218,-0.780379756,-0.113945461,0.295505605,-0.282840264,0.617526347,-0.066338743,-0.553942046,-0.998702855,0.374442893,-0.66066433,-0.571524821,2.263010628,2.609802351,1.569774604
9.4198,-0.240789864,0.803880046,-0.368413832,-0.316631831,-0.783172723,-0.119020381,0.297368221,-0.286053741,0.614469371,-0.054821244,-0.540619101,-0.99052018,0.372104188,-0.657293697,-0.588695642,2.256204115,2.652804369,1.63622815
9.4249,-0.239267369,0.802412005,-0.365285645,-0.316882834,-0.785897195,-0.124052718,0.29921846,-0.28924925,0.611325212,-0.043341881,-0.527080194,-0.981999369,0.369709417,-0.653858814,-0.605915114,2.248501494,2.694845397,1.70225309
9.43,-0.23773547,0.800927725,-0.362173728,-0.317075396,-0.788552101,-0.129040783,0.301056353,-0.292426751,0.608093428,-0.031904054,-0.513330109,-0.973143213,0.367262307,-0.650351504,-0.623178407,2.23991878,2.735851119,1.767813324
9.4352,-0.236194243,0.799427281,-0.359078518,-0.317209744,-0.791136339,-0.133982876,0.302881298,-0.29558609,0.604773517,-0.020513435,-0.499374014,-0.963954246,0.364751613,-0.64677612,-0.640473795,2.230474996,2.775784103,1.832884515
9.4404,-0.234643758,0.797910782,-0.356000479,-0.317286125,-0.793648897,-0.138877288,0.304692849,-0.298726373,0.601365714,-0.00917426,-0.485218401,-0.954435299,0.362170085,-0.643119085,-0.657806257,2.220190646,2.814566626,1.897454244
9.4455,-0.233084072,0.796378324,-0.352940058,-0.317304813,-0.796088784,-0.143722322,0.306491165,-0.301847165,0.597869748,0.00210923,-0.470868598,-0.944588151,0.359520423,-0.639373038,-0.675167866,2.209084323,2.85212791,1.961506136
9.4506,-0.231515259,0.79483,-0.349897702,-0.317266102,-0.798454985,-0.148516351,0.308275572,-0.304948622,0.594285688,0.013334017,-0.456330931,-0.934416081,0.356795432,-0.635535862,-0.692552728,2.197173919,2.888429768,2.024990174
9.4557,-0.229937393,0.793265922,-0.346873851,-0.317170306,-0.800746588,-0.153257706,0.310045563,-0.30802973,0.590612938,0.024495029,-0.441612542,-0.923922343,0.353986958,-0.631592844,-0.709947705,2.184479962,2.923391756,2.087887108
9.4608,-0.228350551,0.791686187,-0.343868965,-0.317017757,-0.802962681,-0.157944738,0.311800697,-0.311089939,0.586851859,0.035588219,-0.426720414,-0.91310907,0.351088703,-0.627540267,-0.727351653,2.171023803,2.956954862,2.150171193
9.466,-0.226754795,0.790090916,-0.340883502,-0.31680881,-0.805102416,-0.162575849,0.313540826,-0.314128752,0.58300241,0.046610875,-0.411661361,-0.901980228,0.348101644,-0.623361726,-0.744762511,2.156822991,2.989043788,2.211794955
9.4711,-0.225150221,0.788480198,-0.337917897,-0.316543834,-0.807164923,-0.167149433,0.315265044,-0.317145841,0.579064187,0.057558126,-0.396442899,-0.890539172,0.345009015,-0.619060308,-0.762163708,2.141899517,3.019618572,2.272722237
9.4762,-0.223536911,0.786854159,-0.334972618,-0.316223223,-0.809149425,-0.171663905,0.316972998,-0.320140025,0.575037644,0.068426331,-0.381073649,-0.87878986,0.341803006,-0.614618629,-0.779557832,2.126270796,3.048609516,2.33291401
9.4813,-0.221914933,0.785212917,-0.332048113,-0.315847398,-0.811055199,-0.176117683,0.318664321,-0.323110763,0.570922741,0.079211925,-0.365561376,-0.866735307,0.338485561,-0.610025556,-0.79693441,2.109948545,3.075937382,2.392336681
9.4863,-0.220284381,0.783556585,-0.329144834,-0.315416781,-0.812881494,-0.180509246,0.320338205,-0.326057679,0.566719684,0.089912549,-0.349914547,-0.854379999,0.335043382,-0.605274957,-0.814287444,2.092952326,3.101568368,2.450930141
9.4914,-0.21864535,0.781885296,-0.326263232,-0.314931791,-0.814627651,-0.184837068,0.321993881,-0.328979312,0.562428617,0.10052331,-0.3341429,-0.841728384,0.331464598,-0.60034991,-0.831607916,2.075314704,3.125438994,2.508648035
9.4966,-0.216997936,0.780199184,-0.32340375,-0.314392912,-0.816293097,-0.189099621,0.323630628,-0.33187504,0.558049633,0.111041452,-0.31825481,-0.828784705,0.32773899,-0.595234736,-0.84888404,2.05703629,3.14746449,2.565456281
9.5016,-0.215342223,0.778498388,-0.320566826,-0.313800631,-0.817877261,-0.193295443,0.325247995,-0.334743749,0.553582692,0.121464756,-0.302259836,-0.815554173,0.323863414,-0.589913178,-0.866099167,2.03812567,3.167586459,2.621291136
9.5068,-0.213678326,0.776783029,-0.317752907,-0.313155466,-0.819379578,-0.197423092,0.326844865,-0.33758469,0.54902813,0.131789376,-0.286167661,-0.802041704,0.319819365,-0.584383056,-0.883243815,2.018580513,3.185774453,2.676090831
9.5119,-0.212006355,0.775053259,-0.314962458,-0.312457905,-0.820799596,-0.201481142,0.328420443,-0.340396336,0.544386608,0.142011729,-0.269988934,-0.78825303,0.315592222,-0.578624078,-0.900319731,1.998424584,3.201961766,2.729798101
9.517,-0.210326408,0.773309242,-0.312195918,-0.311708473,-0.822136899,-0.205468175,0.329974091,-0.343177563,0.539658617,0.152128824,-0.253733799,-0.774193335,0.311176923,-0.572612199,-0.917312894,1.977667031,3.216092157,2.782363089
9.5222,-0.208638609,0.771551117,-0.309453726,-0.310907694,-0.823391107,-0.209382847,0.331504392,-0.345927377,0.534844608,0.162137948,-0.237412448,-0.759868946,0.306555266,-0.566342553,-0.934211052,1.956325317,3.228121293,2.833709153
9.5273,-0.206943079,0.76977906,-0.306736325,-0.310056143,-0.824561932,-0.213223819,0.333010258,-0.348644091,0.52994499,0.172035695,-0.221036278,-0.745286143,0.30171259,-0.559789773,-0.951003974,1.934392659,3.237984089,2.883771453
9.5324,-0.205239946,0.767993247,-0.304044149,-0.309154399,-0.825649142,-0.216989773,0.334490521,-0.351326308,0.524960332,0.181818942,-0.204615987,-0.730451418,0.296633403,-0.552932142,-0.967678559,1.911866688,3.245616857,2.932490345
9.5376,-0.203529331,0.766193859,-0.301377611,-0.308203057,-0.826652521,-0.22067946,0.335944262,-0.353972218,0.519890995,0.191485786,-0.188163764,-0.715372241,0.291309134,-0.545749239,-0.984209282,1.888744022,3.250981486,2.97978386
9.5427,-0.201811389,0.764381068,-0.298737156,-0.307202716,-0.827571912,-0.224291648,0.337369959,-0.356580542,0.514738134,0.201032052,-0.171690648,-0.700055963,0.285713403,-0.538229695,-1.000591842,1.865023684,3.25404371,3.025579409
9.5478,-0.200086258,0.762555082,-0.296123216,-0.306153999,-0.828407282,-0.227825146,0.338766195,-0.359149182,0.509502324,0.210454881,-0.155208468,-0.684510419,0.279833375,-0.530344181,-1.016816144,1.840698466,3.254730277,3.069799698
9.553,-0.198354088,0.760716118,-0.293536205,-0.305057561,-0.829158593,-0.23127879,0.340131788,-0.3616762,0.504184631,0.219751648,-0.138730033,-0.668743615,0.273653338,-0.522064395,-1.032861719,1.815747253,3.253010457,3.112375208
9.558,-0.196615053,0.758864372,-0.290976522,-0.303914011,-0.829825895,-0.234651499,0.341464628,-0.364159862,0.498785619,0.228918893,-0.122267526,-0.652764594,0.267146679,-0.513378558,-1.048702846,1.790185674,3.248839986,3.153209507
9.5632,-0.194869315,0.757000087,-0.288444607,-0.302724054,-0.830409298,-0.237942192,0.342763215,-0.366597806,0.493306433,0.237952692,-0.105833648,-0.636581904,0.260297754,-0.504252037,-1.064340476,1.763976419,3.242178965,3.192231105
9.5683,-0.193117061,0.755123503,-0.285940853,-0.30148835,-0.830908985,-0.24114985,0.344025736,-0.368987718,0.487748479,0.246850665,-0.089440189,-0.620205104,0.253080561,-0.494658735,-1.079749952,1.73711894,3.232983235,3.229357331
9.5735,-0.191358477,0.753234869,-0.283465648,-0.30020764,-0.831325188,-0.244273525,0.345250162,-0.371326942,0.482112473,0.255609395,-0.073101283,-0.603644724,0.24547546,-0.484571301,-1.0949063,1.70956966,3.221222616,3.264490526
9.5786,-0.189593762,0.751334449,-0.281019407,-0.29888262,-0.83165822,-0.247312304,0.346434456,-0.373612995,0.476400027,0.264224926,-0.056830009,-0.586910636,0.237459414,-0.473963751,-1.109803779,1.68132089,3.206857733,3.297543432
9.5837,-0.187823117,0.749422523,-0.278602507,-0.297514022,-0.831908463,-0.250265318,0.347576886,-0.375843246,0.470612728,0.272693433,-0.040639739,-0.570013462,0.229014061,-0.462804587,-1.124418289,1.652351706,3.189853811,3.328430665
9.5888,-0.18604677,0.74749937,-0.276215334,-0.296102615,-0.832076384,-0.253131753,0.348674985,-0.378015136,0.464752057,0.281012283,-0.024543435,-0.55296477,0.220110817,-0.451071813,-1.138734732,1.622627679,3.170164235,3.357067855
9.5938,-0.184264953,0.745565308,-0.273858244,-0.294649166,-0.832162463,-0.255910886,0.349726148,-0.380125336,0.458818995,0.28917654,-0.008554917,-0.5357762,0.210724763,-0.438727992,-1.152723661,1.592124308,3.147781815,3.383349713
9.5989,-0.182477912,0.743620661,-0.271531613,-0.293154474,-0.832167295,-0.258602019,0.350727848,-0.382170443,0.452815755,0.297182145,0.007311382,-0.518459979,0.200830068,-0.425741628,-1.166372411,1.560808502,3.122673667,3.40719222
9.604,-0.180685898,0.741665769,-0.269235789,-0.291619345,-0.832091564,-0.261204532,0.351677849,-0.384147305,0.446744237,0.305025399,0.023042169,-0.501028993,0.190405778,-0.412080565,-1.179657275,1.528653032,3.09479703,3.428500676
9.609,-0.178889189,0.739700976,-0.26697111,-0.290044651,-0.831935958,-0.263717874,0.352572959,-0.386052726,0.440605745,0.312702085,0.038623122,-0.483496203,0.179420671,-0.397720123,-1.192552392,1.495602695,3.064153654,3.447180035
9.6144,-0.177088077,0.737726664,-0.26473793,-0.288431233,-0.83170129,-0.266141572,0.353410345,-0.387882633,0.434402804,0.320206856,0.054039545,-0.465875176,0.167845141,-0.382622826,-1.205048816,1.461631482,3.030714906,3.463128239
9.6197,-0.175282852,0.735743236,-0.262536561,-0.286779982,-0.83138844,-0.2684752,0.354187255,-0.38963317,0.428137625,0.327534912,0.069277226,-0.448180165,0.155659572,-0.366750309,-1.217116957,1.426698485,2.99445896,3.476258093
9.6256,-0.173473838,0.73375109,-0.260367328,-0.285091817,-0.830998362,-0.270718414,0.35490029,-0.391300734,0.421812327,0.334682256,0.084322772,-0.43042588,0.142832034,-0.350079198,-1.228741724,1.390757794,2.955365554,3.486477768
9.6307,-0.17166137,0.731750673,-0.258230511,-0.283367666,-0.830532067,-0.272870956,0.3555459,-0.392880842,0.415428746,0.34164263,0.099160664,-0.412627005,0.129334815,-0.332569049,-1.239889153,1.35377202,2.913426768,3.493689402
9.6358,-0.169845805,0.729742442,-0.256126417,-0.281608502,-0.829990647,-0.274932629,0.356120696,-0.39436913,0.408989757,0.348410686,0.113776263,-0.394799608,0.11513759,-0.314186385,-1.250547357,1.315694188,2.868633403,3.497808478
9.6409,-0.168027496,0.727726877,-0.254055317,-0.279815315,-0.829375295,-0.276903335,0.356621268,-0.395761062,0.402498226,0.354980643,0.128155773,-0.376959706,0.100222785,-0.294897898,-1.26069128,1.276481483,2.820962856,3.498739211
9.646,-0.166206844,0.725704464,-0.252017466,-0.277989137,-0.828687218,-0.278783036,0.35704356,-0.397052165,0.395956024,0.361347613,0.142284257,-0.359123558,0.084555831,-0.274680696,-1.270294206,1.236084526,2.770432763,3.49640283
9.651,-0.164384258,0.72367575,-0.250013127,-0.276131007,-0.827927745,-0.280571818,0.357383872,-0.398237282,0.389366458,0.367504539,0.156146796,-0.341307876,0.068109752,-0.253490284,-1.279342243,1.194466154,2.717033618,3.490699139
9.6561,-0.162560158,0.721641286,-0.248042529,-0.274242019,-0.827098279,-0.282269813,0.357638382,-0.399311476,0.382732729,0.373444966,0.169728541,-0.323530432,0.050863546,-0.231297263,-1.287810907,1.151578234,2.660760849,3.481555027
9.6612,-0.160735004,0.719601636,-0.246105898,-0.272323298,-0.826200303,-0.283877262,0.357802618,-0.400269883,0.376057423,0.379163321,0.183015643,-0.305808978,0.032784545,-0.208078558,-1.295683604,1.10737194,2.601609049,3.468890414
9.6662,-0.158909264,0.717557417,-0.24420342,-0.270375988,-0.825235318,-0.285394504,0.357872173,-0.401106869,0.369343354,0.384651962,0.195993089,-0.288161059,0.013850159,-0.183797527,-1.302928077,1.061809358,2.539610979,3.452625007
9.6713,-0.157083433,0.715509263,-0.242335307,-0.268401278,-0.824204962,-0.286821953,0.357842621,-0.401816945,0.362594151,0.389903862,0.20864605,-0.270605827,-0.00596378,-0.15842575,-1.309539431,1.014847812,2.474765359,3.432692634
9.6764,-0.155258017,0.713457836,-0.240501713,-0.266400399,-0.823110948,-0.288160127,0.357709842,-0.402394477,0.355813321,0.394911671,0.220960621,-0.253162251,-0.026674798,-0.131936296,-1.315488212,0.966443653,2.407072608,3.409028567
9.6816,-0.153433561,0.711403812,-0.238702788,-0.264374616,-0.821954996,-0.289409631,0.357468893,-0.402834028,0.34900358,0.399668853,0.232922088,-0.235849197,-0.048306216,-0.104311715,-1.320753807,0.916556308,2.336579006,3.381578667
9.6867,-0.151610635,0.709347924,-0.236938691,-0.262325213,-0.820738964,-0.290571204,0.357115016,-0.403129424,0.342168937,0.404166954,0.244515884,-0.21868574,-0.070882633,-0.075521858,-1.325331485,0.865159945,2.263294994,3.350273693
9.6918,-0.14978982,0.707290922,-0.235209522,-0.260253543,-0.819464755,-0.291645648,0.356643771,-0.403274666,0.335313173,0.40839807,0.255727857,-0.201692369,-0.094416568,-0.04554569,-1.329194613,0.81221318,2.187252053,3.315072448
9.6969,-0.147971727,0.705233574,-0.233515392,-0.258160966,-0.818134347,-0.292633873,0.356049822,-0.403263984,0.328439853,0.412354552,0.266544122,-0.184888846,-0.11892347,-0.01437235,-1.332334743,0.757697701,2.108483876,3.275937603
9.702,-0.146157002,0.703176705,-0.23185637,-0.256048941,-0.816749813,-0.293536913,0.355328159,-0.403090905,0.321551999,0.416028584,0.276951767,-0.168294732,-0.144422072,0.018021016,-1.334731151,0.701565393,2.027015559,3.232825806
9.7072,-0.144346311,0.701121161,-0.230232552,-0.253918886,-0.815313258,-0.294355856,0.354473694,-0.402749269,0.314654412,0.419411005,0.286936125,-0.151931864,-0.170923892,0.051649758,-1.33639107,0.643820248,1.942898961,3.185732391
9.7122,-0.142540327,0.699067815,-0.22864393,-0.251772351,-0.8138269,-0.295091969,0.353481517,-0.402232653,0.307750338,0.422494396,0.29648448,-0.135819223,-0.198427852,0.086521229,-1.337273843,0.584416869,1.856163681,3.134614753
9.7174,-0.140739781,0.697017563,-0.227090558,-0.249610852,-0.812292963,-0.295746555,0.352346271,-0.401535028,0.300843918,0.425270109,0.305583359,-0.119977827,-0.226949688,0.122634255,-1.337389926,0.523362096,1.766884272,3.079482286
9.7225,-0.138945417,0.694971361,-0.225572435,-0.247435988,-0.810713748,-0.296321048,0.351062961,-0.400649824,0.293938986,0.427729275,0.314218937,-0.104428152,-0.256492433,0.160001032,-1.3367294,0.460642692,1.675131752,3.020336289
9.7277,-0.137157986,0.692930173,-0.224089535,-0.245249419,-0.8090917,-0.296816998,0.349626404,-0.399570661,0.287039943,0.429863976,0.322380219,-0.089191067,-0.287045954,0.198615536,-1.335281397,0.396241488,1.580937196,2.957182875
9.7328,-0.135378297,0.690895,-0.22264181,-0.243052784,-0.807429243,-0.297236042,0.348031126,-0.398291503,0.280150004,0.431665388,0.33005425,-0.074286535,-0.318614328,0.238469728,-1.333037567,0.330184322,1.484387644,2.890048654
9.738,-0.133607174,0.688866888,-0.221229223,-0.240847822,-0.805728888,-0.297579946,0.346272269,-0.396805626,0.273273716,0.433125064,0.33722932,-0.059734088,-0.351193268,0.279558774,-1.330009155,0.262471133,1.385560792,2.818955773
9.7431,-0.131845466,0.686846906,-0.219851694,-0.238636297,-0.803993239,-0.297850543,0.344344499,-0.395106765,0.266415078,0.434234391,0.343894586,-0.045555013,-0.384772297,0.321869048,-1.326196698,0.193118018,1.284519619,2.743959258
9.7482,-0.13009404,0.684836156,-0.218509104,-0.236420037,-0.802224893,-0.298049763,0.342242761,-0.393188738,0.259577598,0.434985543,0.350038415,-0.031768219,-0.41933256,0.365382303,-1.321591494,0.122136146,1.181372706,2.665130494
9.7533,-0.12835379,0.682835777,-0.217201355,-0.234200862,-0.800426543,-0.298179695,0.33996241,-0.391045562,0.252765583,0.43536982,0.355650196,-0.018392728,-0.454853296,0.410077822,-1.316211924,0.049573198,1.076212329,2.582515796
9.7585,-0.126625648,0.680846926,-0.215928292,-0.231980671,-0.798600917,-0.298242471,0.337498387,-0.388671387,0.245983496,0.435379237,0.360720136,-0.00544885,-0.491316866,0.455924792,-1.310058139,-0.024538394,0.969145093,2.496207298
9.7635,-0.124910558,0.678870784,-0.214689767,-0.229761403,-0.796750839,-0.298240325,0.334846263,-0.386060545,0.239234933,0.43500682,0.365239242,0.007045453,-0.528693971,0.502882143,-1.303147206,-0.100157406,0.860258595,2.406309277
9.7687,-0.12320951,0.676908587,-0.213485583,-0.227545018,-0.794879112,-0.298175589,0.332000608,-0.383207143,0.232523133,0.434244206,0.369197965,0.019072048,-0.56696398,0.550918521,-1.295482859,-0.177224975,0.749688844,2.312932641
9.7738,-0.121523489,0.674961587,-0.212315558,-0.22533352,-0.792988612,-0.298050748,0.328957488,-0.380105885,0.225852489,0.433084268,0.37258803,0.030613727,-0.606085252,0.59999265,-1.287090994,-0.255677611,0.637558549,2.216167733
9.7789,-0.119853503,0.673031055,-0.21117946,-0.223128954,-0.791082284,-0.29786826,0.325712876,-0.376751612,0.219226995,0.431520322,0.375402593,0.041653226,-0.646013243,0.650050428,-1.27798178,-0.335445676,0.52398398,2.11618425
9.7842,-0.118200588,0.671118289,-0.210077031,-0.220933406,-0.789163058,-0.297630733,0.322262674,-0.373139761,0.212649775,0.429546352,0.377633854,0.052174601,-0.686701243,0.701034364,-1.268163362,-0.41645766,0.409117874,2.013128392
9.7896,-0.116565826,0.669224623,-0.209008065,-0.218748974,-0.787233925,-0.297340875,0.318602679,-0.369265337,0.206123901,0.427155531,0.379275589,0.062163473,-0.728115867,0.752888979,-1.257689302,-0.498619384,0.293104321,1.907146686
9.7947,-0.11495028,0.667351411,-0.20797226,-0.216577802,-0.785297902,-0.297001429,0.314729957,-0.365124161,0.199653619,0.424342123,0.380322438,0.071603845,-0.770194567,0.805551341,-1.246568665,-0.581839271,0.17609711,1.798422777
9.8,-0.113355047,0.665500007,-0.206969338,-0.214422065,-0.783358065,-0.296615211,0.310640953,-0.360712521,0.193241829,0.4211018,0.380770304,0.080482846,-0.812882211,0.858940487,-1.234836811,-0.666019006,0.058235952,1.687154877
9.8051,-0.111781238,0.663671813,-0.205998979,-0.212283938,-0.78141745,-0.296185112,0.30633251,-0.356026784,0.186890977,0.417429358,0.38061448,0.088788122,-0.856117541,0.912987094,-1.222515794,-0.751037207,-0.060293793,1.573548045
9.8101,-0.110229979,0.661868237,-0.205060882,-0.210165638,-0.779479143,-0.295714142,0.301802206,-0.351063693,0.180604463,0.413320915,0.379852196,0.096508408,-0.899835023,0.967611993,-1.209652353,-0.836777396,-0.179320492,1.457783938
9.8153,-0.108702403,0.660090695,-0.204154696,-0.208069399,-0.777546268,-0.295205253,0.297048073,-0.345820531,0.174385398,0.408772905,0.378482047,0.103633063,-0.943961814,1.022723732,-1.196272456,-0.92311296,-0.298681947,1.340127439
9.8207,-0.107199661,0.658340612,-0.203280069,-0.205997479,-0.775621912,-0.294661507,0.292067693,-0.340295263,0.168235402,0.40378333,0.376502109,0.110153044,-0.988426184,1.078225637,-1.182412472,-1.009916376,-0.418180487,1.220818432
9.8258,-0.105722911,0.656619447,-0.20243666,-0.203952131,-0.773709172,-0.29408604,0.286859745,-0.334485915,0.162157299,0.398349563,0.373912287,0.116061429,-1.033150482,1.134030936,-1.168126265,-1.097040513,-0.537618297,1.100087645
9.8309,-0.104273311,0.654928649,-0.201624081,-0.201935618,-0.771811157,-0.293481986,0.281423426,-0.328391303,0.156153591,0.392470245,0.370713595,0.121350209,-1.078050217,1.190036251,-1.153446646,-1.184334736,-0.656798913,0.978202953
9.8361,-0.102852038,0.653269662,-0.200841964,-0.199950225,-0.769930995,-0.292852484,0.275757633,-0.322010796,0.150225736,0.386145603,0.366908329,0.126014856,-1.123044881,1.246128775,-1.138428067,-1.271650838,-0.775536877,0.855456082
9.8412,-0.101460254,0.651643962,-0.200089901,-0.197998209,-0.768071755,-0.292200731,0.26986212,-0.315343996,0.14437486,0.379375345,0.362498378,0.130051579,-1.168041478,1.302208967,-1.123106131,-1.358817268,-0.893613277,0.732127073
9.8463,-0.100099138,0.650053004,-0.199367512,-0.196081842,-0.766236503,-0.291529997,0.263737299,-0.30839136,0.138602865,0.372160752,0.357487869,0.133458363,-1.21295353,1.358161543,-1.107542671,-1.44566976,-1.010813303,0.608470757
9.8514,-0.098769846,0.648498245,-0.198674376,-0.194203394,-0.764428311,-0.290843437,0.257383964,-0.30115363,0.132911292,0.36450385,0.351882601,0.136234292,-1.257679206,1.413870518,-1.091777879,-1.532041258,-1.126936653,0.484823377
9.8565,-0.097473553,0.646981124,-0.198010079,-0.192365118,-0.762650184,-0.290144262,0.250803191,-0.293632773,0.127300118,0.35640805,0.345687618,0.138380092,-1.302128937,1.469211815,-1.075861378,-1.61775709,-1.241755761,0.36149357
9.8616,-0.096211412,0.64550309,-0.197374227,-0.190569231,-0.760905103,-0.289435714,0.243996334,-0.285830756,0.121770462,0.347876453,0.338910348,0.139899046,-1.346201851,1.524068329,-1.059859224,-1.702629208,-1.355046564,0.238772557
9.8668,-0.09498456,0.644065574,-0.196766387,-0.188817948,-0.759196009,-0.288720983,0.236965995,-0.277750259,0.116323061,0.338914132,0.331559366,0.140793535,-1.389792769,1.578318836,-1.043815258,-1.786476655,-1.466582537,0.116979956
9.8719,-0.093794144,0.642669979,-0.196186161,-0.187113457,-0.757525834,-0.288003203,0.229714768,-0.269394701,0.110957444,0.329527186,0.323644759,0.141069771,-1.432806959,1.631833296,-1.027796317,-1.869117415,-1.576159313,-0.003545104
9.877,-0.092641274,0.641317694,-0.195633109,-0.185457899,-0.755897413,-0.287285516,0.222245665,-0.260768475,0.105672966,0.319721755,0.315176088,0.140735138,-1.475136905,1.68448253,-1.011844178,-1.950355559,-1.683543292,-0.122481997
9.8822,-0.091527064,0.6400101,-0.195106836,-0.183853387,-0.754313525,-0.286571074,0.214562522,-0.251876196,0.100469624,0.309505474,0.306165541,0.139798573,-1.516686909,1.736146188,-0.996027765,-2.030002085,-1.788501993,-0.239542823
9.8873,-0.090452578,0.638748536,-0.194606911,-0.182302,-0.752776936,-0.285862858,0.20666981,-0.242722915,0.095346924,0.298886834,0.296626512,0.138270366,-1.557343603,1.786694538,-0.980390577,-2.107870238,-1.890834536,-0.354364116
9.8923,-0.089418887,0.63753431,-0.194132931,-0.180805772,-0.751290288,-0.285163849,0.198572228,-0.233315066,0.090302877,0.28787599,0.286572065,0.136162871,-1.597010885,1.835995636,-0.964991475,-2.183775502,-1.99030824,-0.466620543
9.8975,-0.088427012,0.636368712,-0.193684512,-0.179366662,-0.749856154,-0.284477002,0.19027489,-0.223659116,0.085336716,0.27648305,0.276017976,0.133490858,-1.635581546,1.883927929,-0.9498967,-2.257519707,-2.08669595,-0.576012426
9.9026,-0.087477955,0.635252988,-0.193261263,-0.177986599,-0.748477045,-0.283805161,0.181783964,-0.213762365,0.080446747,0.264719498,0.264980425,0.130268104,-1.672951826,1.930366686,-0.935161327,-2.328921996,-2.179785458,-0.682223057
9.9077,-0.086572698,0.634188343,-0.192862781,-0.176667447,-0.747155406,-0.283151058,0.173105703,-0.203632646,0.075631437,0.252598143,0.253477351,0.126512292,-1.709029056,1.975186861,-0.92082929,-2.397803881,-2.269380358,-0.784922917
9.9129,-0.08571218,0.633175947,-0.192488713,-0.17541098,-0.745893529,-0.282517361,0.164246749,-0.19327903,0.070888048,0.240131611,0.241525314,0.122242215,-1.743715694,2.018270278,-0.906965591,-2.46397392,-2.35525186,-0.883805272
9.918,-0.084897303,0.632216916,-0.192138694,-0.174218934,-0.744693691,-0.28190668,0.155214641,-0.182710169,0.066214168,0.227334469,0.229145598,0.117477325,-1.776916723,2.059496948,-0.893619805,-2.527265329,-2.437226003,-0.97859664
9.9231,-0.084128923,0.63131233,-0.191812341,-0.173092968,-0.743557994,-0.281321445,0.146017412,-0.171935811,0.061606979,0.214222121,0.216357899,0.112239994,-1.808534632,2.098758525,-0.880820353,-2.587515883,-2.515092482,-1.068988875
9.9282,-0.083407861,0.630463202,-0.191509358,-0.172034633,-0.742488486,-0.280764011,0.136662953,-0.160966681,0.057063411,0.200810315,0.203183302,0.106555003,-1.838480424,2.135940483,-0.868638057,-2.644552311,-2.58867928,-1.154708196
9.9334,-0.082734902,0.629670504,-0.191229444,-0.171045414,-0.741487036,-0.280236635,0.127160106,-0.149813341,0.052579966,0.187115639,0.18964508,0.100444462,-1.866671724,2.170940165,-0.857129885,-2.698218639,-2.657782716,-1.235505919
9.9385,-0.082110782,0.62893515,-0.190972269,-0.170126722,-0.740555489,-0.279741382,0.117518124,-0.138486863,0.048153962,0.173156157,0.175766663,0.093934891,-1.893030073,2.20366091,-0.846320427,-2.748373522,-2.722262872,-1.311109594
9.9436,-0.08153617,0.628257984,-0.19073755,-0.169279848,-0.739695513,-0.279280223,0.107746577,-0.126999738,0.043780702,0.15894985,0.161570818,0.087053488,-1.917469221,2.234003968,-0.836251616,-2.794869117,-2.781956783,-1.381284426
9.9487,-0.081011728,0.627639795,-0.190525043,-0.168506003,-0.73890865,-0.278855048,0.097855195,-0.115364117,0.039456896,0.14451572,0.147083072,0.079828411,-1.939932595,2.261881032,-0.826972988,-2.83757445,-2.836710279,-1.445847657
9.9539,-0.080538022,0.627081307,-0.19033449,-0.167806303,-0.738196344,-0.27846747,0.087854659,-0.103592579,0.035178859,0.129873505,0.132329458,0.072288911,-1.960344211,2.287210864,-0.818510238,-2.876370612,-2.886398295,-1.504554922
9.959,-0.080115592,0.62658318,-0.190165669,-0.167181766,-0.737559882,-0.278119009,0.077755374,-0.091698719,0.030941317,0.115043624,0.11733501,0.064465352,-1.978648136,2.309918872,-0.81089656,-2.911151122,-2.930893761,-1.557213628
9.9644,-0.079744906,0.626146008,-0.190018401,-0.166633284,-0.737000403,-0.277811071,0.067568037,-0.079695771,0.026740452,0.100046735,0.102127043,0.056389783,-1.994785139,2.329940072,-0.804172208,-2.94180809,-2.970073044,-1.603677808
9.9696,-0.079426379,0.625770316,-0.18989251,-0.166161654,-0.736518927,-0.277544862,0.057304141,-0.067597688,0.022571453,0.0849041,0.08673293,0.048092447,-2.008704489,2.34721741,-0.798363732,-2.968252543,-3.003836892,-1.643795137
9.9749,-0.079160385,0.625456545,-0.189787833,-0.165767578,-0.736116355,-0.277321395,0.046974982,-0.055418405,0.018430328,0.069637487,0.071181093,0.039606922,-2.020371395,2.361694595,-0.793486164,-2.990414599,-3.032113209,-1.677417457
9.9801,-0.07894722,0.625205068,-0.189704238,-0.165451619,-0.735793414,-0.277141547,0.03659195,-0.043172631,0.014311157,0.054268825,0.055498491,0.030966716,-2.02974591,2.373325847,-0.789556309,-3.008222001,-3.054824929,-1.704437975
9.9853,-0.078787141,0.6250162,-0.18964164,-0.16521424,-0.735550678,-0.277006087,0.026167098,-0.030874853,0.010209448,0.03882046,0.039714404,0.022205632,-2.036807037,2.382083307,-0.786600397,-3.021622583,-3.071902425,-1.724807661
9.9904,-0.078680318,0.624890155,-0.189599945,-0.165055791,-0.735388616,-0.276915476,0.015712406,-0.018539715,0.006120843,0.023315179,0.023858157,0.013357977,-2.041525565,2.38793332,-0.784619888,-3.030576761,-3.083318104,-1.738418376
9.9959,-0.078626877,0.624827092,-0.189579098,-0.164976516,-0.735307522,-0.276870066,0.005239547,-0.006182394,0.002039431,0.007775611,0.007957584,0.004458139,-2.043889443,2.390860469,-0.783620067,-3.035065239,-3.089040223,-1.745225667
