time_s,joint1_angle_rad,joint2_angle_rad,joint3_angle_rad,joint4_angle_rad,joint5_angle_rad,joint6_angle_rad,joint1_vel_rad_s,joint2_vel_rad_s,joint3_vel_rad_s,joint4_vel_rad_s,joint5_vel_rad_s,joint6_vel_rad_s,joint1_acc_rad_s2,joint2_acc_rad_s2,joint3_acc_rad_s2,joint4_acc_rad_s2,joint5_acc_rad_s2,joint6_acc_rad_s2
0,0.000834548,0.530410514,-0.530655813,0.000556948,-0.529722184,0.000702109,-0.135687747,-0.051724687,-0.054534981,-0.096633255,-0.134445172,-0.115683768,7.0109868,3.439357409,3.588267017,4.737549598,3.396105299,5.666254998
0.0051,0.000232987,0.53019191,-0.530886816,0.000125884,-0.530362709,0.000185635,-0.100362024,-0.03391184,-0.035964299,-0.072380995,-0.116549296,-0.086889672,6.842237824,3.546072626,3.69435332,4.773140395,3.621885312,5.625547131
0.0102,-0.000190608,0.530065539,-0.531021729,-0.00018103,-0.530909029,-0.000184519,-0.065896921,-0.015554746,-0.016852577,-0.047947223,-0.097501942,-0.058303187,6.673488848,3.652787843,3.800439623,4.808731192,3.847665324,5.584839263
0.0153,-0.000440625,0.530034176,-0.531057793,-0.000362869,-0.531355271,-0.000409411,-0.032292438,0.003346595,0.002800185,-0.023331937,-0.07730311,-0.029924312,6.504739872,3.75950306,3.906525927,4.844321989,4.073445336,5.544131396
0.0204,-0.000521454,0.530100599,-0.530992248,-0.000418707,-0.531695563,-0.0004901,0.000451426,0.022792185,0.022993988,0.001464861,-0.055952799,-0.001753047,6.335990896,3.866218277,4.01261223,4.879912786,4.299225348,5.503423528
0.0256,-0.000437483,0.530267582,-0.530822335,-0.000347619,-0.531924032,-0.000427645,0.032334669,0.042782022,0.04372883,0.026443173,-0.033451011,0.026210608,6.16724192,3.972933494,4.118698534,4.915503583,4.52500536,5.462715661
0.0307,-0.000193103,0.530537901,-0.530545294,-0.000148678,-0.532034806,-0.000223104,0.063357293,0.063316107,0.065004713,0.051602998,-0.009797745,0.053966653,5.998492944,4.079648712,4.224784837,4.95109438,4.750785372,5.422007793
0.0358,0.000207298,0.530914331,-0.530158367,0.00017904,-0.532022012,0.000122462,0.093519297,0.084394439,0.086821635,0.076944336,0.015007,0.081515088,5.829743969,4.186363929,4.330871141,4.986685177,4.976565384,5.381299926
0.0408,0.000759331,0.531399649,-0.529658793,0.000636463,-0.531879777,0.000607997,0.122820682,0.106017019,0.109179598,0.102467187,0.040963222,0.108855912,5.660994993,4.293079146,4.436957444,5.022275974,5.202345396,5.340592058
0.0459,0.001458606,0.53199663,-0.529043815,0.001224514,-0.53160223,0.00123244,0.151261446,0.128183846,0.132078601,0.128171551,0.068070923,0.135989127,5.492246017,4.399794363,4.543043748,5.057866771,5.428125408,5.299884191
0.0513,0.002300734,0.53270805,-0.528310672,0.001944121,-0.531183496,0.001994733,0.178841591,0.150894921,0.155518644,0.154057428,0.096330101,0.162914731,5.323497041,4.50650958,4.649130051,5.093457568,5.65390542,5.259176323
0.0563,0.003281327,0.533536684,-0.527456605,0.002796209,-0.530617705,0.002893817,0.205561116,0.174150244,0.179499728,0.180124818,0.125740758,0.189632725,5.154748065,4.613224797,4.755216355,5.129048365,5.879685432,5.218468456
0.0614,0.004395995,0.534485308,-0.526478855,0.003781703,-0.529898983,0.003928634,0.231420021,0.197949814,0.204021851,0.206373721,0.156302893,0.216143109,4.985999089,4.719940015,4.861302658,5.164639162,6.105465444,5.177760589
0.0665,0.005640348,0.535556697,-0.525374662,0.004901529,-0.529021458,0.005098124,0.256418307,0.222293632,0.229085015,0.232804137,0.188016506,0.242445883,4.817250113,4.826655232,4.967388962,5.200229959,6.331245457,5.137052721
0.0717,0.007009998,0.536753628,-0.524141268,0.006156613,-0.527979257,0.006401229,0.280555973,0.247181697,0.254689219,0.259416067,0.220881596,0.268541047,4.648501138,4.933370449,5.073475265,5.235820756,6.557025469,5.096344854
0.0768,0.008500556,0.538078876,-0.522775913,0.007547881,-0.526766508,0.007836889,0.303833018,0.272614011,0.280834463,0.286209509,0.254898165,0.294428601,4.479752162,5.040085666,5.179561569,5.271411553,6.782805481,5.055636986
0.0819,0.010192133,0.539593993,-0.521161189,0.009171301,-0.525342097,0.009321974,0.337136997,0.304935801,0.316599267,0.322672738,0.301323667,0.320461583,4.156090311,5.041057624,5.084795711,5.137281417,6.932972916,5.147486971
0.087,0.011963798,0.541175346,-0.519489332,0.010814339,-0.523799474,0.010909698,0.364168496,0.332507466,0.345971677,0.349445186,0.342915721,0.343462691,3.848465759,5.133393587,5.090141478,5.170327972,7.155551186,5.295710491
0.0921,0.013693902,0.542889777,-0.517939832,0.012559511,-0.521853878,0.012829103,0.37871955,0.360107147,0.359723224,0.372731927,0.396005401,0.37704115,3.766821328,5.22184172,5.523148548,5.260234042,6.990804388,5.125131948
0.0973,0.015671251,0.544907574,-0.51600809,0.014632824,-0.519766205,0.014820305,0.399846699,0.397853506,0.390331113,0.406177131,0.442307781,0.404135,3.447533287,5.018702601,5.58875568,5.0347399,6.844524783,5.040571645
0.1024,0.017844271,0.547048943,-0.5137568,0.016771362,-0.517559814,0.016860957,0.423723807,0.433912522,0.431732931,0.432806191,0.480639282,0.424766159,2.940171467,4.789806607,5.347224239,4.901581721,6.770170033,5.094515287
0.1075,0.019915057,0.549316918,-0.511643543,0.018744464,-0.515207402,0.018979371,0.433251907,0.462206278,0.449020119,0.440977584,0.513254483,0.442377227,2.717107218,4.532237867,5.548419444,5.268495681,6.741497287,5.259748063
0.1126,0.022166346,0.551670442,-0.509158156,0.021102336,-0.512687734,0.021238851,0.448588205,0.486645056,0.481080162,0.46699103,0.541988657,0.462334673,2.320548554,4.3164633,5.391934284,5.265579808,6.738095435,5.44441999
0.1178,0.024417332,0.554105471,-0.506578724,0.02348377,-0.510026696,0.023558803,0.460030138,0.508813439,0.5103095,0.488312036,0.56600196,0.481251518,2.017297811,4.146370736,5.3000843,5.457055438,6.815852036,5.78800697
0.1229,0.026711093,0.556670644,-0.503904743,0.026015371,-0.506913136,0.026252402,0.466009353,0.526438552,0.53886357,0.50798137,0.604469609,0.51968318,1.734944155,3.944203574,5.272383511,5.6592226,6.458657651,5.772455649
0.128,0.029047629,0.559478006,-0.501084033,0.028910507,-0.503720396,0.029102842,0.467300672,0.552908186,0.564970471,0.54511005,0.63379138,0.549810776,1.473487585,3.509252588,5.227673465,5.511971037,6.242397105,5.730175498
0.133,0.031491354,0.562346243,-0.497960967,0.031836889,-0.500431793,0.031993023,0.475740592,0.571270894,0.604827192,0.579995937,0.657753607,0.577192958,1.109003518,3.108806094,4.892348125,5.520718654,6.151033099,5.866735528
0.1382,0.033911113,0.565261199,-0.494771059,0.034910001,-0.497037719,0.035281727,0.478992057,0.589055505,0.638195684,0.608698669,0.679915502,0.618877105,0.829565734,2.756471497,4.616798171,5.512457016,6.175332037,5.589241659
0.1433,0.036359591,0.568262413,-0.491454545,0.038102437,-0.493248256,0.038546466,0.475055629,0.597724321,0.662960311,0.635419846,0.720255942,0.65533579,0.553529802,2.383239814,4.31257547,5.544531613,5.819595589,5.551821295
0.1484,0.038913844,0.571412782,-0.487847204,0.041612398,-0.489360198,0.041909293,0.475144539,0.614563217,0.694834564,0.679934382,0.754743619,0.684282702,0.144821669,1.866644397,3.697812345,5.271411553,5.524120506,5.575148275
0.1535,0.041342906,0.574579634,-0.484288401,0.045205885,-0.48541713,0.045405097,0.473995904,0.620335673,0.720864218,0.715541535,0.783120915,0.707506387,-0.05054179,1.396216963,3.284730404,5.042029581,5.361803602,5.625690066
0.1587,0.043737486,0.577716352,-0.480643341,0.048903125,-0.481067853,0.049237638,0.468315371,0.62014568,0.740278899,0.743651178,0.821479996,0.750685381,-0.181756054,1.047770195,2.850751376,4.836946546,4.747040477,5.352570005
0.1638,0.046105167,0.580921832,-0.476959147,0.05296663,-0.47679816,0.053080696,0.459390104,0.630263733,0.750793948,0.779522558,0.853422796,0.782153064,-0.256110804,0.633230318,2.472173926,4.217809613,4.42580852,5.255374254
0.1689,0.048462231,0.584099403,-0.473137425,0.056960764,-0.472451512,0.056973708,0.463391459,0.63524657,0.773674994,0.809729734,0.873853805,0.805928578,-0.320259999,0.276521911,1.961410254,3.851381632,4.154632375,5.29619647
0.174,0.050783901,0.587255132,-0.469316412,0.061077561,-0.468014258,0.061335221,0.462154327,0.630093373,0.783746953,0.830652504,0.89054076,0.840324964,-0.350390682,-0.028186768,1.513337842,3.429066094,3.920390615,4.793694437
0.1791,0.053092426,0.590409748,-0.465475882,0.06518829,-0.463359591,0.065593285,0.456098011,0.615759357,0.782361184,0.840839129,0.927086775,0.868612208,-0.367885917,-0.300820849,1.10851754,3.167609524,3.477177991,4.638667215
0.1846,0.055533219,0.593577005,-0.461597634,0.069487612,-0.458736172,0.069915057,0.452339378,0.614179732,0.770537103,0.868449016,0.952459872,0.88677231,-0.605529528,-0.5856044,0.729454111,2.724882878,3.188020631,4.577433891
0.1908,0.057791182,0.596713925,-0.457630397,0.073820103,-0.454066033,0.074298412,0.451315202,0.606944796,0.77268717,0.887573301,0.966081856,0.894792248,-0.574426888,-0.841229225,0.264858421,2.312286915,2.946975169,4.643041023
0.1959,0.059970674,0.599783497,-0.453718475,0.07820447,-0.44897118,0.078991202,0.444421521,0.592183094,0.764527319,0.892803647,0.981685905,0.928862882,-0.436894901,-1.001116235,-0.084560303,1.911840421,2.14268033,4.411229157
0.201,0.062247447,0.602798463,-0.44984771,0.082862676,-0.444077763,0.083736677,0.434211156,0.592982918,0.748404755,0.902604235,0.991912623,0.956432262,-0.454876114,-1.10851754,-0.332409468,1.1551715,1.749037539,4.252800083
0.2063,0.064499949,0.605730509,-0.445970877,0.087303873,-0.439189706,0.088620386,0.437859058,0.585782195,0.750129615,0.908338225,0.989957968,0.969219068,-0.449530348,-1.136218329,-0.586090378,0.793117328,1.453562456,4.054520751
0.2114,0.066704419,0.608655071,-0.442138538,0.091819395,-0.434237132,0.09391445,0.437427242,0.574077178,0.745283751,0.901133906,0.980296978,0.993421928,-0.3980166,-1.187732077,-0.797005158,0.359624279,1.158087373,3.368804728
0.2165,0.068884114,0.611550814,-0.438379614,0.096299727,-0.429189503,0.099023663,0.43354466,0.554709248,0.732170416,0.878694833,0.993245736,1.013516323,-0.322689893,-1.211545036,-0.906350378,0.052971684,0.771248284,3.108806094
0.2217,0.071242188,0.614390434,-0.434610577,0.100847305,-0.424196178,0.104189706,0.429558079,0.55316228,0.708621149,0.875910855,0.99208398,1.02548994,-0.542838269,-1.181414353,-1.025415173,-0.318316084,0.498614202,2.887199782
0.2268,0.073424512,0.617203357,-0.430867327,0.105353322,-0.419216705,0.10944595,0.428160089,0.541929392,0.70570897,0.865094694,0.97891432,1.02415588,-0.501044096,-1.156629436,-1.119695051,-0.618650955,0.301306828,2.671911194
0.2319,0.075455354,0.620025988,-0.427406715,0.109770654,-0.414130549,0.114595814,0.415885675,0.526587941,0.687771592,0.851600619,0.959879285,1.032001084,-0.220634355,-1.172180757,-0.787285583,-0.771734263,0.001457936,2.775910647
0.2371,0.077649307,0.622612094,-0.423718071,0.114204672,-0.409337446,0.119811103,0.411196951,0.519513962,0.680030825,0.830619992,0.945804028,1.040788892,-0.190017693,-0.836369437,-0.829079756,-0.940854869,0.231325887,2.910040784
0.2422,0.079813429,0.625323491,-0.420120942,0.118600263,-0.40425766,0.125440489,0.42108849,0.521668354,0.694883891,0.833278248,0.947160249,1.064182597,-0.130728285,-0.745005431,-0.782911774,-1.073041091,0.030616662,2.491127097
0.2474,0.081924967,0.62806846,-0.416651229,0.12291799,-0.399155122,0.131399535,0.427709659,0.517032967,0.703284398,0.823454819,0.93772626,1.09197266,-0.020897086,-0.747921304,-0.614277146,-1.130386584,-0.191961608,1.60032804
0.2525,0.08417838,0.630788654,-0.412941753,0.127155729,-0.394088482,0.13703782,0.41987245,0.504774882,0.689616027,0.805985535,0.954740765,1.118651606,-0.14044786,-0.727024217,-0.862126311,-1.079844793,-0.380035386,1.234872016
0.2576,0.086307615,0.633296592,-0.409489635,0.131108808,-0.389419456,0.142583881,0.415986564,0.500830581,0.681496172,0.804853739,0.952003927,1.135724331,-0.047625918,-0.378091471,-0.707585067,-0.600669741,0.03110264,1.020069406
0.2627,0.088289918,0.635776216,-0.406288705,0.134999697,-0.384491961,0.148115684,0.420664741,0.50260455,0.689817805,0.809479188,0.965127588,1.142152299,0.279437784,-0.001943915,-0.187587799,-0.061719302,0.00777566,0.849976842
0.2679,0.090480938,0.638411467,-0.402810598,0.139391243,-0.379653049,0.153628072,0.417525974,0.513670675,0.676474359,0.808817357,0.969095556,1.13626802,0.281867678,0.100597602,-0.120036752,-0.345044916,0.100597602,0.760556751
0.273,0.092679037,0.641014865,-0.399334513,0.143498129,-0.37481262,0.159237031,0.42794237,0.519070846,0.686318345,0.817294163,0.968132176,1.130536945,0.277493869,0.233755781,-0.05054179,-0.199737268,0.191961608,0.578314718
0.2781,0.094862473,0.643666903,-0.39585226,0.147662352,-0.369880574,0.165248155,0.433416872,0.521375358,0.691091628,0.816352385,0.95796069,1.127282807,0.287213444,0.289157359,-0.017981214,-0.1715505,0.164260819,-0.207512928
0.2833,0.097056527,0.646351299,-0.392374052,0.151842755,-0.36495763,0.170923855,0.433984422,0.516412275,0.687303643,0.804600034,0.977708728,1.125929065,0.286727465,0.313456297,0.018467193,-0.158915053,0.145307648,-0.453904157
0.2884,0.099409647,0.649045808,-0.388812317,0.156001921,-0.360005663,0.176544342,0.436325115,0.528564806,0.676983082,0.819205931,0.989322138,1.114315339,0.040336237,0.328035659,-0.056373536,-0.125868497,0.036448407,-0.616221061
0.2935,0.101609768,0.651769239,-0.385254626,0.160143493,-0.355029326,0.182240267,0.440386536,0.535460966,0.686908736,0.826095676,0.988110544,1.09226692,0.034018513,0.283811593,-0.127326434,-0.106915326,-0.126840455,-0.88205144
0.2987,0.103805339,0.65444959,-0.381731823,0.16435049,-0.349729194,0.187894732,0.439383768,0.537223052,0.686479301,0.826814463,0.986601216,1.099330743,0.032074598,0.311998361,-0.164746798,-0.212858695,-0.818388223,-1.108031561
0.3038,0.10602164,0.657332592,-0.378155324,0.168815452,-0.344782587,0.193488624,0.433177042,0.540618513,0.678247599,0.827916055,0.987766277,1.09579085,0.010205554,0.021383065,-0.28478355,-0.752781091,-0.984106978,-1.306796872
0.3089,0.10823693,0.660049954,-0.37461169,0.172964405,-0.339904743,0.199097887,0.440158588,0.548042931,0.689499076,0.832617171,0.978961848,1.083996097,-0.010691533,-0.017009256,-0.373231684,-0.833939543,-1.083732623,-1.582346826
0.314,0.110429467,0.662750632,-0.371089696,0.177088684,-0.33495945,0.204949034,0.441971119,0.546737884,0.692482257,0.826812057,0.959442366,1.073786849,-0.009719575,-0.039364279,-0.471885371,-0.922387677,-1.310198723,-2.307427128
0.3191,0.112624532,0.66551714,-0.367612195,0.181234301,-0.330098089,0.210348569,0.438789343,0.538994129,0.690483742,0.809772622,0.965718441,1.069690146,-0.011177511,-0.15599918,-0.527772928,-1.062349558,-1.455992349,-2.412398539
0.3246,0.114970573,0.668272525,-0.364145313,0.185313176,-0.325276469,0.215678532,0.437433122,0.54561695,0.677792091,0.815544008,0.960976358,1.05297199,-0.250765037,-0.261942549,-0.573454931,-1.138162244,-1.625598935,-2.512510162
0.3296,0.117196582,0.670939832,-0.360717868,0.189335019,-0.320493174,0.221035595,0.440350452,0.546185423,0.685777329,0.810785596,0.941661351,1.025200734,-0.312970318,-0.252222974,-0.581230591,-1.19016197,-1.789373775,-2.731686581
0.3348,0.119354232,0.673642633,-0.357317626,0.193291132,-0.315499444,0.226214177,0.434835323,0.541153794,0.686792806,0.799273172,0.925293757,1.026767603,-0.278465826,-0.307624552,-0.593866038,-1.178984459,-2.341445641,-2.779312499
0.3409,0.121566589,0.676530893,-0.353909698,0.197532612,-0.310885428,0.231302053,0.427193185,0.536002346,0.680250196,0.785741458,0.916051194,1.01864369,-0.327549681,-0.665304915,-0.644893808,-1.659131469,-2.373520238,-2.832770162
0.3459,0.123756194,0.67919729,-0.350293963,0.201490545,-0.306319244,0.236345232,0.432238349,0.531045557,0.674392256,0.778320635,0.897106066,0.999727915,-0.354764491,-0.685716023,-1.050686068,-1.742719815,-2.421632135,-2.936283636
0.351,0.125902316,0.681832845,-0.346940034,0.205389928,-0.301754374,0.241654768,0.431980416,0.523792737,0.672400764,0.765632483,0.867369074,0.975938988,-0.340185128,-0.676482427,-1.080816751,-1.801037265,-2.530491376,-3.57485972
0.3561,0.128087977,0.68450541,-0.343646779,0.209267166,-0.297334109,0.246510264,0.422981232,0.510718378,0.660012728,0.741429648,0.864468972,0.959759419,-0.394614749,-0.73382792,-1.052629983,-1.869074291,-2.500360693,-3.62199966
0.3613,0.130365861,0.687139043,-0.340279502,0.213040247,-0.292965113,0.251277581,0.418435994,0.513116951,0.642543444,0.740456111,0.854931055,0.938067514,-0.599697783,-0.753753049,-1.157601394,-1.836999693,-2.513968099,-3.677401238
0.3664,0.132465972,0.689714531,-0.336975427,0.216724947,-0.288652543,0.255997169,0.416368422,0.507076964,0.643892618,0.729965263,0.83469959,0.903579035,-0.540894354,-0.717790621,-1.201825461,-1.750981454,-2.535351164,-3.779942755
0.3715,0.134537769,0.692259682,-0.333815047,0.220318637,-0.284194256,0.260479624,0.410412898,0.499550295,0.63838213,0.714222079,0.818538123,0.89783829,-0.454876114,-0.652669468,-1.076928921,-1.577487038,-2.882825973,-3.654560236
0.3766,0.136648599,0.694966528,-0.3306216,0.224178481,-0.280129235,0.264869957,0.403192128,0.49407589,0.62968294,0.698345639,0.814015702,0.885050561,-0.437380879,-0.866986099,-1.04582628,-1.876849951,-2.728284729,-3.564654166
0.3818,0.138722014,0.697469815,-0.327247649,0.227782688,-0.276130145,0.269241076,0.409782486,0.493730699,0.622582183,0.693106302,0.803821229,0.872052767,-0.383923216,-0.792631349,-1.343245278,-1.837485672,-2.603388189,-3.611308127
0.3869,0.140738295,0.699962585,-0.324158762,0.231306603,-0.272195065,0.273737385,0.412438166,0.488745894,0.620698408,0.683600339,0.784091147,0.856103212,-0.275549954,-0.739173686,-1.242647676,-1.751953411,-2.478977628,-4.026333983
0.392,0.142894934,0.702417939,-0.320881788,0.23473698,-0.268171504,0.278135909,0.400023571,0.482250836,0.596647027,0.667857154,0.773621172,0.823520815,-0.395100728,-0.649753595,-1.477861393,-1.576515081,-2.594640572,-4.440387883
0.3972,0.145052078,0.705029932,-0.317818586,0.238322581,-0.264056426,0.28248468,0.398030329,0.477889298,0.578115321,0.658920394,0.748509216,0.77330932,-0.51513748,-0.834911501,-1.383581515,-1.705299451,-2.953292893,-4.899637806
0.4023,0.147063909,0.707394276,-0.314841339,0.241585701,-0.260248559,0.286519769,0.402278755,0.476447472,0.58158137,0.660950205,0.734611731,0.736073652,-0.433493049,-0.658015234,-1.206685248,-1.400104793,-2.923648189,-4.995375621
0.4074,0.149025179,0.709705026,-0.311888664,0.244817171,-0.25635767,0.290231267,0.402842782,0.475853971,0.582492945,0.659200099,0.723448701,0.724263348,-0.303250743,-0.429605219,-1.068181303,-1.126498754,-3.159833864,-4.780087032
0.4125,0.151005258,0.712033067,-0.309030033,0.248104561,-0.253072808,0.293769744,0.402712005,0.472950175,0.581117795,0.654661883,0.714107509,0.709716934,-0.222092291,-0.248821122,-0.83928531,-0.999658299,-2.565481847,-4.522518292
0.4177,0.152976742,0.714409243,-0.306139347,0.251425018,-0.24954596,0.297172616,0.398325974,0.466413979,0.577234485,0.647768299,0.684982827,0.692072795,-0.1326722,-0.145307648,-0.703211258,-0.966611743,-2.451762818,-4.258631828
0.4228,0.154968955,0.716808676,-0.303284053,0.254798766,-0.246157144,0.300522399,0.389579863,0.458343962,0.57011492,0.636259496,0.681649158,0.672648589,-0.063177238,-0.064149196,-0.533118694,-1.046798238,-2.205371589,-4.098744818
0.428,0.157077662,0.719200526,-0.30033603,0.258087572,-0.242705633,0.303906664,0.386906397,0.467167295,0.55850688,0.64440207,0.675021137,0.644348224,-0.16766267,0.024298938,-0.514165523,-1.045340302,-2.174268949,-4.158034226
0.4331,0.159075943,0.721610679,-0.2974234,0.261307716,-0.239216301,0.307289918,0.390253162,0.470756588,0.565908239,0.64530062,0.663918078,0.618188303,-0.103999454,0.064149196,-0.461193838,-1.008891895,-2.303539298,-4.371378899
0.4383,0.161059561,0.724015269,-0.294576499,0.264498129,-0.235586814,0.310367782,0.38908261,0.471717076,0.568442449,0.639048188,0.64920546,0.610392183,-0.026242853,0.10934522,-0.345044916,-0.974873382,-2.753555625,-4.291192405
0.4434,0.163057842,0.726611386,-0.291665184,0.267919709,-0.232244716,0.313315098,0.383394739,0.473115991,0.565363943,0.630536732,0.643016374,0.592274264,0.037420364,-0.153569287,-0.352820576,-1.349077023,-2.865330738,-4.209547974
0.4485,0.165053089,0.729038831,-0.288588634,0.271107898,-0.229017191,0.31627566,0.391651664,0.477471211,0.564793186,0.627931375,0.630260599,0.56725078,0.103999454,-0.161344947,-0.643435871,-1.405936538,-2.928993955,-4.326668854
0.4537,0.167068662,0.731438973,-0.285721205,0.274295278,-0.22578016,0.319270199,0.397856737,0.478329765,0.569824596,0.618164903,0.609574986,0.536559788,0.120036752,-0.142877754,-0.64003402,-1.524029375,-3.125815351,-4.662480174
0.4588,0.169078168,0.733886743,-0.282863282,0.277413389,-0.222761553,0.321928405,0.398414568,0.472043849,0.564541133,0.601085763,0.606000539,0.516389702,0.141905796,-0.201195204,-0.658501213,-1.575543123,-3.112693924,-4.644012981
0.4639,0.17123511,0.736313277,-0.279978461,0.28042886,-0.219839215,0.324563454,0.400249843,0.479663339,0.554223148,0.60292908,0.593276498,0.492484868,-0.070952898,-0.239101547,-0.73382792,-1.528403184,-3.100058477,-4.789320629
0.469,0.173232481,0.738690768,-0.277148751,0.283447164,-0.216840934,0.327052685,0.403467386,0.48323278,0.560392235,0.601765331,0.577453588,0.459805081,-0.037420364,-0.229867951,-0.756182942,-1.577001059,-3.346449706,-4.887488337
0.4744,0.17526484,0.741095156,-0.274358378,0.286443928,-0.21381535,0.329229447,0.403712806,0.479471256,0.561829493,0.592770059,0.556570619,0.442830208,-0.068523004,-0.277493869,-0.771734263,-1.666907129,-3.77411101,-4.685321175
0.4796,0.177306806,0.743628779,-0.271584589,0.289576701,-0.211130751,0.331359288,0.397128644,0.477891218,0.558261072,0.581586473,0.541483239,0.4238315,-0.108859241,-0.54235229,-0.802350924,-2.042568706,-3.812017353,-4.624087852
0.485,0.179342704,0.745974517,-0.268623723,0.292431085,-0.20847295,0.333467489,0.402246899,0.478999322,0.552130936,0.574875131,0.52495187,0.3988597,-0.143363733,-0.533604673,-1.167806948,-2.057634048,-3.979194044,-4.728087305
0.4902,0.181341187,0.748373546,-0.265885125,0.295289817,-0.205866822,0.335528668,0.407068149,0.475055435,0.549173683,0.562628296,0.494966956,0.367438647,-0.141905796,-0.638090105,-1.226610377,-2.16989514,-4.220725485,-4.941917958
0.4953,0.183374659,0.750750329,-0.263178785,0.298135605,-0.203519062,0.337279907,0.401953611,0.465034456,0.539969901,0.539934157,0.477443048,0.346228469,-0.205083035,-0.721192472,-1.285413806,-2.331726066,-4.213921783,-4.857843633
0.5003,0.18550086,0.753080089,-0.260477905,0.300849429,-0.20121984,0.338947214,0.400133426,0.468097337,0.524088504,0.532037683,0.457670249,0.321270519,-0.419399665,-0.759098815,-1.36997411,-2.366716536,-4.315491343,-4.848124058
0.5054,0.187495905,0.755394782,-0.257858429,0.303492163,-0.198959551,0.340597431,0.401939542,0.462745641,0.523557742,0.521373462,0.432619575,0.292368172,-0.445642518,-0.813528436,-1.376291834,-2.395389282,-4.534667761,-5.008011068
0.511,0.18945859,0.75767661,-0.255298513,0.306075943,-0.196723531,0.341922035,0.397166356,0.452108733,0.517560546,0.507551036,0.399052391,0.272586164,-0.440782731,-0.836369437,-1.356366705,-2.429407795,-4.885544422,-4.85492776
0.5161,0.191462332,0.760071999,-0.252671554,0.308753767,-0.19477571,0.343199211,0.388454045,0.443635426,0.504518431,0.490711823,0.373244465,0.2505012,-0.506389862,-1.0613776,-1.493898692,-2.708845579,-4.959413193,-4.842292313
0.5212,0.193436748,0.762266862,-0.249977045,0.311163414,-0.192947821,0.344353423,0.390791627,0.438076971,0.493372994,0.480505978,0.344832543,0.223800603,-0.543810227,-1.000630256,-1.789373775,-2.668509343,-5.042029581,-4.83548861
0.5263,0.195368187,0.76450541,-0.247536151,0.313543028,-0.191133987,0.345467691,0.386241116,0.427885413,0.485731562,0.463662319,0.311189473,0.187391756,-0.539922397,-1.043882365,-1.748065581,-2.692322302,-5.297168427,-4.945319809
0.5314,0.197331075,0.766715138,-0.245055011,0.315969562,-0.189644757,0.346387501,0.377617399,0.412175421,0.471062269,0.440479504,0.28534505,0.16230665,-0.59726789,-1.059433685,-1.838457629,-2.885255867,-5.240308913,-4.930254467
0.5366,0.199369501,0.768874305,-0.242653251,0.318224694,-0.188301749,0.347320154,0.372142168,0.410195301,0.451661559,0.429081601,0.257477619,0.137426749,-0.789229498,-1.02638713,-1.852551013,-2.913442635,-5.166926121,-5.144571098
0.5417,0.201220548,0.770961169,-0.240358681,0.320285671,-0.187045707,0.348063505,0.368066264,0.404443839,0.4477037,0.41406391,0.229289199,0.11049179,-0.708071046,-0.923845613,-1.763616901,-2.755013561,-5.164982206,-5.269953617
0.5468,0.203081808,0.773042067,-0.238101325,0.322356659,-0.185853372,0.3484595,0.361489538,0.398312464,0.441116622,0.401690843,0.192109248,0.088096066,-0.667734809,-0.846574991,-1.700925642,-2.730228644,-5.256832191,-5.061468731
0.5519,0.204930933,0.775209728,-0.235901001,0.324491354,-0.184964405,0.348756902,0.348956365,0.395776894,0.42848533,0.384825679,0.162685252,0.062918333,-0.615735082,-0.945714657,-1.614421423,-2.921704274,-5.057094922,-4.913245211
0.557,0.206755284,0.777153099,-0.233596623,0.326341693,-0.18411983,0.34911174,0.349348161,0.398025153,0.416792608,0.373520404,0.141750575,0.039675427,-0.539922397,-0.736257814,-1.751953411,-2.777854562,-5.000721387,-5.068272434
0.5621,0.208526545,0.779119426,-0.231502275,0.328185357,-0.18347113,0.349240267,0.350962509,0.397893648,0.412384538,0.36334464,0.118693337,0.009854045,-0.413081942,-0.610875295,-1.625598935,-2.75161171,-4.849096015,-5.067786455
0.5673,0.21030448,0.781039236,-0.229486197,0.329985337,-0.183166751,0.349138437,0.350728146,0.394828993,0.408848775,0.348990432,0.106325931,-0.011739667,-0.323661851,-0.440782731,-1.455020392,-2.776396626,-4.366519112,-4.907899445
0.5724,0.212052078,0.782981899,-0.227482051,0.331748711,-0.182696026,0.348984124,0.351564783,0.3917509,0.402735381,0.335068137,0.083838625,-0.031877606,-0.205083035,-0.323661851,-1.334983639,-2.859013014,-4.353883664,-4.883600507
0.5775,0.213789059,0.784920012,-0.225519264,0.333469916,-0.182206998,0.348740318,0.347638682,0.385029037,0.396463096,0.319987487,0.055956007,-0.056590136,-0.076298665,-0.202167162,-1.206199269,-2.994115108,-4.544873315,-4.928310552
0.5827,0.21559187,0.787006067,-0.223528466,0.335064314,-0.181904338,0.348416119,0.341188189,0.381570617,0.385918086,0.297506814,0.033477278,-0.082006777,-0.041794173,-0.315886191,-1.166349012,-3.038339175,-4.618742086,-5.050777199
0.5878,0.217393164,0.788973101,-0.221453939,0.336514713,-0.181671959,0.348092123,0.346748077,0.38384111,0.377524067,0.287771129,0.012876517,-0.105788803,-0.005831745,-0.253194931,-1.299993169,-2.975161937,-4.780087032,-5.390476348
0.593,0.21916665,0.790958944,-0.219520578,0.337943776,-0.181568612,0.347423804,0.352196628,0.383803374,0.377207816,0.274847569,-0.010624419,-0.136894043,0.056859514,-0.239587526,-1.266946614,-3.015498174,-4.941431979,-5.399223966
0.5981,0.220974113,0.792938214,-0.217588533,0.339411771,-0.181787845,0.346555567,0.354008332,0.377879487,0.370352891,0.258271757,-0.034638111,-0.162475163,0.055887557,-0.219662397,-1.294647403,-3.248281997,-4.79272248,-5.308831917
0.6032,0.222796238,0.794895237,-0.21568015,0.340659318,-0.18209101,0.345716958,0.348290792,0.384880983,0.35913344,0.247000695,-0.054451441,-0.188317934,0.040822215,-0.178354203,-1.330609831,-3.269179084,-4.71836773,-5.49496178
0.6083,0.22462342,0.796855395,-0.213863788,0.341818182,-0.182388917,0.344713419,0.353436238,0.389125692,0.359639149,0.233288148,-0.073926311,-0.217795072,0.020897086,-0.171064522,-1.278124125,-3.29785183,-4.866105272,-5.646587152
0.6134,0.226430377,0.798835373,-0.212068966,0.34289999,-0.182780868,0.343370108,0.357200654,0.389658397,0.359719044,0.216295099,-0.096837269,-0.254248072,0.020411108,-0.213830652,-1.266946614,-3.345477748,-5.078477988,-5.4716348
0.6185,0.228279907,0.800934978,-0.210273941,0.343976135,-0.183499949,0.341985438,0.355918763,0.389948162,0.351856078,0.190993125,-0.124532056,-0.284280246,-0.051999727,-0.46459569,-1.317974383,-3.511682482,-4.976422449,-5.442962054
0.6237,0.230106684,0.802891293,-0.208413894,0.344936192,-0.184192537,0.3404414,0.364509701,0.392914698,0.342875798,0.174725788,-0.153969077,-0.309942209,-0.102541517,-0.515623459,-1.524515354,-3.628317383,-5.116870309,-5.385130582
0.6288,0.231943169,0.804846193,-0.206704621,0.345794924,-0.184977146,0.338671049,0.367238885,0.390905224,0.338949576,0.158197627,-0.176748748,-0.348735584,-0.193419544,-0.596295932,-1.555132015,-3.740578476,-5.323897259,-5.171785909
0.634,0.233756396,0.80677834,-0.205012843,0.346560421,-0.186106077,0.336928203,0.366938672,0.380656297,0.331871247,0.134631059,-0.206462825,-0.374505264,-0.261942549,-0.655099361,-1.630944701,-3.856241419,-5.199972676,-5.201916591
0.6391,0.235611184,0.808676105,-0.203326423,0.347089291,-0.1872703,0.335076651,0.359978727,0.381224042,0.320324392,0.1150215,-0.235915252,-0.397278836,-0.401418451,-0.680856235,-1.763616901,-3.744466306,-5.228159444,-5.282589065
0.6447,0.237444231,0.810609971,-0.20176034,0.347613611,-0.188618263,0.333098696,0.361278186,0.37946164,0.317012957,0.096466297,-0.263526305,-0.418809906,-0.519997268,-0.803322882,-1.780626158,-3.783344606,-5.172757866,-5.396794072
0.6499,0.239192234,0.812488219,-0.200233997,0.347995045,-0.190002022,0.330776418,0.356669163,0.374780765,0.310187798,0.074496096,-0.293899418,-0.452393225,-0.525829013,-0.872331865,-1.821448373,-3.746896199,-5.26898166,-5.180047547
0.6552,0.240976742,0.814455759,-0.198731217,0.348308525,-0.191684093,0.328421883,0.346570962,0.368848909,0.298881915,0.045946181,-0.332606678,-0.478483893,-0.597753868,-1.12018103,-1.901634868,-3.738148582,-5.078477988,-5.118328246
0.6605,0.242734452,0.816253716,-0.197192739,0.348461826,-0.193453736,0.325971787,0.345990072,0.365074968,0.284191944,0.023648479,-0.365453424,-0.503234573,-0.64392185,-1.143022031,-2.109147796,-3.606448339,-4.927824574,-5.119786182
0.6656,0.244443119,0.818028011,-0.195783193,0.348543634,-0.195282031,0.323162605,0.343206604,0.356225465,0.275069199,0.001902923,-0.391488885,-0.536606685,-0.642949893,-1.174124672,-2.192736142,-3.499047035,-4.875824847,-4.745096562
0.6708,0.246168571,0.819802407,-0.194414905,0.348563555,-0.197397007,0.320398625,0.335026998,0.341747015,0.259851893,-0.020409042,-0.425091011,-0.559596931,-0.689117874,-1.236329952,-2.29867951,-3.425178264,-4.548275166,-4.630891554
0.676,0.247879867,0.821513601,-0.193121347,0.348379715,-0.199537769,0.317555263,0.324143844,0.337275063,0.241500363,-0.039034227,-0.449984034,-0.576451573,-0.721678451,-1.237787888,-2.363800663,-3.155460055,-4.350967792,-4.595415105
0.681,0.249555769,0.823196076,-0.191966326,0.34818465,-0.20176307,0.314708565,0.323360228,0.327756392,0.230759746,-0.053629311,-0.471714817,-0.590997573,-0.720220515,-1.242647676,-2.295763638,-2.998974896,-4.196426548,-4.773769308
0.6862,0.251231773,0.82481889,-0.190818081,0.347938315,-0.204127617,0.311556477,0.317133747,0.316669783,0.218468663,-0.069397426,-0.487905661,-0.624873548,-0.749865219,-1.19016197,-2.31423083,-2.886227825,-4.001063088,-4.658592343
0.6913,0.252877945,0.826530994,-0.189721711,0.347562645,-0.20674952,0.308367985,0.308436525,0.305717668,0.206335232,-0.086292259,-0.511734705,-0.649175353,-0.750837176,-1.316516447,-2.344847492,-2.680172833,-3.558336443,-4.663452131
0.6964,0.254474062,0.828118617,-0.18862251,0.347103752,-0.20943786,0.305045404,0.310333713,0.300634646,0.189797059,-0.094331708,-0.532258949,-0.662742568,-0.703697237,-1.292217509,-2.471201968,-2.456136627,-3.144768522,-4.663452131
0.7015,0.256056629,0.829676004,-0.187673981,0.346666498,-0.212143493,0.301362221,0.307527502,0.290382196,0.178277175,-0.107629593,-0.54212303,-0.69028104,-0.674538512,-1.269862486,-2.452734775,-2.37692209,-2.838601907,-4.285846639
0.7066,0.257596724,0.831175245,-0.186793002,0.346164223,-0.215034179,0.297750025,0.303217138,0.278439098,0.166716251,-0.115706876,-0.559655394,-0.712997121,-0.604557571,-1.191619907,-2.43135171,-2.297221574,-2.354567067,-4.193510675
0.7117,0.259163212,0.832598139,-0.18591981,0.345496612,-0.217870867,0.29419365,0.294069292,0.278342218,0.150779015,-0.123518061,-0.572862717,-0.731097157,-0.590950166,-1.039994535,-2.495500906,-2.058606005,-2.046456536,-4.371864878
0.7168,0.260696835,0.833983214,-0.185202852,0.344872383,-0.220766508,0.29049914,0.295230223,0.27523052,0.140028266,-0.131523492,-0.571597909,-0.738751856,-0.545754142,-0.883023397,-2.409482666,-1.985709192,-1.743691772,-4.541471464
0.7219,0.262179391,0.835344625,-0.184553949,0.344195267,-0.223636465,0.28649823,0.295049924,0.275065725,0.129457086,-0.135724292,-0.570219381,-0.770760094,-0.451474263,-0.734313898,-2.320062575,-1.92398989,-1.589636507,-4.416574924
0.7271,0.263665082,0.836779654,-0.183965012,0.343509859,-0.226622712,0.282568308,0.296657761,0.275902459,0.118657545,-0.14057803,-0.581833326,-0.793706091,-0.391212898,-0.74937924,-2.235016293,-1.94731687,-1.323806128,-4.576947913
0.7321,0.265193447,0.838151987,-0.183425928,0.342683891,-0.229548488,0.278526545,0.301616396,0.273417236,0.107064473,-0.149027985,-0.585436591,-0.814493759,-0.433979028,-0.704183216,-2.164063395,-1.835541757,-1.209115142,-4.753844179
0.7372,0.266723936,0.839577611,-0.182924563,0.341821721,-0.232435534,0.27411801,0.299122183,0.266934377,0.093920521,-0.154116596,-0.584156888,-0.854495618,-0.509791714,-0.772220241,-2.118867371,-1.750981454,-1.224666462,-4.516200568
0.7423,0.268232683,0.840906563,-0.182405703,0.340988674,-0.235507837,0.269754576,0.292059892,0.265731458,0.080601861,-0.1669563,-0.592575716,-0.881509136,-0.564707313,-0.716332685,-2.183502545,-1.78742986,-1.000144277,-4.507938929
0.7474,0.26962342,0.842265548,-0.182022348,0.340016483,-0.238600263,0.26527121,0.288581207,0.266911925,0.070086301,-0.181166076,-0.593071633,-0.892484966,-0.444184582,-0.751323155,-2.117895413,-1.659131469,-0.787285583,-4.508424908
0.7525,0.271075538,0.843562342,-0.181731924,0.339054606,-0.241675801,0.260831631,0.289175316,0.26380912,0.060874962,-0.192917723,-0.589845828,-0.909869423,-0.444670561,-0.726538238,-1.993970831,-1.602757933,-0.652669468,-4.799040204
0.7576,0.272451714,0.844915967,-0.181434119,0.338084336,-0.24458196,0.255960461,0.284308263,0.255712423,0.052193025,-0.197554154,-0.590250356,-0.947673564,-0.341157086,-0.818388223,-1.970157872,-1.60032804,-0.835883458,-4.5818077
0.7627,0.273963697,0.846220548,-0.181164425,0.337088988,-0.247675498,0.250971281,0.278893512,0.254172696,0.039233502,-0.202487592,-0.601074172,-0.970212044,-0.461193838,-0.863098269,-1.981335383,-1.635804489,-0.745977389,-4.344164089
0.7679,0.275444838,0.847467995,-0.181013045,0.335987461,-0.250760845,0.245963495,0.280170227,0.247732117,0.028691894,-0.213528616,-0.601449858,-0.982804604,-0.551585887,-0.852892715,-1.878793866,-1.569225399,-0.694949619,-4.274669127
0.773,0.276841946,0.848681565,-0.180890282,0.33485317,-0.253827283,0.240704419,0.274040407,0.237176877,0.021080543,-0.226761672,-0.595840667,-1.022515653,-0.530202821,-0.810126584,-1.81075684,-1.502160331,-0.724108345,-3.963642724
0.7781,0.278229952,0.84985317,-0.18078653,0.333785924,-0.256938214,0.235393569,0.264780811,0.235537185,0.009109526,-0.237809208,-0.609532608,-1.047643646,-0.500072139,-0.727024217,-1.786457903,-1.592552379,-0.71050094,-3.69586843
0.7833,0.279595712,0.851015775,-0.18074689,0.332661644,-0.259812923,0.230082718,0.265037286,0.233593561,0.001642803,-0.242084023,-0.60314002,-1.060769009,-0.448558391,-0.666276873,-1.731542303,-1.659131469,-1.109975476,-3.583121359
0.7884,0.280926079,0.852177976,-0.18073334,0.331496107,-0.26282971,0.224957832,0.262932706,0.230670326,-0.004769566,-0.242966172,-0.592121982,-1.081171685,-0.36302613,-0.63614619,-1.713561089,-1.748065581,-1.372889982,-3.928166275
0.7936,0.282239256,0.853447164,-0.18074689,0.330322783,-0.265963798,0.219611589,0.258921316,0.22433292,-0.011181934,-0.245018047,-0.605175469,-1.093767963,-0.260970591,-0.801864945,-1.731542303,-1.922531954,-1.523057418,-4.091455137
0.7986,0.283635555,0.854624735,-0.180827586,0.329013955,-0.269092628,0.214136313,0.257864167,0.219879168,-0.021009299,-0.2574185,-0.61115189,-1.100517066,-0.300820849,-0.848518906,-1.715990983,-1.966756021,-1.740289921,-4.254743998
0.8037,0.284949338,0.855747699,-0.180973405,0.327580746,-0.272211043,0.208120032,0.262471318,0.215856916,-0.027678458,-0.265547466,-0.615172708,-1.123096271,-0.23035393,-0.842687161,-1.668851044,-1.891429314,-2.06054992,-3.743008369
0.8088,0.286322985,0.856868743,-0.181181313,0.326157448,-0.27565497,0.202268379,0.263278699,0.209282255,-0.037034934,-0.272645235,-0.629606301,-1.15010833,-0.279437784,-0.866014141,-1.593038358,-1.918644124,-1.943915019,-3.63755098
0.8139,0.287679947,0.857928102,-0.181349479,0.324619375,-0.278950753,0.196336637,0.259156384,0.209607472,-0.04421199,-0.288222603,-0.650205167,-1.164790259,-0.312484339,-0.830051713,-1.648439936,-1.835541757,-2.124699116,-3.548130889
0.819,0.289010112,0.858963798,-0.181625341,0.323037415,-0.282253413,0.190329457,0.262855047,0.207910094,-0.052851745,-0.302006151,-0.665370061,-1.171541524,-0.319774021,-0.802350924,-1.60032804,-1.741261878,-2.360884791,-3.510224546
0.8241,0.290303367,0.859989483,-0.181960764,0.321452119,-0.285665184,0.184128628,0.262549974,0.203724092,-0.05879405,-0.311629551,-0.672140644,-1.212864128,-0.291587253,-0.7960332,-1.52597329,-1.705785429,-2.523201695,-3.28618834
0.8294,0.291622004,0.861060876,-0.182306603,0.319849328,-0.289208919,0.177852563,0.261056051,0.198699485,-0.065663554,-0.318426693,-0.702844223,-1.240407338,-0.318802063,-0.895658845,-1.503618267,-1.715505004,-2.558678144,-3.02084394
0.8345,0.293013652,0.862024472,-0.182693801,0.31815047,-0.292850743,0.171552028,0.259481698,0.196087932,-0.077242144,-0.334548552,-0.724555858,-1.254823679,-0.478203095,-0.860668375,-1.472515627,-1.632888616,-2.499874715,-2.824994502
0.8396,0.29427566,0.862978056,-0.183111235,0.316415816,-0.296537365,0.1647568,0.258316102,0.190719592,-0.087480744,-0.343765674,-0.736798149,-1.274864617,-0.450988284,-0.84706097,-1.443356902,-1.546870377,-2.460024457,-1.936625338
0.8447,0.295553443,0.863979371,-0.183562443,0.314675296,-0.300557589,0.158307817,0.255827575,0.184227013,-0.096583321,-0.349947299,-0.754107935,-1.293817181,-0.469941456,-0.941340848,-1.41274024,-1.517225672,-1.975503638,-1.660103426
0.8498,0.29681353,0.86491799,-0.184008899,0.312853372,-0.304390636,0.151860047,0.248560492,0.182170084,-0.102340784,-0.365471526,-0.769789716,-1.297189606,-0.471885371,-0.975359361,-1.448702668,-1.409338389,-1.856924822,-1.446758753
0.8549,0.298047831,0.865781272,-0.184548893,0.311013348,-0.308184447,0.145316817,0.249265526,0.179553671,-0.110930604,-0.374388435,-0.77992422,-1.28839689,-0.449044369,-0.936967039,-1.394759026,-1.31505851,-1.869074291,-1.172666735
0.86,0.299289311,0.866628982,-0.185126201,0.309229245,-0.312074224,0.138707857,0.248443663,0.173690872,-0.11850711,-0.378538572,-0.779347703,-1.312831489,-0.464109711,-0.914612017,-1.335955597,-1.367544216,-1.819990437,-0.835397479
0.8652,0.300546567,0.867521893,-0.185699262,0.307382546,-0.316074729,0.132201739,0.245139688,0.166284119,-0.12282627,-0.379378124,-0.800684479,-1.322070722,-0.525343034,-0.997714384,-1.343245278,-1.390871196,-1.664477235,-0.658987192
0.8702,0.30187026,0.868352614,-0.186363333,0.305443826,-0.320087269,0.12568915,0.240601788,0.16291077,-0.130083027,-0.39141871,-0.815408663,-1.3149887,-0.712444855,-1.021041364,-1.263058784,-1.325750043,-1.528403184,-0.50736182
0.8753,0.30310183,0.869209323,-0.187059157,0.303481444,-0.324147234,0.119102842,0.237767147,0.156939112,-0.136501591,-0.39857064,-0.817576007,-1.291649619,-0.779995901,-1.131358541,-1.183358268,-1.268890529,-1.37774977,-0.315886191
0.8804,0.304292952,0.870002326,-0.187742138,0.301517747,-0.328494287,0.112460916,0.228878158,0.147938056,-0.139960229,-0.398659769,-0.824817771,-1.303908627,-0.808668648,-1.180442395,-1.178012502,-1.272778359,-0.827135841,-0.070952898
0.8855,0.305454242,0.870724037,-0.188463444,0.299356153,-0.332599555,0.105781474,0.220729461,0.143261313,-0.144467949,-0.402340256,-0.831312002,-1.297988774,-0.808668648,-1.161003245,-1.16683499,-1.024443215,-0.694949619,0.241045462
0.8908,0.306564971,0.871464658,-0.189257559,0.297261604,-0.336716352,0.099151785,0.220203049,0.136416934,-0.152536946,-0.40576643,-0.826228178,-1.277467981,-0.760070773,-1.22175059,-1.085676538,-0.933565188,-0.582688527,0.443212624
0.8961,0.307620083,0.872136515,-0.190020123,0.295177369,-0.340850642,0.092549904,0.215841098,0.127078657,-0.158380209,-0.402217571,-0.80735721,-1.293273371,-0.658015234,-1.216404823,-1.09685405,-0.914612017,-0.515623459,0.618650955
0.9011,0.308686925,0.872790778,-0.190814946,0.293130852,-0.345066842,0.085994944,0.210738029,0.118707795,-0.160033241,-0.397094674,-0.811722466,-1.29307808,-0.598239847,-1.225152441,-1.108031561,-1.024929194,-0.369829832,0.779995901
0.9062,0.309818182,0.873366164,-0.19168915,0.291003944,-0.349177065,0.079420669,0.206194444,0.114853011,-0.166191394,-0.406633295,-0.806635847,-1.276363667,-0.662389043,-1.158087373,-1.042910408,-1.057975749,-0.418913687,0.990910681
0.9113,0.310857316,0.873955911,-0.192576398,0.288915158,-0.353264334,0.07285762,0.205164995,0.109127185,-0.173340943,-0.412662639,-0.798197191,-1.243060248,-0.606987465,-1.16683499,-0.996256447,-1.189675992,-0.552071865,1.160031288
0.9164,0.311955809,0.874516432,-0.193481747,0.286824553,-0.357655981,0.066323895,0.198272966,0.10361711,-0.175782233,-0.410822626,-0.798308844,-1.246490529,-0.670650682,-1.17849848,-0.963209892,-1.3816376,-0.237643611,1.300965127
0.9215,0.312932754,0.874989483,-0.194368187,0.284529983,-0.361731924,0.059935383,0.192243111,0.102046159,-0.177751395,-0.417898161,-0.801638042,-1.235946758,-0.555473717,-1.106087646,-1.010349831,-1.315544489,-0.443698603,1.271320423
0.9266,0.313867226,0.875430276,-0.19531985,0.282306502,-0.365792092,0.053570128,0.195436769,0.095788867,-0.185792788,-0.430026101,-0.801700903,-1.210168963,-0.399474536,-1.033676811,-0.994798511,-1.410796325,-0.695921577,1.219320696
0.9317,0.314853979,0.875910709,-0.196282031,0.280164223,-0.369832339,0.0472883,0.194637237,0.086739845,-0.190349301,-0.444605245,-0.796847409,-1.225766451,-0.355736449,-1.0613776,-1.000144277,-1.677112683,-1.029303003,1.087134474
0.9368,0.315866619,0.876334513,-0.197214683,0.277946102,-0.373906967,0.04116574,0.191127644,0.080476454,-0.195814302,-0.45972351,-0.824834707,-1.235335542,-0.367885917,-1.034648769,-1.095882092,-1.870532227,-1.329637873,0.801864945
0.9419,0.316848417,0.876744261,-0.198255638,0.27551077,-0.378240469,0.035096167,0.193853621,0.07413708,-0.204979521,-0.480995261,-0.83483078,-1.23723759,-0.350390682,-1.025415173,-1.056517813,-1.762158965,-1.226124398,0.496670287
0.9471,0.317840429,0.877142482,-0.199307109,0.273089291,-0.382528668,0.029054404,0.193333623,0.06718581,-0.210631017,-0.490816528,-0.8304213,-1.228698336,-0.373717662,-1.036106705,-1.03805062,-1.72911241,-1.259170954,0.164746798
0.9522,0.318859339,0.877475983,-0.20038376,0.27059005,-0.386884619,0.022645768,0.18849014,0.0629966,-0.213217347,-0.492864369,-0.852766627,-1.234698716,-0.453904157,-0.984592957,-1.02638713,-1.652327766,-1.227096356,0.433493049
0.9573,0.31985044,0.877789362,-0.201442512,0.267985135,-0.391225806,0.016249772,0.18823386,0.058830134,-0.216904759,-0.507588966,-0.861568577,-1.218213393,-0.50736182,-0.944742699,-1.093938177,-1.473973563,-1.240217782,0.690089832
0.9624,0.320841137,0.878087168,-0.202618162,0.265401153,-0.395619476,0.01024593,0.189336278,0.054237853,-0.224310274,-0.516452636,-0.857258238,-1.216704478,-0.591436145,-0.92092974,-1.018125491,-1.37774977,-1.233900058,0.321717936
0.9675,0.321736677,0.878374962,-0.203629993,0.262888361,-0.399873597,0.003926787,0.186435374,0.048683845,-0.224978008,-0.510146891,-0.867608589,-1.230835865,-0.553043823,-0.918499847,-1.254797145,-1.473973563,-1.516739694,0.504445947
0.9726,0.322693599,0.878643644,-0.204835676,0.260254727,-0.404412883,-0.002369198,0.182538213,0.047850294,-0.229065187,-0.520694283,-0.891361724,-1.226833879,-0.635660211,-0.9287054,-1.243133655,-1.454048434,-1.370460089,0.695921577
0.9777,0.323561432,0.878885125,-0.206115684,0.257468703,-0.408947517,-0.008717363,0.180599449,0.045192841,-0.239685767,-0.538790042,-0.899830487,-1.20369089,-0.601641698,-0.943770742,-1.160031288,-1.22563842,-1.259656932,0.968555658
0.9828,0.324440995,0.879107999,-0.20740722,0.254727374,-0.413542724,-0.014642431,0.175099822,0.040350281,-0.247195281,-0.544941269,-0.893288727,-1.192388847,-0.609903337,-0.97195751,-1.09685405,-1.102199816,-1.121638966,0.555473717
0.988,0.325295278,0.879265143,-0.208636768,0.251946203,-0.417922338,-0.020581151,0.168871688,0.036766455,-0.247355945,-0.543419038,-0.894665845,-1.178214547,-0.593866038,-0.936967039,-1.18627414,-0.971471531,-1.407880453,0.155513202
0.9931,0.32611265,0.879448276,-0.209948731,0.249309637,-0.422374153,-0.026641824,0.168639804,0.034027746,-0.256595495,-0.543586628,-0.895853164,-1.156524344,-0.54235229,-0.988966766,-1.196479694,-1.134760392,-1.655729618,-0.096223793
0.9982,0.32697927,0.879612296,-0.211235211,0.246616038,-0.426979674,-0.032710588,0.167353151,0.027845611,-0.262803995,-0.542283767,-0.892183878,-1.178410348,-0.600183762,-1.05360194,-1.293189467,-1.274236295,-1.755841241,-0.340185128
1.0033,0.327803418,0.879713116,-0.212556477,0.243885732,-0.431685307,-0.038771362,0.164196281,0.021646417,-0.270130222,-0.536742297,-0.91859053,-1.190899273,-0.617193019,-1.05748977,-1.387469345,-1.440441029,-1.759729071,-0.560819483
1.0084,0.328688947,0.879747699,-0.214053898,0.241049247,-0.4363964,-0.044893417,0.158248922,0.016548306,-0.279467259,-0.551234913,-0.934320691,-1.192773839,-0.755210985,-0.997714384,-1.250423336,-1.504590225,-1.789373775,-0.691547768
1.0134,0.329489433,0.879769744,-0.215479725,0.238191627,-0.441168066,-0.051090302,0.152430784,0.009759547,-0.287196556,-0.563383944,-0.939560854,-1.185573553,-0.78048188,-0.956892168,-1.275208253,-1.579430953,-1.791803669,-0.750351197
1.0185,0.330253008,0.879833957,-0.216933259,0.235238447,-0.446341794,-0.057291233,0.145080064,0.002982573,-0.295211075,-0.569466017,-0.950078576,-1.218117242,-0.770276326,-1.01861147,-1.304366978,-1.562421697,-1.22175059,-0.805266797
1.0237,0.330986753,0.879842552,-0.218430681,0.232048842,-0.451240267,-0.063482152,0.136773302,-0.004423354,-0.29746174,-0.580946706,-0.962063128,-1.23748403,-0.731398026,-1.026873109,-1.322348192,-1.225152441,-1.133302456,-0.838799331
1.0288,0.331682071,0.87979553,-0.220012539,0.229040247,-0.456147234,-0.069734351,0.134287666,-0.011497334,-0.30868729,-0.591916705,-0.96847156,-1.242474109,-0.65558534,-0.981677085,-1.259170954,-1.216890802,-1.067695324,-0.782425795
1.0339,0.332371423,0.879733947,-0.22156487,0.226099201,-0.461058044,-0.076448579,0.134534422,-0.014917823,-0.316795262,-0.595175824,-0.961051393,-1.249532367,-0.60504355,-0.953490317,-1.286385764,-1.366572258,-1.060405643,-0.002915873
1.0389,0.333062898,0.879658813,-0.223198605,0.223083932,-0.466026494,-0.08278289,0.130602319,-0.021386418,-0.322094448,-0.592180251,-0.9833411,-1.263380089,-0.587548315,-0.943284763,-1.235357995,-1.475917478,-0.997714384,0.194391502
1.0441,0.333765598,0.879572151,-0.22495227,0.219973101,-0.470951866,-0.089026595,0.127806654,-0.025255879,-0.33174844,-0.609685619,-0.995374444,-1.260171948,-0.611847252,-0.953004338,-1.03805062,-1.493412713,-1.007433959,0.273606039
1.0495,0.334376176,0.879420265,-0.226613105,0.216899889,-0.475842148,-0.09539185,0.126846262,-0.029335403,-0.340092525,-0.623198209,-0.995868296,-1.242355943,-0.516595416,-0.900032654,-1.022985279,-1.609075657,-1.112891348,0.531660758
1.0548,0.335042573,0.879303974,-0.228290019,0.213741228,-0.481145212,-0.101715138,0.124562527,-0.034125963,-0.343116042,-0.633061756,-1.001323991,-1.257987863,-0.537006524,-0.943284763,-1.023471258,-1.642608191,-0.604557571,0.74937924
1.0599,0.335678127,0.879130549,-0.230008798,0.210307615,-0.486177672,-0.107971787,0.11998276,-0.040198413,-0.341075369,-0.647024144,-1.013228624,-1.261221006,-0.527772928,-0.931621273,-1.01472364,-1.2878437,-0.54235229,0.934051167
1.0657,0.336278289,0.878905046,-0.231803924,0.207064617,-0.491233896,-0.11416574,0.11986666,-0.046609323,-0.348796599,-0.661641535,-1.011235187,-1.249700418,-0.484520819,-0.869901971,-0.93259323,-1.271320423,-0.457306008,1.058461728
1.0708,0.336879563,0.878673577,-0.233555365,0.20380807,-0.496320862,-0.120742846,0.121038136,-0.050141976,-0.35437945,-0.668339221,-0.998345063,-1.238908021,-0.473343307,-0.833453564,-0.954462274,-1.272778359,-0.373717662,1.830195991
1.0759,0.337437355,0.878426535,-0.235285873,0.20044231,-0.501432602,-0.126865204,0.120390982,-0.051367225,-0.353708435,-0.663341415,-1.014676038,-1.234892889,-0.420371623,-0.813042457,-1.058461728,-1.169264884,-0.266316358,1.947802849
1.081,0.338061584,0.878114268,-0.237072909,0.196991101,-0.50648104,-0.132923956,0.116969984,-0.053059331,-0.350705208,-0.675904161,-1.014532966,-1.213465964,-0.493268436,-0.72994009,-1.139134201,-0.983621,-0.250765037,2.035279025
1.0861,0.338652948,0.877841642,-0.238945899,0.193591668,-0.511527859,-0.139080595,0.115915725,-0.055754204,-0.359986211,-0.68174339,-1.005421108,-1.179004797,-0.53457663,-0.746949346,-1.137190286,-0.909752229,-0.267774294,2.309857022
1.0911,0.33920993,0.877519972,-0.240836485,0.190166043,-0.51696218,-0.145121954,0.111621593,-0.060127527,-0.365566584,-0.679121729,-1.000298819,-1.176930689,-0.542838269,-0.716818663,-1.149339755,-0.841715203,0.304708679,2.473631862
1.0962,0.339787744,0.877158358,-0.242763373,0.186529781,-0.522016483,-0.151030438,0.106919943,-0.065410578,-0.367737645,-0.683798983,-0.996386155,-1.162602431,-0.602127677,-0.648295659,-1.157601394,-0.478203095,0.263886464,2.54069693
1.1013,0.340329154,0.876806957,-0.244753969,0.183154515,-0.527022146,-0.156858125,0.104660603,-0.068631232,-0.381482728,-0.688064272,-0.991510938,-1.137108909,-0.626426615,-0.62059487,-1.10462971,-0.551585887,0.145307648,2.561108038
1.1064,0.340833654,0.876460208,-0.246737891,0.1797297,-0.532119931,-0.163002225,0.099289372,-0.070674821,-0.391218802,-0.683639897,-0.972922493,-1.113192728,-0.615249104,-0.62837053,-1.08907839,-0.577342761,0.146279605,3.164693651
1.1115,0.341357468,0.876113561,-0.248731823,0.176263525,-0.537218728,-0.168632925,0.093673547,-0.072339323,-0.397673961,-0.673212762,-0.985844255,-1.097986161,-0.653641425,-0.66724883,-1.094910135,-0.594352017,0.14822352,3.057778325
1.1166,0.341844373,0.875722419,-0.250710385,0.172745778,-0.542309536,-0.17423157,0.090680428,-0.076713472,-0.398936121,-0.684202394,-0.989739132,-1.072964865,-0.656557298,-0.663361,-1.177526523,-0.561791441,0.173494415,3.01306828
1.1217,0.342279199,0.875339974,-0.252753666,0.169305086,-0.547396299,-0.17975852,0.091078736,-0.080772731,-0.413898483,-0.686648227,-0.981238853,-1.037511257,-0.609417359,-0.698837449,-1.197937631,-0.665304915,0.194877481,2.930451891
1.1268,0.342719183,0.874963697,-0.254957427,0.165643644,-0.552713621,-0.185106482,0.085614051,-0.085402432,-0.415108643,-0.675836731,-0.984338231,-1.03981883,-0.598239847,-0.771248284,-1.002088192,-0.463623732,0.592894081,2.675799024
1.1319,0.343124785,0.874494287,-0.257100718,0.161930124,-0.557615128,-0.190307008,0.083441653,-0.089851324,-0.417549933,-0.682307076,-0.995207001,-1.038637804,-0.55401578,-0.723136387,-0.957378147,-0.211886737,0.374203641,2.341445641
1.137,0.343538578,0.874027,-0.259287997,0.158478006,-0.56244686,-0.195405602,0.081315569,-0.093333216,-0.431781408,-0.694290997,-0.99903282,-1.034608506,-0.548670014,-0.708071046,-0.87038795,-0.366427981,0.088448133,1.971129829
1.1421,0.34396309,0.873601375,-0.261279604,0.155079583,-0.567267469,-0.200752857,0.078315525,-0.094267972,-0.43316183,-0.698218653,-0.996514526,-1.037769166,-0.584632442,-0.795061243,-1.126498754,-0.603585613,-0.207998907,2.118867371
1.1473,0.344401861,0.873120133,-0.263546668,0.151733441,-0.572422995,-0.206065022,0.073468835,-0.099479487,-0.436849243,-0.699234664,-1.003862136,-1.029358283,-0.665304915,-0.828593777,-0.993826554,-0.953004338,0.034504492,2.32589432
1.1524,0.344761654,0.872542724,-0.265735059,0.148096066,-0.577525331,-0.21134503,0.067334568,-0.104184344,-0.443859025,-0.709608269,-0.997808615,-1.004970702,-0.639062063,-0.738687707,-1.029788981,-0.867472077,0.194877481,2.56402391
1.1575,0.345087066,0.872007483,-0.267951158,0.14466761,-0.582623521,-0.216200728,0.064364193,-0.105200769,-0.443770236,-0.701163004,-0.979606183,-0.994813552,-0.579772654,-0.751323155,-1.070125218,-1.168778905,0.320259999,2.208287462
1.1627,0.345422692,0.871418141,-0.270218222,0.140878653,-0.58771261,-0.221262514,0.061294265,-0.109370126,-0.442847703,-0.700811738,-0.989966643,-0.993827501,-0.561305462,-0.711958876,-1.092480241,-0.968555658,0.436894901,2.29867951
1.1678,0.345716352,0.870832946,-0.272552533,0.137293053,-0.592500253,-0.226089493,0.06111438,-0.113545583,-0.455917518,-0.70448168,-0.971968177,-0.969052256,-0.502502032,-0.707585067,-1.050200089,-1.149825734,0.077756601,2.101372136
1.173,0.346013652,0.87029548,-0.27488826,0.133667105,-0.597425523,-0.231216604,0.06068339,-0.116216887,-0.461108671,-0.706948921,-0.950574566,-0.948590363,-0.478203095,-0.811098542,-1.037564641,-1.323320149,-0.118092837,2.440585307
1.1781,0.346320154,0.869696835,-0.277246638,0.130020123,-0.602380625,-0.23616574,0.059133433,-0.118024776,-0.4651577,-0.705724838,-0.964179663,-0.953108994,-0.493754415,-0.855808587,-1.03416279,-1.538608738,-0.285269529,2.608733956
1.1831,0.346642431,0.869041561,-0.279647892,0.1262973,-0.607314491,-0.240830519,0.055491824,-0.124139093,-0.462067944,-0.731667112,-0.969396547,-0.931671207,-0.555473717,-0.846089012,-1.020555385,-1.681000513,-0.472857328,2.441557264
1.1883,0.346931338,0.868390939,-0.282120942,0.122541612,-0.612229042,-0.245587724,0.052625862,-0.131395534,-0.472883596,-0.752899063,-0.970047735,-0.903740647,-0.585118421,-0.871845886,-0.937938997,-1.791803669,-0.710014961,2.487239267
1.1934,0.347178785,0.867693801,-0.284596926,0.118660936,-0.617567095,-0.250188189,0.05118197,-0.136717147,-0.475681229,-0.764584859,-0.975461246,-0.905484193,-0.574912867,-0.852892715,-0.883509376,-1.751467432,-0.292073232,2.382267856
1.1985,0.347433411,0.866955708,-0.287052988,0.114454647,-0.622559106,-0.25471716,0.04798406,-0.145535839,-0.474836744,-0.779123788,-0.987683248,-0.903706678,-0.602613656,-0.794575264,-0.910238208,-1.243133655,-0.423773474,2.301595383
1.2037,0.347647083,0.866223278,-0.289556072,0.110489635,-0.627592173,-0.259315907,0.046039197,-0.148643916,-0.489435522,-0.79307201,-0.993056545,-0.889207744,-0.590950166,-0.77270622,-0.891771015,-1.152741606,-0.485006797,2.4430152
1.2088,0.347869451,0.86548741,-0.292075336,0.106509556,-0.632767014,-0.264099403,0.042153821,-0.153005041,-0.500369023,-0.795564061,-0.985772622,-0.873809726,-0.618650955,-0.778537965,-0.857752502,-1.078872836,-0.347960788,2.979049767
1.214,0.348053393,0.864698958,-0.294585904,0.102521084,-0.63793781,-0.268524623,0.039300057,-0.155419967,-0.504857304,-0.790626419,-1.007197457,-0.869872837,-0.609417359,-0.73382792,-0.863098269,-1.058947707,-0.21480261,3.077703454
1.219,0.34824957,0.863865507,-0.297118617,0.098472444,-0.642999798,-0.272859136,0.03423193,-0.161233244,-0.503541104,-0.809361362,-1.018465482,-0.856525527,-0.642949893,-0.645865765,-0.87816361,-0.981191106,-0.217232503,3.182188886
1.2241,0.348411872,0.863092426,-0.29969734,0.094450703,-0.648095763,-0.277240671,0.029851682,-0.16514705,-0.517866445,-0.81782857,-1.020223121,-0.831117489,-0.64392185,-0.677940363,-0.849004885,-0.960294019,-0.15599918,3.486897566
1.2293,0.348576297,0.862316918,-0.302248155,0.090367782,-0.65351805,-0.281383557,0.029148909,-0.165703544,-0.52639909,-0.819204133,-1.024892818,-0.827443174,-0.677940363,-0.738687707,-0.877677631,-0.880593504,0.435922943,3.562224273
1.2345,0.348738801,0.861436141,-0.304856608,0.085987056,-0.658541207,-0.285393265,0.025177417,-0.168159924,-0.526166914,-0.823963469,-1.033103527,-0.81354785,-0.741117601,-0.66724883,-0.8509488,-0.359624279,0.427175325,3.602560509
1.2396,0.348855294,0.860557488,-0.307674689,0.081880473,-0.66365315,-0.289456669,0.021066572,-0.171625171,-0.529194561,-0.829186865,-1.03048743,-0.789805747,-0.760070773,-0.628856509,-0.529716843,-0.288185402,0.596781911,3.880540357
1.2448,0.348922742,0.859675903,-0.310337142,0.077796744,-0.668764081,-0.293580847,0.017637505,-0.170661694,-0.532300257,-0.824620342,-1.012057147,-0.763061534,-0.731884005,-0.618650955,-0.482090925,-0.269718209,0.765416539,4.402967518
1.25,0.348994843,0.858787339,-0.312994944,0.073690869,-0.673829002,-0.297284053,0.011801484,-0.172128329,-0.529479588,-0.811026933,-1.021531546,-0.744572691,-0.739173686,-0.632744339,-0.469941456,-0.260970591,0.8898271,4.427752435
1.2551,0.349028517,0.857863384,-0.315674891,0.069556174,-0.678900698,-0.300936192,0.006565573,-0.179131283,-0.52133835,-0.822376213,-1.015179974,-0.719097442,-0.709528982,-0.61281921,-0.467511562,-0.224522185,1.082760666,4.55848072
1.2603,0.349021741,0.856957731,-0.318396805,0.065385984,-0.68393245,-0.304609162,0.00261114,-0.1826201,-0.52935751,-0.823702765,-0.998719558,-0.685827677,-0.641005978,-0.641491956,-0.424745432,-0.122952625,1.23730191,4.895263997
1.2654,0.349029224,0.856052685,-0.321041662,0.061150976,-0.689262716,-0.307968146,-0.00330779,-0.183515054,-0.529847012,-0.819570634,-0.982736227,-0.669775142,-0.617193019,-0.701753322,-0.518053353,0.071924856,1.895803122,4.930254467
1.2709,0.349049954,0.855049449,-0.323689959,0.056672262,-0.694171099,-0.311265042,-0.005998217,-0.187160697,-0.527671941,-0.817418914,-0.968295708,-0.647167702,-0.637118148,-0.636632169,-0.639062063,0.656071319,1.93176555,5.091599414
1.2761,0.349027202,0.854100516,-0.326585398,0.052563859,-0.698996056,-0.31438831,-0.008671173,-0.190462607,-0.528813554,-0.812910684,-0.946943527,-0.61354169,-0.615249104,-0.685716023,-0.398502579,0.66724883,1.887541484,5.17907559
1.2812,0.348960967,0.853149156,-0.329316614,0.04846304,-0.70382971,-0.317563859,-0.010575408,-0.191910532,-0.532555542,-0.796490798,-0.915853012,-0.572348284,-0.551585887,-0.763472624,-0.439810773,0.67113666,1.882681696,5.533840081
1.2863,0.348907979,0.85213965,-0.332029528,0.044423602,-0.708573364,-0.32033421,-0.014921953,-0.19445344,-0.533085672,-0.77569946,-0.91556694,-0.540212672,-0.531660758,-0.785341668,-0.529716843,0.55401578,1.79131769,5.437130309
1.2914,0.348828193,0.851088684,-0.334704824,0.040399838,-0.713267166,-0.323063202,-0.018878452,-0.203418411,-0.528928634,-0.782896854,-0.909411363,-0.507103547,-0.485978755,-0.767360454,-0.717790621,0.421829559,1.714047068,5.486700142
1.2964,0.348763677,0.850053999,-0.337412984,0.036484882,-0.717908484,-0.325760947,-0.019630018,-0.209685108,-0.545632501,-0.785505394,-0.894041168,-0.469106593,-0.485978755,-0.7960332,-0.87427578,0.154055265,1.617337296,5.692269155
1.3016,0.348659723,0.848965214,-0.340296896,0.032539994,-0.722798766,-0.328103246,-0.020440096,-0.21021152,-0.546228384,-0.784206446,-0.883293942,-0.445854065,-0.448072412,-0.77270622,-0.76881839,-0.053943642,1.976961575,5.556195104
1.3066,0.348559409,0.84782435,-0.343044898,0.028317929,-0.727303772,-0.330213773,-0.018284149,-0.216455472,-0.552406899,-0.789166636,-0.883777831,-0.419626933,-0.444670561,-0.699323428,-0.918013868,0.190503672,1.811242819,5.290364725
1.3117,0.34846577,0.84674689,-0.34596309,0.024435737,-0.731752351,-0.332266255,-0.020195722,-0.223084198,-0.567344137,-0.800927565,-0.878787534,-0.392616404,-0.478689073,-0.748893261,-0.810612563,-0.077756601,1.653299724,5.154776652
1.3168,0.348341794,0.84562342,-0.348861968,0.020362524,-0.736146931,-0.334285974,-0.023255104,-0.224817344,-0.570417272,-0.790594393,-0.865047821,-0.3610654,-0.483548861,-0.754239027,-0.752781091,-0.038392322,1.474459542,5.173729824
1.3219,0.348232582,0.844540095,-0.351777935,0.016541207,-0.740396906,-0.335963899,-0.024612467,-0.228548689,-0.568589967,-0.790387537,-0.884114784,-0.344501349,-0.533604673,-0.860182396,-0.709528982,-0.427175325,1.156629436,4.864161357
1.327,0.348127515,0.843364142,-0.354560522,0.012423501,-0.744890889,-0.337804631,-0.025188084,-0.237297084,-0.574040389,-0.799922634,-0.876414329,-0.309748206,-0.618650955,-0.846089012,-0.918499847,-0.345044916,1.321376234,5.021132495
1.3321,0.347975933,0.842141673,-0.357569522,0.008344828,-0.7493784,-0.33934503,-0.028088163,-0.240200783,-0.585964874,-0.799615398,-0.858144687,-0.285147014,-0.658987192,-0.787285583,-0.785827647,-0.331437511,1.510907949,4.889432252
1.3372,0.347783901,0.840903125,-0.360515623,0.004203458,-0.753762261,-0.340532511,-0.032561451,-0.240191282,-0.589818929,-0.786546117,-0.863910072,-0.276340884,-0.660445128,-0.744033474,-0.775622093,-0.25756874,1.600814018,4.418518839
1.3424,0.347557488,0.83961351,-0.363529983,3.28E-05,-0.758099808,-0.341922844,-0.037961526,-0.246348292,-0.586313175,-0.797045008,-0.857123889,-0.252619241,-0.628856509,-0.65169751,-0.699809407,-0.155513202,1.708215323,4.483639992
1.3475,0.347302761,0.838335625,-0.366583274,-0.004077156,-0.762405602,-0.343275255,-0.043746787,-0.249429179,-0.59927175,-0.797730821,-0.834231373,-0.225064537,-0.570053079,-0.601641698,-0.586576357,-0.142877754,1.816102607,4.667339961
1.3526,0.347066842,0.837060876,-0.369646173,-0.008211346,-0.76643695,-0.34433239,-0.04711982,-0.250319273,-0.603525255,-0.79239113,-0.826856865,-0.203944095,-0.560333504,-0.5856044,-0.464109711,-0.106915326,1.536178844,4.567228338
1.3577,0.346800081,0.835838406,-0.372710992,-0.012114471,-0.770682374,-0.345325817,-0.051448894,-0.253726422,-0.596258803,-0.800173448,-0.825105203,-0.181185418,-0.520969225,-0.681828193,-0.37080179,-0.448072412,1.679056598,4.560910614
1.3629,0.346509556,0.834482759,-0.375639903,-0.016277076,-0.774861159,-0.34627121,-0.056262295,-0.258951787,-0.595990956,-0.817360086,-0.812300027,-0.153969174,-0.458763945,-0.588034293,-0.532146737,-0.353792533,1.788887796,4.663452131
1.3679,0.346243402,0.833140864,-0.378732936,-0.020419456,-0.779100415,-0.346921327,-0.058849962,-0.261491488,-0.605950216,-0.821050901,-0.793168307,-0.132650039,-0.450988284,-0.53846446,-0.442726646,-0.278951805,2.049858388,4.482182055
1.373,0.345952978,0.831765093,-0.381794519,-0.024602285,-0.782994337,-0.347420063,-0.06268499,-0.26464391,-0.605670997,-0.811071181,-0.783302792,-0.110669804,-0.419885644,-0.456334051,-0.414539878,-0.165232777,1.823878267,4.248426274
1.3781,0.34568743,0.83038022,-0.38491172,-0.028792193,-0.787094246,-0.347971079,-0.06505732,-0.274225322,-0.598416743,-0.824135505,-0.776962787,-0.091287464,-0.443698603,-0.365456024,-0.332895447,-0.044710045,2.012924002,4.281958809
1.3832,0.345440186,0.829118516,-0.387846901,-0.032955809,-0.791207604,-0.348476085,-0.067096875,-0.270700129,-0.596452976,-0.823284702,-0.762280566,-0.069907339,-0.516109438,-0.485978755,-0.581230591,0.05054179,2.307913107,4.426294499
1.3883,0.345148953,0.827790575,-0.390846294,-0.036891799,-0.794933664,-0.348687329,-0.065866474,-0.264976806,-0.593408392,-0.800607961,-0.755617603,-0.050666007,-0.54624012,-0.542838269,-0.767846433,-0.259026676,2.075615262,4.288276532
1.3934,0.344808171,0.826408535,-0.393894125,-0.040885428,-0.798705633,-0.349066943,-0.06674561,-0.268390879,-0.585594558,-0.809344669,-0.744832641,-0.037049587,-0.528744885,-0.547698057,-0.938910954,-0.513193565,2.011466066,4.622143937
1.3985,0.34442795,0.825041258,-0.397008697,-0.04489726,-0.8024054,-0.349304884,-0.068965561,-0.271699714,-0.600238824,-0.81171452,-0.731354264,-0.017341496,-0.473343307,-0.597753868,-1.04582628,-0.749865219,1.908924549,4.943861873
1.4036,0.34405946,0.823670543,-0.400151583,-0.048981899,-0.806209222,-0.349208616,-0.069571674,-0.269570544,-0.611769957,-0.806931323,-0.70992124,0.005861195,-0.460221881,-0.675510469,-1.125526796,-0.916555932,2.030419238,4.944347851
1.4087,0.343698149,0.822197088,-0.403305997,-0.053440287,-0.809884619,-0.349074527,-0.069484222,-0.273461193,-0.617128481,-0.807429305,-0.710167874,0.031615469,-0.485006797,-0.623510742,-1.225152441,-0.537978482,2.028475323,5.094515287
1.4138,0.343299424,0.820788553,-0.406716149,-0.057693397,-0.813533522,-0.348896046,-0.071914237,-0.280329652,-0.628339039,-0.81446844,-0.704453201,0.057565131,-0.473829286,-0.695921577,-0.954948253,-0.511735629,2.094082454,5.388046454
1.4188,0.342916473,0.819346648,-0.40991445,-0.06192972,-0.817184751,-0.34843604,-0.073959479,-0.285017865,-0.64230721,-0.813675225,-0.690715238,0.092825247,-0.508819756,-0.736257814,-1.043396387,-0.532632715,2.254941422,5.441990096
1.4239,0.342505713,0.817896248,-0.413159773,-0.066172515,-0.820652948,-0.347833856,-0.078988217,-0.284448881,-0.646880367,-0.812083208,-0.69722349,0.120159146,-0.517081395,-0.799435052,-1.086648496,-0.578314718,2.239876081,5.48329829
1.4289,0.342023562,0.816396805,-0.416490039,-0.070406715,-0.824143897,-0.347062696,-0.08267128,-0.293972923,-0.647106056,-0.837933049,-0.695626369,0.146094131,-0.425717389,-0.815472351,-1.048256174,-0.63225836,2.401707006,5.486214163
1.434,0.341564263,0.814864496,-0.419864799,-0.074648599,-0.827596724,-0.346269997,-0.084589365,-0.300507369,-0.666616232,-0.850635246,-0.683028974,0.176241265,-0.387325068,-0.79992103,-0.967097722,-0.64780968,2.619911467,5.685465452
1.4391,0.341125291,0.81332521,-0.423202548,-0.07891172,-0.83105137,-0.345137021,-0.085872397,-0.30099274,-0.677880855,-0.852655265,-0.657474145,0.213217979,-0.399474536,-0.808668648,-0.952518359,-0.642949893,2.932881785,5.55765304
1.4445,0.340705127,0.811682678,-0.426540196,-0.083497017,-0.834333603,-0.343972798,-0.08761536,-0.306851918,-0.681977437,-0.857318353,-0.647144035,0.2498981,-0.46070786,-0.687173959,-0.969041637,-0.142391775,3.080133348,5.585839808
1.4497,0.340262211,0.810107594,-0.43017565,-0.087784407,-0.837505815,-0.342710992,-0.093256407,-0.315060367,-0.687195464,-0.864414858,-0.628971443,0.280050506,-0.500072139,-0.692519726,-0.544296205,-0.114205007,3.183646823,5.675259899
1.4548,0.339796036,0.808545758,-0.43359824,-0.092115886,-0.840695116,-0.341110426,-0.096210551,-0.31816927,-0.692801156,-0.862560873,-0.601488396,0.317266953,-0.517081395,-0.74160358,-0.479175052,-0.012635448,3.427608158,5.439074224
1.4601,0.339347153,0.806928304,-0.43700809,-0.096474669,-0.84367661,-0.339418849,-0.099898473,-0.319284834,-0.690639109,-0.853854977,-0.589578661,0.344258359,-0.581716569,-0.737229771,-0.457306008,0.115176965,3.471832224,5.270439596
1.4653,0.338859339,0.805274446,-0.440440085,-0.100806654,-0.84660087,-0.33771888,-0.101417934,-0.32998718,-0.681385005,-0.869230421,-0.575455389,0.370895074,-0.60893138,-0.697865492,-0.445156539,0.217232503,3.585065274,5.310775832
1.4705,0.338333097,0.803644453,-0.443906462,-0.105073415,-0.849432905,-0.335945697,-0.106288195,-0.335077637,-0.692772848,-0.87235699,-0.5546667,0.392110841,-0.599211805,-0.712444855,-0.399960515,0.256596783,3.702672133,5.466775013
1.4756,0.337825665,0.802011528,-0.447419456,-0.109371625,-0.852295278,-0.333819598,-0.111624484,-0.335493951,-0.695880609,-0.866241749,-0.524719523,0.425057867,-0.638576084,-0.755210985,-0.278951805,0.357194385,4.00446494,5.283561022
1.4807,0.337281828,0.800226717,-0.450916169,-0.113947517,-0.854918495,-0.331606533,-0.114559505,-0.338801547,-0.690446224,-0.861033855,-0.507181765,0.452359716,-0.642949893,-0.589978208,-0.204597056,0.910724186,4.076389795,5.171785909
1.4858,0.336646375,0.798504803,-0.454635757,-0.118224087,-0.857465264,-0.329293862,-0.116702647,-0.344231703,-0.689018467,-0.859635548,-0.484703352,0.476189296,-0.528258906,-0.547212078,0.207998907,1.021527343,4.198856441,5.119300203
1.4909,0.336017595,0.79679462,-0.458105572,-0.122448579,-0.859953787,-0.326668723,-0.117320131,-0.344283193,-0.6891144,-0.845318371,-0.455420168,0.510348014,-0.450988284,-0.546726099,0.225494142,1.082274687,4.389360113,4.766479627
1.496,0.335397007,0.795071392,-0.461579432,-0.126719689,-0.862163717,-0.324048235,-0.11729729,-0.339701579,-0.679280231,-0.820844797,-0.439290727,0.535884982,-0.412595963,-0.564707313,0.246877207,1.218834717,4.312089491,4.604162723
1.501,0.334787137,0.793301648,-0.465049146,-0.130945293,-0.864306907,-0.321399535,-0.117554397,-0.345819615,-0.662989056,-0.819858139,-0.421937082,0.550950664,-0.415511835,-0.537978482,0.233269802,1.311656659,4.325696896,4.600760872
1.5061,0.33415047,0.791508646,-0.468524927,-0.135089999,-0.866451714,-0.318639094,-0.121424781,-0.349659503,-0.668446598,-0.806325186,-0.396664972,0.561592894,-0.392670834,-0.488894627,0.225494142,1.326722001,4.526892101,4.644984938
1.5112,0.333490545,0.789725351,-0.471919203,-0.139155729,-0.86851805,-0.315555567,-0.122288511,-0.348388887,-0.668839123,-0.785099237,-0.366541214,0.587604056,-0.34747481,-0.48014701,0.108373262,1.234872016,4.776685181,4.378668581
1.5163,0.332893012,0.787805845,-0.475319547,-0.143430782,-0.870285064,-0.31246759,-0.12124057,-0.349817786,-0.662102996,-0.772103023,-0.345690587,0.603675398,-0.424259453,-0.278465826,-0.002915873,1.499244459,4.738778838,4.294108277
1.5213,0.332265649,0.786009,-0.478921023,-0.147420265,-0.872020831,-0.309302761,-0.125506686,-0.351113843,-0.66349705,-0.7707105,-0.322322906,0.616361412,-0.47237135,-0.287699423,0.20313912,1.365114322,4.856871675,4.290706426
1.5265,0.331614016,0.784230964,-0.482247952,-0.15135676,-0.873582971,-0.305860855,-0.128431987,-0.348825466,-0.670940179,-0.763325348,-0.297895597,0.646153319,-0.497156266,-0.346016873,-0.009719575,1.211059057,4.901095742,4.020988217
1.5316,0.330984731,0.782507736,-0.485551117,-0.155284255,-0.875084437,-0.302569421,-0.133472097,-0.347817741,-0.673432837,-0.749726132,-0.265217462,0.670235024,-0.574426888,-0.51902531,-0.245419271,1.079358814,5.042029581,4.143940842
1.5367,0.330327637,0.780769845,-0.48886035,-0.15911265,-0.87627748,-0.299199009,-0.137864543,-0.361569433,-0.677315419,-0.764499594,-0.241053457,0.687578124,-0.624968679,-0.677940363,-0.475287222,0.852406736,4.886516379,4.315005364
1.5418,0.329592578,0.778875417,-0.492410759,-0.162808575,-0.877330873,-0.295801901,-0.143410897,-0.365809913,-0.687841087,-0.772521014,-0.221572901,0.701054363,-0.569567101,-0.59338006,-0.318316084,0.498128224,4.720797624,4.646442875
1.5469,0.328867226,0.776982607,-0.495912529,-0.166757407,-0.878392052,-0.292123673,-0.143333991,-0.364631512,-0.689457719,-0.758104187,-0.200658076,0.741213047,-0.554501759,-0.541380333,-0.239101547,0.572968952,4.779601053,4.707676198
1.552,0.328142482,0.775060977,-0.499456265,-0.170669835,-0.87928112,-0.288269694,-0.144667371,-0.373646515,-0.679507669,-0.76660828,-0.175943894,0.761551744,-0.571025037,-0.461679817,-0.119550774,0.61281921,4.765993648,4.661994195
1.5571,0.327384872,0.773177874,-0.503013146,-0.174600667,-0.880114572,-0.284366771,-0.150604597,-0.377848433,-0.688452472,-0.766494245,-0.1463699,0.775532162,-0.555959695,-0.450016327,0.012635448,0.732369983,4.853955803,4.755302116
1.5623,0.326601982,0.771256851,-0.506497624,-0.178546264,-0.88085944,-0.280168571,-0.154455858,-0.374527206,-0.68933863,-0.753246416,-0.112869392,0.81338913,-0.516595416,-0.40190443,0.044224067,0.897116781,4.980796258,4.564798444
1.5674,0.325785722,0.769391647,-0.509999292,-0.182261402,-0.881316614,-0.275958742,-0.155714494,-0.376969419,-0.679927797,-0.751519782,-0.083366521,0.840332351,-0.445156539,-0.469455477,0.092335963,0.716332685,4.831114801,4.518144483
1.5725,0.324984731,0.767539185,-0.513283042,-0.185887956,-0.881801294,-0.27200809,-0.157696364,-0.377621433,-0.679315075,-0.744306351,-0.060553463,0.834374932,-0.419399665,-0.580258633,-0.224036206,0.419399665,4.924908701,5.123674012
1.5777,0.324150875,0.765682779,-0.516597634,-0.189613813,-0.88220356,-0.267660026,-0.157534168,-0.377316165,-0.675540017,-0.734228828,-0.034175508,0.864211719,-0.362054172,-0.7182766,-0.510763671,0.279923763,5.094515287,5.347224239
1.5828,0.323374861,0.763626858,-0.520027606,-0.19337658,-0.882279705,-0.263159672,-0.156200594,-0.379726644,-0.670054774,-0.719353626,-0.008963246,0.889482808,-0.422315538,-0.571511016,-0.65558534,0.175924309,4.950665575,5.548419444
1.5879,0.322569522,0.761677419,-0.523709273,-0.197133279,-0.882259278,-0.258564364,-0.160886426,-0.384049206,-0.673264883,-0.730351932,0.010230436,0.911836981,-0.454390136,-0.620108891,-0.434465007,0.066093111,4.869021144,5.844380505
1.5931,0.321745475,0.759736677,-0.527164931,-0.20093872,-0.882181313,-0.25341349,-0.164989204,-0.386605139,-0.682233159,-0.735160571,0.029331078,0.951161725,-0.46848352,-0.708071046,-0.5856044,0.065121153,4.918104999,5.482326333
1.5982,0.32093872,0.757774295,-0.530643341,-0.204789261,-0.881926686,-0.248349378,-0.165781398,-0.381852023,-0.685138923,-0.728739746,0.059002972,0.992546072,-0.530202821,-0.806238754,-0.714874748,0.138503945,4.89040421,5.451709671
1.6033,0.320088482,0.755751239,-0.534187987,-0.208603903,-0.881543533,-0.243218526,-0.166508981,-0.391113588,-0.681213454,-0.744662889,0.077602643,1.025614157,-0.55012795,-0.846089012,-0.78048188,0.177382246,4.863189399,5.511971037
1.6084,0.319206391,0.753741935,-0.53776398,-0.212399434,-0.881109415,-0.237923248,-0.172708685,-0.398894156,-0.700551399,-0.748995365,0.099739194,1.04868143,-0.539436418,-0.930163337,-0.815958329,0.228895994,4.973020598,5.53821389
1.6135,0.318345131,0.751677015,-0.541336434,-0.21621529,-0.880625847,-0.232325109,-0.175382467,-0.402116779,-0.711974913,-0.747157296,0.122899192,1.102537741,-0.579772654,-0.960779998,-0.85483663,0.330951532,5.221355742,5.273355468
1.6187,0.317444939,0.749461725,-0.544948832,-0.220076246,-0.879807058,-0.226635757,-0.177846185,-0.410620168,-0.715169519,-0.737826577,0.15221795,1.144695353,-0.582688527,-0.784855689,-0.855322608,0.50736182,5.147486971,5.013842813
1.6238,0.316461725,0.747365052,-0.548849934,-0.223888664,-0.87889726,-0.220862372,-0.181761643,-0.421414728,-0.720872698,-0.748498306,0.176624483,1.173195869,-0.474801243,-0.815958329,-0.423287495,0.637118148,5.141169247,4.797582267
1.6289,0.315504904,0.745236525,-0.552520983,-0.227713419,-0.877893417,-0.214533219,-0.186639655,-0.427104057,-0.728577794,-0.747790673,0.204492327,1.206505533,-0.423287495,-0.816444308,-0.367399939,0.840743246,5.199486698,3.861101207
1.6343,0.314571443,0.743048842,-0.55615401,-0.231537264,-0.87663333,-0.208390939,-0.187479402,-0.426901962,-0.730496292,-0.737563347,0.241253801,1.236007044,-0.42523141,-0.760070773,-0.379063429,1.074499027,5.04251556,3.352281451
1.6394,0.313643644,0.740821721,-0.559832541,-0.235269592,-0.875274547,-0.202243503,-0.185288512,-0.438519309,-0.723848249,-0.746080149,0.270266247,1.249249114,-0.463623732,-0.665790894,-0.346988831,1.220292653,4.914703147,2.962526489
1.6445,0.312679442,0.738631611,-0.56352068,-0.238917585,-0.87384953,-0.196051471,-0.189461175,-0.446844781,-0.7390952,-0.746637858,0.296604813,1.248829642,-0.467025583,-0.638090105,-0.305680637,1.316030468,4.878254741,2.65392998
1.6509,0.311693498,0.736411164,-0.567182526,-0.242567803,-0.872395793,-0.189693599,-0.193307575,-0.449220731,-0.745443662,-0.735716652,0.32051854,1.277757284,-0.449530348,-0.581230591,-0.289643338,1.475917478,5.000235408,2.185932439
1.656,0.310725857,0.734010921,-0.570901608,-0.246211043,-0.870638184,-0.183341996,-0.194082711,-0.451977834,-0.745341631,-0.715315968,0.353780141,1.292097837,-0.480632988,-0.258540698,-0.187587799,1.660103426,4.830142844,1.785971924
1.6611,0.309678734,0.731782991,-0.574869957,-0.249760744,-0.868749419,-0.176947619,-0.197445611,-0.452336147,-0.746245673,-0.713769511,0.384485712,1.286862266,-0.404334324,-0.225494142,0.309082488,1.754383305,4.627003724,1.406908495
1.6662,0.308705633,0.729578926,-0.578568814,-0.253325918,-0.866817171,-0.170134998,-0.200633802,-0.450788887,-0.748330498,-0.702772419,0.407966796,1.287491852,-0.461193838,-0.246391229,0.391698876,1.956550467,4.537097655,0.439810773
1.6713,0.307709779,0.727333401,-0.582246941,-0.256901406,-0.864615431,-0.163701992,-0.204847092,-0.444468758,-0.740526675,-0.677115876,0.438880877,1.285506993,-0.496184309,-0.227438057,0.454390136,2.230642485,4.188164909,0.116634901
1.6763,0.306676509,0.725069168,-0.585947821,-0.260364648,-0.862366063,-0.157301547,-0.203378197,-0.45141857,-0.722816735,-0.667861115,0.463627304,1.266974995,-0.495212351,-0.190503672,0.538950439,2.396847219,3.917474742,-0.11323305
1.6814,0.305606836,0.72280898,-0.589636566,-0.26371625,-0.860011326,-0.150891698,-0.207964475,-0.452949087,-0.726046574,-0.654907376,0.480439861,1.239797265,-0.459249923,-0.157457117,0.611847252,2.486753288,3.638522937,-0.290129317
1.6865,0.304517444,0.720569623,-0.593278289,-0.267020528,-0.857635352,-0.144460107,-0.211933585,-0.4465599,-0.719789597,-0.63539873,0.491252548,1.247774339,-0.404334324,-0.17543833,0.639548041,2.593182636,3.494187247,-0.48792267
1.6916,0.303450399,0.718147942,-0.596957529,-0.270261705,-0.855024269,-0.138117605,-0.212592937,-0.442474082,-0.70684322,-0.60605995,0.511212035,1.239272505,-0.40190443,0.074840728,0.734313898,2.669967279,3.123871436,-0.569081122
1.6967,0.30230994,0.715858024,-0.600810598,-0.273362322,-0.852412074,-0.131850642,-0.215688913,-0.44025486,-0.698958239,-0.596115756,0.527416511,1.21994304,-0.297904977,0.10545739,1.12018103,2.611649828,2.87650825,-0.515623459
1.7018,0.301251593,0.713610173,-0.604359794,-0.276440489,-0.84975316,-0.125180402,-0.218581337,-0.436730178,-0.694542734,-0.577995066,0.539008246,1.209434114,-0.334839362,0.064635174,1.058947707,2.624771255,2.67725696,-1.097826007
1.7069,0.300164931,0.711382142,-0.607853878,-0.279484478,-0.846825058,-0.118994944,-0.216304333,-0.427004042,-0.683121285,-0.553388528,0.552918027,1.205734504,-0.344558937,-0.026242853,0.944742699,2.667051406,2.157259693,-0.935023124
1.712,0.299037314,0.709142987,-0.611336333,-0.282365153,-0.843948933,-0.112857518,-0.214447043,-0.433186372,-0.665270435,-0.547995354,0.561838872,1.195196735,-0.314914233,-0.106429347,0.819360181,2.55236042,1.811242819,-0.72605226
1.717,0.297887451,0.706918495,-0.614772272,-0.285051168,-0.841084235,-0.106716554,-0.218651027,-0.436745171,-0.672430093,-0.540157805,0.565873954,1.178205168,-0.263886464,-0.200709226,0.649267616,2.250567613,1.569225399,-0.520483246
1.7221,0.296775104,0.70468743,-0.618167863,-0.287671655,-0.838234503,-0.100645869,-0.220145363,-0.43775032,-0.677128317,-0.531366595,0.567522029,1.204836536,-0.279923763,-0.28867138,0.471399392,1.947802849,1.434609284,-0.247363186
1.7272,0.295647588,0.70236212,-0.621510871,-0.290203256,-0.835298817,-0.09476034,-0.222595328,-0.446949023,-0.676695674,-0.524914012,0.582774059,1.225081925,-0.281381699,-0.224036206,0.242989377,1.590608464,1.217376781,0.234727739
1.7324,0.294467894,0.700048438,-0.625051067,-0.292901304,-0.832299424,-0.088442107,-0.228134441,-0.450495623,-0.683459502,-0.520574586,0.585587099,1.209025114,-0.201681183,-0.170578543,0.3591383,1.579430953,0.938910954,0.021869044
1.7376,0.29341895,0.69788735,-0.62839013,-0.295497219,-0.829350389,-0.082454849,-0.22582332,-0.438947553,-0.669231551,-0.509334456,0.580074982,1.208002809,-0.340671107,-0.387811046,0.157943095,1.470085733,0.801864945,0.375175599
1.7427,0.292320963,0.695679745,-0.631949034,-0.298252402,-0.826338154,-0.0760901,-0.220596934,-0.445672625,-0.664787834,-0.498089054,0.588918483,1.221613179,-0.432521092,-0.560333504,0.292073232,1.668851044,0.604071592,0.117606859
1.7478,0.291179998,0.693494489,-0.635251087,-0.300799575,-0.823385782,-0.069726363,-0.224035404,-0.449184186,-0.667732768,-0.495405333,0.5880956,1.212638707,-0.483062882,-0.785341668,0.024298938,1.605673806,0.525829013,-0.138989924
1.753,0.290017798,0.691256649,-0.638587117,-0.303315098,-0.820622105,-0.063783193,-0.229396503,-0.452693268,-0.669130443,-0.490978553,0.570406143,1.215971209,-0.513193565,-0.959808041,-0.179812139,1.574085187,0.814986372,0.287699423
1.7581,0.288824755,0.688768126,-0.641945899,-0.305869855,-0.817755789,-0.057824856,-0.23004283,-0.458253788,-0.665018577,-0.479757133,0.575989407,1.216862542,-0.513679544,-0.769304369,-0.362054172,1.673224853,1.005490044,0.699809407
1.7632,0.287550207,0.686429164,-0.645578218,-0.308295176,-0.81486126,-0.051785115,-0.233906702,-0.4649922,-0.666414186,-0.483041232,0.576249624,1.208290946,-0.404820303,-0.846574991,-0.126354476,1.647953958,1.199881546,1.033676811
1.7683,0.286353726,0.684041662,-0.648967337,-0.310715745,-0.811951259,-0.045212559,-0.238243114,-0.469107492,-0.673055207,-0.479198331,0.575038565,1.209388213,-0.433007071,-0.877191652,-0.279437784,1.711131196,1.441412987,0.576370803
1.7734,0.285128931,0.681628476,-0.652405097,-0.313151785,-0.808737486,-0.038996258,-0.23805125,-0.46724318,-0.675761137,-0.472052596,0.58121657,1.221344433,-0.433979028,-0.914126038,-0.354764491,1.882195717,1.266946614,0.709528982
1.7785,0.283908282,0.679162706,-0.655881282,-0.315651936,-0.805684498,-0.032797249,-0.236594553,-0.480757934,-0.670307629,-0.461361088,0.590833142,1.22294877,-0.469941456,-0.900518633,-0.393156813,2.238904123,1.402048708,0.890313079
1.7836,0.282658813,0.676674183,-0.659364041,-0.317903125,-0.802587117,-0.026451512,-0.243319624,-0.490438387,-0.687243576,-0.454151253,0.594789447,1.213083086,-0.478203095,-0.865042184,-0.42523141,2.294305701,1.525487311,0.899060696
1.7887,0.281445343,0.674186773,-0.662862575,-0.320094853,-0.799503185,-0.020073921,-0.24938566,-0.493382301,-0.698153604,-0.440712361,0.594332019,1.242420189,-0.552071865,-0.861640332,-0.411138027,2.354567067,1.754869284,0.877191652
1.7938,0.280204571,0.671504399,-0.666408737,-0.32229548,-0.796319648,-0.013779351,-0.252152483,-0.499533213,-0.701733081,-0.422682646,0.617695837,1.259186602,-0.599697783,-0.577828739,-0.320259999,2.516397992,1.888513441,0.966125765
1.7989,0.278832137,0.668948225,-0.670199616,-0.324333805,-0.793119021,-0.007403782,-0.255677481,-0.50829711,-0.705560868,-0.415720709,0.636407428,1.263399795,-0.458763945,-0.508333778,0.160858968,2.522229737,2.036736961,0.946200636
1.804,0.277530691,0.666419962,-0.673721509,-0.326331985,-0.789906462,-0.000551522,-0.259436526,-0.510144073,-0.709846618,-0.404971199,0.648257704,1.271207651,-0.448072412,-0.496670287,0.228410015,2.582491103,2.235502272,0.189045736
1.8091,0.276252604,0.663888765,-0.677269289,-0.328307716,-0.786329356,0.005889372,-0.262286257,-0.506046786,-0.705829129,-0.388704081,0.664327879,1.284761161,-0.490838542,-0.513193565,0.351848618,2.714191346,1.928849678,0.075326707
1.8145,0.274935585,0.661330772,-0.680779047,-0.330322783,-0.782900394,0.012258873,-0.261376845,-0.517783221,-0.693613226,-0.367218012,0.682748564,1.283792921,-0.496184309,-0.503959969,0.407736175,3.007722513,1.919616081,0.061233323
1.82,0.273589746,0.658722115,-0.684262008,-0.332118313,-0.77956032,0.018722014,-0.268498062,-0.522649448,-0.701981173,-0.35021556,0.693504683,1.268110752,-0.473829286,-0.415025857,0.437866858,3.059236261,2.119839328,-0.073868771
1.825,0.2722252,0.65612974,-0.687729396,-0.333866619,-0.776109111,0.025164931,-0.270864293,-0.52034846,-0.703076666,-0.333056695,0.695202596,1.289295951,-0.433493049,-0.372745705,0.48403484,3.158375927,2.24424989,-0.189531714
1.8308,0.270918495,0.653359591,-0.691215087,-0.335578825,-0.772523915,0.031571544,-0.26957052,-0.521103331,-0.6961192,-0.308002935,0.720134666,1.294864417,-0.510763671,-0.066579089,0.578800697,3.315833044,2.239876081,-0.301306828
1.8359,0.269470523,0.650734857,-0.694918192,-0.337098898,-0.768895338,0.037970068,-0.270083592,-0.524634526,-0.689176824,-0.291359305,0.739303297,1.281727415,-0.39024094,0.006803703,1.037564641,3.288618234,2.224810739,-0.405306282
1.841,0.268086965,0.648159268,-0.698368086,-0.338548488,-0.765195571,0.044758216,-0.271739613,-0.521761541,-0.685274074,-0.274977738,0.752475678,1.274498991,-0.393642791,0.001943915,1.128928647,3.286674319,2.172325034,-1.13184452
1.846,0.266723228,0.645547275,-0.701805946,-0.339970169,-0.761135807,0.051089999,-0.273307867,-0.509879141,-0.672368835,-0.260152738,0.766788214,1.273755686,-0.447100454,0.032074598,1.239731803,3.381926155,1.618795232,-1.171694778
1.8511,0.265320053,0.64291708,-0.705170897,-0.341369501,-0.757317929,0.057404186,-0.271903582,-0.513265709,-0.651194887,-0.23810325,0.775789998,1.258397178,-0.462651775,0.079700516,1.249451379,3.579719508,1.514795779,-1.22563842
1.8562,0.263890585,0.640302558,-0.708477197,-0.342544848,-0.753480534,0.063771059,-0.279334003,-0.513336832,-0.651111031,-0.221818442,0.775526817,1.227363425,-0.452932199,0.112261092,1.202797418,3.562224273,1.454048434,-1.361226492
1.8613,0.262447972,0.637731621,-0.711739104,-0.343670037,-0.749585196,0.070079786,-0.282883398,-0.507889107,-0.644785094,-0.205965135,0.766843372,1.232917094,-0.430577177,0.071924856,1.144479968,3.620541723,1.399618814,-1.440927008
1.8663,0.260974012,0.634955506,-0.714993528,-0.344701992,-0.745576095,0.076358378,-0.282167405,-0.503672512,-0.631908285,-0.186039034,0.779950924,1.225563676,-0.378091471,0.352820576,1.109975476,3.682261025,1.235843973,-1.553674079
1.8715,0.259425119,0.632380524,-0.718442613,-0.345487208,-0.741592982,0.08256669,-0.285170754,-0.500652106,-0.620967956,-0.173122909,0.783910533,1.205413685,-0.22257827,0.316372169,1.417600028,3.506822695,1.15905933,-1.598870103
1.8766,0.258009,0.629814643,-0.721618768,-0.346263323,-0.737601476,0.088762362,-0.286962509,-0.495970308,-0.615355533,-0.158253247,0.780388038,1.173183428,-0.287699423,0.271176145,1.338871469,3.477663969,1.136218329,-1.631916659
1.8817,0.256570634,0.627286783,-0.724709475,-0.346995348,-0.733322884,0.094877642,-0.286539076,-0.48731889,-0.607305659,-0.141577153,0.784636585,1.179176761,-0.331437511,0.158429074,1.178012502,3.530149675,0.713416812,-1.587692592
1.8867,0.255150571,0.624776115,-0.727794721,-0.347652341,-0.729329154,0.100942562,-0.287338608,-0.497209602,-0.594131431,-0.118380683,0.788491053,1.174266067,-0.423773474,0.029158725,1.042910408,3.603532467,0.781453838,-1.55707593
1.8918,0.253723936,0.622359591,-0.730795025,-0.348133987,-0.725370007,0.106919001,-0.299122183,-0.505326347,-0.604079198,-0.101687944,0.788835831,1.158893806,-0.509791714,-0.221606312,0.826163883,3.539383271,0.944742699,-1.441412987
1.8969,0.252193447,0.619743452,-0.733955607,-0.348634341,-0.721361412,0.113195065,-0.301616396,-0.500341347,-0.594386959,-0.078206253,0.783584126,1.152958426,-0.433979028,-0.156485159,0.918499847,3.648242512,1.091508283,-1.86178461
1.9019,0.250665082,0.617124785,-0.736873597,-0.349002427,-0.717298716,0.118971888,-0.296657761,-0.509932162,-0.59323118,-0.06173619,0.806251268,1.16089961,-0.391212898,-0.088934112,0.653641425,3.6919806,1.18627414,-1.585262698
1.9069,0.24909728,0.614520781,-0.73995945,-0.349228132,-0.713275053,0.124679644,-0.299771208,-0.509453521,-0.59778519,-0.040761419,0.823054178,1.161675135,-0.310540424,-0.035476449,0.705155173,3.66087796,1.349563002,-1.304366978
1.912,0.247561938,0.611942664,-0.742975528,-0.349375771,-0.70902255,0.130339974,-0.301993637,-0.50272794,-0.596028061,-0.018387735,0.819221239,1.152062184,-0.292073232,-0.037906343,0.689603853,3.647756534,1.199881546,-1.008891895
1.9171,0.246002831,0.609531803,-0.746049954,-0.349455961,-0.704698756,0.136303974,-0.300684872,-0.502597479,-0.587301583,0.006398591,0.837430815,1.154284905,-0.250765037,-0.325119787,0.79214537,3.662821875,0.981677085,-1.253339209
1.9221,0.244518253,0.606919304,-0.748890383,-0.349327839,-0.700435838,0.14228739,-0.303227878,-0.508765132,-0.586255076,0.029257014,0.841224705,1.137017618,-0.343101001,-0.294503125,0.545754142,3.477663969,0.883995355,-1.578458996
1.9272,0.242930832,0.604344322,-0.751910304,-0.349184953,-0.696094044,0.147853474,-0.30937806,-0.509396467,-0.58988716,0.049774333,0.837391863,1.133433889,-0.274577996,-0.330951532,0.626912594,3.402337262,0.71050094,-1.285413806
1.9323,0.241338861,0.601681262,-0.754916169,-0.34893154,-0.691971787,0.153669127,-0.311263269,-0.50405471,-0.588310426,0.069138982,0.841793203,1.14151071,-0.201681183,-0.251736995,0.725566281,3.282786489,0.934051167,-1.480291287
1.9374,0.239768227,0.599005056,-0.75794236,-0.348555971,-0.687581555,0.159494185,-0.306313211,-0.513143315,-0.574526271,0.080667249,0.857482517,1.133191532,-0.180298118,-0.15988701,0.874761759,3.107834137,0.745005431,-1.777224306
1.9425,0.238261503,0.596554859,-0.760797351,-0.34810537,-0.683551219,0.165046719,-0.305680953,-0.506362016,-0.569157518,0.093829303,0.843455032,1.09294367,-0.282353657,-0.440296752,0.766388496,2.953778872,1.180928374,-1.657187554
1.9476,0.236724441,0.594023258,-0.763620993,-0.34760451,-0.679092021,0.170557791,-0.304225908,-0.496133572,-0.559620452,0.109813582,0.840469275,1.090340792,-0.35525047,-0.642463914,0.627884551,2.844433652,1.01861147,-1.497300544
1.9527,0.235144908,0.591433512,-0.766486702,-0.346983416,-0.674831125,0.176072606,-0.301319123,-0.506002586,-0.548537779,0.128661126,0.846533561,1.075451618,-0.387325068,-0.788743519,0.560819483,2.650528129,1.232928101,-1.403020665
1.9579,0.233542118,0.588865608,-0.769308424,-0.346296289,-0.670572454,0.181650319,-0.308767841,-0.514377579,-0.557203971,0.140616956,0.847845242,1.052374164,-0.397044643,-0.987022851,0.451474263,2.455164669,1.511393927,-1.431207433
1.963,0.231976337,0.586240065,-0.772154616,-0.345583679,-0.666213773,0.187128931,-0.311600514,-0.518234015,-0.560280605,0.149876577,0.841601217,1.063976906,-0.473343307,-1.129900605,0.427661304,2.328324214,1.724738601,-1.364142365
1.9681,0.230379715,0.583354232,-0.774962888,-0.344807058,-0.661747902,0.192542016,-0.313342651,-0.52568667,-0.557126944,0.160652961,0.866608955,1.067612392,-0.519997268,-0.898574718,0.367399939,2.201969738,1.835055778,-1.296105339
1.9732,0.228659015,0.580619476,-0.777866417,-0.343888866,-0.657322176,0.197993832,-0.318086581,-0.535792112,-0.546490764,0.17192711,0.88592107,1.058526047,-0.385381153,-0.93648106,0.46070786,1.93954121,2.045970558,-1.35831062
1.9784,0.227069067,0.577889878,-0.780742138,-0.342988169,-0.652780665,0.203493882,-0.323174657,-0.542510987,-0.551782587,0.180668798,0.893453546,1.037168083,-0.469455477,-1.010349831,0.527286949,1.786943881,2.145596202,-1.528889163
1.9835,0.225460916,0.575086965,-0.783605825,-0.34205582,-0.64781889,0.208887248,-0.327620755,-0.542539222,-0.551311795,0.18555427,0.907055047,1.046599157,-0.536034567,-1.013751683,0.613305189,1.665935171,1.655243639,-1.596926188
1.9886,0.223808777,0.57223602,-0.786480231,-0.34106037,-0.643069067,0.214255638,-0.32470012,-0.559578658,-0.544332824,0.196181678,0.924926065,1.04660234,-0.560333504,-0.970985552,0.740631622,1.515281757,1.554646037,-1.733972197
1.9937,0.222118212,0.569419051,-0.789285368,-0.340069168,-0.638340176,0.219695723,-0.332263383,-0.572229997,-0.552629332,0.203896712,0.933543489,1.03103107,-0.547698057,-0.991882639,0.801378967,1.430721454,1.536178844,-2.063951772
1.9988,0.220410456,0.5665586,-0.792039033,-0.339079179,-0.633591769,0.224961877,-0.337455046,-0.577695824,-0.555209539,0.210260385,0.934433389,1.042567331,-0.518539331,-0.970985552,0.843659118,1.409338389,1.56096376,-2.226754654
2.0039,0.218716453,0.563618263,-0.794766003,-0.338032663,-0.628781677,0.230142886,-0.337530105,-0.574910413,-0.551991776,0.212836485,0.964776372,1.042094863,-0.533604673,-0.873303822,0.891285036,1.364628343,1.526459269,-2.400735049
2.009,0.21688826,0.56062433,-0.797548792,-0.336888563,-0.623949843,0.235285772,-0.340350993,-0.587470777,-0.53849532,0.219953474,0.980539093,1.028407757,-0.357680364,-0.724108345,1.054573898,1.226124398,1.471057691,-2.631088978
2.0143,0.215141673,0.557659824,-0.800270401,-0.335801395,-0.619083224,0.240440591,-0.345463465,-0.593890264,-0.538759644,0.22311428,0.984705461,0.999461502,-0.322203914,-0.634202275,1.15905933,1.235357995,1.413226219,-2.965928341
2.0204,0.213426535,0.554648296,-0.802952675,-0.334660734,-0.613841339,0.245411872,-0.345698241,-0.591301577,-0.531618259,0.223862444,0.993497279,0.995822031,-0.347960788,-0.499100181,1.25674106,1.224180483,0.808668648,-3.124357415
2.0255,0.211678026,0.551617049,-0.805665487,-0.333429568,-0.608902518,0.250281828,-0.344510947,-0.60387827,-0.519105545,0.230613783,1.00357553,0.984783364,-0.341643065,-0.345044916,1.445786796,1.126012775,0.712444855,-3.27841268
2.0309,0.209919405,0.548593387,-0.808279199,-0.332266458,-0.603968349,0.255090909,-0.353901004,-0.606765421,-0.519619419,0.235028462,1.002063529,0.959288384,-0.325605766,-0.198279332,1.539580695,1.18627414,0.65169751,-3.466972437
2.036,0.208158257,0.545598645,-0.810818687,-0.331106077,-0.598987764,0.260103549,-0.355196648,-0.603750603,-0.512622346,0.236516505,0.98935742,0.929410264,-0.307138573,-0.110317177,1.593038358,1.31117068,0.577342761,-4.099230797
2.0411,0.206370816,0.542557387,-0.813315805,-0.329885125,-0.593963697,0.264690565,-0.354336441,-0.591966518,-0.498364604,0.238807384,1.005277987,0.907928521,-0.263400485,0.022355023,1.636776446,1.40885241,0.461193838,-4.198370463
2.0462,0.204466882,0.539497927,-0.815844474,-0.328572656,-0.58889908,0.269212256,-0.355517539,-0.59560419,-0.478898044,0.250247033,1.008501946,0.880521652,-0.045682003,0.172522458,1.772850497,1.418571985,0.275063975,-4.358743452
2.0513,0.202704318,0.536448579,-0.818279098,-0.32727657,-0.583840631,0.273745576,-0.356239534,-0.589843641,-0.472568171,0.258568277,0.99873229,0.841153606,-0.056859514,0.312970318,1.8185325,1.506048161,0.125868497,-4.685321175
2.0564,0.200978259,0.533431692,-0.820648599,-0.325936596,-0.578450905,0.278000809,-0.35336531,-0.578524855,-0.458715152,0.267762655,0.992924601,0.824265261,-0.134130136,0.391212898,1.832625884,1.582346826,-0.527772928,-4.744610583
2.0615,0.199169178,0.530435534,-0.823029932,-0.324411366,-0.573411265,0.282079381,-0.346493035,-0.584142114,-0.439757729,0.278566011,0.988526056,0.798618194,-0.100597602,0.449530348,1.92010206,1.418571985,-0.627884551,-4.727115348
2.0666,0.197342401,0.527489433,-0.825300536,-0.32294863,-0.568467388,0.286066336,-0.349843008,-0.582556802,-0.43435588,0.287202558,0.971137931,0.766974465,-0.050055812,0.459735902,1.901148889,1.407880453,-0.573940909,-4.745582541
2.0717,0.195563252,0.52451896,-0.827533421,-0.321490141,-0.563515522,0.290173931,-0.348583449,-0.576706104,-0.424472482,0.293047376,0.945747606,0.730729368,-0.076298665,0.524371076,1.907952591,1.463282031,-0.496670287,-5.128047821
2.0768,0.193809991,0.521546466,-0.829696127,-0.32002073,-0.558562645,0.29383426,-0.344106345,-0.562889801,-0.412997989,0.297556651,0.952874703,0.706280967,-0.158429074,0.590950166,1.878307887,1.570197357,-0.420371623,-4.98759996
2.082,0.19193872,0.518600263,-0.83185499,-0.318460815,-0.553615735,0.297413186,-0.344518722,-0.566067641,-0.396342695,0.312986185,0.95196466,0.678876674,-0.065121153,0.63225836,1.906980634,1.590122486,-0.369343854,-4.923936744
2.087,0.190169279,0.515708666,-0.833892507,-0.316869653,-0.548741228,0.300937506,-0.349680813,-0.562188364,-0.393393703,0.323193877,0.949881998,0.645906806,-0.131700243,0.621080849,1.819018479,1.611019572,-0.217718482,-4.962815044
2.0922,0.188414501,0.512894024,-0.835830013,-0.315317221,-0.543621398,0.304124077,-0.355168339,-0.555860677,-0.390215936,0.329758211,0.958709461,0.636712282,-0.212372716,0.504931926,1.665935171,1.762158965,-0.48792267,-4.677059536
2.0973,0.186653656,0.510144605,-0.837736879,-0.313557791,-0.538941652,0.307121954,-0.354868029,-0.570347583,-0.383708875,0.340885351,0.977414201,0.629576851,-0.287213444,0.326091744,1.54541244,1.652327766,-0.118092837,-4.333958535
2.1024,0.184783901,0.507262817,-0.839668824,-0.31175043,-0.533997876,0.310389524,-0.359404786,-0.566430059,-0.38130955,0.350900863,0.96148909,0.599182865,-0.195363459,0.398502579,1.542010589,1.527431226,-0.188073778,-4.622143937
2.1074,0.182952675,0.504334412,-0.841586814,-0.309982809,-0.529351097,0.31335676,-0.358510877,-0.556138438,-0.371748282,0.355060306,0.958003796,0.584566155,-0.1715505,0.546726099,1.587206613,1.53374895,0.244447314,-4.621657958
2.1125,0.181097179,0.501604611,-0.843428456,-0.308206795,-0.524710992,0.316204571,-0.355781693,-0.551202328,-0.35504823,0.364808068,0.95404669,0.556901352,-0.124410561,0.380035386,1.559019845,1.594010316,0.71438877,-4.630405576
2.1176,0.179242694,0.498710588,-0.845182122,-0.30625311,-0.519690464,0.319067145,-0.363391367,-0.551918734,-0.351191478,0.378536822,0.962680953,0.525683025,-0.07824258,0.495212351,1.446272774,1.421487858,0.601641698,-4.83937644
2.1228,0.177480938,0.495799778,-0.846959349,-0.304310244,-0.514579836,0.321533118,-0.358156501,-0.545550419,-0.35031781,0.382430168,0.958251718,0.505070892,-0.183213991,0.657529255,1.449188647,1.321376234,0.371287769,-4.60513468
2.1279,0.17571979,0.493116392,-0.848685105,-0.302357468,-0.509478815,0.323971382,-0.351300046,-0.54433365,-0.338779435,0.384197333,0.979904088,0.484841467,-0.319774021,0.477231137,1.433637327,1.273750316,0.150167435,-4.530293952
2.133,0.173930832,0.490460815,-0.850480938,-0.300448478,-0.504717767,0.326397108,-0.358434287,-0.539612051,-0.327276828,0.389117017,0.968338134,0.4608009,-0.429605219,0.270204188,1.578458996,1.361226492,0.472857328,-4.629433618
2.1382,0.172126706,0.487756598,-0.852089999,-0.298485489,-0.499839923,0.328790474,-0.360625395,-0.533920972,-0.319533364,0.39242731,0.949787329,0.426080221,-0.524857055,0.140933839,1.481749223,1.427805582,0.683286129,-4.852497867
2.1433,0.17032976,0.485024067,-0.853701284,-0.296535949,-0.494895338,0.330853069,-0.361276582,-0.523123423,-0.310955742,0.389104236,0.965978853,0.400865067,-0.658015234,0.0388783,1.449188647,1.60032804,0.829565734,-4.726629369
2.1485,0.168342401,0.482289514,-0.855325918,-0.294465062,-0.490031854,0.332856507,-0.364235585,-0.531707436,-0.299895594,0.401007435,0.974481003,0.374634947,-0.51513748,-0.061233323,1.491468798,1.656215596,1.115807221,-4.69892858
2.1535,0.166427546,0.479538174,-0.856847912,-0.292349277,-0.485094044,0.334815452,-0.37119915,-0.537475737,-0.298742391,0.411610447,0.976109226,0.344500644,-0.503959969,-0.114205007,1.435095263,1.699953684,1.330609831,-4.783488883
2.1587,0.164541106,0.476789362,-0.85834685,-0.290260087,-0.479736879,0.336465972,-0.374893172,-0.536832932,-0.295449982,0.416081475,0.98560598,0.327087345,-0.551099908,-0.169606585,1.418571985,1.862270588,0.925303549,-4.571602146
2.1638,0.162608656,0.47384144,-0.859878956,-0.287953281,-0.474648802,0.338033067,-0.372450351,-0.538942056,-0.291132474,0.428617662,1.004388476,0.308418933,-0.55401578,0.090392048,1.526945248,1.753411347,0.964667828,-4.434556138
2.1688,0.160643847,0.47106573,-0.861446759,-0.285702902,-0.469499444,0.339582566,-0.381756261,-0.546286045,-0.28292422,0.44511127,1.014487819,0.28829878,-0.525829013,0.091849985,1.762644944,1.791803669,0.914126038,-4.466630735
2.1739,0.158717059,0.468316311,-0.862844575,-0.283363535,-0.464326929,0.341088583,-0.387769471,-0.546246244,-0.277415894,0.457135114,1.008987074,0.259997686,-0.565193292,0.068037026,1.803953138,1.74466373,0.872331865,-4.611938383
2.179,0.156754879,0.465513702,-0.864215795,-0.281051775,-0.459125594,0.342303367,-0.38779739,-0.541305589,-0.266645924,0.462200568,1.034222128,0.239983599,-0.570539058,0.126354476,1.881709739,1.817074564,0.802836903,-4.477322268
2.1844,0.154658509,0.462737891,-0.865566994,-0.278640914,-0.453946506,0.343452422,-0.391993209,-0.55251396,-0.255690699,0.482481749,1.046823533,0.220166552,-0.384895174,0.158915053,2.00223247,1.794233563,0.754725006,-4.434556138
2.1895,0.152651835,0.460012135,-0.866777632,-0.276158762,-0.448731014,0.344643139,-0.399972567,-0.555785156,-0.251368016,0.497944159,1.046668992,0.196212926,-0.34747481,0.143363733,1.987653107,1.702869557,0.671622639,-4.648872768
2.1947,0.15063606,0.457296997,-0.867938416,-0.273627161,-0.443379411,0.345526444,-0.400813554,-0.551643305,-0.242190793,0.504829482,1.034983535,0.177050468,-0.301306828,0.117606859,1.987167128,1.594982273,0.426689347,-4.567714316
2.1998,0.148635555,0.454388816,-0.869116695,-0.270904743,-0.437998483,0.346381029,-0.398041677,-0.549373736,-0.229640027,0.51615252,1.050178487,0.157124561,-0.300820849,0.401418451,2.096512348,1.241675719,0.153569287,-4.644984938
2.205,0.146624937,0.451656891,-0.87026939,-0.268352715,-0.432695015,0.34711619,-0.407548758,-0.551546741,-0.214987063,0.52359091,1.05282921,0.13393035,-0.290615295,0.422801517,2.243277932,1.207171227,-0.014093384,-4.731489157
2.2102,0.144619881,0.448953281,-0.871283042,-0.26576034,-0.427328244,0.347701992,-0.410732915,-0.545596077,-0.205084638,0.524351273,1.043058,0.104046739,-0.285755508,0.416969772,2.256399359,1.164891075,-0.273606039,-4.767451585
2.2153,0.142589038,0.446196481,-0.872296491,-0.263154515,-0.422004955,0.34808019,-0.407419439,-0.534022153,-0.19071896,0.522198022,1.060534087,0.084133857,-0.256110804,0.493268436,2.362342727,1.171694778,-0.491324521,-4.665882025
2.2204,0.140434624,0.443464455,-0.873271716,-0.260472343,-0.416734149,0.348472242,-0.407936228,-0.537857376,-0.173423438,0.535674942,1.065489102,0.063177991,-0.045682003,0.545754142,2.493556991,1.105115688,-0.689603853,-4.794666395
2.2256,0.138422591,0.440778441,-0.874100313,-0.257830822,-0.411373041,0.348787946,-0.409730462,-0.532963132,-0.160225519,0.540480495,1.056082497,0.037177472,-0.065121153,0.55401578,2.483837416,1.13962018,-1.067695324,-5.005095196
2.2307,0.136399434,0.438153706,-0.874869451,-0.255147437,-0.406012438,0.348787643,-0.405790098,-0.523738478,-0.145961046,0.540833339,1.027309421,0.010723121,-0.073868771,0.47237135,2.478977628,1.164891075,-1.445300817,-4.911787275
2.2358,0.134334816,0.435344524,-0.875586207,-0.252233188,-0.400698352,0.348761654,-0.395660891,-0.517265338,-0.130082322,0.545995649,1.022888739,-0.015504107,-0.04276613,0.692033747,2.485781331,0.875247737,-1.778196264,-4.9798243
2.2409,0.132245424,0.432719183,-0.876259682,-0.249498433,-0.395533522,0.348656285,-0.397333241,-0.516253773,-0.111901881,0.550093057,1.004671194,-0.041665899,0.012149469,0.641977935,2.512996141,0.91315408,-1.936625338,-5.126589884
2.2459,0.130163616,0.430128729,-0.876787542,-0.24674052,-0.390429872,0.348340783,-0.398283597,-0.508259836,-0.098482112,0.550559305,0.977946858,-0.077191796,0.059775387,0.558389589,2.40024907,0.959808041,-2.036250983,-5.133393587
2.2511,0.128131459,0.427531702,-0.87726302,-0.243922035,-0.385450096,0.347866316,-0.396291084,-0.493528119,-0.084588976,0.541240492,0.981439465,-0.105316845,0.028672747,0.481118967,2.299165489,0.979247191,-2.016811832,-5.080421903
2.2562,0.125955405,0.424949338,-0.877699262,-0.241012539,-0.380600162,0.347353524,-0.39597216,-0.496878602,-0.069500065,0.549049491,0.97674338,-0.130836658,0.228895994,0.389754961,2.222380846,0.911210165,-1.903578783,-5.176645696
2.2613,0.123943473,0.422361816,-0.877997978,-0.238151785,-0.375775306,0.346733542,-0.397501536,-0.496358605,-0.060172942,0.555815506,0.960967732,-0.153563503,0.178354203,0.334353383,2.013409981,0.952032381,-1.828252076,-5.324869216
2.2663,0.121943169,0.419840125,-0.878297502,-0.235264334,-0.370966528,0.345762666,-0.394251528,-0.492492255,-0.0535595,0.553583065,0.936426436,-0.1807138,0.116634901,0.184671927,1.898233016,0.998200362,-1.768476689,-5.135823481
2.2715,0.119981899,0.417137527,-0.878657094,-0.232209323,-0.365876428,0.344799575,-0.390132008,-0.492431362,-0.04339088,0.561951959,0.916363071,-0.208879063,-0.013607405,0.332895447,1.964812106,0.821304096,-2.196137993,-5.17129993
2.2766,0.118037314,0.414621296,-0.878887754,-0.229323086,-0.361143291,0.343730812,-0.401471569,-0.498938399,-0.034935652,0.575502068,0.906861652,-0.229380174,-0.15988701,0.208970865,1.907466613,0.930649315,-2.125671073,-5.260234042
2.2817,0.116014663,0.412157144,-0.878980382,-0.226451107,-0.356581151,0.342422591,-0.402232952,-0.505927284,-0.030499978,0.582238,0.890003632,-0.263541273,-0.169120607,0.03499047,1.717448919,1.084704581,-1.859840695,-5.181019505
2.2868,0.113965719,0.409718273,-0.879137122,-0.223604106,-0.352190919,0.340995449,-0.39694526,-0.507878756,-0.023021057,0.586727837,0.909348575,-0.291974699,-0.153083308,-0.163288862,1.713075111,1.324778086,-1.428777539,-5.111524543
2.2919,0.11190717,0.407097988,-0.879173021,-0.220548488,-0.347535342,0.339429164,-0.403860956,-0.514305266,-0.017662631,0.602475565,0.901901704,-0.315478843,-0.127812413,-0.063177238,1.592552379,1.271320423,-1.531805035,-5.032310006
2.297,0.109855698,0.404492365,-0.879196481,-0.2174955,-0.342897361,0.337805339,-0.40439563,-0.516064971,-0.00863159,0.614569802,0.880300799,-0.336139258,-0.10934522,0.022841001,1.52208546,1.251395294,-1.648925915,-5.083823754
2.3022,0.107780969,0.401829508,-0.879220144,-0.214317019,-0.338611892,0.335908585,-0.398409514,-0.509317884,-0.000707318,0.615761665,0.871291676,-0.369219224,-0.068523004,0.194877481,1.513823821,1.079844793,-1.24118974,-4.904011615
2.3073,0.105822833,0.399181313,-0.879242997,-0.211085448,-0.334032359,0.333997775,-0.397125558,-0.514974118,0.007618786,0.631973868,0.868434801,-0.393232504,-0.232783824,0.352820576,1.566795505,0.857266523,-1.364142365,-4.896721933
2.3124,0.103764385,0.396619678,-0.879168268,-0.207929922,-0.329434928,0.331997472,-0.404156626,-0.512630218,0.016253681,0.63941153,0.852875633,-0.414541409,-0.238615569,0.396558664,1.52597329,0.769790348,-1.566309527,-4.958441235
2.3175,0.10170543,0.394015977,-0.879094752,-0.204748711,-0.325166144,0.329688745,-0.405499823,-0.502670546,0.025121797,0.630363772,0.850090294,-0.447069643,-0.243961335,0.511735629,1.548328313,0.688631896,-1.297563275,-4.723713497
2.3226,0.099575589,0.391565275,-0.878968753,-0.201709071,-0.320744565,0.327382647,-0.403253726,-0.499185349,0.031821865,0.626665012,0.858125661,-0.471883791,-0.150167435,0.386839089,1.551244185,0.898574718,-1.361712471,-4.677545515
2.3277,0.097571443,0.389131257,-0.878737587,-0.198664577,-0.316664273,0.325245525,-0.404836243,-0.495494535,0.038464246,0.622864221,0.844200183,-0.475243751,-0.270204188,0.24590525,1.453076477,1.165863033,-0.942798784,-5.134851523
2.3328,0.095542522,0.386644049,-0.87854414,-0.195552938,-0.312440591,0.322719587,-0.402973268,-0.48781053,0.042507906,0.622568575,0.823155359,-0.499632401,-0.366427981,0.187101821,1.484179117,1.399618814,-0.754725006,-5.218439869
2.338,0.093461523,0.384007382,-0.87833876,-0.19209192,-0.308256851,0.320133077,-0.397000905,-0.485243955,0.049161659,0.62685362,0.833181076,-0.524875887,-0.412595963,0.364970045,1.565823548,1.142536053,-0.528258906,-5.429840627
2.3431,0.091348165,0.381544443,-0.878032764,-0.188792193,-0.304059763,0.317464253,-0.404752314,-0.48800446,0.058210171,0.634094558,0.836625013,-0.548093886,-0.427661304,0.282839635,1.550758207,1.195507737,-0.376633535,-5.748156712
2.3483,0.089278896,0.379102235,-0.877676307,-0.185510365,-0.299715644,0.314337648,-0.411238478,-0.483438447,0.065633059,0.639207249,0.836018487,-0.584697199,-0.516109438,0.180784097,1.51819763,1.327693958,-0.490352564,-5.564456742
2.3533,0.087186369,0.376594196,-0.877320558,-0.182212559,-0.295133785,0.311214784,-0.413924046,-0.473871615,0.075229681,0.637534607,0.836628099,-0.61718709,-0.582202548,0.173008437,1.548328313,1.50653414,-1.01861147,-5.601391128
2.3585,0.085044292,0.374093235,-0.876961978,-0.178831833,-0.290892203,0.307971585,-0.412180062,-0.480074307,0.08230801,0.659916845,0.842054927,-0.642910358,-0.600669741,0.158429074,1.637748404,1.605673806,-1.064779452,-5.677689792
2.3636,0.082873395,0.371631206,-0.876501264,-0.175440085,-0.28664688,0.304627869,-0.423892102,-0.483881416,0.092905749,0.671889514,0.83468518,-0.667216002,-0.591436145,0.106429347,1.629000786,1.72522458,-1.176554565,-5.843408548
2.3687,0.080694408,0.369136212,-0.875993629,-0.171949742,-0.282395894,0.30093781,-0.430178747,-0.481872259,0.103019988,0.682165438,0.816396002,-0.713264676,-0.574426888,0.11712088,1.606159785,1.750009496,-1.324778086,-5.676231856
2.3738,0.07848104,0.366509961,-0.875479624,-0.168181414,-0.278230357,0.297226615,-0.430673109,-0.483489402,0.110231985,0.698352734,0.821529541,-0.749215052,-0.524371076,0.346988831,1.63920634,1.383581515,-1.390871196,-5.67477392
2.3789,0.07625402,0.364073617,-0.874862979,-0.164651835,-0.274102538,0.293397108,-0.443522825,-0.489239502,0.120544503,0.714681863,0.819455238,-0.774931808,-0.461193838,0.301306828,1.573599208,1.432665369,-1.482721181,-5.714624178
2.3839,0.074034078,0.361672161,-0.874201942,-0.161054505,-0.270038831,0.289126504,-0.450108541,-0.486731026,0.129972102,0.722525706,0.813011135,-0.814561724,-0.404820303,0.222092291,1.496328586,1.41662807,-1.543954504,-5.268495681
2.3891,0.071794924,0.359217009,-0.873499039,-0.157442714,-0.265745879,0.284944686,-0.450325434,-0.478516794,0.138526567,0.72193099,0.803930574,-0.848769549,-0.329979575,0.225494142,1.409824368,1.448702668,-2.042568706,-5.15574861
2.3945,0.06955132,0.356779047,-0.872798867,-0.153754576,-0.261752553,0.280683487,-0.44125379,-0.485559331,0.143911455,0.743807809,0.803682749,-0.873275223,-0.281867678,0.212372716,1.387955324,1.407394474,-2.160175565,-5.121730097
2.3998,0.067268278,0.354388108,-0.872009202,-0.150025988,-0.25773607,0.276344019,-0.444549285,-0.489850766,0.152321706,0.756209598,0.792621144,-0.887786184,-0.195849438,0.154055265,1.28006804,1.327207979,-2.424062029,-5.19851474
2.4058,0.064983214,0.35197027,-0.871233391,-0.14627121,-0.253754778,0.271677419,-0.447478716,-0.488092714,0.157673304,0.762032912,0.768578948,-0.928196289,-0.107887284,0.152597329,1.247507464,1.25285323,-2.716135261,-4.960871129
2.4109,0.062727576,0.34936849,-0.870422287,-0.142202447,-0.249943371,0.267021539,-0.441375989,-0.485852813,0.1640102,0.769200345,0.763508416,-0.956917828,-0.079214537,0.451960242,1.212031014,0.721678451,-2.844919631,-4.919562935
2.4159,0.060467388,0.346941956,-0.869543432,-0.138340479,-0.246199919,0.26223511,-0.448490791,-0.485771242,0.173914471,0.776785939,0.75048489,-0.976700249,-0.046167982,0.489866585,1.111433412,0.544296205,-3.00140479,-4.876796804
2.4211,0.058225402,0.344548286,-0.868703206,-0.134536354,-0.242495601,0.256950248,-0.450378478,-0.481499853,0.181703933,0.774256176,0.728162695,-1.006860188,-0.030616662,0.496184309,1.109975476,0.484520819,-3.213291527,-4.230931039
2.4262,0.055977349,0.342111538,-0.867839822,-0.130693902,-0.238675397,0.251804227,-0.447143877,-0.469478197,0.185553857,0.759821271,0.701753954,-1.033430104,-0.009233596,0.574912867,1.117265157,0.418913687,-3.722597262,-3.966558597
2.4313,0.053698958,0.339699565,-0.866933563,-0.126796339,-0.235211953,0.246638487,-0.438472509,-0.470826034,0.185650737,0.767083908,0.681485359,-1.046890209,0.041308194,0.629828466,1.114349285,0.30033487,-3.795980054,-3.838260205
2.4364,0.051412984,0.337339165,-0.865940338,-0.122981393,-0.231839721,0.241309232,-0.442599368,-0.467640322,0.190532685,0.766100991,0.658851676,-1.048685318,0.099139666,0.635174233,1.027845066,0.323175872,-3.874708612,-3.645812618
2.4415,0.049142178,0.335010112,-0.864970573,-0.119114875,-0.228438669,0.235728688,-0.441027397,-0.460637368,0.19422051,0.757897621,0.625176678,-1.076586427,0.142391775,0.610389316,1.025901151,0.29644704,-4.136165182,-3.21183359
2.4466,0.046862271,0.332512286,-0.863966528,-0.114955102,-0.225280817,0.230200222,-0.433809008,-0.453303706,0.194662362,0.753071512,0.608263839,-1.090546045,0.194391502,0.871845886,1.022013321,-0.167176692,-4.163865971,-2.982937597
2.4518,0.044596016,0.330202852,-0.862887147,-0.11102791,-0.222303772,0.224685914,-0.439546085,-0.448524105,0.200571062,0.751098536,0.586268927,-1.094920948,0.233269802,0.859210438,0.945714657,-0.252222974,-4.079791647,-2.922676231
2.4569,0.042366164,0.327937405,-0.861804834,-0.107189402,-0.219380423,0.218726666,-0.440108459,-0.44016007,0.208555183,0.741934361,0.558946934,-1.110739921,0.237157632,0.804294839,0.89760276,-0.190017693,-4.068128156,-2.279726339
2.462,0.040148448,0.325694711,-0.860720599,-0.103405198,-0.216395288,0.213022045,-0.435915435,-0.428788143,0.21314219,0.728328025,0.528630899,-1.128213044,0.229381972,0.727510196,0.878649589,-0.013607405,-4.301883937,-2.129558904
2.4672,0.037918596,0.323500556,-0.859620791,-0.099623521,-0.213803822,0.20728021,-0.426967011,-0.433586746,0.214937882,0.742465001,0.506333708,-1.134440473,0.233269802,0.604071592,0.875733716,0.165232777,-4.064240326,-2.005634321
2.4723,0.035699363,0.321323996,-0.858467388,-0.095890383,-0.211241177,0.201555466,-0.431812656,-0.433092384,0.223004497,0.753848811,0.488760594,-1.131519133,0.226952078,0.494726372,0.821304096,0.390726919,-3.953923149,-2.022157599
2.4774,0.033595611,0.319142785,-0.857361209,-0.092116695,-0.208712913,0.19572252,-0.427548509,-0.432847475,0.225668876,0.759076241,0.472672924,-1.163488468,0.047625918,0.420857602,0.87427578,0.54624012,-3.965586639,-1.934681423
2.4825,0.031405198,0.316867226,-0.856234907,-0.088104864,-0.206503185,0.189990494,-0.432986101,-0.4366705,0.227394271,0.772031609,0.474695883,-1.185014532,0.013607405,0.5306888,0.938910954,0.317830106,-3.671083514,-2.03722294
2.4876,0.029232986,0.314764385,-0.855135605,-0.084387501,-0.204148953,0.183925877,-0.434402073,-0.426675885,0.232469225,0.756833255,0.452707799,-1.17824876,-0.037906343,0.381493323,1.091508283,0.58949223,-3.794522117,-1.696065854
2.4928,0.027054707,0.312599757,-0.853957933,-0.080633937,-0.201774497,0.178115987,-0.43190125,-0.41695388,0.235019374,0.740774694,0.424737316,-1.178442204,-0.083588346,0.322689893,1.168778905,0.888369164,-4.092427094,-1.878793866
2.4979,0.024846092,0.310452826,-0.852735363,-0.076795429,-0.199649813,0.172226413,-0.425169157,-0.422213968,0.237452087,0.754503959,0.406343895,-1.175801225,-0.100111623,0.246877207,1.233900058,1.105601667,-4.150258566,-2.046942515
2.503,0.022629892,0.308346344,-0.851435939,-0.072921023,-0.197597027,0.166212155,-0.432440784,-0.424395867,0.248375358,0.766039539,0.380229875,-1.163886703,-0.10934522,0.132186221,1.225152441,1.288329679,-4.263005637,-2.157259693
2.5081,0.02042886,0.306158257,-0.850166549,-0.069022449,-0.195696228,0.160042168,-0.435219076,-0.422387123,0.255766609,0.772147247,0.352246052,-1.190533404,-0.133158179,0.157943095,1.30728285,1.478833351,-4.291678384,-2.117895413
2.5132,0.018218728,0.303836889,-0.848865912,-0.064957933,-0.194072505,0.153880979,-0.433556445,-0.421720433,0.2638445,0.771184815,0.337717012,-1.205728793,-0.14822352,0.404820303,1.390385217,1.478833351,-4.054034773,-2.148998054
2.5183,0.015852058,0.301693296,-0.847391647,-0.060817575,-0.192459804,0.147630903,-0.434167928,-0.422780158,0.273554525,0.794716514,0.324485682,-1.213010164,0.080186495,0.387811046,1.244591591,1.405936538,-3.991829492,-2.125671073
2.5234,0.013641925,0.299578016,-0.845990494,-0.056634746,-0.190889069,0.140923551,-0.437053524,-0.419200681,0.281313079,0.80459515,0.305752975,-1.230138826,0.065121153,0.34358698,1.262086826,1.292217509,-4.044315197,-1.445786796
2.5285,0.011440894,0.297423703,-0.844603195,-0.052462231,-0.189329457,0.134603903,-0.435498198,-0.413604709,0.28666995,0.807487379,0.278192901,-1.251083174,0.041308194,0.367885917,1.354908768,1.250423336,-4.241136593,-1.417600028
2.5337,0.009224694,0.295306806,-0.843115785,-0.048253312,-0.188028719,0.128274244,-0.429449536,-0.421068614,0.289636923,0.834862368,0.257714339,-1.258140411,0.032074598,0.356222427,1.351506917,1.173638693,-4.189136866,-1.410796325
2.5387,0.007016078,0.293247042,-0.841543432,-0.044002326,-0.186761351,0.12182526,-0.437404595,-0.42384659,0.300990456,0.851632402,0.235668253,-1.253665495,0.01555132,0.289643338,1.266460635,1.025415173,-4.260089765,-1.289301636
2.5438,0.0048378,0.29116038,-0.83999909,-0.03976307,-0.185476691,0.11532976,-0.441128383,-0.418727605,0.308620614,0.857535416,0.211124236,-1.285725999,-0.030130683,0.279923763,1.270348465,0.919471804,-4.533695804,-1.123096902
2.5489,0.002665588,0.288936394,-0.838468601,-0.035435838,-0.18448377,0.108901608,-0.440935377,-0.415154228,0.314402886,0.849197454,0.190369858,-1.302286381,-0.081644431,0.495212351,1.349563002,0.728968132,-4.526892101,-1.052629983
2.554,0.000295278,0.286843058,-0.836759935,-0.031056022,-0.18360269,0.102473556,-0.439840393,-0.415784105,0.323105284,0.86252943,0.169190077,-1.304686217,0.181270076,0.52291314,1.195507737,0.48792267,-4.536611676,-1.013265704
2.5594,-0.001920012,0.284784609,-0.835126909,-0.026715745,-0.182788351,0.09555314,-0.440186605,-0.410429105,0.331126727,0.863765736,0.148815199,-1.310395496,0.202167162,0.517081395,1.207171227,0.315886191,-4.637209278,-0.221606312
2.5648,-0.004071999,0.282690666,-0.833460613,-0.022331985,-0.182072707,0.089029427,-0.439186315,-0.401799289,0.334159551,0.856344525,0.117986918,-1.321303143,0.131214264,0.576370803,1.21786276,0.102055539,-4.766965606,-0.059289408
2.57,-0.006241683,0.280634645,-0.831750935,-0.017956821,-0.181556072,0.082465669,-0.428330667,-0.405005971,0.338486049,0.870902042,0.095568767,-1.315295522,0.077270622,0.599211805,1.21786276,-0.103513475,-4.767451585,0.172522458
2.5759,-0.008421984,0.278592173,-0.829979068,-0.013683386,-0.181074729,0.075891394,-0.432125165,-0.404646517,0.352853987,0.874738407,0.074369548,-1.29193586,0.033532534,0.64003402,1.158087373,-0.180298118,-4.920048914,0.383437238
2.5809,-0.010590151,0.276588634,-0.828208312,-0.009455051,-0.180679846,0.069323693,-0.432020339,-0.397702075,0.361645391,0.863691406,0.048184186,-1.304162502,-0.021869044,0.643435871,1.130386584,-0.182728012,-5.144571098,0.588034293
2.586,-0.012770452,0.274469512,-0.826414905,-0.005118414,-0.180613105,0.06287744,-0.42801619,-0.391656402,0.365431117,0.843402594,0.021795685,-1.300865865,-0.065607132,0.8509488,1.111919391,-0.320259999,-5.053693071,0.644893808
2.5911,-0.015110325,0.272499747,-0.824452927,-0.000767621,-0.180545151,0.056388614,-0.426775341,-0.389516564,0.371462114,0.846467031,-0.001527237,-1.282727316,0.137046009,0.852892715,0.869415992,-0.471399392,-5.181019505,0.773678178
2.5962,-0.017296693,0.270539488,-0.822581252,0.003559915,-0.18058742,0.049518253,-0.428245378,-0.383752079,0.376346953,0.835838189,-0.02538442,-1.270520915,0.099139666,0.876705674,0.806724733,-0.600183762,-5.357429793,1.517225672
2.6013,-0.019476995,0.268612094,-0.820696026,0.007864091,-0.180871676,0.043155425,-0.425658853,-0.371256739,0.376074975,0.815390998,-0.058663808,-1.262619799,0.055401578,0.868930014,0.762014688,-0.675510469,-5.363261538,1.493898692
2.6063,-0.021675498,0.266731217,-0.818817575,0.012147538,-0.181388816,0.036807665,-0.418910941,-0.371278851,0.36862927,0.819916165,-0.086402017,-1.241816045,0.029158725,0.816444308,0.785827647,-0.730912047,-5.207262358,1.48709499
2.6114,-0.023869451,0.264869451,-0.816860754,0.016356153,-0.181906765,0.030448781,-0.426446284,-0.368538077,0.37271086,0.819301572,-0.113080185,-1.204671498,-0.001457936,0.77659405,0.734313898,-0.71438877,-5.267523723,1.49098282
2.6165,-0.026036101,0.26300809,-0.814951663,0.020488826,-0.182479725,0.02413692,-0.429977479,-0.36244609,0.376436932,0.805946851,-0.140042335,-1.207183984,-0.058317451,0.767360454,0.790687434,-0.593866038,-5.460943268,1.449674626
2.6215,-0.028199717,0.261045303,-0.813032561,0.024697947,-0.183392456,0.017986955,-0.429766588,-0.356803901,0.378174938,0.786035159,-0.172336425,-1.198942756,-0.118092837,0.948630529,0.868444035,-0.577828739,-5.327785089,1.22175059
2.6267,-0.030507736,0.259283042,-0.810964607,0.028888361,-0.184327333,0.011850541,-0.4327383,-0.352467585,0.385455362,0.792720623,-0.209106793,-1.187650943,0.053943642,0.844145097,0.741117601,-0.543810227,-5.359373708,1.011807767
2.6318,-0.032647083,0.257521691,-0.809013753,0.032964911,-0.185342097,0.005347659,-0.439102265,-0.345746645,0.395288607,0.793495541,-0.238166281,-1.185037835,-0.029158725,0.769790348,0.819360181,-0.369343854,-5.469204906,1.433151348
2.6368,-0.034878653,0.255797249,-0.807026494,0.036966528,-0.186685004,-0.000592578,-0.434428534,-0.339683088,0.40022586,0.790747744,-0.27335124,-1.192798114,0.038392322,0.659959149,0.86261229,-0.091849985,-5.263635893,1.034648769
2.642,-0.036976438,0.25413601,-0.80507028,0.040893821,-0.188197492,-0.006463646,-0.434923406,-0.347516774,0.400977742,0.820176431,-0.302216167,-1.194667285,-0.115662944,0.489380606,0.997714384,0.257082761,-4.988085939,0.600669741
2.6471,-0.039210031,0.252337345,-0.802952574,0.045046719,-0.189774699,-0.01223602,-0.44056941,-0.342342582,0.408792426,0.822516297,-0.331952259,-1.192095437,-0.046167982,0.574912867,0.915583974,0.20313912,-4.805357927,0.040822215
2.6523,-0.041435534,0.250556376,-0.800828901,0.049238548,-0.19146122,-0.018403175,-0.43984659,-0.333987441,0.412563572,0.811773955,-0.355180999,-1.204247239,0.01555132,0.643435871,0.85872446,0.111775114,-4.641583087,0.139475903
2.6573,-0.04367924,0.24881535,-0.79868561,0.053229649,-0.193436445,-0.024530893,-0.43266759,-0.33532432,0.412827094,0.812895715,-0.382352995,-1.20299057,0.094765857,0.673566554,0.814014414,0.368371896,-4.200314378,0.200223247
2.6625,-0.045920417,0.247079786,-0.796500354,0.057453838,-0.195431894,-0.030736576,-0.437459584,-0.330898172,0.424898272,0.825602043,-0.403410576,-1.184520389,0.1715505,0.729454111,0.728968132,0.24590525,-3.894633741,0.36691396
2.6675,-0.048138336,0.245380625,-0.794332895,0.061712509,-0.197442006,-0.036915462,-0.435882753,-0.323785945,0.427290454,0.8267482,-0.42183697,-1.200610174,0.225980121,0.750351197,0.692033747,0.059289408,-3.729886943,0.507847799
2.6727,-0.050236121,0.24378016,-0.792155931,0.065993933,-0.199677116,-0.043060572,-0.421029881,-0.324814447,0.427019715,0.81855506,-0.44673546,-1.198810764,0.071924856,0.645379786,0.676968405,-0.149195478,-3.348879599,0.647323701
2.6778,-0.052360198,0.242187178,-0.790072303,0.07000273,-0.201807867,-0.048865103,-0.422690859,-0.322525851,0.432511591,0.817826966,-0.451869267,-1.163348919,-0.056859514,0.564221334,0.844631076,0.090392048,-3.285216382,0.211400758
2.6829,-0.054486804,0.240575892,-0.787976641,0.074039842,-0.204018101,-0.054712104,-0.422054154,-0.316069769,0.433607206,0.810382598,-0.457085155,-1.174077823,-0.183213991,0.531660758,1.031732896,0.302764764,-3.269179084,-0.183699969
2.688,-0.056639195,0.238894125,-0.785831024,0.07820093,-0.206465972,-0.060587521,-0.418875173,-0.312825132,0.430527996,0.797621695,-0.473532572,-1.177412707,-0.28478355,0.628856509,1.201825461,0.364970045,-3.02473177,-0.520483246
2.6932,-0.058963798,0.237355648,-0.783491051,0.082390838,-0.208918495,-0.066603701,-0.419589416,-0.313420893,0.436253822,0.81187725,-0.48825729,-1.173850507,-0.127812413,0.526314991,1.123096902,0.399474536,-2.89983523,-0.659959149
2.6983,-0.061146526,0.235769441,-0.781232784,0.086555466,-0.211422287,-0.073048943,-0.423934819,-0.312495031,0.447096251,0.822181069,-0.5003317,-1.179434281,-0.200223247,0.531660758,1.215918845,0.458277966,-2.818676778,-0.138989924
2.7034,-0.063374861,0.234163414,-0.778953888,0.090734756,-0.214200829,-0.079040247,-0.427312396,-0.305234873,0.452721698,0.822437349,-0.516599231,-1.191663621,-0.197793353,0.587062336,1.319918298,0.502988011,-2.411426581,-0.333381426
2.7085,-0.065575286,0.232595814,-0.776619476,0.09523066,-0.216975023,-0.085117201,-0.423381751,-0.306891501,0.453229303,0.826076164,-0.532008719,-1.19471287,-0.253194931,0.605529528,1.401562729,0.057345493,-2.101372136,-0.383437238
2.7136,-0.067780767,0.231042775,-0.774201638,0.099383052,-0.219689655,-0.091297401,-0.434375101,-0.308262909,0.469453606,0.830614574,-0.540480179,-1.182721101,-0.303736722,0.641005978,1.403020665,0.158915053,-1.972587766,-0.303250743
2.7188,-0.06996754,0.229489129,-0.77177025,0.103590656,-0.222414602,-0.097474062,-0.441847802,-0.302525201,0.479279003,0.828438774,-0.541994488,-1.207042491,-0.372259726,0.708071046,1.422459815,0.176410288,-1.926905763,-0.2264661
2.7238,-0.072199919,0.227877642,-0.769292446,0.107836687,-0.225267469,-0.10362251,-0.448282792,-0.297319372,0.482944401,0.821455162,-0.558149224,-1.221166443,-0.365942002,0.892742973,1.42829156,0.156971138,-1.758271135,-0.145793626
2.729,-0.074625341,0.226417029,-0.766628881,0.112067044,-0.228072505,-0.109787744,-0.452819963,-0.293449086,0.493534485,0.84040481,-0.567731583,-1.224434747,-0.050055812,0.87038795,1.193563822,0.152597329,-1.728626431,-0.017981214
2.7341,-0.076890687,0.224967944,-0.764101729,0.116284356,-0.230950248,-0.116359895,-0.457889839,-0.289601957,0.505192362,0.851125963,-0.572040514,-1.227965213,0.018953171,0.867958056,1.213974929,0.129756328,-1.660103426,0.779995901
2.7395,-0.079144403,0.223513196,-0.761557994,0.120586308,-0.234029932,-0.122461017,-0.456829798,-0.278884206,0.5115642,0.848771007,-0.583793813,-1.23502697,0.076784643,0.901976569,1.249451379,-0.036448407,-1.335469618,0.877191652
2.7448,-0.081411771,0.222106988,-0.758968854,0.125123369,-0.23697927,-0.128580038,-0.449622368,-0.276756566,0.512871434,0.8495849,-0.596942405,-1.227055048,0.147737541,0.889341121,1.27229238,-0.583660485,-1.260142911,1.05360194
2.7499,-0.083671049,0.220721408,-0.756312468,0.129319547,-0.239956821,-0.134724947,-0.454782078,-0.274156799,0.530175728,0.85176607,-0.598792065,-1.205629581,0.21091478,0.887883185,1.230498207,-0.617193019,-1.188704034,1.285899785
2.7552,-0.085900496,0.219393973,-0.753623723,0.133478815,-0.242955911,-0.140779351,-0.454073934,-0.268293173,0.544054066,0.842286277,-0.593142149,-1.217336736,0.245419271,0.830537692,1.157601394,-0.615249104,-1.158573351,1.431207433
2.7604,-0.088125392,0.21796663,-0.750972596,0.137699869,-0.246043988,-0.146781373,-0.447794942,-0.260763297,0.54912127,0.82364593,-0.604544887,-1.213153723,0.275549954,0.962237934,1.182872289,-0.703697237,-1.042910408,1.588178571
2.7655,-0.090494185,0.216644049,-0.748055617,0.141890585,-0.249036202,-0.152742037,-0.442887262,-0.257039704,0.55502387,0.829226278,-0.612538727,-1.195848699,0.537006524,0.962237934,0.828593777,-0.762986645,-1.11240537,1.736402091
2.7706,-0.092694812,0.215338558,-0.74528112,0.145999899,-0.252059662,-0.15905855,-0.439560543,-0.251987493,0.560696142,0.829054971,-0.613008183,-1.177482906,0.543810227,0.976817297,0.735285856,-0.744033474,-1.182872289,2.50570646
2.7757,-0.09487572,0.214043584,-0.742500152,0.150168571,-0.255363636,-0.164901102,-0.43129193,-0.245088222,0.559924019,0.816377996,-0.617593538,-1.164507249,0.531660758,1.012293746,0.666762852,-0.844145097,-0.859696417,2.602416232
2.7808,-0.09706219,0.212823946,-0.739687936,0.154549095,-0.25848559,-0.170751037,-0.41820372,-0.24598636,0.553138589,0.807859615,-0.622728657,-1.137716018,0.524857055,0.975359361,0.599211805,-1.302909042,-0.86650012,2.799237628
2.7858,-0.099232481,0.211631004,-0.736826676,0.158567499,-0.261534938,-0.176553039,-0.418950208,-0.239716043,0.56168105,0.802082615,-0.621265764,-1.102133188,0.502502032,0.943770742,0.484520819,-1.227582335,-1.036106705,2.980993682
2.7909,-0.10136485,0.210440489,-0.73399636,0.162611892,-0.264665082,-0.182184144,-0.415436168,-0.231959458,0.564117165,0.79108946,-0.608460418,-1.099489561,0.443698603,0.940854869,0.430577177,-1.239245825,-1.15905933,2.998488917
2.7959,-0.103484579,0.209201739,-0.731174234,0.166671554,-0.26790899,-0.187691576,-0.408098375,-0.224279268,0.561541915,0.770294599,-0.617041758,-1.082072666,0.372745705,1.046312259,0.415511835,-1.296591318,-1.172666735,2.959124638
2.801,-0.105740115,0.208073314,-0.728117605,0.170658408,-0.271129437,-0.193136515,-0.404018754,-0.219927134,0.560146208,0.773848003,-0.62223653,-1.056164385,0.525343034,1.01472364,0.051027769,-1.28395587,-1.270834444,2.921704274
2.8061,-0.107819395,0.206962484,-0.725238851,0.174623218,-0.274306603,-0.198869552,-0.403546723,-0.213820568,0.559440859,0.770874518,-0.623419816,-1.031121584,0.415511835,0.997228405,-0.018467193,-1.312142638,-1.503618267,3.440243605
2.8112,-0.109870867,0.20585762,-0.722434119,0.178558297,-0.277777429,-0.204112044,-0.400299194,-0.205406186,0.551497584,0.757592257,-0.633519062,-1.016839008,0.278951805,1.005004065,0.045196024,-1.3427593,-1.330123852,3.301253681
2.8162,-0.11191981,0.204818485,-0.719626959,0.182662251,-0.281069269,-0.209242997,-0.394538232,-0.204206159,0.541163999,0.74909103,-0.648828365,-0.995281501,0.139961881,0.949602487,0.137531988,-1.690720088,-1.483693138,3.117067733
2.8213,-0.113944484,0.203807058,-0.716804631,0.186366164,-0.284338154,-0.214356052,-0.405057898,-0.201367897,0.550322901,0.744652465,-0.658272608,-0.968768663,-0.022355023,0.898574718,0.215288588,-1.468141818,-1.721336749,3.008694471
2.8264,-0.115964203,0.202809688,-0.713995449,0.189965416,-0.2876306,-0.219242593,-0.416263377,-0.196495255,0.554206722,0.738532145,-0.663360393,-0.978495382,-0.158429074,0.865042184,0.305680637,-1.144965946,-1.99834464,2.682602726
2.8315,-0.118118718,0.201827384,-0.711262817,0.193534432,-0.291010517,-0.223946304,-0.413144147,-0.195270419,0.554347218,0.734610686,-0.694827104,-0.983928187,-0.071924856,0.848032927,0.531660758,-0.823733989,-2.191278205,2.242791953
2.8366,-0.120267166,0.200860148,-0.708369097,0.197312873,-0.294573162,-0.229019719,-0.421296659,-0.19100926,0.565104455,0.737972225,-0.706269037,-0.956876447,0.008747618,0.847546948,0.509791714,-0.8898271,-2.14656816,2.499388736
2.8417,-0.12239185,0.199891293,-0.705464759,0.201114268,-0.298241885,-0.233938922,-0.422416038,-0.18307104,0.568390959,0.731206623,-0.71028169,-0.956284573,0.066579089,0.879621546,0.477717116,-1.039994535,-2.030905216,2.607761998
2.8469,-0.124522095,0.198975528,-0.70251441,0.204883305,-0.302024876,-0.2388018,-0.416659523,-0.18080322,0.563717544,0.7136382,-0.733183925,-0.942617004,0.129756328,0.860668375,0.401418451,-1.15905933,-1.805411074,2.755013561
2.852,-0.126517039,0.198028719,-0.699750632,0.208584083,-0.305832541,-0.243607746,-0.41556454,-0.177451789,0.563472028,0.717073754,-0.74631009,-0.918053572,-0.030130683,0.933565188,0.65947317,-1.212516993,-1.587206613,2.909554805
2.8571,-0.128649307,0.197144605,-0.696814643,0.212221762,-0.309652644,-0.248043179,-0.419113618,-0.172533247,0.574722898,0.714425704,-0.747381211,-0.911793777,0.03499047,0.946200636,0.658987192,-1.236329952,-1.419057964,2.583949039
2.8621,-0.130762362,0.196262413,-0.693858934,0.215839822,-0.313341794,-0.252695925,-0.422057313,-0.163133567,0.579207971,0.699464168,-0.755539118,-0.907799931,0.081644431,0.987994809,0.639548041,-1.27229238,-1.531805035,2.746265943
2.8673,-0.132926585,0.195433815,-0.690850137,0.219158054,-0.317234503,-0.257288806,-0.414459837,-0.158635153,0.576298295,0.695025092,-0.777101048,-0.893982874,0.208484886,0.978275233,0.569081122,-0.865042184,-1.355880726,2.944059297
2.8724,-0.135084235,0.194628375,-0.687817575,0.222739913,-0.321128628,-0.261954495,-0.41721383,-0.156228805,0.590080069,0.694476762,-0.784789304,-0.867203112,0.329007617,0.977303276,0.475773201,-0.928219422,-1.209601121,3.366860813
2.8775,-0.137218627,0.193840024,-0.684831631,0.226348266,-0.32507928,-0.266402265,-0.412014416,-0.14931775,0.593285318,0.688813068,-0.778860266,-0.860853265,0.427175325,0.990910681,0.458277966,-1.078872836,-1.039994535,3.580205487
2.8826,-0.139221256,0.193118414,-0.681844271,0.229959248,-0.329103246,-0.270691475,-0.398242362,-0.147528984,0.587061437,0.673553287,-0.792602142,-0.840303484,0.305680637,0.940368891,0.470427435,-1.263058784,-0.79992103,3.703158112
2.8878,-0.141226919,0.192374355,-0.678994337,0.233487309,-0.333078471,-0.274961877,-0.399801406,-0.144300675,0.589944457,0.676856412,-0.789434435,-0.811002731,0.187101821,0.973415446,0.738687707,-1.367544216,-0.668706767,3.932054105
2.8929,-0.143215896,0.191696531,-0.675926079,0.236944686,-0.337098089,-0.278805643,-0.398246906,-0.139254151,0.601235542,0.671827042,-0.779811375,-0.795361553,0.052485706,0.942798784,0.673080575,-1.435095263,-0.525829013,3.626859447
2.898,-0.145256548,0.190978056,-0.672835069,0.24032521,-0.340872788,-0.282773081,-0.395991915,-0.131853496,0.604963266,0.65626746,-0.774680412,-0.782108208,-0.001457936,1.013265704,0.5856044,-1.428777539,-0.835397479,3.688578749
2.9032,-0.147443624,0.190321266,-0.669731014,0.243436849,-0.34489817,-0.286728385,-0.395998841,-0.127711013,0.598103093,0.653240736,-0.784408418,-0.762265428,0.178354203,1.024443215,0.516595416,-1.039994535,-0.779995901,3.893661783
2.9083,-0.149468096,0.189730711,-0.666794823,0.24661351,-0.34867661,-0.290490039,-0.398407449,-0.121744214,0.596638231,0.649417589,-0.769879549,-0.720249771,0.108859241,0.97195751,0.763958603,-0.806724733,-1.178984459,3.912614955
2.9134,-0.151481444,0.189097482,-0.663836991,0.249848013,-0.352835777,-0.29405046,-0.396572587,-0.113399716,0.597915068,0.638750599,-0.767820165,-0.702785103,0.028672747,1.0224993,1.021527343,-0.691061789,-1.057003792,3.738148582
2.9186,-0.153553039,0.188521893,-0.660776519,0.253299424,-0.356797654,-0.297607341,-0.392802486,-0.108237407,0.591957187,0.631685926,-0.773930352,-0.6819042,0.035476449,1.017639513,1.180442395,-0.938910954,-1.310684702,3.71530758
2.9237,-0.155608454,0.187965416,-0.657636161,0.256539185,-0.360807463,-0.301271615,-0.401824098,-0.103448086,0.608125457,0.633608749,-0.776680749,-0.658355929,0.026728832,1.025415173,1.262572805,-0.890313079,-1.54930027,4.012726578
2.9288,-0.157629993,0.187429568,-0.654454343,0.259753767,-0.36486308,-0.304650723,-0.405507258,-0.098618138,0.620621526,0.628759264,-0.773303196,-0.652683099,-0.014579363,1.044368344,1.304852957,-0.848518906,-1.805897053,4.036053559
2.9338,-0.159646981,0.186914855,-0.651247851,0.263023157,-0.369020831,-0.307954495,-0.404183914,-0.093351416,0.626158792,0.618839903,-0.800401761,-0.638263745,-0.060261366,1.074013048,1.35442279,-0.921415719,-1.964326127,4.141996927
2.9389,-0.161811912,0.1864775,-0.647977753,0.266212155,-0.37314147,-0.3111261,-0.404761281,-0.091214057,0.62473157,0.628064849,-0.821046527,-0.613862703,0.129270349,1.029303003,1.37386194,-0.91704191,-2.220436931,4.213921783
2.944,-0.163857822,0.186019213,-0.644627768,0.26943786,-0.377373344,-0.314332693,-0.409704827,-0.085749056,0.643322614,0.627832236,-0.835354106,-0.586194596,0.142391775,1.066723367,1.316516447,-1.040966493,-2.369632408,4.505509036
2.9493,-0.165881484,0.185578522,-0.641279401,0.272589746,-0.382013348,-0.31723693,-0.408616769,-0.078885967,0.653790402,0.620421035,-0.855129772,-0.573860893,0.134130136,1.118237115,1.29173153,-1.093938177,-1.940513168,4.506480993
2.9544,-0.167954293,0.185208616,-0.637854687,0.27591708,-0.386396299,-0.320021741,-0.403980045,-0.074103571,0.658961605,0.612342319,-0.876353145,-0.548053696,0.204111077,1.101713837,1.193563822,-1.470571712,-1.975503638,4.516686547
2.9596,-0.170003843,0.1848649,-0.634395085,0.278999393,-0.390777025,-0.322864395,-0.410661379,-0.068767379,0.682625417,0.60962769,-0.889201329,-0.520610743,0.251736995,1.091022305,1.061863579,-1.518683609,-2.074643304,4.799526182
2.9648,-0.172014461,0.184542825,-0.630983113,0.282015573,-0.395300839,-0.32538194,-0.410635427,-0.062533656,0.697426507,0.603346925,-0.893214396,-0.506660407,0.261942549,1.090536326,1.00694798,-1.534234929,-2.036250983,4.769881478
2.9698,-0.174017494,0.184236829,-0.62752614,0.285038022,-0.399921226,-0.327793811,-0.404304023,-0.054971317,0.700672286,0.589788021,-0.923447183,-0.486375362,0.264858421,1.105601667,0.908780271,-1.617823275,-1.905036719,4.793694437
2.9752,-0.176167459,0.183997067,-0.624029326,0.28793963,-0.404493882,-0.330175953,-0.398609324,-0.049506729,0.695102071,0.593933881,-0.943109543,-0.459855987,0.502016054,1.057003792,0.803322882,-1.585262698,-1.881709739,4.974964513
2.9803,-0.178199413,0.183775913,-0.620479422,0.290845586,-0.409121044,-0.33245586,-0.396016798,-0.043400576,0.708135389,0.587811594,-0.950184568,-0.424457659,0.563735356,1.021527343,0.646837723,-1.649897873,-1.836999693,5.181991462
2.9855,-0.180155425,0.18356578,-0.616960967,0.293792294,-0.414150268,-0.334420265,-0.390056001,-0.036151887,0.712119905,0.574948319,-0.960492226,-0.400837731,0.521455204,1.006462001,0.551585887,-1.846719268,-1.219806675,5.085767669
2.9906,-0.182148953,0.183414804,-0.6133423,0.296828901,-0.418910304,-0.336344828,-0.381058882,-0.031082205,0.706461606,0.5608475,-0.970169375,-0.371232513,0.54624012,0.934537145,0.329007617,-2.253969465,-1.078386857,5.137281417
2.9958,-0.184108606,0.183273334,-0.609707958,0.299627161,-0.423747699,-0.338249267,-0.384084343,-0.025312446,0.717624805,0.552222106,-0.968053545,-0.337806019,0.53846446,0.884481334,0.091364006,-2.370118387,-0.86261229,5.355485878
3.0009,-0.186019719,0.183090707,-0.606142482,0.302320356,-0.42860815,-0.339818991,-0.381281752,-0.020527573,0.71860359,0.536948352,-0.954034224,-0.313727813,0.48403484,0.935995082,-0.049083854,-2.416286369,-0.686687981,5.251972403
3.006,-0.187914653,0.182968753,-0.602611993,0.305033067,-0.433536859,-0.341285064,-0.373210179,-0.016139257,0.711052015,0.514251419,-0.965204665,-0.285423609,0.414053899,0.929191379,-0.12489654,-2.574229464,-0.445156539,5.203860506
3.011,-0.189948933,0.182911518,-0.599026899,0.307593589,-0.438383456,-0.342719385,-0.36695155,-0.013230699,0.692085309,0.505798353,-0.965316318,-0.252993785,0.571025037,0.860182396,-0.253194931,-2.585892954,-0.344558937,5.311261811
3.0161,-0.191858631,0.182866316,-0.595417029,0.310066842,-0.44324411,-0.34408646,-0.365093629,-0.008992697,0.691955358,0.494338221,-0.952998701,-0.216224243,0.54624012,0.810612563,-0.405306282,-2.5756874,-0.26145657,5.509055164
3.0212,-0.193686824,0.182820508,-0.591868945,0.312525736,-0.44840358,-0.345128931,-0.361270799,-0.002767042,0.683516483,0.475762874,-0.948785314,-0.185888963,0.412109984,0.792631349,-0.467025583,-2.644696384,0.263886464,5.394850157
3.0263,-0.195547983,0.182817171,-0.588350794,0.315087269,-0.453224593,-0.34607837,-0.355902362,0.002369317,0.668317911,0.452469548,-0.947587983,-0.154422106,0.340671107,0.73382792,-0.468969498,-2.967386277,0.246877207,5.346252282
3.0314,-0.197371726,0.182817272,-0.584853372,0.317394276,-0.458046617,-0.346852665,-0.364117104,0.003304485,0.675019606,0.433916215,-0.939502147,-0.121112637,0.233269802,0.702725279,-0.450988284,-2.983423576,0.230839909,5.222327699
3.0365,-0.199144403,0.182821822,-0.581408535,0.319576499,-0.462823946,-0.347300334,-0.368116806,0.006914773,0.673317271,0.414476725,-0.919474574,-0.098440999,0.076784643,0.698351471,-0.38246528,-2.910526762,0.109831199,4.784460841
3.0416,-0.201053898,0.182830822,-0.577969764,0.321780362,-0.467610375,-0.347799879,-0.362931558,0.007692704,0.663717563,0.396243555,-0.931882341,-0.079565414,0.144821669,0.720706493,-0.308110531,-2.982451618,-0.002429894,4.64449896
3.0467,-0.202950753,0.18289999,-0.574547275,0.323774901,-0.472361917,-0.348207908,-0.368009599,0.008552303,0.649885757,0.391699217,-0.933635533,-0.063002091,0.200709226,0.685230044,-0.187101821,-2.853181269,-0.14822352,4.571602146
3.0519,-0.204865406,0.182971585,-0.571132875,0.325597128,-0.477071898,-0.348622712,-0.367459107,0.012425067,0.660254697,0.38210568,-0.9350543,-0.044941541,0.304708679,0.678426342,-0.058317451,-2.589294806,-0.364970045,4.72225556
3.057,-0.206721812,0.183043584,-0.567816159,0.327470927,-0.481830418,-0.34870179,-0.3616295,0.013855935,0.668272715,0.372422723,-0.927175539,-0.028669952,0.321717936,0.702239301,0.195363459,-2.530005397,-0.535062609,4.550219081
3.0621,-0.208468298,0.183169683,-0.564470523,0.329357266,-0.486592476,-0.348632622,-0.362390154,0.015846285,0.674533822,0.361784138,-0.952862044,-0.016854278,0.171064522,0.674052533,0.39024094,-2.606790041,-0.701753322,4.359715409
3.0672,-0.21032885,0.18329012,-0.560901911,0.331123369,-0.491596724,-0.348735868,-0.366233031,0.021449912,0.686966301,0.346134189,-0.949317315,0.00838775,0.223064248,0.682314172,0.215774567,-2.599014381,-0.480632988,4.644984938
3.0723,-0.21221175,0.183400849,-0.557400142,0.332971888,-0.496310547,-0.348560016,-0.364278351,0.02536899,0.690332505,0.329716344,-0.954840099,0.037544094,0.327549681,0.730912047,0.13656003,-2.82548048,-0.755696964,4.661994195
3.0774,-0.214083022,0.183512489,-0.553874608,0.334590252,-0.501314693,-0.34834776,-0.359148821,0.028436439,0.682289265,0.31848054,-0.972903492,0.066687827,0.420857602,0.809640605,0.034504492,-2.799723606,-0.565679271,4.799040204
3.0825,-0.215918394,0.1836757,-0.550559409,0.336153807,-0.506265143,-0.34798109,-0.363630056,0.033671111,0.681809386,0.307943986,-0.977914759,0.091010724,0.479661031,0.838799331,0.289643338,-2.814302969,-0.458277966,4.880684634
3.0877,-0.217709273,0.183884417,-0.547056224,0.337758823,-0.511270705,-0.347427141,-0.359853952,0.0402344,0.692558142,0.295194309,-0.967146369,0.10983183,0.49569833,0.824219968,0.240073505,-3.023759812,-0.297904977,4.875338868
3.0928,-0.219453029,0.184091516,-0.543723329,0.339269997,-0.516002022,-0.346851653,-0.345896642,0.045031885,0.683445044,0.274941023,-0.966796853,0.125131875,0.435436964,0.842201182,0.478203095,-3.205029888,-0.618164976,5.066328519
3.0979,-0.221196784,0.184346648,-0.540084033,0.340620487,-0.520848215,-0.346247548,-0.344199993,0.05113483,0.680759696,0.263716274,-0.96195111,0.147963546,0.375175599,0.814014414,0.266802336,-3.26286136,-0.797005158,5.446849884
3.103,-0.222915259,0.184601679,-0.536656083,0.34192436,-0.525757508,-0.345296087,-0.342607344,0.055413873,0.683680963,0.252137247,-0.951071698,0.180821979,0.290615295,0.816930287,0.41356792,-3.399907369,-0.946200636,5.493503844
3.1082,-0.224630195,0.184864193,-0.533189706,0.343192234,-0.530721913,-0.344192841,-0.33518013,0.058562165,0.680126101,0.231702424,-0.973734807,0.20853414,0.202653141,0.843659118,0.523399119,-3.626373468,-1.042424429,5.518288761
3.1133,-0.226445444,0.185181818,-0.529697138,0.344227526,-0.535692385,-0.343080696,-0.332700497,0.063511203,0.673009137,0.215593151,-0.986099273,0.243156311,0.27312006,0.817416266,0.639062063,-3.629289341,-1.132816477,5.751558563
3.1185,-0.228142178,0.185504399,-0.526172212,0.345168066,-0.540729599,-0.341759531,-0.335325681,0.067026797,0.690046604,0.196220434,-0.987536142,0.274215554,0.16766267,0.817416266,0.723622366,-3.634149128,-1.15905933,5.876941082
3.1236,-0.229865305,0.185837496,-0.522649813,0.346072606,-0.545837496,-0.340088988,-0.334948659,0.069732217,0.700043187,0.17515831,-0.980330486,0.313492332,0.118578816,0.838313352,0.810612563,-3.728429007,-1.148367798,5.666512281
3.1287,-0.231637577,0.186226717,-0.51908646,0.346906158,-0.551007079,-0.338417636,-0.33015997,0.074524016,0.702666938,0.147588006,-1.0039362,0.345141966,0.147737541,0.805266797,0.858238481,-3.847493802,-1.078386857,5.672344026
3.1338,-0.233394681,0.186619881,-0.515233391,0.34760542,-0.55618829,-0.336580847,-0.335756453,0.078168006,0.708637867,0.128859332,-1.014407292,0.374985168,0.162316904,0.799435052,0.47237135,-3.899493528,-0.997228405,5.643185301
3.1389,-0.235113358,0.187020528,-0.511609364,0.348206897,-0.561399737,-0.334465062,-0.339826039,0.081322397,0.717431847,0.103615968,-1.008666814,0.416543811,0.139961881,0.817416266,0.461679817,-3.950521298,-0.918013868,5.376868943
3.1439,-0.236858429,0.187431186,-0.507965618,0.348724745,-0.566647083,-0.332333199,-0.339000458,0.084592985,0.71728061,0.077341818,-1.032928356,0.448261774,0.173980394,0.856780545,0.432035113,-4.014184515,-0.804294839,5.281131128
3.149,-0.238680049,0.187894428,-0.504315401,0.349005966,-0.571920316,-0.33015492,-0.340536345,0.090911268,0.711430131,0.054761787,-1.046060814,0.474140725,0.34358698,0.845603033,0.427175325,-3.850409674,-0.634688254,5.326813131
3.1541,-0.240321367,0.188355041,-0.500653554,0.349190919,-0.577206694,-0.327849226,-0.342614658,0.097130411,0.727946362,0.034522449,-1.050442301,0.49374834,0.246877207,0.867958056,0.411138027,-3.687120813,-0.452446221,5.405055711
3.1595,-0.242027101,0.18887026,-0.496974922,0.349340884,-0.582550207,-0.325191627,-0.343521178,0.10008611,0.738361518,0.012014683,-1.039278178,0.526492641,0.274092018,0.837827373,0.347960788,-3.614223999,-0.215288588,5.145057077
3.1648,-0.24372525,0.189440591,-0.49329275,0.349382344,-0.587900799,-0.322503286,-0.335820529,0.105018089,0.739027795,-0.013792709,-1.055326412,0.552776316,0.294017147,0.754725006,0.281381699,-3.499047035,0.028672747,5.041543602
3.1706,-0.245410254,0.189968753,-0.489358277,0.349310244,-0.593249469,-0.319755385,-0.338254359,0.106383933,0.741311628,-0.03012021,-1.057945084,0.570173286,0.301306828,0.774164156,-0.182728012,-3.33673013,0.301792807,5.066814498
3.1757,-0.247101931,0.190509961,-0.485690262,0.349162605,-0.598600162,-0.316622105,-0.341218829,0.108664364,0.745335313,-0.046507875,-1.043661099,0.598388581,0.346016873,0.812070499,-0.235699696,-3.194824334,0.576856782,4.690666941
3.1808,-0.248770351,0.191061685,-0.482039943,0.348955102,-0.603903833,-0.313476792,-0.335197456,0.112412766,0.739977009,-0.064056787,-1.056175854,0.620412652,0.368371896,0.870873929,-0.271662124,-3.088394987,0.806724733,4.488985758
3.1859,-0.25044231,0.191661442,-0.478363839,0.348551926,-0.609152493,-0.310260694,-0.326548103,0.120595579,0.725166831,-0.07860111,-1.055773391,0.636599365,0.39412877,0.883509376,-0.332409468,-2.793891861,1.01472364,4.374294772
3.191,-0.252097583,0.192305693,-0.474696835,0.348151684,-0.614294367,-0.30710001,-0.327759381,0.126225983,0.731698264,-0.089989707,-1.043851384,0.648642162,0.403848345,0.853378693,-0.384409195,-2.626229191,1.089078389,4.560910614
3.196,-0.253772677,0.192908788,-0.471073819,0.347761452,-0.619487916,-0.303646071,-0.322956939,0.130032072,0.7290923,-0.101362071,-1.014698393,0.682264237,0.463623732,0.92481757,-0.39412877,-2.592210678,1.244105612,4.465658778
3.2011,-0.255438669,0.193619678,-0.46745131,0.347196784,-0.624644049,-0.300121246,-0.314763482,0.1349104,0.7177333,-0.112811658,-1.014219218,0.704896171,0.514651501,0.861640332,-0.403362366,-2.390529495,1.363170407,4.426294499
3.2062,-0.257076347,0.19433603,-0.463580544,0.346509859,-0.629714734,-0.296534736,-0.315877273,0.139882594,0.709057583,-0.119060178,-1.00016255,0.721892646,0.53846446,0.824219968,-0.806238754,-2.102344093,1.400104793,4.482668034
3.2113,-0.258666498,0.19505228,-0.459939225,0.345908383,-0.63474598,-0.292515623,-0.314578422,0.145659278,0.705617971,-0.128247947,-0.979794743,0.748303259,0.516595416,0.817902244,-0.864556205,-2.051316324,1.399132835,4.030221814
3.2163,-0.260277986,0.195777531,-0.456334311,0.345255031,-0.64007119,-0.288667813,-0.307620956,0.146732975,0.692662287,-0.134032916,-0.963736669,0.765578953,0.54624012,0.833939543,-0.887883185,-2.012438024,1.897747037,4.021474196
3.2214,-0.2618829,0.196560926,-0.452778036,0.344455557,-0.644964911,-0.284816058,-0.297592638,0.152183397,0.674397408,-0.141649127,-0.95317635,0.77774859,0.569567101,0.794089285,-0.833453564,-1.833111863,1.764588859,4.194968611
3.2265,-0.26346304,0.197338154,-0.449264233,0.343724745,-0.649817272,-0.280873294,-0.297139317,0.158846238,0.679832716,-0.151941282,-0.935906682,0.785061209,0.569081122,0.791173413,-0.738201729,-1.843803396,1.622683062,4.436014074
3.2316,-0.265041258,0.198116291,-0.445827788,0.342915664,-0.65463424,-0.276640307,-0.296831863,0.16133632,0.679065744,-0.15743741,-0.909118464,0.820147223,0.597753868,0.818388223,-0.568595143,-1.810270862,1.446758753,4.398107731
3.2367,-0.266574982,0.198999191,-0.442384164,0.34203691,-0.659368794,-0.272406816,-0.293599011,0.164928311,0.675418036,-0.169991481,-0.917142046,0.848356103,0.583660485,0.713902791,-0.436894901,-1.7407759,1.191619907,4.514742632
3.2419,-0.268047022,0.199880473,-0.438740318,0.341113763,-0.664014966,-0.268177976,-0.300733033,0.168731192,0.677202234,-0.183187529,-0.920855483,0.870792965,0.510277693,0.641977935,-0.652669468,-1.659617448,0.882537419,4.821881205
3.247,-0.269496916,0.200709475,-0.435413995,0.340141167,-0.668620791,-0.26353878,-0.30311083,0.171252182,0.685431653,-0.1907843,-0.920613878,0.912932377,0.446614476,0.682314172,-0.408222154,-1.561935718,0.565679271,4.641583087
3.2521,-0.271012236,0.201588027,-0.431887451,0.339212863,-0.673481646,-0.258796744,-0.29612938,0.173271789,0.67636951,-0.200438608,-0.930097584,0.939403469,0.507847799,0.67502449,-0.51124965,-1.599842061,0.710986918,4.455453224
3.2572,-0.272455658,0.202463444,-0.428615735,0.338230054,-0.678010213,-0.254316918,-0.294934942,0.177861275,0.675237616,-0.207388542,-0.915564146,0.93288822,0.468969498,0.701753322,-0.214316631,-1.616365338,0.350876661,4.924422722
3.2623,-0.273950854,0.203420872,-0.425143796,0.337094954,-0.682884316,-0.249454849,-0.296229128,0.184339274,0.682507688,-0.216035222,-0.910552053,0.962238712,0.541866312,0.618650955,-0.264858421,-1.455506371,0.539922397,5.025992282
3.2675,-0.275377187,0.204366569,-0.421869957,0.335961068,-0.687464658,-0.244508848,-0.284312297,0.185911148,0.669939063,-0.222358267,-0.920044652,0.985101291,0.517567374,0.577828739,-0.000971958,-1.357824641,0.291587253,5.201916591
3.2726,-0.276792901,0.20530357,-0.418316513,0.334870462,-0.692033977,-0.239394883,-0.281905851,0.189697798,0.664293059,-0.225540577,-0.923438557,1.005799855,0.483062882,0.576370803,-0.160858968,-1.394759026,0.063663217,5.340420536
3.2777,-0.278224896,0.206233896,-0.414959147,0.333770452,-0.696645364,-0.23376125,-0.279301127,0.190401398,0.667563429,-0.230860854,-0.91970867,1.043144382,0.495212351,0.612333231,-0.008261639,-1.484665096,-0.092821942,4.855413739
3.2828,-0.279634645,0.207174234,-0.411602791,0.332651431,-0.701599252,-0.228302457,-0.27307744,0.188750042,0.664403984,-0.233399947,-0.921067783,1.080579569,0.485978755,0.669678724,0.145307648,-1.618309253,0.296933019,4.817507396
3.288,-0.281040348,0.208165639,-0.40820093,0.331423703,-0.706219335,-0.222665891,-0.263461913,0.193875854,0.654430363,-0.245186536,-0.930156071,1.106774334,0.472857328,0.677940363,0.255138846,-1.647467979,0.179812139,4.670741812
3.2931,-0.28242886,0.209192436,-0.404785418,0.330136414,-0.71088917,-0.216917484,-0.263013039,0.198844428,0.668069162,-0.249676688,-0.932378598,1.127685125,0.443212624,0.652183489,0.351848618,-1.650383851,0.172522458,4.540499506
3.2983,-0.283828092,0.210213571,-0.401347052,0.328865103,-0.715665891,-0.210943574,-0.262126978,0.200683639,0.676782713,-0.25419527,-0.918680874,1.179036775,0.454876114,0.662875022,0.395586706,-1.761672986,0.329979575,4.193510675
3.3033,-0.285200526,0.211325817,-0.397895035,0.327426332,-0.720416827,-0.204949237,-0.257470402,0.204842864,0.676783442,-0.264378153,-0.930918062,1.213433768,0.440782731,0.554987738,0.426203368,-1.681000513,0.462651775,3.919904636
3.3085,-0.286534028,0.212374659,-0.39417656,0.325985742,-0.72513247,-0.19887835,-0.261986165,0.208367449,0.679228134,-0.276047718,-0.935207942,1.232309134,0.389268983,0.570053079,0.045682003,-1.660589405,0.592408102,3.665737747
3.3136,-0.287914248,0.213414804,-0.390665285,0.324540803,-0.729800587,-0.192308322,-0.262475036,0.209921852,0.686320192,-0.284476995,-0.928793727,1.257398249,0.444670561,0.6244827,-0.01166349,-1.698009769,0.676482427,2.745779965
3.3188,-0.289207908,0.214458894,-0.387179796,0.323075336,-0.734768733,-0.185989888,-0.261996492,0.21030405,0.689211061,-0.290964933,-0.922313759,1.281132066,0.385867131,0.706127131,-0.044224067,-1.777710285,1.265974656,2.315688767
3.3239,-0.290533016,0.215543938,-0.383687228,0.321508747,-0.739407726,-0.179682374,-0.254839095,0.218785934,0.681874823,-0.307592623,-0.921450224,1.288285042,0.388297025,0.748407282,-0.083588346,-1.76021505,1.384067494,1.989111043
3.329,-0.291838406,0.216665891,-0.380217413,0.319899282,-0.743994742,-0.173281019,-0.25599186,0.222319826,0.695384497,-0.318025785,-0.912446787,1.276939406,0.371773747,0.755210985,-0.101083581,-1.732514261,1.48320716,1.634346552
3.3345,-0.293098291,0.217795328,-0.376759126,0.318233795,-0.748618364,-0.166751744,-0.259830704,0.22399446,0.701813899,-0.328354534,-0.891207085,1.295436584,0.311512382,0.785827647,-0.138503945,-1.68197247,1.679542577,1.156629436
3.3398,-0.294374962,0.219024977,-0.373278491,0.316433714,-0.753136313,-0.160271716,-0.256943966,0.229067034,0.700312638,-0.34311976,-0.894695975,1.300541207,0.298390955,0.689117874,-0.228410015,-1.471057691,1.774308434,0.78825754
3.3455,-0.295731722,0.220196279,-0.369576398,0.314753868,-0.757545151,-0.153853676,-0.254640694,0.234460596,0.698878879,-0.354051512,-0.890359028,1.292012718,0.424259453,0.71050094,-0.686202002,-1.499730437,1.79520552,0.572482973
3.3509,-0.297006977,0.221359895,-0.366164526,0.31303064,-0.761936495,-0.146973708,-0.255648419,0.238787192,0.698106635,-0.360612225,-0.875060781,1.28616027,0.440782731,0.770276326,-0.710014961,-1.517711651,1.861298631,-0.335325341
3.356,-0.298290424,0.222581151,-0.36274598,0.311240267,-0.766568207,-0.140515826,-0.25441294,0.238899988,0.689584122,-0.362604033,-0.858938606,1.279924385,0.496184309,0.774650135,-0.771248284,-1.502160331,2.375464153,-0.558389589
3.361,-0.299549601,0.223852968,-0.359284862,0.309350288,-0.770860249,-0.134137021,-0.247600927,0.246239336,0.672129005,-0.374433728,-0.850996231,1.260141089,0.528258906,0.730426068,-0.904406463,-1.390871196,2.43912737,-0.643435871
3.3661,-0.300777429,0.225111538,-0.355863687,0.307523814,-0.775098898,-0.127783699,-0.24806788,0.251580072,0.673183967,-0.381456024,-0.830635957,1.22922747,0.530202821,0.72994009,-0.99917232,-1.433637327,2.51348212,-0.641977935
3.3712,-0.302007888,0.226364445,-0.352523915,0.305643341,-0.77932612,-0.121431894,-0.246402139,0.255842471,0.66904717,-0.385266875,-0.80309141,1.237673878,0.565679271,0.765902518,-1.015695598,-1.455506371,2.638864639,-0.639062063
3.3763,-0.303209526,0.227757104,-0.349187582,0.303566994,-0.783394074,-0.115098696,-0.239357731,0.260583509,0.656979297,-0.392610573,-0.800017837,1.232681734,0.573454931,0.605529528,-1.059919664,-1.227096356,2.61116385,-0.649267616
3.3813,-0.304489736,0.229086864,-0.345652543,0.30155769,-0.78740722,-0.108813631,-0.231935475,0.265139293,0.645397816,-0.399658917,-0.788097775,1.214827579,0.718762578,0.567623186,-1.450160604,-1.156143458,2.623799297,-0.582202548
3.3865,-0.305689959,0.230401355,-0.342427445,0.299556679,-0.79135585,-0.102139953,-0.226862901,0.268226692,0.635263628,-0.399673715,-0.769563468,1.206364818,0.756182942,0.575398846,-1.387469345,-1.1551715,2.636434745,-1.136704307
3.3915,-0.306846193,0.231721812,-0.339171301,0.297491556,-0.795494287,-0.095966731,-0.222495678,0.264495468,0.62084007,-0.396401911,-0.749207738,1.205544292,0.751323155,0.608445401,-1.41662807,-1.123582881,3.048544729,-0.931135294
3.3967,-0.308010112,0.233093842,-0.335998685,0.295337951,-0.799254626,-0.089858226,-0.215675184,0.269295845,0.599108291,-0.404372595,-0.736803033,1.198998061,0.784855689,0.591922123,-1.334497661,-1.00694798,2.973218022,-0.663361
3.4018,-0.309120942,0.23444959,-0.332892305,0.29330812,-0.802960663,-0.083707149,-0.21569647,0.273420128,0.599584332,-0.406841901,-0.72099429,1.18344521,0.767360454,0.622052806,-1.188704034,-1.133302456,2.93871353,-0.467511562
3.4069,-0.310174638,0.235849328,-0.329834867,0.291277986,-0.806595106,-0.077628375,-0.211136653,0.273913664,0.595040843,-0.407147193,-0.697883011,1.211358055,0.694949619,0.609903337,-1.026873109,-1.321376234,2.897405336,-0.202167162
3.412,-0.311239559,0.237337648,-0.326802103,0.289182223,-0.810023258,-0.071736778,-0.205107625,0.278534058,0.591544372,-0.40894806,-0.700050404,1.232762625,0.664332958,0.481604946,-0.872331865,-1.477375415,2.65781781,0.274092018
3.4171,-0.312312671,0.238805643,-0.32360451,0.28689008,-0.81368743,-0.065414501,-0.202872269,0.280504143,0.591800945,-0.418883969,-0.677427072,1.21777764,0.672594597,0.403848345,-1.031246918,-1.382609557,2.924134168,0.057345493
3.4222,-0.313319547,0.240159066,-0.320706644,0.284716655,-0.817076853,-0.059096774,-0.207647301,0.282503071,0.599691174,-0.430853431,-0.66791727,1.236659883,0.617193019,0.529230864,-0.778051986,-1.52597329,2.864358781,-0.155027223
3.4274,-0.314412681,0.241552938,-0.317634341,0.282517545,-0.820480433,-0.052833654,-0.202655571,0.28321277,0.588075067,-0.44445865,-0.66335546,1.234232662,0.73771575,0.615735082,-0.847546948,-1.675654747,2.973218022,-0.314914233
3.4324,-0.315413186,0.24302882,-0.314747396,0.280108302,-0.823806957,-0.046549803,-0.199570237,0.290478201,0.587227666,-0.463093116,-0.64888226,1.21697614,0.738201729,0.592408102,-0.645865765,-1.530347099,3.101030434,-0.494726372
3.4376,-0.316403175,0.2445315,-0.311745778,0.277733643,-0.827097381,-0.040680453,-0.199282319,0.293699681,0.594287358,-0.475580608,-0.623204406,1.213354383,0.759584794,0.543324248,-0.678426342,-1.480291287,3.287160297,0.002915873
3.4427,-0.317342603,0.246078168,-0.308767317,0.275315603,-0.830055314,-0.034404692,-0.192659692,0.292265728,0.591102472,-0.479886744,-0.608068549,1.223437276,0.732369983,0.451960242,-0.719734536,-1.419543943,3.060694198,-0.169120607
3.4478,-0.318304884,0.247654667,-0.305721913,0.272988472,-0.833091212,-0.028157751,-0.18265701,0.2979137,0.579253143,-0.487595679,-0.595256739,1.218900519,0.758126857,0.33192349,-0.887397206,-1.570197357,3.095198689,-0.313456297
3.453,-0.319235312,0.249149055,-0.302734655,0.270433006,-0.836066235,-0.021921023,-0.178254845,0.299477094,0.58265655,-0.500992485,-0.578121444,1.197365998,0.75326707,0.352820576,-0.99917232,-1.408366431,3.164207672,-0.416969772
3.4581,-0.320079179,0.250592173,-0.299832845,0.267882293,-0.83905582,-0.01570452,-0.171573293,0.293434434,0.577803031,-0.50229848,-0.551319765,1.212069067,0.634202275,0.485006797,-1.028817024,-1.313114595,3.371234622,-0.501044096
3.4632,-0.320950956,0.25207928,-0.296883305,0.265416928,-0.841840125,-0.009518253,-0.163119012,0.299168108,0.5642615,-0.506937804,-0.539735465,1.21047321,0.572968952,0.574912867,-1.166349012,-1.423917752,3.380954197,-0.587062336
3.4683,-0.321795935,0.253551117,-0.294132268,0.262900597,-0.844533724,-0.003286884,-0.161785219,0.30133968,0.559181686,-0.514006,-0.523133702,1.191693095,0.485978755,0.71050094,-1.020069406,-1.516739694,3.396505517,-0.747435325
3.4734,-0.322600465,0.25507655,-0.29143786,0.260362221,-0.847178077,0.002514309,-0.161965298,0.303090297,0.550434117,-0.514726464,-0.494265179,1.186832967,0.360110257,0.794575264,-0.819360181,-1.650383851,3.45773884,-0.215288588
3.4784,-0.323423299,0.256749823,-0.288724644,0.257719284,-0.849616139,0.008650521,-0.160378335,0.308110458,0.541060802,-0.512234656,-0.482045826,1.200187056,0.282839635,0.674538512,-0.667734809,-1.714533047,3.320692832,-0.253194931
3.4835,-0.324324199,0.25831712,-0.285793002,0.254952978,-0.852009607,0.014784306,-0.158150219,0.313323212,0.532929162,-0.526596397,-0.4685665,1.197632266,0.342615022,0.74937924,-0.881079482,-1.660103426,3.264805275,-0.319774021
3.4886,-0.325194762,0.259928405,-0.283056325,0.252142279,-0.85437567,0.020992011,-0.160299242,0.317305662,0.531267139,-0.5350846,-0.451421486,1.177794078,0.373231684,0.781939816,-0.814014414,-1.594010316,3.306599448,-0.488408649
3.4937,-0.326024371,0.261553747,-0.280369704,0.249361209,-0.85677662,0.026840429,-0.161253728,0.31684109,0.523857907,-0.539085565,-0.43023376,1.173630723,0.364484066,0.831995628,-0.698837449,-1.649411894,3.536953377,-0.063663217
3.4988,-0.32687481,0.263228638,-0.277654667,0.246497219,-0.858939428,0.032670543,-0.157715293,0.327227307,0.513603707,-0.560930651,-0.42033566,1.163966306,0.406764218,0.834425522,-0.641977935,-1.625112956,3.538411314,0.40968009
3.5039,-0.327695419,0.264890788,-0.274992214,0.243617656,-0.861038932,0.038689453,-0.158664506,0.33305599,0.52199119,-0.572303623,-0.404254818,1.150043331,0.420371623,0.880107525,-0.53457663,-1.616851317,3.603046488,0.639548041
3.509,-0.32847659,0.266606027,-0.272308828,0.240687127,-0.863146526,0.044728587,-0.158512225,0.337450817,0.52378676,-0.579574132,-0.382155809,1.178799447,0.396072685,0.874761759,-0.509305735,-1.590608464,3.830484545,0.849976842
3.5141,-0.329265446,0.268465568,-0.269620791,0.237686925,-0.864998281,0.050732834,-0.160248044,0.344137229,0.520727791,-0.582456958,-0.369755332,1.194673603,0.410166069,0.668706767,-0.519511289,-1.528403184,3.812017353,1.093938177
3.5192,-0.330110122,0.270212559,-0.266779149,0.234605319,-0.866803519,0.056829204,-0.159094233,0.350125629,0.518836167,-0.601681816,-0.358491705,1.199886673,0.539922397,0.663846979,-0.801378967,-1.387955324,3.903867337,1.218348738
3.5244,-0.330824148,0.271952877,-0.264151178,0.231512691,-0.868571342,0.063417434,-0.155697217,0.351772247,0.521346077,-0.608984886,-0.339117846,1.210359418,0.482090925,0.696407556,-0.784855689,-1.267918571,4.114782117,0.590950166
3.5297,-0.331553443,0.273709273,-0.261545859,0.228417737,-0.870274851,0.069654566,-0.154525936,0.349752762,0.518680873,-0.608480003,-0.312200163,1.230306464,0.469941456,0.744519452,-0.777566008,-1.207657206,4.387902177,0.518053353
3.5349,-0.332306098,0.275513196,-0.258935383,0.225255031,-0.871746385,0.075869957,-0.148302249,0.359364985,0.510234756,-0.625068815,-0.293874658,1.237753943,0.51124965,0.746949346,-0.806238754,-1.082274687,4.469060629,0.466053626
3.5399,-0.333034483,0.277339367,-0.256394681,0.222154717,-0.873153706,0.082177976,-0.145936844,0.367631119,0.517843799,-0.634711848,-0.272054139,1.228617275,0.529230864,0.727996175,-0.767846433,-1.078872836,4.643527002,0.294017147
3.545,-0.333732025,0.279152796,-0.253803115,0.219031752,-0.87450541,0.088470826,-0.141718281,0.371753749,0.518879638,-0.635794026,-0.243989157,1.254442818,0.517567374,0.752295112,-0.871359907,-1.084704581,4.919562935,0.13656003
3.5501,-0.334448883,0.281154111,-0.251283345,0.215899889,-0.875547174,0.094779553,-0.138461446,0.375650497,0.51548148,-0.632271943,-0.22022657,1.264967344,0.555473717,0.502988011,-0.905864399,-1.143993989,4.897693891,-0.098167708
3.5553,-0.335179492,0.28304237,-0.248582566,0.212698756,-0.876513601,0.101067044,-0.135123768,0.378674937,0.507907355,-0.648977366,-0.192921003,1.259480231,0.637604126,0.455362093,-1.269376508,-1.136704307,4.958441235,-0.312484339
3.5604,-0.335821519,0.284920417,-0.246060977,0.20940904,-0.877407726,0.107722419,-0.132351673,0.37721824,0.504287446,-0.656324368,-0.165750757,1.256709374,0.603585613,0.448558391,-1.398646856,-1.013265704,5.10472084,-1.128442669
3.5655,-0.336523915,0.286807968,-0.243576196,0.206086561,-0.878196582,0.113906765,-0.126916656,0.372043441,0.491397296,-0.653264694,-0.127562352,1.257545792,0.689603853,0.463623732,-1.523543396,-0.889341121,5.273841447,-1.243619634
3.5706,-0.337201031,0.288733441,-0.241149055,0.202541814,-0.878778845,0.120106988,-0.117758678,0.378588117,0.472768103,-0.655400911,-0.097341617,1.243441984,0.751323155,0.442240667,-1.593038358,-0.458763945,5.306402024,-1.43606722
3.576,-0.337849328,0.290627465,-0.23880635,0.199241379,-0.87923511,0.126329052,-0.11153261,0.381706011,0.46818977,-0.654777546,-0.063315839,1.216030498,0.785341668,0.482090925,-1.581374868,-0.449044369,5.341878473,-1.680514534
3.5812,-0.33844959,0.292564466,-0.236477096,0.195926383,-0.879608959,0.132454545,-0.108902347,0.378582237,0.459188398,-0.646747233,-0.033160542,1.221984856,0.773192199,0.480632988,-1.618795232,-0.456334051,5.453167608,-1.832139906
3.5863,-0.338998281,0.294644251,-0.234139043,0.192616645,-0.879640004,0.138519567,-0.10454081,0.379230217,0.444290331,-0.635458749,-0.005562926,1.212404562,0.711472897,0.279923763,-1.726682516,-0.5306888,5.234963147,-1.987653107
3.5913,-0.339548589,0.296602892,-0.231742542,0.189257862,-0.879572454,0.144492062,-0.101594831,0.38074771,0.430303644,-0.646040863,0.020650039,1.187854373,0.682314172,0.28867138,-1.983765277,-0.557903611,5.077020051,-2.054232197
3.5964,-0.340041258,0.298539185,-0.229559612,0.185934574,-0.879460006,0.150822935,-0.103263657,0.379700595,0.421283659,-0.650911124,0.045308091,1.164287927,0.597753868,0.349904703,-1.973559723,-0.650239574,5.06195471,-2.744322028
3.6015,-0.340571544,0.300468804,-0.227400748,0.182612903,-0.879182526,0.156720396,-0.102775808,0.377096503,0.406908165,-0.651147042,0.079285174,1.1504993,0.611361274,0.448558391,-2.00223247,-0.775136114,4.981282237,-2.831798204
3.6066,-0.341056831,0.302416119,-0.225295379,0.179054707,-0.878787137,0.162509253,-0.09943813,0.388687485,0.389805552,-0.659052799,0.101129992,1.125219147,0.581716569,0.530202821,-2.010494109,-0.548670014,4.911301296,-2.845891588
3.6117,-0.341496612,0.304241278,-0.223401052,0.175979978,-0.878334715,0.168341389,-0.100219972,0.388667438,0.381920765,-0.657754482,0.119303435,1.087497938,0.508333778,0.822276053,-1.753897326,-1.12795669,4.972534619,-2.994601087
3.6168,-0.341988169,0.306321671,-0.221445141,0.172596319,-0.877769036,0.174009708,-0.098122731,0.390977125,0.377600463,-0.669593168,0.139591274,1.08364799,0.546726099,0.745005431,-1.680514534,-1.255283124,5.079935924,-2.985853469
3.622,-0.342491961,0.308430377,-0.219567499,0.169197593,-0.876859035,0.17950268,-0.094551832,0.404028327,0.372002716,-0.677881122,0.163026773,1.069814289,0.627884551,0.640519999,-1.562907675,-1.399132835,4.856385697,-2.839573864
3.6271,-0.342953787,0.31059278,-0.217670341,0.16560542,-0.87590363,0.184919507,-0.0924794,0.411265329,0.37030874,-0.698622744,0.18232652,1.050127727,0.668706767,0.453418178,-1.55707593,-1.264030741,4.775227245,-2.682116748
3.6322,-0.343417231,0.312686723,-0.215791688,0.161972798,-0.874955506,0.190607746,-0.088781758,0.410100365,0.361336212,-0.707005805,0.205174933,1.034207233,0.742089559,0.39412877,-1.595468252,-1.090050347,4.918104999,-3.064582028
3.6373,-0.343885833,0.314670139,-0.21391081,0.158307918,-0.873698958,0.195785722,-0.082643457,0.4132532,0.349899455,-0.705874446,0.234713572,1.03226203,0.851434778,0.534090652,-1.698009769,-0.916069953,4.764535712,-2.770564881
3.6424,-0.344266357,0.316816665,-0.212231874,0.154600566,-0.872389321,0.200829406,-0.074780807,0.420269592,0.343911249,-0.722805436,0.260430523,1.02662385,0.845117055,0.424259453,-1.544440483,-0.701267343,4.714965879,-2.409482666
3.6476,-0.344603398,0.31892972,-0.21052887,0.150979371,-0.870977955,0.205788351,-0.069802514,0.423085207,0.34143594,-0.727995446,0.287488289,1.017670955,0.797005158,0.377605492,-1.507020119,-0.631286402,4.691638899,-2.028961301
3.6527,-0.344941551,0.321079684,-0.208834766,0.147547376,-0.869502376,0.210755183,-0.064602371,0.418955043,0.33116891,-0.708288254,0.308578236,1.007268702,0.780967859,0.295475083,-1.523057418,-0.929191379,4.76161984,-1.749037539
3.6578,-0.345285368,0.323125695,-0.207082718,0.144003135,-0.867850642,0.215784508,-0.058364931,0.41887493,0.320075473,-0.716119583,0.330839149,0.986350815,0.801378967,0.406278239,-1.687804215,-1.119209072,4.755302116,-1.622197084
3.6629,-0.345583679,0.325217211,-0.2054865,0.14038558,-0.866125088,0.221082516,-0.054149672,0.415203871,0.314431826,-0.718948854,0.355139302,0.973021925,0.778051986,0.473343307,-1.671766917,-1.238759846,4.833058716,-1.970643851
3.6681,-0.345883102,0.327323794,-0.20391081,0.136712003,-0.86411437,0.22600182,-0.048867861,0.410890833,0.306101689,-0.719131023,0.38955119,0.973663052,0.786799604,0.556931653,-1.698009769,-1.335469618,4.6367233,-1.800065308
3.6732,-0.346092426,0.329464759,-0.202382546,0.132754374,-0.862039337,0.23101264,-0.043288217,0.421355924,0.291442941,-0.728061782,0.420194629,0.966004975,0.677940363,0.607473443,-1.709673259,-1.035134748,4.502593163,-1.872476142
3.6783,-0.346258267,0.331618364,-0.200958944,0.129037516,-0.859841238,0.236066235,-0.042036919,0.427630372,0.286859749,-0.739936648,0.445006396,0.94585994,0.527286949,0.645865765,-1.620739147,-1.152255628,4.343192132,-2.079017113
3.6835,-0.346483972,0.33380989,-0.199517343,0.125304075,-0.85756214,0.240966124,-0.038028008,0.429277402,0.282684073,-0.743872688,0.467966657,0.953269755,0.496184309,0.64780968,-1.642122212,-1.284441849,4.229959082,-2.137820542
3.6886,-0.346679341,0.336187784,-0.198096269,0.121461927,-0.855042876,0.245752452,-0.03643701,0.432505395,0.273951691,-0.742259797,0.500189916,0.95266114,0.435922943,0.377605492,-1.705785429,-1.312142638,3.885886123,-2.149484032
3.6937,-0.346893012,0.338398928,-0.196634442,0.11755405,-0.852458691,0.250520376,-0.033895657,0.434429579,0.261689354,-0.764528729,0.524707252,0.940188009,0.424259453,0.391698876,-1.901634868,-1.276666189,3.572429827,-2.23647423
3.6988,-0.347076853,0.340590757,-0.195335524,0.11362342,-0.849802002,0.255532309,-0.033218835,0.43545582,0.252382909,-0.778977509,0.542602278,0.925207228,0.383923216,0.455362093,-1.909896506,-1.219320696,3.28230051,-2.80604133
3.7039,-0.347280514,0.342827586,-0.194069774,0.1096757,-0.846904035,0.260198099,-0.031020801,0.432646936,0.244253943,-0.782546658,0.564296345,0.922177588,0.393642791,0.475773201,-1.948288828,-1.176554565,2.729256687,-2.949891042
3.709,-0.347456871,0.345085651,-0.192828597,0.105414501,-0.84400182,0.26477925,-0.030081502,0.443993325,0.230099884,-0.789429284,0.582237879,0.910070302,0.377119514,0.475773201,-2.025073471,-0.677454384,2.265146976,-3.105404243
3.714,-0.347599858,0.347341187,-0.191714835,0.101408737,-0.84114956,0.269366367,-0.030925064,0.450770809,0.222851803,-0.796408668,0.590189658,0.883822006,0.328521638,0.478203095,-1.979391468,-0.609903337,1.973073744,-3.390673772
3.7193,-0.347801193,0.349576398,-0.190651431,0.097460815,-0.838235312,0.27372343,-0.032578801,0.450461508,0.217100949,-0.796843691,0.590318491,0.880979784,0.3980166,0.531174779,-1.94731687,-0.659959149,1.683430407,-3.454822968
3.7245,-0.347959045,0.351993427,-0.18958469,0.093441602,-0.835196178,0.278087673,-0.034157381,0.453288495,0.208267459,-0.791375094,0.600329556,0.870260551,0.425717389,0.316372169,-2.011466066,-0.641491956,1.273750316,-3.711905729
3.7297,-0.3481261,0.354277177,-0.188498938,0.089398119,-0.832205885,0.282348569,-0.032484715,0.458832468,0.193887518,-0.810114994,0.599044992,0.845995145,0.493268436,0.322689893,-2.186904397,-0.599697783,1.004032107,-3.962670767
3.735,-0.348258267,0.356573061,-0.187545657,0.085361715,-0.82929639,0.286717363,-0.030497986,0.45999403,0.18308715,-0.815789743,0.593327671,0.816734705,0.527286949,0.317344127,-2.235016293,-0.564707313,0.935995082,-4.534181782
3.7406,-0.348352513,0.358862271,-0.186639701,0.081326423,-0.826143897,0.290665184,-0.028826146,0.454010708,0.170475078,-0.811942322,0.591436169,0.796044937,0.524857055,0.349418725,-2.299651468,-0.561791441,0.541380333,-4.608050553
3.7459,-0.348462534,0.361175751,-0.185776014,0.076999899,-0.823162807,0.29455587,-0.02418828,0.462765299,0.155311423,-0.813115256,0.587321411,0.768736478,0.568595143,0.358166342,-2.385669707,-0.123924582,0.466539605,-4.782030947
3.751,-0.348545252,0.363487714,-0.185060977,0.072955102,-0.820252301,0.298470927,-0.019399276,0.467498684,0.144676045,-0.81651113,0.579913953,0.727835534,0.586090378,0.368371896,-2.328810193,-0.142877754,0.552557844,-5.165468185
3.7561,-0.348639701,0.36577834,-0.1844054,0.068941753,-0.817339974,0.302085145,-0.01730896,0.465692981,0.13342226,-0.812015729,0.568606345,0.704397241,0.645865765,0.430091198,-2.276810466,-0.223064248,0.698837449,-5.259748063
3.7612,-0.348688138,0.36824775,-0.183759126,0.06487481,-0.814361412,0.305546567,-0.014741242,0.467606206,0.123345539,-0.80290997,0.578317707,0.676076391,0.661417085,0.226952078,-2.308885064,-0.251736995,0.781453838,-5.33118694
3.7662,-0.348746284,0.370578825,-0.183166751,0.060804328,-0.811391041,0.30889008,-0.008537505,0.472888941,0.110005786,-0.819637917,0.581081225,0.635996266,0.717304642,0.24979308,-2.351165216,-0.27700789,0.902948526,-5.41331735
3.7713,-0.348773081,0.373044089,-0.182614117,0.056439984,-0.808384872,0.312236728,-0.001599988,0.460299127,0.092698066,-0.807859518,0.577415342,0.593738785,0.743061516,0.081644431,-2.417258326,0.166204734,1.021041364,-5.684493495
3.7764,-0.348768531,0.375429164,-0.182198503,0.05235949,-0.80515138,0.315161998,0.005529709,0.451405084,0.078379941,-0.795710608,0.582852739,0.563778146,0.738687707,0.083588346,-2.351651194,0.119550774,0.827621819,-5.488644057
3.7815,-0.348732632,0.377829406,-0.181780564,0.048011528,-0.802114066,0.31807837,0.012309988,0.45718517,0.063985834,-0.790277146,0.591693762,0.53247018,0.704183216,0.070952898,-2.381295899,0.485006797,0.977789255,-5.501279504
3.7866,-0.348665386,0.380119223,-0.181511275,0.043931034,-0.799108808,0.320865709,0.018199248,0.460656613,0.052738147,-0.791559134,0.593090416,0.493749579,0.639548041,0.2264661,-2.268062849,0.438352837,1.220778632,-5.513914952
3.7917,-0.348607847,0.382470321,-0.181289311,0.039926484,-0.796039943,0.323304176,0.02029525,0.459528656,0.039385371,-0.786231325,0.590999298,0.474980983,0.615249104,0.292073232,-2.171353076,0.287699423,1.433637327,-5.191225059
3.7967,-0.348504298,0.384983011,-0.181109111,0.035914855,-0.792891192,0.325647184,0.021756613,0.46273721,0.029370782,-0.778360826,0.612403163,0.459169421,0.546726099,0.10934522,-2.096512348,0.143849711,1.569711378,-4.962815044
3.8019,-0.348412479,0.387297098,-0.18096309,0.031948225,-0.789744059,0.327907877,0.025759425,0.467886689,0.01564905,-0.799212838,0.629160488,0.443309067,0.520483246,0.241531441,-2.050830345,-0.043252109,1.738346006,-4.841320355
3.807,-0.348334412,0.389609667,-0.180898372,0.028062999,-0.78665942,0.330105471,0.027093218,0.472032161,0.007363672,-0.81275415,0.643338943,0.424114558,0.53846446,0.375175599,-1.958008403,-0.308596509,2.060063942,-4.845208185
3.8121,-0.348216402,0.391896855,-0.180863282,0.023917889,-0.783243604,0.332126403,0.029003965,0.472690686,-0.00494374,-0.800081841,0.664235641,0.397157171,0.518053353,0.564221334,-1.898718995,-0.169120607,1.90843857,-4.772311372
3.8172,-0.348061482,0.394354738,-0.180901911,0.01974952,-0.779839114,0.334153504,0.030827771,0.480225107,-0.012234515,-0.809451633,0.678670886,0.363597325,0.462165796,0.496184309,-1.799579329,-0.007289681,1.829710012,-4.891376167
3.8223,-0.347913743,0.396832339,-0.181016281,0.01564597,-0.77640904,0.335880777,0.02959251,0.482573866,-0.020161995,-0.807569631,0.681847827,0.342263611,0.444184582,0.409194112,-1.65864549,0.061233323,1.788401818,-4.72225556
3.8274,-0.347720498,0.399307817,-0.181150672,0.011520174,-0.773088684,0.337532208,0.028439331,0.476869666,-0.02594055,-0.798275822,0.692611284,0.319040144,0.38246528,0.35525047,-1.560477782,0.151139393,2.007578236,-4.635265363
3.8325,-0.347542522,0.401809081,-0.181247346,0.007666498,-0.769478714,0.339074831,0.030579265,0.484942891,-0.034709113,-0.798374549,0.712879441,0.295209641,0.366427981,0.276521911,-1.591580422,-0.206540971,1.824364246,-4.567714316
3.8375,-0.347343816,0.404143088,-0.181441096,0.003536657,-0.765828901,0.340618566,0.03324984,0.478591853,-0.043996531,-0.807830869,0.723202091,0.267917828,0.330465553,0.482576904,-1.529375141,-0.112747071,1.633860574,-4.68726509
3.8427,-0.347170492,0.406550915,-0.181686824,-0.000344322,-0.762106381,0.341856912,0.033775937,0.472512599,-0.049799895,-0.789283782,0.723363898,0.249897493,0.349904703,0.617678997,-1.448216689,-0.444184582,1.404478601,-4.513284696
3.8477,-0.347012944,0.408999697,-0.181938416,-0.004562039,-0.758547275,0.343070078,0.033270008,0.484276225,-0.055848679,-0.78257154,0.72607894,0.229358451,0.415511835,0.713416812,-1.423431773,-0.296933019,1.51819763,-4.501135227
3.8529,-0.346821519,0.411472242,-0.182286581,-0.008537466,-0.754945899,0.34432339,0.035047913,0.488573565,-0.062014898,-0.784162951,0.72304636,0.204345197,0.448558391,0.786313625,-1.305824914,-0.568595143,1.653299724,-4.744610583
3.858,-0.346603297,0.413998382,-0.182626454,-0.01255587,-0.751262817,0.345266761,0.038585522,0.49092388,-0.068292869,-0.785675487,0.71470903,0.183820419,0.455848072,0.80769669,-1.258198996,-0.798949073,1.77187854,-4.690180963
3.8631,-0.346406411,0.416551219,-0.182964607,-0.016615128,-0.747441197,0.346039033,0.041120363,0.487918272,-0.070095389,-0.777482152,0.730858905,0.161522912,0.514651501,0.834425522,-1.274236295,-1.021041364,1.757299177,-4.564312465
3.8682,-0.346182223,0.419153605,-0.183305592,-0.02073152,-0.743676509,0.346838811,0.046073119,0.50093288,-0.075114213,-0.799333847,0.744082557,0.141096034,0.547212078,0.813528436,-1.349563002,-1.188218055,1.890457356,-4.681919324
3.8734,-0.345979877,0.42173061,-0.183734048,-0.024864597,-0.739877642,0.347537365,0.050681315,0.508481053,-0.083326185,-0.813467737,0.747187549,0.109732253,0.631772381,0.848032927,-1.340815384,-1.339357448,2.05277426,-4.826255014
3.8785,-0.345695015,0.424407827,-0.184195773,-0.02910901,-0.735996562,0.348076449,0.054420824,0.509916367,-0.090972987,-0.821493214,0.746869791,0.088690685,0.606015507,0.755210985,-1.331095809,-1.352478875,2.198081908,-4.910329338
3.8836,-0.345417838,0.427110325,-0.184651229,-0.03365224,-0.731983517,0.348467287,0.056645222,0.525432624,-0.095863003,-0.836158984,0.772973654,0.068699026,0.618650955,0.638090105,-1.38941326,-0.923359634,2.216549101,-4.97593647
3.8887,-0.345100718,0.429763171,-0.185197694,-0.037955304,-0.727927596,0.348772171,0.060548069,0.533962475,-0.104208643,-0.856958389,0.790335853,0.039092981,0.592894081,0.599697783,-1.360254535,-0.880107525,2.224810739,-5.113954437
3.8938,-0.344793811,0.432394175,-0.185777935,-0.042262413,-0.723742744,0.348765093,0.06315724,0.536880437,-0.11221665,-0.866167127,0.800944453,0.010698944,0.607959422,0.613305189,-1.329637873,-0.832967586,2.109147796,-4.952123511
3.8989,-0.344491556,0.43512792,-0.186349378,-0.046628173,-0.719478006,0.348734351,0.065358068,0.533487673,-0.117712875,-0.8632436,0.833933201,-0.015854547,0.658501213,0.497156266,-1.369488131,-0.729454111,1.916700209,-4.953581448
3.9039,-0.344148347,0.437888462,-0.186965214,-0.051013146,-0.715264536,0.348624229,0.070309171,0.543943045,-0.124618973,-0.884640322,0.85268666,-0.040746646,0.669678724,0.35525047,-1.397674899,-0.607473443,1.835541757,-5.033767942
3.9093,-0.343816362,0.440599858,-0.187661948,-0.055377895,-0.711002629,0.348301952,0.075038424,0.547161731,-0.135324842,-0.893240882,0.86145843,-0.073389426,0.722650408,0.291587253,-1.348105066,-0.504931926,1.738831985,-4.97204864
3.9148,-0.343435332,0.443345637,-0.188337243,-0.059818081,-0.706691374,0.347857721,0.07650382,0.540555967,-0.143886233,-0.891283627,0.857445412,-0.094604877,0.728482153,0.194877481,-1.381151621,-0.298876934,1.656701575,-4.917133041
3.9204,-0.343001719,0.446105572,-0.189056932,-0.064522196,-0.702271413,0.347313379,0.080014968,0.548456548,-0.148146468,-0.892128744,0.877164316,-0.115162118,0.683772108,0.084560303,-1.402534686,0.315886191,1.470085733,-4.921020871
3.9255,-0.342527657,0.44880271,-0.189870159,-0.068911214,-0.697837901,0.346768227,0.084768205,0.550005775,-0.156573777,-0.893502946,0.885906102,-0.138730873,0.600183762,0.065607132,-1.334011682,0.441754688,1.301451105,-5.141169247
3.9305,-0.342066336,0.451560623,-0.19071261,-0.073270401,-0.693392962,0.345896451,0.087808877,0.54522112,-0.165392372,-0.888281615,0.881496622,-0.16822558,0.559847526,-0.04276613,-1.26840455,0.538950439,1.183844247,-5.047375347
3.9357,-0.341615229,0.454308322,-0.191534634,-0.077654363,-0.688880271,0.344958944,0.0900922,0.533665809,-0.172567873,-0.864133379,0.901133955,-0.199055416,0.560333504,-0.110317177,-1.284441849,0.659959149,1.001116235,-5.045431432
3.9408,-0.341131763,0.457065628,-0.192398018,-0.082039337,-0.684398018,0.343938012,0.094899088,0.537379877,-0.175961074,-0.864148153,0.910842838,-0.221341454,0.529716843,-0.187101821,-1.29173153,0.781939816,0.878649589,-5.118328246
3.9459,-0.34067115,0.459811305,-0.193347861,-0.086370209,-0.67989463,0.342862069,0.099432128,0.5316307,-0.184127558,-0.857846928,0.905273036,-0.247332156,0.552071865,-0.252708952,-1.215918845,0.851920757,0.766874475,-5.324383238
3.9509,-0.3401351,0.462530084,-0.19427475,-0.090685914,-0.675360603,0.341462534,0.103237074,0.520223321,-0.191088134,-0.83964056,0.888206434,-0.28221525,0.470913413,-0.26145657,-1.224180483,0.907322335,0.687659938,-5.219411827
3.956,-0.339660936,0.465240773,-0.195237436,-0.09523066,-0.670743655,0.339944079,0.10348157,0.525494781,-0.194773481,-0.827445531,0.896544104,-0.311306886,0.51124965,-0.262428528,-1.229040271,1.337899512,0.528744885,-5.124159991
3.9611,-0.33915138,0.46796218,-0.196277986,-0.099465467,-0.666146021,0.338370614,0.107338929,0.525387574,-0.203861478,-0.821960677,0.896083663,-0.330701642,0.517567374,-0.304708679,-1.15905933,1.315544489,0.419399665,-5.162066333
3.9662,-0.338565881,0.470622308,-0.197340682,-0.103675599,-0.661520174,0.336452321,0.110375155,0.520338473,-0.208585362,-0.809027835,0.881317636,-0.357778847,0.419885644,-0.257082761,-1.098797965,1.300479148,0.313942276,-4.868535166
3.9712,-0.338042775,0.47330266,-0.198384468,-0.107859945,-0.656856912,0.334558499,0.109757889,0.507986837,-0.213146321,-0.785610681,0.892276457,-0.383139041,0.444184582,-0.228895994,-1.118723094,1.26062889,0.172522458,-4.815563481
3.9764,-0.337485792,0.475980989,-0.199464051,-0.111980079,-0.652301547,0.332586308,0.112677916,0.512925523,-0.215440092,-0.789611817,0.893200765,-0.404670621,0.435922943,-0.198765311,-1.135246371,1.15905933,0.196821396,-4.842292313
3.9815,-0.336896451,0.478578319,-0.200617454,-0.116038629,-0.647752857,0.330561129,0.11237554,0.51459384,-0.224179497,-0.787708093,0.883121905,-0.422308151,0.396558664,-0.059775387,-1.080816751,1.029303003,0.258540698,-5.004123238
3.9866,-0.336317322,0.481175144,-0.201784913,-0.12001982,-0.643167358,0.328211346,0.112131676,0.510980564,-0.229702597,-0.783815063,0.868724007,-0.45362314,0.3980166,0.079700516,-1.043882365,0.825191926,0.315886191,-4.853955803
3.9916,-0.335750935,0.483748205,-0.202978056,-0.124210941,-0.638555567,0.325811002,0.112901539,0.527045442,-0.232423009,-0.786891794,0.883871819,-0.48179822,0.442726646,0.24201742,-1.013265704,1.008891895,0.347960788,-4.810217715
3.9968,-0.335159773,0.486444433,-0.204232885,-0.127993933,-0.634066842,0.323339873,0.1180534,0.526763015,-0.241245734,-0.798650439,0.893033102,-0.503382213,0.463623732,0.192933566,-0.923359634,0.614277146,0.560333504,-4.853469824
4.0019,-0.334547376,0.489167459,-0.205487612,-0.13205319,-0.629660734,0.32057751,0.121002271,0.523171243,-0.246735958,-0.78582026,0.89949849,-0.538796457,0.464109711,0.118092837,-0.864556205,0.702239301,0.914126038,-4.616798171
4.007,-0.333901608,0.49171716,-0.206751845,-0.13580898,-0.624954697,0.317833451,0.121276436,0.525237261,-0.24956936,-0.782289162,0.918439464,-0.563203913,0.432521092,0.333867405,-0.827621819,0.312484339,0.793603307,-4.583751615
4.0121,-0.333267064,0.494460411,-0.20797745,-0.139811609,-0.620244615,0.315010517,0.12215681,0.532786357,-0.254226664,-0.788546333,0.926396807,-0.577150629,0.442726646,0.239587526,-0.8898271,0.346016873,0.669192745,-4.629919597
4.0172,-0.33260724,0.497156032,-0.209294165,-0.143809789,-0.61552705,0.312171099,0.126994194,0.534141339,-0.263726723,-0.790567373,0.920555634,-0.590541895,0.428633262,0.222092291,-0.833453564,0.406278239,0.568595143,-4.877282783
4.0223,-0.331967742,0.499927596,-0.210529679,-0.147893619,-0.611042168,0.309302558,0.126842958,0.529057613,-0.260178276,-0.777234157,0.927166889,-0.608282185,0.465081668,0.100597602,-0.948144551,0.610875295,0.877677631,-5.313691705
4.0274,-0.331297401,0.502533927,-0.211899788,-0.151732733,-0.60658833,0.306229143,0.131271998,0.528723186,-0.262439584,-0.772712489,0.926786368,-0.623231888,0.471885371,0.261942549,-0.902462548,0.42523141,1.278610104,-5.677203814
4.0326,-0.33060178,0.505177672,-0.213321974,-0.155824755,-0.601713621,0.302785115,0.133608973,0.523381016,-0.27161338,-0.77345939,0.93581058,-0.662871109,0.454390136,0.387325068,-0.806724733,0.668706767,1.057975749,-5.684493495
4.0377,-0.329927495,0.507881586,-0.214606229,-0.159635049,-0.596798058,0.298908484,0.137292036,0.518375654,-0.271392576,-0.7487862,0.929417578,-0.709844601,0.488408649,0.454876114,-0.967583701,0.455362093,0.829079756,-5.18296342
4.0428,-0.329265446,0.510605724,-0.215980989,-0.163455961,-0.592124886,0.295001517,0.137180601,0.531575201,-0.269888229,-0.752805852,0.930938594,-0.742347613,0.565193292,0.502988011,-1.041452472,0.252222974,1.050200089,-4.807301842
4.0479,-0.328566488,0.513325817,-0.217432096,-0.167239458,-0.587397715,0.291459602,0.142721269,0.538089795,-0.278034034,-0.754812215,0.926466156,-0.746090695,0.606501486,0.554987738,-1.04193845,0.013121426,1.250423336,-5.247598594
4.053,-0.327838204,0.516080291,-0.218847608,-0.171113662,-0.582624229,0.287541511,0.147154343,0.537657371,-0.283859826,-0.75358801,0.919362848,-0.779248612,0.619622912,0.573940909,-1.138648222,-0.076784643,1.468141818,-5.326327153
4.0582,-0.327072505,0.519015067,-0.220299424,-0.175275154,-0.57776934,0.283571949,0.149903281,0.542756819,-0.285401108,-0.755215286,0.946407444,-0.803272753,0.596781911,0.326577723,-1.231470165,0.295475083,1.607617721,-5.541615741
4.0633,-0.326276974,0.521758823,-0.22188381,-0.17915401,-0.572880069,0.279453231,0.156574701,0.550765433,-0.293574104,-0.76236916,0.963287065,-0.823686825,0.545268163,0.386839089,-1.165863033,0.241045462,1.714047068,-5.768567819
4.0684,-0.325459197,0.524513196,-0.223430074,-0.183045606,-0.56795045,0.274991202,0.160531199,0.552380413,-0.304847621,-0.760332399,0.972828384,-0.872160339,0.47237135,0.436894901,-1.198909588,0.229867951,1.812700755,-5.665540323
4.0735,-0.324652139,0.527356659,-0.224992416,-0.18694327,-0.562590353,0.270423905,0.158957892,0.549455745,-0.311266185,-0.751657824,0.987255975,-0.909206937,0.440782731,0.370315811,-1.247507464,0.224522185,1.280554019,-5.585353829
4.0786,-0.323848721,0.530208211,-0.226598645,-0.190803013,-0.557484174,0.265801598,0.158923266,0.562429822,-0.313068704,-0.767558223,1.007759929,-0.937226649,0.443698603,0.295961062,-1.284927828,0.182728012,1.17849848,-5.638325513
4.0838,-0.323017494,0.533043584,-0.228285266,-0.194637577,-0.552395288,0.260985034,0.163690766,0.566622434,-0.32502886,-0.774168846,1.017675985,-0.957850786,0.419885644,0.237157632,-1.24507757,0.147737541,1.12406886,-5.628605938
4.0889,-0.322209121,0.535844474,-0.22993427,-0.19852341,-0.547220953,0.255835272,0.164314763,0.565943449,-0.335159015,-0.779410224,1.013700072,-1.005161911,0.449044369,0.242503399,-1.30339502,0.224036206,0.98750883,-5.298626364
4.0939,-0.321361816,0.538853575,-0.231611488,-0.202703206,-0.542009202,0.250702295,0.164128584,0.567038019,-0.341582026,-0.779987688,1.038083497,-1.041572314,0.440782731,-0.076298665,-1.365600301,0.79992103,0.814986372,-5.170813951
4.0991,-0.320486197,0.541658509,-0.233463849,-0.20657205,-0.536864799,0.245400243,0.168738846,0.569871202,-0.351444017,-0.781478598,1.051244385,-1.066078813,0.405306282,-0.074840728,-1.197451652,0.921901698,0.738201729,-4.973506577
4.1045,-0.319592881,0.544501972,-0.235233492,-0.210415714,-0.531644959,0.239613409,0.17156056,0.567727963,-0.361231264,-0.775925416,1.053112851,-1.100498453,0.352820576,-0.141419818,-1.201825461,1.050686068,0.557903611,-4.186220994
4.1096,-0.318774598,0.547365659,-0.237025281,-0.214274649,-0.526057336,0.234031247,0.173845948,0.556628548,-0.36679334,-0.756469305,1.055395032,-1.128834999,0.434465007,-0.227438057,-1.215918845,1.225152441,-0.192933566,-3.874708612
4.1153,-0.317873799,0.550225301,-0.238860957,-0.218070887,-0.520827384,0.228450602,0.172815066,0.561183287,-0.368316738,-0.757172881,1.058003571,-1.145793009,0.40579226,-0.309568467,-1.218834717,1.339357448,-0.382951259,-3.719681389
4.1204,-0.316943169,0.552999899,-0.240770958,-0.221767519,-0.515662757,0.222683082,0.176400228,0.5608839,-0.380627551,-0.748500566,1.049057626,-1.149326731,0.348446767,-0.278951805,-1.150311713,1.357824641,-0.479175052,-3.447047308
4.1255,-0.316092123,0.555767924,-0.24264688,-0.225406007,-0.510502781,0.216693093,0.179600617,0.553806518,-0.385572458,-0.731815093,1.023731086,-1.179969635,0.429605219,-0.24201742,-1.176554565,1.320404277,-0.539922397,-2.960582574
4.1305,-0.315164122,0.558731014,-0.244564162,-0.229289817,-0.505340783,0.210738396,0.179723643,0.549184058,-0.387317705,-0.715603814,1.028831555,-1.19430596,0.40579226,-0.516595416,-1.194049801,1.704813472,-0.602613656,-2.632060936
4.1358,-0.314212863,0.561476792,-0.246663667,-0.232981292,-0.500226818,0.204734452,0.184806446,0.5472087,-0.392834706,-0.710270197,1.021443827,-1.197958139,0.359624279,-0.458277966,-0.974387403,1.842345459,-0.619136934,-2.349221301
4.1409,-0.313292042,0.564247952,-0.248681464,-0.236561027,-0.495101224,0.198271312,0.186008223,0.541392531,-0.398539854,-0.694447822,1.00188238,-1.207054932,0.373717662,-0.455362093,-0.926275507,1.872476142,-0.646837723,-1.438983093
4.146,-0.312342906,0.567026191,-0.250716352,-0.240156639,-0.489673678,0.192137729,0.18681954,0.527982919,-0.400317661,-0.674395415,0.989917681,-1.212330547,0.360596236,-0.459249923,-0.892742973,1.979877447,-1.150797691,-1.124554839
4.151,-0.31140449,0.569787238,-0.252742947,-0.243623824,-0.484590555,0.18609101,0.184373098,0.531817316,-0.396133748,-0.67507841,0.985916618,-1.206833423,0.388783004,-0.446614476,-0.929191379,1.963840148,-1.137676265,-1.017639513
4.1561,-0.310434725,0.572506826,-0.254841339,-0.246988472,-0.479602589,0.18,0.188150441,0.528652282,-0.404759021,-0.664082144,0.968481862,-1.193202083,0.386839089,-0.39412877,-0.896630803,1.880251802,-1.002088192,-0.930163337
4.1612,-0.309489332,0.57516665,-0.256937102,-0.250340176,-0.474553342,0.173845283,0.189188468,0.52283446,-0.410505622,-0.650550114,0.944093578,-1.214573169,0.439324794,-0.253194931,-0.89760276,1.846233289,-0.956406189,-0.781453838
4.1663,-0.308511579,0.578009404,-0.25900182,-0.253878046,-0.469549601,0.167787339,0.190890389,0.521445776,-0.411706063,-0.636145777,0.952455935,-1.222489059,0.46070786,-0.412109984,-0.990424702,2.177184821,-0.866986099,-0.787771562
4.1714,-0.307460411,0.580622712,-0.261226009,-0.257091415,-0.464657094,0.161765497,0.195057779,0.524888061,-0.419625986,-0.627494748,0.95779779,-1.219611433,0.380521365,-0.2264661,-0.867958056,2.07221341,-0.670650682,-0.890799058
4.1764,-0.306489332,0.583249267,-0.263338659,-0.26016574,-0.459872889,0.155351603,0.199032988,0.526883052,-0.431136028,-0.617740158,0.953112784,-1.228816964,0.439324794,-0.084560303,-0.945714657,1.833597842,-0.339213171,-0.399960515
4.1816,-0.305485893,0.585814036,-0.265601679,-0.263220042,-0.454850945,0.148990494,0.197797727,0.527850053,-0.430810398,-0.607499176,0.963234337,-1.217438743,0.467025583,0.147737541,-0.816930287,1.637748404,-0.422315538,-0.021869044
4.1866,-0.304492163,0.588559713,-0.267749014,-0.266400748,-0.449825867,0.142618465,0.200816068,0.534905929,-0.431481437,-0.602484896,0.955588579,-1.18735226,0.535062609,0.08213041,-0.923359634,1.718420877,-0.539436418,0.304708679
4.1917,-0.303428051,0.591300839,-0.269936798,-0.269282334,-0.445129032,0.136529882,0.207563883,0.532638328,-0.447687954,-0.609619939,0.962720123,-1.169446421,0.504445947,0.020897086,-0.990910681,1.418571985,-0.155027223,0.110803156
4.1968,-0.302392355,0.594063202,-0.272213672,-0.272435737,-0.440470118,0.130468096,0.211491126,0.527090638,-0.450088616,-0.593216479,0.965312746,-1.194179047,0.532146737,-0.060747344,-0.941826827,1.628028829,0.265830379,-0.108859241
4.202,-0.301273637,0.59680989,-0.274521792,-0.275487511,-0.435502073,0.124561634,0.212126082,0.536777385,-0.450018951,-0.592089324,0.98003071,-1.217095423,0.449044369,-0.127326434,-0.89371493,1.739803942,0.172522458,-0.508819756
4.2071,-0.300129639,0.599519668,-0.276878451,-0.278465062,-0.430473152,0.118304075,0.217436007,0.537402718,-0.462637001,-0.579535254,0.984802754,-1.203295984,0.341643065,-0.158429074,-0.798949073,1.811242819,-0.041308194,-0.354278512
4.2122,-0.299018101,0.602233997,-0.279218829,-0.281402771,-0.425428051,0.112032865,0.218580098,0.529246172,-0.46638623,-0.561970232,0.972018792,-1.224324673,0.29644704,-0.193905523,-0.750837176,1.875392015,-0.270690166,-0.186615842
4.2173,-0.297925372,0.604808474,-0.281621903,-0.284093437,-0.420407726,0.105798058,0.216758164,0.530080744,-0.464337902,-0.55500448,0.985065742,-1.224690324,0.30033487,-0.001943915,-0.642463914,1.609075657,-0.47625918,-0.053943642
4.2224,-0.29689554,0.607553241,-0.283898675,-0.286897866,-0.415412074,0.09952432,0.216905172,0.536171272,-0.464742844,-0.552844888,0.983773403,-1.21055862,0.426689347,-0.09768173,-0.779509923,1.607131742,-0.689117874,0.116148922
4.2276,-0.295794823,0.610283851,-0.286313682,-0.289683284,-0.410386996,0.093605825,0.222424336,0.532280113,-0.474442421,-0.542742434,0.967343797,-1.212439795,0.453904157,-0.179812139,-0.721678451,1.648925915,-0.961265977,-0.303250743
4.2327,-0.294627263,0.613027101,-0.288716958,-0.292489129,-0.405674487,0.087334109,0.225181439,0.524607894,-0.476496556,-0.523171049,0.961771492,-1.23035132,0.385867131,-0.274092018,-0.706127131,1.772364519,-0.746949346,-0.135102094
4.2378,-0.293478006,0.615747093,-0.291184447,-0.29519638,-0.400748508,0.081046617,0.22475718,0.531808908,-0.4739241,-0.51879916,0.967912563,-1.229855622,0.366427981,-0.346016873,-0.628856509,1.801037265,-0.923845613,0.079214537
4.2429,-0.292392153,0.618300435,-0.293524118,-0.29784053,-0.396181717,0.074764789,0.226086526,0.522627676,-0.47497588,-0.50280125,0.94099782,-1.210865346,0.469941456,-0.164746798,-0.798463094,1.800065308,-0.53846446,0.257082761
4.248,-0.291221256,0.620896754,-0.295889979,-0.300448377,-0.391225908,0.068867125,0.226267237,0.508549212,-0.473140824,-0.487654142,0.924082236,-1.205282713,0.46070786,-0.024784916,-0.973901425,1.79520552,-0.744033474,-0.213344673
4.2532,-0.290052483,0.623512792,-0.298311862,-0.302928304,-0.38631712,0.062532713,0.224583005,0.513782012,-0.46846566,-0.489866828,0.933218588,-1.21265348,0.484520819,0.096223793,-1.126498754,1.667393108,-0.904406463,0.015065341
4.2583,-0.288850844,0.626166346,-0.30081262,-0.305399939,-0.381658509,0.056196784,0.230428017,0.515796856,-0.48181987,-0.487824259,0.916800355,-1.204129219,0.476745158,0.150167435,-1.203283397,1.624626977,-0.700295386,0.244933292
4.2634,-0.287679138,0.628784407,-0.303317322,-0.307837395,-0.37697209,0.05029457,0.234874115,0.514576272,-0.491210146,-0.483094787,0.896824878,-1.208505943,0.528744885,0.26923223,-1.30728285,1.611019572,-0.52291314,-0.221120333
4.2685,-0.28647204,0.63161169,-0.305853777,-0.310314592,-0.372316513,0.044333603,0.235158826,0.516765412,-0.497085046,-0.470644303,0.910443509,-1.207300351,0.546726099,0.063177238,-1.411768283,1.728626431,-0.315886191,-0.599697783
4.2736,-0.285179897,0.634278896,-0.308613004,-0.312665891,-0.3676937,0.038287693,0.239144581,0.524655034,-0.50886398,-0.471738022,0.917608343,-1.195798911,0.451960242,0.103999454,-1.209115142,1.72522458,-0.108373262,-0.896630803
4.2787,-0.283963293,0.636933967,-0.311227728,-0.315019011,-0.363051572,0.031761149,0.244033964,0.525399359,-0.523155522,-0.464656072,0.91767864,-1.197025813,0.4918105,0.156485159,-1.269376508,1.816588585,0.049569833,-0.483548861
4.2838,-0.282716857,0.639658408,-0.31390363,-0.317453939,-0.358033977,0.025601982,0.244791217,0.521219261,-0.529818266,-0.449120571,0.919306741,-1.210002685,0.502988011,0.111289135,-1.270834444,2.110605732,-0.401418451,-0.671622639
4.2889,-0.281474062,0.642374254,-0.316625442,-0.319755385,-0.353317221,0.019414501,0.244662311,0.532867613,-0.53139935,-0.442626631,0.929993876,-1.209748591,0.548670014,0.074354749,-1.259170954,2.276324487,-0.408222154,-0.832481607
4.2939,-0.280202953,0.645060269,-0.319411973,-0.321887956,-0.348573465,0.013131459,0.253093848,0.535926266,-0.548977906,-0.43541111,0.931584654,-1.20138096,0.567137207,0.066093111,-1.185302183,2.279726339,-0.502988011,-0.90149059
4.299,-0.27891263,0.647742239,-0.322184245,-0.324058853,-0.343801294,0.006826676,0.257300212,0.536875383,-0.560840161,-0.420900392,0.919371231,-1.23338667,0.567137207,0.061719302,-1.156143458,2.443987158,-0.656071319,-0.949602487
4.3044,-0.277637577,0.650610173,-0.324966023,-0.32622702,-0.339092325,0.000517241,0.260719559,0.538817135,-0.567784093,-0.405419053,0.933494551,-1.252565312,0.61281921,-0.245419271,-1.148853776,2.698640025,-0.748407282,-0.962237934
4.3095,-0.276233391,0.653255739,-0.328001011,-0.328209627,-0.334497118,-0.005824047,0.265083575,0.542066,-0.575686132,-0.398739542,0.938358178,-1.255129311,0.47237135,-0.21480261,-0.774164156,2.77493869,-0.731398026,-0.944256721
4.3146,-0.274903731,0.655925675,-0.330836788,-0.330189605,-0.329817676,-0.012593892,0.269920546,0.540186477,-0.581364502,-0.382411118,0.929988044,-1.265011349,0.465567647,-0.238615569,-0.745977389,2.972732043,-0.888369164,-0.266316358
4.3198,-0.273545252,0.658605724,-0.333674992,-0.33209192,-0.32489999,-0.018945293,0.270194711,0.529408465,-0.582602363,-0.361044138,0.923848602,-1.28212407,0.431063156,-0.272148103,-0.746463367,3.157889949,-1.460366158,-0.238615569
4.325,-0.272193447,0.66127566,-0.336593083,-0.333796542,-0.320372232,-0.025316008,0.269186986,0.534482059,-0.575973345,-0.3486354,0.92125017,-1.284720728,0.433979028,-0.295961062,-0.670164703,3.153030161,-1.47154367,-0.161344947
4.3302,-0.270818384,0.663956315,-0.339564769,-0.335435737,-0.315900496,-0.03173425,0.276413854,0.533367224,-0.585074464,-0.33085368,0.912468583,-1.268751685,0.414539878,-0.361082215,-0.54235229,3.178301056,-1.459880179,-0.038392322
4.3352,-0.269431186,0.666577713,-0.342507028,-0.337119426,-0.311339468,-0.038143897,0.279194527,0.526483262,-0.588419067,-0.311039646,0.889515077,-1.289568342,0.383437238,-0.338241213,-0.473829286,3.401365305,-1.627056871,0.076298665
4.3403,-0.268052685,0.669387602,-0.345398524,-0.33875134,-0.306871473,-0.044529882,0.274784003,0.520859686,-0.584741496,-0.286228511,0.891505501,-1.294476946,0.391698876,-0.62059487,-0.516109438,3.667681662,-1.704813472,0.199251289
4.3454,-0.266581555,0.672019719,-0.348534634,-0.340165841,-0.302442209,-0.051003539,0.274832285,0.519119201,-0.583985288,-0.266891562,0.881696019,-1.284882923,0.279923763,-0.639062063,-0.199251289,3.725027156,-1.807354989,0.46848352
4.3505,-0.265183436,0.674625038,-0.351498938,-0.341490646,-0.29805582,-0.057852159,0.276454603,0.508695564,-0.585521492,-0.245265094,0.862749968,-1.277755292,0.30033487,-0.631772381,-0.1715505,3.789176351,-1.899690953,1.346161151
4.3556,-0.263758014,0.677231368,-0.354489028,-0.342774396,-0.293412377,-0.064191728,0.274615198,0.495999054,-0.579750299,-0.222923145,0.842164539,-1.271537072,0.294503125,-0.625454657,-0.119064795,3.93788585,-2.456136627,1.455506371
4.3611,-0.262343816,0.679803822,-0.357440489,-0.3438018,-0.289090909,-0.070504095,0.272647397,0.499876143,-0.567539573,-0.207108497,0.828646457,-1.255325793,0.330465553,-0.586576357,-0.165718755,3.84020412,-2.579089252,1.569711378
4.3662,-0.260913945,0.682364243,-0.360419759,-0.344764385,-0.284917585,-0.076845889,0.280172511,0.49868863,-0.574489798,-0.186706647,0.809208109,-1.222157791,0.35136264,-0.567137207,-0.185643884,3.804241693,-2.559650102,1.743205793
4.3712,-0.259482556,0.684900394,-0.36339549,-0.345677824,-0.28071261,-0.083108302,0.284666988,0.489277894,-0.575641228,-0.165861925,0.780626678,-1.224680094,0.37080179,-0.524371076,-0.208970865,3.845063908,-2.663649555,1.840401544
4.3763,-0.25803246,0.687564263,-0.366301244,-0.346546162,-0.27666488,-0.089280311,0.28595612,0.485083728,-0.57238585,-0.142360794,0.77688311,-1.211386971,0.372259726,-0.697379513,-0.361568194,3.966558597,-2.616509616,1.881709739
4.3814,-0.256464354,0.690031651,-0.369428355,-0.347166245,-0.27268561,-0.095379513,0.288289474,0.486700142,-0.575034094,-0.123411097,0.770947925,-1.186403629,0.198279332,-0.588520272,-0.177382246,3.849437717,-2.596584487,1.853036992
4.3865,-0.255027,0.692495601,-0.372356356,-0.347726059,-0.268800182,-0.101793002,0.289061816,0.484236011,-0.583393779,-0.103976661,0.7592371,-1.169366454,0.242989377,-0.50736182,-0.308596509,3.798409947,-2.54847259,2.374492196
4.3916,-0.253622105,0.694929214,-0.375237739,-0.348237739,-0.264811002,-0.107720902,0.29119689,0.480698401,-0.586011115,-0.081966246,0.751012396,-1.164470534,0.349904703,-0.397044643,-0.515623459,3.825138779,-2.786116201,2.212175292
4.3967,-0.252193447,0.697299626,-0.378059763,-0.348506219,-0.26124593,-0.11349459,0.292054521,0.495457916,-0.588030721,-0.064570223,0.754471811,-1.152048163,0.433979028,-0.225980121,-0.841715203,3.618111829,-2.492099055,1.901634868
4.4018,-0.250643746,0.699759834,-0.381110729,-0.348784306,-0.2573694,-0.119271514,0.295814393,0.49311805,-0.599605788,-0.042632899,0.725005048,-1.132646628,0.33969915,-0.23424176,-0.823733989,3.575345699,-2.807499266,1.656215596
4.4069,-0.249167054,0.702276267,-0.384194054,-0.349036505,-0.253763677,-0.125400748,0.295874047,0.483278608,-0.60459018,-0.022170059,0.70601815,-1.120687808,0.377605492,-0.327549681,-0.774650135,3.631719235,-2.769592924,2.028475323
4.412,-0.24765042,0.704779047,-0.387299019,-0.349061179,-0.250372839,-0.131045404,0.293276053,0.486849702,-0.599802123,-0.00385697,0.712123428,-1.122744908,0.377119514,-0.407736175,-0.735771835,3.46940233,-2.52514561,1.717934898
4.4171,-0.246110021,0.707239357,-0.390448984,-0.348965719,-0.246810294,-0.13658196,0.299845125,0.485753577,-0.612888267,0.016247558,0.697353538,-1.121458449,0.353792533,-0.447100454,-0.653641425,3.253627763,-2.693780238,1.334497661
4.4222,-0.244562039,0.709732127,-0.393610577,-0.348859541,-0.243287491,-0.14240358,0.302935416,0.476604492,-0.618609331,0.033096392,0.669158946,-1.130077696,0.323175872,-0.548670014,-0.560333504,3.151572225,-2.886227825,1.504104246
4.4272,-0.242991303,0.712065325,-0.39677207,-0.348701588,-0.239928001,-0.14808919,0.30228486,0.473632465,-0.614150427,0.051892666,0.659474434,-1.122252563,0.270690166,-0.403848345,-0.498128224,3.092768796,-2.921704274,1.542982546
4.4324,-0.241496107,0.714501466,-0.399750531,-0.348356052,-0.236618768,-0.153851451,0.305293895,0.477326681,-0.615739359,0.068610311,0.641165694,-1.100454204,0.352820576,-0.450988284,-0.766874475,2.853667248,-3.001890768,1.74855156
4.4374,-0.23989908,0.716946304,-0.402954394,-0.347980483,-0.233278795,-0.159199919,0.311735397,0.472833856,-0.626482332,0.085598597,0.614845863,-1.093858963,0.275063975,-0.537492503,-0.694949619,2.678714896,-3.235646549,1.339357448
4.4425,-0.238421681,0.719379007,-0.405978764,-0.347622004,-0.230261199,-0.164558196,0.306672762,0.462898992,-0.618517359,0.096113646,0.598124597,-1.086192623,0.405306282,-0.612333231,-0.950574444,2.644210405,-3.066525943,1.001602214
4.4477,-0.236799474,0.721649611,-0.409293761,-0.347079482,-0.227294367,-0.169982405,0.305735747,0.459443877,-0.61910673,0.106414598,0.581850238,-1.069099536,0.334353383,-0.438352837,-0.802836903,2.432809647,-2.941629403,0.789229498
4.4528,-0.235245222,0.723955203,-0.412471837,-0.346517545,-0.224365659,-0.175777025,0.308260455,0.451948433,-0.626922653,0.118973018,0.564519871,-1.059775839,0.390726919,-0.329007617,-0.910724186,2.295763638,-2.873106398,1.180928374
4.4579,-0.233664678,0.72627293,-0.415658408,-0.345990393,-0.221320558,-0.181198402,0.309176185,0.442720887,-0.629498025,0.127289621,0.545144992,-1.063676596,0.421829559,-0.231325887,-1.041452472,2.316174745,-3.102488371,1.027845066
4.4631,-0.232086763,0.728573971,-0.418890383,-0.345303974,-0.218534432,-0.186619476,0.305563224,0.450363121,-0.627124165,0.137990436,0.538533809,-1.060792433,0.486464734,-0.117606859,-1.159545309,2.183502545,-3.05194658,0.93648106
4.4682,-0.230474972,0.730886237,-0.42218202,-0.344516534,-0.215822328,-0.192143493,0.312998918,0.452887514,-0.647115775,0.146111651,0.522055898,-1.045250638,0.518539331,-0.045682003,-1.220292653,1.984737235,-3.023273834,1.037078663
4.4733,-0.22884953,0.733228941,-0.425547578,-0.343728385,-0.213062696,-0.197571443,0.318697651,0.455364766,-0.660096584,0.152288319,0.505287493,-1.062262859,0.537492503,-0.034018513,-1.178984459,1.878307887,-3.195310313,1.045340302
4.4784,-0.227240368,0.735745475,-0.428926181,-0.342904035,-0.210541713,-0.202940944,0.319966833,0.457231775,-0.66531534,0.16118766,0.503456106,-1.069094287,0.603099635,-0.313456297,-1.156143458,1.79909335,-3.13796482,1.059433685
4.4836,-0.225498534,0.738078673,-0.432559005,-0.341968955,-0.208040955,-0.208344625,0.324703838,0.461285956,-0.674796688,0.172297328,0.495249383,-1.067156034,0.479175052,-0.323661851,-0.76493056,1.613449466,-3.216207399,1.199395567
4.4887,-0.223838811,0.74037294,-0.435975427,-0.341126302,-0.205583274,-0.214083426,0.332471892,0.461301458,-0.68549862,0.18078553,0.480901783,-1.061091432,0.496184309,-0.29644704,-0.736743792,1.640664276,-3.377066367,1.940513168
4.4938,-0.222210031,0.742706239,-0.439374558,-0.340217514,-0.20310537,-0.219385782,0.336101716,0.453805187,-0.689335617,0.185677927,0.46029835,-1.059921681,0.573940909,-0.337755235,-0.756182942,1.63531851,-3.712391708,2.07610124
4.4989,-0.220489635,0.745012741,-0.442847002,-0.339198503,-0.20087926,-0.224678835,0.335069181,0.459969318,-0.683108431,0.195110799,0.449016013,-1.046976422,0.532632715,-0.353306555,-0.705155173,1.524029375,-3.805699629,2.295763638
4.504,-0.218739913,0.747267671,-0.44636394,-0.338179695,-0.198688037,-0.229950854,0.343419876,0.461908276,-0.696737001,0.202703124,0.432170167,-1.02371918,0.463137753,-0.319288042,-0.611361274,1.474945521,-4.020502238,2.557220208
4.5091,-0.217023157,0.749550005,-0.449839822,-0.337160077,-0.196515017,-0.235041359,0.346094897,0.456358617,-0.702726227,0.2099635,0.406434821,-1.028267892,0.456334051,-0.342615022,-0.588034293,1.48709499,-4.372836836,2.644210405
4.5145,-0.215273536,0.751965113,-0.453348569,-0.336124987,-0.194622105,-0.240098898,0.346567342,0.452797851,-0.70461909,0.212077605,0.387963449,-1.017648843,0.417941729,-0.586576357,-0.533118694,1.546384398,-4.455939203,2.823536565
4.5197,-0.213399838,0.754198908,-0.457128324,-0.334979674,-0.192839013,-0.245076752,0.348912068,0.451645279,-0.707179566,0.221091588,0.366235558,-0.996751927,0.198279332,-0.563249377,-0.062691259,1.499730437,-4.557508762,2.988283363
4.5258,-0.211658914,0.756438871,-0.460665386,-0.333840631,-0.191057842,-0.250274345,0.350488899,0.448983282,-0.710163063,0.230676838,0.338431814,-0.972957727,0.199251289,-0.576856782,0.01943915,1.521113503,-4.84326427,3.612280084
4.5309,-0.209903833,0.758709273,-0.464156841,-0.332697239,-0.189360198,-0.255056426,0.350364123,0.437551191,-0.705955775,0.236176271,0.301505763,-0.958818637,0.186615842,-0.650725553,0.026728832,1.60032804,-5.172757866,3.712877687
4.536,-0.20816756,0.760947315,-0.467691273,-0.331402063,-0.18791172,-0.259792901,0.345862624,0.438643476,-0.691865112,0.245900876,0.271907883,-0.933567934,0.223064248,-0.693491683,0.075326707,1.50264631,-5.293766576,3.893661783
4.541,-0.206417636,0.763131257,-0.47123784,-0.330115684,-0.186640409,-0.264570331,0.352876221,0.43444445,-0.698352613,0.255900156,0.239432159,-0.896933422,0.246391229,-0.684258087,0.135588073,1.4754315,-5.337504664,4.268837382
4.5461,-0.2046216,0.765327435,-0.47470897,-0.328830519,-0.185480938,-0.269092932,0.355041377,0.428031061,-0.698499718,0.26158691,0.200832203,-0.882901733,0.194391502,-0.717790621,0.092335963,1.511393927,-5.39776603,4.399079688
4.5512,-0.202853474,0.767628577,-0.478192234,-0.327525331,-0.184631914,-0.273456062,0.352200856,0.423064553,-0.690137968,0.264312497,0.170617154,-0.859885026,0.200223247,-0.945228678,0.060747344,1.590122486,-5.15963644,4.469060629
4.5562,-0.200967337,0.769723632,-0.481939428,-0.326114471,-0.183777632,-0.277795429,0.352479152,0.420418471,-0.684459088,0.276123069,0.145680393,-0.826438485,0.030616662,-0.881565461,0.437866858,1.567281484,-5.143599141,4.671227791
4.5613,-0.199222065,0.771859844,-0.485434827,-0.324666801,-0.182970776,-0.282220447,0.353358384,0.412614746,-0.681358252,0.286884971,0.118372445,-0.789861027,0.089420091,-0.919471804,0.417941729,1.540066674,-5.268009702,5.172757866
4.5665,-0.197416018,0.773967742,-0.488873496,-0.323164122,-0.182340075,-0.2861982,0.3500998,0.398785516,-0.673396364,0.29037442,0.084124818,-0.764137661,0.058803429,-0.930163337,0.312484339,1.49098282,-5.316121599,5.151374801
4.5715,-0.195624229,0.776028618,-0.492341996,-0.321563859,-0.182026899,-0.290047426,0.342301566,0.398144145,-0.658090488,0.301120504,0.055348072,-0.732207569,0.072896813,-0.895658845,0.235699696,1.348105066,-5.059038837,5.130477714
4.5766,-0.193815249,0.778064819,-0.495807463,-0.320034685,-0.181756093,-0.293803519,0.34578562,0.395462709,-0.666146752,0.310748448,0.032880399,-0.692957884,0.070466919,-0.868444035,0.15599918,1.366572258,-4.947263724,5.14408512
4.5817,-0.192055415,0.780089999,-0.499180301,-0.318464658,-0.181483062,-0.297231975,0.345737654,0.390292648,-0.670926134,0.314845759,0.009054853,-0.679447213,0.146279605,-0.861640332,-0.043738088,1.376777812,-5.054665029,4.842778292
4.5868,-0.190282941,0.78220093,-0.502546061,-0.316881687,-0.181547275,-0.300587218,0.34594524,0.386662095,-0.67057465,0.317176853,-0.012789965,-0.661929914,0.209942822,-1.03027496,-0.250279059,1.436553199,-4.837918504,4.657134407
4.5918,-0.188410658,0.784090606,-0.506154515,-0.315208211,-0.181660431,-0.303801294,0.350867597,0.385741603,-0.676633445,0.32998006,-0.031588741,-0.644660829,0.115662944,-0.893228951,-0.068523004,1.409338389,-4.760161903,4.459827033
4.5969,-0.186699464,0.785953585,-0.509528972,-0.313562241,-0.181919304,-0.307031247,0.358318794,0.384242504,-0.691742694,0.341093034,-0.049444499,-0.627652982,0.26923223,-0.761528709,-0.235699696,1.470571712,-4.666368004,4.494817503
4.6019,-0.184877338,0.787764486,-0.513049348,-0.311903327,-0.182344221,-0.310106785,0.353641759,0.37937307,-0.683010336,0.339780357,-0.075594603,-0.602131006,0.254166889,-0.579772654,-0.169606585,1.581374868,-4.505995014,4.474406395
4.607,-0.183118111,0.789677824,-0.516414096,-0.310126605,-0.182813631,-0.313169683,0.354984129,0.378844179,-0.684930074,0.350419549,-0.098872961,-0.566510319,0.361568194,-0.58949223,-0.377119514,1.578944974,-4.457883118,4.596873042
4.6121,-0.181253514,0.791598847,-0.519964809,-0.308313075,-0.183247952,-0.315953989,0.361979016,0.374003175,-0.697239843,0.362772133,-0.117552332,-0.549258291,0.305680637,-0.637604126,-0.281867678,1.572141272,-4.660536259,4.451565394
4.6172,-0.179431995,0.793547275,-0.523507433,-0.306399939,-0.183828496,-0.318708059,0.364428567,0.363790016,-0.698326661,0.366756867,-0.131741988,-0.532209403,0.322203914,-0.743061516,-0.194391502,1.469599755,-4.846666122,4.463228884
4.6223,-0.177535039,0.795455759,-0.527090505,-0.304478916,-0.184701183,-0.321357872,0.362053249,0.363403371,-0.687910995,0.37457714,-0.155016215,-0.506553346,0.235213717,-0.810126584,-0.068037026,1.421487858,-4.783002905,4.498705333
4.6274,-0.175628982,0.797354738,-0.530684195,-0.302438467,-0.185547376,-0.324029022,0.369213125,0.357423135,-0.696489322,0.388605379,-0.181920364,-0.475409349,0.139475903,-0.899060696,0.068523004,1.227582335,-4.961843086,4.740722753
4.6325,-0.17378016,0.799209222,-0.534201942,-0.300428051,-0.186561634,-0.326399333,0.371233655,0.349031084,-0.697160555,0.392979017,-0.208828546,-0.457483706,0.129756328,-0.945228678,0.101083581,1.124554839,-5.072160264,4.693582814
4.6376,-0.171911113,0.800911821,-0.537732329,-0.298428961,-0.187755587,-0.328692284,0.365719254,0.34686809,-0.687756235,0.395756702,-0.235007395,-0.432494849,0.100597602,-0.783397753,0.145793626,1.094424156,-5.102776925,4.727115348
4.6426,-0.170114572,0.80260542,-0.541039236,-0.296537971,-0.189040044,-0.33089008,0.366253515,0.343421139,-0.687458816,0.400240852,-0.261150476,-0.401620667,0.20313912,-0.64392185,-0.179326161,1.292217509,-5.201430613,4.793208459
4.6478,-0.168346446,0.804310749,-0.544411467,-0.294587926,-0.190459602,-0.332777429,0.365562331,0.337909727,-0.686773318,0.399466153,-0.291808811,-0.385413689,0.363998087,-0.546726099,-0.410652048,1.464253988,-5.294252555,4.560910614
4.6529,-0.166532309,0.806131661,-0.547835777,-0.292428355,-0.192177976,-0.33462797,0.360778405,0.333907741,-0.681213333,0.406202815,-0.330935373,-0.36604034,0.480632988,-0.653641425,-0.591922123,1.372889982,-5.099861053,4.479266183
4.658,-0.164572353,0.807809283,-0.551560926,-0.29037031,-0.194147639,-0.336418344,0.361862745,0.334369834,-0.681306689,0.414087286,-0.37377807,-0.343269052,0.395100728,-0.560819483,-0.329007617,1.503132289,-4.66393811,4.494817503
4.663,-0.162689453,0.809489534,-0.555068157,-0.288265345,-0.195992618,-0.338171301,0.36822134,0.331608284,-0.68633708,0.42238982,-0.397520805,-0.314158196,0.445642518,-0.501530075,-0.430577177,1.619281211,-4.595901084,4.629433618
4.6682,-0.1607838,0.811196178,-0.558606229,-0.28614592,-0.198111134,-0.33967206,0.368705156,0.324615463,-0.684344056,0.428621793,-0.428655495,-0.29750142,0.474315265,-0.498614202,-0.502502032,1.78354203,-4.264949552,4.552648975
4.6733,-0.158878754,0.812865912,-0.562202953,-0.283768834,-0.200324401,-0.341139043,0.366595109,0.328572569,-0.680742055,0.439335316,-0.455854779,-0.277651083,0.53457663,-0.460221881,-0.518053353,1.607131742,-3.935941935,4.629433618
4.6783,-0.156947922,0.814533219,-0.565807766,-0.281490242,-0.202579735,-0.34255041,0.377520956,0.327972142,-0.69970463,0.450440125,-0.477492205,-0.248122577,0.570053079,-0.450502306,-0.525829013,1.649411894,-3.690522664,4.807787821
4.6834,-0.155005966,0.816167155,-0.569385782,-0.27916574,-0.20489281,-0.343662453,0.382601281,0.32583872,-0.710455768,0.461189003,-0.489545742,-0.225558559,0.594837996,-0.408708133,-0.559361547,1.678570619,-3.513626397,4.698442601
4.6885,-0.153077258,0.817916675,-0.572980483,-0.276816159,-0.207439478,-0.344745778,0.38532665,0.323420489,-0.713082823,0.462822815,-0.509575113,-0.20433453,0.663361,-0.571025037,-0.576856782,1.745635687,-3.112207946,4.747526456
4.6936,-0.150966225,0.819568005,-0.576840631,-0.274356861,-0.210045505,-0.345717262,0.389667096,0.325997805,-0.718725109,0.479684139,-0.520716225,-0.175692595,0.463623732,-0.607959422,-0.184185948,1.707243366,-2.746751922,4.813133588
4.6987,-0.14893781,0.821215391,-0.580447467,-0.271873395,-0.212662757,-0.346554556,0.397476605,0.3220779,-0.727277801,0.49552605,-0.528102324,-0.142202632,0.405306282,-0.672108618,-0.190017693,1.676626704,-2.494528948,4.842778292
4.7038,-0.146949944,0.822830923,-0.584049752,-0.269348569,-0.215280109,-0.347232379,0.40167325,0.314685313,-0.727391933,0.504351886,-0.534663256,-0.122693234,0.416969772,-0.705641152,-0.200223247,1.637262425,-2.366230557,4.81216163
4.7089,-0.144930226,0.8243964,-0.58769097,-0.266586308,-0.218046617,-0.347908383,0.399616855,0.316902664,-0.7187705,0.515371406,-0.552998554,-0.102398056,0.3980166,-0.691061789,-0.173008437,1.276666189,-2.094568433,4.996833557
4.7139,-0.142894327,0.825991405,-0.591336232,-0.264030943,-0.220849328,-0.348403175,0.409455058,0.315775315,-0.731979864,0.520174893,-0.557513831,-0.072926093,0.363512109,-0.766874475,-0.141905796,1.300965127,-1.85012112,5.100347032
4.7195,-0.140857923,0.82753332,-0.594991708,-0.261432703,-0.223718071,-0.348581454,0.41248115,0.310749881,-0.738674537,0.525922223,-0.555027297,-0.046722848,0.328521638,-0.791659392,-0.069980941,1.31505851,-1.60421587,4.899637806
4.7247,-0.138846395,0.829176155,-0.598645161,-0.258779452,-0.226715745,-0.348683386,0.41237788,0.303371557,-0.73531154,0.526337201,-0.563174244,-0.022195986,0.348446767,-1.006462001,-8.46E-13,1.30728285,-1.234386037,4.780573011
4.7298,-0.136665184,0.830711194,-0.602546365,-0.256050359,-0.229555162,-0.348758621,0.413324931,0.299130348,-0.733344662,0.542324249,-0.568631494,0.000833648,0.112261092,-1.086648496,0.463137753,1.226610377,-1.171694778,4.821881205
4.735,-0.134621296,0.832181009,-0.606177571,-0.253363434,-0.232397917,-0.348682981,0.415042769,0.290618065,-0.732966085,0.549599303,-0.566105255,0.033519534,0.101083581,-1.104143731,0.511735629,1.248479421,-1.167806948,4.811189672
4.7401,-0.13256123,0.833602791,-0.609788553,-0.250637173,-0.235321468,-0.348499545,0.410431997,0.278813083,-0.723106378,0.552415963,-0.559097879,0.054620027,0.074354749,-1.075470984,0.540894354,1.263544762,-1.117265157,4.820909248
4.7452,-0.130470321,0.834962382,-0.61346486,-0.247683588,-0.238339569,-0.348224087,0.40527394,0.277042613,-0.706091241,0.560088814,-0.56812943,0.075096426,0.017981214,-0.987022851,0.663846979,0.967097722,-0.97584534,4.897207912
4.7503,-0.128380928,0.836343412,-0.617116898,-0.244914046,-0.241327131,-0.347893114,0.411690317,0.272526729,-0.709031413,0.566813375,-0.568653776,0.094743526,-0.036934385,-0.981191106,0.763472624,1.002574171,-0.925789528,5.106178777
4.7555,-0.126309738,0.837708363,-0.620655071,-0.242167964,-0.244219739,-0.347214784,0.411288899,0.267177512,-0.705654759,0.567750099,-0.564025752,0.118539403,-0.074354749,-0.990910681,0.722650408,1.122610924,-1.091022305,4.981282237
4.7605,-0.124226413,0.83907746,-0.62422166,-0.239255435,-0.247179593,-0.346499646,0.404122097,0.254153597,-0.690511904,0.558948489,-0.580748646,0.145436213,-0.123438604,-1.035620726,0.740145644,1.051658025,-1.191619907,5.007039111
4.7656,-0.122034179,0.840399535,-0.627969663,-0.236243806,-0.250075538,-0.345755284,0.400762404,0.248915718,-0.681554271,0.565580009,-0.594800454,0.173217529,-0.339213171,-1.035134748,1.056031834,0.885453291,-1.415656113,5.19073908
4.7707,-0.12,0.841705531,-0.631422389,-0.233272828,-0.253048337,-0.344701992,0.398919063,0.242349222,-0.677050171,0.569334098,-0.60063876,0.207420495,-0.310054446,-1.050200089,0.933079209,0.820332138,-1.565823548,5.07750603
4.7758,-0.117971382,0.843002022,-0.634870664,-0.230323794,-0.256099909,-0.34353332,0.391859565,0.233918195,-0.668727591,0.566077797,-0.600391397,0.233518502,-0.275549954,-1.087134474,0.836855416,0.838313352,-1.671280938,4.977394407
4.7811,-0.115975731,0.844224188,-0.638303266,-0.227215795,-0.259250581,-0.342333401,0.383388956,0.233249634,-0.653288143,0.573190024,-0.620744114,0.260217033,-0.178354203,-1.052629983,0.725566281,0.641491956,-1.681486492,5.033281963
4.7861,-0.113990697,0.845404995,-0.641687329,-0.224368288,-0.262422894,-0.341037921,0.389731003,0.23168313,-0.66222415,0.58068661,-0.633188499,0.281302436,-0.070952898,-1.009377874,0.567623186,0.881079482,-1.701897599,5.152346758
4.7912,-0.112034988,0.846553039,-0.644989989,-0.221516331,-0.265560016,-0.339407726,0.392668185,0.229102073,-0.6657205,0.584147314,-0.639355448,0.310418881,0.064635174,-0.965639786,0.331437511,1.14739584,-1.849149162,4.949693618
4.7963,-0.110080291,0.847677925,-0.648297806,-0.218632622,-0.268946203,-0.337749317,0.392462568,0.225232613,-0.667151149,0.590203848,-0.655959981,0.334326922,0.201195204,-0.930649315,0.131214264,1.414198176,-1.663991256,4.90595553
4.8014,-0.108031854,0.848831328,-0.651600566,-0.21548559,-0.272379816,-0.336050561,0.399931235,0.221986834,-0.663043,0.60445311,-0.661121367,0.356975816,0.185643884,-0.985078936,-0.073868771,1.303880999,-1.464253988,5.009469004
4.8064,-0.105988472,0.849928102,-0.655093336,-0.212312873,-0.275844069,-0.334043382,0.401176118,0.212663137,-0.668847069,0.607794311,-0.65839437,0.38999851,0.174952352,-0.985078936,0.027700789,1.199881546,-1.297077297,4.816535439
4.8115,-0.10391981,0.850965214,-0.658625139,-0.20929639,-0.279149965,-0.331989686,0.396022508,0.210641149,-0.66522366,0.61600101,-0.658097486,0.416752345,0.139961881,-0.927733443,0.197793353,1.40107675,-1.468141818,4.73391905
4.8166,-0.101965719,0.852021741,-0.66190717,-0.206026696,-0.282528668,-0.329913844,0.395658413,0.209324098,-0.667882134,0.631707697,-0.681803068,0.437713483,0.308110531,-0.951060423,-0.02721481,1.234872016,-1.569225399,4.81604946
4.8217,-0.099909293,0.853055617,-0.665396501,-0.202800182,-0.286119527,-0.327789564,0.403661754,0.204510795,-0.67718938,0.639968048,-0.685695175,0.456813712,0.315886191,-0.983621,0.102055539,1.172180757,-1.373375961,5.037655772
4.8268,-0.097850339,0.854082516,-0.668902113,-0.199574881,-0.28952523,-0.325293558,0.405994695,0.195700267,-0.676568178,0.636491867,-0.692332284,0.487784555,0.321231957,-1.040480514,0.277979848,1.172666735,-1.54152461,4.870965059
4.8319,-0.095759531,0.855005663,-0.672363131,-0.196439984,-0.2931441,-0.322729295,0.40236023,0.190036573,-0.66626312,0.642903919,-0.711889089,0.509776478,0.295961062,-0.966611743,0.380035386,1.384067494,-1.411768283,4.793694437
4.837,-0.093777733,0.855963899,-0.675629588,-0.19304682,-0.296765396,-0.320162706,0.403841542,0.18464063,-0.665701255,0.657754118,-0.723183697,0.52672127,0.46848352,-0.988480787,0.171064522,1.223208526,-1.310684702,4.931226425
4.8421,-0.091632319,0.856918192,-0.679102842,-0.189695824,-0.300435636,-0.317281626,0.409966915,0.175014241,-0.671304663,0.666043725,-0.720341742,0.560187662,0.390726919,-1.037564641,0.315886191,1.164891075,-1.193563822,4.766479627
4.8472,-0.089464152,0.857814845,-0.682592881,-0.186251289,-0.303932349,-0.314303873,0.408709737,0.170592223,-0.666496122,0.661898374,-0.722557465,0.583387559,0.291101274,-1.031246918,0.507847799,1.016667555,-1.429263518,4.632835469
4.8523,-0.087414096,0.858682273,-0.685812923,-0.182737992,-0.307705531,-0.311347558,0.411310428,0.168652731,-0.667351882,0.674853645,-0.73588604,0.602927866,0.3980166,-1.027845066,0.285269529,0.802350924,-1.275208253,4.736834923
4.8574,-0.085266255,0.859524522,-0.689222065,-0.179294165,-0.311458287,-0.308399029,0.421416793,0.162721287,-0.674570781,0.680922474,-0.738796153,0.62435948,0.348932746,-1.031246918,0.399474536,0.716818663,-1.202797418,5.065356561
4.8626,-0.083121448,0.860362322,-0.692631308,-0.175883911,-0.315232076,-0.304994135,0.425078351,0.152296921,-0.671872602,0.676321325,-0.732796406,0.657696238,0.302764764,-1.0613776,0.544782184,0.725566281,-1.172180757,4.862217442
4.8676,-0.08095136,0.86114501,-0.695915361,-0.172643543,-0.319085752,-0.301473354,0.422102922,0.146796978,-0.648719797,0.680925803,-0.748709537,0.676716863,0.232297845,-1.038536599,0.476745158,1.052629983,-1.064779452,4.67171377
4.8727,-0.078897866,0.861862979,-0.699217616,-0.169266559,-0.322692992,-0.297954293,0.423695985,0.141069087,-0.647390864,0.677974576,-0.738029546,0.69387947,0.36691396,-0.953490317,0.426203368,1.217376781,-1.411282304,4.699900538
4.8778,-0.076689352,0.862620083,-0.702659824,-0.165656689,-0.326631813,-0.294151077,0.429525592,0.134577334,-0.652630687,0.687511958,-0.741375194,0.731049798,0.259512655,-0.96806968,0.634202275,1.065265431,-1.31505851,4.454967245
4.8829,-0.074467691,0.863310952,-0.706096066,-0.162023663,-0.330371322,-0.290389928,0.427722367,0.132986434,-0.645920705,0.688006635,-0.752173278,0.757469717,0.139475903,-0.918985825,0.867472077,0.921901698,-1.59644021,4.436500053
4.888,-0.07237476,0.863969057,-0.709283648,-0.158357266,-0.334409141,-0.286574679,0.429701443,0.133679367,-0.646064701,0.707192615,-0.773040817,0.774104575,0.236185675,-0.869415992,0.73771575,0.746463367,-1.43606722,4.521060356
4.893,-0.070138942,0.864644555,-0.712628982,-0.154688341,-0.338455961,-0.282825463,0.435340522,0.132559769,-0.650375769,0.713822167,-0.781246689,0.79525872,0.102541517,-0.898574718,0.914612017,0.568595143,-1.298049254,4.917133041
4.8981,-0.068025281,0.865307513,-0.715947113,-0.151067145,-0.342505107,-0.278591971,0.425897955,0.125356567,-0.643080354,0.709042687,-0.780922201,0.831208051,0.179326161,-0.946686614,1.096368071,0.498614202,-1.219806675,4.723713497
4.9032,-0.065771868,0.865913338,-0.71922429,-0.147634038,-0.346608353,-0.274364142,0.423256539,0.121574462,-0.627482525,0.713009319,-0.803274454,0.853824895,0.059775387,-0.939882912,1.238759846,0.764444581,-1.089564368,4.721769582
4.9083,-0.063650723,0.866499545,-0.722260896,-0.144143291,-0.350391243,-0.269988573,0.424636329,0.118404253,-0.619903128,0.713272428,-0.797943461,0.86566652,0.160372989,-0.945228678,1.025901151,0.974873382,-1.515281757,4.701844453
4.9133,-0.06151441,0.867063606,-0.725301143,-0.140554454,-0.354347558,-0.265681666,0.422902989,0.115449793,-0.608055452,0.708486752,-0.787788741,0.880251083,0.246391229,-0.960294019,0.847546948,1.091022305,-1.774308434,5.02696424
4.9184,-0.059338659,0.867660734,-0.728384973,-0.136678532,-0.358438871,-0.261236728,0.417584802,0.108387599,-0.59077463,0.712373683,-0.807271119,0.896090248,0.294503125,-1.069153261,0.742089559,0.807210712,-1.903578783,5.374439049
4.9235,-0.057146223,0.868152594,-0.731433916,-0.133038325,-0.362570027,-0.256575286,0.426759522,0.100556683,-0.595450937,0.719058855,-0.821227311,0.910433741,0.326577723,-1.04582628,0.603099635,0.935995082,-2.02555945,5.637839534
4.9286,-0.054959854,0.868636465,-0.734467287,-0.129431186,-0.366738902,-0.251562443,0.431772855,0.092935418,-0.594297952,0.72151679,-0.827028925,0.957014708,0.364484066,-1.04582628,0.48014701,1.158573351,-2.173296991,5.563484785
4.9336,-0.052755284,0.869112853,-0.737470321,-0.125722924,-0.371285469,-0.2464955,0.432519974,0.084900537,-0.590427569,0.719916511,-0.841608385,0.99400362,0.384895174,-1.069639239,0.328035659,1.28395587,-1.80298118,5.592157531
4.9387,-0.050508241,0.869526545,-0.740567095,-0.121955506,-0.375627667,-0.241330468,0.428476752,0.079773583,-0.582535152,0.743811065,-0.860753129,1.023870392,0.364484066,-1.033190833,0.328035659,1.352478875,-1.815130649,5.681577622
4.9438,-0.04824148,0.869920113,-0.743625442,-0.118114167,-0.379965618,-0.23593063,0.43766853,0.074797768,-0.594136048,0.757641025,-0.870730395,1.046766989,0.325119787,-1.008405916,0.291101274,1.318946341,-1.893373229,5.638325513
4.9488,-0.045977753,0.870296087,-0.746667712,-0.114243604,-0.384405602,-0.23021529,0.4413886,0.069542005,-0.59747878,0.76051537,-0.86873708,1.099293857,0.28867138,-0.997714384,0.269718209,1.288329679,-1.90455074,5.291822661
4.9539,-0.04369279,0.870658004,-0.749682172,-0.110102134,-0.388958843,-0.224438164,0.439479724,0.063522793,-0.595657769,0.770362369,-0.89351077,1.136392965,0.231811866,-1.004518086,0.221606312,0.873303822,-1.80686901,5.009954983
4.9589,-0.041409344,0.870953686,-0.752919102,-0.106216604,-0.393482051,-0.218510668,0.450334133,0.060149032,-0.594380423,0.781622132,-0.907964313,1.161974595,0.176410288,-0.947658572,0.54235229,0.890313079,-1.800065308,4.676573557
4.964,-0.039150167,0.871285469,-0.755959045,-0.102331682,-0.398062797,-0.212359187,0.455612008,0.052736592,-0.59885721,0.78369126,-0.916089246,1.214159164,0.14433569,-0.98750883,0.580744612,0.938910954,-1.768962667,4.127903543
4.9697,-0.03689099,0.871603195,-0.758940843,-0.098398321,-0.403033977,-0.206244514,0.455523001,0.049240947,-0.596958661,0.776913484,-0.927592266,1.249530909,0.112261092,-1.044854323,0.563249377,0.97195751,-1.176554565,3.738634561
4.9748,-0.034607544,0.871842047,-0.761952574,-0.094405804,-0.407725351,-0.200069471,0.44985746,0.046992663,-0.585456273,0.794769194,-0.938802411,1.267441753,0.056859514,-1.02638713,0.605529528,0.948144551,-1.070125218,3.384356048
4.9799,-0.032322581,0.872050662,-0.764922844,-0.090400142,-0.412386692,-0.193739913,0.456955205,0.043462076,-0.591915028,0.805696183,-0.94033356,1.271021473,-4.67E-14,-1.009863852,0.607959422,0.911696144,-1.054573898,2.943573318
4.985,-0.030017798,0.872237638,-0.767862372,-0.0863333,-0.417117201,-0.187232379,0.460784644,0.038340395,-0.594923844,0.802864871,-0.929889269,1.301467434,-0.106915326,-1.003546129,0.611847252,0.816444308,-1.003546129,2.331726066
4.9901,-0.027724644,0.87241258,-0.770845586,-0.082008697,-0.421921023,-0.180760036,0.4578028,0.03116159,-0.590141764,0.806756346,-0.946836077,1.31227514,-0.202653141,-1.016667555,0.719734536,0.349418725,-0.88205144,1.846719268
4.9952,-0.025294671,0.872570432,-0.773974315,-0.077957225,-0.426688846,-0.174218121,0.455074127,0.027607846,-0.58603867,0.812072783,-0.957198724,1.301946123,-0.52291314,-1.044368344,1.091508283,0.330951532,-0.826163883,1.356852683
5.0004,-0.023039943,0.872707149,-0.776834159,-0.073927596,-0.431461118,-0.167572555,0.452930571,0.021064919,-0.583680288,0.808542731,-0.955819151,1.319241111,-0.581716569,-1.082760666,1.080816751,0.364484066,-0.797005158,0.767360454
5.0056,-0.020812013,0.872819699,-0.77966579,-0.069833755,-0.436580342,-0.161000506,0.444971576,0.017354763,-0.577487194,0.799272395,-0.959425818,1.321344038,-0.614763125,-1.128928647,1.074013048,0.336297298,-0.248335144,0.310540424
5.0108,-0.0185856,0.872849328,-0.782546668,-0.065724745,-0.441370209,-0.154457984,0.431441733,0.013930241,-0.563048546,0.81451366,-0.965151426,1.304471366,-0.646351744,-1.095396113,1.176554565,0.293531168,-0.233269802,-0.055887557
5.0159,-0.016382445,0.872850743,-0.785354738,-0.061690666,-0.446131156,-0.147846294,0.431117634,0.008279158,-0.564561058,0.821129872,-0.960556059,1.272509807,-0.65558534,-1.065751409,1.209115142,0.353792533,-0.27700789,-0.457791987
5.021,-0.01422429,0.872838609,-0.788106785,-0.057589746,-0.450916271,-0.141193144,0.42602635,5.37E-06,-0.561102833,0.819190914,-0.946437696,1.271288591,-0.621566827,-1.054087919,1.218834717,0.318802063,-0.328521638,-0.899546675
5.0261,-0.012085853,0.872771868,-0.791053494,-0.053228436,-0.455724644,-0.134706138,0.416726952,-0.007587052,-0.53683043,0.8221618,-0.962984009,1.250426228,-0.568595143,-0.989938724,1.570683336,-0.121494689,-0.357680364,-1.088592411
5.0312,-0.009818687,0.872748306,-0.793955708,-0.048897057,-0.460797957,-0.128233896,0.410423662,-0.015156317,-0.522585712,0.807975302,-0.947031611,1.219186857,-0.732369983,-1.029303003,1.879765824,-0.502016054,0.022841001,-1.232442122
5.0363,-0.007775913,0.872672161,-0.796609364,-0.044830215,-0.465606634,-0.121808171,0.405227553,-0.023378105,-0.512754313,0.797293222,-0.936459945,1.224884739,-0.556445674,-1.018125491,1.856924822,-0.442240667,-0.068037026,-1.331581788
5.0413,-0.005753362,0.87258651,-0.79920447,-0.040779654,-0.470734452,-0.115542825,0.398578051,-0.029000758,-0.498371067,0.779721809,-0.934270392,1.217091657,-0.361082215,-1.028817024,1.808812925,-0.33581132,0.333867405,-1.245563549
5.0464,-0.003726767,0.872437658,-0.801767823,-0.036740722,-0.475458995,-0.109329558,0.390614925,-0.034868417,-0.479459131,0.789912006,-0.935759139,1.201115154,-0.169606585,-0.978761212,1.761187007,-0.218204461,0.100111623,-1.109489497
5.0515,-0.00171888,0.872228638,-0.804223481,-0.032765497,-0.480172414,-0.103157852,0.40002741,-0.039915355,-0.478501,0.797576985,-0.935158615,1.175048833,0.039850258,-0.870873929,1.610047615,-0.039364279,-0.14433569,-0.902462548
5.0566,0.000417737,0.872060269,-0.806593285,-0.028812013,-0.484866013,-0.097045808,0.396885849,-0.044729898,-0.475133847,0.797267368,-0.930020823,1.192739529,0.032560577,-0.864070226,1.407394474,0.160372989,-0.438838816,-0.638090105
5.0617,0.002417029,0.871839822,-0.808906057,-0.024633027,-0.489533825,-0.091011528,0.399827065,-0.049970255,-0.469835075,0.806986991,-0.9613371,1.202401977,0.250279059,-0.807210712,1.180928374,-0.01166349,-0.758126857,-0.329979575
5.0669,0.004549601,0.871613409,-0.811314794,-0.020521893,-0.494428152,-0.08508555,0.408886001,-0.05241971,-0.469657353,0.805297583,-0.960512151,1.205643504,0.246877207,-0.775622093,1.17072282,-0.087476176,-0.704669194,0.11323305
5.0719,0.006672565,0.871371423,-0.813724239,-0.016432602,-0.499411467,-0.078775407,0.412577641,-0.052649116,-0.465307284,0.7937309,-0.950772068,1.221803488,0.252708952,-0.760070773,1.223208526,-0.111289135,-0.565679271,-0.091849985
5.077,0.008813227,0.871064213,-0.816113561,-0.012603802,-0.50442613,-0.072557387,0.410832103,-0.053432732,-0.452723447,0.792843916,-0.968202473,1.220581349,0.241531441,-0.681828193,1.287357721,0.301306828,-0.396558664,-0.177382246
5.0821,0.010828699,0.870755587,-0.818333805,-0.008488219,-0.50933239,-0.066316109,0.414994632,-0.057667114,-0.449387519,0.802409509,-0.970913263,1.206044194,0.443698603,-0.633230317,1.126984732,0.252222974,-0.393642791,-0.285269529
5.0872,0.012989584,0.870453635,-0.820650521,-0.004365558,-0.514293761,-0.060446759,0.424890521,-0.059967081,-0.448982261,0.799055818,-0.960121716,1.208981789,0.413081942,-0.622052806,1.183358268,0.196335417,-0.337755235,0.212372716
5.0922,0.015152998,0.870151785,-0.822973506,-0.000231874,-0.519019921,-0.054185155,0.428825102,-0.061148082,-0.442161865,0.786098701,-0.964404476,1.225746331,0.380035386,-0.641977935,1.307768829,0.160858968,-0.693977662,0.053943642
5.0974,0.017346243,0.869803418,-0.825230256,0.003919507,-0.524031854,-0.047950854,0.426518841,-0.064281382,-0.428687424,0.797699913,-0.983324771,1.221935189,0.318316084,-0.617193019,1.368516174,0.108373262,-0.58949223,-0.07824258
5.1025,0.019549601,0.869459703,-0.827399029,0.008038528,-0.529039236,-0.041668521,0.436189259,-0.066290029,-0.428453668,0.803048498,-0.98743241,1.203556809,0.246877207,-0.627884551,1.344703215,0.086990197,-0.489380606,-0.256596783
5.1076,0.021743351,0.869116089,-0.82955587,0.012210234,-0.534148852,-0.035403883,0.439269417,-0.067972002,-0.42300417,0.798496651,-0.978598847,1.219849319,0.184671927,-0.669678724,1.371432046,-0.016037299,-0.259998634,-0.417941729
5.1127,0.023954798,0.868727981,-0.831728082,0.01609819,-0.539260997,-0.029165942,0.43568943,-0.072416034,-0.410795387,0.803401537,-0.995759534,1.218223793,0.10545739,-0.668706767,1.474945521,0.33969915,-0.028186768,-0.584632442
5.1178,0.026041056,0.868307513,-0.833718071,0.020249671,-0.544291637,-0.022976135,0.436794546,-0.078958232,-0.405643721,0.817937867,-0.993568742,1.199326655,0.239587526,-0.636632169,1.341301363,0.256110804,0.094279878,-0.674052533
5.1229,0.02814956,0.867948933,-0.835660633,0.024384973,-0.549306502,-0.017212964,0.435328129,-0.082423066,-0.40063017,0.81913561,-0.979811266,1.195793905,0.352334597,-0.72605226,1.193077843,0.188073778,0.170578543,-0.074354749
5.1281,0.030304581,0.867496208,-0.837625139,0.028564769,-0.554055314,-0.011383962,0.430696169,-0.086004098,-0.391745725,0.806750174,-0.981227238,1.189019945,0.420371623,-0.693977662,1.12795669,0.077270622,-0.194877481,0.431063156
5.1332,0.032653554,0.867044595,-0.839724037,0.03255041,-0.558827384,-0.005421883,0.428967275,-0.088897664,-0.381556646,0.805623043,-0.977434709,1.176529586,0.208970865,-0.693977662,1.316030468,0.308110531,-0.537978482,0.777566008
5.1383,0.034883406,0.866592578,-0.841692385,0.036530387,-0.563681363,0.001013247,0.429495024,-0.0918668,-0.378175643,0.801188536,-0.967525189,1.177524506,0.205083035,-0.724594323,1.347619087,0.575398846,-0.802350924,0.42134358
5.1434,0.037084842,0.86613965,-0.843614319,0.040600364,-0.568963293,0.00703337,0.428880236,-0.095657069,-0.370756375,0.790002811,-0.966101368,1.188787987,0.259512655,-0.785341668,1.365600301,0.756182942,-0.438352837,0.743061516
5.1485,0.039322176,0.865645262,-0.845549601,0.044720902,-0.573944686,0.013131965,0.424342968,-0.103374679,-0.361542874,0.807976784,-0.972062578,1.191504778,0.279437784,-0.806238754,1.458422243,0.888369164,-0.580258633,0.958350104
5.1536,0.041571645,0.86510992,-0.847374153,0.048852563,-0.578914855,0.019377288,0.434030858,-0.108120165,-0.362994493,0.817452447,-0.972567073,1.182972571,0.287699423,-0.787771562,1.444814838,1.009863852,-0.763958603,1.001602214
5.1587,0.043809485,0.86461624,-0.849175144,0.053049954,-0.583972495,0.025656487,0.439376964,-0.110656561,-0.356951808,0.817765903,-0.964240896,1.213846704,0.307138573,-0.871359907,1.470571712,1.068181303,-0.863584247,1.012293746
5.1638,0.046058954,0.864012236,-0.850975326,0.057557286,-0.589065527,0.031897765,0.440381288,-0.113862951,-0.34829903,0.82543596,-0.989335357,1.234661927,0.315400212,-0.817902244,1.557561909,0.673566554,-0.929191379,1.059433685
5.1689,0.048466478,0.863397209,-0.852824856,0.061835575,-0.594182931,0.038211447,0.443723923,-0.11669108,-0.337818315,0.83976378,-1.006736822,1.241648139,0.078728558,-0.784855689,1.784999966,0.654127404,-0.940368891,1.005976022
5.174,0.050717969,0.862773688,-0.854467894,0.066170088,-0.599367681,0.044939529,0.449387398,-0.119729274,-0.329582457,0.845193523,-1.014896065,1.255037802,0.085046282,-0.774650135,1.751953411,0.549641972,-0.855808587,0.306166616
5.1793,0.052959854,0.862145212,-0.856094448,0.070502983,-0.604910102,0.051237031,0.450656677,-0.12361827,-0.319330103,0.841253475,-1.025676459,1.274970682,0.100597602,-0.790687434,1.765074837,0.477717116,-0.210428801,0.268260273
5.1845,0.055215391,0.861475276,-0.857716655,0.074835878,-0.610123774,0.057600465,0.447496819,-0.131429334,-0.305727364,0.862367454,-1.041543471,1.275929931,0.103027496,-0.766874475,1.836027736,0.40579226,-0.067065068,0.104971411
5.1896,0.057460815,0.86076843,-0.859219537,0.079129336,-0.615258975,0.064004348,0.458439821,-0.136297942,-0.301460713,0.871750999,-1.040820237,1.262427181,0.115176965,-0.707585067,1.792289648,0.371773747,-0.030130683,-0.097195751
5.1947,0.059729093,0.860111336,-0.860683689,0.083479017,-0.620432096,0.070379917,0.461340823,-0.139091955,-0.294763537,0.871974403,-1.027329273,1.2838578,0.074354749,-0.758126857,1.773336476,0.252708952,0.043252109,-0.272148103
5.1999,0.062003438,0.859356052,-0.862125291,0.08788381,-0.625593083,0.076715138,0.458665291,-0.142865167,-0.284651364,0.85860367,-1.044160491,1.28784251,0.027700789,-0.683286129,1.794719541,0.080672473,0.104971411,-0.439324794
5.205,0.064431287,0.858605926,-0.8636036,0.092305289,-0.630789665,0.083026595,0.457180674,-0.146813915,-0.272203358,0.868143724,-1.04704164,1.277650442,-0.259512655,-0.644407829,1.944400998,-0.107401305,0.262914506,-0.583660485
5.2101,0.066699565,0.857908585,-0.864953989,0.096648296,-0.635929012,0.089757104,0.456939386,-0.149480358,-0.266353365,0.867475382,-1.038874962,1.268117094,-0.30033487,-0.7182766,1.971129829,-0.189045736,0.334839362,-1.409824368
5.2152,0.068955708,0.857159167,-0.866264132,0.101008494,-0.641400243,0.09606573,0.451278803,-0.151627534,-0.255422123,0.85441271,-1.033579713,1.264697528,-0.329493596,-0.742089559,2.021185641,-0.287213444,0.942798784,-1.613449466
5.2206,0.071223986,0.856366266,-0.867557286,0.105346446,-0.646517949,0.102283851,0.440198924,-0.158617464,-0.23839022,0.866124531,-1.034058135,1.246623371,-0.370315811,-0.724108345,2.116923456,-0.363998087,1.024929194,-1.730084367
5.2257,0.073481646,0.855579533,-0.868729599,0.109663768,-0.651631206,0.108568915,0.44224922,-0.161224983,-0.228066428,0.868571386,-1.017451026,1.213341237,-0.400932473,-0.743061516,2.096512348,-0.451960242,1.133788435,-1.973073744
5.2307,0.075705936,0.854736172,-0.869857114,0.114000404,-0.65674598,0.11475943,0.439247111,-0.162486413,-0.218937171,0.861007709,-0.992686545,1.213832878,-0.399474536,-0.707585067,2.095054412,-0.58949223,1.244105612,-2.125185095
5.2358,0.077921124,0.853845788,-0.870992517,0.11839731,-0.661799575,0.120848417,0.431559486,-0.167693895,-0.206335232,0.841989101,-0.997405228,1.196819685,-0.389268983,-0.626912594,2.194194078,-0.815958329,1.29561936,-2.210717356
5.2409,0.080274649,0.853015775,-0.872093741,0.122761351,-0.666842755,0.126898574,0.426215858,-0.17153213,-0.191689193,0.844931751,-0.988155959,1.168944746,-0.60504355,-0.666276873,2.322492469,-1.01083581,1.399132835,-2.289931893
5.2459,0.082453433,0.852185357,-0.873048337,0.127056123,-0.671842451,0.133245323,0.423530703,-0.172560753,-0.18199156,0.833592797,-0.964647417,1.146231581,-0.559847526,-0.736257814,2.309857022,-1.139134201,1.460852137,-2.902265124
5.251,0.084604915,0.851294772,-0.873939428,0.131380322,-0.677094044,0.139093842,0.417103464,-0.17372873,-0.172113118,0.81103172,-0.947558557,1.133137345,-0.488408649,-0.748407282,2.298193531,-1.326722001,1.950718722,-2.818676778
5.2561,0.086753362,0.850356659,-0.874826777,0.135641824,-0.681956214,0.14487835,0.407196204,-0.180293258,-0.157648714,0.811188837,-0.938077404,1.108567401,-0.414053899,-0.714874748,2.375950132,-1.454048434,1.880251802,-2.735574411
5.2612,0.088876024,0.849424714,-0.875561938,0.139789564,-0.686765396,0.150608858,0.412620456,-0.182994231,-0.148091261,0.804650867,-0.92026169,1.07549956,-0.314914233,-0.7182766,2.307427128,-1.472029648,1.789859754,-2.631574957
5.2662,0.090950147,0.848481242,-0.876233087,0.143809789,-0.691555971,0.156170998,0.415455705,-0.182542271,-0.138363959,0.790786792,-0.900160491,1.081882721,-0.169120607,-0.74160358,2.239390102,-1.336441576,1.712589132,-2.365744578
5.2713,0.093,0.847484174,-0.876848316,0.147842249,-0.696212559,0.161548185,0.416330904,-0.18803456,-0.127988993,0.770592456,-0.91274491,1.083984166,1.33E-13,-0.713416812,2.179614715,-1.243619634,1.50653414,-1.953148616
5.2764,0.095173021,0.846504904,-0.877417737,0.151794823,-0.700789969,0.166891293,0.42253763,-0.19644656,-0.11633131,0.778305181,-0.915786797,1.082182157,-0.042280152,-0.733341941,2.137820542,-1.074013048,1.286385764,-1.600814018
5.2815,0.097326322,0.845486702,-0.877994539,0.155673172,-0.705341288,0.172502781,0.422765579,-0.198692876,-0.10492432,0.780846413,-0.914869196,1.088473735,-0.065607132,-0.715846706,2.196137993,-0.864070226,1.103171773,-1.785485945
5.2866,0.099528264,0.84451168,-0.878537163,0.159521286,-0.710054505,0.178009708,0.419480216,-0.201754639,-0.089013448,0.778361603,-0.924353825,1.07909658,-0.166690713,-0.801864945,2.283614169,-0.656071319,1.261600847,-1.90066291
5.2916,0.101580241,0.843443017,-0.878949338,0.163532713,-0.714691475,0.183519365,0.420501282,-0.208668173,-0.075451433,0.785992976,-0.919195234,1.056888736,-0.030616662,-0.766874475,2.245707826,-0.760070773,1.37774977,-2.080475049
5.2967,0.103753868,0.842379513,-0.879273637,0.167514916,-0.71931439,0.188630499,0.426073369,-0.212481599,-0.062652041,0.781748875,-0.899416579,1.051533202,-0.104485432,-0.767846433,2.15434382,-0.866986099,1.511393927,-1.691206067
5.3018,0.105907271,0.841266458,-0.879610375,0.17151896,-0.723630397,0.194021135,0.424903642,-0.216283654,-0.049753096,0.764936149,-0.894054435,1.053641475,-0.158915053,-0.721192472,2.167951225,-1.025901151,1.195021758,-1.849635141
5.3069,0.108068763,0.840121549,-0.879867327,0.175256548,-0.728174638,0.199324401,0.417096928,-0.225558656,-0.035822539,0.757744319,-0.896843977,1.039206642,-0.221120333,-0.64392185,2.135876627,-0.773678178,1.31505851,-1.955092531
5.3121,0.110219638,0.839003539,-0.879994337,0.179226312,-0.732671959,0.204694711,0.421237637,-0.231360975,-0.025387409,0.756997297,-0.884628682,1.01307797,-0.27312006,-0.623510742,1.97890549,-0.930649315,1.421001879,-2.218007037
5.3172,0.112341187,0.837843058,-0.880136819,0.183197694,-0.737229649,0.209927495,0.419108248,-0.230840783,-0.015207417,0.74255741,-0.85925075,1.014947846,-0.296933019,-0.562277419,1.929821635,-1.12018103,1.646982,-2.348735322
5.3223,0.114461725,0.83672525,-0.880247649,0.186884417,-0.741708464,0.215070482,0.410970826,-0.230944272,-0.006623793,0.73694613,-0.857238264,1.002710415,-0.319774021,-0.604071592,1.9123264,-0.881079482,1.797149435,-2.455164669
5.3274,0.116439377,0.835516331,-0.880224997,0.190730408,-0.746066943,0.220226413,0.408485093,-0.234725236,-0.000306118,0.741246653,-0.843186966,0.978231034,-0.112261092,-0.527286949,1.766532774,-0.950088466,1.831653927,-2.667051406
5.3325,0.118545758,0.834318131,-0.880178279,0.194490444,-0.750398726,0.224990494,0.411773347,-0.235301679,0.009329067,0.737464547,-0.821082295,0.970289898,-0.121494689,-0.4918105,1.659617448,-0.93648106,1.871504185,-2.347277386
5.3375,0.120556881,0.833120032,-0.880121145,0.198300738,-0.754442411,0.229940439,0.404699173,-0.233523993,0.017310199,0.725151255,-0.816435317,0.970249756,0.022841001,-0.487436691,1.604701848,-1.033190833,1.51042197,-2.454192712
5.3426,0.122735666,0.831887046,-0.880053595,0.201861361,-0.758626757,0.234844676,0.401727461,-0.238751424,0.024971168,0.725348903,-0.82357522,0.957268,-0.086990197,-0.449530348,1.601785976,-0.765902518,1.470571712,-2.610191892
5.3477,0.124894226,0.83068197,-0.879879867,0.205619274,-0.762862575,0.239758317,0.409730486,-0.24202087,0.032061695,0.731565543,-0.81849509,0.929387472,-0.177382246,-0.469455477,1.496814565,-0.87427578,1.60421587,-2.868246611
5.3528,0.127014865,0.829439478,-0.879699767,0.2093333,-0.76711174,0.24449095,0.410647966,-0.240534917,0.038366443,0.730545498,-0.798364222,0.927174106,-0.231325887,-0.453418178,1.447730711,-0.971471531,1.812700755,-2.952320935
5.3578,0.129167964,0.828248761,-0.879517343,0.213046921,-0.77124411,0.249145515,0.407242372,-0.241362053,0.045324128,0.715726936,-0.800444478,0.911511642,-0.34747481,-0.549155993,1.458422243,-1.099283943,1.908924549,-3.054376474
5.3629,0.131156942,0.826980079,-0.879281929,0.216685206,-0.775309435,0.253824249,0.407595509,-0.247748251,0.050498538,0.721417067,-0.794629426,0.883310222,-0.212858695,-0.538950439,1.449188647,-1.154685521,2.002718449,-3.303683575
5.368,0.133255435,0.825682577,-0.878943877,0.220271008,-0.779396805,0.258122864,0.41217909,-0.2491113,0.056017508,0.714310211,-0.776321732,0.870394826,-0.276521911,-0.501044096,1.341301363,-1.190647949,2.210717356,-3.06361007
5.3731,0.135323592,0.824389726,-0.878608049,0.223906563,-0.783119122,0.262522803,0.409892463,-0.248714645,0.061770524,0.696388335,-0.767803958,0.864757157,-0.311026403,-0.498614202,1.297563275,-1.336441576,1.912812379,-3.13796482
5.3782,0.137432804,0.823151684,-0.878283547,0.227299019,-0.786974012,0.266890788,0.403358333,-0.251301072,0.069388484,0.688641153,-0.767612167,0.846166088,-0.415997814,-0.610875295,1.326722001,-1.124554839,1.928363699,-3.30562749
5.3833,0.139387501,0.821866114,-0.877924765,0.23072252,-0.790663464,0.271226717,0.400501264,-0.251502875,0.076714711,0.681282366,-0.746294101,0.815619116,-0.279437784,-0.677454384,1.353936811,-1.004518086,1.753897326,-3.535495441
5.3884,0.141339165,0.820610577,-0.877528163,0.234150167,-0.79457296,0.275218526,0.394536336,-0.249925849,0.083883286,0.669778836,-0.729329603,0.801115931,-0.139961881,-0.834911501,1.375805855,-0.919471804,1.976961575,-3.341589918
5.3935,0.143316109,0.819300435,-0.877132268,0.237777025,-0.798135605,0.279276671,0.38527137,-0.259489693,0.088615237,0.662478147,-0.720529403,0.78226445,-0.024784916,-0.939882912,1.460366158,-1.180928374,1.711617174,-3.397477475
5.3986,0.145299626,0.817948832,-0.876638791,0.24108737,-0.80177298,0.28329366,0.39099377,-0.266989487,0.09701815,0.660393614,-0.713341388,0.752347258,0.084074325,-1.005004065,1.451132562,-0.983135021,1.642122212,-3.506822695
5.4037,0.147312064,0.816537567,-0.876103954,0.244430782,-0.805468804,0.287086662,0.395549651,-0.271551685,0.10517647,0.651640359,-0.694684591,0.746550795,0.134130136,-1.012779725,1.433151348,-0.879135567,1.721822728,-3.400879326
5.4087,0.149326019,0.815023056,-0.875528264,0.24779907,-0.809049348,0.290807261,0.395203852,-0.28067183,0.113136923,0.637676221,-0.697945946,0.734983966,0.182728012,-0.890313079,1.406908495,-0.830051713,1.690720088,-3.349365578
5.4138,0.151493983,0.813571949,-0.874872181,0.251106684,-0.812659622,0.294534938,0.396758766,-0.291290441,0.12332435,0.646275834,-0.697600536,0.717898703,-0.009719575,-0.890799058,1.30339502,-0.722650408,1.812214777,-3.459682755
5.4189,0.153507938,0.812125999,-0.874235009,0.254406917,-0.81627475,0.298379614,0.40021439,-0.295853879,0.12977703,0.652520078,-0.687606626,0.695869164,0.0388783,-0.927247464,1.28006804,-0.670164703,2.031391195,-3.899493528
5.4239,0.155561432,0.810612296,-0.873563555,0.257776722,-0.819996056,0.301865608,0.401128978,-0.29729364,0.136591327,0.650885658,-0.676352427,0.684559637,0.018467193,-0.898574718,1.254797145,-0.777566008,2.507650375,-3.932540084
5.4291,0.157628072,0.809046011,-0.872903428,0.261321468,-0.823393973,0.305272121,0.395575189,-0.306945251,0.141610564,0.648607706,-0.671144922,0.662248182,-0.014579363,-0.819360181,1.302423063,-1.208143184,2.580061209,-4.013212557
5.4342,0.159691172,0.807540095,-0.872163414,0.264615634,-0.826710689,0.308718172,0.402032607,-0.313257847,0.151186921,0.651770237,-0.654201297,0.637870297,-0.044224067,-0.860182396,1.273264338,-1.304852957,2.636434745,-4.317921236
5.4393,0.161734048,0.805982607,-0.871391142,0.267848721,-0.830026191,0.311859339,0.402143945,-0.317064349,0.155448809,0.645259871,-0.633622478,0.630009979,-0.054429621,-0.851434778,1.244105612,-1.37386194,2.784658265,-4.329584726
5.4445,0.163771362,0.804277278,-0.870578522,0.271103752,-0.83314956,0.314912529,0.40231948,-0.322072724,0.160713466,0.631373052,-0.63159964,0.612324799,-0.059289408,-0.638576084,1.207171227,-1.52597329,2.748209858,-4.411715136
5.4496,0.165940944,0.802675903,-0.869693093,0.274248559,-0.836198908,0.317869046,0.403423041,-0.325188553,0.169475614,0.634865563,-0.62145272,0.586097474,-0.284297572,-0.618650955,1.100255901,-1.572141272,2.733630496,-4.524948186
5.4551,0.167935787,0.801026494,-0.868841238,0.277305491,-0.839301345,0.320847406,0.405821516,-0.324936524,0.175965715,0.629226363,-0.606522383,0.554377349,-0.248335144,-0.552557844,1.087620453,-1.56485159,2.925106125,-4.845208185
5.4602,0.169909394,0.799413692,-0.867961169,0.280319547,-0.842459905,0.323518354,0.403061934,-0.321974848,0.178271684,0.614828027,-0.588268122,0.535923132,-0.191961608,-0.583660485,1.078872836,-1.547356355,3.325552619,-4.869993102
5.4653,0.171933158,0.797759935,-0.867089898,0.283500961,-0.8453423,0.326196076,0.397609763,-0.329397931,0.180454943,0.600699507,-0.579451981,0.509026322,-0.21480261,-0.575398846,1.140592138,-1.845747311,3.429552073,-5.118328246
5.4703,0.173934675,0.796085448,-0.866143291,0.286472343,-0.848217616,0.32871888,0.404314253,-0.33429786,0.188885144,0.595355345,-0.562444353,0.471182062,-0.216260546,-0.547212078,1.129900605,-1.880251802,3.681775046,-5.310775832
5.4754,0.175898271,0.794420164,-0.865176054,0.289415613,-0.851056932,0.330922136,0.405132593,-0.33385975,0.193830464,0.58229017,-0.537304988,0.447009989,-0.181270076,-0.558875568,1.130386584,-1.949746764,4.023418111,-5.196084846
5.4805,0.177896349,0.792615128,-0.864171504,0.29240722,-0.853633836,0.333073415,0.402809784,-0.335858678,0.195547281,0.562530736,-0.523660454,0.41888618,-0.210428801,-0.374203641,1.126012775,-2.158717629,4.112838202,-5.217467912
5.486,0.180027708,0.790926181,-0.863088583,0.295268379,-0.856169785,0.335143291,0.400570297,-0.337374932,0.202696004,0.557307315,-0.500582757,0.386893543,-0.46070786,-0.39412877,1.046312259,-2.242305975,4.317921236,-5.31563562
5.4911,0.18198736,0.78920538,-0.862040752,0.298072606,-0.858686015,0.337148448,0.398746079,-0.337177795,0.209472152,0.542731572,-0.470998946,0.34850975,-0.452932199,-0.383437238,1.062349558,-2.333184002,4.659078322,-5.506625271
5.4962,0.184044292,0.78748468,-0.860973304,0.300844676,-0.861095358,0.338826979,0.38288971,-0.332277671,0.214050995,0.524246787,-0.43297502,0.320691937,-0.600669741,-0.403848345,1.090536326,-2.455164669,4.990515833,-5.383672646
5.5013,0.18602164,0.78573061,-0.859873597,0.303677824,-0.863225604,0.340446961,0.371410891,-0.338234434,0.216741325,0.505519888,-0.404178738,0.292121635,-0.609903337,-0.392184855,1.118723094,-2.759873348,5.053693071,-5.390476348
5.5063,0.18797118,0.784007483,-0.858704621,0.30624684,-0.865238952,0.341979472,0.372181775,-0.339936769,0.226325846,0.493735559,-0.374142019,0.256803421,-0.592408102,-0.441268709,1.080330772,-2.748695837,5.128533799,-5.468232949
5.5114,0.189878249,0.782251492,-0.857568207,0.308729093,-0.867194155,0.343173728,0.367246904,-0.340840301,0.230869335,0.479549961,-0.337877069,0.231991435,-0.534090652,-0.458763945,1.135246371,-2.716135261,5.302514194,-5.220869763
5.5165,0.191759531,0.780373445,-0.856398018,0.311196481,-0.868830317,0.344308929,0.363383446,-0.345037359,0.23459045,0.458854944,-0.312218728,0.206472035,-0.450988284,-0.296933019,1.188704034,-2.762303242,5.169841994,-5.102776925
5.5216,0.193754879,0.778632218,-0.855103347,0.313481343,-0.870318738,0.345392659,0.361787176,-0.34994018,0.242309615,0.453876626,-0.287310397,0.182846007,-0.570539058,-0.359624279,1.091508283,-2.633032893,5.01918858,-5.121244118
5.5266,0.195559308,0.776923956,-0.853844777,0.315709374,-0.871711599,0.346340783,0.363121989,-0.352341765,0.250548048,0.443890978,-0.264941451,0.152757289,-0.41356792,-0.485006797,1.091022305,-2.542154866,4.931712404,-5.133393587
5.5317,0.1973694,0.77522793,-0.852614723,0.31790181,-0.873066134,0.346959753,0.36355762,-0.353389511,0.255190263,0.433613183,-0.239011641,0.131081907,-0.293045189,-0.653155446,1.179956417,-2.510080269,4.993431706,-4.829170886
5.5368,0.199146122,0.773401254,-0.851350895,0.320108302,-0.874079887,0.347570331,0.366048723,-0.36096332,0.260419977,0.423673849,-0.222900182,0.114992779,-0.14044786,-0.633716296,1.267432593,-2.615537658,4.727601327,-4.73391905
5.5419,0.201030337,0.771592375,-0.84996663,0.322186975,-0.875207301,0.348124886,0.371913369,-0.364428567,0.271092557,0.410069651,-0.193506583,0.097032608,-0.184185948,-0.662389043,1.208143184,-2.629145063,4.850067973,-4.770853436
5.5469,0.20288826,0.769682779,-0.848610881,0.324290323,-0.876072909,0.348499747,0.370033433,-0.363068945,0.277511121,0.394893069,-0.173076085,0.072737728,-0.202653141,-0.563249377,1.238273867,-2.79049001,4.751900264,-4.728087305
5.5521,0.204756295,0.767738801,-0.84716665,0.32607028,-0.876873294,0.348713116,0.360548683,-0.370807743,0.279914578,0.383439862,-0.143600404,0.048972249,-0.230839909,-0.431063156,1.183358268,-2.547986611,4.746068519,-4.623115894
5.5572,0.206623824,0.765826777,-0.845646071,0.327916978,-0.877573465,0.348966124,0.361938704,-0.372533648,0.289254093,0.370982647,-0.118571332,0.023004193,-0.258540698,-0.360596236,1.055059877,-2.524659631,4.767937563,-4.77328333
5.5623,0.208464557,0.763925978,-0.84411801,0.329793407,-0.878224593,0.348921327,0.362064305,-0.369376584,0.295902671,0.356375681,-0.086590795,-0.002491735,-0.260484613,-0.33192349,0.950574444,-2.65392998,4.897693891,-4.637209278
5.5674,0.210258166,0.762130145,-0.84274416,0.331707655,-0.878671655,0.348869046,0.352661224,-0.370041622,0.291023542,0.336007752,-0.062664871,-0.027149057,-0.186129863,-0.497156266,1.149339755,-2.943573318,4.893320082,-4.679975409
5.5725,0.212049752,0.760217312,-0.84127475,0.333444939,-0.878900496,0.348714531,0.356188798,-0.377897031,0.298671997,0.321942069,-0.0365526,-0.053804579,-0.109831199,-0.48792267,1.256255081,-3.063124091,4.741208732,-4.748498413
5.5776,0.213950854,0.758282233,-0.839645869,0.335083831,-0.879110223,0.348351401,0.36130178,-0.378607969,0.309700507,0.303425331,-0.013464041,-0.075856254,-0.231811866,-0.457306008,1.147881819,-3.150114289,4.756760052,-4.678517472
5.5826,0.215814036,0.756347255,-0.838012539,0.336679543,-0.879124583,0.347788755,0.363152557,-0.375455352,0.319220831,0.282881964,-0.001127131,-0.103667336,-0.317344127,-0.457791987,1.066237388,-3.288618234,4.677545515,-4.478780204
5.5878,0.217662049,0.754384973,-0.836360603,0.338063404,-0.87894054,0.347331075,0.356012217,-0.384051466,0.321603196,0.270660959,0.017889874,-0.127830612,-0.388297025,-0.432035113,0.997714384,-3.223497081,4.500649248,-4.627975682
5.5928,0.219486298,0.752367985,-0.834651532,0.339360097,-0.878743958,0.346713925,0.358779647,-0.387840594,0.332040586,0.258928727,0.042077134,-0.148944543,-0.436408922,-0.322689893,0.87427578,-3.167609524,4.497733376,-4.716909794
5.5979,0.221237132,0.750375367,-0.832903529,0.340671959,-0.878499848,0.345789362,0.351016453,-0.386560672,0.337328084,0.245279552,0.065797538,-0.173392627,-0.382951259,-0.267774294,0.713416812,-3.281328552,4.604162723,-4.510368823
5.6029,0.223075134,0.748502882,-0.831201234,0.34191081,-0.878090201,0.344898372,0.34769418,-0.389161363,0.338281136,0.227185421,0.084050682,-0.192177237,-0.475287222,-0.42134358,0.658501213,-3.417888582,4.64449896,-4.553134954
5.608,0.224781474,0.74647386,-0.829590252,0.342919102,-0.877529174,0.343941147,0.349197191,-0.39532819,0.341069464,0.215414627,0.114932202,-0.215745263,-0.379063429,-0.331437511,0.78436971,-3.3328423,4.632349491,-4.68726509
5.6131,0.226501062,0.744605016,-0.827964708,0.343889372,-0.876890687,0.342905046,0.347645583,-0.390002252,0.341682405,0.198398421,0.143645673,-0.234252719,-0.326577723,-0.519511289,0.927247464,-3.335272194,4.669769855,-4.900609763
5.6182,0.228215593,0.742532612,-0.826301851,0.344895035,-0.876148953,0.341545859,0.339496375,-0.388656066,0.34042875,0.175847136,0.165470226,-0.261588368,-0.26923223,-0.418913687,1.065265431,-3.526747824,4.731975135,-4.803414012
5.6233,0.230029932,0.740605724,-0.82445677,0.345689857,-0.875159066,0.340067246,0.335549183,-0.388072916,0.344314854,0.15666536,0.194731395,-0.283068361,-0.369829832,-0.582202548,0.966125765,-3.515570312,4.586667488,-4.715451858
5.6284,0.231726262,0.738672869,-0.822689352,0.34644413,-0.874291435,0.33860451,0.335961244,-0.388256835,0.34972217,0.14151089,0.209376122,-0.305055012,-0.294989104,-0.770762305,1.034648769,-3.589439083,4.837918504,-4.859787548
5.6335,0.233450501,0.736665689,-0.820896754,0.347111235,-0.873266458,0.337088786,0.332608063,-0.385798924,0.352430384,0.119556508,0.229490078,-0.322866425,-0.277979848,-0.887883185,1.109975476,-3.67254145,5.06195471,-5.139225332
5.6386,0.235169683,0.734603903,-0.819100313,0.347663262,-0.871912327,0.335441602,0.328007521,-0.398147985,0.350230406,0.093750769,0.258571995,-0.342166075,-0.256110804,-0.952518359,1.243619634,-3.707045942,4.969618747,-5.447335863
5.6437,0.236860552,0.73250723,-0.817215896,0.348042977,-0.870489433,0.333687329,0.334822936,-0.405968355,0.36164855,0.074722198,0.28579548,-0.361962565,-0.20702695,-0.983621,1.292703488,-3.606934318,4.966216895,-5.83854876
5.6488,0.238556578,0.730405097,-0.815272828,0.348389726,-0.868938518,0.331553342,0.337407079,-0.412383712,0.373043124,0.053070508,0.309772991,-0.398883975,-0.193905523,-1.040480514,1.285413806,-3.599158658,4.963787001,-5.864791613
5.6538,0.240282536,0.728106988,-0.813351198,0.348667004,-0.867137931,0.329312671,0.33469991,-0.421084554,0.378662059,0.030125143,0.344602943,-0.435152035,-0.240559484,-0.815958329,1.360740513,-3.617625851,4.752386243,-5.943520171
5.6589,0.242089594,0.725923956,-0.811255435,0.348727879,-0.86526039,0.326944079,0.33388818,-0.431372044,0.389561347,0.010314,0.373887269,-0.466337194,-0.427175325,-0.795061243,1.206685248,-3.428094136,4.591041297,-6.054323327
5.664,0.243762969,0.723706543,-0.809251492,0.348718778,-0.863296794,0.32422611,0.335426133,-0.435797366,0.402314621,-0.008118178,0.399245495,-0.511864948,-0.423287495,-0.741117601,1.233900058,-3.264319296,4.471004544,-5.829315164
5.6693,0.245451613,0.721526241,-0.807185863,0.348650319,-0.861201031,0.321482961,0.331433866,-0.435141028,0.40903629,-0.026324886,0.424535489,-0.552207867,-0.465081668,-0.784855689,1.201825461,-3.136506883,4.316949279,-5.766137926
5.6744,0.247125594,0.719308019,-0.805125999,0.348495096,-0.858863586,0.318688846,0.32462144,-0.448715532,0.410000204,-0.048029912,0.456944416,-0.585062169,-0.492782457,-0.79214537,1.23730191,-2.987311406,3.930596169,-5.840006696
5.6794,0.248764688,0.717074628,-0.80299282,0.34825311,-0.85655041,0.315710588,0.327791941,-0.457499695,0.423942328,-0.060873043,0.481017641,-0.61218146,-0.486950712,-0.784855689,1.202311439,-2.816732863,3.722597262,-5.860903783
5.6847,0.2504054,0.7148018,-0.800861766,0.347967439,-0.854151077,0.312383962,0.325385496,-0.461021802,0.435157332,-0.07490099,0.499248235,-0.655229579,-0.513679544,-0.739659665,1.200367524,-2.697182089,3.524803909,-5.546961507
5.69,0.252018809,0.712342097,-0.798705531,0.347643139,-0.851491759,0.309090403,0.320339287,-0.46547276,0.438015446,-0.085485923,0.521778015,-0.692475696,-0.514165523,-0.421829559,1.205227312,-2.633518872,3.046114835,-5.481840354
5.6951,0.253575994,0.710008595,-0.796374659,0.347133785,-0.848804429,0.305692183,0.310659562,-0.470328441,0.445880891,-0.094924699,0.540688518,-0.715467812,-0.429605219,-0.318316084,0.980219148,-2.391987431,2.633518872,-5.471148822
5.7002,0.255113459,0.707694914,-0.794140156,0.346643038,-0.846138234,0.30185135,0.312849625,-0.465989039,0.455362239,-0.103293302,0.549288276,-0.748457533,-0.326091744,-0.264858421,0.940854869,-2.292361786,2.3652586,-4.973020598
5.7053,0.256708767,0.705377794,-0.79189463,0.346028517,-0.843432905,0.298041561,0.313448181,-0.459540514,0.456335557,-0.108481781,0.553164783,-0.774313012,-0.340185128,-0.239101547,0.921901698,-2.104773987,2.152399905,-4.721769582
5.7104,0.258334007,0.703040955,-0.789613813,0.345416827,-0.840580443,0.29424866,0.307467848,-0.466630094,0.455345205,-0.123334264,0.567313155,-0.79255923,-0.414053899,-0.194391502,0.900032654,-2.012924002,1.798121393,-4.703788368
5.7155,0.259930933,0.700750228,-0.787280413,0.344783092,-0.837750531,0.290336434,0.309984999,-0.4662079,0.467479342,-0.134108267,0.57013623,-0.800665283,-0.46070786,-0.225008163,0.827621819,-1.961896233,1.558533867,-4.72614339
5.7206,0.261482354,0.698427647,-0.785015977,0.344073112,-0.834930023,0.286097583,0.309262276,-0.461869324,0.475073829,-0.144183846,0.570368334,-0.830702512,-0.463623732,-0.225008163,0.883509376,-1.868588312,1.421001879,-4.434556138
5.7257,0.263115886,0.696051977,-0.782572353,0.343372535,-0.831903529,0.281813732,0.29803901,-0.452880589,0.464801453,-0.148309903,0.575971037,-0.847321551,-0.607473443,-0.173980394,0.705155173,-1.87733593,1.023471258,-4.254743998
5.7308,0.26473425,0.693649004,-0.780162908,0.342533421,-0.828999292,0.277538679,0.293542564,-0.457109794,0.457444342,-0.155787585,0.58079044,-0.854751195,-0.736743792,-0.096709772,0.652669468,-1.752925369,0.867472077,-4.300426001
5.7358,0.266208818,0.69128557,-0.777691273,0.341675801,-0.826111437,0.272866013,0.291715551,-0.453384767,0.46317719,-0.166017195,0.575919888,-0.879368813,-0.665790894,-0.088448133,0.540408375,-1.672738874,0.789229498,-3.901923422
5.7409,0.267635858,0.68888472,-0.775282031,0.340849328,-0.823202548,0.268339771,0.288780118,-0.445196074,0.464196094,-0.171718941,0.562833039,-0.902712705,-0.549155993,-0.044224067,0.55012795,-1.715505004,0.752781091,-3.892203847
5.7459,0.269086257,0.686473253,-0.772860249,0.339911113,-0.820202144,0.263733542,0.28147282,-0.450691351,0.458973328,-0.182613272,0.566064652,-0.911335742,-0.485978755,0.010205554,0.578800697,-1.65086983,0.62837053,-3.929624211
5.751,0.270502781,0.684175751,-0.770399029,0.338929518,-0.817292042,0.25904591,0.284974856,-0.452957713,0.469094687,-0.194644867,0.565083291,-0.916531171,-0.39024094,-0.106915326,0.569567101,-1.575543123,0.683772108,-4.043829219
5.7562,0.271982708,0.681876226,-0.768025988,0.337942562,-0.814357771,0.254096875,0.279711657,-0.453719096,0.477175566,-0.19924677,0.561974096,-0.951261351,-0.41745575,-0.222092291,0.707099088,-1.55707593,0.746949346,-3.90678321
5.7612,0.273388715,0.679597533,-0.765669228,0.336933563,-0.811219436,0.249081909,0.280864423,-0.450422678,0.482159958,-0.203883615,0.5663836,-0.973615086,-0.342615022,-0.388297025,0.891285036,-1.579430953,0.520969225,-3.799381905
5.7663,0.274844474,0.677312772,-0.763298918,0.335821418,-0.808296491,0.244105471,0.285169709,-0.465230791,0.48482837,-0.214418395,0.572979036,-0.989855548,-0.377605492,-0.548670014,1.093452198,-1.50264631,0.657043276,-3.915044849
5.7714,0.276254727,0.674922641,-0.760722014,0.334761654,-0.805436445,0.238656285,0.285646381,-0.465486246,0.494897218,-0.222266684,0.577532341,-1.018266522,-0.368857875,-0.545754142,1.004032107,-1.569225399,0.915583974,-3.421290434
5.7765,0.277735464,0.672644555,-0.758133583,0.333644858,-0.802555263,0.233463849,0.281321754,-0.473281491,0.497350293,-0.228902141,0.578445908,-1.046120905,-0.489866585,-0.743547495,0.934537145,-1.61199153,1.184816204,-3.453365032
5.7816,0.279095662,0.670159268,-0.75567297,0.332435029,-0.799632622,0.228282941,0.278815756,-0.484322296,0.504365761,-0.242688168,0.60340133,-1.071374912,-0.433007071,-0.618164976,1.111919391,-1.565337569,1.414198176,-3.620541723
5.7866,0.280517747,0.667698857,-0.753025988,0.331178279,-0.796519062,0.223077662,0.278635044,-0.486616991,0.51891006,-0.247325426,0.60903691,-1.090757762,-0.497642245,-0.547698057,1.017153534,-1.504590225,1.367058237,-3.888316017
5.7917,0.281908484,0.66518738,-0.750389726,0.329947113,-0.793390535,0.217374254,0.273571364,-0.483411548,0.526333872,-0.250330961,0.608664456,-1.123749013,-0.532146737,-0.428147283,0.963695871,-1.561449739,1.367544216,-3.491271374
5.7968,0.283288098,0.662816867,-0.747678633,0.328693902,-0.79018465,0.211670745,0.263991605,-0.483183915,0.523368065,-0.256721412,0.626993436,-1.140537684,-0.555959695,-0.568109164,0.838313352,-1.659131469,1.293675445,-3.218151314
5.8018,0.284604409,0.660269087,-0.745075134,0.327290929,-0.78701891,0.2058198,0.260198444,-0.489092712,0.524184558,-0.268484843,0.633521686,-1.14212003,-0.48792267,-0.444670561,0.940368891,-1.581860847,1.320404277,-2.865330738
5.807,0.285984124,0.657696026,-0.742323794,0.325887147,-0.783795632,0.199785823,0.258718784,-0.488971558,0.535380123,-0.275417719,0.632328098,-1.169710891,-0.542838269,-0.296933019,0.838313352,-1.565823548,1.322834171,-2.336585853
5.812,0.287335019,0.655290727,-0.739526949,0.324463343,-0.780742846,0.193826575,0.252309429,-0.491752644,0.535965047,-0.278853929,0.636318931,-1.180575869,-0.570053079,-0.434465007,0.692519726,-1.592552379,1.675168768,-2.003690406
5.8171,0.288605926,0.652735969,-0.736869046,0.322935888,-0.777400445,0.187800789,0.251570061,-0.501066305,0.540635376,-0.290857094,0.651409592,-1.177056484,-0.489380606,-0.335325341,0.804294839,-1.519655566,1.625112956,-1.668851044
5.8222,0.289924563,0.650184751,-0.734039943,0.32137567,-0.774055213,0.182048438,0.253307119,-0.505235347,0.55258467,-0.301345974,0.655754291,-1.180571884,-0.516595416,-0.239587526,0.658501213,-1.446272774,1.634346552,-1.875877994
5.8273,0.291199717,0.647604207,-0.731240773,0.319823238,-0.770712307,0.175905653,0.25053947,-0.497849491,0.557460617,-0.30814642,0.654334722,-1.200528043,-0.502016054,-0.115662944,0.572482973,-1.442384944,1.738831985,-1.521599481
5.8324,0.292494691,0.645131661,-0.728390029,0.318280109,-0.767262716,0.169731115,0.246186826,-0.496192546,0.552360974,-0.319107428,0.675228626,-1.203541743,-0.537492503,-0.188559757,0.436894901,-1.509450012,1.7407759,-1.167806948
5.8375,0.293662554,0.642506624,-0.725674183,0.316569926,-0.763736273,0.163569522,0.244648242,-0.499880153,0.551894435,-0.332866264,0.685912893,-1.190964346,-0.388783004,-0.021869044,0.554987738,-1.353936811,1.668851044,-0.919471804
5.8426,0.294888765,0.639923147,-0.722785115,0.314889777,-0.760141167,0.157341693,0.246517729,-0.494822062,0.559202146,-0.342051748,0.688602713,-1.209877302,-0.358166342,0.073868771,0.41356792,-1.289301636,1.561935718,-0.607473443
5.8477,0.296124178,0.637478511,-0.719910304,0.313211852,-0.75671352,0.151164021,0.246982616,-0.496465569,0.5535914,-0.342268859,0.696082047,-1.214113749,-0.367399939,-0.056859514,0.316858148,-1.288815658,1.802009223,-0.37468962
5.8528,0.297434119,0.634913237,-0.717181515,0.311443928,-0.753058044,0.144971787,0.241090464,-0.504967913,0.553807879,-0.352078851,0.718246056,-1.198550571,-0.510277693,0.021383065,0.484520819,-1.201825461,1.730084367,-0.158915053
5.8579,0.298633633,0.632488826,-0.714292648,0.309648296,-0.749331783,0.139139448,0.235338905,-0.495753707,0.563202383,-0.355374564,0.72972344,-1.194705629,-0.485006797,-0.12878437,0.405306281,-1.119209072,1.590122486,-0.568109164
5.863,0.299813429,0.630047325,-0.711556376,0.307980079,-0.745588027,0.133283952,0.231609116,-0.483781062,0.554244871,-0.349100554,0.730508515,-1.190709863,-0.440782731,-0.293531168,0.596781911,-1.314086553,1.495356629,-0.986050893
5.8681,0.301023157,0.627566893,-0.708810193,0.306198605,-0.742011225,0.127351704,0.226340644,-0.490600826,0.542813727,-0.356927753,0.737295111,-1.180269606,-0.456334051,-0.420857602,0.840743246,-1.400104793,1.747093623,-1.361226492
5.8731,0.30220002,0.625066741,-0.705987663,0.304413287,-0.738344019,0.120904945,0.22846165,-0.490956246,0.553670833,-0.36003894,0.737924915,-1.183471865,-0.440296752,-0.529230864,1.011321789,-1.544440483,1.942943062,-0.993826554
5.8782,0.303379007,0.622519062,-0.703120133,0.302606431,-0.734592072,0.114831732,0.228577945,-0.490453939,0.561017835,-0.365916221,0.735114087,-1.196383616,-0.457306008,-0.591922123,1.138648222,-1.730084367,2.11935335,-1.26451672
5.8833,0.304529679,0.619788553,-0.700176256,0.30054141,-0.730702599,0.108695318,0.223443555,-0.495249869,0.563806479,-0.374858668,0.758637111,-1.203435581,-0.447100454,-0.385867131,1.192591864,-1.574571166,2.163577416,-1.474459542
5.8885,0.305646981,0.61724148,-0.697017191,0.298524219,-0.726818384,0.102428456,0.225966392,-0.502633976,0.573851757,-0.385049302,0.777170688,-1.196767394,-0.404820303,-0.48014701,0.946686614,-1.558047888,2.274866551,-1.559019845
5.8935,0.306766913,0.61467115,-0.694062393,0.296554859,-0.722892406,0.096089291,0.226752268,-0.503128751,0.585628723,-0.393397737,0.785725785,-1.230315309,-0.396072685,-0.552071865,1.052144004,-1.680514534,2.40802473,-1.574085187
5.8986,0.307901102,0.612091819,-0.691061584,0.29450723,-0.7185766,0.089710588,0.224898381,-0.499927754,0.593115493,-0.394967351,0.801095058,-1.256328294,-0.432035113,-0.646351744,1.113377327,-1.758757114,2.011466066,-1.520141545
5.9037,0.309021135,0.609483669,-0.688026494,0.292344322,-0.714444939,0.083280817,0.216931634,-0.514739075,0.592903169,-0.41012097,0.81878641,-1.264363904,-0.454390136,-0.712930833,1.172666735,-1.726196537,1.977933532,-1.417114049
5.9088,0.310123976,0.606867934,-0.684934776,0.290240368,-0.710248155,0.076403276,0.215497875,-0.522498139,0.61242875,-0.4240386,0.827008417,-1.278022871,-0.460221881,-0.772220241,1.177526523,-1.843317417,1.912812379,-0.635660211
5.9139,0.311247649,0.604218829,-0.681861867,0.288073314,-0.706041056,0.069966023,0.21090591,-0.529038684,0.623900133,-0.432010741,0.826623255,-1.294525252,-0.517081395,-0.799435052,1.231470165,-1.930793593,1.930793593,-0.556445674
5.9191,0.312349075,0.601346344,-0.678723733,0.285696734,-0.701723228,0.063573364,0.205883271,-0.536816458,0.630388581,-0.446772662,0.85175205,-1.297094209,-0.552557844,-0.48792267,1.222722547,-1.754869284,1.842345459,-0.551099908
5.9242,0.313410557,0.598658813,-0.67532885,0.28338467,-0.697389827,0.05706128,0.207154713,-0.545499513,0.639973929,-0.464356394,0.86765082,-1.285083317,-0.549641972,-0.478203095,0.84317314,-1.733972197,1.769934625,-0.399960515
5.9293,0.31447113,0.595950551,-0.672140762,0.281032764,-0.693042977,0.050544646,0.205413403,-0.545645282,0.649509342,-0.474113875,0.872110477,-1.309637102,-0.576856782,-0.448558391,0.817416266,-1.705785429,1.746607645,-0.244447314
5.9346,0.315488725,0.593236829,-0.668953281,0.278660835,-0.688342704,0.044081606,0.203753761,-0.540499739,0.650682179,-0.479757109,0.882482746,-1.315491518,-0.562763398,-0.444670561,0.823248011,-1.720364792,1.228554292,-0.14044786
5.9408,0.316478006,0.590498837,-0.665684397,0.276198908,-0.683871069,0.037604915,0.196604115,-0.551840855,0.646266698,-0.499655169,0.894974368,-1.30917914,-0.521455204,-0.41745575,0.750837176,-1.648439936,1.1162932,-0.02332698
5.946,0.317437961,0.587717767,-0.662371524,0.273715846,-0.679386895,0.030677824,0.196837433,-0.557052054,0.659929796,-0.511570153,0.898632525,-1.304941453,-0.451960242,-0.317830106,0.63614619,-1.587206613,1.022985279,0.805752775
5.9511,0.318449692,0.584965618,-0.659093134,0.271218829,-0.674896349,0.024229447,0.197315344,-0.556011039,0.664123963,-0.513240559,0.891335481,-1.303023052,-0.494240394,-0.27700789,0.5856044,-1.574571166,0.985564915,0.895658845
5.9562,0.319473152,0.581996663,-0.655809283,0.268511781,-0.670347153,0.017766306,0.193260119,-0.555240666,0.659856826,-0.521294053,0.910403611,-1.285709354,-0.578800697,0.096223793,0.560819483,-1.298049254,0.891771015,1.030760939
5.9612,0.320510365,0.579220245,-0.652275761,0.265916877,-0.665825867,0.011317929,0.189882227,-0.554531282,0.659257857,-0.529454439,0.91573091,-1.25300036,-0.707585067,0.160372989,0.172036479,-1.253339209,0.855808587,1.120667009
5.9664,0.321409849,0.576488421,-0.648919102,0.263322176,-0.661326019,0.004901406,0.185537333,-0.548542372,0.661698102,-0.528587938,0.911972812,-1.258271188,-0.641977935,0.150653414,0.077270622,-1.270834444,0.902462548,1.179956417
5.9714,0.322368187,0.573679644,-0.645592881,0.260643139,-0.656457984,-0.001466175,0.180906806,-0.536994399,0.655391823,-0.522196905,0.913182656,-1.249247389,-0.694949619,0.24590525,0.04276613,-1.238273867,0.409194112,1.223208526
5.9766,0.323290626,0.570872889,-0.642259177,0.257858934,-0.651892001,-0.007796339,0.17503543,-0.540517939,0.641294236,-0.530679105,0.916073841,-1.229390273,-0.713416812,0.339213171,0.032074598,-1.10462971,0.423287495,1.230498207
5.9817,0.324164526,0.568147133,-0.63890272,0.25506219,-0.647280514,-0.014157347,0.174840139,-0.538552301,0.647366468,-0.537927381,0.910042966,-1.192569096,-0.685230044,0.323661851,-0.000485979,-0.989938724,0.393642791,1.267432593
5.9868,0.325033977,0.565421883,-0.635606027,0.252283851,-0.642620083,-0.020492062,0.171118927,-0.529086261,0.646462839,-0.535846493,0.891558837,-1.194432266,-0.683772108,0.307624552,0.055401578,-0.954948253,0.347960788,1.279096083
5.9919,0.325861968,0.562550207,-0.632333199,0.249335929,-0.63790454,-0.026727677,0.166983685,-0.525192721,0.640062693,-0.54169306,0.90031994,-1.186562788,-0.642463914,0.525343034,0.165232777,-0.694949619,0.249307101,1.195507737
5.997,0.326750329,0.559902417,-0.628844069,0.246589746,-0.633282233,-0.032973506,0.16151414,-0.524825515,0.6408371,-0.547598966,0.90028738,-1.166256287,-0.721192472,0.403848345,-0.056859514,-0.783883731,0.302278785,1.152741606
6.0021,0.327550612,0.557234806,-0.625569218,0.243885732,-0.6287117,-0.039116695,0.157664945,-0.521601556,0.648768589,-0.549039139,0.894227662,-1.186526679,-0.684258087,0.332409468,0.051027769,-0.975359361,0.467025583,1.011321789
6.0072,0.328349985,0.554621398,-0.622309536,0.241091718,-0.623809384,-0.045085448,0.156204822,-0.51581785,0.648790507,-0.546357314,0.896770667,-1.200267291,-0.677454384,0.177868224,0.173494415,-1.080330772,0.126840455,0.702239301
6.0124,0.329097785,0.552045404,-0.61907119,0.23823602,-0.619251593,-0.05099009,0.154114919,-0.530300625,0.644690426,-0.562993266,0.905311161,-1.206066597,-0.621080849,-0.012635448,0.34747481,-1.126012775,0.334839362,0.362540151
6.0175,0.329897866,0.549360906,-0.615841946,0.235403681,-0.61479462,-0.0569009,0.150632201,-0.529269013,0.664953601,-0.577338047,0.911633574,-1.203668219,-0.676968405,-0.005831745,0.530202821,-1.225152441,0.701753322,0.059775387
6.0226,0.330660532,0.546649611,-0.612439377,0.232406816,-0.610304277,-0.063160886,0.144871336,-0.519700116,0.669522409,-0.578512439,0.917077484,-1.21444023,-0.696893534,0.026728832,0.422315538,-1.104143731,1.036592684,0.340671107
6.0277,0.331393872,0.543932754,-0.608989787,0.229354839,-0.605497826,-0.069436647,0.137408865,-0.526064494,0.661167074,-0.594799798,0.934915723,-1.203979999,-0.688631896,0.064635174,0.26923223,-0.930163337,0.881565461,0.667734809
6.0328,0.332090302,0.541354738,-0.605723228,0.226521387,-0.600960562,-0.075339064,0.135004485,-0.51661748,0.658423626,-0.586569869,0.924902519,-1.208584769,-0.644893808,-0.123924582,0.447100454,-1.152255628,1.202311439,0.418913687
6.0379,0.332742239,0.538763677,-0.602442613,0.223634543,-0.596013652,-0.081582668,0.132173877,-0.506334655,0.652647477,-0.576839408,0.926421883,-1.221587884,-0.558389589,-0.330951532,0.642463914,-1.385039451,0.943284763,0.777080029
6.043,0.333455557,0.536143796,-0.599075033,0.220631914,-0.591337446,-0.087410861,0.128014239,-0.516889166,0.646438175,-0.589653988,0.93555826,-1.196845636,-0.592894081,-0.510277693,0.754239027,-1.50653414,1.161489224,0.48792267
6.0481,0.334126909,0.53347932,-0.595667004,0.217646678,-0.586635555,-0.093433916,0.127788454,-0.525612023,0.663445148,-0.600170471,0.938893362,-1.163284089,-0.587062336,-0.615735082,0.827135841,-1.706757387,1.386011409,0.448072412
6.0533,0.334750733,0.530788553,-0.592249368,0.214555769,-0.581802204,-0.099489332,0.126082085,-0.528418648,0.672298368,-0.608383171,0.932354396,-1.167683655,-0.535548588,-0.695921577,0.890799058,-1.805411074,1.484179117,0.439324794
6.0584,0.335378198,0.527868844,-0.588831328,0.211169683,-0.576882395,-0.105496714,0.125989555,-0.533965415,0.676383579,-0.621690558,0.957371538,-1.166867065,-0.518539331,-0.432035113,0.985078936,-1.496328586,1.499244459,0.384409195
6.0635,0.336061482,0.52513156,-0.585120032,0.207953989,-0.571977854,-0.111557791,0.122768075,-0.541850493,0.684025206,-0.636299371,0.973489363,-1.151125654,-0.617193019,-0.467511562,0.642463914,-1.506048161,1.559991803,0.412109984
6.0686,0.336659217,0.522374052,-0.581631206,0.20470452,-0.56704055,-0.117567803,0.119389769,-0.542613844,0.694611767,-0.643285485,0.98131367,-1.172652205,-0.602613656,-0.483548861,0.668706767,-1.5143098,1.620253168,0.390726919
6.0736,0.337265649,0.519614622,-0.578113055,0.201382344,-0.561679341,-0.123519769,0.116518534,-0.539536384,0.696235228,-0.642485977,0.993191331,-1.179416859,-0.627398572,-0.528744885,0.666762852,-1.483693138,1.056031834,0.344558937
6.0788,0.337837193,0.516837496,-0.574575791,0.19797118,-0.556618667,-0.129533118,0.110908395,-0.554483438,0.691949381,-0.660726364,1.008056619,-1.173349171,-0.618650955,-0.556931653,0.677454384,-1.367544216,0.997714384,0.419399665
6.0838,0.338371322,0.514026899,-0.571011225,0.194609263,-0.551565173,-0.135615836,0.109371463,-0.564978198,0.709575587,-0.673670165,1.013032847,-1.155278027,-0.573940909,-0.521941183,0.661903064,-1.360740513,0.977303276,0.591922123
6.0889,0.338906563,0.511201133,-0.56745222,0.191219638,-0.546416119,-0.141651532,0.108749118,-0.567128265,0.717988414,-0.679545065,1.004641233,-1.171038342,-0.561305462,-0.47237135,0.65169751,-1.35831062,0.865042184,0.719248557
6.0939,0.339400344,0.508157549,-0.563853271,0.187808474,-0.541219537,-0.147678329,0.105917685,-0.569782195,0.716890855,-0.675967265,1.024958377,-1.170856076,-0.508819756,-0.089420091,0.603099635,-1.39718892,0.707099088,0.900032654
6.099,0.339964607,0.505307513,-0.560020326,0.184307817,-0.53608019,-0.153748306,0.099869533,-0.572730336,0.720965204,-0.693672151,1.034227693,-1.159108779,-0.586090378,-0.016523278,0.205569013,-1.350048981,0.635174233,1.184330225
6.1043,0.340461017,0.502505107,-0.556389018,0.180804227,-0.530953079,-0.159692385,0.093297254,-0.570667114,0.729931925,-0.704395904,1.033806228,-1.17906676,-0.567137207,-0.020411108,0.125868497,-1.331095809,0.606015507,1.347619087
6.1094,0.340930124,0.499671858,-0.55280635,0.177209121,-0.525450096,-0.165552735,0.090495076,-0.561022233,0.726189014,-0.704607329,1.036844518,-1.182283769,-0.521941183,0.005345766,0.123924582,-1.224180483,-0.001457936,1.492440756
6.1146,0.341412479,0.496833047,-0.549130043,0.173553342,-0.520298716,-0.171385479,0.088112201,-0.568231315,0.715535266,-0.723929359,1.043132913,-1.174395265,-0.520483246,0.036448407,0.000971958,-1.058947707,-0.053943642,1.672738874
6.1202,0.341851856,0.493972899,-0.545449692,0.169965517,-0.51511083,-0.177248761,0.089120752,-0.570027201,0.724592234,-0.732244188,1.039101574,-1.147674549,-0.477717116,0.119064795,-0.125868497,-1.021041364,-0.172522458,1.944400998
6.1253,0.342305491,0.491109718,-0.541854889,0.166302356,-0.509923551,-0.182995247,0.084109072,-0.562727144,0.726598597,-0.730244968,1.018252866,-1.151610029,-0.479661031,0.204597056,-0.139475903,-0.910724186,-0.259512655,2.10380203
6.1304,0.342733846,0.488097583,-0.538260087,0.162575083,-0.504730205,-0.188657498,0.082075202,-0.559351633,0.719578075,-0.720199302,1.02732451,-1.143868728,-0.457306008,0.526314991,-0.153083308,-0.769790348,-0.352334597,2.24424989
6.1355,0.343179492,0.485307817,-0.534415512,0.158776519,-0.499580847,-0.194282031,0.079615931,-0.55781956,0.714949516,-0.729159827,1.023331417,-1.123990301,-0.482576904,0.510277693,-0.561791441,-0.560333504,-0.402876388,2.410454624
6.1406,0.343588229,0.482497725,-0.530838912,0.155053999,-0.49443149,-0.200220447,0.079616028,-0.551730368,0.712870159,-0.733174424,1.012841104,-1.100894841,-0.47237135,0.544782184,-0.557903611,-0.485978755,-0.453418178,3.15740397
6.1457,0.34400364,0.47968561,-0.527280514,0.151323996,-0.488950753,-0.205736172,0.078864462,-0.53741878,0.702235632,-0.724689454,1.005810547,-1.086383492,-0.49958616,0.581230591,-0.536520545,-0.435436964,-1.039508557,3.343047854
6.1509,0.344388209,0.476895743,-0.523695824,0.14756669,-0.483866114,-0.211153504,0.074097788,-0.539809601,0.682976051,-0.737814258,1.002798815,-1.058249161,-0.497156266,0.596295932,-0.540408375,-0.358652321,-1.027845066,3.496131162
6.1559,0.344745475,0.474152392,-0.520118718,0.143818991,-0.478871574,-0.21652705,0.07200582,-0.534746747,0.68586743,-0.741458345,0.986283507,-1.016206215,-0.46848352,0.566651228,-0.537006524,-0.291101274,-0.898574718,3.669139599
6.1609,0.345120032,0.47147386,-0.516639802,0.140080493,-0.473810699,-0.221705936,0.069202816,-0.526664216,0.684358101,-0.733068894,0.962657431,-1.004870226,-0.487436691,0.443698603,-0.408222154,-0.263400485,-0.864070226,3.655046215
6.166,0.345459703,0.468617454,-0.513174537,0.136310749,-0.468790272,-0.226775913,0.068556075,-0.522731287,0.676698906,-0.719399915,0.971537405,-0.985509294,-0.472857328,0.615735082,-0.266316358,-0.236671654,-0.790687434,3.629289341
6.1711,0.345810092,0.465995551,-0.509474163,0.132507635,-0.463819294,-0.231780969,0.066802154,-0.523437147,0.674553285,-0.728115531,0.973102646,-0.957354285,-0.49958616,0.438352837,-0.505417905,-0.177868224,-0.700781364,3.634149128
6.1762,0.346120032,0.463365457,-0.506057438,0.128807867,-0.458934877,-0.236973405,0.066913176,-0.522590888,0.678340542,-0.729639536,0.962340549,-0.930653082,-0.487436691,0.299848892,-0.316858148,-0.280409742,-0.496670287,4.067156199
6.1813,0.346436141,0.460745475,-0.502732329,0.125174032,-0.453789969,-0.241670846,0.065713051,-0.516736885,0.681198122,-0.726948089,0.963700172,-0.916208918,-0.512221608,0.151625371,-0.009233596,-0.508333778,-0.728968132,3.869362846
6.1863,0.346764991,0.458159875,-0.49941531,0.12155132,-0.449071999,-0.246251795,0.062281506,-0.531009595,0.681272039,-0.752401372,0.97590407,-0.895310957,-0.580258633,-0.029644704,0.306166616,-0.746949346,-0.333867405,3.652616321
6.1914,0.347057438,0.455462736,-0.495858631,0.11769906,-0.444053494,-0.250753666,0.059538254,-0.529575739,0.690138381,-0.755813793,0.962919034,-0.8735654,-0.613305189,-0.010691533,0.236185675,-0.609903337,-0.444670561,3.452879053
6.1966,0.34736212,0.452694711,-0.492298412,0.113782081,-0.439327839,-0.254968349,0.054219848,-0.521720645,0.688335157,-0.74821984,0.964519119,-0.887032236,-0.689117874,0.107401305,0.162802883,-0.410652048,-0.087962155,2.977105852
6.2017,0.347630903,0.449932754,-0.488743857,0.110084639,-0.434317322,-0.259491657,0.049246001,-0.528162245,0.679352933,-0.745602723,0.977301113,-0.86910951,-0.730426068,0.219662397,0.125868497,-0.608445401,-0.222092291,3.170039418
6.2068,0.347856709,0.447253817,-0.485185762,0.106105066,-0.429352311,-0.263991,0.04529808,-0.528392259,0.691432372,-0.750893938,0.974891776,-0.839505142,-0.730426068,0.221120333,0.085532261,-0.380035386,-0.312484339,3.432953924
6.2119,0.34808919,0.444534331,-0.481614926,0.102185357,-0.424366063,-0.268273435,0.039217465,-0.522777576,0.696210516,-0.745569239,0.957500759,-0.833195923,-0.767846433,0.29255921,0.001943915,-0.271176145,-0.423287495,3.487383544
6.217,0.348281222,0.442015472,-0.47804055,0.098473961,-0.419401557,-0.272480433,0.034011223,-0.523117689,0.690074499,-0.750063304,0.968445098,-0.820255815,-0.766388496,0.047139939,-0.085046282,-0.517567374,-0.513193565,3.593326913
6.2221,0.348426737,0.439330367,-0.474698756,0.09452796,-0.414460714,-0.276655981,0.030430605,-0.529709602,0.692364018,-0.764149009,0.967519649,-0.792392952,-0.720220515,0.085532261,0.206540971,-0.383437238,-0.611361274,3.793064181
6.2272,0.348576398,0.436663464,-0.471136515,0.090634645,-0.409450399,-0.280451006,0.025369403,-0.527385554,0.703183898,-0.766178432,0.956287076,-0.780631562,-0.709043003,0.106429347,0.131214264,-0.330951532,-0.838313352,3.534037505
6.2323,0.348684093,0.433931237,-0.467548893,0.08670088,-0.404811407,-0.28436212,0.021869627,-0.518453775,0.705764736,-0.759729494,0.954716028,-0.769894857,-0.657529255,0.221120333,0.000485979,-0.239587526,-0.491324521,3.634635107
6.2374,0.348842552,0.431209627,-0.463944079,0.08297391,-0.399906259,-0.288174436,0.019098358,-0.523719549,0.696266549,-0.76360029,0.963714994,-0.746589114,-0.716818663,0.325605766,-0.146765584,-0.502016054,-0.617193019,3.733288794
6.2426,0.348950956,0.428697745,-0.460557185,0.079299221,-0.39526757,-0.292026191,0.016292559,-0.515662556,0.693784437,-0.761021736,0.945404529,-0.714386947,-0.727996175,0.104485432,0.070466919,-0.876705674,-0.33192349,4.024876047
6.2477,0.34900627,0.426103853,-0.457098392,0.075534028,-0.390259581,-0.29550905,0.01434325,-0.505802752,0.688718594,-0.758608074,0.935264461,-0.693940023,-0.688145917,-0.006803703,0.187587799,-1.164405096,-0.618650955,3.868876867
6.2528,0.34906219,0.423506927,-0.453374659,0.071386996,-0.385317322,-0.299076044,0.010231578,-0.514683357,0.688263524,-0.762383254,0.949679515,-0.67381936,-0.679884278,-0.115176965,-0.104971411,-0.899060696,-0.842201182,4.010782663
6.258,0.34907564,0.420929214,-0.449903731,0.067225806,-0.380396602,-0.302590859,0.007034494,-0.517694044,0.6923144,-0.785218278,0.951521495,-0.646492095,-0.630800424,-0.24201742,0.000485979,-0.620108891,-1.107059603,4.22655723
6.2631,0.349101325,0.41828921,-0.446492567,0.063093437,-0.375496006,-0.305694307,0.001540966,-0.517177983,0.693467068,-0.79630219,0.936921163,-0.631052914,-0.6244827,-0.277979848,0.194391502,-0.368857875,-1.383581515,3.953923149
6.2682,0.349138234,0.415437961,-0.442958843,0.059200829,-0.370953484,-0.308847507,-0.001021066,-0.518161216,0.687706835,-0.781663319,0.932694217,-0.616736733,-0.659959149,0.013121426,0.208484886,-0.534090652,-1.129900605,3.946147489
6.2734,0.349129639,0.4127838,-0.43920629,0.055256649,-0.366428557,-0.311922237,-0.00382769,-0.520521444,0.688376417,-0.79469829,0.922321851,-0.596534815,-0.65169751,-0.009233596,-0.111775114,-0.649753595,-0.890313079,3.986969704
6.2785,0.349075538,0.410136718,-0.435711599,0.051335322,-0.361964911,-0.315087673,-0.006092716,-0.521348677,0.6930977,-0.795318569,0.906485431,-0.56927216,-0.599697783,-0.038392322,-0.029158725,-0.818388223,-0.560819483,4.33201462
6.2835,0.349032663,0.407470927,-0.432224997,0.047336131,-0.357108606,-0.317927394,-0.010992232,-0.514354933,0.690591605,-0.792708693,0.895141934,-0.553270702,-0.58949223,-0.049569833,0.061233323,-0.912182123,-0.856780545,4.332986578
6.2887,0.349002022,0.404807665,-0.428660936,0.043025483,-0.352535949,-0.320708464,-0.013298298,-0.524150539,0.682974179,-0.797082015,0.895495581,-0.53177438,-0.622052806,-0.063177238,0.046167982,-0.551585887,-0.725080302,4.432612223
6.2937,0.348928911,0.402127111,-0.42510901,0.03897836,-0.347960158,-0.323497725,-0.016221947,-0.528573165,0.697146511,-0.805309174,0.886733335,-0.504149792,-0.613791167,-0.029158725,0.04276613,-0.630314445,-0.627398572,4.72614339
6.2988,0.34881535,0.399500253,-0.421602083,0.034905451,-0.343380827,-0.325970978,-0.019046868,-0.527937286,0.702664532,-0.80933959,0.871512845,-0.489347827,-0.566651228,-0.077756601,0.082616388,-0.684258087,-0.533118694,4.715937837
6.3039,0.348704419,0.396680352,-0.418094651,0.030763778,-0.338850541,-0.328251896,-0.018731055,-0.52918506,0.699912604,-0.802168974,0.88735235,-0.468968089,-0.553043823,0.183213991,0.121980667,-0.672108618,-0.391698876,4.613882298
6.3092,0.348599151,0.394034685,-0.414335929,0.026588735,-0.334365153,-0.330514208,-0.022290582,-0.534869311,0.700292105,-0.820040186,0.89446601,-0.444520418,-0.575884824,0.183699969,-0.235213717,-0.627884551,-0.23812959,4.679975409
6.3143,0.348462534,0.391372232,-0.410801598,0.0225135,-0.329768733,-0.332783193,-0.026788267,-0.534732022,0.706285973,-0.827158925,0.890768684,-0.411566368,-0.568595143,0.231325887,-0.252708952,-0.74160358,-0.284297572,4.938516106
6.3195,0.34833967,0.388706239,-0.407296592,0.018342603,-0.324908282,-0.334749823,-0.02935681,-0.525125388,0.703037205,-0.827033226,0.891270578,-0.388952003,-0.605529528,0.282353657,-0.24201742,-0.732369983,-0.770276326,4.906441508
6.3247,0.348178886,0.386055921,-0.40373334,0.013885529,-0.320371928,-0.336635049,-0.033259657,-0.530904332,0.693011269,-0.832656389,0.899205883,-0.362631321,-0.606015507,0.318316084,-0.318316084,-0.293045189,-0.789715477,4.951151554
6.3297,0.347985236,0.383399434,-0.400199413,0.009719284,-0.315882496,-0.338500657,-0.037885324,-0.530116171,0.703423728,-0.841353295,0.900730908,-0.332407694,-0.574912867,0.391212898,-0.366427981,-0.319288042,-0.795061243,5.163038291
6.335,0.347804834,0.380764688,-0.396725655,0.005540904,-0.311335727,-0.340033067,-0.040349042,-0.525610735,0.704110052,-0.839239628,0.885339013,-0.311433216,-0.587548315,0.443212624,-0.356708406,-0.333867405,-0.917527889,5.054665029
6.3402,0.347587016,0.377958641,-0.393223481,0.001293761,-0.306858226,-0.341464354,-0.043914255,-0.520769731,0.698059835,-0.82561655,0.895689024,-0.286098657,-0.564221334,0.783883731,-0.405306282,-0.282353657,-0.973415446,5.004123238
6.3456,0.34733785,0.375386591,-0.389495803,-0.002984731,-0.302355648,-0.342867428,-0.047986952,-0.516134757,0.693183888,-0.836744394,0.896995918,-0.256451985,-0.510763671,0.775622093,-0.825677904,-0.200709226,-1.146423883,5.1124965
6.351,0.34710446,0.372798766,-0.386056325,-0.00724148,-0.297847811,-0.344166751,-0.049717303,-0.505445023,0.690023812,-0.841602553,0.890199092,-0.219848576,-0.50347399,0.813528436,-0.814014414,-0.139961881,-1.386497387,5.245168701
6.3561,0.346837193,0.370222065,-0.382610173,-0.011460714,-0.293352513,-0.345202751,-0.052421168,-0.491375646,0.680150351,-0.837987625,0.871132299,-0.193035913,-0.463623732,0.840743246,-0.839771288,-0.146279605,-1.645524064,5.15574861
6.3612,0.346584184,0.367689352,-0.379164526,-0.015985438,-0.288964911,-0.346151279,-0.053213775,-0.492965283,0.660037999,-0.837161218,0.874487108,-0.164398521,-0.46848352,0.825677904,-0.865042184,0.327063702,-1.801037265,5.137281417
6.3663,0.346296794,0.365217818,-0.375748205,-0.020237638,-0.284625645,-0.347029022,-0.055393511,-0.486372325,0.660882071,-0.841553858,0.863729336,-0.1315189,-0.440296752,0.751809134,-0.862126311,0.383437238,-1.972101787,5.205804421
6.3714,0.346024168,0.362777632,-0.372405703,-0.02442249,-0.280194964,-0.347589746,-0.056075606,-0.478583592,0.65882349,-0.831622202,0.842403617,-0.105136085,-0.457306008,0.64780968,-0.78825754,0.344072958,-2.355053046,4.969618747
6.3764,0.345718677,0.36017474,-0.369062089,-0.028595611,-0.275916473,-0.348060471,-0.058575918,-0.47313803,0.651018112,-0.814993807,0.84045873,-0.08378004,-0.442726646,0.824219968,-0.746463367,0.262428528,-2.591724699,4.801956076
6.3816,0.345389423,0.357772373,-0.365518253,-0.032758621,-0.271740419,-0.348493376,-0.062405261,-0.473077647,0.645830993,-0.826267202,0.828399726,-0.061298104,-0.405306282,0.714874748,-1.052144004,0.171064522,-2.791947946,4.783974862
6.3867,0.345086561,0.355416523,-0.362244817,-0.036913136,-0.267691172,-0.348766812,-0.064871044,-0.466203089,0.646583677,-0.831193277,0.810165317,-0.032894663,-0.424259453,0.560819483,-0.973901425,0.102541517,-2.901293166,4.705732283
6.3918,0.34480453,0.353076347,-0.359098392,-0.041001315,-0.263637577,-0.348869653,-0.067138135,-0.45923911,0.643132694,-0.830418457,0.779112003,-0.017712784,-0.494240394,0.391698876,-0.742575537,-0.060747344,-3.107834137,4.556536805
6.3969,0.344440995,0.350783699,-0.355946304,-0.045308424,-0.259760441,-0.348932652,-0.068682405,-0.471294251,0.636526298,-0.839673291,0.769622563,0.001304634,-0.454876114,0.176896267,-0.547698057,0.141419818,-3.144768522,4.555078869
6.402,0.344047123,0.348343513,-0.352588432,-0.049651532,-0.25562251,-0.348912731,-0.071253014,-0.469053111,0.635042192,-0.829734709,0.731155887,0.017978881,-0.38635311,0.227924036,-0.705641152,0.409194112,-3.71141975,4.628947639
6.4071,0.343674082,0.345900799,-0.349267469,-0.053993528,-0.251821721,-0.348730812,-0.072052547,-0.462080555,0.626047965,-0.806488863,0.696510583,0.045596957,-0.368857875,0.281381699,-0.828107798,0.644893808,-3.829998567,4.640125151
6.4123,0.343317322,0.343483365,-0.346185054,-0.058135807,-0.248246435,-0.348434018,-0.072158514,-0.469135703,0.625812046,-0.79250395,0.684435955,0.062759977,-0.3980166,0.310540424,-0.59726789,0.533604673,-3.731830858,4.664910067
6.4174,0.342932248,0.341185459,-0.343098999,-0.062023258,-0.244974618,-0.348042168,-0.074939188,-0.461288774,0.622030257,-0.795491164,0.665848604,0.080341886,-0.399960515,0.162802883,-0.400932473,0.022355023,-3.310973256,4.753358201
6.4225,0.34257205,0.338860754,-0.339930327,-0.065838305,-0.24177025,-0.34748832,-0.077649564,-0.452472779,0.615915842,-0.801985492,0.649383304,0.111524859,-0.45682003,0.040822215,-0.346016873,-0.58949223,-2.918302423,4.779115075
6.4277,0.34217747,0.336539084,-0.33658833,-0.070200526,-0.238482354,-0.346831732,-0.077492228,-0.461045007,0.615362142,-0.804101031,0.640776304,0.135014836,-0.480632988,-0.084074325,-0.581716569,-0.334353383,-2.791947946,4.830142844
6.4328,0.34174598,0.334070381,-0.333498534,-0.074529882,-0.235124077,-0.346145414,-0.080038854,-0.471872638,0.621050524,-0.82726324,0.634156544,0.159639599,-0.468969498,0.056373536,-0.450988284,-0.110803156,-2.91927438,5.03862773
6.4379,0.341331783,0.331767823,-0.330415714,-0.078643442,-0.231851047,-0.345312873,-0.082404672,-0.469273502,0.620886457,-0.819446296,0.608062182,0.181476252,-0.504931926,-0.055887557,-0.344558937,-0.21869044,-3.026675685,5.230589338
6.4431,0.34093336,0.329263121,-0.327298918,-0.082782688,-0.228766104,-0.344360502,-0.085632251,-0.468026967,0.613879786,-0.805841102,0.601222639,0.204726399,-0.587062336,0.150167435,-0.301792807,-0.332895447,-2.953292893,5.462401204
6.4481,0.340452422,0.326874406,-0.323998685,-0.086949237,-0.225807867,-0.343278693,-0.089145051,-0.472819373,0.611728892,-0.820399762,0.590850249,0.231021349,-0.558875568,0.182728012,-0.559361547,-0.420857602,-2.820134714,5.724829732
6.4533,0.339985236,0.324515017,-0.320938518,-0.091144706,-0.222850238,-0.341841946,-0.092349061,-0.473287881,0.614922963,-0.828226741,0.575774046,0.267350399,-0.574912867,0.187101821,-0.462165796,-0.450016327,-2.810415139,5.646101173
6.4584,0.339531297,0.322107999,-0.31787117,-0.095311255,-0.2198198,-0.340298008,-0.096234436,-0.465802156,0.611140348,-0.82932204,0.555057938,0.296144932,-0.634688254,0.268260273,-0.402876388,-0.537978482,-3.025703727,5.619372342
6.4635,0.339034382,0.319720194,-0.31471261,-0.099790879,-0.216994135,-0.338729497,-0.097829054,-0.471394605,0.601489466,-0.834807501,0.549605936,0.326995762,-0.653155446,0.330951532,-0.493268436,-0.138989924,-3.04417092,5.786063055
6.4686,0.338494994,0.317377389,-0.311593993,-0.104004551,-0.214202953,-0.337030539,-0.102582291,-0.472057359,0.609520605,-0.846991353,0.535220917,0.356917741,-0.630800424,0.350390682,-0.545268163,-0.150653414,-3.15351614,5.982398472
6.4737,0.337970371,0.315058348,-0.30854869,-0.108254222,-0.211420467,-0.334977146,-0.107539493,-0.468384429,0.611462041,-0.844623786,0.515435725,0.399083324,-0.653641425,0.346988831,-0.52680097,-0.096709772,-3.378524303,5.838062781
6.4788,0.337405299,0.312561938,-0.305490646,-0.112539792,-0.208875114,-0.332875316,-0.109763477,-0.46372258,0.604364807,-0.835986534,0.509422686,0.433720487,-0.637604126,0.638090105,-0.551585887,-0.008261639,-3.375608431,5.833202994
6.4838,0.336801294,0.310244312,-0.302266357,-0.116808171,-0.206404186,-0.330655678,-0.114756034,-0.460799345,0.600259235,-0.851855612,0.499796783,0.466649946,-0.584146463,0.664332958,-0.860182396,0.063663217,-3.425178264,5.870137379
6.4889,0.336216604,0.307960057,-0.299254222,-0.121062999,-0.203948428,-0.32804864,-0.119632394,-0.453301519,0.602257215,-0.858086734,0.4870196,0.507396349,-0.580258633,0.658501213,-0.871845886,0.153569287,-3.615195957,5.503709398
6.4947,0.335597027,0.305645869,-0.296217616,-0.125346243,-0.201484579,-0.325452422,-0.121542728,-0.443974104,0.596889701,-0.85379457,0.461180158,0.536414796,-0.542838269,0.712444855,-0.969041637,0.301792807,-3.968016533,5.364719474
6.4998,0.334986146,0.303382243,-0.293220953,-0.129906158,-0.199267975,-0.322793103,-0.12373301,-0.448085655,0.583533425,-0.849163217,0.444108429,0.56126741,-0.544782184,0.717790621,-1.027845066,0.901976569,-4.083193498,5.351112069
6.5049,0.334346446,0.301136212,-0.290293558,-0.134126706,-0.197137425,-0.320043887,-0.129501626,-0.444190146,0.587881915,-0.844734273,0.424794734,0.578986511,-0.51902531,0.737229771,-1.020069406,0.989938724,-4.239678657,5.437130309
6.5099,0.333681464,0.298924563,-0.287366973,-0.138297199,-0.19509192,-0.316937709,-0.132193705,-0.435451884,0.58503352,-0.833767482,0.401689433,0.612732754,-0.468969498,0.723622366,-1.073527069,1.029788981,-4.438443968,5.180047547
6.5153,0.333035797,0.296599858,-0.284462534,-0.142501669,-0.193069673,-0.31375316,-0.135229931,-0.429337153,0.577144919,-0.812929515,0.369228191,0.638981487,-0.46848352,0.911696144,-1.136704307,1.133302456,-4.769881478,5.002665302
6.5203,0.33231621,0.294475174,-0.281379614,-0.146649004,-0.191287491,-0.310515623,-0.138138586,-0.426597205,0.566782369,-0.816073336,0.345977533,0.657667273,-0.365942002,0.814500393,-1.526459269,1.181900332,-4.901581721,4.96038515
6.5254,0.331624027,0.292305289,-0.278571645,-0.15068915,-0.189570027,-0.306912428,-0.140517841,-0.419666614,0.557494538,-0.813680838,0.313736998,0.688722263,-0.320745978,0.822762032,-1.527917205,1.127470711,-5.126103906,4.535639719
6.5305,0.330948124,0.290161695,-0.275795935,-0.154763879,-0.187998888,-0.303371119,-0.137314464,-0.407625105,0.543789354,-0.799434784,0.277489519,0.713230512,-0.322203914,0.805752775,-1.529375141,1.168292927,-5.303000172,4.387416198
6.5356,0.33027839,0.288065123,-0.27302973,-0.159083426,-0.186740722,-0.299815755,-0.135666825,-0.409668573,0.525270672,-0.786456454,0.249348652,0.727243904,-0.360596236,0.743547495,-1.552702122,1.630458722,-5.17907559,4.411715136
6.5408,0.329580342,0.286036303,-0.270353019,-0.163034786,-0.185529983,-0.296160785,-0.138855842,-0.40822592,0.524071568,-0.775811576,0.223969432,0.737037396,-0.371773747,0.616221061,-1.490010862,1.552702122,-5.195598868,4.495303482
6.5458,0.328860552,0.283951158,-0.267748003,-0.166910304,-0.184413793,-0.292208515,-0.140261584,-0.402638939,0.519549681,-0.761231606,0.195321495,0.768918477,-0.362054172,0.60504355,-1.38941326,1.402048708,-5.276271341,4.29313632
6.5509,0.328150976,0.281755992,-0.265133178,-0.170797047,-0.183418546,-0.288234503,-0.137069166,-0.398859628,0.50801048,-0.739802518,0.158766465,0.787992026,-0.393156813,0.792631349,-1.360254535,1.293189467,-5.364719474,4.225099294
6.556,0.327443523,0.279718778,-0.262399636,-0.174606937,-0.182654667,-0.284245424,-0.136329603,-0.40001735,0.498447973,-0.745744167,0.133639589,0.801196895,-0.457306008,0.766388496,-1.569225399,1.110461455,-5.292794618,4.328612769
6.5611,0.326705734,0.277743756,-0.259913641,-0.178390737,-0.182009607,-0.279827788,-0.1412714,-0.396395691,0.494690361,-0.748251283,0.111035454,0.827492549,-0.492296479,0.680370257,-1.447244732,0.964667828,-5.261691978,3.927194318
6.5661,0.325946203,0.275801598,-0.257483163,-0.182140762,-0.181473253,-0.275599656,-0.145257154,-0.388815783,0.487737536,-0.743611863,0.082947413,0.848522113,-0.506389862,0.562763398,-1.302909042,0.817416266,-5.281131128,3.986969704
6.5712,0.325157852,0.273910001,-0.255038325,-0.186055617,-0.181282738,-0.27128648,-0.147850094,-0.396560875,0.479903413,-0.7469856,0.060691044,0.860826658,-0.492782457,0.396558664,-1.234386037,0.983621,-4.96816081,4.089025243
6.5762,0.324349277,0.271875417,-0.252481849,-0.189891091,-0.181031752,-0.266936495,-0.154814072,-0.392568608,0.474016315,-0.740273237,0.031328766,0.867138161,-0.459735902,0.4918105,-1.39718892,1.073527069,-4.961357108,4.341734195
6.5813,0.323529073,0.269803317,-0.250005764,-0.193743351,-0.180794823,-0.262306907,-0.159686398,-0.382668686,0.462104951,-0.720543277,0.001536227,0.904119201,-0.415511835,0.654127404,-1.482721181,1.210573078,-5.127075863,4.325696896
6.5864,0.322731217,0.26776307,-0.247761048,-0.197369198,-0.180867327,-0.257643847,-0.159844366,-0.381902541,0.457279134,-0.712398298,-0.028162858,0.933453972,-0.423773474,0.785827647,-1.25285323,1.005976022,-4.995375621,4.401509582
6.5915,0.321990697,0.265937506,-0.245428456,-0.200875215,-0.181128122,-0.252948933,-0.160205472,-0.384253973,0.457306203,-0.732718212,-0.045322986,0.954890543,-0.549155993,0.618164976,-1.231470165,0.686202002,-4.775713223,4.601732829
6.5966,0.321164627,0.263960866,-0.243101224,-0.20460087,-0.181380625,-0.247802609,-0.163998221,-0.374425175,0.453015059,-0.731585176,-0.070736419,0.992476553,-0.561305462,0.719734536,-1.266946614,0.794575264,-4.78105899,4.244052466
6.6017,0.320304682,0.262106785,-0.24079816,-0.208343311,-0.181812317,-0.242661341,-0.16671873,-0.369975456,0.440431635,-0.716304206,-0.088148892,1.014890768,-0.540894354,0.641491956,-1.310198723,0.950088466,-4.707190219,4.046259112
6.6068,0.319462534,0.26020902,-0.238666195,-0.212027606,-0.182412074,-0.237435029,-0.171700328,-0.371586184,0.437090021,-0.720885504,-0.115393979,1.027942116,-0.568595143,0.66724883,-1.126984732,1.04971411,-4.564798444,3.890745911
6.6119,0.318552028,0.258320255,-0.236437759,-0.215660936,-0.18305228,-0.232321266,-0.178506241,-0.368541065,0.436690449,-0.718049307,-0.141323059,1.048784773,-0.49958616,0.715360727,-1.160517266,1.131358541,-4.538555591,4.091455137
6.617,0.317665891,0.256419759,-0.234201031,-0.219288806,-0.18374507,-0.226749419,-0.180568954,-0.360059594,0.42986964,-0.701338612,-0.162729549,1.084850496,-0.485006797,0.805752775,-1.264030741,1.238759846,-4.616798171,3.696840388
6.6222,0.316743351,0.254655981,-0.231985438,-0.222633027,-0.184734149,-0.221172414,-0.181256735,-0.35688122,0.418696916,-0.693327301,-0.187773297,1.103915248,-0.435436964,0.702725279,-1.378235749,0.918499847,-4.4102572,3.421290434
6.6273,0.315837092,0.252927091,-0.229866417,-0.226145616,-0.185717565,-0.215495601,-0.183867972,-0.348870225,0.419279434,-0.695011217,-0.210026969,1.110815272,-0.432521092,0.566165249,-1.399618814,0.915097995,-4.395191858,3.142824607
6.6324,0.314944079,0.251156639,-0.22776489,-0.229728284,-0.186794115,-0.209639296,-0.183227136,-0.338684256,0.413283064,-0.688927808,-0.232519548,1.144492117,-0.473343307,0.500558117,-1.466197903,1.072069133,-4.414631009,2.691836323
6.6375,0.314005562,0.249411973,-0.225732632,-0.233276064,-0.187976438,-0.203801497,-0.182527789,-0.34127739,0.394512863,-0.670543936,-0.250372926,1.158284048,-0.470427435,0.410166069,-1.466197903,1.195507737,-4.456425181,2.351651194
6.6426,0.313035191,0.247662655,-0.223770654,-0.23663697,-0.189232076,-0.198304176,-0.18728919,-0.340984928,0.388924424,-0.664567005,-0.268539953,1.139312726,-0.436894901,0.35525047,-1.398646856,1.046312259,-4.582779658,2.710789494
6.6478,0.312087673,0.245845889,-0.221854586,-0.239990393,-0.190621296,-0.192572252,-0.188530768,-0.339142412,0.38167418,-0.65487032,-0.285545735,1.161097039,-0.456334051,0.427175325,-1.317974383,0.92092974,-4.704760325,2.844433652
6.6529,0.311105268,0.244092426,-0.219927697,-0.243368187,-0.192266761,-0.18676216,-0.189620794,-0.332241806,0.375023633,-0.640551077,-0.315383859,1.172191837,-0.442240667,0.407250197,-1.309712744,0.849976842,-4.611452404,2.964956383
6.658,0.310128021,0.242369805,-0.217972292,-0.24668379,-0.193996764,-0.180865912,-0.187587143,-0.33694365,0.36093161,-0.649401382,-0.341533962,1.176163668,-0.464109711,0.357680364,-1.390871196,0.719248557,-4.560910614,3.095684668
6.6632,0.309114875,0.24060451,-0.216097785,-0.250005157,-0.195821418,-0.174411265,-0.191824003,-0.340013772,0.357656259,-0.650214133,-0.365475803,1.190680801,-0.451474263,0.411138027,-1.394273048,0.656071319,-4.543415379,2.472659904
6.6683,0.308081505,0.238828496,-0.21427475,-0.253367176,-0.197705734,-0.168196076,-0.195659032,-0.336761797,0.350493783,-0.647262055,-0.386188728,1.210272768,-0.419399665,0.505903884,-1.379207706,0.693977662,-4.623601873,2.327838235
6.6734,0.307068966,0.237104055,-0.2124414,-0.256914248,-0.199871676,-0.161985742,-0.196382168,-0.342630987,0.341758096,-0.645227456,-0.418085627,1.219556784,-0.438352837,0.551099908,-1.43606722,1.064779452,-4.433098201,2.280698296
6.6785,0.306037213,0.235395692,-0.21071979,-0.260177773,-0.202191121,-0.15564051,-0.203667135,-0.342358474,0.343943494,-0.647676473,-0.445789502,1.218923311,-0.438838816,0.611847252,-1.38552543,1.039022578,-4.157062269,2.13490467
6.6837,0.305043988,0.23373334,-0.20902073,-0.263483062,-0.204565275,-0.149188088,-0.208777955,-0.339195919,0.338890554,-0.647794931,-0.469772481,1.253065967,-0.50736182,0.62837053,-1.375319876,1.146423883,-3.952465213,1.886083547
6.6888,0.30401891,0.232049146,-0.207319446,-0.266757609,-0.207153302,-0.142795025,-0.20905698,-0.329879876,0.331448542,-0.637786247,-0.501603312,1.272828293,-0.545268163,0.696893534,-1.429263518,1.255283124,-3.542299144,1.75632722
6.6939,0.302948326,0.230403377,-0.205604813,-0.269923956,-0.209723228,-0.136349985,-0.21002347,-0.329643958,0.319969093,-0.646316073,-0.528729601,1.276315677,-0.539436418,0.728482153,-1.558047888,1.260142911,-3.273552892,1.607617721
6.6995,0.301849934,0.228717464,-0.20399282,-0.273100212,-0.212338356,-0.129470927,-0.217231629,-0.325341345,0.316841673,-0.645254258,-0.544285174,1.287996711,-0.506875841,0.860668375,-1.588178571,1.367544216,-3.054376474,0.824705947
6.7047,0.300782486,0.227075033,-0.202403883,-0.276233593,-0.215058954,-0.123004854,-0.221805709,-0.316243944,0.310020135,-0.633371737,-0.558142032,1.302259094,-0.535062609,0.951060423,-1.658159511,1.464739967,-2.795835776,0.717790621
6.7099,0.29967661,0.225493275,-0.200822833,-0.279534331,-0.217937304,-0.116515017,-0.220965768,-0.315626556,0.298257943,-0.619697462,-0.581158301,1.304214915,-0.526314991,0.983135021,-1.782570073,1.877821909,-2.385669707,0.588034293
6.7151,0.298478613,0.223989382,-0.199361614,-0.282583982,-0.220845788,-0.109990899,-0.222486881,-0.312310894,0.294276514,-0.610385331,-0.593905281,1.290647457,-0.3980166,0.940368891,-1.791803669,1.956550467,-2.008550194,0.456334051
6.7205,0.29734503,0.222451411,-0.197936596,-0.285563454,-0.22375852,-0.103450602,-0.223414396,-0.30591828,0.286291761,-0.596592476,-0.594884504,1.314093235,-0.393642791,0.992368617,-1.828252076,1.998830618,-1.720364792,0.309082488
6.7257,0.296182122,0.220904237,-0.196528567,-0.288547174,-0.226851856,-0.096953281,-0.224808353,-0.291845696,0.273249331,-0.574659308,-0.601818619,1.319096022,-0.361082215,1.084218602,-1.910382485,2.107203881,-1.227582335,0.20313912
6.7312,0.295034988,0.219403074,-0.195131965,-0.291410052,-0.229798564,-0.090432703,-0.223836396,-0.285501462,0.260068372,-0.5695862,-0.603552907,1.312013683,-0.37468962,1.13184452,-2.043540664,2.099428221,-1.030760939,0.074840728
6.7363,0.293867631,0.217921023,-0.193868339,-0.294263626,-0.232745576,-0.08345313,-0.230119834,-0.277788396,0.253426913,-0.559705693,-0.60090685,1.306930467,-0.368857875,1.192105886,-2.04888643,2.175726885,-0.895658845,-0.773678178
6.7414,0.292741834,0.216496612,-0.192647993,-0.297089594,-0.235714632,-0.07690363,-0.23494016,-0.265897298,0.241715578,-0.540350568,-0.589013711,1.306311841,-0.433979028,1.196965673,-2.074643304,2.287501999,-0.801378967,-0.960779998
6.7465,0.291591263,0.215142987,-0.191404591,-0.299994843,-0.238776216,-0.070445242,-0.235727081,-0.26331262,0.226310538,-0.521178731,-0.592390777,1.290222348,-0.475287222,1.133788435,-2.215577143,2.599500359,-0.618164976,-1.029303003
6.7515,0.290308525,0.213775508,-0.190295682,-0.302652139,-0.241805238,-0.063913945,-0.236555456,-0.257394201,0.216320346,-0.50907786,-0.58652686,1.258819227,-0.327549681,1.145937904,-2.227240633,2.61116385,-0.528258906,-1.198909588
6.7566,0.289093235,0.212430681,-0.189242188,-0.305236829,-0.24477834,-0.057424613,-0.236866215,-0.25017642,0.206441078,-0.494442051,-0.577172377,1.264050666,-0.306652594,1.167320969,-2.247651741,2.61505168,-0.585118421,-1.328179937
6.7617,0.287894732,0.211102943,-0.188188391,-0.307818789,-0.247972191,-0.051035393,-0.235428641,-0.241245661,0.192162755,-0.472936033,-0.575278493,1.251456284,-0.332895447,1.203283397,-2.36137077,2.709331558,-0.336783277,-1.361226492
6.7668,0.286704419,0.209858125,-0.187173324,-0.310228335,-0.250966326,-0.044679037,-0.233215421,-0.240368688,0.175018785,-0.466593743,-0.575232908,1.228372317,-0.3980166,1.159545309,-2.499874715,2.637892681,-0.435436964,-1.362684428
6.7719,0.285489332,0.208705329,-0.186306401,-0.31253241,-0.253912226,-0.037975528,-0.239743039,-0.236681689,0.162054087,-0.458496195,-0.572545494,1.213806198,-0.439324794,1.027359088,-2.495986885,2.527089525,-0.642463914,-1.945858934
6.777,0.284216503,0.207581252,-0.185501466,-0.314805946,-0.256851856,-0.031813935,-0.244638935,-0.23394298,0.148139446,-0.444832246,-0.56301341,1.206725074,-0.39412877,0.898574718,-2.494528948,2.479949586,-0.917527889,-1.72911241
6.7821,0.282975124,0.206478309,-0.184752452,-0.317167964,-0.259860249,-0.02570179,-0.247675986,-0.2318263,0.132779577,-0.428261196,-0.577791343,1.190515034,-0.410166069,0.78048188,-2.501332651,2.672883151,-1.126498754,-1.495842607
6.7872,0.281675498,0.20529012,-0.184164728,-0.319304379,-0.262857923,-0.019669633,-0.254810227,-0.228263978,0.123281462,-0.420828783,-0.588912481,1.166294217,-0.339213171,0.837341395,-2.353109131,2.617967552,-1.376777812,-1.154685521
6.7923,0.280447871,0.204143897,-0.183607038,-0.321250177,-0.265786025,-0.013735565,-0.251070111,-0.218652995,0.11706871,-0.411040175,-0.59858426,1.188573355,-0.399474536,0.853864672,-2.269034806,2.379837962,-1.786943881,-0.719248557
6.7974,0.279213267,0.203043685,-0.183011528,-0.323267267,-0.268778238,-0.008246132,-0.247433993,-0.216128384,0.102143549,-0.401127617,-0.608367693,1.187345942,-0.48403484,0.826163883,-2.345333471,2.3652586,-2.166493289,0.360596236
6.8025,0.277940742,0.201952472,-0.1825586,-0.32517474,-0.271869451,-0.001906057,-0.253173767,-0.211505608,0.090272182,-0.389151424,-0.617610669,1.180070184,-0.532146737,0.820818117,-2.284586126,2.276324487,-2.481893501,0.095737815
6.8076,0.276640409,0.200914349,-0.18210992,-0.327127111,-0.275093538,0.004068157,-0.255346578,-0.208036327,0.078493855,-0.376872126,-0.625067065,1.186996013,-0.553529802,0.764444581,-2.312772894,2.354567067,-2.70058394,0.430577177
6.8127,0.27534776,0.199777834,-0.181760744,-0.329128426,-0.278461725,0.010073213,-0.257250813,-0.20110005,0.066190987,-0.36045139,-0.656566556,1.183107551,-0.613305189,0.895658845,-2.276324487,2.603874168,-2.780770435,0.735771835
6.8178,0.273919405,0.198738497,-0.181450804,-0.330918799,-0.281887451,0.016234098,-0.260495863,-0.196116897,0.050332941,-0.349434543,-0.68290189,1.169507533,-0.480632988,0.902462548,-2.264175019,2.619425488,-2.836657992,0.860182396
6.823,0.272560016,0.197756295,-0.181272323,-0.332685206,-0.285361513,0.022437961,-0.264505188,-0.191704598,0.037824869,-0.332718867,-0.701200084,1.19669406,-0.47625918,0.854350651,-2.125671073,2.704957749,-2.908096869,0.943284763
6.8281,0.271223986,0.196734452,-0.181080898,-0.334437759,-0.289232481,0.028613004,-0.268117954,-0.187257358,0.025461423,-0.314547829,-0.721948339,1.215044642,-0.525343034,0.906350378,-2.092624518,2.870190526,-2.4430152,1.054087919
6.8333,0.269851047,0.195785418,-0.180924664,-0.336003742,-0.292942562,0.034869552,-0.268501804,-0.188492303,0.014636246,-0.304798707,-0.740392496,1.220631939,-0.538950439,0.888369164,-2.087764731,2.856097142,-2.318604639,1.055545855
6.8384,0.268453332,0.194867125,-0.180906462,-0.337560522,-0.296684801,0.041549601,-0.277498923,-0.186644199,0.006088804,-0.291273797,-0.754484738,1.233531176,-0.528744885,0.871845886,-1.950232743,2.957180723,-2.225296718,0.40190443
6.8435,0.267042977,0.193961877,-0.180876833,-0.339011831,-0.30052705,0.047808171,-0.282411051,-0.181334371,-0.003316368,-0.278880464,-0.761124958,1.253724881,-0.506389862,0.873789801,-1.916700209,3.018900025,-2.066867644,0.401418451
6.8487,0.265600769,0.19300991,-0.180919911,-0.340458995,-0.304473455,0.054043988,-0.282853826,-0.174230309,-0.014563738,-0.260107347,-0.786771782,1.257140607,-0.453418178,0.982649042,-1.844289374,3.200656079,-1.808326947,0.422801517
6.8537,0.264082111,0.192119628,-0.181021033,-0.341739407,-0.308348266,0.060384063,-0.286794506,-0.170891902,-0.027280733,-0.250007251,-0.798247927,1.245789577,-0.295961062,1.032218875,-1.747093623,3.253141785,-1.711617174,0.312970318
6.8589,0.262652644,0.191301648,-0.1811802,-0.342969158,-0.312303367,0.066717565,-0.291627856,-0.166289076,-0.035033917,-0.239284713,-0.796992109,1.271043439,-0.286241487,1.012293746,-1.625112956,3.380954197,-1.56873942,0.209456843
6.864,0.26125311,0.19045313,-0.181355344,-0.344160886,-0.316524724,0.073072505,-0.29023701,-0.160025684,-0.041412995,-0.219490628,-0.804003859,1.282516668,-0.336297298,1.083732623,-1.549786249,3.596242785,-1.076928921,0.02332698
6.8696,0.259809586,0.189680453,-0.181543432,-0.345120032,-0.320526545,0.079408737,-0.285972765,-0.15792368,-0.047681976,-0.203823815,-0.810733693,1.279428759,-0.344072958,1.082274687,-1.524029375,3.587981147,-0.982163063,-0.144821669
6.8747,0.258336232,0.188935484,-0.181837193,-0.346027505,-0.324507433,0.086169077,-0.290572481,-0.15121783,-0.053573107,-0.187038449,-0.809911539,1.276527855,-0.323175872,1.085190559,-1.396702941,3.654074257,-0.969527616,-0.999658299
6.8799,0.256847204,0.188251188,-0.182133785,-0.346888361,-0.328556477,0.092471534,-0.291268013,-0.143386914,-0.058905995,-0.166955936,-0.799171068,1.276821022,-0.287213444,1.029788981,-1.328665916,3.799381905,-0.922387677,-1.166349012
6.8856,0.255382041,0.187521691,-0.182385074,-0.347670644,-0.332683386,0.098800991,-0.291602343,-0.133807665,-0.062846068,-0.138914743,-0.811660722,1.261551108,-0.305194658,1.079844793,-1.39718892,3.962184788,-0.800407009,-1.421001879
6.8907,0.253801395,0.186850339,-0.182735464,-0.348273031,-0.336759025,0.105161391,-0.293499336,-0.128022501,-0.069157741,-0.116008863,-0.810782534,1.232175952,-0.150167435,1.074013048,-1.370460089,3.983081874,-0.789715477,-1.736402091
6.8958,0.252355041,0.186201638,-0.183133785,-0.348734048,-0.340828395,0.111432299,-0.294406173,-0.123257164,-0.073855576,-0.090596888,-0.804734917,1.235229308,-0.217232503,1.077414899,-1.328665916,3.93011019,-0.84706097,-1.965784063
6.9009,0.250888968,0.185564466,-0.183527859,-0.349207706,-0.345221863,0.117550005,-0.293354199,-0.112862467,-0.080791344,-0.064235384,-0.805105743,1.223307495,-0.2653444,1.10074188,-1.352964853,4.044315197,-0.437866858,-2.047914473
6.906,0.249388007,0.184983416,-0.18396127,-0.349446253,-0.349322378,0.123632925,-0.289871699,-0.106325639,-0.087703541,-0.040047614,-0.806195356,1.194562217,-0.279923763,1.070125218,-1.370460089,3.932540084,-0.527286949,-2.127614989
6.9111,0.247868339,0.184420973,-0.18447659,-0.349634139,-0.353432905,0.130031146,-0.295870743,-0.10082001,-0.097017008,-0.018988381,-0.801100574,1.171007968,-0.276521911,1.052629983,-1.309226765,3.896091677,-0.638090105,-2.758415412
6.9162,0.246387198,0.183879664,-0.184977551,-0.349723228,-0.357552331,0.135948832,-0.296432194,-0.095931963,-0.102717612,0.003394197,-0.787699661,1.156787428,-0.341157086,1.04582628,-1.323806128,3.857699356,-0.802350924,-2.710303516
6.9213,0.244873698,0.183361007,-0.185520376,-0.349684093,-0.361737992,0.141819193,-0.295081562,-0.091282823,-0.10879689,0.03012507,-0.803225637,1.130508953,-0.37468962,1.048256174,-1.329151894,3.758073711,-0.902948526,-2.678714896
6.9264,0.24323157,0.182922237,-0.186144605,-0.349473658,-0.365892709,0.147651229,-0.295858763,-0.090473669,-0.117662212,0.050470886,-0.813720713,1.094870819,-0.22257827,0.973901425,-1.256255081,3.524803909,-1.064293473,-2.641294532
6.9315,0.241671554,0.182466073,-0.186750935,-0.349188695,-0.370012337,0.153329558,-0.298361967,-0.087099907,-0.123334386,0.070009419,-0.817796933,1.097559861,-0.211400758,0.978275233,-1.262572805,3.312917171,-1.321376234,-2.456136627
6.9366,0.240195166,0.182032056,-0.187392557,-0.348929012,-0.374491556,0.158893316,-0.299349233,-0.083160976,-0.129892304,0.085155409,-0.829699816,1.090636486,-0.342615022,0.992368617,-1.265974656,3.280356595,-1.046798238,-2.222866824
6.9417,0.238692487,0.181617656,-0.188023865,-0.348449388,-0.378706239,0.164395591,-0.300072782,-0.078260731,-0.135161821,0.09921334,-0.848608229,1.080295223,-0.448558391,1.01861147,-1.341301363,3.03639526,-1.212516993,-1.992512895
6.9468,0.237182728,0.181276064,-0.18873607,-0.347854687,-0.382896552,0.170178886,-0.312619393,-0.075912895,-0.145477643,0.110046074,-0.864198306,1.075945348,-0.547698057,0.974873382,-1.338871469,2.74383605,-1.432665369,-2.311314958
6.9519,0.235571645,0.180905956,-0.189522601,-0.347267469,-0.387112044,0.175415411,-0.31673313,-0.069555636,-0.153311353,0.125182441,-0.871032455,1.085313148,-0.487436691,1.020555385,-1.265002699,2.582491103,-1.659617448,-1.887541484
6.957,0.233968248,0.180599555,-0.190294772,-0.346562039,-0.391647588,0.180985641,-0.314320391,-0.064923554,-0.158901858,0.136276923,-0.889364643,1.062697373,-0.465567647,1.005004065,-1.266946614,2.338529768,-1.423917752,-2.094568433
6.9621,0.232416119,0.180310244,-0.191100718,-0.345891394,-0.395913338,0.186158863,-0.316307121,-0.05924239,-0.16631058,0.147594907,-0.879677191,1.056631216,-0.554987738,1.004032107,-1.267432593,2.25202555,-1.695579875,-1.733972197
6.9672,0.230822024,0.180031449,-0.191946506,-0.345160279,-0.400582566,0.191555365,-0.317343082,-0.051993701,-0.169470973,0.154997748,-0.882169557,1.061670986,-0.604071592,1.023957236,-1.26062889,2.169409161,-1.42440373,-1.836027736
6.9724,0.229092729,0.179812317,-0.192878249,-0.344275458,-0.405312468,0.196945091,-0.321328424,-0.04649903,-0.176956091,0.16357972,-0.906408671,1.050127022,-0.461193838,0.986536872,-1.171208799,1.939055232,-1.094910135,-2.024587492
6.9775,0.227483062,0.179604207,-0.193787542,-0.343313884,-0.409961776,0.202343614,-0.325413318,-0.039896766,-0.182786742,0.174822231,-0.916198397,1.023183315,-0.526314991,0.969527616,-1.165377054,1.665935171,-0.904892441,-2.283614169
6.9826,0.225761958,0.179398524,-0.194759531,-0.342353524,-0.414635757,0.207602083,-0.333140745,-0.031546169,-0.193559701,0.18611436,-0.910063425,1.024529476,-0.422315538,0.981191106,-1.099283943,1.455992349,-0.72216443,-2.40802473
6.9877,0.224030741,0.179242391,-0.195781575,-0.341360906,-0.419139347,0.212767216,-0.336516256,-0.024611544,-0.202113437,0.195229548,-0.916283395,1.012112063,-0.308596509,0.945228678,-0.985078936,1.246049527,-0.858238481,-2.504734502
6.9928,0.222277278,0.179141875,-0.196815654,-0.340426737,-0.423950956,0.217940742,-0.335260317,-0.020001379,-0.205196292,0.197720359,-0.930197185,0.987866316,-0.173494415,0.855808587,-0.890313079,1.185302183,-0.512221608,-2.702527855
6.9979,0.220520781,0.179046314,-0.197904844,-0.33940813,-0.428680959,0.222716857,-0.341529589,-0.014766707,-0.211887976,0.203778959,-0.929772513,0.980659785,-0.035476449,0.792631349,-0.742575537,1.043396387,-0.306652594,-2.363314685
7.003,0.218821519,0.178904035,-0.198994438,-0.338373445,-0.433375872,0.227672262,-0.340701942,-0.010505135,-0.212806087,0.20982174,-0.917531291,0.981960046,0.016523278,0.836369437,-0.625454657,0.91704191,-0.196821396,-2.444473137
7.0081,0.217193751,0.178815856,-0.200044393,-0.337417434,-0.438083932,0.232631105,-0.331931022,-0.006523512,-0.212518704,0.211715745,-0.931545144,0.967084503,-0.062205281,0.828107798,-0.608445401,0.959322062,-0.074354749,-2.652958022
7.0131,0.215546264,0.178743756,-0.201053696,-0.336344524,-0.442771261,0.237607443,-0.334983576,-0.006143379,-0.213233263,0.216075218,-0.928566921,0.936296875,-0.121980667,0.835397479,-0.692519726,0.858238481,0.028186768,-2.971274107
7.0182,0.21394236,0.178689756,-0.202158156,-0.335251492,-0.447456972,0.242205582,-0.334975412,-0.002715552,-0.217951144,0.215528978,-0.912261896,0.918220117,-0.254652868,0.856294566,-0.654127404,0.76881839,0.098167708,-2.77105086
7.0234,0.212260491,0.178654869,-0.203134796,-0.334343614,-0.451859844,0.246955607,-0.331609523,-0.0019921,-0.212621075,0.204870589,-0.906677611,0.907864785,-0.281381699,0.8898271,-0.86261229,1.043396387,-0.320745978,-2.933853743
7.0285,0.210450501,0.178695824,-0.204245525,-0.333317929,-0.456278289,0.251551926,-0.331251527,-0.00132106,-0.213793086,0.205515167,-0.898587961,0.874753521,-0.122952625,0.850462821,-0.911210165,1.204741333,-0.755696964,-2.948919084
7.0336,0.208769239,0.178714835,-0.205330772,-0.332237233,-0.460804429,0.255976337,-0.331191363,-0.000411114,-0.217813685,0.207066994,-0.890400312,0.87119934,-0.181270076,0.894200909,-1.046312259,1.344217236,-1.087134474,-2.798751649
7.0387,0.20711083,0.17870988,-0.206440186,-0.331133987,-0.465719992,0.260374861,-0.328064794,0.002648171,-0.222735848,0.206897679,-0.894112121,0.860271913,-0.29255921,1.022985279,-1.189190013,1.524029375,-0.858238481,-2.74772388
7.0438,0.205411467,0.178774699,-0.207597027,-0.329919507,-0.47030357,0.264739306,-0.325187678,0.008217998,-0.2225105,0.216983488,-0.903796608,0.842933795,-0.364484066,1.084704581,-1.317488404,1.596926188,-1.196479694,-2.756957476
7.0489,0.203695419,0.178905248,-0.208848923,-0.328700678,-0.474964,0.269146628,-0.334437142,0.015127814,-0.231754083,0.224707829,-0.906122842,0.819553527,-0.420371623,1.083246644,-1.35442279,1.727654473,-1.460852137,-2.931423849
7.0539,0.201971281,0.179097482,-0.210130043,-0.32747295,-0.479750329,0.273347153,-0.337036594,0.02227695,-0.240490183,0.237657632,-0.905526887,0.820970909,-0.46848352,1.0224993,-1.394273048,1.911840421,-1.60421587,-2.907124911
7.059,0.200216301,0.179290626,-0.211404894,-0.326177065,-0.484601881,0.277498028,-0.338837242,0.032596903,-0.246562123,0.247021349,-0.937482881,0.810762269,-0.486950712,0.991882639,-1.502160331,2.061521878,-1.684888343,-2.959124638
7.0642,0.198341288,0.179479624,-0.212815856,-0.324770452,-0.489473658,0.28169997,-0.343966359,0.040685024,-0.258508015,0.267100946,-0.957940011,0.788602998,-0.328035659,0.996256447,-1.448216689,2.104773987,-1.746121666,-3.215235442
7.0692,0.196605117,0.179674082,-0.21419729,-0.323267267,-0.494373647,0.285671352,-0.349871122,0.047286875,-0.27269184,0.283730604,-0.96995207,0.788182724,-0.395586706,1.02638713,-1.484665096,2.055204154,-1.811242819,-3.249739933
7.0743,0.194847204,0.179882597,-0.215608454,-0.321748104,-0.499694003,0.289562746,-0.349417194,0.052990783,-0.280965944,0.296694987,-0.985935814,0.779732647,-0.442240667,1.074013048,-1.523543396,2.052288282,-1.255283124,-3.331384364
7.0794,0.193045808,0.180153807,-0.217066539,-0.320131358,-0.504711295,0.293452624,-0.34822866,0.060605949,-0.289612624,0.318145068,-1.004877929,0.763644466,-0.447100454,1.0613776,-1.548328313,1.955578509,-1.207657206,-3.566598081
7.0846,0.191226211,0.180479624,-0.218597431,-0.318530994,-0.509678835,0.297326727,-0.358147705,0.069119057,-0.307257346,0.335761264,-1.011576029,0.733567654,-0.434465007,0.996256447,-1.503132289,1.936625338,-1.269862486,-3.91067104
7.09,0.189454748,0.180810901,-0.220144908,-0.316933866,-0.514756093,0.30095763,-0.364342549,0.07529592,-0.318037546,0.351226882,-1.006269019,0.721163143,-0.499100181,0.956892168,-1.473001606,1.98279332,-1.226610377,-4.020988217
7.0951,0.187653959,0.181195267,-0.221683082,-0.315256447,-0.519895035,0.304632218,-0.36426037,0.082102976,-0.32611947,0.355730374,-1.030788907,0.703848887,-0.535548588,0.86650012,-1.513823821,1.98279332,-1.12406886,-4.390332071
7.1002,0.185721003,0.181582566,-0.223404995,-0.313447568,-0.524990899,0.308218222,-0.368124241,0.086340978,-0.336183774,0.369477328,-1.045134514,0.674755914,-0.382951259,0.804294839,-1.316030468,1.856438843,-1.093938177,-4.798554225
7.1056,0.18387572,0.18197836,-0.225057842,-0.311667307,-0.530088684,0.311483669,-0.375549802,0.088668136,-0.344524554,0.377245917,-1.050418294,0.660654852,-0.376633535,0.76493056,-1.277638146,1.850607098,-1.09296622,-4.898665848
7.1106,0.182071999,0.182387198,-0.226694812,-0.3098108,-0.535576499,0.314603398,-0.37950754,0.089655305,-0.350674129,0.386326065,-1.05954619,0.633122163,-0.441268709,0.744033474,-1.316516447,1.802495202,-0.500072139,-4.982740173
7.1157,0.180233391,0.182853676,-0.228382749,-0.307805542,-0.540726868,0.317664476,-0.377339808,0.092164097,-0.352370997,0.400961656,-1.072063957,0.59979843,-0.47237135,0.667734809,-1.337413533,1.580402911,-0.448558391,-5.165468185
7.1208,0.178258065,0.183324603,-0.230212863,-0.305757913,-0.546227222,0.320686621,-0.379182323,0.092942854,-0.360321731,0.407126636,-1.048022831,0.557742023,-0.310054446,0.618164976,-1.190647949,1.348591045,0.125382519,-5.465803055
7.1258,0.176253413,0.183802508,-0.232081808,-0.303687228,-0.551499848,0.323395288,-0.376656279,0.092649784,-0.360587634,0.402297441,-1.02696406,0.529761285,-0.119550774,0.592894081,-1.037564641,1.156629436,0.263400485,-5.464831098
7.1309,0.174367884,0.184329963,-0.2339009,-0.301630499,-0.55678107,0.32604591,-0.374766526,0.094268798,-0.360965288,0.397569038,-1.035086174,0.498232296,-0.13656003,0.519997268,-1.025415173,1.071097176,0.40968009,-5.594101446
7.1359,0.17232076,0.184851754,-0.235897158,-0.299479219,-0.562060876,0.3286126,-0.373146176,0.094705474,-0.36382712,0.402661877,-1.031729786,0.45712469,0.094765857,0.483548861,-0.780967859,0.894686888,0.5856044,-5.797726545
7.141,0.170415007,0.185368389,-0.237810699,-0.297402569,-0.567301143,0.330831934,-0.371620518,0.094810203,-0.365641935,0.403070439,-1.011061158,0.429928176,0.097195751,0.483062882,-0.709043003,0.883023397,0.692519726,-5.667484238
7.1461,0.168549803,0.185879361,-0.239687633,-0.29542795,-0.572791182,0.332929417,-0.367087381,0.095433373,-0.366239057,0.399876271,-1.000687966,0.397147379,0.029644704,0.51902531,-0.734313898,1.093452198,1.194535779,-5.575148275
7.1511,0.166666397,0.186424209,-0.241587724,-0.293211346,-0.577923653,0.334930327,-0.363212041,0.099803489,-0.363776287,0.401530129,-0.998826109,0.363072079,-0.020411108,0.522427161,-0.768332411,0.978275233,1.16683499,-5.545017592
7.1562,0.164794115,0.186944686,-0.243538376,-0.291064819,-0.582986854,0.336849328,-0.372308397,0.105123134,-0.373464079,0.406546985,-0.986683492,0.325459486,-0.081158452,0.580258633,-0.753753049,1.023471258,1.072555112,-5.591185574
7.1613,0.162946607,0.187494994,-0.245469208,-0.288994438,-0.588038427,0.33842249,-0.376123986,0.108629835,-0.379946525,0.412273224,-0.964958954,0.301581212,-0.165718755,0.609417359,-0.789229498,1.234872016,0.967097722,-5.304944087
7.1664,0.161033775,0.188072606,-0.247396906,-0.28688017,-0.593026292,0.33987481,-0.370836294,0.116017562,-0.384178841,0.414313825,-0.977615955,0.278107563,-0.156485159,0.612333231,-0.85872446,1.435095263,0.800407009,-5.057580901
7.1714,0.159109313,0.188674992,-0.249460309,-0.284691071,-0.597939428,0.341272121,-0.377058426,0.120648916,-0.393918633,0.433678037,-0.985253014,0.255488338,-0.136074051,0.591436145,-0.735771835,1.563393654,0.592894081,-4.943375894
7.1765,0.157185863,0.189217514,-0.251352412,-0.282509657,-0.602779755,0.342588533,-0.376136087,0.123583936,-0.404042785,0.454695476,-0.985672413,0.227640759,-0.116634901,0.690089832,-0.90149059,1.730084367,0.315400212,-4.906441508
7.1816,0.155285772,0.189809081,-0.253395894,-0.280145515,-0.607893316,0.343576297,-0.371752024,0.125673013,-0.403105259,0.460006762,-0.996149896,0.2116792,-0.150653414,0.74160358,-0.859696417,1.659131469,0.517567374,-4.553620932
7.1867,0.153504803,0.190445141,-0.255369805,-0.277689857,-0.612948731,0.344687835,-0.37283843,0.132295639,-0.406246626,0.477423536,-0.990521874,0.18431099,-0.392184855,0.750351197,-0.977789255,1.500216416,0.663846979,-4.598816957
7.1918,0.151566286,0.191121145,-0.257492062,-0.275265244,-0.617955001,0.345586713,-0.379063356,0.136534881,-0.416258615,0.488617765,-0.9731874,0.169984774,-0.389268983,0.720706493,-0.891285036,1.433151348,0.731884005,-4.501621206
7.1969,0.149565982,0.191807159,-0.259566084,-0.272794721,-0.622661846,0.346355041,-0.380830715,0.135243902,-0.419901366,0.491502657,-0.971463148,0.150832035,-0.295961062,0.712444855,-0.91315408,1.352964853,0.326091744,-4.402967518
7.2019,0.147582971,0.192554353,-0.261717969,-0.270454647,-0.6277027,0.347110325,-0.377756146,0.137467474,-0.41767585,0.495266781,-0.978105918,0.130496133,-0.250279059,0.645379786,-0.860182396,1.5531881,0.489380606,-4.477808247
7.207,0.145589847,0.193300435,-0.263929012,-0.267871069,-0.632706138,0.34776489,-0.385748941,0.139971407,-0.426960985,0.505877957,-0.968963346,0.106175205,-0.194877481,0.610389316,-0.750351197,1.426347645,0.61670704,-4.579863785
7.2121,0.143600263,0.193997775,-0.266123774,-0.265294772,-0.637723228,0.34812165,-0.386189748,0.141227978,-0.432296035,0.511635833,-0.950428238,0.085985582,-0.142877754,0.684258087,-0.687173959,1.368516174,0.7571549,-4.395677837
7.2171,0.141637577,0.194694509,-0.268329558,-0.262653858,-0.642407928,0.348472444,-0.382813727,0.14589262,-0.428295822,0.510086727,-0.943372045,0.064093114,-0.147737541,0.789715477,-0.644407829,1.279582061,0.361082215,-4.391790007
7.2222,0.139798564,0.195478815,-0.270418141,-0.259924462,-0.647394681,0.348821822,-0.384622953,0.153214085,-0.427051158,0.521942884,-0.948056831,0.042207571,-0.364484066,0.779995901,-0.838313352,1.105601667,0.47237135,-4.572574104
7.2273,0.137807564,0.196259986,-0.272658105,-0.257237233,-0.652394175,0.348994539,-0.391372833,0.156275435,-0.435211227,0.528998566,-0.940172992,0.027742413,-0.342129043,0.804294839,-0.824705947,1.03416279,0.626912594,-4.676573557
7.2323,0.135802407,0.197100819,-0.274944585,-0.254523309,-0.657061381,0.348988573,-0.391211464,0.158060581,-0.437934531,0.529429046,-0.946029571,0.002933951,-0.306166616,0.771248284,-0.766388496,0.96806968,0.276035933,-4.701844453
7.2375,0.133766407,0.197991708,-0.277204065,-0.251967135,-0.661976034,0.348918394,-0.389937641,0.163809248,-0.435809394,0.532824725,-0.962887251,-0.02077219,-0.240559484,0.690089832,-0.7960332,1.208629163,0.380035386,-4.820423269
7.2426,0.131729902,0.198866316,-0.279509556,-0.249202852,-0.666907574,0.34879007,-0.399655612,0.170514369,-0.447991083,0.545695022,-0.963400104,-0.052291144,-0.174466373,0.65558534,-0.781453838,1.156143458,0.562277419,-5.038141751
7.2476,0.129707554,0.1997297,-0.281836283,-0.246432602,-0.671870058,0.348378097,-0.401920735,0.172982947,-0.455336118,0.55305867,-0.949113325,-0.087468862,-0.121980667,0.662875022,-0.746463367,1.128928647,0.805266797,-4.983226152
7.2527,0.127790171,0.200585904,-0.284042269,-0.243616948,-0.6765225,0.347980989,-0.389616142,0.178318411,-0.44784286,0.549041302,-0.945986538,-0.104976344,-0.263400485,0.708071046,-0.951546402,1.08907839,0.564221334,-5.15963644
7.2577,0.12582526,0.201437961,-0.286325614,-0.240887653,-0.681202346,0.3473333,-0.392217246,0.181187994,-0.458337522,0.551357817,-0.936697272,-0.134027352,-0.3591383,0.78825754,-1.082274687,1.256255081,0.380521365,-5.157206546
7.2629,0.123887248,0.202344625,-0.288616443,-0.238046112,-0.686206998,0.346537365,-0.394455494,0.184628019,-0.464809326,0.548923379,-0.933737856,-0.154884807,-0.511735629,0.815958329,-1.236815931,1.315544489,0.72605226,-5.136309459
7.2679,0.121865709,0.203348974,-0.290947619,-0.235212458,-0.69089817,0.345560724,-0.395841699,0.190038226,-0.467602003,0.545065631,-0.942441055,-0.189012616,-0.553043823,0.718762578,-1.383581515,1.4754315,0.615249104,-5.0347399
7.2731,0.11966488,0.204299525,-0.293515219,-0.232279199,-0.695559612,0.344692689,-0.398779198,0.194324194,-0.475942783,0.561783981,-0.942535432,-0.209391844,-0.329007617,0.735285856,-1.210087099,1.539580695,0.506875841,-5.316607577
7.2781,0.11759278,0.20525402,-0.295957023,-0.229375468,-0.700245424,0.3435315,-0.402831216,0.1959582,-0.486160705,0.574479884,-0.933310365,-0.242962964,-0.321717936,0.779023944,-1.281525976,1.694121939,0.452932199,-5.347710218
7.2832,0.115553645,0.206269188,-0.298468096,-0.226374153,-0.705010719,0.342278795,-0.404720871,0.197854271,-0.494070398,0.583322365,-0.9131118,-0.270111196,-0.377119514,0.764444581,-1.286385764,1.754869284,0.506389862,-5.445877926
7.2883,0.113478107,0.207329356,-0.300981495,-0.223138437,-0.709760845,0.34085762,-0.401703162,0.205287073,-0.493622788,0.599776998,-0.921224608,-0.295090552,-0.397530621,0.706613109,-1.351020938,1.497300544,0.545268163,-5.506139292
7.2934,0.111384872,0.208377794,-0.303576803,-0.220089797,-0.714483264,0.33934958,-0.411873312,0.209066384,-0.509597225,0.61800436,-0.92360933,-0.319479931,-0.400932473,0.691061789,-1.336927554,1.574571166,0.588520272,-5.668942175
7.2985,0.109292648,0.209429164,-0.306220144,-0.217021033,-0.719276165,0.337482556,-0.416524615,0.210025123,-0.522308631,0.62934239,-0.909479789,-0.354073672,-0.405306282,0.703697237,-1.276666189,1.663505278,0.761528709,-5.486700142
7.3035,0.107173122,0.210579229,-0.308842552,-0.213833451,-0.724006876,0.335612195,-0.415429948,0.213472899,-0.526092292,0.629875533,-0.921320103,-0.38292227,-0.383437238,0.590464187,-1.298535233,1.638234382,0.874761759,-5.518288761
7.3086,0.10493154,0.211672464,-0.311691779,-0.21054778,-0.728665891,0.333622004,-0.41891721,0.216332762,-0.534260015,0.648667651,-0.925877004,-0.409503267,-0.182242033,0.593866038,-1.009377874,1.518683609,0.950088466,-5.589727638
7.3137,0.102836889,0.212762564,-0.314400546,-0.20729821,-0.733297705,0.331293053,-0.424485992,0.217164345,-0.543350491,0.661190085,-0.917060377,-0.447216239,-0.215288588,0.631286402,-0.979247191,1.495842607,1.03027496,-5.335560749
7.3188,0.1007387,0.213861159,-0.317117808,-0.204003742,-0.738004551,0.328936394,-0.425229078,0.216678269,-0.547114712,0.665408453,-0.896415417,-0.476603641,-0.244933292,0.691547768,-0.97195751,1.460852137,1.244591591,-5.240794892
7.3238,0.098609667,0.215004247,-0.319868339,-0.200420164,-0.742642128,0.326528769,-0.420849462,0.224076542,-0.545948825,0.672770861,-0.900260554,-0.501527378,-0.244933292,0.709043003,-0.963695871,1.023957236,1.392329132,-5.283075043
7.3289,0.096469512,0.216130043,-0.322669936,-0.197015067,-0.747204975,0.323996258,-0.429547193,0.230221355,-0.561159085,0.679606347,-0.895429876,-0.52153765,-0.23424176,0.774164156,-0.906350378,0.913640059,1.499244459,-5.360345665
7.334,0.094337951,0.217304884,-0.325499343,-0.193643038,-0.751823744,0.321121448,-0.432737863,0.232123111,-0.56731403,0.681110305,-0.880572023,-0.556147308,-0.231811866,0.79214537,-0.822276053,0.897116781,1.752925369,-5.10860867
7.3393,0.092187683,0.218579432,-0.328339266,-0.190227121,-0.756301446,0.318232582,-0.430334114,0.23739965,-0.567554808,0.675230886,-0.889318523,-0.58598616,-0.211400758,0.683286129,-0.759098815,0.869415992,1.871018206,-5.029394133
7.345,0.089868237,0.219794115,-0.331376681,-0.18675407,-0.760693397,0.315307918,-0.428858804,0.242991491,-0.571702661,0.689317733,-0.885746677,-0.608977548,0.064635174,0.693977662,-0.413081942,0.786799604,1.968699936,-5.101804968
7.3501,0.087689655,0.220998584,-0.334199211,-0.183308424,-0.76505319,0.311971989,-0.428067339,0.247545623,-0.574477236,0.695648627,-0.869361198,-0.641335933,0.112261092,0.74549141,-0.428633262,0.761528709,2.097484306,-4.716909794
7.3558,0.085558196,0.222257154,-0.337064213,-0.179897361,-0.769420771,0.308686318,-0.42490996,0.247967622,-0.569978943,0.69280067,-0.845046296,-0.666366244,0.083588346,0.745005431,-0.403362366,0.831509649,2.295763638,-4.59735902
7.3609,0.083406512,0.223561735,-0.33995136,-0.17617029,-0.773646274,0.305326828,-0.416903727,0.255767727,-0.56112181,0.692676211,-0.84414274,-0.682218944,0.074354749,0.700295386,-0.387811046,0.442726646,2.35748294,-4.561882571
7.3659,0.081255334,0.224847507,-0.342874406,-0.172641925,-0.777791081,0.301913338,-0.422440872,0.261808127,-0.569439215,0.694261935,-0.830692889,-0.695046694,0.064635174,0.704669194,-0.337755235,0.399960515,2.403650921,-4.660536259
7.3711,0.079125392,0.226177773,-0.345749317,-0.169157245,-0.781899181,0.29820002,-0.423146634,0.26315164,-0.573758983,0.686832146,-0.810384615,-0.72881381,0.034504492,0.666276873,-0.364970045,0.461193838,2.476547734,-4.471004544
7.3762,0.076990393,0.227600162,-0.348610476,-0.16562969,-0.786221863,0.294512084,-0.419160783,0.267520929,-0.569185121,0.674622975,-0.787556492,-0.752482627,0.009233596,0.508333778,-0.436408922,0.512221608,2.972732043,-4.491901631
7.3813,0.07470088,0.228952068,-0.351712205,-0.162052078,-0.790188189,0.290752351,-0.417250765,0.272013754,-0.568091693,0.68505395,-0.771579138,-0.766721489,0.225494142,0.48014701,-0.152597329,0.51513748,3.002376747,-4.598816957
7.3864,0.072567904,0.230295783,-0.354638083,-0.158515017,-0.794036809,0.286541309,-0.417434051,0.269163829,-0.56991963,0.69057756,-0.746026788,-0.792518553,0.198279332,0.490838542,-0.161830925,0.588034293,2.949891042,-4.178931313
7.3915,0.070442006,0.231651532,-0.357487916,-0.154990697,-0.797899889,0.282448883,-0.412978137,0.265882403,-0.566740648,0.692411085,-0.716465017,-0.813423343,0.164260819,0.520969225,-0.306166616,0.704183216,3.004320662,-4.121099841
7.3966,0.068353625,0.233048235,-0.360390838,-0.151190312,-0.80158196,0.278305895,-0.407740476,0.271371484,-0.559509965,0.699141016,-0.711041032,-0.82566245,0.063177238,0.511735629,-0.399474536,0.399960515,2.884769888,-4.169697716
7.4018,0.066283446,0.234417029,-0.363315502,-0.147674689,-0.805139852,0.274169178,-0.418049665,0.27661556,-0.572331251,0.708127176,-0.700696658,-0.833394785,-0.055401578,0.560333504,-0.471885371,0.555473717,2.707873622,-4.44135984
7.4069,0.064253211,0.235776115,-0.366132774,-0.144197088,-0.80865406,0.269748812,-0.42584542,0.276508984,-0.581951224,0.715525863,-0.688083444,-0.870904813,-0.212372716,0.649267616,-0.709528982,0.778537965,2.582005124,-4.440387883
7.412,0.062067449,0.237224795,-0.369139953,-0.140676004,-0.812274547,0.265114673,-0.419712611,0.282736705,-0.577997325,0.718574602,-0.678535808,-0.887867585,-0.126840455,0.621080849,-0.671622639,0.959808041,2.744322028,-4.264949552
7.4171,0.059991202,0.238708868,-0.372183537,-0.136922439,-0.81586399,0.260609364,-0.417816347,0.284559271,-0.591410558,0.731938216,-0.658716404,-0.905896498,-0.239587526,0.558875568,-0.598725826,0.793603307,2.969816171,-4.492387609
7.4222,0.057752857,0.240189807,-0.375233188,-0.133232278,-0.819117909,0.255644049,-0.419702382,0.285170244,-0.597073936,0.734836642,-0.650354411,-0.939491796,-0.103513475,0.5306888,-0.519997268,0.750351197,2.779798477,-4.153660417
7.4273,0.055551016,0.241612398,-0.37828021,-0.12950632,-0.822299828,0.250856002,-0.417341327,0.289329882,-0.592242456,0.725549976,-0.644595174,-0.975349836,-0.033532534,0.62059487,-0.474801243,0.703697237,2.613593743,-4.233360933
7.4324,0.053487511,0.243032865,-0.381185762,-0.125930023,-0.825471028,0.245818687,-0.419944909,0.289414661,-0.595522035,0.725895167,-0.636410271,-0.991126237,-0.189531714,0.743547495,-0.689603853,0.955920211,2.561108038,-4.073473923
7.4374,0.051414905,0.244522095,-0.384100313,-0.122056426,-0.828737891,0.240928911,-0.420483617,0.288321135,-0.59448051,0.734596835,-0.627468845,-1.011004688,-0.336783277,0.800407009,-0.926761485,0.767360454,2.78660218,-4.334444514
7.4426,0.049308929,0.246119628,-0.387050157,-0.118184447,-0.831976236,0.235554252,-0.418590559,0.293422552,-0.595679711,0.735211841,-0.604503433,-1.045959924,-0.451960242,0.72216443,-1.161003245,0.611361274,3.077703454,-3.974334257
7.4477,0.047145313,0.247654768,-0.390322581,-0.11451623,-0.835017899,0.230158257,-0.413479545,0.301607017,-0.60070184,0.744160168,-0.596167901,-1.069584178,-0.511735629,0.765902518,-0.930163337,0.806238754,3.179758993,-3.717737474
7.4528,0.04494681,0.249181717,-0.393411973,-0.110852159,-0.837890282,0.224697947,-0.422913851,0.305338362,-0.608341402,0.746946017,-0.577401297,-1.077977711,-0.537978482,0.848518906,-1.03027496,1.036106705,3.150114289,-3.523345972
7.4579,0.042736172,0.25076934,-0.396507837,-0.107142178,-0.840782283,0.219402366,-0.427924705,0.307635438,-0.616206846,0.743965534,-0.550697931,-1.09239675,-0.552557844,0.872817844,-1.1551715,1.25285323,3.263347338,-3.76633535
7.4631,0.040489129,0.252398422,-0.399691172,-0.103090909,-0.843474062,0.213922945,-0.428092805,0.31999101,-0.614583823,0.748922639,-0.540854212,-1.101370445,-0.532146737,0.857266523,-1.195993716,0.986536872,3.184132801,-3.894633741
7.4682,0.038228436,0.254008697,-0.402939225,-0.099268278,-0.846121246,0.208313985,-0.441548317,0.327119055,-0.633095264,0.758128899,-0.529908586,-1.104462436,-0.498614202,0.890799058,-1.17461065,1.126012775,3.186076716,-4.022446153
7.4733,0.035976843,0.255668015,-0.406172515,-0.095379917,-0.848791688,0.202450197,-0.44968936,0.332230604,-0.643844239,0.762887311,-0.511545465,-1.143178881,-0.473829286,0.877191652,-1.198423609,1.202311439,3.365402877,-3.905325274
7.4784,0.033586915,0.257469613,-0.409635251,-0.091188189,-0.851501567,0.1961712,-0.459545447,0.33910351,-0.659309638,0.773585939,-0.487626174,-1.190898326,-0.223064248,0.664818937,-0.877677631,0.831995628,3.737662603,-3.203085973
7.4836,0.031283648,0.259158661,-0.413127819,-0.087264031,-0.853931742,0.190254829,-0.454822924,0.344765648,-0.663362798,0.787200245,-0.471087467,-1.196464872,-0.117606859,0.653641425,-0.528258906,0.904892441,3.810073438,-3.190450525
7.4887,0.028975326,0.260843058,-0.416409546,-0.083355142,-0.856348771,0.183827687,-0.461733761,0.345555777,-0.668740955,0.793353951,-0.450570246,-1.213085029,-0.007289681,0.677940363,-0.536520545,1.023471258,4.024876047,-2.500846672
7.4938,0.026683689,0.262588634,-0.419682577,-0.079415512,-0.858705531,0.177684599,-0.461815843,0.344457805,-0.667236292,0.792670325,-0.426396326,-1.230654401,0.086990197,0.643435871,-0.584146463,1.14350801,4.305771768,-2.363314685
7.4989,0.024383456,0.264373142,-0.42298382,-0.075153807,-0.860773081,0.171491152,-0.455139053,0.35298197,-0.659437135,0.799150292,-0.412445893,-1.239886005,0.189531714,0.571511016,-0.635660211,0.798949073,4.30868764,-2.239390102
7.5041,0.02209637,0.266133279,-0.426327536,-0.071102943,-0.862729295,0.165202346,-0.460305275,0.35591213,-0.672955193,0.811832953,-0.392102652,-1.234847377,0.279437784,0.55401578,-0.646351744,0.812070499,4.328612769,-2.085820816
7.5096,0.01984417,0.26789281,-0.429686925,-0.06706937,-0.864648599,0.158787137,-0.45916687,0.354220972,-0.676350556,0.816397217,-0.366334843,-1.263879942,0.33581132,0.568109164,-0.641977935,0.872817844,4.468088672,-1.81075684
7.5147,0.017642633,0.269797654,-0.433097887,-0.062911316,-0.866497017,0.152410052,-0.449747556,0.355561277,-0.675229841,0.811917124,-0.335761288,-1.277477822,0.312484339,0.380521365,-0.588034293,0.782911774,4.663452131,-1.634346552
7.5201,0.015410759,0.271588937,-0.436744868,-0.05871888,-0.868099808,0.145973405,-0.435695141,0.35694345,-0.677969886,0.830673256,-0.316692697,-1.279684967,0.318316084,0.395100728,-0.183213991,0.659959149,4.653732556,-1.431693412
7.5252,0.013171301,0.273411568,-0.440157245,-0.054582162,-0.86963333,0.139108808,-0.435244614,0.357119301,-0.681843161,0.839197007,-0.291015961,-1.288769344,0.331437511,0.379549407,-0.158915053,0.621566827,4.732461114,-0.600669741
7.5308,0.010947012,0.275230559,-0.443534129,-0.050400445,-0.871114774,0.13266124,-0.429898921,0.353134178,-0.679078622,0.834865673,-0.262182258,-1.299206005,0.329979575,0.398502579,-0.199737268,0.539922397,4.916161084,-0.449530348
7.5359,0.008713621,0.277076347,-0.446966124,-0.045924462,-0.872282738,0.126232986,-0.419710473,0.360635309,-0.6667915,0.834512536,-0.240738445,-1.293798811,0.337269256,0.391698876,-0.187587799,0.020411108,4.798554225,-0.347960788
7.541,0.006493882,0.278881586,-0.450424411,-0.041729194,-0.873364749,0.119755789,-0.423281153,0.364651146,-0.675216209,0.835305241,-0.218961446,-1.273048733,0.331437511,0.454876114,-0.150167435,-0.043252109,4.753358201,-0.23035393
7.5461,0.004310547,0.280722722,-0.45382344,-0.037566387,-0.874429164,0.113246739,-0.422480795,0.36250657,-0.677172128,0.827129572,-0.190488947,-1.289230222,0.290615295,0.483548861,-0.200709226,-0.044710045,4.877282783,-0.08213041
7.5512,0.002139347,0.282701588,-0.457293862,-0.033353019,-0.875354839,0.106779654,-0.4177287,0.36431983,-0.67255443,0.813301386,-0.156359072,-1.29293044,0.23812959,0.317830106,-0.151625371,-0.094765857,4.960871129,0.025756874
7.5564,-4.40E-05,0.284556275,-0.460730711,-0.029141167,-0.876074426,0.100344019,-0.409024869,0.367258567,-0.658321109,0.824334635,-0.133127125,-1.28206828,0.197307374,0.364484066,-0.196821396,-0.143363733,4.908385423,0.072410834
7.5615,-0.002216705,0.286387602,-0.46420093,-0.024967236,-0.876718172,0.093447366,-0.414918771,0.367923605,-0.666168451,0.823444856,-0.105110522,-1.27465533,0.146279605,0.46459569,-0.209942822,-0.155513202,4.938030127,0.841229225
7.5665,-0.004356052,0.288311053,-0.467714734,-0.020830317,-0.877257154,0.086978764,-0.417227826,0.365720931,-0.667209369,0.814751571,-0.07355704,-1.273122116,0.063177238,0.445156539,-0.150167435,-0.101083581,4.991001812,0.950574444
7.5716,-0.006486298,0.290257256,-0.4712072,-0.016443119,-0.877496309,0.080558196,-0.416318925,0.374748545,-0.661251682,0.8134612,-0.04663542,-1.259858881,-0.028672747,0.403848345,-0.141905796,-0.442240667,4.755788094,1.013751683
7.5767,-0.008754879,0.292156841,-0.474688543,-0.012383659,-0.877713823,0.074118414,-0.419221578,0.380122255,-0.676798118,0.817527579,-0.024851909,-1.228927062,0.10545739,0.438352837,-0.14433569,-0.282353657,4.685807154,1.095396113
7.5817,-0.010807665,0.294027505,-0.47807119,-0.008349985,-0.877900597,0.067717565,-0.423889623,0.383251521,-0.687331951,0.813712816,-0.004117479,-1.236184717,-0.091849985,0.531660758,-0.272634081,-0.09768173,4.772311372,1.13962018
7.5868,-0.012847811,0.295885934,-0.481442714,-0.004245424,-0.877873698,0.061470523,-0.427622718,0.385248796,-0.69108655,0.804342611,0.022671711,-1.231081333,-0.301306828,0.667734809,-0.411624005,-0.012149469,4.715451858,1.005004065
7.5919,-0.01493963,0.297927697,-0.484792901,0.000119527,-0.877745576,0.055269997,-0.432798974,0.390066644,-0.691814546,0.802847036,0.048878674,-1.218819627,-0.430091198,0.53457663,-0.602127677,-0.33192349,4.685321175,0.825677904
7.597,-0.01717383,0.299960259,-0.488413591,0.004125796,-0.877487916,0.048680251,-0.442415741,0.389256371,-0.698224727,0.804644574,0.06316261,-1.214689343,-0.329007617,0.441268709,-0.377605492,-0.08990607,4.654704513,1.29950719
7.6021,-0.019366468,0.301887855,-0.492014966,0.008115381,-0.87721529,0.042631409,-0.442470122,0.391505578,-0.694258315,0.806345767,0.077719569,-1.220000799,-0.298876934,0.541866312,-0.202653141,0.168148649,4.826740993,0.974387403
7.6072,-0.021600566,0.303930428,-0.495403984,0.012316817,-0.876591769,0.036687734,-0.436435213,0.400200006,-0.696562413,0.819841178,0.095132042,-1.222084894,-0.228895994,0.469941456,-0.386839089,0.067551047,4.661508216,0.548184035
7.6123,-0.023855395,0.305991202,-0.499035696,0.016490444,-0.875981596,0.030782991,-0.442336356,0.401057223,-0.704874958,0.819992317,0.118227113,-1.21599891,-0.138989924,0.380521365,-0.182728012,-0.006317724,4.72614339,0.084560303
7.6174,-0.026151279,0.308045808,-0.502619274,0.02073698,-0.875308221,0.02446577,-0.443792543,0.397445502,-0.703626357,0.809124885,0.144928123,-1.222953679,0.021383065,0.328035659,-0.055887557,-0.181270076,4.885058443,0.29644704
7.6225,-0.028458793,0.309996461,-0.506285368,0.024719992,-0.874345637,0.018171301,-0.436876433,0.398017499,-0.692519604,0.806246627,0.177176822,-1.214520076,0.192933566,0.46848352,0.181270076,0.083102367,4.765993648,0.486464734
7.6277,-0.030635049,0.312117808,-0.509743149,0.028986753,-0.873341086,0.011824249,-0.4330381,0.402196674,-0.68653028,0.811182835,0.204723362,-1.184252882,0.145307648,0.351848618,0.063177238,-0.111289135,4.76161984,0.727024217
7.6327,-0.032950652,0.314214278,-0.513447669,0.033200829,-0.87223784,0.005474669,-0.43220766,0.401778926,-0.685326438,0.804576342,0.232852541,-1.187363729,0.324633808,0.290129317,0.337269256,-0.224036206,4.786404756,0.970013595
7.6378,-0.03496936,0.316187077,-0.516675903,0.037163616,-0.871024269,-0.000357872,-0.427600192,0.405748862,-0.67731452,0.809886365,0.256598897,-1.206574809,0.032560577,0.440296752,-0.156485159,0.059775387,4.829170886,0.467997541
7.6429,-0.037242391,0.318186672,-0.520104763,0.041365659,-0.869569623,-0.00656396,-0.423055684,0.406797434,-0.685709146,0.823744632,0.290287964,-1.190153271,0.139961881,0.564707313,-0.333381426,-0.072410834,4.671227791,0.604071592
7.648,-0.039496714,0.320363535,-0.523740419,0.045527253,-0.868037516,-0.012339873,-0.430115278,0.41130773,-0.700490895,0.823600418,0.317591563,-1.188088494,0.229381972,0.425717389,-0.156485159,-0.165718755,4.562854529,0.047625918
7.6531,-0.041588432,0.322397917,-0.527183537,0.049462736,-0.866409748,-0.018179088,-0.423636768,0.4038889,-0.693314277,0.795464581,0.340041862,-1.181827289,0.069494962,0.547698057,-0.28867138,0.14433569,4.486555864,-0.416969772
7.6582,-0.043710992,0.324480332,-0.530705531,0.053473051,-0.864672161,-0.024093134,-0.415175052,0.411620774,-0.679050047,0.798602424,0.358891495,-1.172891695,-0.060747344,0.623510742,-0.345044916,0.38246528,4.428724392,-0.809640605
7.6633,-0.045840631,0.326548994,-0.534272525,0.057503084,-0.862830317,-0.030519769,-0.422965121,0.412929344,-0.687565731,0.801259562,0.381506371,-1.17445747,-0.184185948,0.743547495,-0.358166342,0.601641698,4.39470588,-0.430577177
7.6684,-0.047953585,0.328685914,-0.537850642,0.061591769,-0.860893821,-0.036571949,-0.428527391,0.410815993,-0.687438891,0.79657147,0.40300838,-1.188046651,-0.323661851,0.797977115,-0.360596236,0.764444581,4.393733922,-0.65947317
7.6736,-0.050129841,0.33086935,-0.541427647,0.065983315,-0.85869643,-0.042688442,-0.427986934,0.422851815,-0.682055267,0.801179254,0.434215019,-1.191143769,-0.371287769,0.80769669,-0.395100728,0.481118967,4.141996927,-0.795547222
7.6786,-0.052475781,0.333077561,-0.545009708,0.07013874,-0.85640631,-0.048882799,-0.430192306,0.42985839,-0.699603109,0.814506371,0.457738068,-1.18523592,-0.162802883,0.793603307,-0.424745432,0.579772654,3.894147762,-0.856780545
7.6837,-0.054678329,0.335279098,-0.548561938,0.074302255,-0.854065527,-0.055084235,-0.434916384,0.435151573,-0.709358817,0.818758636,0.478081819,-1.219089516,-0.185157906,0.816930287,-0.483062882,0.670650682,3.721625304,-0.911210165
7.6888,-0.056884923,0.33749823,-0.552127819,0.078528466,-0.851458186,-0.061278693,-0.43521701,0.433206419,-0.711462157,0.813324567,0.502922623,-1.239731269,-0.203625098,0.854350651,-0.528258906,0.701267343,3.261889402,-0.941340848
7.6938,-0.05911983,0.339767924,-0.555750834,0.082777935,-0.848856305,-0.067578522,-0.43081465,0.445468951,-0.705301647,0.834586794,0.521859077,-1.2482696,-0.194877481,0.84317314,-0.518539331,0.709528982,2.931423849,-0.808182669
7.6989,-0.061360299,0.342064415,-0.559396097,0.08705228,-0.846252301,-0.074328749,-0.439979238,0.452708333,-0.721129173,0.847719665,0.531760165,-1.257396767,-0.180784097,0.806238754,-0.487436691,0.662875022,2.722938963,0.036934385
7.7039,-0.063583578,0.344410962,-0.563028719,0.091350389,-0.843585904,-0.08060633,-0.444248658,0.454260671,-0.727924128,0.848830783,0.537811548,-1.26730495,-0.183213991,0.721192472,-0.46848352,0.59338006,2.547500633,0.148709499
7.7092,-0.065813935,0.3467838,-0.566635454,0.095917484,-0.840749115,-0.08685408,-0.443710267,0.468029008,-0.729491556,0.855155262,0.554606512,-1.264084612,-0.178840182,0.610875295,-0.505417905,0.110317177,2.208287462,0.231811866
7.7143,-0.068198807,0.349159167,-0.570561836,0.100215593,-0.837870563,-0.093227424,-0.445114041,0.475201811,-0.730682787,0.866693102,0.562506704,-1.246151583,0.067065068,0.498128224,-0.049083854,0.040822215,1.890943335,0.497642245
7.7198,-0.070425119,0.351519264,-0.574289109,0.104489938,-0.83499282,-0.099562848,-0.448494922,0.473173846,-0.735887158,0.866209189,0.566144401,-1.26149177,0.067551047,0.431063156,0.091849985,-0.005831745,1.667393108,0.727024217
7.7249,-0.072640307,0.353886338,-0.577953585,0.108837193,-0.831956214,-0.105835676,-0.447172817,0.468961188,-0.733790645,0.85599428,0.577286217,-1.264188587,0.057345493,0.388297025,0.141419818,-0.153569287,1.260142911,0.927247464
7.7307,-0.074868642,0.35627566,-0.581639802,0.113163212,-0.829047932,-0.112049853,-0.441130254,0.478158652,-0.722032608,0.869254915,0.587522436,-1.251817196,0.059775387,0.324147829,0.211886737,-0.28089572,1.100255901,1.071097176
7.7358,-0.07708737,0.358620386,-0.585312873,0.117471635,-0.826162099,-0.118651229,-0.448899232,0.479681418,-0.731476414,0.871916693,0.58805123,-1.239789635,0.052971684,0.333867405,0.269718209,-0.422315538,1.023957236,1.866158418
7.7409,-0.079330468,0.360997472,-0.588937911,0.121763373,-0.823302356,-0.124801901,-0.448317418,0.477107407,-0.73171294,0.860803525,0.578090439,-1.234085095,0.100597602,0.312484339,0.281381699,-0.547698057,1.065751409,2.010980087
7.746,-0.081582162,0.363550308,-0.592558398,0.126285671,-0.820342502,-0.130893012,-0.441815338,0.476784766,-0.72319643,0.853831893,0.585979867,-1.210444634,0.156485159,0.029158725,0.28867138,-1.04971411,1.011321789,2.129558904
7.7511,-0.083934169,0.365961776,-0.596423096,0.130461523,-0.817465366,-0.137029326,-0.44007031,0.478416488,-0.717433086,0.849287578,0.591048309,-1.177138202,0.37080179,-0.025270895,0.685716023,-1.032704854,1.129414626,2.353595109
7.7561,-0.086114471,0.36833421,-0.600054303,0.134691678,-0.814541814,-0.143037719,-0.440983756,0.472699774,-0.717045615,0.832645528,0.588935687,-1.177436107,0.327063702,-0.011177511,0.734313898,-1.129900605,1.233900058,2.45467869
7.7612,-0.088327232,0.370743553,-0.60364506,0.138921327,-0.811320558,-0.148956315,-0.434140422,0.463125191,-0.707351724,0.808871617,0.591002749,-1.162961983,0.345530895,-0.032560577,0.744033474,-1.226610377,0.928219422,2.531463334
7.7663,-0.090556679,0.373161998,-0.607239862,0.143099403,-0.808221054,-0.154796137,-0.421831066,0.467857846,-0.68866589,0.809353343,0.595729524,-1.137130414,0.380035386,-0.062691259,0.757640879,-1.273750316,0.863584247,2.563537932
7.7714,-0.09278107,0.37552068,-0.610804834,0.14723157,-0.805146526,-0.160954394,-0.422517802,0.466057514,-0.692148486,0.800522964,0.594279242,-1.112649064,0.40968009,-0.004373809,0.742575537,-1.307768829,0.884967312,3.18073095
7.7765,-0.094921933,0.377894529,-0.614306098,0.151305086,-0.802068662,-0.166601274,-0.421875508,0.461581649,-0.687669925,0.785999027,0.588352682,-1.096615264,0.328035659,0.039364279,0.666276873,-1.285413806,0.965153807,3.089366944
7.7816,-0.097044595,0.380424917,-0.617731419,0.155610274,-0.798926079,-0.172161391,-0.418067671,0.461092876,-0.679908796,0.774391181,0.602868965,-1.07443201,0.228895994,-0.160372989,0.485978755,-1.671766917,0.983135021,2.976619873
7.7867,-0.099296491,0.382751643,-0.621370614,0.159573162,-0.795796238,-0.17769188,-0.418281039,0.462282965,-0.678534788,0.769370389,0.609913689,-1.039403391,0.346988831,-0.040336237,0.666276873,-1.574085187,1.044368344,2.897405336
7.7918,-0.101364546,0.385071797,-0.62474598,0.163485084,-0.792735969,-0.183044393,-0.422987331,0.462294337,-0.686694736,0.757285142,0.611711761,-1.042066068,0.195363459,0.08601824,0.468969498,-1.458422243,1.265488677,2.647126277
7.7969,-0.103566387,0.387361513,-0.62833421,0.167335322,-0.789404288,-0.18825048,-0.414056378,0.458731408,-0.670419064,0.741823874,0.621609934,-1.041152793,0.2653444,0.272634081,0.631286402,-1.283469891,1.101713837,2.31811866
7.8019,-0.105635959,0.389816867,-0.631695925,0.171075842,-0.786269795,-0.193355648,-0.410037649,0.462044374,-0.660763322,0.755404866,0.63625172,-1.037286419,0.115176965,0.20702695,0.420857602,-1.00306015,1.282497934,1.954120573
7.807,-0.107673678,0.392116695,-0.635002528,0.17471534,-0.783172414,-0.198710486,-0.422765579,0.47214588,-0.677521449,0.765438748,0.644841541,-1.040487707,-0.065607132,0.383923216,0.157457117,-0.656557298,1.56096376,2.109147796
7.8121,-0.109868035,0.394529477,-0.638488118,0.178641218,-0.780061584,-0.203990191,-0.424898272,0.468125815,-0.677512143,0.748734055,0.649097645,-1.029617042,0.028186768,0.39024094,0.221120333,-0.802350924,1.888513441,2.253969465
7.8172,-0.112067449,0.396959956,-0.641981292,0.18252614,-0.776642431,-0.209294469,-0.419712611,0.479036257,-0.666512694,0.75311542,0.66404606,-1.00631266,0.126840455,0.379549407,0.292073232,-0.908780271,1.795691499,2.515426035
7.8223,-0.114253211,0.39943604,-0.645453231,0.186330165,-0.773218425,-0.214174436,-0.42584542,0.48229557,-0.675578652,0.748697849,0.673849442,-0.996819405,0.212372716,0.294017147,0.342615022,-0.937453018,1.76021505,2.183016567
7.8274,-0.116283446,0.401771665,-0.648710891,0.189984225,-0.769713621,-0.219055213,-0.418049665,0.470577238,-0.66494568,0.723142219,0.675809516,-0.984274738,0.055401578,0.467511562,0.063177238,-0.728968132,1.67808464,1.944400998
7.8324,-0.118394681,0.404161897,-0.652067752,0.193631206,-0.766115785,-0.224185054,-0.410101118,0.47707436,-0.652212064,0.725346959,0.696646973,-0.977825873,0.007289681,0.588520272,-0.08990607,-0.513679544,1.50653414,2.19322212
7.8375,-0.120509455,0.406698048,-0.655435231,0.197433411,-0.762510466,-0.229331378,-0.416359844,0.489638029,-0.663894532,0.736671211,0.70802811,-0.955547003,-0.037420364,0.47625918,-0.232783824,-0.602613656,1.358796598,2.550902484
7.8426,-0.122730205,0.409187077,-0.658986753,0.201245424,-0.758905855,-0.234299727,-0.425463125,0.49428282,-0.680950394,0.737571317,0.707936017,-0.957916709,0.112747071,0.440296752,-0.043738088,-0.762986645,1.273750316,2.737518326
7.8477,-0.124916068,0.411759632,-0.662490242,0.205068662,-0.755482354,-0.239147942,-0.426380191,0.490694255,-0.684843618,0.723636435,0.713344061,-0.943440616,0.229381972,0.293045189,0.099139666,-0.965153807,1.548814292,2.870676505
7.8528,-0.12709637,0.414345839,-0.666038325,0.208662959,-0.751788957,-0.243973203,-0.419460461,0.499310731,-0.678319208,0.719539027,0.730429713,-0.920743781,0.340671107,0.1326722,0.315886191,-0.823248011,1.440441029,3.074787582
7.8579,-0.129253413,0.416916877,-0.669548488,0.21242158,-0.748064819,-0.248365153,-0.423515468,0.501582779,-0.688784906,0.722365066,0.733804204,-0.913087137,0.429605219,-0.013121426,0.496184309,-0.994312532,1.333525703,2.707387643
7.863,-0.13128739,0.419449894,-0.673036,0.216162099,-0.744266458,-0.252968349,-0.415816058,0.495254583,-0.688541649,0.710018071,0.729505236,-0.908500105,0.338241213,-0.091364006,0.685716023,-1.178984459,1.18627414,2.822078629
7.8681,-0.133339064,0.42184862,-0.676333502,0.219646375,-0.740676105,-0.257562342,-0.404216912,0.495703554,-0.665093077,0.707659689,0.727903717,-0.891036069,0.263886464,0.052485706,0.568595143,-0.993340575,1.455992349,3.05194658
7.8732,-0.135388715,0.424209323,-0.679639094,0.223105471,-0.737037415,-0.262141976,-0.407145201,0.49355701,-0.664837209,0.703387571,0.724503834,-0.861343108,0.187587799,0.263886464,0.459249923,-0.814500393,1.741261878,3.361029068
7.8783,-0.137416625,0.426617555,-0.682908282,0.226622914,-0.733317019,-0.266349075,-0.406243637,0.486017536,-0.663268543,0.692686052,0.719696046,-0.844798204,0.090392048,0.429605219,0.314914233,-0.753753049,2.01000813,3.188020631
7.8834,-0.139450096,0.429225301,-0.686215998,0.23018647,-0.729464152,-0.270546971,-0.401651989,0.485284486,-0.656896511,0.676611138,0.743324722,-0.826136425,-0.001457936,0.310540424,0.238615569,-0.768332411,2.151427947,3.13018916
7.8884,-0.1416396,0.431708363,-0.689761351,0.233706543,-0.725582566,-0.274815654,-0.400120232,0.490711435,-0.653439744,0.682605516,0.76653203,-0.798325878,0.149681456,0.404334324,0.545754142,-0.741117601,2.296249616,3.295421936
7.8935,-0.143716149,0.434218728,-0.693032663,0.237191324,-0.721641925,-0.27886844,-0.403991539,0.488806179,-0.653212719,0.68312736,0.783129128,-0.794759183,0.130242306,0.471885371,0.434465007,-0.710986918,2.415314411,3.253141785
7.8986,-0.145774497,0.436785216,-0.696326828,0.240687329,-0.717294165,-0.282850844,-0.402780771,0.485035567,-0.647524119,0.67144013,0.802665474,-0.78545789,0.093307921,0.485492776,0.376147556,-0.722650408,1.957036446,3.267235169
7.9037,-0.147842957,0.439373951,-0.699679745,0.244122662,-0.713153302,-0.286851957,-0.396557813,0.497285172,-0.634912071,0.681623912,0.823411445,-0.764368477,0.066093111,0.477717116,0.405306281,-0.675996448,1.883653654,3.454336989
7.9088,-0.149902821,0.441910001,-0.703008899,0.247605319,-0.709010112,-0.290934574,-0.403872134,0.504540057,-0.642539727,0.684814775,0.831599337,-0.741931008,0.030616662,0.551585887,0.411624005,-0.767846433,1.870046248,3.905811252
7.9138,-0.151976438,0.444477905,-0.706272828,0.251072404,-0.70476489,-0.294615937,-0.408831912,0.504264872,-0.64642571,0.679224586,0.830556791,-0.729053543,0.039364279,0.594837996,0.35525047,-0.875733716,1.789373775,3.878596442
7.9189,-0.154036404,0.447228638,-0.709508444,0.25460087,-0.700412984,-0.298223885,-0.407964051,0.508938505,-0.641190528,0.666416009,0.852890649,-0.707801716,0.03499047,0.369343854,0.271662124,-1.10462971,1.606159785,3.904839295
7.924,-0.156235211,0.449836991,-0.712973607,0.258052483,-0.696104257,-0.301926079,-0.408333006,0.518211539,-0.638672332,0.670515871,0.867871625,-0.683113801,0.257082761,0.373717662,0.563735356,-1.259656932,1.526459269,4.238706699
7.9294,-0.15826484,0.452453939,-0.716199717,0.261443523,-0.691798766,-0.305329963,-0.410200841,0.518906245,-0.641668537,0.664489006,0.871226992,-0.675759728,0.223550227,0.369829832,0.502016054,-1.387469345,1.511879906,4.285846639
7.9346,-0.160318839,0.455066235,-0.719429973,0.264853979,-0.687155526,-0.308645364,-0.409387871,0.514460779,-0.637874962,0.650649327,0.880588012,-0.659344653,0.244447314,0.401418451,0.475287222,-1.595954231,1.017639513,4.402967518
7.9399,-0.162370816,0.457694711,-0.722744362,0.26814865,-0.682755587,-0.311815452,-0.402228821,0.52681035,-0.628487384,0.653822501,0.89242349,-0.632860536,0.263400485,0.41745575,0.591436145,-1.693149982,0.943284763,4.473434438
7.9451,-0.164404085,0.460360198,-0.726007685,0.271387906,-0.678397816,-0.315064112,-0.407465339,0.533460677,-0.637213326,0.649980426,0.893664558,-0.59928684,0.264372443,0.36691396,0.658501213,-1.79909335,0.971471531,4.836460568
7.9503,-0.166401962,0.462992719,-0.72914147,0.274557994,-0.673974922,-0.318013955,-0.407002202,0.53437682,-0.638147548,0.635970169,0.88215454,-0.579533261,0.231325887,0.379063429,0.570053079,-1.86956027,0.96806968,4.912273253
7.9554,-0.168435838,0.465840024,-0.732324502,0.277743958,-0.669474669,-0.320792193,-0.403549468,0.536134046,-0.634698945,0.61421047,0.897259975,-0.548684302,0.263886464,0.060747344,0.590950166,-2.017297811,0.890313079,4.916161084
7.9609,-0.170603499,0.468494792,-0.735706239,0.280815654,-0.665039337,-0.32361715,-0.400314138,0.538540176,-0.631357647,0.609544466,0.902505192,-0.516409238,0.518053353,0.051513748,0.957864126,-2.055204154,0.936967039,5.181991462
7.9659,-0.172598948,0.471106988,-0.738823137,0.283838507,-0.660523612,-0.326105875,-0.397628157,0.53623722,-0.631410254,0.597874172,0.89851346,-0.498028622,0.513679544,0.114205007,0.946200636,-2.108175838,0.906350378,5.124645969
7.971,-0.174519972,0.473800182,-0.741866721,0.286885934,-0.655633633,-0.328477804,-0.392948425,0.52889323,-0.6269167,0.580610701,0.897649122,-0.47390731,0.406764218,0.068037026,0.864070226,-2.277782424,0.329979575,5.110066607
7.976,-0.176479017,0.476497421,-0.744962079,0.289776115,-0.651037618,-0.330752149,-0.386589417,0.537051428,-0.61730613,0.579421097,0.896503282,-0.448300142,0.367399939,0.017981214,0.89371493,-2.296249616,0.253194931,5.156720567
7.9811,-0.178403681,0.479121751,-0.747978056,0.292579533,-0.64648377,-0.332994236,-0.393610036,0.540028826,-0.626810198,0.570906215,0.885916939,-0.415071927,0.294989104,0.069008983,0.84706097,-2.293333744,0.278951805,5.35840175
7.9862,-0.180448478,0.481925877,-0.751164931,0.295560522,-0.641886541,-0.335136616,-0.384290276,0.523770115,-0.612527137,0.538878879,0.870108755,-0.371578044,0.431063156,-0.145793626,1.119695051,-2.647126277,0.294017147,5.588269701
7.9913,-0.182508949,0.48476843,-0.754351805,0.298355749,-0.637255435,-0.336971079,-0.371790392,0.519286184,-0.586557161,0.512833625,0.882821182,-0.338388489,0.582202548,-0.397530621,1.392329132,-2.760359327,0.276521911,5.522176591
7.9964,-0.18455678,0.487404288,-0.757510365,0.300994742,-0.632738801,-0.33872161,-0.368459227,0.517169406,-0.57389496,0.502669233,0.888382212,-0.301527146,0.721192472,-0.326577723,1.637748404,-2.723424942,0.431063156,5.53043823
8.0015,-0.186409141,0.490038123,-0.760385378,0.303538376,-0.628238447,-0.340128324,-0.367948633,0.508361576,-0.566373345,0.491239596,0.885962961,-0.278265628,0.579286676,-0.25368091,1.486609011,-2.656845852,0.63225836,5.208234315
8.0065,-0.188261604,0.492694711,-0.763269188,0.306014461,-0.623698251,-0.34151805,-0.3665157,0.498871139,-0.554747616,0.472250633,0.876116813,-0.253602716,0.46848352,-0.202653141,1.405936538,-2.587350891,0.826163883,5.086739626
8.0116,-0.190089797,0.495336131,-0.766137425,0.308534938,-0.619116089,-0.342808171,-0.360896984,0.507195154,-0.54103468,0.456006671,0.898734435,-0.230191613,0.334353383,-0.137046009,1.341301363,-2.684546641,0.97973317,5.024534346
8.0167,-0.191879058,0.497883406,-0.768904035,0.310777632,-0.614587623,-0.34401891,-0.370201023,0.513000048,-0.547524854,0.449954462,0.914076711,-0.19960637,0.162802883,0.050055812,1.178984459,-2.452734775,1.215918845,5.041057624
8.0218,-0.193769239,0.500417029,-0.771539691,0.31302073,-0.610115482,-0.344907574,-0.371100618,0.514501723,-0.551477198,0.443358175,0.927323204,-0.178891477,0.181270076,0.250279059,0.890799058,-2.345333471,1.568253442,4.748012434
8.0269,-0.195656891,0.503083932,-0.774402467,0.315145616,-0.605262413,-0.345745778,-0.36470419,0.5250002,-0.537415159,0.43224943,0.949246337,-0.162806795,0.197307374,0.229381972,1.00694798,-2.155315778,1.337413533,4.592499233
8.0321,-0.197530387,0.505740722,-0.777207099,0.317312367,-0.600366367,-0.346451411,-0.369718446,0.52682731,-0.538733425,0.424676739,0.958066171,-0.142961318,0.199737268,0.218204461,1.067209346,-2.129558904,1.065265431,4.43358418
8.0372,-0.199419153,0.508470927,-0.779971382,0.319514916,-0.595424917,-0.347059864,-0.370286507,0.522151514,-0.534248036,0.416941536,0.950303924,-0.118312062,0.247849165,0.10545739,1.119695051,-2.262231104,0.78048188,4.305285789
8.0424,-0.201343917,0.511034382,-0.782720093,0.321628072,-0.590720295,-0.347677015,-0.365208563,0.522195763,-0.523685142,0.398333215,0.949203474,-0.098213828,0.361568194,0.27700789,1.188218055,-2.339987704,0.940368891,4.371378899
8.0475,-0.203115178,0.513742239,-0.785252098,0.323594094,-0.585724441,-0.348285671,-0.362444122,0.530625331,-0.522183249,0.392172876,0.961239297,-0.078123345,0.234727739,0.216746525,0.955434232,-2.276324487,0.665304915,4.615340234
8.0526,-0.204956922,0.516451107,-0.78793427,0.325576196,-0.580737284,-0.348663464,-0.366182586,0.52957987,-0.523372706,0.385703745,0.957706766,-0.06326814,0.237643611,0.155513202,1.022013321,-2.352137173,0.429605219,4.699414559
8.0577,-0.206735363,0.519187784,-0.790460006,0.327552028,-0.576044089,-0.348981191,-0.360514665,0.52499794,-0.510703483,0.366910582,0.96281066,-0.046946204,0.148709499,0.067551047,0.876219695,-2.514940056,0.693491683,4.911787275
8.0628,-0.20866579,0.521752149,-0.793148448,0.329373142,-0.57135049,-0.349194762,-0.356292384,0.525829207,-0.501927071,0.357705027,0.963551997,-0.02331935,0.298876934,0.26923223,1.01083581,-2.52903344,0.987994809,5.17907559
8.0679,-0.210446253,0.52434685,-0.795632319,0.331153099,-0.56651168,-0.349069572,-0.353498273,0.522438922,-0.500120421,0.349362473,0.958672867,0.002584824,0.211886737,0.441754688,0.855808587,-2.596584487,1.111919391,5.120758139
8.073,-0.212219638,0.52705137,-0.798102639,0.332859945,-0.561577409,-0.348777834,-0.35153057,0.516331651,-0.495549645,0.33169644,0.946094231,0.036817872,0.118092837,0.477717116,0.718762578,-2.655873895,1.175096629,4.995375621
8.0781,-0.214046719,0.529785722,-0.800643948,0.334561533,-0.556553645,-0.348617959,-0.346514346,0.527578901,-0.483489426,0.312772914,0.964815736,0.065059118,0.106915326,0.485006797,0.711958876,-2.803125458,1.152255628,5.275785362
8.0833,-0.215860148,0.532469916,-0.803141268,0.336127212,-0.55154414,-0.348263727,-0.353194026,0.535078379,-0.487699703,0.304672571,0.974347019,0.091310232,0.082616388,0.571511016,0.662875022,-2.850751376,1.174124672,5.462401204
8.0884,-0.217690363,0.535183436,-0.805618465,0.3377207,-0.546446152,-0.34756214,-0.355695262,0.536294735,-0.48669951,0.293683425,0.971331593,0.121308292,0.10545739,0.629828466,0.625454657,-3.080133348,1.110947433,5.315149641
8.0935,-0.219461321,0.538128931,-0.808147437,0.339207706,-0.541307716,-0.346849125,-0.354384942,0.539831932,-0.482173808,0.274742111,0.997968356,0.145321887,0.040336237,0.341157086,0.699809407,-3.269179084,1.008891895,5.373953071
8.0986,-0.221373647,0.540936091,-0.810770755,0.340481343,-0.536233593,-0.34607655,-0.353984349,0.547596366,-0.480249308,0.262229787,1.014623018,0.176939057,0.204111077,0.278465826,0.957864126,-3.253141785,0.999658299,5.56154087
8.1037,-0.223167459,0.543695116,-0.813168268,0.341712408,-0.531080999,-0.344981393,-0.357011365,0.55033765,-0.48206162,0.250656032,1.021173283,0.21512943,0.191961608,0.293045189,0.905864399,-3.320206853,0.883995355,5.439074224
8.1089,-0.224987663,0.546485489,-0.815634847,0.342911518,-0.525844979,-0.343799272,-0.355358965,0.545485493,-0.476589694,0.231449447,1.012748379,0.242778633,0.236185675,0.277493869,1.013265704,-3.480579842,0.688145917,5.388046454
8.114,-0.226759227,0.549282941,-0.818051876,0.34405228,-0.520573567,-0.342616341,-0.349219328,0.557458041,-0.465623316,0.205834649,1.031634559,0.276044996,0.202653141,0.255138846,1.073041091,-3.677887216,0.458277966,5.553279231
8.1191,-0.228513601,0.552063202,-0.820392557,0.345023258,-0.515314794,-0.341273536,-0.355008404,0.561592554,-0.468812624,0.186643567,1.034322604,0.302234707,0.152597329,0.249307101,1.059433685,-3.743008369,0.240559484,5.688867304
8.1243,-0.230282233,0.554864698,-0.822727879,0.345991708,-0.510063707,-0.33957478,-0.356904255,0.557854089,-0.467543953,0.166906439,1.024460322,0.336968216,0.147251563,0.223064248,1.102685795,-3.960726852,0.061233323,5.482326333
8.1294,-0.232087875,0.55783335,-0.825039033,0.346811204,-0.504828294,-0.337787542,-0.353707074,0.558948659,-0.457843233,0.142188855,1.042846866,0.3690173,0.208484886,-0.056859514,1.153713564,-4.097286882,-0.103027496,5.345766303
8.1346,-0.233979674,0.560638892,-0.827431388,0.3473784,-0.499657599,-0.335941753,-0.352498785,0.564841322,-0.450078994,0.121387652,1.046864039,0.391993598,0.414539878,-0.086990197,1.375805855,-3.991343513,-0.205083035,5.3389626
8.1398,-0.235740823,0.563427242,-0.829631914,0.347883305,-0.49449095,-0.333754677,-0.353663749,0.562756181,-0.447922196,0.09951907,1.037105853,0.423276439,0.433007071,-0.100597602,1.351506917,-3.94954934,-0.303250743,5.004123238
8.145,-0.237518253,0.566236829,-0.831829103,0.348299019,-0.489324401,-0.33154596,-0.349287122,0.552658296,-0.440683737,0.072148698,1.017080345,0.449626378,0.498128224,-0.134616115,1.386011409,-3.915044849,-0.370315811,4.834516653
8.1501,-0.239280008,0.569043382,-0.834049247,0.348601679,-0.484166953,-0.32930094,-0.342078963,0.559140524,-0.426680308,0.04222509,1.027464375,0.468896869,0.548184035,-0.165718755,1.504590225,-3.833886397,-0.428633262,4.81604946
8.1558,-0.241003843,0.571822631,-0.836175852,0.348738093,-0.479068662,-0.326995348,-0.344877302,0.557714832,-0.424327296,0.02030689,1.025534918,0.484792578,0.561791441,-0.170578543,1.533262971,-3.623943575,-0.430091198,4.92539468
8.161,-0.242724239,0.57465406,-0.838287997,0.348835979,-0.473969866,-0.324364648,-0.342192148,0.550881631,-0.415238156,0.003176965,1.011798631,0.51481513,0.603099635,-0.256596783,1.610047615,-3.50099095,-0.432035113,4.72225556
8.1661,-0.244410254,0.577627869,-0.840400344,0.348903934,-0.468523511,-0.321674285,-0.337065509,0.547821422,-0.404209743,-0.017788499,1.002255879,0.535876648,0.611361274,-0.572482973,1.749037539,-3.473290161,-0.985078936,4.616798171
8.1712,-0.24621084,0.580373749,-0.84255496,0.348759025,-0.463457074,-0.318936495,-0.330763045,0.546557926,-0.392076628,-0.035818432,0.997186198,0.548121344,0.822762032,-0.545268163,2.02167162,-3.240992316,-0.955920211,4.651788641
8.1763,-0.24787117,0.583094347,-0.844487916,0.348593791,-0.458423501,-0.315882192,-0.326221938,0.538417296,-0.383103783,-0.050412277,0.981148291,0.575426182,0.837341395,-0.493754415,2.019241726,-3.113179903,-0.895172866,4.382556411
8.1814,-0.249443422,0.585828092,-0.846396805,0.348311457,-0.453363131,-0.312844676,-0.317268752,0.523504358,-0.367038881,-0.062653645,0.954194573,0.598910158,0.736257814,-0.454876114,2.055690133,-2.9348257,-0.860182396,4.315491343
8.1865,-0.251051168,0.588550713,-0.848301345,0.347987461,-0.448326019,-0.309709475,-0.30435773,0.526551736,-0.34880107,-0.082344653,0.959607137,0.615471512,0.700295386,-0.405306281,2.149970011,-2.809443181,-0.802836903,4.278556957
8.1916,-0.252633128,0.591237941,-0.850078471,0.347545758,-0.443377895,-0.306643847,-0.302495362,0.523211167,-0.34114671,-0.097247386,0.961230476,0.629408921,0.639548041,-0.321717936,2.121783243,-2.601930253,-0.659959149,4.556536805
8.1967,-0.254169077,0.593871473,-0.851759632,0.347018809,-0.43847477,-0.30329912,-0.299926818,0.517724466,-0.330158196,-0.103650253,0.954034516,0.666690173,0.53457663,-0.155513202,2.032363153,-2.374492196,-0.473829286,4.56625638
8.2018,-0.255711194,0.596694003,-0.853408636,0.346554556,-0.433269592,-0.299897664,-0.299711578,0.517068735,-0.318900693,-0.113288962,0.954805813,0.694990442,0.466539605,-0.294989104,1.974045702,-2.362342727,-0.795061243,4.645470917
8.2069,-0.257353726,0.59933421,-0.85507564,0.345930529,-0.428489837,-0.296391951,-0.299415083,0.523901621,-0.308697957,-0.124123445,0.964610094,0.71594672,0.588034293,-0.166204734,2.026045429,-2.196623972,-0.490352564,4.748498413
8.212,-0.258843867,0.601938012,-0.856545859,0.345201942,-0.423747396,-0.292507837,-0.302201636,0.525779176,-0.306525025,-0.13115495,0.971152899,0.750896587,0.501044096,-0.002429894,1.85789678,-1.961410254,-0.180784097,4.42580852
8.2172,-0.260390333,0.604528163,-0.858123774,0.344522803,-0.41899727,-0.288637982,-0.296526061,0.529321329,-0.293075077,-0.138893457,0.973933256,0.767270621,0.530202821,0.174466373,1.948288828,-1.897747037,0.090392048,4.302855895
8.2223,-0.261812721,0.607291637,-0.859532208,0.343716756,-0.413947113,-0.284727273,-0.29534868,0.537822434,-0.285930582,-0.14818367,0.985827854,0.775568125,0.378091471,0.060747344,1.844775353,-1.712103153,-0.143849711,4.326668854
8.2274,-0.263345131,0.610043988,-0.860950551,0.342844069,-0.408940944,-0.280855799,-0.295318695,0.535992432,-0.279525552,-0.154638318,0.986506839,0.787261089,0.424745432,-0.042280152,1.843803396,-1.493412713,-0.33581132,4.636237321
8.2325,-0.264808171,0.612812013,-0.862299221,0.34214592,-0.403884619,-0.276701183,-0.289140496,0.529979539,-0.266674888,-0.158744936,0.972444703,0.828020298,0.373717662,-0.160372989,1.80686901,-1.628514807,-0.606987465,4.673657685
8.2376,-0.266273738,0.615395591,-0.863695217,0.341339569,-0.3991622,-0.272752452,-0.280863719,0.528943067,-0.252245329,-0.169534855,0.966925953,0.830184896,0.325119787,0.022841001,1.90843857,-1.659617448,-0.340185128,5.250028488
8.2427,-0.267725655,0.618038427,-0.864974922,0.340476691,-0.394382546,-0.26826393,-0.282959502,0.525818564,-0.244978537,-0.176682242,0.956048801,0.855773354,0.263400485,0.118092837,1.898233016,-1.667393108,-0.159401032,5.214552039
8.2479,-0.26914774,0.620723228,-0.86622702,0.339537567,-0.389497624,-0.263867833,-0.283428423,0.516259386,-0.232985602,-0.17979705,0.937652537,0.88462929,0.173008437,0.173008437,1.923503911,-1.632888616,-0.110803156,5.546961507
8.253,-0.270611892,0.623426737,-0.867460107,0.338534837,-0.384609162,-0.259247042,-0.27869256,0.524491502,-0.221342912,-0.190803132,0.95063767,0.90777658,0.154055265,0.209942822,1.992512895,-1.568253442,-0.065607132,5.756418351
8.2581,-0.272061887,0.626110021,-0.868555668,0.337538882,-0.379721104,-0.254462939,-0.283601164,0.531965442,-0.21683332,-0.20106365,0.954379755,0.931078629,0.121494689,0.266316358,1.929335657,-1.572141272,-0.051027769,5.963931279
8.2633,-0.273482556,0.628796845,-0.869606431,0.336534028,-0.374840125,-0.249341592,-0.286154812,0.532637818,-0.207899865,-0.205886576,0.951658736,0.986135065,0.060747344,0.319288042,1.88511159,-1.629486765,-0.029644704,5.847296378
8.2684,-0.274931136,0.631690869,-0.870625038,0.335506624,-0.369628779,-0.244125594,-0.289081036,0.535549365,-0.199880996,-0.212701602,0.952501472,1.027416142,0.057831472,0.049083854,1.871990163,-1.727168495,-0.542838269,5.763708032
8.2735,-0.276424815,0.634422793,-0.871667206,0.334378602,-0.364726363,-0.238771969,-0.28480469,0.543025784,-0.187864904,-0.227389192,0.962153374,1.062130527,0.129270349,0.027700789,1.974531681,-1.728140452,-0.604071592,5.671858047
8.2786,-0.277909394,0.63714056,-0.872580443,0.333251795,-0.359809081,-0.232872282,-0.288105142,0.542256237,-0.18090773,-0.237472522,0.962633764,1.105650046,0.191961608,0.019925129,1.953148616,-1.792289648,-0.74160358,4.900123785
8.2837,-0.279371726,0.639925675,-0.873448883,0.332044191,-0.354879563,-0.227161088,-0.286878143,0.535496539,-0.173565781,-0.24030573,0.949479388,1.14402463,0.233269802,-0.083588346,1.950718722,-1.809784883,-0.921901698,4.588611403
8.2888,-0.280871069,0.642700172,-0.8743333,0.330706138,-0.350033472,-0.22139822,-0.283711457,0.543534507,-0.161101957,-0.249911246,0.96314567,1.174074883,0.341157086,-0.176896267,2.05666209,-1.701897599,-1.022013321,4.35145377
8.2939,-0.282338558,0.645386086,-0.875086257,0.329358176,-0.345227627,-0.215496107,-0.287463359,0.545949214,-0.152659753,-0.259645983,0.966818892,1.187519485,0.418427708,-0.154055265,2.036250983,-1.646496021,-1.145451925,4.073473923
8.299,-0.283762059,0.648105976,-0.875838002,0.32799373,-0.34050268,-0.209366468,-0.28641396,0.543212376,-0.14515612,-0.264608264,0.954601119,1.228731893,0.453418178,-0.194877481,2.10768986,-1.637262425,-1.191133928,3.576803635
8.3047,-0.285160785,0.651008798,-0.876541915,0.326649307,-0.335498433,-0.203271109,-0.281157274,0.54083922,-0.134028664,-0.269814724,0.943785564,1.254243931,0.46459569,-0.535548588,2.195166035,-1.740289921,-1.722308707,3.237104486
8.3098,-0.286595005,0.653686217,-0.877210132,0.325200222,-0.330847103,-0.197072808,-0.274316005,0.539196636,-0.118485095,-0.284950873,0.940438774,1.265733222,0.540894354,-0.535548588,2.310343,-1.742719815,-1.759243092,2.860470951
8.3155,-0.287996865,0.656384973,-0.877743351,0.323717363,-0.326258873,-0.190405703,-0.2747659,0.531901536,-0.105430564,-0.299917998,0.924918265,1.281496988,0.586090378,-0.587062336,2.295763638,-1.743691772,-1.766532774,1.847205247
8.3206,-0.289355243,0.659034078,-0.87823784,0.322184548,-0.321632521,-0.184061584,-0.270787071,0.519198513,-0.089421379,-0.308562199,0.899398184,1.292129668,0.58949223,-0.559847526,2.305969192,-1.727654473,-1.872476142,1.423431773
8.3257,-0.290731419,0.661653352,-0.878694105,0.3205045,-0.317113358,-0.177744059,-0.265316699,0.523808969,-0.075795992,-0.321555108,0.900843388,1.286630065,0.641005978,-0.503959969,2.341445641,-1.539094716,-1.875392015,1.118237115
8.3308,-0.29205855,0.664262615,-0.879001213,0.318887956,-0.312651128,-0.171308322,-0.267527538,0.524042287,-0.065416167,-0.332742825,0.892789578,1.265720587,0.645379786,-0.469455477,2.233558357,-1.504590225,-1.885597569,0.730426068
8.3359,-0.293326524,0.666847608,-0.879300536,0.317182931,-0.30819729,-0.164777025,-0.265979234,0.516722378,-0.055408503,-0.339951202,0.874287225,1.274339444,0.592894081,-0.411624005,2.211203334,-1.385039451,-1.949746764,0.250765037
8.341,-0.294654363,0.669615027,-0.879556578,0.315515118,-0.303496006,-0.158368389,-0.259908752,0.511344222,-0.041228081,-0.34077897,0.855333932,1.267449699,0.659959149,-0.653155446,2.209259419,-1.394273048,-2.468772074,-0.017981214
8.3461,-0.29596754,0.672198605,-0.879735868,0.313751239,-0.299170391,-0.152039438,-0.248168696,0.510635349,-0.02587018,-0.351321915,0.84246796,1.24907008,0.712930833,-0.624968679,2.164549374,-1.31117068,-2.471687947,-0.11712088
8.3511,-0.297257963,0.674749317,-0.879831328,0.312010314,-0.294937203,-0.145267267,-0.243457326,0.502134341,-0.016152597,-0.359330334,0.822684227,1.235824218,0.744033474,-0.565193292,2.070269495,-1.312142638,-2.416772348,-0.890313079
8.3562,-0.2985586,0.677351704,-0.879934675,0.310227526,-0.29070179,-0.1389369,-0.236223217,0.488394021,-0.005030002,-0.362682494,0.792532793,1.224984584,0.815958329,-0.586090378,2.076587219,-1.303880999,-2.426005944,-0.959808041
8.3613,-0.299821317,0.679930832,-0.88000182,0.308256952,-0.286600364,-0.13270634,-0.229421021,0.490446795,0.006051553,-0.368297396,0.789520113,1.203736621,0.851434778,-0.584632442,2.110119753,-1.053115962,-2.30645517,-0.871359907
8.3664,-0.301023359,0.682411771,-0.879933967,0.306398524,-0.282532511,-0.12648195,-0.23008997,0.48806392,0.016370073,-0.370091022,0.779926892,1.177224949,0.828593777,-0.457791987,2.01389596,-1.03416279,-2.247651741,-0.745977389
8.3716,-0.30215765,0.684920113,-0.879786834,0.304549398,-0.278553039,-0.120296491,-0.226964422,0.481856877,0.027546734,-0.371383263,0.763292787,1.19262406,0.740631622,-0.388297025,1.872476142,-1.086162517,-2.13490467,-0.583174506
8.3767,-0.303207402,0.687551117,-0.87961715,0.302649813,-0.274412681,-0.114167054,-0.218644636,0.481390532,0.036743493,-0.369860206,0.751811053,1.197781801,0.540408375,-0.529716843,1.771392561,-1.120667009,-2.362828706,-0.397530621
8.3818,-0.304334715,0.689980584,-0.879385883,0.300672363,-0.270644352,-0.108164223,-0.214093712,0.48734625,0.047462702,-0.380260589,0.75273626,1.191560496,0.476745158,-0.384409195,1.642122212,-1.080330772,-2.109147796,-0.028186768
8.3869,-0.305420063,0.692401557,-0.879096066,0.29874416,-0.266971382,-0.10179553,-0.218434766,0.489920261,0.053235984,-0.39071907,0.752300288,1.200560191,0.372745705,-0.261942549,1.487580968,-1.149339755,-1.825822182,-0.258540698
8.3921,-0.306555162,0.694787137,-0.87884953,0.29673607,-0.263320356,-0.095910001,-0.218468566,0.492206986,0.061632798,-0.389352838,0.752717914,1.2257942,0.37857745,-0.10545739,1.467655839,-1.141564095,-1.614421423,0.223550227
8.3972,-0.307710588,0.697331378,-0.878555567,0.294648094,-0.259491657,-0.08961806,-0.215548125,0.497815253,0.067943645,-0.399531785,0.755046797,1.214953132,0.434950986,-0.225494142,1.433151348,-1.057003792,-1.790831711,0.035962428
8.4023,-0.308826575,0.699800182,-0.878165537,0.29259369,-0.255669734,-0.083683386,-0.21874137,0.495609469,0.074401185,-0.403050174,0.747838517,1.219827936,0.453418178,-0.24201742,1.306310893,-1.066723367,-2.053746218,0.439810773
8.4074,-0.309900091,0.702324199,-0.877826373,0.290707756,-0.25186581,-0.077710284,-0.216380826,0.485764341,0.078656561,-0.392305985,0.72632103,1.215262968,0.431063156,-0.342615022,1.321376234,-1.42440373,-2.36137077,0.806724733
8.4126,-0.311000506,0.704710385,-0.877394681,0.288689352,-0.248331682,-0.07163151,-0.21131632,0.482125526,0.084579014,-0.400818584,0.715015245,1.206200946,0.465567647,-0.217718482,1.247507464,-1.65475766,-2.316660724,1.072069133
8.4177,-0.312069067,0.707220245,-0.876881586,0.286495803,-0.244669026,-0.065067044,-0.212493482,0.484815322,0.090666043,-0.418986195,0.704724839,1.209255784,0.469455477,-0.304708679,1.095396113,-1.65475766,-2.581519145,0.622538785
8.4229,-0.313144807,0.709635352,-0.876478107,0.284395187,-0.241095257,-0.058905956,-0.210465711,0.471549098,0.092487686,-0.422105449,0.676989351,1.221001113,0.51124965,-0.238615569,1.172666735,-1.868102333,-2.791947946,0.839771288
8.428,-0.314185661,0.712053999,-0.876029224,0.282072909,-0.237678228,-0.052327333,-0.208187661,0.474809335,0.095584707,-0.434571339,0.667583548,1.241314636,0.519511289,-0.175924309,1.23730191,-1.806383032,-2.851723333,0.376633535
8.4331,-0.315288401,0.714445343,-0.875494388,0.279805036,-0.234362625,-0.046135909,-0.204669175,0.476238744,0.102294591,-0.452223715,0.653230579,1.220434097,0.649267616,-0.086990197,1.219320696,-1.889971377,-2.876022271,0.564707313
8.4383,-0.316299525,0.716882293,-0.874930832,0.27748923,-0.231126201,-0.039895945,-0.202882377,0.472206992,0.108911435,-0.464257278,0.633976757,1.242035197,0.659959149,-0.072896813,1.204741333,-1.958494382,-2.886227825,0.706127131
8.4434,-0.317316817,0.719464152,-0.874340075,0.275131661,-0.227764789,-0.033625544,-0.19737789,0.471929522,0.115709087,-0.46793881,0.612586207,1.252463281,0.707585067,-0.291101274,1.195021758,-2.04888643,-3.202599994,0.787285583
8.4486,-0.318300233,0.721870765,-0.873683588,0.272648701,-0.224742947,-0.027355243,-0.191110368,0.4756684,0.125356981,-0.487331355,0.599058503,1.251456284,0.722650408,-0.247849165,1.122124945,-2.018755747,-3.099572498,0.899546675
8.4536,-0.31923511,0.724299221,-0.873061685,0.270167964,-0.22174598,-0.020592578,-0.190979275,0.473130667,0.132155459,-0.503565281,0.586882159,1.256484196,0.691061789,-0.256596783,1.144479968,-2.05277426,-3.096656626,0.259512655
8.4587,-0.320122459,0.726726666,-0.872406512,0.267658611,-0.218701487,-0.014226615,-0.185439433,0.466851676,0.134157497,-0.511738909,0.563174074,1.269435943,0.613791167,-0.264372443,1.165863033,-2.121297265,-3.294449979,0.248821122
8.4638,-0.321035696,0.72912428,-0.871749014,0.264870867,-0.215872383,-0.007820609,-0.177393083,0.47566043,0.135284749,-0.524290501,0.555335893,1.268197888,0.592408102,-0.243475356,1.247021485,-1.829224033,-3.285216382,0.168634628
8.4688,-0.321976843,0.731519972,-0.870998989,0.262128931,-0.213105066,-0.001404085,-0.171806101,0.477796428,0.141662272,-0.539210899,0.545685594,1.252333257,0.628856509,-0.251736995,1.239245825,-1.67419681,-3.34061796,0.10934522
8.474,-0.322835474,0.7338919,-0.87022075,0.259435332,-0.210292648,0.005005865,-0.169150203,0.476196853,0.149531751,-0.547209089,0.530582711,1.274780397,0.554987738,-0.237157632,1.235357995,-1.65864549,-3.625401511,0.056373536
8.4792,-0.323711397,0.736316008,-0.86946395,0.256666498,-0.207476691,0.011392153,-0.163801302,0.467144016,0.156876275,-0.549566548,0.508537767,1.282828084,0.528744885,-0.303736722,1.314086553,-1.601785976,-4.068614135,-0.004859788
8.4845,-0.324607645,0.738724441,-0.868666801,0.25380362,-0.205018404,0.017823036,-0.160865043,0.471600442,0.16157411,-0.566855752,0.490755829,1.275538572,0.553043823,-0.35525047,1.385039451,-1.454534413,-4.106034499,-0.139961881
8.4897,-0.32545586,0.741090403,-0.867784205,0.250925675,-0.202637577,0.024639498,-0.163296078,0.471505846,0.17219831,-0.576856272,0.4678638,1.273633511,0.531174779,-0.365942002,1.37386194,-1.323806128,-4.193024696,-0.89371493
8.4949,-0.326301143,0.743531904,-0.866868844,0.248106684,-0.200270907,0.030954495,-0.161874931,0.465817659,0.178824873,-0.581461066,0.440340733,1.275398683,0.537492503,-0.51124965,1.36219845,-1.3427593,-4.421434711,-0.886425249
8.5001,-0.327107493,0.745926383,-0.865958742,0.24500718,-0.198190414,0.037262514,-0.15967855,0.472095192,0.185445338,-0.587659021,0.424357572,1.263503867,0.506389862,-0.611361274,1.417600028,-0.96806968,-4.374780751,-0.903434505
8.5052,-0.327977753,0.748249065,-0.864970776,0.242081606,-0.196179189,0.043591769,-0.155734249,0.472802291,0.198376941,-0.591814115,0.405623723,1.234353671,0.598725826,-0.642463914,1.398160878,-0.915583974,-4.416574924,-0.940854869
8.5107,-0.328764486,0.750578926,-0.863960663,0.239130347,-0.194220548,0.049886136,-0.152926798,0.46502493,0.207852919,-0.591290205,0.381407207,1.243753739,0.579772654,-0.711472897,1.388441302,-0.869415992,-4.562854529,-0.944742699
8.5157,-0.32955587,0.75289817,-0.862871676,0.236134695,-0.19229275,0.056171605,-0.151937564,0.451508112,0.216472821,-0.586238845,0.348644099,1.241825206,0.596295932,-0.770276326,1.302909042,-0.811584521,-4.834516653,-1.002088192
8.5208,-0.330261199,0.755183032,-0.861785924,0.23308292,-0.190652644,0.062462736,-0.147282228,0.451203136,0.218152631,-0.597826522,0.32366258,1.22436688,0.499100181,-0.7960332,1.282497934,-0.699809407,-4.829656865,-1.095882092
8.5259,-0.330927596,0.757507534,-0.860607645,0.230045404,-0.189124886,0.069103549,-0.14970024,0.444745085,0.225252975,-0.598226191,0.296029512,1.212746837,0.364484066,-0.921901698,1.173152714,-0.632744339,-4.840834377,-1.773822455
8.5311,-0.33164324,0.759799171,-0.859452321,0.227030842,-0.187596521,0.075251087,-0.152158053,0.431318513,0.23174225,-0.591988459,0.262925562,1.208205511,0.339213171,-1.016181576,1.147881819,-0.649753595,-5.03862773,-1.729598388
8.5361,-0.332431894,0.762036202,-0.858267267,0.22380362,-0.186371018,0.081290424,-0.145898185,0.430241608,0.235603545,-0.592564903,0.23706605,1.194216345,0.446128497,-1.057975749,1.125040817,-0.369343854,-4.945319809,-1.581374868
8.5412,-0.333205885,0.764196885,-0.857016483,0.220784205,-0.185262918,0.087391647,-0.142034727,0.424083043,0.24567198,-0.594482988,0.208192545,1.16423498,0.538950439,-1.02638713,1.039022578,-0.443698603,-4.863189399,-1.554646037
8.5464,-0.333902922,0.766347558,-0.855802811,0.217821114,-0.18416483,0.093405906,-0.13864381,0.416304127,0.250082213,-0.593392355,0.17980864,1.173408849,0.52680097,-1.016181576,1.050686068,-0.634202275,-4.957469278,-1.444328859
8.5514,-0.334614218,0.768457781,-0.854560926,0.214831328,-0.183215593,0.099307513,-0.136267034,0.403868538,0.253140259,-0.58759057,0.146786773,1.176677445,0.559361547,-0.967097722,1.066237388,-0.830051713,-5.001693344,-1.25674106
8.5565,-0.335293154,0.770506826,-0.853283244,0.21179553,-0.182443523,0.105140459,-0.13158854,0.406216763,0.255050082,-0.604671873,0.128235068,1.174850116,0.560819483,-0.859210438,1.078386857,-0.981677085,-4.968646789,-1.03416279
8.5616,-0.335934169,0.772571746,-0.85193781,0.208751138,-0.1818739,0.111237132,-0.131402969,0.404420658,0.264576918,-0.619414452,0.106599488,1.184491983,0.525829013,-0.828593777,1.025415173,-1.125040817,-4.834030674,-1.313114595
8.5668,-0.336629487,0.774583072,-0.850533724,0.205487006,-0.181343109,0.117269188,-0.128624362,0.398049136,0.268253785,-0.613241647,0.083651936,1.172633033,0.60504355,-0.746463367,0.916069953,-0.96418185,-4.848124058,-1.56096376
8.5719,-0.337293457,0.776692284,-0.849203256,0.20214501,-0.180974821,0.123306401,-0.122297501,0.39486549,0.27043911,-0.622666136,0.054631739,1.145217513,0.654127404,-0.851434778,0.970499573,-0.728482153,-4.799040204,-1.844775353
8.577,-0.33792254,0.778631409,-0.847819699,0.199027505,-0.180782182,0.128950046,-0.119182086,0.398208732,0.28172689,-0.635378052,0.038751849,1.132621576,0.669678724,-0.730912047,0.973901425,-0.863584247,-4.674143664,-1.533262971
8.5822,-0.338554252,0.780707453,-0.846338457,0.195761149,-0.180579735,0.13492072,-0.116084555,0.389045894,0.284967396,-0.631509856,0.015097708,1.128475569,0.718762578,-0.866014141,0.852406736,-0.793603307,-4.775713223,-1.815130649
8.5873,-0.339186065,0.782603701,-0.844878147,0.192655071,-0.180689251,0.140383557,-0.112224401,0.38283771,0.282969829,-0.633951972,-0.007088462,1.139772,0.798949073,-0.735285856,0.813042457,-1.032704854,-4.577433891,-1.391843154
8.5923,-0.339718677,0.784596825,-0.843436242,0.189360603,-0.180820407,0.146186571,-0.108457701,0.380300488,0.283775363,-0.649405999,-0.02719559,1.111514571,0.752781091,-0.790687434,0.853378693,-0.997714384,-4.544387336,-1.574571166
8.5974,-0.340247346,0.786591061,-0.841889069,0.186081404,-0.180970169,0.151909698,-0.105675473,0.372886396,0.290105844,-0.657056932,-0.049417527,1.115392681,0.73382792,-0.87816361,0.761528709,-1.008405916,-4.67948943,-1.680514534
8.6026,-0.340729497,0.788434928,-0.840389625,0.182722823,-0.181299626,0.157584488,-0.100841393,0.371544536,0.292561397,-0.653635642,-0.066166105,1.1084444,0.670164703,-0.759098815,0.777566008,-0.942798784,-4.734891008,-1.802009223
8.6077,-0.341220346,0.790227222,-0.838938416,0.179514916,-0.181673476,0.163272121,-0.096997472,0.366401252,0.299672384,-0.657119089,-0.08819297,1.083274977,0.645865765,-0.590464187,0.901976569,-1.177040544,-4.933656319,-1.997858661
8.6128,-0.341662655,0.792041359,-0.837481242,0.176301648,-0.18214592,0.16858196,-0.097203186,0.360428671,0.303658042,-0.655942972,-0.109144705,1.075488504,0.574912867,-0.473829286,1.051658025,-1.468141818,-5.192682995,-1.644552106
8.6179,-0.342153706,0.793895035,-0.835990292,0.17293872,-0.182848215,0.173842856,-0.094512346,0.352339627,0.304931986,-0.649525064,-0.14430206,1.062819791,0.61281921,-0.426203368,1.199881546,-1.615393381,-5.292794618,-1.275208253
8.623,-0.342653959,0.79571888,-0.834397715,0.169457984,-0.183714026,0.17915401,-0.09038279,0.357140611,0.305796761,-0.666492453,-0.17669043,1.047215864,0.690575811,-0.349904703,1.250423336,-1.649411894,-5.328757046,-1.016181576
8.6281,-0.343109212,0.797541309,-0.832723733,0.165963697,-0.184664273,0.184862979,-0.087839056,0.359254279,0.317046295,-0.684432529,-0.20719556,1.036111784,0.725080302,-0.303250743,1.222722547,-1.701411621,-5.438588245,-1.418571985
8.6333,-0.34356305,0.799382041,-0.831086359,0.162426029,-0.18576934,0.190188088,-0.083809879,0.357777827,0.326675478,-0.691235357,-0.234063017,1.037532907,0.789229498,-0.305194658,1.292217509,-1.742719815,-5.523634527,-1.265974656
8.6384,-0.343977955,0.801343917,-0.829419759,0.158595207,-0.187218728,0.195505309,-0.075171583,0.356180317,0.332789698,-0.704514726,-0.266869863,1.031627099,0.815958329,-0.516595416,1.364628343,-1.378235749,-5.277729277,-1.167806948
8.6435,-0.344357468,0.803167054,-0.827577005,0.154948933,-0.188738396,0.200864193,-0.068753747,0.357329049,0.342517608,-0.720617146,-0.300833096,1.016588754,0.808668648,-0.532632715,1.205713291,-1.346161151,-5.119300203,-1.171694778
8.6487,-0.344689453,0.80499636,-0.825815957,0.151336232,-0.190276165,0.206108808,-0.065272681,0.353466417,0.352328012,-0.728607269,-0.330071011,1.035600826,0.755696964,-0.5856044,1.218348738,-1.408366431,-5.129505757,-1.065751409
8.6537,-0.345018505,0.806797856,-0.824031752,0.147658914,-0.192108201,0.21137658,-0.061692063,0.347494662,0.358053012,-0.726258533,-0.366531033,1.044623872,0.730912047,-0.611847252,1.239731803,-1.439469072,-4.856871675,-1.106087646
8.6588,-0.345349176,0.808547275,-0.822202649,0.14389817,-0.194062797,0.216666397,-0.057266327,0.352478933,0.359861631,-0.74670191,-0.398466495,1.043711957,0.738687707,-0.588034293,1.2489654,-1.390385217,-4.559452678,-1.26062889
8.6639,-0.345630296,0.810277076,-0.82029821,0.14009192,-0.196094347,0.222283244,-0.055124837,0.353191305,0.372562491,-0.757886006,-0.423709349,1.037683123,0.698837449,-0.576370803,1.185788162,-1.297563275,-4.312089491,-2.008550194
8.6693,-0.345867428,0.812011022,-0.818385782,0.136297502,-0.19820993,0.227459602,-0.0498881,0.34900851,0.380345441,-0.760276852,-0.443896591,1.035663395,0.61670704,-0.599697783,1.145937904,-1.278124125,-4.107978414,-2.147054139
8.6746,-0.346066134,0.813856002,-0.816502376,0.132230155,-0.200576803,0.232569926,-0.048455581,0.343609262,0.38762132,-0.7694246,-0.470020427,1.024979638,0.497642245,-0.822762032,1.195993716,-0.872331865,-3.662335896,-2.284100148
8.6798,-0.34632976,0.815556174,-0.814409344,0.128414703,-0.202930023,0.237744362,-0.043653965,0.340000627,0.395545277,-0.77971695,-0.486451515,1.003377688,0.502988011,-0.844631076,0.951546402,-0.894686888,-3.384842027,-2.606790041
8.685,-0.346568106,0.817203762,-0.812451714,0.124552735,-0.2053243,0.2427297,-0.040571426,0.334457164,0.400760825,-0.782823788,-0.499453026,1.007548552,0.48403484,-0.815958329,0.961265977,-0.872331865,-3.191908462,-2.74772388
8.6902,-0.346773081,0.818906664,-0.810473961,0.120607847,-0.207974517,0.247622813,-0.039714621,0.326198368,0.403062347,-0.777626974,-0.51687602,0.998568151,0.433007071,-0.902462548,0.982649042,-0.770276326,-2.721967006,-2.893031527
8.6953,-0.346993326,0.820547881,-0.808460411,0.116622004,-0.210607645,0.252478815,-0.037767693,0.3268974,0.402723693,-0.793994034,-0.528511275,0.975282989,0.427661304,-0.929677358,1.000630256,-0.628856509,-2.39247341,-3.095684668
8.7005,-0.347180706,0.822164931,-0.806386692,0.112637173,-0.213214582,0.257561129,-0.037597941,0.321448631,0.414763136,-0.800642296,-0.53776035,0.947364409,0.390726919,-0.964667828,0.960779998,-0.488408649,-2.212175292,-3.763905456
8.7056,-0.347384872,0.823729902,-0.804310547,0.108658004,-0.215895642,0.262280615,-0.035872036,0.313226016,0.417362078,-0.794914113,-0.540292421,0.929568207,0.400932473,-0.949602487,0.949602487,-0.384409195,-2.022643577,-3.990371556
8.7107,-0.347558702,0.825394782,-0.802202649,0.104387097,-0.218717767,0.266899788,-0.035422335,0.30377475,0.417169703,-0.791386952,-0.553568073,0.901145132,0.381979301,-1.123582881,0.938910954,0.155027223,-1.697523791,-4.213435804
8.7158,-0.347752857,0.826948832,-0.799927192,0.100392355,-0.221609061,0.271453534,-0.032863098,0.298619779,0.421367077,-0.787210985,-0.554493327,0.861256166,0.41356792,-1.160031288,0.705155173,0.242989377,-1.336927554,-4.466630735
8.7209,-0.347921226,0.828432602,-0.797794216,0.096475174,-0.224389119,0.27574689,-0.030956798,0.290422799,0.424306957,-0.776094513,-0.551889866,0.845611878,0.420371623,-1.128928647,0.732369983,0.194391502,-1.238273867,-4.469546608
8.726,-0.348099808,0.82991799,-0.795654262,0.092546466,-0.227371119,0.28001709,-0.032553263,0.276304728,0.425958435,-0.756649579,-0.555390784,0.823453312,0.467997541,-1.130386584,0.783883731,0.125868497,-0.883509376,-4.636237321
8.731,-0.348284559,0.831348771,-0.793482051,0.088596521,-0.230185762,0.284153605,-0.030566533,0.271813652,0.42055197,-0.763002998,-0.556551423,0.789635436,0.552557844,-1.079358814,0.835397479,0.077756601,-0.844631076,-4.767451585
8.7361,-0.348431388,0.832750834,-0.791243604,0.084672363,-0.233035696,0.288367681,-0.027986204,0.268009629,0.429271522,-0.764256459,-0.552595872,0.753233513,0.600669741,-1.031732896,0.823248011,0.004859788,-0.802836903,-5.190253101
8.7412,-0.348537264,0.834084639,-0.789018404,0.080783699,-0.235844878,0.292130448,-0.025493644,0.262258168,0.436569003,-0.758224029,-0.545085143,0.72833738,0.609417359,-0.918499847,0.85483663,-0.133158179,-0.893228951,-5.086253648
8.7463,-0.348599151,0.835506219,-0.786783193,0.076638184,-0.238723835,0.295805744,-0.02382263,0.256349055,0.437041763,-0.760042246,-0.556560244,0.700281803,0.575884824,-0.982649042,0.907808314,0.130728285,-0.916555932,-5.053207092
8.7514,-0.348670745,0.836808879,-0.784392557,0.072808777,-0.241587521,0.299475073,-0.019797074,0.255981947,0.44435103,-0.767507705,-0.565272458,0.662617113,0.582688527,-0.90149059,0.74937924,-0.095251836,-0.985564915,-5.200458655
8.7564,-0.348750025,0.838037213,-0.782162605,0.069045202,-0.244371524,0.302813227,-0.018697328,0.253923365,0.453111623,-0.771100206,-0.567368363,0.646922575,0.627884551,-0.748893261,0.869415992,-0.415511835,-1.224180483,-5.029394133
8.7615,-0.348835979,0.839251492,-0.779893215,0.065262413,-0.247368187,0.305968248,-0.013454905,0.253652091,0.459697242,-0.774694675,-0.580261816,0.63137711,0.71050094,-0.613791167,0.951546402,-0.717304642,-1.165377054,-4.806329885
8.7666,-0.348887552,0.84055405,-0.777661948,0.061226818,-0.250327232,0.308975023,-0.007024458,0.253013102,0.464853453,-0.78951778,-0.586593439,0.609628128,0.760070773,-0.656557298,1.132330499,-0.621080849,-1.204741333,-4.564798444
8.7717,-0.348904743,0.841813631,-0.775393872,0.057378299,-0.253172515,0.311872485,9.60E-15,0.247385906,0.466633228,-0.777876572,-0.574851342,0.587060392,0.77659405,-0.658015234,1.308740787,-0.859696417,-1.508478055,-4.342220174
8.7768,-0.348887552,0.843135605,-0.773015067,0.053430276,-0.256151279,0.314826777,0.007024458,0.242033384,0.467234287,-0.761360876,-0.58697639,0.563057974,0.760070773,-0.781453838,1.378721727,-1.033676811,-1.683916385,-4.391304028
8.7819,-0.348835979,0.844400445,-0.770441905,0.049377086,-0.259334614,0.317799879,0.013454905,0.242340717,0.475639265,-0.772612475,-0.609631651,0.53514124,0.71050094,-0.849976842,1.199881546,-1.106573625,-1.569711378,-4.64449896
8.7871,-0.348750025,0.845643139,-0.767831328,0.045121246,-0.262524927,0.3203784,0.018697328,0.239333019,0.495276598,-0.795083403,-0.621670171,0.517417498,0.627884551,-0.928219422,0.985078936,-0.860668375,-1.479805308,-4.456425181
8.7922,-0.348670745,0.846833249,-0.765252199,0.040817272,-0.265725149,0.322929214,0.019797074,0.230183619,0.504816871,-0.803058631,-0.620987687,0.49964579,0.582688527,-0.955920211,0.831509649,-0.537492503,-1.442384944,-4.427752435
8.7973,-0.348640206,0.847965719,-0.762670644,0.036757508,-0.268807058,0.325465467,0.021461988,0.22821973,0.505267713,-0.818308377,-0.626638672,0.477649735,0.646351744,-0.928219422,0.706613109,-0.604071592,-1.673710832,-4.571116168
8.8025,-0.348563657,0.84907655,-0.760223986,0.03275043,-0.271915057,0.327965315,0.024472578,0.224466467,0.508947058,-0.827105564,-0.632787737,0.444612778,0.665790894,-0.910724186,0.835397479,-0.752295112,-1.941971104,-4.834516653
8.8076,-0.34844413,0.850177369,-0.757760239,0.02869734,-0.275181818,0.330128324,0.028060122,0.218440331,0.509483603,-0.826792545,-0.632407434,0.42080791,0.64392185,-0.914612017,0.978761212,-0.856294566,-2.057634048,-4.743152647
8.8128,-0.34828466,0.851321873,-0.755251593,0.024540601,-0.278579533,0.332224087,0.031508311,0.21180881,0.507098784,-0.816076471,-0.653932672,0.395836937,0.583660485,-1.0224993,1.109975476,-0.860668375,-2.047428494,-4.742180689
8.8179,-0.34808828,0.852354535,-0.752507028,0.020316614,-0.281925877,0.334265244,0.03415325,0.207875979,0.510984889,-0.830606191,-0.669967493,0.366967879,0.48792267,-0.991882639,0.921415719,-0.800407009,-2.179614715,-4.843750249
8.823,-0.34789908,0.853371119,-0.749893821,0.016118516,-0.285309435,0.335985843,0.033022815,0.201559348,0.517523368,-0.836371502,-0.679432731,0.351018105,0.430091198,-0.976817297,0.983135021,-0.7960332,-2.338043789,-4.637209278
8.8281,-0.347721104,0.854386288,-0.74726302,0.011807564,-0.289022045,0.337665588,0.035220435,0.192253123,0.520307978,-0.832621156,-0.696970052,0.330276337,0.414053899,-0.99139666,1.058947707,-0.652183489,-2.056176112,-4.577433891
8.8333,-0.347559409,0.855343311,-0.744589847,0.007476894,-0.29254596,0.339328244,0.035553112,0.189374646,0.519577625,-0.851862853,-0.715936369,0.30688912,0.444670561,-0.950088466,1.125040817,-0.489380606,-2.141708372,-4.68726509
8.8384,-0.347363333,0.856283244,-0.741856507,0.003203964,-0.296186672,0.340890181,0.037336703,0.183914092,0.536481327,-0.854584601,-0.726848487,0.278089533,0.442240667,-0.923359634,1.133302456,-0.413081942,-2.114979541,-4.824311099
8.8436,-0.347138942,0.857263828,-0.739086257,-0.001067853,-0.299889878,0.342142684,0.040029608,0.177626304,0.545430383,-0.848239249,-0.728914529,0.25828189,0.412595963,-0.997714384,1.106087646,-0.368857875,-2.090194624,-4.66393811
8.8487,-0.34693336,0.858231368,-0.73629639,-0.005419557,-0.303716453,0.343365962,0.040834413,0.172231187,0.549408702,-0.835618527,-0.752223455,0.235745888,0.432035113,-1.090536326,1.091022305,-0.247849165,-1.946830892,-4.661508216
8.8538,-0.346696936,0.859076449,-0.733299929,-0.009797047,-0.307490646,0.344625341,0.043119388,0.168899292,0.558080288,-0.846747197,-0.763266034,0.208595908,0.421829559,-1.034648769,0.78436971,-0.102055539,-1.946830892,-4.910815317
8.8589,-0.346436748,0.859899889,-0.730468197,-0.014146223,-0.311307615,0.345570735,0.046412818,0.1626879,0.568368191,-0.850709479,-0.767111317,0.185864519,0.388783004,-0.988966766,0.760070773,0.016523278,-1.967727978,-4.858329612
8.8639,-0.34620093,0.860762463,-0.727599555,-0.018465972,-0.315203762,0.346340985,0.048004641,0.155404269,0.570515367,-0.839101342,-0.764219646,0.161360401,0.410166069,-1.042910408,0.700295386,0.075812686,-1.974531681,-4.730517199
8.869,-0.345981899,0.86155678,-0.724754374,-0.022773587,-0.319232885,0.347134695,0.049007313,0.152730584,0.565162554,-0.85287918,-0.784452861,0.138796796,0.478689073,-1.031246918,0.725080302,0.123438604,-1.853522971,-4.842292313
8.8747,-0.345732025,0.862314289,-0.72186217,-0.027029629,-0.323294266,0.347823137,0.052771631,0.152102238,0.577613232,-0.855468183,-0.798918189,0.105436055,0.517567374,-1.015209619,0.704669194,0.121494689,-1.732514261,-4.976908428
8.8804,-0.345460411,0.863042067,-0.718950248,-0.031288705,-0.32738022,0.348307008,0.058843352,0.14714958,0.582540765,-0.847287654,-0.79897879,0.080246537,0.535548588,-1.001602214,0.665304915,0.122466646,-1.649897873,-4.976908428
8.8857,-0.345160481,0.863804935,-0.716039943,-0.035646476,-0.331557185,0.348694307,0.060602547,0.139784694,0.58326101,-0.830174107,-0.821518266,0.060086681,0.526314991,-1.083732623,0.658501213,0.249307101,-1.479805308,-5.039113708
8.8908,-0.344825665,0.864499545,-0.712891597,-0.040007786,-0.335737082,0.349031651,0.063690772,0.135724706,0.58587752,-0.836897307,-0.83207217,0.032777906,0.483548861,-1.100255901,0.298876934,0.379549407,-1.337899512,-5.239336955
8.8959,-0.344506118,0.865120336,-0.709961675,-0.04427748,-0.339868136,0.349037314,0.065223257,0.130009425,0.587505524,-0.834565192,-0.832550932,0.005533743,0.486464734,-1.04582628,0.304222701,0.390726919,-1.335955597,-5.120758139
8.9009,-0.344196279,0.865775205,-0.707052584,-0.048551219,-0.344091111,0.348959551,0.06617269,0.122225236,0.586295073,-0.821218952,-0.824096262,-0.023045963,0.529716843,-1.086162517,0.360596236,0.40579226,-1.276666189,-5.077020051
8.906,-0.343891597,0.866362827,-0.704131965,-0.052789564,-0.348410658,0.348799373,0.067424401,0.118089265,0.576895928,-0.83425453,-0.839489712,-0.049125673,0.60893138,-1.061863579,0.436894901,0.386839089,-1.124554839,-5.109094649
8.9111,-0.343547477,0.86692072,-0.701174436,-0.056953079,-0.352676914,0.348424006,0.072154481,0.114967022,0.587111979,-0.837498949,-0.848176704,-0.082065045,0.650239574,-1.039994535,0.477717116,0.295961062,-1.085676538,-4.996347578
8.9162,-0.34316038,0.867503084,-0.698211346,-0.061137425,-0.356986551,0.347923653,0.073463464,0.108674788,0.59182624,-0.834133983,-0.84209694,-0.102633659,0.650239574,-1.103657752,0.513193565,0.256110804,-1.036106705,-4.887488337
8.9213,-0.342726767,0.868068359,-0.695309131,-0.065284761,-0.361356861,0.347320154,0.076765787,0.101107175,0.592273462,-0.824299401,-0.860948906,-0.121548219,0.605529528,-1.181900332,0.669192745,0.149681456,-0.928219422,-4.834516653
8.9264,-0.342258772,0.868519264,-0.692176459,-0.069396703,-0.365691678,0.346712812,0.081362612,0.093399795,0.598606834,-0.843030505,-0.870862168,-0.142426037,0.527772928,-1.119209072,0.479661031,0.009233596,-0.885453291,-4.994889642
8.9314,-0.341809586,0.869009809,-0.689006876,-0.073717464,-0.37025584,0.345889271,0.08440411,0.082725977,0.59462781,-0.834342906,-0.857030168,-0.176053701,0.499100181,-1.156629436,0.254652868,0.224522185,-0.529230864,-5.009469004
8.9366,-0.341376681,0.869443725,-0.685864799,-0.078101426,-0.374642431,0.344957933,0.086950323,0.074663079,0.58101207,-0.809463272,-0.847984888,-0.203340558,0.517081395,-1.13962018,0.118092837,0.500558117,-0.529716843,-5.044459475
8.9417,-0.34095854,0.869806856,-0.682848013,-0.082514208,-0.379054303,0.343886439,0.090026349,0.070311771,0.573725354,-0.80472182,-0.865875224,-0.225172351,0.580258633,-1.054573898,0.225980121,0.804294839,-0.505903884,-5.068758413
8.9468,-0.340513601,0.870141774,-0.679827687,-0.086622105,-0.383350187,0.342595712,0.09700046,0.067055033,0.587708299,-0.808926824,-0.875116523,-0.25927783,0.617678997,-0.973415446,0.330465553,0.659959149,-0.65558534,-4.944347851
8.9519,-0.340000303,0.870507736,-0.676880271,-0.090653656,-0.387676408,0.341204267,0.103578426,0.060639263,0.596094761,-0.811795047,-0.8772056,-0.286601281,0.558389589,-0.984106978,0.536034567,0.442240667,-0.776108071,-4.8471521
8.957,-0.339458186,0.870811508,-0.673922742,-0.094632116,-0.392271109,0.339730913,0.105448545,0.056764117,0.602899436,-0.814444627,-0.889325157,-0.305877458,0.471399392,-0.935023124,0.731884005,0.173494415,-0.483548861,-4.826255014
8.9622,-0.338885732,0.871098696,-0.670764587,-0.098842755,-0.396790778,0.338199515,0.108287317,0.052637865,0.617163058,-0.825432801,-0.887012384,-0.323154197,0.35525047,-0.901004611,0.610875295,0.313942276,-0.325119787,-4.935600234
8.9673,-0.338338154,0.871374861,-0.667643442,-0.103005865,-0.401328041,0.33639367,0.109332268,0.047742067,0.620868039,-0.822331139,-0.874992599,-0.353677308,0.294017147,-0.887397206,0.556445674,0.408708133,-0.180784097,-4.81216163
8.9725,-0.337856002,0.871589847,-0.664473253,-0.107223177,-0.405593083,0.334530185,0.107405095,0.045415735,0.617382648,-0.807797288,-0.870868121,-0.378286252,0.357680364,-0.814986372,0.454876114,0.586576357,-0.51513748,-4.788348671
8.9776,-0.337343007,0.871791283,-0.661492669,-0.111159268,-0.409891394,0.33258833,0.109748995,0.042832199,0.619094702,-0.801153473,-0.861168252,-0.39959071,0.391698876,-0.760556751,0.690575811,0.308110531,-0.848518906,-4.844236228
8.9827,-0.336800688,0.871986753,-0.658292244,-0.115362423,-0.41456851,0.330347153,0.109656684,0.039403133,0.629215234,-0.802521989,-0.862097322,-0.431689096,0.397530621,-0.731398026,0.590950166,0.47237135,-0.631772381,-4.612424362
8.9879,-0.336271615,0.872225908,-0.655275862,-0.119332996,-0.418951158,0.328362018,0.110461489,0.036761085,0.61996961,-0.783382639,-0.870211491,-0.441623911,0.447100454,-0.806238754,0.823248011,0.258054719,-0.915097995,-4.998777472
8.993,-0.335660532,0.872405906,-0.651972394,-0.123301547,-0.423630195,0.32597027,0.111569399,0.034282788,0.618690003,-0.794060783,-0.888966383,-0.466288888,0.386839089,-0.824219968,0.65558534,0.041794173,-0.727510196,-4.963301023
8.9981,-0.335066741,0.87257842,-0.648849429,-0.127328446,-0.428256042,0.323533118,0.112421344,0.029071686,0.621740395,-0.79618779,-0.898900007,-0.488202764,0.374203641,-0.866014141,0.816444308,-0.056373536,-0.622052806,-5.070216349
9.0032,-0.334533825,0.872739407,-0.645663768,-0.131374558,-0.432587825,0.321036404,0.111734194,0.026722611,0.622749481,-0.788336731,-0.878574408,-0.511000319,0.482090925,-0.927733443,0.91704191,-0.136074051,-1.047284217,-5.305916045
9.0083,-0.333911821,0.872829103,-0.64243422,-0.135688138,-0.437023764,0.318456366,0.112736452,0.024478774,0.618081242,-0.787795131,-0.894533027,-0.53180123,0.473343307,-0.92092974,1.006462001,0.196335417,-1.372404004,-5.647559109
9.0134,-0.333260997,0.872942259,-0.639145515,-0.139693194,-0.441523915,0.315661846,0.117124865,0.021996443,0.635067852,-0.792202351,-0.902008741,-0.551817504,0.436894901,-0.998686341,1.039022578,0.046167982,-1.635804489,-5.907071765
9.0186,-0.332682678,0.873036809,-0.63588017,-0.143719082,-0.446101325,0.312490646,0.1198462,0.015004545,0.645934677,-0.796654646,-0.90325168,-0.592206324,0.532146737,-1.089564368,1.125040817,-0.052971684,-1.855952865,-5.804530247
9.0236,-0.332068966,0.873071696,-0.632602285,-0.147849833,-0.451096471,0.309367277,0.12197797,0.006894508,0.651532107,-0.789649529,-0.913749866,-0.6284045,0.59338006,-1.123096902,1.230012228,0.010691533,-1.488552926,-5.996005877
9.0287,-0.331368692,0.873046921,-0.629014966,-0.151954293,-0.455831024,0.306059258,0.12518198,-0.001302885,0.659939977,-0.80687648,-0.929430505,-0.657584122,0.540408375,-1.099283943,0.882537419,0.049083854,-1.588664549,-6.134023843
9.0338,-0.330684195,0.873003539,-0.625588836,-0.15599909,-0.460546668,0.302400849,0.128846745,-0.006196205,0.672592969,-0.811952868,-0.940645412,-0.707574716,0.533604673,-1.088592411,0.814014414,0.030130683,-1.768962667,-5.935258532
9.0389,-0.330021033,0.872983618,-0.622180504,-0.160085954,-0.465391243,0.298715239,0.13404978,-0.012056525,0.677460751,-0.807745993,-0.941013566,-0.746447597,0.578314718,-1.162461181,0.793603307,0.082616388,-1.825336203,-5.896380232
9.0441,-0.329370108,0.872892406,-0.618755081,-0.164409445,-0.47032076,0.29486217,0.135650497,-0.019227579,0.675306358,-0.80814017,-0.972000081,-0.776305792,0.665790894,-1.167806948,0.787771562,0.517567374,-1.800065308,-5.820567546
9.0492,-0.328682273,0.872732936,-0.615300334,-0.168437658,-0.475234503,0.290901001,0.143095497,-0.026503872,0.693951152,-0.813642057,-0.993167007,-0.798553486,0.717790621,-1.107545582,0.753753049,0.513679544,-1.820962394,-5.82688527
9.0544,-0.327965113,0.872606027,-0.61184508,-0.172462939,-0.480238245,0.286584387,0.149625083,-0.034333962,0.702199815,-0.809779012,-1.001157859,-0.842394723,0.74160358,-1.140592138,0.719248557,0.537978482,-1.755355262,-5.491559929
9.0595,-0.327210537,0.87241895,-0.608396501,-0.176573364,-0.485627364,0.28229275,0.154662714,-0.043236291,0.703577856,-0.797799223,-1.014345427,-0.873592591,0.729454111,-1.115807221,0.72216443,0.706127131,-1.133302456,-5.397280051
9.0648,-0.3263694,0.872217818,-0.604659723,-0.18062615,-0.490719486,0.27788735,0.159852725,-0.049854374,0.706514529,-0.807645784,-1.02925093,-0.895921638,0.603099635,-1.10851754,0.293045189,0.818874202,-1.013751683,-5.348682175
9.0699,-0.325546061,0.871951967,-0.601107392,-0.184633027,-0.49580898,0.273174032,0.164601101,-0.05697994,0.712828875,-0.805803366,-1.032927797,-0.941662858,0.524857055,-1.039022578,0.165232777,0.918499847,-0.927733443,-5.004123238
9.0751,-0.32473243,0.871668521,-0.597598139,-0.188587319,-0.500999596,0.268431894,0.163714846,-0.061186621,0.710909866,-0.795838104,-1.021809891,-0.969580733,0.486950712,-0.983621,0.109831199,0.967583701,-0.744519452,-4.786890735
9.0802,-0.323921428,0.871317828,-0.59404237,-0.192785418,-0.506244312,0.26361442,0.164244976,-0.065213732,0.6980125,-0.786202409,-1.037868986,-0.988747638,0.482576904,-0.863584247,0.009719575,1.437039178,-0.509305735,-4.65227462
9.0853,-0.323081606,0.871004753,-0.590469916,-0.19665942,-0.511398321,0.258639094,0.169437465,-0.069562246,0.704528431,-0.780305178,-1.038865558,-0.997461553,0.450502306,-0.841715203,-0.106429347,1.43995505,-0.423287495,-4.489957716
9.0904,-0.322222571,0.870681666,-0.586967337,-0.20054778,-0.516563353,0.253366973,0.172689853,-0.072512258,0.703451745,-0.766488657,-1.029717105,-1.030433997,0.399960515,-0.841229225,-0.124410561,1.518683609,-0.357680364,-4.042371282
9.0955,-0.32137931,0.870301952,-0.583446051,-0.20444686,-0.522070786,0.248091314,0.171257139,-0.076960325,0.692509156,-0.740307061,-1.027134614,-1.04674393,0.395586706,-0.786313625,-0.160372989,1.638720361,0.223064248,-3.746410221
9.1006,-0.320448984,0.86987572,-0.579709981,-0.20827566,-0.527274244,0.242764081,0.170710996,-0.082015427,0.686732375,-0.735927834,-1.030786137,-1.049699871,0.276521911,-0.686687981,-0.52680097,1.691206067,0.325605766,-3.555906549
9.1057,-0.319538983,0.869454141,-0.576233795,-0.212035292,-0.532464051,0.237199717,0.170474884,-0.084600615,0.683795702,-0.726333277,-1.020936149,-1.078919052,0.207998907,-0.622538785,-0.488408649,1.708215323,0.415025857,-3.137478841
9.1108,-0.318700981,0.869032663,-0.572765699,-0.215708464,-0.537684195,0.231660532,0.169387968,-0.085513867,0.672437528,-0.709395557,-1.00362804,-1.096959215,0.270690166,-0.58949223,-0.442240667,1.642122212,0.533604673,-2.867274653
9.1159,-0.317834159,0.86856669,-0.569315907,-0.219539893,-0.542868945,0.226107594,0.168580174,-0.087843916,0.656358071,-0.698070964,-1.016030631,-1.100759229,0.305680637,-0.513679544,-0.34747481,1.883167675,0.618164976,-2.707873622
9.1209,-0.316951158,0.868109415,-0.565876226,-0.223006775,-0.547968248,0.220490343,0.173850298,-0.088566226,0.664025115,-0.694141534,-1.015875142,-1.092672397,0.325119787,-0.477231137,-0.242989377,1.618795232,0.62059487,-2.610677871
9.126,-0.316105673,0.867658307,-0.562479523,-0.226451613,-0.552985034,0.214676408,0.176479832,-0.088566129,0.664959652,-0.686613407,-1.008084757,-1.115270603,0.411624005,-0.477717116,-0.097195751,1.395245005,0.512707586,-2.324436384
9.1311,-0.315182223,0.867170796,-0.559137021,-0.229900192,-0.558306401,0.208883507,0.176119357,-0.091054656,0.663473383,-0.680318378,-1.007032978,-1.127952972,0.392184855,-0.443212624,0.131700243,1.23730191,0.914612017,-2.151427947
9.1362,-0.314316614,0.866702093,-0.555557893,-0.233544544,-0.563600971,0.203124886,0.17606726,-0.093164509,0.668851637,-0.676692783,-0.986014615,-1.130752793,0.490352564,-0.457791987,-0.021869044,1.453562456,1.290759573,-2.135390649
9.1413,-0.313368996,0.866251694,-0.552259885,-0.236825867,-0.568537365,0.197275255,0.179586985,-0.095973199,0.681478774,-0.679896768,-0.972660818,-1.168006515,0.478689073,-0.520969225,0.24979308,1.165863033,1.105601667,-2.031877174
9.1464,-0.312394074,0.865763373,-0.548766306,-0.240359693,-0.573461624,0.191162302,0.182262007,-0.096595956,0.674628418,-0.665378104,-0.951163402,-1.173264149,0.440782731,-0.547698057,0.209456843,1.337899512,0.908780271,-1.551244185
9.1515,-0.311487612,0.865237638,-0.545476489,-0.243800485,-0.578322682,0.18537031,0.185204778,-0.100569513,0.676593643,-0.669328892,-0.965485828,-1.1829473,0.5306888,-0.53846446,0.519997268,1.4205159,0.651211531,-1.658159511
9.1566,-0.31051077,0.864731722,-0.541936394,-0.247162504,-0.583012741,0.179561836,0.191870925,-0.10502657,0.686972618,-0.665010971,-0.977810784,-1.18838047,0.521941183,-0.579286676,0.434950986,1.458422243,0.198279332,-1.811242819
9.1617,-0.30950359,0.864231469,-0.53843786,-0.250539387,-0.588027606,0.173376074,0.191730647,-0.104756657,0.690073454,-0.648747279,-0.959788747,-1.209398322,0.48403484,-0.656557298,0.420857602,1.572627251,0.274577996,-1.415656113
9.1669,-0.308506118,0.863682678,-0.534851249,-0.253645364,-0.593034887,0.167212762,0.194265488,-0.109049137,0.68549432,-0.642069129,-0.970999184,-1.21048412,0.486464734,-0.687173959,0.291101274,1.302423063,0.34358698,-1.103657752
9.172,-0.307575083,0.863087875,-0.531263121,-0.256941551,-0.597989584,0.161060876,0.198174847,-0.11089972,0.699926649,-0.638729167,-0.968649185,-1.196916565,0.614763125,-0.673566554,0.15988701,1.40107675,0.362054172,-0.895658845
9.1771,-0.306516938,0.862490646,-0.527703307,-0.260144201,-0.602997472,0.154842249,0.202934595,-0.113362199,0.702664313,-0.629433997,-0.955448811,-1.215759638,0.558875568,-0.688631896,0.055887557,1.409824368,0.462651775,-0.623510742
9.1822,-0.305429467,0.861894529,-0.524123268,-0.263376378,-0.607711498,0.148617555,0.206436437,-0.117182138,0.693777196,-0.613979654,-0.957025739,-1.216884193,0.474801243,-0.735771835,-0.067551047,1.508964034,0.094765857,-0.345530895
9.1874,-0.304410456,0.86126302,-0.520758115,-0.266504904,-0.612709374,0.14241986,0.209775354,-0.125535626,0.692307985,-0.616999623,-0.969994228,-1.201227974,0.518539331,-0.748893261,0.170578543,1.508478055,0.216746525,-0.155513202
9.1925,-0.303364142,0.860682779,-0.517415816,-0.269525736,-0.617373344,0.136583578,0.2140638,-0.126941684,0.690206102,-0.603194473,-0.951474015,-1.197965672,0.536034567,-0.873303822,0.461679817,1.404478601,-0.199251289,-0.591922123
9.1976,-0.302333603,0.859990191,-0.514012843,-0.272595308,-0.622447568,0.130669936,0.21648689,-0.130532436,0.68442954,-0.58469161,-0.944118241,-1.191300886,0.599697783,-0.85872446,0.694463641,1.409338389,-0.00388783,-0.953976296
9.2028,-0.301249469,0.859288603,-0.510301446,-0.275582465,-0.627204571,0.124723127,0.214002616,-0.135259624,0.685366361,-0.5857751,-0.947123242,-1.181035751,0.611847252,-0.86650012,0.475773201,1.334983639,-0.330465553,-1.346161151
9.2079,-0.300114774,0.858625645,-0.50676034,-0.278551623,-0.63203246,0.118265345,0.218086271,-0.139420817,0.694538603,-0.581805358,-0.946325168,-1.184949046,0.575398846,-0.973415446,0.544782184,1.305338935,-0.557903611,-0.99917232
9.213,-0.298948225,0.857896451,-0.503197492,-0.281493073,-0.636935181,0.112144605,0.221838391,-0.143534457,0.696180774,-0.568948085,-0.936993015,-1.201538271,0.508333778,-1.016667555,0.592894081,1.28006804,-0.713416812,-1.224180483
9.218,-0.297793912,0.857109617,-0.499569421,-0.284562342,-0.641863687,0.105965214,0.222374207,-0.152717973,0.689541623,-0.559914979,-0.961570273,-1.205298362,0.48403484,-1.004518086,0.578314718,1.501674352,-0.844145097,-1.392815111
9.2232,-0.296614825,0.856314794,-0.495911012,-0.287383052,-0.646768935,0.099659925,0.229245145,-0.157501608,0.704733271,-0.558464357,-0.976722434,-1.200822619,0.435922943,-1.015695598,0.53457663,1.391357175,-0.997228405,-1.440441029
9.2283,-0.295471736,0.855505916,-0.492313884,-0.290193852,-0.65179371,0.093302558,0.233645342,-0.164639372,0.714557623,-0.551738654,-0.987048486,-1.236073793,0.453418178,-1.044368344,0.580744612,1.333525703,-0.973415446,-1.438011135
9.2334,-0.2942973,0.854595814,-0.488694509,-0.29307119,-0.657174638,0.086910203,0.232899681,-0.173135423,0.716636567,-0.540450145,-1.000501933,-1.257327345,0.440782731,-0.944742699,0.605529528,1.432665369,-0.39024094,-1.370946067
9.2385,-0.293121954,0.853732936,-0.484805137,-0.295836283,-0.662228335,0.080512388,0.230201721,-0.179807984,0.722022062,-0.545514627,-1.019548243,-1.264233856,0.458277966,-0.952518359,0.215774567,1.423917752,-0.307624552,-1.329637873
9.2436,-0.291910709,0.852815452,-0.481165537,-0.298603701,-0.667346951,0.073672363,0.234893239,-0.185350207,0.730539399,-0.54508993,-1.023217139,-1.278120772,0.441268709,-0.907808314,0.221120333,1.51042197,-0.100597602,-0.615249104
9.2487,-0.290685307,0.851880372,-0.477486905,-0.301342502,-0.672539488,0.067279199,0.240354303,-0.186423078,0.733147841,-0.540604638,-1.012267625,-1.296312973,0.410652048,-0.877191652,0.157943095,1.63143068,0.208484886,-0.609417359
9.2538,-0.289436141,0.850883608,-0.473823541,-0.304203661,-0.677706239,0.060881484,0.240069811,-0.192001483,0.723454582,-0.531693513,-1.026124337,-1.298193638,0.357194385,-0.787285583,0.14044786,2.025073471,0.492782457,-0.599211805
9.2591,-0.288169279,0.849894529,-0.470154616,-0.306822935,-0.682747497,0.054356254,0.246056657,-0.198903645,0.735953324,-0.527534993,-1.026253656,-1.285337216,0.286727465,-0.735771835,0.117606859,2.124213137,0.625454657,-0.435436964
9.2645,-0.286988573,0.848911113,-0.466474972,-0.309379715,-0.687811103,0.047818384,0.247288102,-0.201814269,0.742281107,-0.518383405,-1.013546599,-1.308748465,0.361082215,-0.720706493,0.053457663,2.225296718,0.810612563,-0.259512655
9.2708,-0.28577298,0.847834564,-0.462797856,-0.311988978,-0.693137729,0.041341693,0.244963958,-0.206165261,0.738894953,-0.50205447,-1.004545131,-1.319346495,0.40190443,-0.585118421,-0.008261639,2.500846672,1.434609284,-0.142391775
9.2759,-0.284514916,0.846817373,-0.458874507,-0.314429366,-0.698088078,0.034858934,0.244603483,-0.208949554,0.737266122,-0.496602372,-1.000227623,-1.311419866,0.40190443,-0.568595143,-0.461679817,2.614079722,1.510907949,-0.01943915
9.2812,-0.283238143,0.845802811,-0.455223683,-0.316788553,-0.703000607,0.027917686,0.251865706,-0.208744253,0.737621737,-0.478680374,-0.984407216,-1.305393219,0.383923216,-0.5856044,-0.498128224,2.711275473,1.581860847,0.823248011
9.2863,-0.281950753,0.844776216,-0.451596623,-0.319146526,-0.707927394,0.021447062,0.254122252,-0.206225036,0.728944781,-0.456389404,-0.956530527,-1.301371381,0.355736449,-0.622052806,-0.511735629,2.900321209,1.697523791,0.934537145
9.2914,-0.280686217,0.843698554,-0.447908788,-0.32149823,-0.712770755,0.015010314,0.25495104,-0.210506557,0.713630837,-0.433710865,-0.957035508,-1.285462283,0.380521365,-0.609417359,-0.614763125,3.176357141,1.73300024,1.013265704
9.2965,-0.27929912,0.842587521,-0.444250784,-0.323573668,-0.717571848,0.008540196,0.256206056,-0.214671881,0.718877998,-0.41580075,-0.949125912,-1.25148277,0.225494142,-0.564707313,-0.689117874,3.124843393,1.789859754,1.12406886
9.3016,-0.277992112,0.841486197,-0.440656487,-0.32566215,-0.722329052,0.002094853,0.257520409,-0.215801296,0.714556675,-0.391800932,-0.929316859,-1.255046306,0.209456843,-0.560333504,-0.702239301,3.209889675,1.835541757,1.211059057
9.3066,-0.276717565,0.840299828,-0.437081404,-0.327681565,-0.727344828,-0.004251896,0.257907978,-0.219431533,0.701383176,-0.366112119,-0.911288699,-1.247718427,0.255624825,-0.443212624,-0.696893534,3.290562149,2.346791407,1.203283397
9.3118,-0.275413186,0.839184953,-0.433275761,-0.329504803,-0.731985944,-0.010608353,0.25467617,-0.222730235,0.691108297,-0.352643753,-0.901474869,-1.226794757,0.27312006,-0.45682003,-1.068181303,3.182674865,2.342903577,1.235843973
9.3169,-0.274089089,0.838088887,-0.429757306,-0.331257053,-0.736582263,-0.017314491,0.259771998,-0.224519099,0.684221225,-0.337099552,-0.882977886,-1.213608429,0.271662124,-0.519511289,-1.008405916,3.099572498,2.357968918,1.852551013
9.322,-0.272755385,0.836944282,-0.426235211,-0.332959045,-0.741178279,-0.023523309,0.260567083,-0.221825999,0.672310178,-0.318256139,-0.854673511,-1.209434819,0.260970591,-0.535548588,-0.983135021,3.061180176,2.434753562,1.743205793
9.3271,-0.271447568,0.835756194,-0.422777429,-0.334675599,-0.745628678,-0.02963151,0.26067429,-0.226231056,0.655899282,-0.296866416,-0.854190497,-1.191529272,0.306166616,-0.509791714,-0.865042184,3.160805821,2.371576323,1.537150801
9.3322,-0.270022247,0.834586409,-0.419376782,-0.33619193,-0.749983719,-0.035764081,0.262017487,-0.228613931,0.664259988,-0.285395422,-0.84572844,-1.163265744,0.176410288,-0.532632715,-0.692033747,3.067983879,2.278754381,1.38552543
9.3373,-0.268766205,0.833384265,-0.41602609,-0.337684397,-0.754235211,-0.041808171,0.259613326,-0.232325424,0.670095062,-0.271890048,-0.832963989,-1.177413557,0.333381426,-0.524371076,-0.502016054,3.076245518,2.117409435,1.148853776
9.3425,-0.267440287,0.832114774,-0.412736576,-0.339112448,-0.758622308,-0.047691981,0.26473717,-0.239219519,0.67089231,-0.257557441,-0.828439819,-1.186621445,0.392184855,-0.420371623,-0.253194931,3.115609797,2.272436657,0.758126857
9.3476,-0.266097684,0.831019618,-0.409257458,-0.340309435,-0.762560926,-0.053525837,0.266981517,-0.242074522,0.679118837,-0.25309601,-0.837573984,-1.189233289,0.434950986,-0.607959422,-0.341643065,2.932881785,1.841373502,0.350390682
9.3527,-0.264775913,0.829824249,-0.405944989,-0.341613308,-0.766580847,-0.059708464,0.269854404,-0.239572364,0.669069331,-0.24146044,-0.805135315,-1.203633253,0.528744885,-0.668220788,-0.176896267,3.069927794,1.612477508,0.556931653
9.3578,-0.263415714,0.828577814,-0.402581454,-0.342854788,-0.770541106,-0.065521286,0.270488534,-0.245496566,0.652158923,-0.22466929,-0.803673321,-1.185933445,0.5856044,-0.679398299,-0.061233323,3.240020358,1.326236022,0.190989651
9.363,-0.261916776,0.827386187,-0.399197694,-0.343918394,-0.774541106,-0.07147477,0.272784054,-0.248261324,0.658709382,-0.215659317,-0.798193327,-1.158946656,0.447100454,-0.805266797,0.03499047,3.270151041,1.171208799,-0.008747618
9.3681,-0.260485792,0.826130347,-0.395840227,-0.344926282,-0.778566084,-0.077460107,0.276129484,-0.248542316,0.664023025,-0.205274826,-0.789337725,-1.173398109,0.435922943,-0.869415992,0.156485159,3.370748643,1.102199816,-0.177868224
9.3733,-0.259120235,0.824763677,-0.392477197,-0.345938214,-0.782865305,-0.083409546,0.277003346,-0.253730261,0.662091405,-0.187462295,-0.780396834,-1.179822554,0.549641972,-0.7960332,0.272634081,3.630261298,1.513823821,-0.381493323
9.3784,-0.257706138,0.823449793,-0.388855799,-0.346709981,-0.78686581,-0.089478511,0.276308445,-0.26060844,0.664211074,-0.171650442,-0.779727957,-1.176740647,0.61670704,-0.835397479,-0.014579363,3.658934045,1.5143098,-0.408222154
9.3835,-0.256258671,0.822086359,-0.385449692,-0.347429568,-0.790902012,-0.095957326,0.285712256,-0.263774203,0.672725203,-0.152663325,-0.768325316,-1.180544864,0.65169751,-0.827135841,0.029158725,3.761475562,1.642122212,0.20702695
9.3886,-0.254793002,0.82070988,-0.38202073,-0.348068055,-0.794869451,-0.102006067,0.292394221,-0.266159046,0.674962723,-0.125909295,-0.748432942,-1.191409915,0.669192745,-0.837341395,0.019925129,3.879082421,1.703841514,0.160858968
9.3937,-0.253292952,0.819291435,-0.378576095,-0.348599555,-0.798724138,-0.108012843,0.295900096,-0.276947507,0.667118588,-0.094214611,-0.752556472,-1.191691103,0.653641425,-0.807210712,-0.004373809,3.955867064,1.657187554,0.074354749
9.3988,-0.251660229,0.817884215,-0.375144605,-0.34900991,-0.802601982,-0.1141351,0.300217385,-0.280783678,0.680108581,-0.070411202,-0.755205931,-1.179996437,0.448558391,-0.818874202,-0.016037299,3.978222087,1.756813199,0.160858968
9.4042,-0.250144605,0.816470017,-0.371714026,-0.349328041,-0.80642795,-0.120211346,0.302496261,-0.284648691,0.685831807,-0.045168664,-0.748171121,-1.204469064,0.449044369,-0.85483663,-0.057831472,4.004950918,1.868588312,0.20313912
9.4093,-0.248648802,0.814908484,-0.368306199,-0.349560522,-0.810406715,-0.12627566,0.305433346,-0.289924817,0.687207978,-0.017752804,-0.739927609,-1.215352412,0.49958616,-0.687173959,-0.077756601,4.042371282,2.313258873,0.295961062
9.4145,-0.247117605,0.813407321,-0.364829508,-0.349562443,-0.81405855,-0.132391748,0.306178814,-0.295860804,0.674179009,0.007146415,-0.740125548,-1.210788464,0.516109438,-0.639548041,-0.194877481,3.858185334,2.350679237,0.500558117
9.4198,-0.245568207,0.811965012,-0.361351805,-0.349482253,-0.817673273,-0.138856002,0.316644731,-0.298812882,0.679794202,0.031057128,-0.727159611,-1.208287836,0.51513748,-0.71050094,-0.312970318,3.68809277,2.445445094,1.2878437
9.4249,-0.244002124,0.810468601,-0.357915563,-0.349373647,-0.821338457,-0.144875619,0.317967152,-0.299579028,0.679652879,0.05258001,-0.707546553,-1.211399193,0.498128224,-0.729454111,-0.391212898,3.614709978,2.712733409,1.430721454
9.43,-0.242389524,0.80893427,-0.354443826,-0.349098797,-0.824815047,-0.150830114,0.315787634,-0.309739361,0.670334358,0.075019544,-0.705715895,-1.202046751,0.436408922,-0.711958876,-0.53457663,3.412542816,2.798751649,1.542010589
9.4352,-0.240690869,0.807419254,-0.351019112,-0.348700779,-0.828214076,-0.156828294,0.317863784,-0.3140428,0.679403621,0.087729735,-0.694987574,-1.176186558,0.260970591,-0.744033474,-0.632744339,3.154002119,2.903237081,1.757299177
9.4404,-0.239076853,0.805852665,-0.34762615,-0.348281424,-0.831614521,-0.162716756,0.32146807,-0.315682906,0.679318842,0.104108094,-0.676463911,-1.183132312,0.228895994,-0.726538238,-0.731398026,2.998974896,3.133105032,1.867130376
9.4455,-0.23745222,0.804261402,-0.34422702,-0.34776671,-0.835124785,-0.168578724,0.321809324,-0.311285721,0.669544108,0.119229785,-0.651586926,-1.17651887,0.186615842,-0.716332685,-0.866986099,2.814302969,3.654560236,2.044512621
9.4506,-0.235844878,0.802606937,-0.340839519,-0.347068966,-0.83832339,-0.174373546,0.316229899,-0.315939405,0.652841893,0.131446853,-0.632961425,-1.155641296,0.191961608,-0.645379786,-0.99139666,2.453706733,3.814447246,2.188362333
9.4557,-0.234217312,0.800964203,-0.337503084,-0.346393872,-0.84138922,-0.180503489,0.320551732,-0.320296496,0.654503892,0.140887695,-0.605864076,-1.13296266,0.177868224,-0.61670704,-1.066723367,2.238904123,3.908727125,2.933367764
9.4608,-0.232588735,0.799321064,-0.334200425,-0.345698857,-0.844452422,-0.186184852,0.322216331,-0.319024228,0.647040692,0.147131356,-0.569193796,-1.117608987,0.162802883,-0.618650955,-1.140592138,2.097970284,4.124501692,3.061180176
9.466,-0.230988068,0.797641015,-0.330891597,-0.344903327,-0.847291132,-0.191791587,0.318740757,-0.327647533,0.629933851,0.156838806,-0.548148826,-1.090863754,0.205569013,-0.585118421,-1.251395294,1.891429314,4.124501692,3.179273014
9.4711,-0.229265345,0.795944282,-0.327655071,-0.344066539,-0.850058954,-0.197371221,0.318214563,-0.333328381,0.631220066,0.160639427,-0.525204384,-1.052091907,0.069008983,-0.535548588,-1.292703488,1.707243366,4.180389249,3.333328279
9.4762,-0.227634341,0.794260795,-0.324471534,-0.343193043,-0.852764991,-0.2027658,0.320375687,-0.333321772,0.623759345,0.16556108,-0.498478882,-1.045681896,0.082616388,-0.529716843,-1.314086553,1.549786249,4.30091198,3.30951532
9.4813,-0.226042876,0.792523713,-0.321355749,-0.342305086,-0.855463444,-0.208012944,0.318212085,-0.330751382,0.611310003,0.17267559,-0.468259192,-1.030436354,0.165232777,-0.47237135,-1.270348465,1.440441029,4.569172253,3.206001845
9.4863,-0.224424108,0.790754272,-0.318183638,-0.341329154,-0.857873192,-0.213262008,0.31530168,-0.337249744,0.593213831,0.181854975,-0.450681316,-1.005341553,0.221606312,-0.383923216,-1.3427593,1.246535506,4.559938656,3.228356868
9.4914,-0.222799272,0.789014764,-0.31508737,-0.340412681,-0.860160987,-0.21871716,0.323731248,-0.337705543,0.593632598,0.18470699,-0.429216315,-0.982621657,0.272148103,-0.35525047,-1.342273321,1.202797418,4.557508762,3.696840388
9.4966,-0.221199312,0.787337142,-0.312265548,-0.339494893,-0.86239013,-0.223647892,0.316197873,-0.337141103,0.579980969,0.186719987,-0.405111963,-0.970457196,0.377605492,-0.448072412,-0.953976296,1.219806675,4.653732556,3.475234076
9.5016,-0.219558398,0.785647892,-0.309246031,-0.338491657,-0.864288603,-0.228481343,0.320784978,-0.349122545,0.574199839,0.194088907,-0.395307925,-0.953697781,0.443698603,-0.529716843,-0.910724186,1.154685521,4.432126244,3.253141785
9.5068,-0.217816665,0.783857822,-0.306330165,-0.337473354,-0.866032258,-0.233262514,0.329323406,-0.353358992,0.589053318,0.203230143,-0.383921685,-0.931364628,0.350876661,-0.452446221,-0.767846433,1.106087646,4.185735015,3.073815624
9.5119,-0.216076449,0.782080999,-0.303283345,-0.336438973,-0.867977146,-0.237790879,0.33401089,-0.351809254,0.588381865,0.208444039,-0.352878796,-0.945176751,0.259512655,-0.418913687,-0.905864399,1.073041091,4.442817776,2.651500086
9.517,-0.214490848,0.780407119,-0.300235413,-0.335470624,-0.869660127,-0.242556376,0.325334978,-0.353178402,0.574961392,0.211675968,-0.329856403,-0.92960971,0.440782731,-0.577342761,-1.075956963,1.196479694,4.448163543,2.76716303
9.5222,-0.212857215,0.778553443,-0.297377895,-0.334375771,-0.871296592,-0.24732976,0.330480327,-0.35680254,0.56974667,0.219347993,-0.306345237,-0.89928325,0.575884824,-0.469941456,-0.970013595,1.167320969,4.563826486,2.983423576
9.5273,-0.211199818,0.776666397,-0.294406715,-0.333295278,-0.872803924,-0.251923653,0.336451669,-0.356611089,0.569928499,0.221588525,-0.274647443,-0.894763308,0.688145917,-0.330465553,-1.097340028,1.213974929,4.64838679,3.027161664
9.5324,-0.209372737,0.774892406,-0.291455658,-0.332160785,-0.87407119,-0.256485084,0.343536292,-0.357521546,0.557337737,0.222284277,-0.255001071,-0.879241851,0.544296205,-0.392670834,-1.236329952,1.239731803,4.533209825,3.163721694
9.5376,-0.207520376,0.773128628,-0.288714228,-0.33105946,-0.875225099,-0.260883709,0.345820854,-0.355925081,0.553278575,0.222769138,-0.233098057,-0.846704334,0.376147556,-0.49569833,-1.080816751,1.390385217,4.433098201,3.143796565
9.5427,-0.205787137,0.771355344,-0.285999494,-0.32992699,-0.876329963,-0.265090707,0.348345149,-0.35258473,0.548174364,0.221859118,-0.210028938,-0.843525207,0.415511835,-0.62059487,-0.930649315,1.573113229,4.440873861,2.939685488
9.5478,-0.204027101,0.769553848,-0.283291738,-0.328757812,-0.877414096,-0.269257154,0.349948344,-0.347931581,0.541559076,0.226669433,-0.176424333,-0.833071148,0.42911924,-0.74937924,-0.804780818,1.782570073,4.583751615,2.820620693
9.553,-0.202274244,0.767696734,-0.2805135,-0.32748195,-0.878283952,-0.273477702,0.34774567,-0.357088733,0.528654979,0.242905838,-0.150606177,-0.814912722,0.480632988,-0.824705947,-0.808668648,1.889485399,4.551677017,2.908582847
9.558,-0.200497118,0.765756598,-0.277786834,-0.326152594,-0.879009,-0.277861766,0.357436767,-0.363011283,0.533291897,0.254094284,-0.12797507,-0.795003581,0.508819756,-0.789229498,-0.762986645,1.975989617,4.473434438,3.370748643
9.5632,-0.198664273,0.763812519,-0.275094954,-0.324792598,-0.879734149,-0.281876428,0.362483389,-0.364947981,0.534181044,0.263737123,-0.103281153,-0.785983476,0.452446221,-0.780967859,-0.714874748,2.095054412,4.581321721,3.384842027
9.5683,-0.196850743,0.761837092,-0.272414096,-0.323262615,-0.880162504,-0.285840429,0.362571059,-0.37844123,0.530961216,0.279760984,-0.083004175,-0.769446323,0.445642518,-0.742575537,-0.687173959,2.019727705,4.403939476,3.474262118
9.5735,-0.194911619,0.759900698,-0.269539589,-0.321772373,-0.880568207,-0.289830215,0.365684507,-0.388467069,0.52597155,0.295610136,-0.06763291,-0.745294637,0.256110804,-0.77270622,-1.000630256,2.075615262,4.39081805,3.743494348
9.5786,-0.193106785,0.757929922,-0.266879765,-0.320225604,-0.880994843,-0.293555567,0.369183554,-0.392350379,0.524824349,0.312653411,-0.049168463,-0.741541545,0.28867138,-0.769790348,-1.01472364,2.108175838,4.614854256,3.75855969
9.5837,-0.191276671,0.755949135,-0.26428466,-0.318609162,-0.881215391,-0.297174133,0.365863978,-0.393179897,0.515599792,0.324370019,-0.022710395,-0.728942375,0.296933019,-0.78825754,-0.966611743,2.104773987,4.70281641,3.795008096
9.5888,-0.189400546,0.753932956,-0.26162969,-0.316885529,-0.881225806,-0.300771463,0.361297455,-0.406410668,0.503770413,0.345079396,-0.002715431,-0.70829066,0.260970591,-0.77270622,-1.03805062,1.99834464,4.650816683,3.966072618
9.5938,-0.187504702,0.751897057,-0.259046516,-0.315156032,-0.881203964,-0.304463545,0.367291225,-0.413004039,0.507244942,0.355999266,0.017937743,-0.68059733,0.206054992,-0.738201729,-1.040480514,1.948288828,4.753844179,4.44524767
9.5989,-0.185656487,0.749866822,-0.256512286,-0.313353827,-0.881138234,-0.307780767,0.368996039,-0.416310809,0.5050316,0.366867549,0.036945344,-0.661858621,0.227924036,-0.740145644,-1.026873109,1.859354716,5.000721387,4.502107184
9.604,-0.183795126,0.747647689,-0.253997169,-0.311403377,-0.8807297,-0.310951663,0.370181997,-0.420178714,0.496961364,0.38196307,0.059425215,-0.634541998,0.237157632,-0.467511562,-1.025901151,1.596926188,4.918104999,4.511340781
9.609,-0.181777733,0.745546668,-0.251347153,-0.309562544,-0.880266154,-0.314198099,0.371346038,-0.423996271,0.489423008,0.392806228,0.078024059,-0.601661867,0.003401851,-0.401418451,-1.278610104,1.563879633,4.968646789,4.810217715
9.6144,-0.179906259,0.743466984,-0.248924462,-0.307670745,-0.87978916,-0.317140661,0.372400806,-0.424294419,0.485930254,0.398702219,0.100164231,-0.584197807,0.002915873,-0.386839089,-1.219806675,1.512851864,5.223299657,4.817021418
9.6197,-0.178078876,0.741338255,-0.246491961,-0.30570725,-0.879085347,-0.319945596,0.370314013,-0.418118504,0.479459277,0.399348352,0.13645761,-0.559699788,0.075812686,-0.325119787,-1.232442122,1.423917752,5.321953344,4.815563481
9.6256,-0.176220144,0.739178178,-0.244072505,-0.303642633,-0.878221054,-0.32273243,0.362480424,-0.423336628,0.465808887,0.409099005,0.169982004,-0.531915994,0.118578816,-0.233269802,-1.263544762,1.237787888,5.359373708,4.982740173
9.6307,-0.174342704,0.737061179,-0.241734958,-0.301586308,-0.877316412,-0.325513298,0.367030206,-0.424959773,0.467077219,0.409346612,0.199314928,-0.496512806,0.143363733,-0.213830652,-1.215918845,1.121638966,5.544045635,5.330214983
9.6358,-0.172474871,0.734958944,-0.239409344,-0.299520578,-0.876260997,-0.327966023,0.371509691,-0.418057003,0.464755431,0.407782926,0.232777506,-0.472668234,0.177382246,-0.239587526,-1.218834717,1.058461728,5.707820475,5.36228958
9.6409,-0.170597937,0.732721003,-0.237115482,-0.297322277,-0.87488199,-0.330273031,0.369735723,-0.416673908,0.454991753,0.412841236,0.273973293,-0.438211781,0.202653141,-0.072896813,-1.222236568,0.836855416,5.560568912,5.378326879
9.646,-0.168611083,0.730617353,-0.234749014,-0.295258368,-0.873340985,-0.332554353,0.372298264,-0.418082955,0.44829448,0.41639136,0.310561613,-0.403214556,0.060261366,-0.128298391,-1.388441302,0.868444035,5.35062609,5.555709125
9.651,-0.166777227,0.728498534,-0.232583982,-0.293161695,-0.871730205,-0.334482253,0.376854145,-0.415167276,0.448491812,0.411922226,0.343567978,-0.381055772,0.157943095,-0.169120607,-1.299021212,0.899546675,5.228645423,5.393392221
9.6561,-0.164826373,0.726338255,-0.230205986,-0.291046011,-0.869992416,-0.336290323,0.368623998,-0.407437687,0.429220227,0.403215722,0.371604846,-0.352274992,0.081158452,-0.170092564,-1.60032804,0.974387403,5.10860867,5.270925575
9.6612,-0.162934372,0.724157245,-0.227976843,-0.288835272,-0.867951259,-0.338011932,0.365668105,-0.412919527,0.413162152,0.40860598,0.40484329,-0.321057175,0.122952625,-0.151139393,-1.696551833,0.957864126,4.696984665,5.220383784
9.6662,-0.161048438,0.722074022,-0.225849833,-0.286705734,-0.865878249,-0.339669835,0.375491728,-0.414472788,0.409430176,0.413639894,0.432998517,-0.284914935,0.170578543,-0.288185402,-1.694607918,1.11240537,4.409771221,5.263635893
9.6713,-0.159238952,0.719966528,-0.22380362,-0.284594094,-0.86372525,-0.341049247,0.383717331,-0.413489459,0.403757273,0.417972078,0.455416766,-0.263096165,0.322689893,-0.40190443,-1.646010042,1.346161151,4.169697716,5.070216349
9.6764,-0.157262312,0.717687329,-0.221768834,-0.282382344,-0.861325008,-0.342327536,0.376429375,-0.416422511,0.392710976,0.421649261,0.483160127,-0.238046828,0.221120333,-0.25756874,-1.648439936,1.483693138,3.6919806,4.934628276
9.6816,-0.155253312,0.715549499,-0.219689756,-0.28009728,-0.858844676,-0.343579634,0.378612829,-0.42300988,0.383396367,0.441735881,0.499067499,-0.209797417,0.088448133,-0.342129043,-1.786457903,1.550758207,3.230300783,4.959899171
9.6867,-0.153280311,0.713503388,-0.217791283,-0.277806755,-0.856382041,-0.344505107,0.375208791,-0.427876107,0.382421591,0.456273571,0.511815111,-0.191500026,0.021383065,-0.576856782,-1.719878813,1.643580149,2.940657445,4.671227791
9.6918,-0.151438062,0.711428961,-0.215933563,-0.275532612,-0.85368015,-0.345374558,0.375359104,-0.432325826,0.375851571,0.469585817,0.527190385,-0.178001868,0.173008437,-0.78436971,-1.676140725,1.814158692,2.390043516,4.514742632
9.6969,-0.149587724,0.709180807,-0.214097887,-0.273036707,-0.851011022,-0.346275053,0.378165,-0.442759595,0.368902463,0.488801271,0.535263634,-0.149129919,0.316858148,-0.731884005,-1.673224853,1.678570619,1.994942788,4.60513468
9.702,-0.147590454,0.706903833,-0.212238143,-0.270510062,-0.848326019,-0.346893923,0.384245712,-0.447011034,0.362758258,0.498606718,0.5357362,-0.126055939,0.2264661,-0.65169751,-1.786457903,1.544440483,1.677598662,4.424836562
9.7072,-0.145638791,0.704572758,-0.210444029,-0.267974517,-0.845677318,-0.347514916,0.385781502,-0.444363835,0.350076618,0.502888872,0.534527522,-0.102736127,0.21091478,-0.519511289,-1.867616355,1.463768009,1.519169587,4.432612223
9.7122,-0.143658307,0.702373546,-0.208649712,-0.265567398,-0.843023359,-0.348216604,0.380202077,-0.44319112,0.33338111,0.508423246,0.531461239,-0.085531653,0.16766267,-0.638090105,-2.010980087,1.661561363,1.448702668,4.765993648
9.7174,-0.141785823,0.700161796,-0.206973203,-0.262916776,-0.840202447,-0.34858105,0.378608091,-0.443322213,0.325305795,0.52116019,0.538181669,-0.0674435,0.321231957,-0.775622093,-2.04111077,1.532291014,1.186760119,4.775227245
9.7225,-0.139883507,0.697876226,-0.205419051,-0.260382951,-0.837386288,-0.348767317,0.379716414,-0.441295803,0.309362776,0.516011975,0.538197293,-0.042507468,0.446128497,-0.842201182,-1.953634594,1.67030898,0.99139666,4.706218261
9.7277,-0.137977753,0.695543634,-0.20382162,-0.257719183,-0.834676206,-0.349019618,0.374336824,-0.454630574,0.294381072,0.528788721,0.540923804,-0.02299807,0.598725826,-0.863584247,-2.000774534,1.683430407,1.022013321,4.94872166
9.7328,-0.136029528,0.693231874,-0.202352614,-0.255003438,-0.831966326,-0.349044595,0.384107524,-0.461822403,0.289242114,0.536641044,0.537175013,0.005851038,0.71050094,-0.935995082,-1.924475869,1.677598662,1.114835264,5.0347399
9.738,-0.134015472,0.690865002,-0.200972495,-0.252267671,-0.829219233,-0.348885327,0.392245675,-0.466047381,0.279975884,0.543176122,0.528145042,0.026908012,0.727996175,-0.955434232,-1.793747584,1.714533047,1.233900058,5.036683815
9.7431,-0.131961978,0.688300637,-0.199511579,-0.249489129,-0.826364445,-0.348670037,0.394369694,-0.473269293,0.267853727,0.543177798,0.538089115,0.050784731,0.707585067,-0.692033747,-1.864700482,1.772364519,1.249451379,5.170813951
9.7482,-0.129772272,0.685897967,-0.198064112,-0.246596319,-0.823624836,-0.348394175,0.400580357,-0.480463601,0.256210624,0.560796472,0.543835619,0.074827996,0.494240394,-0.708071046,-1.984737235,1.720364792,1.499730437,5.4327565
9.7533,-0.127713318,0.683458894,-0.196794721,-0.243656588,-0.820871271,-0.347765902,0.40811519,-0.484038946,0.249416374,0.567174311,0.548529736,0.103928525,0.49958616,-0.689117874,-1.902606825,1.654271681,1.798607372,5.355971857
9.7585,-0.125632622,0.680965214,-0.195560016,-0.240691273,-0.818017696,-0.347039033,0.409769972,-0.483209138,0.239649173,0.57210165,0.549228598,0.13298884,0.48403484,-0.617678997,-1.849149162,1.625598935,2.032363153,5.339448579
9.7635,-0.123557589,0.678445748,-0.194296693,-0.237647588,-0.815041764,-0.346317929,0.408878031,-0.495842277,0.228162895,0.593999974,0.572233593,0.165748546,0.504931926,-0.521455204,-1.91621423,1.521599481,2.148512075,5.545503571
9.7687,-0.121465871,0.675970371,-0.193165335,-0.234554859,-0.811977854,-0.345281828,0.42119142,-0.500818602,0.22399621,0.607018519,0.590977648,0.205279321,0.509791714,-0.498614202,-1.856438843,1.370460089,2.180100694,5.448793799
9.7738,-0.119376176,0.673465163,-0.192074224,-0.2314775,-0.80883871,-0.344165335,0.428020904,-0.501733506,0.2155048,0.611623313,0.601335556,0.234589089,0.516595416,-0.447100454,-1.819990437,1.296105339,2.170381119,5.429840627
9.7789,-0.117260188,0.670789766,-0.19101173,-0.22842522,-0.805602993,-0.342996865,0.429156831,-0.505005017,0.207957234,0.606962315,0.63004548,0.265978724,0.498128224,-0.138989924,-1.818046522,1.338871469,2.067839602,5.546961507
9.7842,-0.114966427,0.66830539,-0.189923147,-0.225277885,-0.802444939,-0.34167206,0.430982289,-0.508097786,0.196389288,0.621410269,0.650235589,0.295245798,0.215774567,-0.138503945,-1.934195444,1.290273594,2.132960755,5.637839534
9.7896,-0.112803924,0.665815957,-0.188961978,-0.222069876,-0.799211144,-0.340008494,0.433095446,-0.507944581,0.18982216,0.628871817,0.657248797,0.332002315,0.152597329,-0.133158179,-1.92787772,1.183358268,2.156287735,5.403111796
9.7947,-0.110677925,0.663289615,-0.188045101,-0.218829609,-0.795903731,-0.338255941,0.432271833,-0.497995357,0.182794688,0.632016391,0.660211542,0.358976663,0.155513202,-0.092335963,-1.940999147,1.076442942,2.170867098,5.237879019
9.8,-0.108479017,0.660741531,-0.187112752,-0.215551421,-0.792466377,-0.336499039,0.428196974,-0.502493552,0.170569771,0.652272545,0.682872391,0.386091605,0.057345493,-0.030616662,-2.062007857,0.933079209,2.06054992,5.285504937
9.8051,-0.106282637,0.658202548,-0.186313379,-0.212352816,-0.789079381,-0.334371928,0.43535323,-0.502767401,0.162308375,0.659819479,0.697835386,0.418569808,-0.038392322,0.022355023,-2.055204154,0.928219422,2.091652561,4.946291766
9.8101,-0.104107493,0.655697543,-0.185558803,-0.209136111,-0.785611083,-0.332217616,0.435383312,-0.496473733,0.152601751,0.659417453,0.70634706,0.439401725,-0.113719029,0.01166349,-2.067353623,0.936967039,2.075615262,4.766965606
9.8153,-0.101966326,0.653031449,-0.184840934,-0.205861361,-0.781823339,-0.330019416,0.426048875,-0.494132628,0.140640138,0.651165606,0.719278979,0.458702298,-0.125382519,0.248821122,-2.106231923,0.92092974,1.628514807,4.731489157
9.8207,-0.099708666,0.650567499,-0.184149661,-0.202511275,-0.778189807,-0.32776671,0.421727455,-0.493383443,0.125456533,0.66213405,0.732488465,0.473975566,-0.311026403,0.16766267,-2.18155863,0.832481607,1.484665096,4.829656865
9.8258,-0.09760451,0.648054909,-0.183545252,-0.199166346,-0.77451441,-0.325192942,0.420023468,-0.487406317,0.116176963,0.664251143,0.736841741,0.502810507,-0.256110804,0.164260819,-2.204399632,0.779995901,1.331581788,4.619228064
9.8309,-0.095504399,0.645560623,-0.18298918,-0.195788654,-0.770807362,-0.322561533,0.414151994,-0.475939187,0.103552693,0.658035329,0.729745358,0.522171658,-0.197307374,0.112261092,-2.242791953,0.727024217,1.210087099,4.508424908
9.8361,-0.093340985,0.643060775,-0.18242522,-0.192192739,-0.767004753,-0.319939428,0.406316437,-0.481126913,0.089134603,0.659124116,0.741794934,0.536182984,-0.23035393,0.065607132,-2.381781877,0.371287769,0.996742426,4.623601873
9.8412,-0.091190717,0.640629285,-0.182005359,-0.188808171,-0.763197189,-0.316958742,0.411173867,-0.482234094,0.076057741,0.662027499,0.744656766,0.562660589,-0.250765037,-0.077756601,-2.382267856,0.373717662,0.809640605,4.363117261
9.8463,-0.08911437,0.638180605,-0.181686015,-0.185435838,-0.759438973,-0.313991809,0.408198535,-0.476987443,0.062962994,0.658572603,0.734040657,0.585049169,-0.169120607,-0.204597056,-2.317146703,0.418913687,0.762986645,4.301883937
9.8514,-0.087028921,0.635562746,-0.181406917,-0.18208292,-0.75561351,-0.310963191,0.401422607,-0.478110443,0.046837199,0.647074467,0.744958753,0.597816438,-0.096223793,-0.075812686,-2.27535253,0.544782184,0.65169751,4.336388429
9.8565,-0.084841642,0.633099909,-0.18120356,-0.178682475,-0.751856507,-0.307900293,0.401505928,-0.485480797,0.030640693,0.658984786,0.747240836,0.61357775,-0.183213991,-0.189045736,-2.191764184,0.624968679,0.668220788,4.523976228
9.8616,-0.082823541,0.630696835,-0.181085044,-0.175322075,-0.748088482,-0.30456487,0.406314979,-0.490092711,0.021191274,0.666773519,0.745612224,0.650516096,-0.014579363,-0.390726919,-2.057634048,0.774650135,0.705155173,4.449621479
9.8668,-0.080785115,0.62828466,-0.180961675,-0.171970877,-0.744328749,-0.301274042,0.411705018,-0.495856054,0.011478551,0.671623004,0.73809095,0.677995643,0.103513475,-0.583660485,-2.021185641,0.96418185,0.812070499,4.604162723
9.8719,-0.078797856,0.625671352,-0.180920619,-0.168337041,-0.740295581,-0.297768025,0.411754952,-0.505628407,0.000657821,0.682032377,0.740192225,0.691382875,0.301792807,-0.459249923,-1.936625338,0.727024217,0.532146737,4.613882298
9.877,-0.076656588,0.623093033,-0.181006977,-0.164937304,-0.736516837,-0.293965214,0.417194512,-0.507557864,-0.006743879,0.697582336,0.746321219,0.72413709,0.259026676,-0.399474536,-1.729598388,0.869901971,0.68280015,4.338332344
9.8822,-0.074518859,0.620518859,-0.18101355,-0.161350693,-0.732794924,-0.290304277,0.422494718,-0.502739409,-0.018016472,0.694687653,0.749819342,0.753197599,0.219662397,-0.37468962,-1.723280665,0.740145644,0.950088466,4.447191585
9.8873,-0.0723153,0.617924967,-0.181079179,-0.157935484,-0.728852159,-0.286494489,0.417457719,-0.51307331,-0.025950051,0.698721689,0.767075354,0.76719838,0.08601824,-0.330951532,-1.691206067,0.930163337,0.881079482,4.505995014
9.8923,-0.070104662,0.615287491,-0.181259581,-0.154294367,-0.724936798,-0.282737082,0.42273156,-0.515977932,-0.03251521,0.712685827,0.773626445,0.784937941,-0.054429621,-0.214316631,-1.548814292,0.779023944,0.869415992,4.863189399
9.8975,-0.068084538,0.612796542,-0.181399231,-0.150720194,-0.720998787,-0.278537466,0.416664601,-0.50419664,-0.041301658,0.715887358,0.770270592,0.82040987,0.112261092,-0.362540151,-1.538608738,0.754239027,0.866986099,4.702330431
9.9026,-0.066018404,0.610261098,-0.181550814,-0.147069673,-0.717272727,-0.274344524,0.408206506,-0.511062305,-0.045169368,0.709001962,0.776761105,0.843143325,0.234727739,-0.467997541,-1.578944974,0.656071319,1.254311166,4.73391905
9.9077,-0.063928001,0.607701385,-0.181821721,-0.143580949,-0.713453635,-0.270004854,0.41531273,-0.511230818,-0.049928923,0.710128898,0.777833466,0.855713044,0.333867405,-0.55012795,-1.504590225,0.868444035,1.552216143,4.748498413
9.9129,-0.061835069,0.605131661,-0.182149156,-0.140008292,-0.709580645,-0.265734857,0.419189212,-0.50787827,-0.057533445,0.706364288,0.772975331,0.871654653,0.430577177,-0.653641425,-1.406908495,1.000144277,1.860326673,5.109094649
9.918,-0.059714329,0.602361917,-0.182428254,-0.13640904,-0.705309738,-0.261327839,0.419573889,-0.51080843,-0.063238496,0.697510266,0.778804646,0.889497291,0.500558117,-0.471885371,-1.448702668,1.168292927,1.630944701,5.493017865
9.9231,-0.057567765,0.599750253,-0.18276963,-0.132835322,-0.701315363,-0.256718652,0.42226072,-0.513453053,-0.070638689,0.704187541,0.787864189,0.918284679,0.553100997,-0.565221879,-1.45333376,1.450246365,1.921817279,5.796154261
9.9282,-0.055406814,0.597123887,-0.183148808,-0.129223883,-0.697271001,-0.251958707,0.425215519,-0.516573693,-0.0780625,0.712302779,0.798407182,0.948618064,0.605643876,-0.658558387,-1.457964851,1.732199804,2.212689858,6.099290656
9.9334,-0.053230111,0.594480392,-0.183565908,-0.125567389,-0.693169088,-0.24704012,0.428438287,-0.520170349,-0.08550993,0.721855979,0.810433626,0.980497444,0.658186756,-0.751894895,-1.462595943,2.014153243,2.503562436,6.402427051
9.9385,-0.051036288,0.59181734,-0.18402105,-0.121858507,-0.689002057,-0.241955005,0.431929024,-0.524243021,-0.092980979,0.732847142,0.823943519,1.01392282,0.710729635,-0.845231403,-1.467227035,2.296106681,2.794435014,6.705563446
9.9436,-0.048823979,0.589132304,-0.184514354,-0.118089904,-0.684762342,-0.236695479,0.435687729,-0.528791709,-0.100475646,0.745276267,0.838936863,1.048894191,0.763272515,-0.93856791,-1.471858126,2.57806012,3.085307592,7.008699841
9.9487,-0.046591818,0.586422855,-0.185045942,-0.114254245,-0.680442379,-0.231253656,0.439714404,-0.533816414,-0.107993932,0.759143355,0.855413657,1.085411558,0.815815394,-1.031904418,-1.476489218,2.860013559,3.376180171,7.311836236
9.9539,-0.044338437,0.583686567,-0.185615932,-0.110344197,-0.676034601,-0.225621653,0.444009046,-0.539317134,-0.115535836,0.774448405,0.873373901,1.123474921,0.868358274,-1.125240926,-1.48112031,3.141966998,3.667052749,7.614972631
9.959,-0.04206247,0.580921011,-0.186224447,-0.106352427,-0.671531443,-0.219791584,0.448571658,-0.545293871,-0.123101359,0.791191418,0.892817595,1.163084279,0.920901153,-1.218577434,-1.485751401,3.423920436,3.957925327,7.918109026
9.9644,-0.03976255,0.578123761,-0.186871606,-0.1022716,-0.66692534,-0.213755565,0.453402238,-0.551746624,-0.1306905,0.809372394,0.913744739,1.204239633,0.973444033,-1.311913942,-1.490382493,3.705873875,4.248797905,8.221245421
9.9696,-0.037437312,0.575292387,-0.187557531,-0.098094384,-0.662208725,-0.207505711,0.458500787,-0.558675393,-0.13830326,0.828991332,0.936155333,1.246940982,1.025986912,-1.40525045,-1.495013585,3.987827314,4.539670483,8.524381816
9.9749,-0.035085387,0.572424462,-0.18828234,-0.093813444,-0.657374033,-0.201034138,0.463867305,-0.566080179,-0.145939639,0.850048232,0.960049378,1.291188327,1.078529792,-1.498586958,-1.499644676,4.269780753,4.830543062,8.827518211
9.9801,-0.032705409,0.56951756,-0.189046155,-0.089421447,-0.652413699,-0.194332962,0.469501791,-0.57396098,-0.153599636,0.872543096,0.985426872,1.336981668,1.131072671,-1.591923466,-1.504275768,4.551734191,5.12141564,9.130654606
9.9853,-0.030296013,0.566569251,-0.189849096,-0.08491106,-0.647320157,-0.187394297,0.475404246,-0.582317798,-0.161283252,0.896475921,1.012287817,1.384321004,1.183615551,-1.685259974,-1.50890686,4.83368763,5.412288218,9.433791001
9.9904,-0.027855831,0.563577109,-0.190691284,-0.080274948,-0.642085842,-0.18021026,0.48157467,-0.591150632,-0.168990486,0.921846709,1.040632212,1.433206336,1.23615843,-1.778596482,-1.513537951,5.115641069,5.703160796,9.736927396
9.9959,-0.025383496,0.560538705,-0.191572839,-0.075505779,-0.636703187,-0.172772964,0.488013062,-0.600459482,-0.176721339,0.94865546,1.070460057,1.483637664,1.28870131,-1.87193299,-1.518169043,5.397594508,5.994033375,10.04006379
