time_s,tau_cmd_j1,tau_cmd_j2,tau_cmd_j3,tau_cmd_j4,tau_cmd_j5,tau_cmd_j6,tau_meas_j1,tau_meas_j2,tau_meas_j3,tau_meas_j4,tau_meas_j5,tau_meas_j6
0.01415962167084217,-9.75781955236954e-19,3.2123954984923864,-2.8024476363804722,-0.005938322209795411,-0.230515718762204,3.845528275632914e-06,0.0035437499999999996,0.0035437499999999996,0.0023625,-0.00095844,-0.00287532,0.00287532
0.022594617679715157,-9.75781955236954e-19,3.2123954984923864,-2.8024476363804722,-0.005938322209795411,-0.230515718762204,3.845528275632914e-06,0.01535625,0.2575125,-0.089775,-0.00095844,0.0,-0.00670908
0.030898690223693848,-9.75781955236954e-19,3.2123954984923864,-2.8024476363804722,-0.005938322209795411,-0.230515718762204,3.845528275632914e-06,0.014174999999999998,0.6000749999999999,-0.43351874999999995,0.01341816,-0.15526728,-0.00670908
0.03969544917345047,6.7220534694101275e-18,3.2108790093580235,-2.8028825731182896,-0.005938856632171585,-0.23045518363528053,3.84448284809877e-06,0.0378,0.82805625,-0.61543125,0.0335454,-0.25494503999999996,0.01725192
0.049904098734259605,-3.2526065174565133e-19,3.211751685281062,-2.8020098971952505,-0.005937781849395932,-0.23057602337348182,3.846569857647514e-06,0.028349999999999997,0.70284375,-0.68985,0.02683632,-0.25590348,0.02108568
0.060424814000725746,4.445228907190568e-18,3.210329212246238,-2.8028825731182905,-0.005938856632171586,-0.23045518363528059,3.844482848098771e-06,0.02716875,0.6591374999999999,-0.6473249999999999,0.03737916,-0.27123852,0.0143766
0.06916338577866554,4.445228907190568e-18,3.210329212246238,-2.8028825731182905,-0.005938856632171586,-0.23045518363528059,3.844482848098771e-06,0.03189375,0.79970625,-0.6615,0.0287532,-0.27890603999999997,0.02683632
0.07913472689688206,4.445228907190568e-18,3.210329212246238,-2.8028825731182905,-0.005938856632171586,-0.23045518363528059,3.844482848098771e-06,0.02716875,0.7406437499999999,-0.64850625,0.02204412,-0.28178136000000004,0.01821036
0.08974013850092888,4.445228907190568e-18,3.210329212246238,-2.8028825731182905,-0.005938856632171586,-0.23045518363528059,3.844482848098771e-06,0.028349999999999997,0.72410625,-0.6615,0.02779476,-0.2731554,0.02204412
0.10282831452786922,4.445228907190568e-18,3.210329212246238,-2.8028825731182905,-0.005938856632171586,-0.23045518363528059,3.844482848098771e-06,0.03189375,0.71465625,-0.6591374999999999,0.02683632,-0.28657356,0.024919439999999998
0.1113499104976654,4.445228907190568e-18,3.210329212246238,-2.8028825731182905,-0.005938856632171586,-0.23045518363528059,3.844482848098771e-06,0.035437500000000004,0.7111124999999999,-0.65795625,0.02683632,-0.287532,0.012459719999999999
0.1237135548144579,4.445228907190568e-18,3.210329212246238,-2.8028825731182905,-0.005938856632171586,-0.23045518363528059,3.844482848098771e-06,0.03307499999999999,0.72174375,-0.65795625,0.03162852,-0.27698915999999996,0.03258696
0.1335834637284279,4.445228907190568e-18,3.210329212246238,-2.8028825731182905,-0.005938856632171586,-0.23045518363528059,3.844482848098771e-06,0.034256249999999995,0.7252875,-0.65795625,0.03162852,-0.2827398,0.02779476
0.14338836260139942,4.445228907190568e-18,3.210329212246238,-2.8028825731182905,-0.005938856632171586,-0.23045518363528059,3.844482848098771e-06,0.0307125,0.7288312499999999,-0.6650437499999999,0.02587788,-0.27890603999999997,0.0287532
0.15285109542310238,4.445228907190568e-18,3.210329212246238,-2.8028825731182905,-0.005938856632171586,-0.23045518363528059,3.844482848098771e-06,0.034256249999999995,0.72410625,-0.64850625,0.02300256,-0.27890603999999997,0.03833759999999999
0.16435874998569489,4.445228907190568e-18,3.210329212246238,-2.8028825731182905,-0.005938856632171586,-0.23045518363528059,3.844482848098771e-06,0.028349999999999997,0.7205625,-0.65795625,0.0287532,-0.28082292000000003,-0.02204412
0.17400783486664295,4.445228907190568e-18,3.210329212246238,-2.8028825731182905,-0.005938856632171586,-0.23045518363528059,3.844482848098771e-06,0.02008125,0.71465625,-0.6591374999999999,0.00766752,-0.21660744,0.03642072
0.18400348164141178,4.445228907190568e-18,3.210329212246238,-2.8028825731182905,-0.005938856632171586,-0.23045518363528059,3.844482848098771e-06,0.023625,0.71938125,-0.656775,0.00095844,-0.30382548,0.043129799999999996
0.19416492991149426,1.0842021724855044e-19,3.2102686773550206,-2.802943108009508,-0.005953613824799798,-0.2305154996924395,3.845512346937923e-06,0.02480625,0.7205625,-0.65795625,0.05079732,-0.28657356,0.02587788
0.20277398265898228,1.0842021724855044e-19,3.2102686773550206,-2.802943108009508,-0.005953613824799798,-0.2305154996924395,3.845512346937923e-06,0.0307125,0.7205625,-0.6544125,0.05079732,-0.28657356,0.04121292
0.21251689083874226,1.0842021724855044e-19,3.2102686773550206,-2.802943108009508,-0.005953613824799798,-0.2305154996924395,3.845512346937923e-06,0.02953125,0.7300125,-0.6615,0.0335454,-0.27698915999999996,0.02779476
0.22299007326364517,1.0842021724855044e-19,3.2102686773550206,-2.802943108009508,-0.005953613824799798,-0.2305154996924395,3.845512346937923e-06,0.025987499999999997,0.7205625,-0.6544125,0.03737916,-0.2827398,0.024919439999999998
0.23408718407154083,1.0842021724855044e-19,3.2102686773550206,-2.802943108009508,-0.005953613824799798,-0.2305154996924395,3.845512346937923e-06,0.0307125,0.7229249999999999,-0.65559375,0.0335454,-0.27411384,0.03546228
0.24305622279644012,1.0842021724855044e-19,3.2102686773550206,-2.802943108009508,-0.005953613824799798,-0.2305154996924395,3.845512346937923e-06,0.03189375,0.72410625,-0.656775,0.03737916,-0.27507228,0.03546228
0.2529786955565214,1.0842021724855044e-19,3.2102686773550206,-2.802943108009508,-0.005953613824799798,-0.2305154996924395,3.845512346937923e-06,0.03307499999999999,0.7229249999999999,-0.6544125,0.05079732,-0.27698915999999996,0.00766752
0.26342109218239784,1.0842021724855044e-19,3.2102686773550206,-2.802943108009508,-0.005953613824799798,-0.2305154996924395,3.845512346937923e-06,0.03189375,0.72174375,-0.6615,0.043129799999999996,-0.28369824,0.03929604
0.27429221384227276,1.0842021724855044e-19,3.2102686773550206,-2.802943108009508,-0.005953613824799798,-0.2305154996924395,3.845512346937923e-06,0.034256249999999995,0.7229249999999999,-0.6615,0.019168799999999996,-0.27890603999999997,0.03546228
0.28391931392252445,1.0842021724855044e-19,3.2102686773550206,-2.802943108009508,-0.005953613824799798,-0.2305154996924395,3.845512346937923e-06,0.02953125,0.7158375,-0.656775,-0.00862596,-0.2923242,0.03258696
0.29411294497549534,1.0842021724855044e-19,3.2102686773550206,-2.802943108009508,-0.005953613824799798,-0.2305154996924395,3.845512346937923e-06,0.0307125,0.70756875,-0.64850625,-0.00287532,-0.28369824,0.02587788
0.3039709497243166,1.0842021724855044e-19,3.2102686773550206,-2.802943108009508,-0.005953613824799798,-0.2305154996924395,3.845512346937923e-06,0.0307125,0.7288312499999999,-0.6591374999999999,0.03067008,-0.28082292000000003,0.02683632
0.3141760230064392,1.0842021724855044e-19,3.2102686773550206,-2.802943108009508,-0.005953613824799798,-0.2305154996924395,3.845512346937923e-06,0.035437500000000004,0.72174375,-0.6449625,0.06804924,-0.28465668,0.02779476
0.32378600165247917,1.0842021724855044e-19,3.2102686773550206,-2.802943108009508,-0.005953613824799798,-0.2305154996924395,3.845512346937923e-06,0.03307499999999999,0.7182,-0.656775,0.05175576,-0.27507228,0.024919439999999998
0.333718940615654,1.0842021724855044e-19,3.2102686773550206,-2.802943108009508,-0.005953613824799798,-0.2305154996924395,3.845512346937923e-06,0.03307499999999999,0.7111124999999999,-0.65205,0.04408824,-0.287532,0.0287532
0.3439118266105652,1.0842021724855044e-19,3.2102686773550206,-2.802943108009508,-0.005953613824799798,-0.2305154996924395,3.845512346937923e-06,0.028349999999999997,0.7300125,-0.656775,0.02683632,-0.28082292000000003,0.03929604
0.3537840507924557,1.0842021724855044e-19,3.2102686773550206,-2.802943108009508,-0.005953613824799798,-0.2305154996924395,3.845512346937923e-06,0.0212625,0.7300125,-0.66268125,0.02779476,-0.2731554,0.02779476
0.3640349116176367,1.0842021724855044e-19,3.2102686773550206,-2.802943108009508,-0.005953613824799798,-0.2305154996924395,3.845512346937923e-06,0.034256249999999995,0.7252875,-0.656775,0.0,-0.28082292000000003,0.03067008
0.37945633567869663,1.0842021724855044e-19,3.2102686773550206,-2.802943108009508,-0.005953613824799798,-0.2305154996924395,3.845512346937923e-06,0.03307499999999999,0.7182,-0.656775,0.03737916,-0.28369824,0.03067008
0.39088374748826027,1.0842021724855044e-19,3.2102686773550206,-2.802943108009508,-0.005953613824799798,-0.2305154996924395,3.845512346937923e-06,0.034256249999999995,0.7182,-0.6638625,0.03642072,-0.33545400000000003,0.0287532
0.4027550332248211,1.0842021724855044e-19,3.2102686773550206,-2.802943108009508,-0.005953613824799798,-0.2305154996924395,3.845512346937923e-06,0.025987499999999997,0.7158375,-0.65559375,0.03258696,-0.28082292000000003,0.04025448
0.40899164974689484,1.0842021724855044e-19,3.2102686773550206,-2.802943108009508,-0.005953613824799798,-0.2305154996924395,3.845512346937923e-06,0.03189375,0.7158375,-0.656775,0.03258696,-0.28082292000000003,0.03929604
0.41963989846408367,1.0842021724855044e-19,3.2102686773550206,-2.802943108009508,-0.005953613824799798,-0.2305154996924395,3.845512346937923e-06,0.02953125,0.7229249999999999,-0.65559375,0.048880440000000004,-0.2827398,0.04217136
0.4326473046094179,1.0842021724855044e-19,3.2102686773550206,-2.802943108009508,-0.005953613824799798,-0.2305154996924395,3.845512346937923e-06,0.028349999999999997,0.7205625,-0.65086875,0.03067008,-0.28369824,0.03258696
0.44239525869488716,1.0842021724855044e-19,3.2102686773550206,-2.802943108009508,-0.005953613824799798,-0.2305154996924395,3.845512346937923e-06,0.03189375,0.7252875,-0.65795625,0.02971164,-0.28082292000000003,0.024919439999999998
0.4522042851895094,1.0842021724855044e-19,3.2102686773550206,-2.802943108009508,-0.005953613824799798,-0.2305154996924395,3.845512346937923e-06,0.03189375,0.7252875,-0.666225,0.03737916,-0.28082292000000003,0.02779476
0.46373674646019936,1.0842021724855044e-19,3.2102686773550206,-2.802943108009508,-0.005953613824799798,-0.2305154996924395,3.845512346937923e-06,0.0401625,0.7205625,-0.6496875,0.02779476,-0.28369824,0.01533504
0.4729519747197628,1.0842021724855044e-19,3.2102686773550206,-2.802943108009508,-0.005953613824799798,-0.2305154996924395,3.845512346937923e-06,0.02716875,0.7205625,-0.65205,0.02779476,-0.28178136000000004,0.03737916
0.4834022484719753,1.0842021724855044e-19,3.2102686773550206,-2.802943108009508,-0.005953613824799798,-0.2305154996924395,3.845512346937923e-06,0.02716875,0.7182,-0.656775,0.02779476,-0.28178136000000004,0.03737916
0.4938875064253807,1.0842021724855044e-19,3.2102686773550206,-2.802943108009508,-0.005953613824799798,-0.2305154996924395,3.845512346937923e-06,0.0307125,0.7205625,-0.6638625,0.04121292,-0.27794759999999996,0.03450384
0.5034802574664354,1.0842021724855044e-19,3.2102686773550206,-2.802943108009508,-0.005953613824799798,-0.2305154996924395,3.845512346937923e-06,0.03307499999999999,0.7300125,-0.6591374999999999,0.05175576,-0.34887216000000004,0.02779476
0.5136636104434729,1.0842021724855044e-19,3.2102686773550206,-2.802943108009508,-0.005953613824799798,-0.2305154996924395,3.845512346937923e-06,0.03189375,0.7170187499999999,-0.6544125,0.05558952,-0.27794759999999996,0.02108568
0.5235757697373629,1.0842021724855044e-19,3.2102686773550206,-2.802943108009508,-0.005953613824799798,-0.2305154996924395,3.845512346937923e-06,0.02716875,0.7182,-0.666225,0.023961,-0.28561512,0.02012724
0.5328719858080149,1.0842021724855044e-19,3.2102686773550206,-2.802943108009508,-0.005953613824799798,-0.2305154996924395,3.845512346937923e-06,0.02953125,0.72174375,-0.666225,0.023961,-0.28561512,0.03258696
0.5441280137747526,1.0842021724855044e-19,3.2102686773550206,-2.802943108009508,-0.005953613824799798,-0.2305154996924395,3.845512346937923e-06,0.035437500000000004,0.73119375,-0.6615,0.0287532,-0.27507228,0.02971164
0.5540550965815783,1.0842021724855044e-19,3.2102686773550206,-2.802943108009508,-0.005953613824799798,-0.2305154996924395,3.845512346937923e-06,0.034256249999999995,0.72646875,-0.65086875,0.023961,-0.27507228,0.02971164
0.564425390213728,1.0842021724855044e-19,3.2102686773550206,-2.802943108009508,-0.005953613824799798,-0.2305154996924395,3.845512346937923e-06,0.03189375,0.7205625,-0.65559375,0.03258696,-0.27123852,0.03737916
0.5734262373298407,1.0842021724855044e-19,3.2102686773550206,-2.802943108009508,-0.005953613824799798,-0.2305154996924395,3.845512346937923e-06,0.023625,0.7252875,-0.6650437499999999,0.03546228,-0.27123852,0.024919439999999998
0.5840510446578264,1.0842021724855044e-19,3.2102686773550206,-2.802943108009508,-0.005953613824799798,-0.2305154996924395,3.845512346937923e-06,0.03189375,0.72174375,-0.6544125,0.03067008,-0.28369824,0.03162852
0.5949679333716631,1.0842021724855044e-19,3.2102686773550206,-2.802943108009508,-0.005953613824799798,-0.2305154996924395,3.845512346937923e-06,0.028349999999999997,0.7205625,-0.6615,0.01725192,-0.28465668,0.02683632
0.6049990206956863,1.0842021724855044e-19,3.2102686773550206,-2.802943108009508,-0.005953613824799798,-0.2305154996924395,3.845512346937923e-06,0.03189375,0.7229249999999999,-0.66031875,0.03737916,-0.27890603999999997,0.04121292
0.6160108372569084,1.0842021724855044e-19,3.2102686773550206,-2.802943108009508,-0.005953613824799798,-0.2305154996924395,3.845512346937923e-06,0.035437500000000004,0.7229249999999999,-0.66031875,0.03450384,-0.27890603999999997,0.02587788
0.6240041684359312,1.0842021724855044e-19,3.2102686773550206,-2.802943108009508,-0.005953613824799798,-0.2305154996924395,3.845512346937923e-06,0.03307499999999999,0.7252875,-0.6638625,0.0287532,-0.27123852,0.019168799999999996
0.63417087495327,1.0842021724855044e-19,3.2102686773550206,-2.802943108009508,-0.005953613824799798,-0.2305154996924395,3.845512346937923e-06,0.034256249999999995,0.72174375,-0.6496875,0.0335454,-0.2827398,0.04408824
0.6480334755033255,1.0842021724855044e-19,3.2102686773550206,-2.802943108009508,-0.005953613824799798,-0.2305154996924395,3.845512346937923e-06,0.0307125,0.7252875,-0.66268125,0.024919439999999998,-0.287532,0.043129799999999996
0.6534796040505171,1.0842021724855044e-19,3.2102686773550206,-2.802943108009508,-0.005953613824799798,-0.2305154996924395,3.845512346937923e-06,0.028349999999999997,0.7252875,-0.6615,0.024919439999999998,-0.287532,0.0335454
0.6668901331722736,1.0842021724855044e-19,3.2102686773550206,-2.802943108009508,-0.005953613824799798,-0.2305154996924395,3.845512346937923e-06,0.0307125,0.71938125,-0.6650437499999999,0.02683632,-0.27986448,0.03258696
0.6737613379955292,1.0842021724855044e-19,3.2102686773550206,-2.802943108009508,-0.005953613824799798,-0.2305154996924395,3.845512346937923e-06,0.0307125,0.71938125,-0.65795625,0.0335454,-0.28178136000000004,0.03450384
0.6865982506424189,1.0842021724855044e-19,3.2102686773550206,-2.802943108009508,-0.005953613824799798,-0.2305154996924395,3.845512346937923e-06,0.025987499999999997,0.72410625,-0.6591374999999999,0.03642072,-0.27698915999999996,0.024919439999999998
0.6940986253321171,1.0842021724855044e-19,3.2102083734508606,-2.803003411913668,-0.00596837632012562,-0.23057558523411792,3.8465378649448446e-06,0.025987499999999997,0.71938125,-0.6638625,0.02587788,-0.27890603999999997,0.02300256
0.7079965975135565,1.0842021724855044e-19,3.2102083734508606,-2.803003411913668,-0.00596837632012562,-0.23057558523411792,3.8465378649448446e-06,0.028349999999999997,0.72174375,-0.65795625,0.03642072,-0.27794759999999996,0.02204412
0.7146529816091061,1.3010426069826053e-18,3.210148300594061,-2.8030634847704667,-0.005983144103386553,-0.23063544020023025,3.847559401094018e-06,0.028349999999999997,0.7252875,-0.6638625,0.03067008,-0.27794759999999996,0.02204412
0.7259477339684963,1.3010426069826053e-18,3.210148300594061,-2.8030634847704667,-0.005983144103386553,-0.23063544020023025,3.847559401094018e-06,0.023625,0.7229249999999999,-0.65795625,0.03067008,-0.28465668,0.0287532
0.7378257643431425,3.2526065174565133e-19,3.2100884588446967,-2.8031233265198323,-0.005997917159814825,-0.23069506453092173,3.848576954363907e-06,0.02953125,0.72174375,-0.66031875,0.03162852,-0.24248532,0.02587788
0.7485426664352417,3.2526065174565133e-19,3.2100884588446967,-2.8031233265198323,-0.005997917159814825,-0.23069506453092173,3.848576954363907e-06,0.034256249999999995,0.7205625,-0.66031875,0.03067008,-0.27219696,0.02779476
0.758924962952733,-1.0842021724855044e-18,3.210028848262607,-2.8031829371019206,-0.006012695474637368,-0.23075445816656776,3.8495905237369585e-06,0.02244375,0.71938125,-0.6591374999999999,0.03067008,-0.27698915999999996,0.02971164
0.7673002984374762,-4.336808689942018e-19,3.2099694689074045,-2.803242316457123,-0.006027479033075878,-0.23081362104777495,3.850600108199603e-06,0.02244375,0.72646875,-0.66268125,0.05367264,-0.28561512,0.02300256
0.7781861890107393,1.6263032587282567e-18,3.209851404114945,-2.803360381249584,-0.00605706182166133,-0.23093125431045178,3.852607318359322e-06,0.02716875,0.7205625,-0.6544125,0.071883,-0.287532,0.06804924
0.7895796857774258,1.6263032587282567e-18,3.209851404114945,-2.803360381249584,-0.00605706182166133,-0.23093125431045178,3.852607318359322e-06,0.03189375,0.713475,-0.6544125,0.03162852,-0.28657356,0.03067008
0.8026598133146763,2.4936649967166602e-18,3.2097342649395757,-2.803477520424953,-0.006086665407240064,-0.23104796384841927,3.854598576814223e-06,0.025987499999999997,0.7205625,-0.66031875,0.03546228,-0.2971164,0.03162852
0.8087835237383842,4.336808689942018e-18,3.209676042604869,-2.80353574275966,-0.006101474961900681,-0.23110597207460576,3.855588221660804e-06,0.03189375,0.7229249999999999,-0.66031875,0.03546228,-0.28369824,0.02779476
0.8219607546925545,4.336808689942018e-18,3.209676042604869,-2.80353574275966,-0.006101474961900681,-0.23110597207460576,3.855588221660804e-06,0.035437500000000004,0.7252875,-0.6591374999999999,0.03067008,-0.27890603999999997,0.024919439999999998
0.8292395267635584,4.336808689942018e-18,3.209676042604869,-2.80353574275966,-0.006101474961900681,-0.23110597207460576,3.855588221660804e-06,0.02953125,0.7252875,-0.65559375,0.03067008,-0.29519952,0.0287532
0.8430312667042017,4.336808689942018e-18,3.209676042604869,-2.80353574275966,-0.006101474961900681,-0.23110597207460576,3.855588221660804e-06,0.028349999999999997,0.71465625,-0.6532312499999999,0.01725192,-0.27986448,0.03258696
0.8488903623074293,4.336808689942018e-18,3.209676042604869,-2.80353574275966,-0.006101474961900681,-0.23110597207460576,3.855588221660804e-06,0.028349999999999997,0.71465625,-0.656775,0.03929604,-0.27986448,-0.023961
0.8588165938854218,4.336808689942018e-18,3.209676042604869,-2.80353574275966,-0.006101474961900681,-0.23110597207460576,3.855588221660804e-06,0.034256249999999995,0.72174375,-0.6591374999999999,0.03642072,-0.28561512,0.03546228
0.8703049775213003,4.336808689942018e-18,3.209676042604869,-2.80353574275966,-0.006101474961900681,-0.23110597207460576,3.855588221660804e-06,0.03189375,0.7052062499999999,-0.6532312499999999,0.02971164,-0.27890603999999997,0.03642072
0.8806012608110905,4.336808689942018e-18,3.209676042604869,-2.80353574275966,-0.006101474961900681,-0.23110597207460576,3.855588221660804e-06,0.035437500000000004,0.72765,-0.6532312499999999,0.02971164,-0.28369824,0.02971164
0.8891628310084343,4.336808689942018e-18,3.209676042604869,-2.80353574275966,-0.006101474961900681,-0.23110597207460576,3.855588221660804e-06,0.025987499999999997,0.7182,-0.6591374999999999,0.04121292,-0.28561512,0.03833759999999999
0.8995845522731543,4.336808689942018e-18,3.209676042604869,-2.80353574275966,-0.006101474961900681,-0.23110597207460576,3.855588221660804e-06,0.02953125,0.71938125,-0.6615,0.0527142,-0.28465668,0.03067008
0.9103292413055897,4.336808689942018e-18,3.209676042604869,-2.80353574275966,-0.006101474961900681,-0.23110597207460576,3.855588221660804e-06,0.023625,0.72174375,-0.6544125,0.02108568,-0.28465668,0.02779476
0.9234577938914299,4.336808689942018e-18,3.209676042604869,-2.80353574275966,-0.006101474961900681,-0.23110597207460576,3.855588221660804e-06,0.02716875,0.7063875,-0.6544125,0.019168799999999996,-0.2827398,0.03450384
0.933611573651433,4.336808689942018e-18,3.209676042604869,-2.80353574275966,-0.006101474961900681,-0.23110597207460576,3.855588221660804e-06,0.025987499999999997,0.72410625,-0.65086875,0.023961,-0.27698915999999996,0.03546228
0.9435024000704288,4.336808689942018e-18,3.209676042604869,-2.80353574275966,-0.006101474961900681,-0.23110597207460576,3.855588221660804e-06,0.0378,0.7229249999999999,-0.6615,-0.00862596,-0.27794759999999996,0.03546228
0.9534094054251909,4.336808689942018e-18,3.209676042604869,-2.80353574275966,-0.006101474961900681,-0.23110597207460576,3.855588221660804e-06,0.0307125,0.7111124999999999,-0.6544125,0.04408824,-0.27986448,0.04121292
0.9638826418668032,4.336808689942018e-18,3.209676042604869,-2.80353574275966,-0.006101474961900681,-0.23110597207460576,3.855588221660804e-06,0.03307499999999999,0.72174375,-0.6544125,0.03642072,-0.28561512,0.04121292
0.9739777259528637,4.336808689942018e-18,3.209676042604869,-2.80353574275966,-0.006101474961900681,-0.23110597207460576,3.855588221660804e-06,0.03661875,0.7229249999999999,-0.656775,0.0335454,-0.28465668,0.0335454
0.9821483008563519,4.336808689942018e-18,3.209676042604869,-2.80353574275966,-0.006101474961900681,-0.23110597207460576,3.855588221660804e-06,0.03307499999999999,0.7252875,-0.666225,0.03067008,-0.27986448,0.0335454
0.9921732507646084,4.336808689942018e-18,3.209676042604869,-2.80353574275966,-0.006101474961900681,-0.23110597207460576,3.855588221660804e-06,0.0307125,0.72646875,-0.6544125,0.0335454,-0.27986448,0.03067008
1.0046589635312557,4.336808689942018e-18,3.209676042604869,-2.80353574275966,-0.006101474961900681,-0.23110597207460576,3.855588221660804e-06,0.02716875,0.7170187499999999,-0.66031875,0.03162852,-0.28178136000000004,0.02108568
1.012796226888895,4.336808689942018e-18,3.209676042604869,-2.80353574275966,-0.006101474961900681,-0.23110597207460576,3.855588221660804e-06,0.02716875,0.7170187499999999,-0.66031875,0.03067008,-0.28178136000000004,0.03450384
1.0256921667605639,4.336808689942018e-18,3.209676042604869,-2.80353574275966,-0.006101474961900681,-0.23110597207460576,3.855588221660804e-06,0.02953125,0.72174375,-0.656775,0.03067008,-0.27890603999999997,0.03258696
1.033804440870881,4.336808689942018e-18,3.209676042604869,-2.80353574275966,-0.006101474961900681,-0.23110597207460576,3.855588221660804e-06,0.02953125,0.72410625,-0.66976875,0.06804924,-0.28178136000000004,0.03258696
1.0442740693688393,4.336808689942018e-18,3.209676042604869,-2.80353574275966,-0.006101474961900681,-0.23110597207460576,3.855588221660804e-06,0.03307499999999999,0.7170187499999999,-0.65795625,0.03833759999999999,-0.28369824,0.024919439999999998
1.0549675095826387,4.336808689942018e-18,3.209676042604869,-2.80353574275966,-0.006101474961900681,-0.23110597207460576,3.855588221660804e-06,0.02716875,0.7205625,-0.6496875,0.03833759999999999,-0.27986448,0.04121292
1.0670229084789753,4.336808689942018e-18,3.209676042604869,-2.80353574275966,-0.006101474961900681,-0.23110597207460576,3.855588221660804e-06,0.028349999999999997,0.7170187499999999,-0.66268125,-0.012459719999999999,-0.27890603999999997,0.03067008
1.0761063862591982,4.336808689942018e-18,3.209676042604869,-2.80353574275966,-0.006101474961900681,-0.23110597207460576,3.855588221660804e-06,0.02953125,0.72765,-0.6532312499999999,0.00862596,-0.29424108000000004,0.04504668
1.0837958045303822,4.336808689942018e-18,3.209676042604869,-2.80353574275966,-0.006101474961900681,-0.23110597207460576,3.855588221660804e-06,0.035437500000000004,0.7205625,-0.66031875,0.0287532,-0.27794759999999996,0.01629348
1.0941392444074154,4.336808689942018e-18,3.209676042604869,-2.80353574275966,-0.006101474961900681,-0.23110597207460576,3.855588221660804e-06,0.0307125,0.7182,-0.6591374999999999,0.03450384,-0.28082292000000003,0.03929604
1.1048996597528458,4.336808689942018e-18,3.209676042604869,-2.80353574275966,-0.006101474961900681,-0.23110597207460576,3.855588221660804e-06,0.02953125,0.7205625,-0.6591374999999999,0.02779476,-0.2827398,0.03162852
1.113981882110238,4.336808689942018e-18,3.209676042604869,-2.80353574275966,-0.006101474961900681,-0.23110597207460576,3.855588221660804e-06,0.034256249999999995,0.71938125,-0.6615,0.03258696,-0.27986448,0.02779476
1.1238547544926405,4.336808689942018e-18,3.209676042604869,-2.80353574275966,-0.006101474961900681,-0.23110597207460576,3.855588221660804e-06,0.02953125,0.7288312499999999,-0.6591374999999999,0.01821036,-0.28561512,0.03546228
1.134041242301464,4.336808689942018e-18,3.209676042604869,-2.80353574275966,-0.006101474961900681,-0.23110597207460576,3.855588221660804e-06,0.0378,0.72174375,-0.6532312499999999,0.02108568,-0.28657356,0.02971164
1.1449226457625628,4.336808689942018e-18,3.209676042604869,-2.80353574275966,-0.006101474961900681,-0.23110597207460576,3.855588221660804e-06,0.025987499999999997,0.7205625,-0.66268125,0.03258696,-0.27794759999999996,0.02971164
1.1579084284603596,4.336808689942018e-18,3.209676042604869,-2.80353574275966,-0.006101474961900681,-0.23110597207460576,3.855588221660804e-06,0.017718750000000002,0.7170187499999999,-0.666225,0.0527142,-0.26932164000000003,0.02683632
1.16501097753644,4.336808689942018e-18,3.209676042604869,-2.80353574275966,-0.006101474961900681,-0.23110597207460576,3.855588221660804e-06,0.028349999999999997,0.7170187499999999,-0.65559375,0.0527142,-0.26932164000000003,0.03450384
1.1785472948104143,4.336808689942018e-18,3.209676042604869,-2.80353574275966,-0.006101474961900681,-0.23110597207460576,3.855588221660804e-06,0.0307125,0.7300125,-0.6532312499999999,0.03067008,-0.28369824,0.0287532
1.1869836021214724,4.336808689942018e-18,3.209676042604869,-2.80353574275966,-0.006101474961900681,-0.23110597207460576,3.855588221660804e-06,0.0307125,0.7300125,-0.65559375,0.03737916,-0.28369824,0.02971164
1.1980475336313248,4.336808689942018e-18,3.209676042604869,-2.80353574275966,-0.006101474961900681,-0.23110597207460576,3.855588221660804e-06,0.02953125,0.71938125,-0.656775,0.0335454,-0.28369824,0.02012724
1.2085471414029598,4.336808689942018e-18,3.209676042604869,-2.80353574275966,-0.006101474961900681,-0.23110597207460576,3.855588221660804e-06,0.02953125,0.7205625,-0.66031875,0.0287532,-0.27698915999999996,0.02971164
1.218572597950697,4.336808689942018e-18,3.209676042604869,-2.80353574275966,-0.006101474961900681,-0.23110597207460576,3.855588221660804e-06,0.03189375,0.72174375,-0.66031875,0.03450384,-0.27986448,0.023961
1.2287039905786514,4.336808689942018e-18,3.209676042604869,-2.80353574275966,-0.006101474961900681,-0.23110597207460576,3.855588221660804e-06,0.03189375,0.72765,-0.666225,0.0287532,-0.27794759999999996,0.0335454
1.2403242625296116,4.336808689942018e-18,3.209676042604869,-2.80353574275966,-0.006101474961900681,-0.23110597207460576,3.855588221660804e-06,0.042525,0.72174375,-0.6532312499999999,0.03162852,-0.27698915999999996,0.03450384
1.2491137888282537,4.336808689942018e-18,3.209676042604869,-2.80353574275966,-0.006101474961900681,-0.23110597207460576,3.855588221660804e-06,0.03661875,0.7182,-0.6638625,0.03067008,-0.2827398,0.019168799999999996
1.2582684438675642,4.336808689942018e-18,3.209676042604869,-2.80353574275966,-0.006101474961900681,-0.23110597207460576,3.855588221660804e-06,0.03189375,0.7182,-0.656775,0.03067008,-0.2827398,0.0335454
1.271887755021453,4.336808689942018e-18,3.209676042604869,-2.80353574275966,-0.006101474961900681,-0.23110597207460576,3.855588221660804e-06,0.0307125,0.72765,-0.6638625,0.024919439999999998,-0.2827398,0.02683632
1.278115438297391,4.336808689942018e-18,3.209676042604869,-2.80353574275966,-0.006101474961900681,-0.23110597207460576,3.855588221660804e-06,0.0307125,0.7182,-0.65205,0.03642072,-0.2923242,0.02683632
1.2899147979915142,4.336808689942018e-18,3.209676042604869,-2.80353574275966,-0.006101474961900681,-0.23110597207460576,3.855588221660804e-06,0.0307125,0.7205625,-0.6544125,0.02683632,-0.27794759999999996,0.03067008
1.3002532664686441,4.336808689942018e-18,3.209676042604869,-2.80353574275966,-0.006101474961900681,-0.23110597207460576,3.855588221660804e-06,0.028349999999999997,0.72646875,-0.6591374999999999,0.04408824,-0.28082292000000003,0.01533504
1.3091521449387074,4.336808689942018e-18,3.209676042604869,-2.80353574275966,-0.006101474961900681,-0.23110597207460576,3.855588221660804e-06,0.03189375,0.71938125,-0.65205,0.03450384,-0.2923242,0.024919439999999998
1.3191525656729937,4.336808689942018e-18,3.209676042604869,-2.80353574275966,-0.006101474961900681,-0.23110597207460576,3.855588221660804e-06,0.034256249999999995,0.71938125,-0.66031875,0.0335454,-0.28178136000000004,0.04121292
1.329569449648261,4.336808689942018e-18,3.209676042604869,-2.80353574275966,-0.006101474961900681,-0.23110597207460576,3.855588221660804e-06,0.02953125,0.7182,-0.656775,0.024919439999999998,-0.28178136000000004,0.03546228
1.3399572055786848,4.336808689942018e-18,3.209676042604869,-2.80353574275966,-0.006101474961900681,-0.23110597207460576,3.855588221660804e-06,0.03307499999999999,0.72410625,-0.6532312499999999,0.03067008,-0.28082292000000003,0.03258696
1.350429330021143,4.336808689942018e-18,3.209676042604869,-2.80353574275966,-0.006101474961900681,-0.23110597207460576,3.855588221660804e-06,0.02953125,0.7158375,-0.65795625,0.03450384,-0.28561512,0.02779476
1.364003149792552,4.336808689942018e-18,3.209676042604869,-2.80353574275966,-0.006101474961900681,-0.23110597207460576,3.855588221660804e-06,0.034256249999999995,0.72174375,-0.65795625,0.0287532,-0.27986448,0.03642072
1.3709043823182583,4.336808689942018e-18,3.209676042604869,-2.80353574275966,-0.006101474961900681,-0.23110597207460576,3.855588221660804e-06,0.028349999999999997,0.73119375,-0.65795625,0.03450384,-0.287532,0.03162852
1.3833725936710835,4.336808689942018e-18,3.209676042604869,-2.80353574275966,-0.006101474961900681,-0.23110597207460576,3.855588221660804e-06,0.028349999999999997,0.7205625,-0.65205,0.02683632,-0.28082292000000003,0.02683632
1.3934044614434242,4.336808689942018e-18,3.209676042604869,-2.80353574275966,-0.006101474961900681,-0.23110597207460576,3.855588221660804e-06,0.023625,0.72410625,-0.656775,0.03162852,-0.287532,0.04025448
1.402966845780611,4.336808689942018e-18,3.209676042604869,-2.80353574275966,-0.006101474961900681,-0.23110597207460576,3.855588221660804e-06,0.02716875,0.72410625,-0.66031875,0.023961,-0.28178136000000004,0.04025448
1.4129591975361109,4.336808689942018e-18,3.209676042604869,-2.80353574275966,-0.006101474961900681,-0.23110597207460576,3.855588221660804e-06,0.028349999999999997,0.72410625,-0.6591374999999999,0.04025448,-0.27890603999999997,0.02971164
1.428190115839243,4.336808689942018e-18,3.209676042604869,-2.80353574275966,-0.006101474961900681,-0.23110597207460576,3.855588221660804e-06,0.035437500000000004,0.71938125,-0.6615,0.02779476,-0.28369824,0.02204412
1.432429850101471,4.336808689942018e-18,3.209676042604869,-2.80353574275966,-0.006101474961900681,-0.23110597207460576,3.855588221660804e-06,0.035437500000000004,0.71938125,-0.6615,0.02779476,-0.28369824,0.02204412
1.4441479053348303,4.336808689942018e-18,3.209676042604869,-2.80353574275966,-0.006101474961900681,-0.23110597207460576,3.855588221660804e-06,0.0307125,0.7288312499999999,-0.656775,0.02683632,-0.27890603999999997,0.02587788
1.4544398616999388,4.336808689942018e-18,3.209676042604869,-2.80353574275966,-0.006101474961900681,-0.23110597207460576,3.855588221660804e-06,0.02716875,0.7182,-0.6650437499999999,0.0287532,-0.27890603999999997,0.03546228
1.4649911373853683,4.336808689942018e-18,3.209676042604869,-2.80353574275966,-0.006101474961900681,-0.23110597207460576,3.855588221660804e-06,0.034256249999999995,0.72410625,-0.656775,0.023961,-0.27890603999999997,0.02587788
1.4739922005683184,4.336808689942018e-18,3.209676042604869,-2.80353574275966,-0.006101474961900681,-0.23110597207460576,3.855588221660804e-06,0.0307125,0.7182,-0.6591374999999999,0.02108568,-0.28369824,0.0335454
1.4838718827813864,4.336808689942018e-18,3.209676042604869,-2.80353574275966,-0.006101474961900681,-0.23110597207460576,3.855588221660804e-06,0.03189375,0.72410625,-0.6591374999999999,0.03067008,-0.2827398,0.02779476
1.497509216889739,4.336808689942018e-18,3.209676042604869,-2.80353574275966,-0.006101474961900681,-0.23110597207460576,3.855588221660804e-06,0.028349999999999997,0.72174375,-0.6591374999999999,0.024919439999999998,-0.28465668,0.02587788
1.5040476340800524,4.336808689942018e-18,3.209676042604869,-2.80353574275966,-0.006101474961900681,-0.23110597207460576,3.855588221660804e-06,0.03189375,0.7229249999999999,-0.65795625,0.03833759999999999,-0.28178136000000004,0.02587788
1.516942946240306,4.336808689942018e-18,3.209676042604869,-2.80353574275966,-0.006101474961900681,-0.23110597207460576,3.855588221660804e-06,0.0307125,0.7170187499999999,-0.6532312499999999,0.01533504,-0.27698915999999996,0.03162852
1.523636782541871,4.336808689942018e-18,3.209676042604869,-2.80353574275966,-0.006101474961900681,-0.23110597207460576,3.855588221660804e-06,0.034256249999999995,0.71938125,-0.65559375,0.02779476,-0.28178136000000004,0.03162852
1.533784905448556,4.336808689942018e-18,3.209676042604869,-2.80353574275966,-0.006101474961900681,-0.23110597207460576,3.855588221660804e-06,0.03189375,0.70993125,-0.65559375,0.01150128,-0.27794759999999996,-0.01054284
1.5438792537897825,4.336808689942018e-18,3.209676042604869,-2.80353574275966,-0.006101474961900681,-0.23110597207460576,3.855588221660804e-06,0.028349999999999997,0.7170187499999999,-0.6544125,0.04600512,-0.28082292000000003,0.04025448
1.5576981008052826,4.336808689942018e-18,3.209676042604869,-2.80353574275966,-0.006101474961900681,-0.23110597207460576,3.855588221660804e-06,0.043706249999999995,0.72410625,-0.65795625,0.03162852,-0.27890603999999997,0.02971164
1.5641865879297256,4.336808689942018e-18,3.209676042604869,-2.80353574275966,-0.006101474961900681,-0.23110597207460576,3.855588221660804e-06,0.02953125,0.7205625,-0.65795625,0.03162852,-0.28465668,0.03546228
1.5774534083902836,4.336808689942018e-18,3.209676042604869,-2.80353574275966,-0.006101474961900681,-0.23110597207460576,3.855588221660804e-06,0.03307499999999999,0.7158375,-0.6496875,0.01725192,-0.28082292000000003,0.02683632
1.5871237255632877,4.336808689942018e-18,3.209676042604869,-2.80353574275966,-0.006101474961900681,-0.23110597207460576,3.855588221660804e-06,0.02953125,0.7158375,-0.66268125,0.01725192,-0.2827398,0.0287532
1.5968854613602161,4.336808689942018e-18,3.209676042604869,-2.80353574275966,-0.006101474961900681,-0.23110597207460576,3.855588221660804e-06,0.034256249999999995,0.72174375,-0.66268125,0.03162852,-0.28561512,0.02971164
1.6084559056907892,4.336808689942018e-18,3.209676042604869,-2.80353574275966,-0.006101474961900681,-0.23110597207460576,3.855588221660804e-06,0.03189375,0.7182,-0.6591374999999999,0.0287532,-0.2827398,0.03258696
1.6181591227650642,4.336808689942018e-18,3.209676042604869,-2.80353574275966,-0.006101474961900681,-0.23110597207460576,3.855588221660804e-06,0.02953125,0.7170187499999999,-0.66268125,0.024919439999999998,-0.2827398,0.0335454
1.6289338823407888,4.336808689942018e-18,3.209676042604869,-2.80353574275966,-0.006101474961900681,-0.23110597207460576,3.855588221660804e-06,0.02953125,0.72410625,-0.65559375,0.03546228,-0.27890603999999997,0.03450384
1.6383510269224644,4.336808689942018e-18,3.209676042604869,-2.80353574275966,-0.006101474961900681,-0.23110597207460576,3.855588221660804e-06,0.028349999999999997,0.72174375,-0.65795625,0.0143766,-0.28082292000000003,0.03162852
1.6488776244223118,4.336808689942018e-18,3.209676042604869,-2.80353574275966,-0.006101474961900681,-0.23110597207460576,3.855588221660804e-06,0.025987499999999997,0.7205625,-0.65795625,0.04408824,-0.28369824,0.0287532
1.6575940325856209,4.336808689942018e-18,3.209676042604869,-2.80353574275966,-0.006101474961900681,-0.23110597207460576,3.855588221660804e-06,0.02716875,0.7205625,-0.66031875,0.04408824,-0.287532,0.02300256
1.6722934190183878,4.336808689942018e-18,3.209676042604869,-2.80353574275966,-0.006101474961900681,-0.23110597207460576,3.855588221660804e-06,0.0378,0.71229375,-0.65795625,0.02971164,-0.28082292000000003,0.023961
1.679018046706915,4.336808689942018e-18,3.209676042604869,-2.80353574275966,-0.006101474961900681,-0.23110597207460576,3.855588221660804e-06,0.028349999999999997,0.72646875,-0.66268125,0.02683632,-0.28465668,0.023961
1.6897131260484457,4.336808689942018e-18,3.209676042604869,-2.80353574275966,-0.006101474961900681,-0.23110597207460576,3.855588221660804e-06,0.03661875,0.7158375,-0.66031875,0.03546228,-0.27698915999999996,0.03833759999999999
1.7030103001743555,4.336808689942018e-18,3.209676042604869,-2.80353574275966,-0.006101474961900681,-0.23110597207460576,3.855588221660804e-06,0.038981249999999995,0.72410625,-0.656775,0.0287532,-0.27890603999999997,0.02971164
1.7138654459267855,4.336808689942018e-18,3.209676042604869,-2.80353574275966,-0.006101474961900681,-0.23110597207460576,3.855588221660804e-06,0.03307499999999999,0.7288312499999999,-0.65559375,0.03258696,-0.28849043999999996,0.0335454
1.7215775661170483,4.336808689942018e-18,3.209676042604869,-2.80353574275966,-0.006101474961900681,-0.23110597207460576,3.855588221660804e-06,0.03189375,0.7170187499999999,-0.65559375,0.03546228,-0.28082292000000003,0.03258696
1.7310784235596657,4.336808689942018e-18,3.209676042604869,-2.80353574275966,-0.006101474961900681,-0.23110597207460576,3.855588221660804e-06,0.02953125,0.7158375,-0.6615,0.03450384,-0.28082292000000003,0.02779476
1.7430319041013718,4.336808689942018e-18,3.209676042604869,-2.80353574275966,-0.006101474961900681,-0.23110597207460576,3.855588221660804e-06,0.03307499999999999,0.713475,-0.6544125,0.03162852,-0.28082292000000003,0.02587788
1.7528268583118916,2.4936649967166602e-18,3.2097342649395757,-2.803477520424953,-0.006086665407240064,-0.23104796384841927,3.854598576814223e-06,0.0307125,0.7300125,-0.66031875,0.03258696,-0.28561512,0.03067008
1.7655801586806774,2.4936649967166602e-18,3.2097342649395757,-2.803477520424953,-0.006086665407240064,-0.23104796384841927,3.854598576814223e-06,0.028349999999999997,0.7170187499999999,-0.6544125,0.02971164,-0.28657356,0.00575064
1.772929836064577,2.4936649967166602e-18,3.2097342649395757,-2.803477520424953,-0.006086665407240064,-0.23104796384841927,3.854598576814223e-06,0.02953125,0.7182,-0.6544125,0.02683632,-0.2827398,0.00575064
1.783222595229745,2.4936649967166602e-18,3.2097342649395757,-2.803477520424953,-0.006086665407240064,-0.23104796384841927,3.854598576814223e-06,0.025987499999999997,0.7205625,-0.66268125,0.00670908,-0.27794759999999996,0.03737916
1.7958045061677694,2.4936649967166602e-18,3.2097342649395757,-2.803477520424953,-0.006086665407240064,-0.23104796384841927,3.854598576814223e-06,0.03189375,0.7182,-0.656775,0.01054284,-0.28561512,0.04408824
1.803577221930027,2.4936649967166602e-18,3.2097342649395757,-2.803477520424953,-0.006086665407240064,-0.23104796384841927,3.854598576814223e-06,0.025987499999999997,0.7158375,-0.63196875,0.00095844,-0.2827398,0.03067008
1.8139354176819324,2.4936649967166602e-18,3.2097342649395757,-2.803477520424953,-0.006086665407240064,-0.23104796384841927,3.854598576814223e-06,0.025987499999999997,0.72765,-0.64378125,0.0670908,-0.27890603999999997,0.03450384
1.8241120483726263,2.4936649967166602e-18,3.2097342649395757,-2.803477520424953,-0.006086665407240064,-0.23104796384841927,3.854598576814223e-06,0.038981249999999995,0.7252875,-0.6615,0.01150128,-0.27603072,0.03067008
1.8349677380174398,2.4936649967166602e-18,3.2097342649395757,-2.803477520424953,-0.006086665407240064,-0.23104796384841927,3.854598576814223e-06,0.02716875,0.7170187499999999,-0.6615,0.00670908,-0.27507228,0.01629348
1.8464349620044231,2.4936649967166602e-18,3.2097342649395757,-2.803477520424953,-0.006086665407240064,-0.23104796384841927,3.854598576814223e-06,0.034256249999999995,0.71465625,-0.6615,0.03546228,-0.27794759999999996,0.02587788
1.8579424507915974,2.4936649967166602e-18,3.2097342649395757,-2.803477520424953,-0.006086665407240064,-0.23104796384841927,3.854598576814223e-06,0.03189375,0.72174375,-0.656775,0.023961,-0.27603072,0.03067008
1.8659921884536743,2.4936649967166602e-18,3.2097342649395757,-2.803477520424953,-0.006086665407240064,-0.23104796384841927,3.854598576814223e-06,0.02953125,0.7170187499999999,-0.66268125,0.023961,-0.28369824,0.023961
1.8779854383319616,2.4936649967166602e-18,3.2097342649395757,-2.803477520424953,-0.006086665407240064,-0.23104796384841927,3.854598576814223e-06,0.03307499999999999,0.71229375,-0.67213125,0.02683632,-0.27986448,0.02587788
1.8880227264016867,2.4936649967166602e-18,3.2097342649395757,-2.803477520424953,-0.006086665407240064,-0.23104796384841927,3.854598576814223e-06,0.02953125,0.7229249999999999,-0.6532312499999999,0.03067008,-0.29136576,0.02683632
1.896550990641117,2.4936649967166602e-18,3.2097342649395757,-2.803477520424953,-0.006086665407240064,-0.23104796384841927,3.854598576814223e-06,0.02953125,0.72410625,-0.65559375,0.023961,-0.28561512,0.023961
1.9071413781493902,2.4936649967166602e-18,3.2097342649395757,-2.803477520424953,-0.006086665407240064,-0.23104796384841927,3.854598576814223e-06,0.025987499999999997,0.7182,-0.65795625,0.02300256,-0.27986448,0.02971164
1.9178675897419453,2.4936649967166602e-18,3.2097342649395757,-2.803477520424953,-0.006086665407240064,-0.23104796384841927,3.854598576814223e-06,0.035437500000000004,0.7252875,-0.6638625,0.03450384,-0.27794759999999996,0.03258696
1.9270649906247854,2.4936649967166602e-18,3.2097342649395757,-2.803477520424953,-0.006086665407240064,-0.23104796384841927,3.854598576814223e-06,0.035437500000000004,0.72410625,-0.66031875,0.0335454,-0.27698915999999996,0.02971164
1.937968360260129,2.4936649967166602e-18,3.2097342649395757,-2.803477520424953,-0.006086665407240064,-0.23104796384841927,3.854598576814223e-06,0.02716875,0.72765,-0.65086875,0.023961,-0.27890603999999997,0.03450384
1.9484432209283113,2.4936649967166602e-18,3.2097342649395757,-2.803477520424953,-0.006086665407240064,-0.23104796384841927,3.854598576814223e-06,0.02716875,0.7252875,-0.65795625,0.024919439999999998,-0.28082292000000003,0.02683632
1.9587982520461082,2.4936649967166602e-18,3.2097342649395757,-2.803477520424953,-0.006086665407240064,-0.23104796384841927,3.854598576814223e-06,0.025987499999999997,0.7182,-0.6615,0.03162852,-0.28369824,0.03162852
1.96913006529212,2.4936649967166602e-18,3.2097342649395757,-2.803477520424953,-0.006086665407240064,-0.23104796384841927,3.854598576814223e-06,0.028349999999999997,0.7288312499999999,-0.65205,0.02204412,-0.27890603999999997,0.02683632
1.9799808617681265,2.4936649967166602e-18,3.2097342649395757,-2.803477520424953,-0.006086665407240064,-0.23104796384841927,3.854598576814223e-06,0.02716875,0.7229249999999999,-0.6532312499999999,0.04504668,-0.27794759999999996,0.0335454
1.9897243306040764,2.4936649967166602e-18,3.2097342649395757,-2.803477520424953,-0.006086665407240064,-0.23104796384841927,3.854598576814223e-06,0.03307499999999999,0.72410625,-0.6591374999999999,0.03258696,-0.28178136000000004,0.0287532
1.9999718219041824,2.4936649967166602e-18,3.2097342649395757,-2.803477520424953,-0.006086665407240064,-0.23104796384841927,3.854598576814223e-06,0.03661875,0.7182,-0.6544125,0.049838879999999995,-0.28178136000000004,0.043129799999999996
2.008702475577593,2.4936649967166602e-18,3.2097342649395757,-2.803477520424953,-0.006086665407240064,-0.23104796384841927,3.854598576814223e-06,0.0307125,0.72646875,-0.65795625,0.04408824,-0.27890603999999997,0.03737916
2.0189762618392706,2.4936649967166602e-18,3.2097342649395757,-2.803477520424953,-0.006086665407240064,-0.23104796384841927,3.854598576814223e-06,0.02953125,0.72765,-0.65795625,0.03642072,-0.28082292000000003,0.043129799999999996
2.0286506935954094,2.4936649967166602e-18,3.2097342649395757,-2.803477520424953,-0.006086665407240064,-0.23104796384841927,3.854598576814223e-06,0.038981249999999995,0.732375,-0.6591374999999999,0.02683632,-0.27698915999999996,0.0335454
2.0391612574458122,2.4936649967166602e-18,3.2097342649395757,-2.803477520424953,-0.006086665407240064,-0.23104796384841927,3.854598576814223e-06,0.02953125,0.72174375,-0.65205,0.03067008,-0.28657356,0.02779476
2.0489821266382933,2.4936649967166602e-18,3.2097342649395757,-2.803477520424953,-0.006086665407240064,-0.23104796384841927,3.854598576814223e-06,0.028349999999999997,0.713475,-0.64850625,0.02204412,-0.28178136000000004,0.03162852
2.059110766276717,2.4936649967166602e-18,3.2097342649395757,-2.803477520424953,-0.006086665407240064,-0.23104796384841927,3.854598576814223e-06,0.025987499999999997,0.72174375,-0.6615,0.024919439999999998,-0.27698915999999996,0.03258696
2.06981105171144,2.4936649967166602e-18,3.2097342649395757,-2.803477520424953,-0.006086665407240064,-0.23104796384841927,3.854598576814223e-06,0.02716875,0.7158375,-0.65795625,0.0287532,-0.2827398,0.03546228
2.080695351585746,2.4936649967166602e-18,3.2097342649395757,-2.803477520424953,-0.006086665407240064,-0.23104796384841927,3.854598576814223e-06,0.034256249999999995,0.7182,-0.656775,0.0287532,-0.27603072,0.03258696
2.0899013224989176,2.4936649967166602e-18,3.2097342649395757,-2.803477520424953,-0.006086665407240064,-0.23104796384841927,3.854598576814223e-06,0.04134375,0.713475,-0.6685875,0.03162852,-0.28082292000000003,0.02779476
2.1016635559499264,2.4936649967166602e-18,3.2097342649395757,-2.803477520424953,-0.006086665407240064,-0.23104796384841927,3.854598576814223e-06,0.0401625,0.7182,-0.66031875,0.03067008,-0.28465668,0.03162852
2.1127736140042543,2.4936649967166602e-18,3.2097342649395757,-2.803477520424953,-0.006086665407240064,-0.23104796384841927,3.854598576814223e-06,0.02953125,0.71938125,-0.6544125,0.03067008,-0.28849043999999996,0.09488556
2.1220402736216784,2.4936649967166602e-18,3.2097342649395757,-2.803477520424953,-0.006086665407240064,-0.23104796384841927,3.854598576814223e-06,0.03189375,0.7252875,-0.6532312499999999,0.02779476,-0.28657356,0.02108568
2.1339455265551805,2.4936649967166602e-18,3.2097342649395757,-2.803477520424953,-0.006086665407240064,-0.23104796384841927,3.854598576814223e-06,0.03307499999999999,0.71938125,-0.6615,0.03929604,-0.27986448,0.02587788
2.1437136400491,2.4936649967166602e-18,3.2097342649395757,-2.803477520424953,-0.006086665407240064,-0.23104796384841927,3.854598576814223e-06,0.023625,0.7288312499999999,-0.656775,0.01533504,-0.29903328,0.0287532
2.1540080700069666,2.4936649967166602e-18,3.2097342649395757,-2.803477520424953,-0.006086665407240064,-0.23104796384841927,3.854598576814223e-06,0.028349999999999997,0.7111124999999999,-0.6496875,0.02108568,-0.29903328,0.0287532
2.1628956608474255,2.4936649967166602e-18,3.2097342649395757,-2.803477520424953,-0.006086665407240064,-0.23104796384841927,3.854598576814223e-06,0.042525,0.7252875,-0.6496875,0.03450384,-0.287532,0.0287532
2.172833874821663,2.4936649967166602e-18,3.2097342649395757,-2.803477520424953,-0.006086665407240064,-0.23104796384841927,3.854598576814223e-06,0.042525,0.7205625,-0.6591374999999999,0.03929604,-0.28178136000000004,0.03929604
2.1844207495450974,2.4936649967166602e-18,3.2097342649395757,-2.803477520424953,-0.006086665407240064,-0.23104796384841927,3.854598576814223e-06,0.035437500000000004,0.7182,-0.66031875,0.02204412,-0.27986448,0.02779476
2.193453574553132,2.4936649967166602e-18,3.2097342649395757,-2.803477520424953,-0.006086665407240064,-0.23104796384841927,3.854598576814223e-06,0.02953125,0.7158375,-0.6638625,0.03258696,-0.28178136000000004,0.02779476
2.203816117718816,2.4936649967166602e-18,3.2097342649395757,-2.803477520424953,-0.006086665407240064,-0.23104796384841927,3.854598576814223e-06,0.02953125,0.7170187499999999,-0.66268125,0.02779476,-0.28369824,0.02587788
2.2141950260847807,2.4936649967166602e-18,3.2097342649395757,-2.803477520424953,-0.006086665407240064,-0.23104796384841927,3.854598576814223e-06,0.02480625,0.7229249999999999,-0.6615,0.03450384,-0.28465668,0.03067008
2.2238771859556437,2.4936649967166602e-18,3.2097342649395757,-2.803477520424953,-0.006086665407240064,-0.23104796384841927,3.854598576814223e-06,0.03307499999999999,0.71938125,-0.6638625,0.024919439999999998,-0.28465668,-0.01341816
2.2341192569583654,2.4936649967166602e-18,3.2097342649395757,-2.803477520424953,-0.006086665407240064,-0.23104796384841927,3.854598576814223e-06,0.02953125,0.7205625,-0.666225,0.03258696,-0.27794759999999996,0.03067008
2.24530565738678,2.4936649967166602e-18,3.2097342649395757,-2.803477520424953,-0.006086665407240064,-0.23104796384841927,3.854598576814223e-06,0.03307499999999999,0.7205625,-0.66031875,0.0335454,-0.27794759999999996,0.04025448
2.25365549325943,2.4936649967166602e-18,3.2097342649395757,-2.803477520424953,-0.006086665407240064,-0.23104796384841927,3.854598576814223e-06,0.0212625,0.72174375,-0.65795625,0.023961,-0.27986448,0.03833759999999999
2.2640709206461906,2.4936649967166602e-18,3.2097342649395757,-2.803477520424953,-0.006086665407240064,-0.23104796384841927,3.854598576814223e-06,0.03189375,0.7182,-0.65205,0.03450384,-0.27794759999999996,0.03546228
2.2758042979985476,2.4936649967166602e-18,3.2097342649395757,-2.803477520424953,-0.006086665407240064,-0.23104796384841927,3.854598576814223e-06,0.03189375,0.7182,-0.65795625,0.03067008,-0.28178136000000004,0.03162852
2.2838142421096563,2.4936649967166602e-18,3.2097342649395757,-2.803477520424953,-0.006086665407240064,-0.23104796384841927,3.854598576814223e-06,0.03307499999999999,0.713475,-0.6591374999999999,0.03450384,-0.27986448,0.024919439999999998
2.2943184301257133,2.4936649967166602e-18,3.2097342649395757,-2.803477520424953,-0.006086665407240064,-0.23104796384841927,3.854598576814223e-06,0.034256249999999995,0.7205625,-0.6532312499999999,0.0335454,-0.28465668,0.02108568
2.3041596990078688,2.4936649967166602e-18,3.2097342649395757,-2.803477520424953,-0.006086665407240064,-0.23104796384841927,3.854598576814223e-06,0.0307125,0.72410625,-0.656775,0.0335454,-0.28657356,0.02683632
2.3179534189403057,2.4936649967166602e-18,3.2097342649395757,-2.803477520424953,-0.006086665407240064,-0.23104796384841927,3.854598576814223e-06,0.03661875,0.72765,-0.66268125,0.024919439999999998,-0.28082292000000003,0.03162852
2.325606433674693,2.4936649967166602e-18,3.2097342649395757,-2.803477520424953,-0.006086665407240064,-0.23104796384841927,3.854598576814223e-06,0.03661875,0.72765,-0.6544125,0.01725192,-0.28082292000000003,0.0287532
2.3361982852220535,2.4936649967166602e-18,3.2097342649395757,-2.803477520424953,-0.006086665407240064,-0.23104796384841927,3.854598576814223e-06,0.0307125,0.72174375,-0.6685875,0.0335454,-0.25686192,0.02587788
2.3464521169662476,2.4936649967166602e-18,3.2097342649395757,-2.803477520424953,-0.006086665407240064,-0.23104796384841927,3.854598576814223e-06,0.02716875,0.71229375,-0.6615,0.02012724,-0.27890603999999997,0.01341816
2.3570936024188995,4.336808689942018e-18,3.209676042604869,-2.80353574275966,-0.006101474961900681,-0.23110597207460576,3.855588221660804e-06,0.02716875,0.7205625,-0.656775,0.03642072,-0.28082292000000003,0.00383376
2.3681713826954365,4.336808689942018e-18,3.209676042604869,-2.80353574275966,-0.006101474961900681,-0.23110597207460576,3.855588221660804e-06,0.028349999999999997,0.7111124999999999,-0.65795625,0.056547959999999994,-0.27698915999999996,0.02971164
2.378499759361148,4.336808689942018e-18,3.209676042604869,-2.80353574275966,-0.006101474961900681,-0.23110597207460576,3.855588221660804e-06,0.02244375,0.7205625,-0.6544125,0.02012724,-0.27698915999999996,0.0287532
2.3876075241714716,1.6263032587282567e-18,3.2096180518498536,-2.803593733514675,-0.00611628967139778,-0.23116374919483945,3.856573875599278e-06,0.034256249999999995,0.7158375,-0.65559375,0.02108568,-0.2731554,0.02300256
2.3981583826243877,1.6263032587282567e-18,3.2096180518498536,-2.803593733514675,-0.00611628967139778,-0.23116374919483945,3.856573875599278e-06,0.034256249999999995,0.72765,-0.656775,0.02587788,-0.26932164000000003,0.03258696
2.4085468221455812,-4.662069341687669e-18,3.209883870316528,-2.803327915047999,-0.0061602102110600715,-0.2313927574391869,3.860492368724958e-06,0.02716875,0.7182,-0.6615,0.02971164,-0.27028008,0.0287532
2.420046729966998,-2.8189256484623115e-18,3.209770437308321,-2.8034413480562064,-0.006189882985536403,-0.23150576649730895,3.8624197249412396e-06,0.034256249999999995,0.7252875,-0.6544125,0.03162852,-0.26932164000000003,0.02683632
2.4289914574474096,-2.168404344971009e-18,3.2094357076118705,-2.8037760777526564,-0.006279022403751449,-0.2318392357455092,3.8681058176377825e-06,0.03189375,0.7229249999999999,-0.65559375,0.03450384,-0.2827398,0.03162852
2.4392155185341835,-1.6263032587282567e-18,3.2092714782693887,-2.80394030709514,-0.006323659493214158,-0.23200284128788803,3.870894830652152e-06,0.025987499999999997,0.7158375,-0.6496875,0.03450384,-0.28465668,0.03067008
2.448897333815694,-1.0842021724855044e-18,3.2088964157670596,-2.8043153695974676,-0.006427984614128378,-0.23237646495029898,3.877262267913265e-06,0.035437500000000004,0.72174375,-0.6615,0.03162852,-0.2731554,0.03162852
2.4586344696581364,-3.3610267347050637e-18,3.208481745171645,-2.804730040192882,-0.0065475026628496,-0.23278951984872348,3.884298568081875e-06,0.0307125,0.72174375,-0.66031875,0.0335454,-0.27123852,0.03833759999999999
2.468699501827359,-6.7220534694101275e-18,3.208280006684981,-2.804931778679547,-0.006607375152559542,-0.23299046199424062,3.8877202756242625e-06,0.02953125,0.7229249999999999,-0.6638625,0.043129799999999996,-0.34887216000000004,0.03642072
2.4789348859339952,1.8431436932253575e-18,3.2068364828014086,-2.8058194922400492,-0.006742965399991744,-0.23338096581071024,3.894355039938953e-06,0.034256249999999995,0.72174375,-0.6615,0.02779476,-0.27794759999999996,0.03258696
2.488835046067834,4.0115480381963664e-18,3.206645962283071,-2.806010012758387,-0.006803081476601886,-0.23357071695313558,3.897583515613961e-06,0.034256249999999995,0.72174375,-0.6544125,0.00670908,-0.27411384,0.03162852
2.4990502893924713,4.336808689942018e-18,3.206413078194229,-2.8062428968472295,-0.006878326657088676,-0.2338026501969526,3.901528364039674e-06,0.028349999999999997,0.7170187499999999,-0.64850625,0.0287532,-0.28849043999999996,0.03162852
2.5091210175305605,2.2768245622195593e-18,3.206052648910872,-2.806603326130587,-0.006998945817050519,-0.23416158331718281,3.907630165750239e-06,0.028349999999999997,0.72410625,-0.6544125,0.0335454,-0.287532,0.03162852
2.5216576904058456,0.0,3.2058780643700473,-2.8067779106714106,-0.007059358056432928,-0.23433543142754706,3.910584060074374e-06,0.028349999999999997,0.72765,-0.6591374999999999,0.03162852,-0.29040731999999997,0.03642072
2.532840956002474,1.463672932855431e-18,3.2054989903729973,-2.8071569846684605,-0.007195529642230174,-0.23471287693097026,3.916993566894666e-06,0.03307499999999999,0.71938125,-0.66031875,0.07763364,-0.28561512,0.06996612
2.539753185585141,2.927345865710862e-18,3.2053768644907055,-2.8072791105507533,-0.007240993809874808,-0.23483446876094563,3.919057152884749e-06,0.028349999999999997,0.7158375,-0.656775,0.02971164,-0.287532,0.02012724
2.55198535323143,2.710505431213761e-19,3.2050615526038686,-2.8075944224375893,-0.007362407151748339,-0.23514837802003954,3.924381606985421e-06,0.034256249999999995,0.7111124999999999,-0.64850625,0.009584399999999998,-0.26740476,0.02204412
2.561496427282691,3.2526065174565133e-18,3.204909550728119,-2.8077464243133394,-0.007423207762179685,-0.23529969033663464,3.926946422360077e-06,0.03307499999999999,0.713475,-0.67921875,0.02204412,-0.28561512,0.02587788
2.5718919541686773,2.222614453595284e-18,3.204761321493625,-2.8078946535478337,-0.0074840697021950715,-0.23544723786320404,3.929446241555194e-06,0.0378,0.6969375,-0.67921875,0.00575064,-0.28369824,0.019168799999999996
2.5833457857370377,-4.553649124439119e-18,3.203456336266624,-2.808637815796289,-0.007606650348564826,-0.23569621443382127,3.933649540337977e-06,0.02953125,0.685125,-0.6532312499999999,0.02779476,-0.30190859999999997,0.03642072
2.5914259888231754,-9.703609443745265e-18,3.2023288367672555,-2.8091974802234616,-0.007653102147389929,-0.23576511459577146,3.934803437338859e-06,0.02953125,0.6945749999999999,-0.637875,0.03162852,-0.30190859999999997,0.03642072
2.6033906619995832,-6.938893903907228e-18,3.2000663673343763,-2.8103062455083507,-0.00774610359445326,-0.23590009435526005,3.93706294457059e-06,0.02716875,0.5717249999999999,-0.62724375,0.03067008,-0.30095015999999997,0.03450384
2.6121840085834265,-6.7220534694101275e-18,3.198372680590353,-2.8108221866219454,-0.007777351784284139,-0.23593317255761076,3.937610678104454e-06,0.017718750000000002,0.6685875,-0.6804,0.02587788,-0.27698915999999996,0.03450384
2.623729018494487,-3.74049749507499e-18,3.1940075023366825,-2.812759768107514,-0.00785647763877094,-0.23596555292273816,3.938113310786269e-06,0.0212625,0.65086875,-0.6638625,0.03258696,-0.27411384,0.02971164
2.6338958349078894,-4.933119884809045e-18,3.1917553100605294,-2.8137621189563804,-0.00791904569092586,-0.23603054838553963,3.9391902258812666e-06,0.03189375,0.64378125,-0.66976875,0.03737916,-0.263571,0.047922
2.6428832467645407,-1.0299920638612292e-18,3.1894903587301373,-2.814753206797774,-0.007981654846903552,-0.23609460768853782,3.940251521765606e-06,0.02244375,0.64378125,-0.65795625,0.03737916,-0.263571,0.02779476
2.6539114974439144,-2.2768245622195593e-18,3.182712107119119,-2.8175657870063953,-0.008123533180527978,-0.23618851729141888,3.941777734487187e-06,0.04843125,0.75954375,-0.6532312499999999,0.0335454,-0.28944887999999996,0.03546228
2.6634864788502455,-7.48099499014998e-18,3.17926214275036,-2.8189519029388364,-0.008202206864066284,-0.23625010799094412,3.942789416989156e-06,0.03661875,0.6118874999999999,-0.65559375,0.03162852,-0.27219696,0.02971164
2.67396168038249,-6.613633252161577e-18,3.172272898929685,-2.821651517289582,-0.008359652565603158,-0.2363704993389382,3.9447682786335555e-06,0.034256249999999995,0.68394375,-0.6591374999999999,0.02779476,-0.29328264000000004,0.0335454
2.6839498411864042,-8.51098705401121e-18,3.1675965362524776,-2.8233482390059286,-0.008438904256958932,-0.2363997049130665,3.945228574364193e-06,0.03189375,0.65086875,-0.656775,0.0335454,-0.2491944,0.03258696
2.694039197638631,-3.3610267347050637e-18,3.1580521252029867,-2.826645852375778,-0.00861281292466246,-0.23648647021939254,3.9466333302151625e-06,0.028349999999999997,0.6945749999999999,-0.66268125,0.02779476,-0.26932164000000003,0.03929604
2.7039383575320244,-3.3068166260807885e-18,3.1472720020823397,-2.8299405220188376,-0.00869383618180049,-0.23636804233706904,3.9445817980575895e-06,0.038981249999999995,0.64850625,-0.6532312499999999,0.047922,-0.27123852,0.0
2.7140543423593044,-1.8973538018496328e-18,3.1470966201342474,-2.83011590396693,-0.0087869861769187,-0.23654279535969056,3.9475276060868635e-06,0.03307499999999999,0.67213125,-0.65205,0.04217136,-0.2827398,0.04121292
2.723708402365446,-2.0057740190981832e-18,3.127162325838881,-2.8355477028203295,-0.008978182024215327,-0.2364256844353834,3.94548363961771e-06,0.03307499999999999,0.6414187499999999,-0.6615,0.02971164,-0.2923242,0.03162852
2.733955642208457,-6.505213034913027e-19,3.1194212343675676,-2.8374566161574135,-0.009072795695427481,-0.23642516894329516,3.945457611231178e-06,0.04134375,0.66976875,-0.66031875,0.03258696,-0.26740476,0.03929604
2.745384305715561,-5.421010862427522e-20,3.1113868992648497,-2.839444326166624,-0.009260819148078997,-0.23659669160709887,3.948335416409066e-06,0.02716875,0.64850625,-0.66740625,0.03450384,-0.25782036,0.03067008
2.7536044381558895,-4.716279450311944e-18,3.0952463568683224,-2.8428491559219395,-0.009480289566409476,-0.2366513363581172,3.949245294525754e-06,0.02244375,0.71229375,-0.6638625,0.03450384,-0.26069568,0.03833759999999999
2.763776494190097,-1.8973538018496328e-18,3.0869692192888962,-2.8444376644379417,-0.009605308885178153,-0.23670550706568178,3.950159229320937e-06,0.0212625,0.65559375,-0.6638625,0.0287532,-0.27794759999999996,0.03450384
2.7739025689661503,-8.51098705401121e-18,3.0672649821012805,-2.8477051365774955,-0.009854217483442337,-0.2367584480795792,3.9510742028432674e-06,0.02716875,0.71229375,-0.65795625,0.02587788,-0.28369824,0.0335454
2.7840816266834736,-8.294146619514109e-18,3.057170180943526,-2.849146601777721,-0.009978047129235248,-0.23678465052616599,3.951537046883025e-06,0.0307125,0.7063875,-0.6591374999999999,0.03067008,-0.26165412,0.02971164
2.7964627146720886,1.8973538018496328e-18,3.0364464187533935,-2.8516959052236794,-0.010255720303251222,-0.23688775418458272,3.95333426689399e-06,0.043706249999999995,0.685125,-0.656775,0.02204412,-0.25973724,0.049838879999999995
2.808026734739542,-6.342582709040201e-18,3.0258203820834573,-2.8528017096518115,-0.010409526757433282,-0.23696277481783362,3.954636177658016e-06,0.0378,0.69103125,-0.6591374999999999,0.01629348,-0.29424108000000004,0.02971164
2.81634902395308,1.951563910473908e-18,3.0134935267131087,-2.8538956115650898,-0.010577926383914232,-0.23703574072869504,3.9559168050081285e-06,0.03661875,0.69103125,-0.65559375,0.01629348,-0.29424108000000004,0.03067008
2.826245566830039,-5.2583805365546965e-18,2.9882457500958637,-2.855551691499596,-0.010896732277519017,-0.23715287556887063,3.958018805646353e-06,0.03661875,0.7394625,-0.6615,0.04217136,-0.26261256,0.02971164
2.8373675253242254,-4.9060148304969076e-18,2.975303075483533,-2.8561371327467926,-0.011062738447522273,-0.23722042135531915,3.959231905971461e-06,0.02953125,0.67921875,-0.66268125,0.02971164,-0.26165412,0.03450384
2.848385561257601,-2.8324781756183803e-18,2.948787862785186,-2.8568190629103167,-0.011407656582759008,-0.23736992893153472,3.96192116461719e-06,0.02716875,0.72410625,-0.6496875,0.01054284,-0.2683632,0.024919439999999998
2.8567597568035126,-4.5841423105402734e-18,2.9351803259588967,-2.8569522038881803,-0.011617744888877074,-0.23748872812156382,3.964009618453139e-06,0.02716875,0.7300125,-0.66268125,0.043129799999999996,-0.26261256,0.024919439999999998
2.868944076821208,-2.574980159653073e-18,2.9073991307981606,-2.8566734099185216,-0.012018676094310331,-0.237684735292342,3.967506343419535e-06,0.023625,0.69575625,-0.6544125,0.03162852,-0.2971164,0.02204412
2.8793165255337954,-3.2526065174565133e-19,2.8914485205554166,-2.856191356068189,-0.01222341467915878,-0.2377646414717369,3.968978582231585e-06,0.0307125,0.6166125,-0.64614375,0.02204412,-0.2491944,0.06613235999999999
2.8869314417243004,-5.041540102057596e-18,2.877083000625334,-2.8555591843645978,-0.012381516857432311,-0.23781007605820786,3.969871640608945e-06,0.02953125,0.6166125,-0.656775,0.02204412,-0.2491944,0.03162852
2.8989392183721066,-1.8431436932253575e-18,2.8458822253059126,-2.853672910265087,-0.012738217953702651,-0.23792062884241158,3.972020598063297e-06,0.03307499999999999,0.6768562499999999,-0.6260625,0.03258696,-0.2683632,0.023961
2.908942138776183,-1.8431436932253575e-18,2.8288386155416796,-2.852532388537407,-0.012922865337038215,-0.2379818345321367,3.973189253813523e-06,0.0401625,0.7371,-0.5894437499999999,0.0287532,-0.27603072,0.019168799999999996
2.9180588740855455,-7.589415207398531e-19,2.794320399920392,-2.8493032875194038,-0.013282336828722546,-0.23806844091152118,3.9750061910239526e-06,0.035437500000000004,0.6780375,-0.5882624999999999,0.03642072,-0.3402462,0.03162852
2.928334802389145,-9.75781955236954e-19,2.7781962553205966,-2.848063177398197,-0.013451330643703109,-0.23812238043973805,3.976015040687989e-06,0.034256249999999995,0.6307875,-0.5729062500000001,0.023961,-0.28944887999999996,0.03162852
2.940891996026039,-2.168404344971009e-19,2.7437009118561253,-2.8444653191221403,-0.01373163002659637,-0.23816948785681147,3.977149492940799e-06,0.02716875,0.6496875,-0.5528249999999999,0.019168799999999996,-0.31724364,0.03162852
2.9488149881362915,-5.095750210681871e-18,2.723914801571832,-2.843429922660785,-0.01387206833701374,-0.23820610494577193,3.9778206138232936e-06,0.034256249999999995,0.685125,-0.69575625,0.02587788,-0.34503839999999997,0.03162852
2.9599356949329376,-4.336808689942018e-19,2.7043206969920344,-2.8417515686162096,-0.013960439297910281,-0.23821244622712412,3.97808664359564e-06,0.02716875,0.70756875,-0.46186875,0.03546228,-0.29136576,0.01629348
2.969235934317112,1.0842021724855044e-18,2.6650581967241633,-2.8371232246165197,-0.01410971474263645,-0.23820505578532705,3.9784242645976095e-06,0.02953125,0.67449375,-0.61425,0.03067008,-0.33641244000000003,0.03546228
2.9797427505254745,3.686287386450715e-18,2.6449506189899035,-2.837150682720093,-0.01419984265182301,-0.23823381956042694,3.978850301136455e-06,0.02716875,0.6815812499999999,-0.53274375,0.04121292,-0.32874492,0.02108568
2.9899994898587465,-2.168404344971009e-19,2.6037311195408748,-2.8319091022775353,-0.014253945572196046,-0.23819689687120865,3.978778413021449e-06,0.028349999999999997,0.63196875,-0.5740875,0.0287532,-0.32491116,0.03546228
3.0029184333980083,1.3010426069826053e-18,2.5612864432680746,-2.8288565473449028,-0.014255291639252168,-0.23815849942720238,3.9784497340922665e-06,0.02480625,0.63669375,-0.6307875,0.03929604,-0.30957612,0.03258696
3.0127283949404955,4.7704895589362195e-18,2.5357787122938573,-2.8296460242040946,-0.014277412325641491,-0.23817923329986523,3.978705678590774e-06,0.025987499999999997,0.63433125,-0.5941687499999999,0.03642072,-0.29519952,0.02971164
3.0199242420494556,6.5052130349130266e-18,2.4923569985378204,-2.8251935977937936,-0.014222117285608925,-0.23808413730490313,3.977578588139709e-06,0.02953125,0.63669375,-0.5941687499999999,0.03546228,-0.36708252,0.02779476
3.029042162001133,5.421010862427522e-18,2.4676563803920444,-2.8268326049352606,-0.014207236617003923,-0.2381018564028677,3.977723329825677e-06,0.02953125,0.60834375,-0.52093125,0.019168799999999996,-0.287532,0.024919439999999998
3.043403884395957,-4.9873299934333204e-18,2.4217687350737767,-2.8225911195150637,-0.014154823253302362,-0.23798976770019203,3.976265848560941e-06,0.035437500000000004,0.581175,-0.5953499999999999,0.03737916,-0.287532,0.03162852
3.053430514410138,1.0842021724855044e-18,2.3928990173080806,-2.824307372753606,-0.014155134948737345,-0.2380228920519315,3.976661576121008e-06,0.03661875,0.6296062499999999,-0.54455625,0.03642072,-0.26261256,0.009584399999999998
3.0627674236893654,8.456776945386935e-18,2.3688466161311177,-2.823868524222113,-0.014136497564289582,-0.23800065005770105,3.976336170240911e-06,0.038981249999999995,0.6355124999999999,-0.67921875,0.0335454,-0.27219696,0.03162852
3.0708595793694258,-1.734723475976807e-18,2.3201638524116004,-2.8194059151718385,-0.014068398401269562,-0.23784814636096666,3.974202096772606e-06,0.035437500000000004,0.61425,-0.67921875,0.02587788,-0.28561512,0.04217136
3.0811751782894135,-6.505213034913027e-19,2.29151453103268,-2.8225307506880606,-0.014080529181646264,-0.23792820688681673,3.9752620681525175e-06,0.0307125,0.4984875,-0.63196875,0.03258696,-0.27986448,0.03162852
3.092933578416705,4.553649124439119e-18,2.243546626815498,-2.8184694462278164,-0.0140457301165852,-0.2378045442581152,3.973557780375042e-06,0.02716875,0.5079374999999999,-0.64378125,0.024919439999999998,-0.26740476,0.03258696
3.103575810790062,-4.336808689942018e-19,2.210976941980924,-2.8212023692756123,-0.014069056081490674,-0.23788912688695177,3.974729742987229e-06,0.0212625,0.58708125,-0.5729062500000001,0.02779476,-0.27890603999999997,0.03737916
3.1141513381153345,1.6479873021779667e-17,2.1605953979424077,-2.817535919226852,-0.01403784238604219,-0.23777444745905685,3.973135335639839e-06,0.0307125,0.5551875000000001,-0.7725374999999999,0.023961,-0.28178136000000004,0.02971164
3.123912014067173,6.071532165918825e-18,2.1268657176086503,-2.820302674918652,-0.014061336995523182,-0.23786188408674225,3.9743549856431454e-06,0.02953125,0.52093125,-0.6355124999999999,0.071883,-0.30957612,0.03258696
3.1330948248505592,1.0842021724855044e-18,2.099006634036897,-2.820302674918653,-0.014061336995523187,-0.2378618840867423,3.974354985643146e-06,0.02480625,0.5457375,-0.6024375,0.071883,-0.30957612,0.03067008
3.1439042575657368,3.686287386450715e-18,2.046057320497232,-2.816591122085968,-0.014029898503442812,-0.23774339956274998,3.9726969984023834e-06,0.0307125,0.5020312499999999,-0.6969375,0.02300256,-0.287532,0.02204412
3.15371360629797,3.0357660829594124e-18,2.0140016889978267,-2.8198485970608846,-0.014057456358337845,-0.23784790588705507,3.974161645357112e-06,0.02953125,0.5303812499999999,-0.68985,0.02779476,-0.27507228,0.03546228
3.164237953722477,6.5052130349130266e-18,1.959213243183799,-2.8161144983922908,-0.014025905515043065,-0.23772751899178954,3.972471870640748e-06,0.03307499999999999,0.44296874999999997,-0.57999375,0.0335454,-0.28369824,0.03162852
3.1739736683666706,3.903127820947816e-18,1.92247892503071,-2.8193916993547528,-0.014053561663520921,-0.23783368983953776,3.97396433091821e-06,0.025987499999999997,0.49966875,-0.789075,0.00095844,-0.28465668,0.03162852
3.184158146381378,5.854691731421724e-18,1.865809632244636,-2.8156350585843506,-0.01402189850056258,-0.23771140069338592,3.97224277041602e-06,0.03661875,0.49258124999999997,-0.6827624999999999,-0.004792199999999999,-0.2731554,0.0287532
3.1959424428641796,8.673617379884035e-18,1.8318493538655423,-2.8189319822571584,-0.014049652914967122,-0.23781923595840648,3.973763042523757e-06,0.034256249999999995,0.43115624999999996,-0.63669375,0.03929604,-0.27794759999999996,0.03162852
3.204516150057316,7.15573433840433e-18,1.8008883507412092,-2.818931982257159,-0.014049652914967124,-0.23781923595840654,3.973763042523758e-06,0.0401625,0.50085,-0.6685875,0.04121292,-0.28561512,0.0287532
3.217856241390109,4.9873299934333204e-18,1.7345795400311483,-2.818469446227817,-0.0140457301165852,-0.23780454425811529,3.973557780375043e-06,0.0378,0.44769375,-0.6945749999999999,0.03450384,-0.2827398,0.03162852
3.2240258641541004,5.421010862427522e-18,1.674335306612275,-2.8146677325462526,-0.014013842409401497,-0.2376784509789603,3.971772653497663e-06,0.03661875,0.47604375,-0.6307875,0.05846484,-0.28178136000000004,0.03162852
3.2340290509164333,4.336808689942018e-19,1.6459528704302597,-2.814667732546253,-0.014013842409401499,-0.23767845097896034,3.971772653497664e-06,0.02953125,0.38390624999999995,-0.6213375,0.02012724,-0.28944887999999996,0.02204412
3.2441717218607664,1.0842021724855044e-17,1.5764585226732934,-2.8184694462278164,-0.0140457301165852,-0.2378045442581152,3.973557780375042e-06,0.02480625,0.42524999999999996,-0.69575625,0.03258696,-0.27698915999999996,0.02108568
3.2539626378566027,1.452830911130576e-17,1.543189239190099,-2.8184694462278164,-0.0140457301165852,-0.2378045442581152,3.973557780375042e-06,0.028349999999999997,0.45005625,-0.6177937499999999,0.03546228,-0.26452943999999995,0.019168799999999996
3.264574896544218,1.1492543028346347e-17,1.4801049842547838,-2.814179847283422,-0.01400979334077699,-0.2376616195958879,3.97153163727415e-06,0.023625,0.38508749999999997,-0.6213375,0.0335454,-0.29136576,0.02779476
3.27392896451056,2.168404344971009e-17,1.4421804813160801,-2.8180040917292617,-0.014041793272297935,-0.2377896147533554,3.973348544677322e-06,0.02716875,0.37327499999999997,-0.72174375,0.03450384,-0.28369824,0.02971164
3.2842919137328863,4.553649124439119e-18,1.3808457068572342,-2.814667732546253,-0.014013842409401499,-0.23767845097896034,3.971772653497664e-06,0.0378,0.3945375,-0.7052062499999999,0.02971164,-0.27603072,0.024919439999999998
3.297455810010433,8.890457814381136e-18,1.3426311623061746,-2.8180040917292626,-0.014041793272297938,-0.23778961475335547,3.973348544677324e-06,0.0307125,0.3024,-0.61425,0.049838879999999995,-0.28178136000000004,0.02300256
3.3080129977315664,1.4094628242311558e-17,1.3114288867096389,-2.8184694462278164,-0.0140457301165852,-0.23780454425811523,3.973557780375042e-06,0.028349999999999997,0.38390624999999995,-0.69103125,0.02012724,-0.27698915999999996,0.02683632
3.3162811901420355,1.8431436932253575e-17,1.2448845705415748,-2.8184694462278164,-0.0140457301165852,-0.2378045442581152,3.973557780375042e-06,0.0307125,0.3945375,-0.6414187499999999,0.03450384,-0.28082292000000003,0.02300256
3.3255381025373936,7.589415207398531e-18,1.2090194863933648,-2.818469446227816,-0.014045730116585196,-0.2378045442581152,3.973557780375041e-06,0.02953125,0.316575,-0.6177937499999999,0.03162852,-0.27890603999999997,0.04217136
3.33920780941844,1.2576745200831851e-17,1.144881246179792,-2.814667732546254,-0.014013842409401504,-0.23767845097896037,3.9717726534976645e-06,0.03189375,0.31539375,-0.74773125,0.04025448,-0.27794759999999996,0.03258696
3.348984654992819,1.1492543028346347e-17,1.109068403560555,-2.818469446227817,-0.0140457301165852,-0.23780454425811529,3.973557780375043e-06,0.028349999999999997,0.28822499999999995,-0.5953499999999999,0.03642072,-0.27794759999999996,0.01821036
3.3587012868374586,8.239936510889834e-18,1.0431437538984292,-2.815152803141587,-0.014017877464008385,-0.23769504468365762,3.972009697957302e-06,0.0212625,0.28350000000000003,-0.685125,0.02779476,-0.2827398,0.02779476
3.367453007027507,1.691355389077387e-17,1.0067539330486426,-2.818931982257159,-0.014049652914967124,-0.23781923595840654,3.973763042523758e-06,0.028349999999999997,0.326025,-0.7796249999999999,0.02683632,-0.24056844,0.02779476
3.377858478575945,2.168404344971009e-17,0.9739558334700322,-2.8189319822571584,-0.014049652914967122,-0.23781923595840648,3.973763042523757e-06,0.034256249999999995,0.24688125,-0.6000749999999999,0.02779476,-0.287532,0.03833759999999999
3.3877838645130396,4.9873299934333204e-18,0.9073297653728645,-2.8194059151718385,-0.014068398401269562,-0.23784814636096663,3.974202096772605e-06,0.03661875,0.31066875,-0.6815812499999999,0.024919439999999998,-0.2827398,0.03737916
3.3980684392154217,8.456776945386935e-18,0.8735223113521928,-2.819862575030019,-0.014072297208701061,-0.23786212409966948,3.974395298162614e-06,0.0307125,0.33429375,-0.7666312499999999,-0.00287532,-0.27698915999999996,0.0335454
3.408445818349719,3.0357660829594124e-17,0.809535251061972,-2.8166067646838977,-0.014044710254059654,-0.23775928562513768,3.972959437413091e-06,0.02244375,0.22325625,-0.6248812499999999,0.04600512,-0.27603072,0.03067008
3.418699000030756,1.452830911130576e-17,0.7763378695054344,-2.8207674347055205,-0.01408005260225952,-0.23788936597719082,3.97476977759385e-06,0.028349999999999997,0.20789999999999997,-0.7583624999999999,0.03642072,-0.28849043999999996,0.03546228
3.432664716616273,2.7755575615628914e-17,0.7113001132206485,-2.8175510862912017,-0.014052662524997999,-0.23778985706879477,3.973389551271007e-06,0.02953125,0.278775,-0.5894437499999999,0.0335454,-0.28561512,0.03546228
3.4433699622750282,1.431146867680866e-17,0.6777259165637348,-2.8216610113150433,-0.014087751674917407,-0.2379156562977895,3.975128357985064e-06,0.038981249999999995,0.22798125,-0.72174375,0.02971164,-0.30095015999999997,0.0287532
3.4499698895961046,1.2576745200831851e-17,0.6080453224974176,-2.822103567351329,-0.01409158008127599,-0.2379284445912312,3.9753016855899525e-06,0.038981249999999995,0.20908125,-0.732375,0.02108568,-0.30095015999999997,0.0287532
3.4590838495641947,2.168404344971009e-18,0.5458482381171181,-2.8194059151718394,-0.014068398401269564,-0.23784814636096666,3.974202096772606e-06,0.03189375,0.165375,-0.6024375,0.004792199999999999,-0.27219696,0.02204412
3.47077907808125,2.0166160408230382e-17,0.511695951030225,-2.823414301084081,-0.01410298073457175,-0.23796538185138072,3.975797815973746e-06,0.035437500000000004,0.1724625,-0.71938125,0.05463108,-0.2827398,0.03450384
3.48024276830256,3.0791341698588326e-17,0.48100072125084403,-2.823845566079925,-0.014106752751076273,-0.23797721835699714,3.975955241406796e-06,0.0307125,0.18309375,-0.70284375,0.03737916,-0.27028008,0.08913491999999999
3.4904958494007587,1.951563910473908e-17,0.41884011293342027,-2.8251224162845343,-0.014117984143999458,-0.2380112999648355,3.976403661417349e-06,0.02480625,0.12166874999999999,-0.6426,0.03258696,-0.27890603999999997,0.019168799999999996
3.500078594312072,1.3444106938820255e-17,0.3877918980833628,-2.825553029614029,-0.01413658948154391,-0.2380330654620112,3.97672123761474e-06,0.034256249999999995,0.18781875,-0.7961624999999999,0.0335454,-0.27219696,0.03258696
3.511058196425438,1.3227266504323154e-17,0.3283260556473906,-2.823437735192625,-0.01413271759256057,-0.2379892904437508,3.97618697538866e-06,0.02953125,0.15238125,-0.6166125,0.03258696,-0.2731554,0.03450384
3.5217997301369905,3.859759734048396e-17,0.2939880619901736,-2.8268144104273047,-0.014177456335253658,-0.2380831920426959,3.977424678381969e-06,0.025987499999999997,0.07914375,-0.6874874999999999,0.03546228,-0.28944887999999996,0.0287532
3.5324317924678326,1.2576745200831851e-17,0.2429419829656525,-2.8260091808859893,-0.014199837312538882,-0.23808366282187432,3.977501338455729e-06,0.023625,0.057881249999999995,-0.7347374999999999,0.03737916,-0.28465668,0.03162852
3.542588759213686,1.452830911130576e-17,0.20845771698096782,-2.829235020174551,-0.014229093435226487,-0.23815072243249383,3.978293835576504e-06,0.02953125,0.08741249999999999,-0.6355124999999999,0.03162852,-0.27123852,0.0335454
3.552740139886737,2.0816681711721685e-17,0.15244140327005717,-2.8276610094282395,-0.014244361689004188,-0.23813585519932612,3.97819515489046e-06,0.02480625,0.05551875,-0.79261875,0.043129799999999996,-0.27986448,0.03737916
3.564230179414153,6.5052130349130266e-18,0.11811996701745975,-2.8304171109461183,-0.014284578119734373,-0.23819170868918974,3.978831354628617e-06,0.0189,0.0637875,-0.6166125,0.03546228,-0.28369824,0.02587788
3.573862550780177,2.6237692574149207e-17,0.08606718732861429,-2.830798408883881,-0.014288139591427277,-0.23819758909946187,3.978888224444094e-06,0.02953125,0.1299375,-0.5906250000000001,0.02012724,-0.263571,0.03067008
3.5839173812419176,1.0408340855860843e-17,0.024331710061600953,-2.8288770460595614,-0.014299975019410218,-0.23817970222361853,3.978780464290927e-06,0.0307125,0.061425,-0.6496875,0.02779476,-0.2731554,0.02971164
3.593896636739373,4.0332320816460765e-17,-0.005380308969248793,-2.831943593689438,-0.014358415250025076,-0.23823300511084922,3.9793194696227034e-06,0.03661875,0.028349999999999997,-0.6296062499999999,0.02587788,-0.25590348,0.02971164
3.6041826214641333,1.6263032587282567e-17,-0.0627659891398269,-2.8304614402564128,-0.014418642181061911,-0.2382381502364095,3.979527286182876e-06,0.034256249999999995,0.035437500000000004,-0.6650437499999999,0.0335454,-0.2683632,0.0335454
3.6165916305035353,8.023096076392733e-18,-0.09761741784370614,-2.833061533955233,-0.014488206860007152,-0.23826545223001042,3.9796537696013024e-06,0.03189375,0.06260625,-0.6780375,0.02683632,-0.27028008,0.04600512
3.624150078743696,2.992397996059992e-17,-0.16021760630944426,-2.830864789922283,-0.014570905590003708,-0.23826846446247626,3.97988857060662e-06,0.03189375,0.06260625,-0.6827624999999999,0.03258696,-0.27986448,0.03258696
3.637442246079445,8.673617379884035e-18,-0.19495931389138788,-2.833063232693173,-0.014651846178114665,-0.23826976314482498,3.979599207964868e-06,0.02953125,-0.0023625,-0.60361875,0.03450384,-0.2683632,0.03067008
3.643989223986864,9.540979117872439e-18,-0.25521627766709387,-2.833411729922041,-0.014714801020365542,-0.23826195000641107,3.9793738054435955e-06,0.02953125,-0.007087499999999999,-0.8209687499999999,0.024919439999999998,-0.26452943999999995,0.03067008
3.6537675261497498,4.7488055154865094e-17,-0.31324894872882525,-2.831223975932809,-0.014811695709462025,-0.23825872312583068,3.979488426756139e-06,0.028349999999999997,-0.042525,-0.6449625,0.03833759999999999,-0.28849043999999996,0.03067008
3.6653458140790462,2.7538735181131813e-17,-0.34620819187974505,-2.8312068322353783,-0.014885613334836876,-0.23824282420578888,3.9791554582346586e-06,0.02953125,-0.10749375,-0.64614375,0.02683632,-0.28465668,0.02779476
3.6748213097453117,1.734723475976807e-17,-0.3758597797374821,-2.83330970998434,-0.015025705566895555,-0.2381651004520012,3.977456396684766e-06,0.035437500000000004,-0.03189375,-0.67213125,0.02300256,-0.29519952,0.02683632
3.6846052408218384,3.642919299551295e-17,-0.4345068476094258,-2.8311343324558806,-0.015077336403384633,-0.23817361408081142,3.977808778627786e-06,0.02953125,-0.04134375,-0.7052062499999999,0.03162852,-0.2444022,0.03067008
3.693676197901368,1.1709383462843448e-17,-0.4694970345650016,-2.8328259419094715,-0.015243010176905717,-0.23804243903942912,3.9752076525816625e-06,0.028349999999999997,-0.0732375,-0.72174375,0.03162852,-0.26165412,0.02683632
3.7049757950007915,4.206704429243757e-17,-0.52327697477096,-2.830919780560784,-0.015400192461733138,-0.2379648031539413,3.9739477528666695e-06,0.0307125,-0.10394999999999999,-0.6059812499999999,0.03162852,-0.27603072,0.06804924
3.7140161022543907,3.447762908503904e-17,-0.5581442386965592,-2.8322642602674266,-0.015488482694217147,-0.23784510564212424,3.971647164770992e-06,0.02953125,-0.08741249999999999,-0.5882624999999999,0.0287532,-0.27603072,0.04408824
3.728077022358775,3.0574501264091225e-17,-0.6174931076625944,-2.829942934611866,-0.01565496876567936,-0.2377411421037587,3.969966559874103e-06,0.035437500000000004,-0.09568125,-0.6248812499999999,0.03162852,-0.28465668,0.02587788
3.736399630084634,3.7513395167998453e-17,-0.6472539328677023,-2.8315829063590656,-0.01577610682525954,-0.23753166352891641,3.966048304085776e-06,0.0307125,-0.08623125,-0.8209687499999999,0.03450384,-0.28369824,0.02587788
3.745436290279031,4.0115480381963664e-17,-0.6806076895578673,-2.8311196181558453,-0.015859271843053864,-0.23743513003453184,3.964356417705706e-06,0.023625,-0.13348125,-0.6024375,0.02587788,-0.2827398,0.02779476
3.755412705242634,2.0599841277224584e-17,-0.7403912719294019,-2.828705092856519,-0.0160376980391336,-0.23726959819674387,3.961603418892434e-06,0.028349999999999997,-0.12166874999999999,-0.67449375,0.04408824,-0.28465668,0.023961
3.767887059599161,4.098284211995207e-17,-0.7699963018963263,-2.8299542705063865,-0.016154502719422748,-0.2370137167094624,3.9569276789951265e-06,0.03189375,-0.14765625000000002,-0.6756749999999999,0.03642072,-0.29040731999999997,0.03450384
3.7779516987502575,2.8406096919120216e-17,-0.8300776486871196,-2.8274724663023387,-0.01633067339074267,-0.23681220605567793,3.9535555676733954e-06,0.02716875,-0.1299375,-0.5882624999999999,0.04121292,-0.25494503999999996,0.0335454
3.7885043062269688,8.239936510889834e-18,-0.8597867535855508,-2.8286634242177486,-0.016461339192619266,-0.23647770222346623,3.947510660632372e-06,0.03189375,-0.1701,-0.6615,0.03929604,-0.27698915999999996,0.024919439999999998
3.7979126777499914,4.206704429243757e-17,-0.914387592776422,-2.826081018182649,-0.016649213580938675,-0.2362071937584666,3.9429380696616555e-06,0.016537499999999997,-0.24688125,-0.69575625,0.01821036,-0.28369824,0.02779476
3.8083668425679207,3.426078865054194e-17,-0.949592795639038,-2.8268841466182923,-0.01677501861551219,-0.23584744678497438,3.936501760754992e-06,0.02953125,-0.26105625,-0.62251875,0.0335454,-0.31820208,0.024919439999999998
3.818538211286068,2.5370330836160804e-17,-0.9779952483733387,-2.8265665260074915,-0.016901791064826144,-0.2355326328771321,3.930964837018174e-06,0.02953125,-0.22325625,-0.5847187500000001,0.03067008,-0.28178136000000004,0.02971164
3.8280495144426823,8.673617379884035e-19,-1.0383253512429553,-2.823550806235842,-0.017067329725634482,-0.2352768229714872,3.9267060365783e-06,0.034256249999999995,-0.2149875,-0.8339624999999999,0.02108568,-0.27507228,-0.00575064
3.8394396789371967,5.442694905877232e-17,-1.0683078476560364,-2.8246678769378892,-0.017196490380943466,-0.2348063757233083,3.918313024500043e-06,0.0307125,-0.18309375,-0.62724375,0.03546228,-0.28944887999999996,0.04217136
3.8479599859565496,2.667137344314341e-17,-1.1233489138017214,-2.8218470876656,-0.017391221297446833,-0.23439155670308004,3.911244112973362e-06,0.03307499999999999,-0.23743124999999998,-0.62724375,0.03162852,-0.29328264000000004,0.03833759999999999
3.8591049425303936,3.382710778154774e-17,-1.1534655452443752,-2.822968735944686,-0.017505831056412187,-0.23390468855787364,3.902578732700381e-06,0.03307499999999999,-0.250425,-0.6248812499999999,0.02300256,-0.28944887999999996,0.03258696
3.868452614173293,3.447762908503904e-17,-1.2141806148897742,-2.8197489488183516,-0.017679020151466888,-0.23353616605514038,3.896368595254455e-06,0.034256249999999995,-0.16419375,-0.6118874999999999,0.02300256,-0.27028008,0.0335454
3.8822351545095444,1.0408340855860843e-17,-1.2440037886546327,-2.8204461361110567,-0.01780198775974554,-0.2330007687852155,3.8868991386451215e-06,0.035437500000000004,-0.16419375,-0.6827624999999999,0.02779476,-0.28944887999999996,0.02971164
3.889038100838661,3.8163916471489756e-17,-1.2724028298178338,-2.8196797798255244,-0.0179057835958964,-0.232646378137351,3.8807380349042116e-06,0.035437500000000004,-0.27404999999999996,-0.6248812499999999,0.02012724,-0.28369824,0.02779476
3.8991931788623333,1.734723475976807e-17,-1.3278634386971886,-2.8166942783783835,-0.018078998945469812,-0.23217566485424376,3.872722612837558e-06,0.02953125,-0.29413124999999996,-0.69103125,0.02971164,-0.27411384,0.0287532
3.909350773319602,5.0306980803327406e-17,-1.3578017360122983,-2.817353323965445,-0.018200660166878643,-0.23157116570931996,3.862059887069385e-06,0.03307499999999999,-0.21616875,-0.7158375,0.02300256,-0.28369824,0.03929604
3.919097613543272,1.5829351718288365e-17,-1.4133950712924,-2.8142794225403946,-0.018370398820801905,-0.2310587845245333,3.853328271048281e-06,0.03189375,-0.36028125,-0.6071624999999999,0.02683632,-0.27507228,0.03258696
3.9289233423769474,3.707971429900425e-17,-1.4658395024319621,-2.8138033985390596,-0.018475961493561403,-0.2305856995970426,3.845073669454656e-06,0.0307125,-0.42406875,-0.75009375,0.02971164,-0.32203584,0.02108568
3.9393466655164957,3.0791341698588326e-17,-1.4936094365987733,-2.812125626665594,-0.01866233423217414,-0.22978622425238487,3.83120230163822e-06,0.02953125,-0.32366249999999996,-0.54455625,0.02300256,-0.27698915999999996,0.004792199999999999
3.9484806451946497,2.1250362580715887e-17,-1.5509422824970631,-2.810464908990282,-0.01883374740075904,-0.2290138541196864,3.8178109855832275e-06,0.03307499999999999,-0.2102625,-0.8008875,0.023961,-0.2827398,0.02108568
3.959777930751443,5.312590645178972e-17,-1.5816078052349969,-2.8115860490309057,-0.018849350039408682,-0.22881427430648132,3.8142246694449585e-06,0.034256249999999995,-0.35555624999999996,-0.6296062499999999,0.04121292,-0.29328264000000004,0.03067008
3.9691954534500837,3.838075690598686e-17,-1.6315513393537975,-2.80827270266245,-0.019092770412868602,-0.2277231232428262,3.7953970990038814e-06,0.0378,-0.34728749999999997,-0.7855312499999999,0.019168799999999996,-0.28082292000000003,0.02204412
3.9811226706951857,2.927345865710862e-17,-1.656165652154065,-2.809186439548096,-0.019215827578998347,-0.22686349093155442,3.7802832867646376e-06,0.034256249999999995,-0.326025,-0.67213125,0.06038171999999999,-0.29040731999999997,0.02587788
3.991346698254347,1.7780915628762273e-17,-1.6850078800632504,-2.8083770490975906,-0.019286534833031867,-0.22649669981582385,3.7739341889149797e-06,0.034256249999999995,-0.29649375,-0.7583624999999999,0.06517392,-0.28465668,0.03642072
4.00280331261456,3.664603343001005e-17,-1.7351529111303678,-2.8050788936019027,-0.01943006613929029,-0.22589981894931807,3.7637648700840444e-06,0.02953125,-0.35319375,-0.713475,-0.00095844,-0.287532,0.03929604
4.01192981377244,7.155734338404329e-17,-1.7599676151012993,-2.8061129947475436,-0.019526859938526372,-0.22512882715782964,3.750202349007061e-06,0.03307499999999999,-0.35319375,-0.6426,0.02587788,-0.287532,0.0287532
4.021855786442757,3.3176586478056436e-17,-1.8102530648662913,-2.8028314688169456,-0.01965490364461532,-0.22457927276877693,3.740862874695677e-06,0.02953125,-0.3969,-0.5894437499999999,0.03067008,-0.30382548,0.02683632
4.033144066110253,5.594483210025203e-17,-1.8406108195029895,-2.8033947744786984,-0.019757811787801623,-0.2237704423227831,3.726683827172674e-06,0.0307125,-0.36500625,-0.6815812499999999,0.03258696,-0.27986448,0.02971164
4.042684145271778,3.144186300207963e-17,-1.8910300202445067,-2.8001238127328403,-0.019870501497141695,-0.22327759515526163,3.7183367218918814e-06,0.028349999999999997,-0.30830625,-0.6780375,0.03258696,-0.27698915999999996,0.02587788
4.053915258497,4.7704895589362195e-17,-1.9159278274964997,-2.8011354305398473,-0.01996610266737569,-0.22243257559147628,3.7034954445181184e-06,0.028349999999999997,-0.44415,-0.6496875,0.02108568,-0.28465668,0.03162852
4.062890358269215,2.688821387764051e-17,-1.9382322321354883,-2.7995394824310855,-0.020129038903567938,-0.2213033699990666,3.6839047067891903e-06,0.03189375,-0.44415,-0.7902562499999999,0.02108568,-0.29519952,0.03642072
4.0738785322755575,1.9081958235744878e-17,-1.985073893922697,-2.7985394786555315,-0.02020689494667855,-0.2207698017933157,3.6746693232716455e-06,0.02716875,-0.44060625,-0.6296062499999999,0.024919439999999998,-0.31820208,0.04121292
4.083572782576084,4.8138576458356397e-17,-2.013795595374806,-2.797333507143638,-0.02025468972185638,-0.22050067165830015,3.6700676088673635e-06,0.0307125,-0.50439375,-0.8292375,0.02971164,-0.31820208,0.03162852
4.094391409307718,1.7780915628762273e-17,-2.0588818917348406,-2.7944950943057987,-0.02034315632899731,-0.2200484378196177,3.662399450606018e-06,0.03307499999999999,-0.429975,-0.61425,0.05846484,-0.30190859999999997,0.0335454
4.102800685912371,3.71881345162528e-17,-2.0835571468740173,-2.7951901484055215,-0.02041966186029231,-0.21930874205397188,3.6494341194569327e-06,0.03307499999999999,-0.3969,-0.8398687499999999,0.00766752,-0.30190859999999997,0.0335454
4.114053135737777,4.618701254788249e-17,-2.128767432637414,-2.7924062576163644,-0.02049456888808188,-0.2189364218182546,3.64315735007767e-06,0.0307125,-0.458325,-0.5599124999999999,0.03162852,-0.30574236,0.01821036
4.123492682352662,1.8973538018496328e-17,-2.1531805815447336,-2.792806198916385,-0.0205530323716207,-0.21836728623568677,3.633194667598256e-06,0.034256249999999995,-0.47368125,-0.6992999999999999,0.04025448,-0.26644632,0.03833759999999999
4.1339326817542315,2.2876665839444144e-17,-2.17604394857564,-2.7916461243437594,-0.020639227285805365,-0.2176948028368908,3.621553308971565e-06,0.03307499999999999,-0.4961249999999999,-0.609525,0.03642072,-0.29615796,0.03737916
4.144969934597611,1.702197410802242e-17,-2.2225547560153593,-2.790080884243524,-0.02066671795771324,-0.21759910994340692,3.6200072157668334e-06,0.034256249999999995,-0.44769375,-0.5929875,0.03258696,-0.31053456,0.03737916
4.1550409104675055,2.0708261494473135e-17,-2.240299179816876,-2.7897872607496765,-0.020700999950817145,-0.2173067998350499,3.6149308955286293e-06,0.034256249999999995,-0.44769375,-0.7784437499999999,0.02587788,-0.31053456,0.03546228
4.16647507622838,4.824699667560495e-17,-2.2858282749220153,-2.787191160013219,-0.020738067703642667,-0.2172111278021111,3.6134650710834847e-06,0.02480625,-0.429975,-0.6945749999999999,0.02779476,-0.27219696,0.08721804000000001
4.176935302093625,3.5670251474773096e-17,-2.3043956784640742,-2.7877031771741834,-0.02078460569175903,-0.21671763712520592,3.6048171000760856e-06,0.02716875,-0.45123749999999996,-0.8575875,0.04217136,-0.27698915999999996,0.02971164
4.1844404228031635,3.458604930228759e-17,-2.3495128603725823,-2.7846518380294327,-0.020814207599450248,-0.21672029616372449,3.6051006996166155e-06,0.02716875,-0.45123749999999996,-0.6496875,0.024919439999999998,-0.26069568,0.02204412
4.194181188941002,4.705437428587089e-17,-2.390122919192112,-2.7830914908399174,-0.02082849932867392,-0.2167216329688378,3.6052443780058666e-06,0.02716875,-0.48903749999999996,-0.5740875,0.03162852,-0.28465668,0.02779476
4.203959245234728,4.038653092508504e-17,-2.4078203027097147,-2.782709828185371,-0.020924215382430215,-0.21582086470751752,3.5895642497594605e-06,0.02953125,-0.45714374999999996,-0.74536875,0.03162852,-0.30286704,0.03258696
4.214126052334905,3.008661028647275e-17,-2.447378495383288,-2.780070739953115,-0.02094685604223212,-0.2158231125294124,3.5898059997693666e-06,0.04134375,-0.5941687499999999,-0.7784437499999999,0.03067008,-0.27411384,0.02971164
4.224772430956364,2.200930410145574e-17,-2.4654681552987934,-2.7800707399531155,-0.020946856042232124,-0.2158231125294124,3.5898059997693666e-06,0.038981249999999995,-0.5599124999999999,-0.6815812499999999,0.03067008,-0.27123852,0.02683632
4.23392634652555,1.7997756063259374e-17,-2.4821032709808386,-2.7786133642985162,-0.02105015386638808,-0.2149057741103311,3.5739216452813715e-06,0.035437500000000004,-0.56818125,-0.7394625,0.03067008,-0.31724364,0.02587788
4.244626769796014,4.141652298894627e-17,-2.51633476903793,-2.776652036772122,-0.02104514118935175,-0.21511305106447848,3.577684876171542e-06,0.03189375,-0.64850625,-0.6992999999999999,0.03258696,-0.29807484,0.0335454
4.25423339009285,4.8734887653223424e-17,-2.533438419383624,-2.77565567860616,-0.021042472158058677,-0.2152163684323567,3.579561734176916e-06,0.035437500000000004,-0.59653125,-0.68630625,0.03258696,-0.30382548,0.0287532
4.264270288869739,5.0550926292136644e-17,-2.567159258422975,-2.773170123680679,-0.02102990037333608,-0.21552457686463425,3.5851228177592145e-06,0.03307499999999999,-0.54455625,-0.66740625,0.023961,-0.27698915999999996,0.02587788
4.277744214981794,7.966175462337244e-17,-2.5786635233691526,-2.77260387818173,-0.021033813485136645,-0.21552503479440951,3.5851732517814265e-06,0.0307125,-0.5244749999999999,-0.69811875,0.05367264,-0.28465668,0.01150128
4.286347966641188,4.9412514011026865e-17,-2.600141036021151,-2.7699380909451228,-0.021031245665761596,-0.2157301997171741,3.5889494732161233e-06,0.02716875,-0.5764499999999999,-0.69811875,0.05367264,-0.26452943999999995,0.06038171999999999
4.298626434057951,4.2026386710969366e-17,-2.611048014308236,-2.7687723763618948,-0.021038626404880176,-0.21573112093135713,3.5890521089084017e-06,0.028349999999999997,-0.5929875,-0.63669375,0.02683632,-0.30574236,0.0335454
4.308765437453985,3.426078865054194e-17,-2.6219454103708575,-2.7675964486569664,-0.02104585257153941,-0.2157320440652113,3.5891552924286125e-06,0.0307125,-0.6000749999999999,-0.64850625,0.03162852,-0.29615796,0.03258696
4.318550182506442,3.419980227833963e-17,-2.644116274079852,-2.765618965314593,-0.021017053127100654,-0.2161370347075233,3.5963625244267784e-06,0.028349999999999997,-0.52801875,-0.6414187499999999,0.04121292,-0.29040731999999997,0.03258696
4.328511433675885,4.439469083149239e-17,-2.6551858634023158,-2.764613627946595,-0.02100252727013706,-0.21633823361127755,3.599944569499912e-06,0.03189375,-0.6426,-0.6685875,0.02300256,-0.28082292000000003,0.024919439999999998
4.339290762320161,6.682073514299725e-17,-2.6717703196733047,-2.763084888568069,-0.020980580979558985,-0.21663840918045496,3.605290633133966e-06,0.02953125,-0.6260625,-0.6615,0.03450384,-0.28465668,0.02587788
4.352756077423692,5.1953612852789766e-17,-2.682813274217073,-2.7620519127097927,-0.020965845201098454,-0.21683744320158832,3.6088366521159995e-06,0.025987499999999997,-0.63433125,-0.64850625,0.02108568,-0.28369824,0.02683632
4.35880027897656,4.649872067247207e-17,-2.6938454975113224,-2.761007888647548,-0.020951025556895795,-0.21703560987340295,3.6123682357889998e-06,0.025987499999999997,-0.63433125,-0.65795625,0.02587788,-0.28369824,0.03642072
4.369059579446912,4.560425388017153e-17,-2.704866945427173,-2.75995282055743,-0.020936122106229568,-0.2172329084032325,3.615885370026637e-06,0.034256249999999995,-0.51384375,-0.65795625,0.0,-0.27698915999999996,0.03642072
4.377803526818752,3.802839119992907e-17,-2.710373614839706,-2.7594211463190286,-0.02092863897208884,-0.21733123186814404,3.6176385142085197e-06,0.034256249999999995,-0.51384375,-0.65559375,0.0,-0.27411384,0.0287532
4.388941025361419,1.7211709488207383e-17,-2.7268773388238503,-2.7578095692188187,-0.020906064024296546,-0.2176248978836367,3.6228762339795523e-06,0.03189375,-0.52093125,-0.66268125,0.03833759999999999,-0.28178136000000004,0.03642072
4.39972242154181,3.6456298049825087e-17,-2.737866196263132,-2.7567213945433267,-0.020890909513262026,-0.2178195872662538,3.62634993573138e-06,0.038981249999999995,-0.505575,-0.656775,0.0335454,-0.28465668,0.012459719999999999
4.40999910980463,6.638027801042501e-17,-2.7488441022412786,-2.755622192985932,-0.02087567143622803,-0.21801340537097738,3.6298091321210648e-06,0.03189375,-0.5032125,-0.6532312499999999,0.0287532,-0.28657356,0.0287532
4.419821266084909,6.638027801042501e-17,-2.7488441022412786,-2.755622192985932,-0.02087567143622803,-0.21801340537097738,3.6298091321210648e-06,0.02953125,-0.6260625,-0.65559375,0.02683632,-0.28178136000000004,0.02971164
4.42909711971879,3.529078071440317e-17,-2.765290331174249,-2.7539527248763394,-0.020852657767852494,-0.21830249718705805,3.6349706988994937e-06,0.02953125,-0.59653125,-0.656775,0.02683632,-0.2827398,0.02971164
4.440760428085923,4.607859233063394e-17,-2.770766884211714,-2.7533907268567446,-0.020844944828304793,-0.21839842464914322,3.6366839535249584e-06,0.03189375,-0.562275,-0.6615,0.01725192,-0.27507228,0.03258696
4.448925998061895,5.038829596626382e-17,-2.7817116725129036,-2.752258471210813,-0.020829456420321947,-0.2185896242825089,3.6400995510398883e-06,0.0378,-0.5351062499999999,-0.65795625,0.0143766,-0.27794759999999996,0.02971164
4.459247667342424,5.908901840045999e-18,-2.7926453339711115,-2.7511152065346662,-0.02081388469215191,-0.21877994955783392,3.643500588194233e-06,0.02953125,-0.53274375,-0.66268125,0.04025448,-0.28561512,0.00095844
4.468608766794205,4.5211230592645535e-17,-2.7981079784652825,-2.750539447237623,-0.02080606760244834,-0.218874784073188,3.6451956423826144e-06,0.0307125,-0.66268125,-0.65086875,0.03546228,-0.28465668,0.04696356
4.478829234838486,4.6783323742749516e-17,-2.8090248676705425,-2.7493796776043924,-0.02079037101088954,-0.21906379638510678,3.648574813506525e-06,0.03189375,-0.5528249999999999,-0.65086875,0.04121292,-0.28082292000000003,0.024919439999999998
4.4894674345850945,4.6783323742749516e-17,-2.8090248676705425,-2.7493796776043924,-0.02079037101088954,-0.21906379638510678,3.648574813506525e-06,0.0307125,-0.505575,-0.6638625,0.03450384,-0.27698915999999996,0.04025448
4.500859873369336,7.117787262367337e-17,-2.8144791014647415,-2.7487956684279737,-0.020782491524730894,-0.2191579739926591,3.650258927062881e-06,0.035437500000000004,-0.6296062499999999,-0.65559375,0.03162852,-0.28369824,0.02683632
4.511965394020081,2.2442984970449942e-17,-2.819930520780076,-2.7482089104561167,-0.02077459125548514,-0.21925193244229707,3.6519393903688092e-06,0.02953125,-0.6355124999999999,-0.6544125,0.03450384,-0.27890603999999997,0.02683632
4.519617345184088,4.7379634937616544e-17,-2.830824894171287,-2.7470271504758634,-0.020758728399354134,-0.2194391914922149,3.655289359511165e-06,0.02953125,-0.5421937499999999,-0.656775,0.02971164,-0.27698915999999996,0.03546228
4.531820246949792,3.122502256758253e-17,-2.8362678373527914,-2.7464321496492277,-0.020750765828331748,-0.2195324919052359,3.656958861997626e-06,0.0307125,-0.4465125,-0.6496875,0.03450384,-0.27794759999999996,0.03162852
4.54312120936811,5.084908188957016e-17,-2.841614863276375,-2.7457413214003505,-0.02075335503241203,-0.2195329631027011,3.6570157932242955e-06,0.035437500000000004,-0.63196875,-0.6615,0.02779476,-0.28465668,0.03162852
4.553320521488786,5.084908188957016e-17,-2.841614863276375,-2.7457413214003505,-0.02075335503241203,-0.2195329631027011,3.6570157932242955e-06,0.034256249999999995,-0.6059812499999999,-0.6615,0.03737916,-0.28657356,0.03067008
4.562885105609894,3.892285799222961e-17,-2.8470523481083188,-2.7451410479333687,-0.02074534688653598,-0.21962604420251844,3.658681769301629e-06,0.0307125,-0.656775,-0.656775,0.03546228,-0.29136576,0.03162852
4.573365734890103,3.892285799222961e-17,-2.8470523481083188,-2.7451410479333687,-0.02074534688653598,-0.21962604420251844,3.658681769301629e-06,0.02480625,-0.5894437499999999,-0.6544125,0.03450384,-0.27698915999999996,0.0287532
4.581983054056764,3.6917083973131426e-17,-2.8579187711812404,-2.7439322661799683,-0.020729268364983486,-0.21981154743133785,3.662002743774159e-06,0.02953125,-0.48549375,-0.6544125,0.02300256,-0.27890603999999997,0.03067008
4.597675580531359,3.6917083973131426e-17,-2.8579187711812404,-2.7439322661799683,-0.020729268364983486,-0.21981154743133785,3.662002743774159e-06,0.02953125,-0.5977125,-0.6615,0.056547959999999994,-0.27986448,0.03067008
4.607454122975469,3.6917083973131426e-17,-2.8579187711812404,-2.7439322661799683,-0.020729268364983486,-0.21981154743133785,3.662002743774159e-06,0.03307499999999999,-0.5977125,-0.6650437499999999,0.03929604,-0.287532,0.03162852
4.6139509584754705,3.6917083973131426e-17,-2.8579187711812404,-2.7439322661799683,-0.020729268364983486,-0.21981154743133785,3.662002743774159e-06,0.028349999999999997,-0.5941687499999999,-0.6650437499999999,0.01725192,-0.28657356,0.02587788
4.624905381351709,3.6917083973131426e-17,-2.8579187711812404,-2.7439322661799683,-0.020729268364983486,-0.21981154743133785,3.662002743774159e-06,0.035437500000000004,-0.5977125,-0.66031875,0.01821036,-0.28944887999999996,0.06325704
4.636304432526231,3.6917083973131426e-17,-2.8579187711812404,-2.7439322661799683,-0.020729268364983486,-0.21981154743133785,3.662002743774159e-06,0.035437500000000004,-0.5941687499999999,-0.65086875,0.01725192,-0.27603072,0.06900768
4.6468812227249146,3.6917083973131426e-17,-2.8579187711812404,-2.7439322661799683,-0.020729268364983486,-0.21981154743133785,3.662002743774159e-06,0.0378,-0.59180625,-0.66031875,0.02204412,-0.27411384,0.02204412
4.656970610842109,3.6917083973131426e-17,-2.8579187711812404,-2.7439322661799683,-0.020729268364983486,-0.21981154743133785,3.662002743774159e-06,0.03307499999999999,-0.6024375,-0.6532312499999999,0.03737916,-0.27986448,0.02683632
4.664119876921177,4.8138576458356397e-17,-2.8524869858881545,-2.7445380293255686,-0.020737317994716835,-0.21971890567635124,3.660344086705689e-06,0.02953125,-0.59889375,-0.6591374999999999,0.02779476,-0.27794759999999996,0.024919439999999998
4.675251362845302,4.8138576458356397e-17,-2.8524869858881545,-2.7445380293255686,-0.020737317994716835,-0.21971890567635124,3.660344086705689e-06,0.03189375,-0.6000749999999999,-0.66268125,0.02779476,-0.28082292000000003,0.019168799999999996
4.684232797473669,4.8138576458356397e-17,-2.8524869858881545,-2.7445380293255686,-0.020737317994716835,-0.21971890567635124,3.660344086705689e-06,0.02716875,-0.59889375,-0.6685875,0.03162852,-0.28369824,0.03067008
4.693747330456972,4.8138576458356397e-17,-2.8524869858881545,-2.7445380293255686,-0.020737317994716835,-0.21971890567635124,3.660344086705689e-06,0.034256249999999995,-0.59653125,-0.66031875,0.02683632,-0.2827398,0.03258696
4.70424641482532,4.8138576458356397e-17,-2.8524869858881545,-2.7445380293255686,-0.020737317994716835,-0.21971890567635124,3.660344086705689e-06,0.028349999999999997,-0.5953499999999999,-0.6591374999999999,0.02971164,-0.2827398,0.03546228
4.714220840483904,4.8138576458356397e-17,-2.8524869858881545,-2.7445380293255686,-0.020737317994716835,-0.21971890567635124,3.660344086705689e-06,0.0307125,-0.5953499999999999,-0.656775,0.03737916,-0.28369824,0.03258696
4.724220426753163,4.8138576458356397e-17,-2.8524869858881545,-2.7445380293255686,-0.020737317994716835,-0.21971890567635124,3.660344086705689e-06,0.03307499999999999,-0.5941687499999999,-0.656775,0.03067008,-0.28369824,0.03258696
4.734661789610982,4.8138576458356397e-17,-2.8524869858881545,-2.7445380293255686,-0.020737317994716835,-0.21971890567635124,3.660344086705689e-06,0.035437500000000004,-0.6024375,-0.6544125,0.03833759999999999,-0.29519952,0.03162852
4.744877917692065,4.8138576458356397e-17,-2.8524869858881545,-2.7445380293255686,-0.020737317994716835,-0.21971890567635124,3.660344086705689e-06,0.03189375,-0.5929875,-0.65205,0.03929604,-0.27986448,0.03833759999999999
4.758004689589143,4.8138576458356397e-17,-2.8524869858881545,-2.7445380293255686,-0.020737317994716835,-0.21971890567635124,3.660344086705689e-06,0.0401625,-0.5941687499999999,-0.66268125,0.02971164,-0.2971164,0.03642072
4.768753286451101,4.8138576458356397e-17,-2.8524869858881545,-2.7445380293255686,-0.020737317994716835,-0.21971890567635124,3.660344086705689e-06,0.0307125,-0.5977125,-0.6638625,0.01533504,-0.28944887999999996,0.03450384
4.778782069683075,4.8138576458356397e-17,-2.8524869858881545,-2.7445380293255686,-0.020737317994716835,-0.21971890567635124,3.660344086705689e-06,0.03189375,-0.5953499999999999,-0.6532312499999999,0.04504668,-0.28082292000000003,0.0335454
4.788913074880838,4.8138576458356397e-17,-2.8524869858881545,-2.7445380293255686,-0.020737317994716835,-0.21971890567635124,3.660344086705689e-06,0.0307125,-0.5977125,-0.65795625,0.03067008,-0.28561512,0.03450384
4.798814745619893,4.8138576458356397e-17,-2.8524869858881545,-2.7445380293255686,-0.020737317994716835,-0.21971890567635124,3.660344086705689e-06,0.025987499999999997,-0.6024375,-0.6827624999999999,0.00670908,-0.28561512,0.0287532
4.80897644162178,4.8138576458356397e-17,-2.8524869858881545,-2.7445380293255686,-0.020737317994716835,-0.21971890567635124,3.660344086705689e-06,0.028349999999999997,-0.5977125,-0.6496875,0.07379988,-0.28465668,0.00383376
4.817975074052811,4.8138576458356397e-17,-2.8524869858881545,-2.7445380293255686,-0.020737317994716835,-0.21971890567635124,3.660344086705689e-06,0.0307125,-0.5977125,-0.65795625,0.07379988,-0.28465668,0.02683632
4.829046607017517,4.8138576458356397e-17,-2.8524869858881545,-2.7445380293255686,-0.020737317994716835,-0.21971890567635124,3.660344086705689e-06,0.0378,-0.5953499999999999,-0.6650437499999999,0.043129799999999996,-0.27698915999999996,0.03450384
4.839112250134349,4.8138576458356397e-17,-2.8524869858881545,-2.7445380293255686,-0.020737317994716835,-0.21971890567635124,3.660344086705689e-06,0.034256249999999995,-0.59180625,-0.65086875,0.02779476,-0.2827398,0.03067008
4.849289786070585,4.8138576458356397e-17,-2.8524869858881545,-2.7445380293255686,-0.020737317994716835,-0.21971890567635124,3.660344086705689e-06,0.0378,-0.5941687499999999,-0.66268125,0.02683632,-0.28849043999999996,0.07763364
4.863138437271118,4.8138576458356397e-17,-2.8524869858881545,-2.7445380293255686,-0.020737317994716835,-0.21971890567635124,3.660344086705689e-06,0.02716875,-0.5941687499999999,-0.65086875,0.02971164,-0.28082292000000003,0.02779476
4.8690338134765625,4.8138576458356397e-17,-2.8524869858881545,-2.7445380293255686,-0.020737317994716835,-0.21971890567635124,3.660344086705689e-06,0.02716875,-0.5941687499999999,-0.65086875,0.02779476,-0.28082292000000003,0.03450384
4.8827151115983725,4.8138576458356397e-17,-2.8524869858881545,-2.7445380293255686,-0.020737317994716835,-0.21971890567635124,3.660344086705689e-06,0.035437500000000004,-0.6000749999999999,-0.65559375,0.03833759999999999,-0.28369824,0.03642072
4.892983408644795,4.8138576458356397e-17,-2.8524869858881545,-2.7445380293255686,-0.020737317994716835,-0.21971890567635124,3.660344086705689e-06,0.042525,-0.5929875,-0.65205,0.0335454,-0.28178136000000004,0.02587788
4.898703029379249,4.8138576458356397e-17,-2.8524869858881545,-2.7445380293255686,-0.020737317994716835,-0.21971890567635124,3.660344086705689e-06,0.03307499999999999,-0.5941687499999999,-0.6615,0.0335454,-0.28178136000000004,0.03067008
4.909002272412181,4.8138576458356397e-17,-2.8524869858881545,-2.7445380293255686,-0.020737317994716835,-0.21971890567635124,3.660344086705689e-06,0.03307499999999999,-0.5929875,-0.6638625,0.03067008,-0.27890603999999997,0.03450384
4.920321833342314,4.8138576458356397e-17,-2.8524869858881545,-2.7445380293255686,-0.020737317994716835,-0.21971890567635124,3.660344086705689e-06,0.03307499999999999,-0.6024375,-0.65086875,0.02587788,-0.27986448,0.0335454
4.9288276340812445,4.8138576458356397e-17,-2.8524869858881545,-2.7445380293255686,-0.020737317994716835,-0.21971890567635124,3.660344086705689e-06,0.03307499999999999,-0.59180625,-0.65795625,0.02779476,-0.28082292000000003,0.03642072
4.93897215090692,4.8138576458356397e-17,-2.8524869858881545,-2.7445380293255686,-0.020737317994716835,-0.21971890567635124,3.660344086705689e-06,0.034256249999999995,-0.5941687499999999,-0.6615,0.03737916,-0.28082292000000003,0.0287532
4.949118264019489,4.8138576458356397e-17,-2.8524869858881545,-2.7445380293255686,-0.020737317994716835,-0.21971890567635124,3.660344086705689e-06,0.02716875,-0.59653125,-0.6591374999999999,0.02108568,-0.28178136000000004,0.03067008
4.959175178781152,4.8138576458356397e-17,-2.8524869858881545,-2.7445380293255686,-0.020737317994716835,-0.21971890567635124,3.660344086705689e-06,0.0307125,-0.5929875,-0.65795625,0.02971164,-0.28178136000000004,0.03162852
4.96977942250669,4.8138576458356397e-17,-2.8524869858881545,-2.7445380293255686,-0.020737317994716835,-0.21971890567635124,3.660344086705689e-06,0.03189375,-0.5929875,-0.6615,0.02204412,-0.27986448,0.03546228
4.980975462123752,4.8138576458356397e-17,-2.8524869858881545,-2.7445380293255686,-0.020737317994716835,-0.21971890567635124,3.660344086705689e-06,0.02953125,-0.5941687499999999,-0.65086875,0.04121292,-0.28178136000000004,0.03642072
4.990169370546937,4.8138576458356397e-17,-2.8524869858881545,-2.7445380293255686,-0.020737317994716835,-0.21971890567635124,3.660344086705689e-06,0.03189375,-0.59889375,-0.6591374999999999,0.01629348,-0.27794759999999996,0.0287532
5.000281468033791,4.8138576458356397e-17,-2.8524869858881545,-2.7445380293255686,-0.020737317994716835,-0.21971890567635124,3.660344086705689e-06,0.0307125,-0.59180625,-0.66031875,0.03162852,-0.27794759999999996,0.03642072
5.011142838746309,4.8138576458356397e-17,-2.8524869858881545,-2.7445380293255686,-0.020737317994716835,-0.21971890567635124,3.660344086705689e-06,0.02953125,-0.5953499999999999,-0.65205,0.03162852,-0.28082292000000003,0.02971164
5.023391645401716,4.8138576458356397e-17,-2.8524869858881545,-2.7445380293255686,-0.020737317994716835,-0.21971890567635124,3.660344086705689e-06,0.03307499999999999,-0.59889375,-0.6638625,0.0335454,-0.27890603999999997,0.02204412
5.033433904871345,4.8138576458356397e-17,-2.8524869858881545,-2.7445380293255686,-0.020737317994716835,-0.21971890567635124,3.660344086705689e-06,0.02953125,-0.59180625,-0.66031875,0.03450384,-0.27986448,0.02204412
5.0435200575739145,4.8138576458356397e-17,-2.8524869858881545,-2.7445380293255686,-0.020737317994716835,-0.21971890567635124,3.660344086705689e-06,0.03189375,-0.6012562499999999,-0.66268125,0.02587788,-0.2827398,0.02204412
5.053817346692085,4.8138576458356397e-17,-2.8524869858881545,-2.7445380293255686,-0.020737317994716835,-0.21971890567635124,3.660344086705689e-06,0.0307125,-0.59653125,-0.65086875,0.02683632,-0.27986448,0.03067008
5.064022146165371,4.8138576458356397e-17,-2.8524869858881545,-2.7445380293255686,-0.020737317994716835,-0.21971890567635124,3.660344086705689e-06,0.035437500000000004,-0.5929875,-0.66268125,0.03450384,-0.27698915999999996,0.03546228
5.074045920744538,4.8138576458356397e-17,-2.8524869858881545,-2.7445380293255686,-0.020737317994716835,-0.21971890567635124,3.660344086705689e-06,0.03307499999999999,-0.5929875,-0.66031875,0.02971164,-0.26452943999999995,0.0287532
5.084121413528919,4.8138576458356397e-17,-2.8524869858881545,-2.7445380293255686,-0.020737317994716835,-0.21971890567635124,3.660344086705689e-06,0.0307125,-0.5929875,-0.65559375,0.0287532,-0.28944887999999996,0.01054284
5.0973366014659405,4.8138576458356397e-17,-2.8524869858881545,-2.7445380293255686,-0.020737317994716835,-0.21971890567635124,3.660344086705689e-06,0.02953125,-0.5977125,-0.6544125,0.01054284,-0.27986448,0.024919439999999998
5.107020307332277,5.0415401020575956e-17,-2.852579627534116,-2.7446306709715302,-0.020726753639050105,-0.2198110755776007,3.66194542109509e-06,0.02953125,-0.59653125,-0.65205,0.01821036,-0.27794759999999996,0.01725192
5.1140824146568775,5.0415401020575956e-17,-2.852579627534116,-2.7446306709715302,-0.020726753639050105,-0.2198110755776007,3.66194542109509e-06,0.02953125,-0.59653125,-0.65205,0.0287532,-0.28082292000000003,0.0335454
5.123794797807932,5.0415401020575956e-17,-2.852579627534116,-2.7446306709715302,-0.020726753639050105,-0.2198110755776007,3.66194542109509e-06,0.02953125,-0.59889375,-0.66031875,0.03546228,-0.28082292000000003,0.03162852
5.1339410319924355,5.0415401020575956e-17,-2.852579627534116,-2.7446306709715302,-0.020726753639050105,-0.2198110755776007,3.66194542109509e-06,0.035437500000000004,-0.5941687499999999,-0.65795625,0.03546228,-0.28465668,0.02971164
5.143753457814455,5.0415401020575956e-17,-2.852579627534116,-2.7446306709715302,-0.020726753639050105,-0.2198110755776007,3.66194542109509e-06,0.02716875,-0.5953499999999999,-0.65559375,0.03067008,-0.2827398,0.03258696
5.153595743700862,5.0415401020575956e-17,-2.852579627534116,-2.7446306709715302,-0.020726753639050105,-0.2198110755776007,3.66194542109509e-06,0.0307125,-0.5929875,-0.656775,0.01533504,-0.27986448,0.02204412
5.165372941643,5.0415401020575956e-17,-2.852579627534116,-2.7446306709715302,-0.020726753639050105,-0.2198110755776007,3.66194542109509e-06,0.028349999999999997,-0.5941687499999999,-0.6650437499999999,0.03642072,-0.28369824,0.03737916
5.174240501597524,5.0415401020575956e-17,-2.852579627534116,-2.7446306709715302,-0.020726753639050105,-0.2198110755776007,3.66194542109509e-06,0.02953125,-0.5977125,-0.65559375,0.01150128,-0.2827398,0.0287532
5.183991681784391,5.0415401020575956e-17,-2.852579627534116,-2.7446306709715302,-0.020726753639050105,-0.2198110755776007,3.66194542109509e-06,0.03189375,-0.5941687499999999,-0.65795625,0.05175576,-0.28369824,0.0335454
5.194866739213467,5.0415401020575956e-17,-2.852579627534116,-2.7446306709715302,-0.020726753639050105,-0.2198110755776007,3.66194542109509e-06,0.0307125,-0.5894437499999999,-0.65559375,0.03737916,-0.27794759999999996,0.0335454
5.204648429527879,5.0415401020575956e-17,-2.852579627534116,-2.7446306709715302,-0.020726753639050105,-0.2198110755776007,3.66194542109509e-06,0.0307125,-0.59889375,-0.6615,0.03929604,-0.28369824,0.04025448
5.214740974828601,5.0415401020575956e-17,-2.852579627534116,-2.7446306709715302,-0.020726753639050105,-0.2198110755776007,3.66194542109509e-06,0.03307499999999999,-0.5941687499999999,-0.6591374999999999,0.03258696,-0.28178136000000004,0.04217136
5.225469009950757,5.0415401020575956e-17,-2.852579627534116,-2.7446306709715302,-0.020726753639050105,-0.2198110755776007,3.66194542109509e-06,0.03307499999999999,-0.5894437499999999,-0.6591374999999999,0.0287532,-0.27794759999999996,0.0335454
5.237149795517325,5.0415401020575956e-17,-2.852579627534116,-2.7446306709715302,-0.020726753639050105,-0.2198110755776007,3.66194542109509e-06,0.028349999999999997,-0.6000749999999999,-0.65205,0.004792199999999999,-0.28178136000000004,0.03162852
5.248065821826458,5.0415401020575956e-17,-2.852579627534116,-2.7446306709715302,-0.020726753639050105,-0.2198110755776007,3.66194542109509e-06,0.03189375,-0.59180625,-0.65205,0.047922,-0.27794759999999996,0.03833759999999999
5.259108291938901,5.0415401020575956e-17,-2.852579627534116,-2.7446306709715302,-0.020726753639050105,-0.2198110755776007,3.66194542109509e-06,0.028349999999999997,-0.59653125,-0.6544125,0.03546228,-0.28082292000000003,0.03450384
5.268902653828263,5.0415401020575956e-17,-2.852579627534116,-2.7446306709715302,-0.020726753639050105,-0.2198110755776007,3.66194542109509e-06,0.03307499999999999,-0.5929875,-0.6615,0.04121292,-0.28369824,0.02683632
5.277118023484945,5.0415401020575956e-17,-2.852579627534116,-2.7446306709715302,-0.020726753639050105,-0.2198110755776007,3.66194542109509e-06,0.02716875,-0.5977125,-0.6544125,0.0335454,-0.28369824,0.02683632
5.28926283121109,5.0415401020575956e-17,-2.852579627534116,-2.7446306709715302,-0.020726753639050105,-0.2198110755776007,3.66194542109509e-06,0.035437500000000004,-0.59653125,-0.64850625,0.023961,-0.28178136000000004,0.03737916
5.297487575560808,5.0415401020575956e-17,-2.852579627534116,-2.7446306709715302,-0.020726753639050105,-0.2198110755776007,3.66194542109509e-06,0.035437500000000004,-0.6000749999999999,-0.6532312499999999,0.01150128,-0.28369824,0.03737916
5.308909701183438,5.0415401020575956e-17,-2.852579627534116,-2.7446306709715302,-0.020726753639050105,-0.2198110755776007,3.66194542109509e-06,0.02716875,-0.59889375,-0.656775,0.02683632,-0.2923242,0.06421548
5.318484591320157,5.0415401020575956e-17,-2.852579627534116,-2.7446306709715302,-0.020726753639050105,-0.2198110755776007,3.66194542109509e-06,0.034256249999999995,-0.5953499999999999,-0.65795625,0.03546228,-0.28369824,0.02012724
5.329935345798731,5.0415401020575956e-17,-2.852579627534116,-2.7446306709715302,-0.020726753639050105,-0.2198110755776007,3.66194542109509e-06,0.034256249999999995,-0.59653125,-0.66268125,0.043129799999999996,-0.27890603999999997,0.02683632
5.338341882452369,5.0415401020575956e-17,-2.852579627534116,-2.7446306709715302,-0.020726753639050105,-0.2198110755776007,3.66194542109509e-06,0.02716875,-0.5977125,-0.66268125,0.02204412,-0.28369824,0.024919439999999998
5.351000394672155,5.0415401020575956e-17,-2.852579627534116,-2.7446306709715302,-0.020726753639050105,-0.2198110755776007,3.66194542109509e-06,0.02953125,-0.5929875,-0.65205,0.02683632,-0.28369824,0.0335454
5.362686850130558,5.0415401020575956e-17,-2.852579627534116,-2.7446306709715302,-0.020726753639050105,-0.2198110755776007,3.66194542109509e-06,0.028349999999999997,-0.5929875,-0.6544125,0.03450384,-0.28465668,0.03258696
5.369209291413426,5.0415401020575956e-17,-2.852579627534116,-2.7446306709715302,-0.020726753639050105,-0.2198110755776007,3.66194542109509e-06,0.02480625,-0.59653125,-0.6544125,0.03258696,-0.28082292000000003,0.03162852
5.379078149795532,5.0415401020575956e-17,-2.852579627534116,-2.7446306709715302,-0.020726753639050105,-0.2198110755776007,3.66194542109509e-06,0.02716875,-0.5953499999999999,-0.6591374999999999,0.03546228,-0.28178136000000004,0.02971164
5.389760158956051,5.0415401020575956e-17,-2.852579627534116,-2.7446306709715302,-0.020726753639050105,-0.2198110755776007,3.66194542109509e-06,0.028349999999999997,-0.59889375,-0.6615,0.02587788,-0.27986448,0.02683632
5.398682281374931,5.0415401020575956e-17,-2.852579627534116,-2.7446306709715302,-0.020726753639050105,-0.2198110755776007,3.66194542109509e-06,0.02480625,-0.59653125,-0.6591374999999999,0.02683632,-0.28465668,0.03642072
5.408813269808888,5.0415401020575956e-17,-2.852579627534116,-2.7446306709715302,-0.020726753639050105,-0.2198110755776007,3.66194542109509e-06,0.0307125,-0.59653125,-0.6615,0.02683632,-0.26932164000000003,0.02971164
5.419137170538306,5.0415401020575956e-17,-2.852579627534116,-2.7446306709715302,-0.020726753639050105,-0.2198110755776007,3.66194542109509e-06,0.03307499999999999,-0.59180625,-0.656775,-0.00095844,-0.28849043999999996,0.02587788
5.430667018517852,5.0415401020575956e-17,-2.852579627534116,-2.7446306709715302,-0.020726753639050105,-0.2198110755776007,3.66194542109509e-06,0.03189375,-0.59653125,-0.66031875,0.04408824,-0.27698915999999996,0.04121292
5.4391309935599566,5.0415401020575956e-17,-2.852579627534116,-2.7446306709715302,-0.020726753639050105,-0.2198110755776007,3.66194542109509e-06,0.028349999999999997,-0.5977125,-0.66031875,0.03833759999999999,-0.28082292000000003,0.03642072
5.452894829213619,5.0415401020575956e-17,-2.852579627534116,-2.7446306709715302,-0.020726753639050105,-0.2198110755776007,3.66194542109509e-06,0.0307125,-0.5929875,-0.66031875,0.03833759999999999,-0.28082292000000003,0.03162852
5.45958942733705,5.0415401020575956e-17,-2.852579627534116,-2.7446306709715302,-0.020726753639050105,-0.2198110755776007,3.66194542109509e-06,0.02480625,-0.5906250000000001,-0.66031875,0.02683632,-0.28178136000000004,0.03642072
5.472590250894427,5.0415401020575956e-17,-2.852579627534116,-2.7446306709715302,-0.020726753639050105,-0.2198110755776007,3.66194542109509e-06,0.0307125,-0.59889375,-0.66031875,0.03067008,-0.28178136000000004,0.04121292
5.4809870310127735,5.0415401020575956e-17,-2.852579627534116,-2.7446306709715302,-0.020726753639050105,-0.2198110755776007,3.66194542109509e-06,0.03307499999999999,-0.5977125,-0.656775,0.024919439999999998,-0.2827398,0.03546228
5.492900602519512,5.0415401020575956e-17,-2.852579627534116,-2.7446306709715302,-0.020726753639050105,-0.2198110755776007,3.66194542109509e-06,0.038981249999999995,-0.5929875,-0.6591374999999999,0.03929604,-0.28082292000000003,0.0335454
5.501998018473387,5.0415401020575956e-17,-2.852579627534116,-2.7446306709715302,-0.020726753639050105,-0.2198110755776007,3.66194542109509e-06,0.035437500000000004,-0.5929875,-0.6544125,0.03833759999999999,-0.27986448,0.03067008
5.5136452578008175,5.0415401020575956e-17,-2.852579627534116,-2.7446306709715302,-0.020726753639050105,-0.2198110755776007,3.66194542109509e-06,0.03189375,-0.5929875,-0.65795625,0.04217136,-0.28082292000000003,0.04217136
5.523208566009998,5.0415401020575956e-17,-2.852579627534116,-2.7446306709715302,-0.020726753639050105,-0.2198110755776007,3.66194542109509e-06,0.02480625,-0.5941687499999999,-0.65205,0.03833759999999999,-0.28465668,0.0335454
5.534188678488135,5.0415401020575956e-17,-2.852579627534116,-2.7446306709715302,-0.020726753639050105,-0.2198110755776007,3.66194542109509e-06,0.02716875,-0.5977125,-0.6638625,0.06134016,-0.27698915999999996,0.047922
5.543595481663942,5.0415401020575956e-17,-2.852579627534116,-2.7446306709715302,-0.020726753639050105,-0.2198110755776007,3.66194542109509e-06,0.03189375,-0.5906250000000001,-0.65795625,0.00191688,-0.28657356,0.01725192
5.557499578222632,5.0415401020575956e-17,-2.852579627534116,-2.7446306709715302,-0.020726753639050105,-0.2198110755776007,3.66194542109509e-06,0.038981249999999995,-0.5977125,-0.67921875,0.03642072,-0.28178136000000004,0.03067008
5.565431330353022,5.0415401020575956e-17,-2.852579627534116,-2.7446306709715302,-0.020726753639050105,-0.2198110755776007,3.66194542109509e-06,0.034256249999999995,-0.59180625,-0.67921875,-0.00095844,-0.28561512,0.02779476
5.574671622365713,5.0415401020575956e-17,-2.852579627534116,-2.7446306709715302,-0.020726753639050105,-0.2198110755776007,3.66194542109509e-06,0.02953125,-0.6000749999999999,-0.6591374999999999,0.0670908,-0.287532,0.03067008
5.584983307868242,5.0415401020575956e-17,-2.852579627534116,-2.7446306709715302,-0.020726753639050105,-0.2198110755776007,3.66194542109509e-06,0.03189375,-0.6000749999999999,-0.66031875,0.00766752,-0.28465668,0.03546228
5.595871238037944,5.0415401020575956e-17,-2.852579627534116,-2.7446306709715302,-0.020726753639050105,-0.2198110755776007,3.66194542109509e-06,0.03661875,-0.59653125,-0.656775,0.03162852,-0.2827398,0.03067008
5.60857898183167,5.0415401020575956e-17,-2.852579627534116,-2.7446306709715302,-0.020726753639050105,-0.2198110755776007,3.66194542109509e-06,0.03189375,-0.59653125,-0.6615,0.023961,-0.28369824,0.03067008
5.618578245863318,5.0415401020575956e-17,-2.852579627534116,-2.7446306709715302,-0.020726753639050105,-0.2198110755776007,3.66194542109509e-06,0.035437500000000004,-0.5941687499999999,-0.6532312499999999,0.024919439999999998,-0.2827398,0.02971164
5.628420682623982,5.0415401020575956e-17,-2.852579627534116,-2.7446306709715302,-0.020726753639050105,-0.2198110755776007,3.66194542109509e-06,0.023625,-0.5953499999999999,-0.6638625,0.03642072,-0.2827398,0.02971164
5.637943062931299,5.0415401020575956e-17,-2.852579627534116,-2.7446306709715302,-0.020726753639050105,-0.2198110755776007,3.66194542109509e-06,0.02716875,-0.59653125,-0.6638625,0.03642072,-0.28178136000000004,0.03162852
5.648813197389245,5.0415401020575956e-17,-2.852579627534116,-2.7446306709715302,-0.020726753639050105,-0.2198110755776007,3.66194542109509e-06,0.0307125,-0.5953499999999999,-0.6615,0.02300256,-0.27794759999999996,-0.05463108
5.658748425543308,5.0415401020575956e-17,-2.852579627534116,-2.7446306709715302,-0.020726753639050105,-0.2198110755776007,3.66194542109509e-06,0.03189375,-0.5941687499999999,-0.66031875,0.02971164,-0.28178136000000004,0.03067008
5.6679756585508585,5.0415401020575956e-17,-2.852579627534116,-2.7446306709715302,-0.020726753639050105,-0.2198110755776007,3.66194542109509e-06,0.038981249999999995,-0.59653125,-0.66268125,0.03162852,-0.27986448,0.03642072
5.678937995806336,4.7704895589362195e-17,-2.8526720491505397,-2.744723092587954,-0.020716179093925462,-0.219903025667793,3.663542966863489e-06,0.028349999999999997,-0.6012562499999999,-0.6544125,0.03833759999999999,-0.28082292000000003,0.024919439999999998
5.6926740519702435,4.7704895589362195e-17,-2.8526720491505397,-2.744723092587954,-0.020716179093925462,-0.219903025667793,3.663542966863489e-06,0.02953125,-0.5977125,-0.6496875,0.02587788,-0.28369824,0.02683632
5.702282436192036,4.7704895589362195e-17,-2.8526720491505397,-2.744723092587954,-0.020716179093925462,-0.219903025667793,3.663542966863489e-06,0.02953125,-0.5953499999999999,-0.66031875,0.03737916,-0.27603072,0.0287532
5.713220190256834,4.7704895589362195e-17,-2.8526720491505397,-2.744723092587954,-0.020716179093925462,-0.219903025667793,3.663542966863489e-06,0.03189375,-0.5941687499999999,-0.66031875,0.03546228,-0.28082292000000003,0.03258696
5.719134261831641,4.7704895589362195e-17,-2.8526720491505397,-2.744723092587954,-0.020716179093925462,-0.219903025667793,3.663542966863489e-06,0.028349999999999997,-0.5977125,-0.66031875,0.0287532,-0.28178136000000004,0.02204412
5.731874464079738,4.7704895589362195e-17,-2.8526720491505397,-2.744723092587954,-0.020716179093925462,-0.219903025667793,3.663542966863489e-06,0.03307499999999999,-0.5977125,-0.6591374999999999,0.03546228,-0.27986448,0.02683632
5.739293374121189,4.7704895589362195e-17,-2.8526720491505397,-2.744723092587954,-0.020716179093925462,-0.219903025667793,3.663542966863489e-06,0.038981249999999995,-0.59889375,-0.6650437499999999,0.06996612,-0.29040731999999997,0.03833759999999999
5.748842664062977,4.7704895589362195e-17,-2.8526720491505397,-2.744723092587954,-0.020716179093925462,-0.219903025667793,3.663542966863489e-06,0.02716875,-0.5953499999999999,-0.6650437499999999,0.0287532,-0.28082292000000003,0.03067008
5.758509304374456,4.7704895589362195e-17,-2.8526720491505397,-2.744723092587954,-0.020716179093925462,-0.219903025667793,3.663542966863489e-06,0.02480625,-0.59889375,-0.666225,0.00862596,-0.28657356,0.02971164
5.769207466393709,4.7704895589362195e-17,-2.8526720491505397,-2.744723092587954,-0.020716179093925462,-0.219903025667793,3.663542966863489e-06,0.02480625,-0.59653125,-0.6638625,0.03162852,-0.2827398,0.023961
5.778859317302704,4.7704895589362195e-17,-2.8526720491505397,-2.744723092587954,-0.020716179093925462,-0.219903025667793,3.663542966863489e-06,0.035437500000000004,-0.5906250000000001,-0.66031875,0.03067008,-0.2827398,0.02012724
5.78893412835896,4.7704895589362195e-17,-2.8526720491505397,-2.744723092587954,-0.020716179093925462,-0.219903025667793,3.663542966863489e-06,0.0307125,-0.5977125,-0.65795625,0.03450384,-0.28082292000000003,0.0287532
5.801025273278356,4.7704895589362195e-17,-2.8526720491505397,-2.744723092587954,-0.020716179093925462,-0.219903025667793,3.663542966863489e-06,0.03189375,-0.59180625,-0.65086875,0.0335454,-0.27986448,0.0287532
5.813436413183808,4.7704895589362195e-17,-2.8526720491505397,-2.744723092587954,-0.020716179093925462,-0.219903025667793,3.663542966863489e-06,0.03307499999999999,-0.59180625,-0.65559375,0.03162852,-0.2827398,0.03067008
5.823124285787344,4.7704895589362195e-17,-2.8526720491505397,-2.744723092587954,-0.020716179093925462,-0.219903025667793,3.663542966863489e-06,0.03189375,-0.5953499999999999,-0.6591374999999999,0.03450384,-0.28082292000000003,0.03258696
5.833229649811983,4.7704895589362195e-17,-2.8526720491505397,-2.744723092587954,-0.020716179093925462,-0.219903025667793,3.663542966863489e-06,0.03307499999999999,-0.5953499999999999,-0.656775,0.03546228,-0.28178136000000004,0.03450384
5.843509837985039,4.7704895589362195e-17,-2.8526720491505397,-2.744723092587954,-0.020716179093925462,-0.219903025667793,3.663542966863489e-06,0.028349999999999997,-0.5929875,-0.6591374999999999,0.04600512,-0.28561512,0.04025448
5.85347487218678,4.7704895589362195e-17,-2.8526720491505397,-2.744723092587954,-0.020716179093925462,-0.219903025667793,3.663542966863489e-06,0.03189375,-0.5941687499999999,-0.66268125,0.009584399999999998,-0.27794759999999996,0.02779476
5.86400480940938,4.7704895589362195e-17,-2.8526720491505397,-2.744723092587954,-0.020716179093925462,-0.219903025667793,3.663542966863489e-06,0.0307125,-0.59180625,-0.66031875,0.03737916,-0.28369824,0.03450384
5.873567793518305,4.7704895589362195e-17,-2.8526720491505397,-2.744723092587954,-0.020716179093925462,-0.219903025667793,3.663542966863489e-06,0.04134375,-0.59889375,-0.656775,0.019168799999999996,-0.287532,0.03162852
5.883712369948626,4.7704895589362195e-17,-2.8526720491505397,-2.744723092587954,-0.020716179093925462,-0.219903025667793,3.663542966863489e-06,0.028349999999999997,-0.5977125,-0.6650437499999999,0.02204412,-0.2827398,0.03642072
5.891997376456857,4.7704895589362195e-17,-2.8526720491505397,-2.744723092587954,-0.020716179093925462,-0.219903025667793,3.663542966863489e-06,0.028349999999999997,-0.5953499999999999,-0.656775,0.02971164,-0.2827398,0.03642072
5.904207533225417,3.06287113727155e-17,-2.8581033947291723,-2.7441168897279002,-0.020708137670644198,-0.21999522727175447,3.6651940375984457e-06,0.025987499999999997,-0.59889375,-0.6591374999999999,0.03450384,-0.28178136000000004,0.03258696
5.9131557289510965,3.06287113727155e-17,-2.8581033947291723,-2.7441168897279002,-0.020708137670644198,-0.21999522727175447,3.6651940375984457e-06,0.035437500000000004,-0.59653125,-0.6638625,0.0287532,-0.28178136000000004,0.03258696
5.9228837843984365,3.06287113727155e-17,-2.8581033947291723,-2.7441168897279002,-0.020708137670644198,-0.21999522727175447,3.6651940375984457e-06,0.03189375,-0.6059812499999999,-0.6532312499999999,0.03546228,-0.2827398,0.0335454
5.933256339281797,3.06287113727155e-17,-2.8581033947291723,-2.7441168897279002,-0.020708137670644198,-0.21999522727175447,3.6651940375984457e-06,0.035437500000000004,-0.65205,-0.64850625,0.02971164,-0.2827398,0.03642072
5.9468714743852615,5.036119091195168e-17,-2.8634399004868287,-2.7434159610333646,-0.02071064186277607,-0.2199956991255327,3.6652514869124204e-06,0.02716875,-0.5693625,-0.6591374999999999,0.0287532,-0.27986448,0.02779476
5.9565283097326756,4.3855977877038654e-17,-2.8633476985557933,-2.7433237591023287,-0.020721198005385542,-0.2199039693748365,3.663657738848378e-06,0.035437500000000004,-0.5693625,-0.6544125,0.0287532,-0.28369824,0.0335454
5.966323718428612,4.3855977877038654e-17,-2.8633476985557933,-2.7433237591023287,-0.020721198005385542,-0.2199039693748365,3.663657738848378e-06,0.02953125,-0.656775,-0.65559375,0.0335454,-0.28944887999999996,0.03833759999999999
5.973653081804514,3.707971429900425e-17,-2.868773762582886,-2.7427125087011603,-0.020713106923993394,-0.2199961714144254,3.665309070273356e-06,0.035437500000000004,-0.5788125000000001,-0.6532312499999999,-0.004792199999999999,-0.28657356,0.03067008
5.985396966338158,6.624475273886432e-17,-2.8741969578364563,-2.742098515587711,-0.0207049951288981,-0.2200881534579024,3.6669567363977586e-06,0.034256249999999995,-0.5764499999999999,-0.66031875,0.04217136,-0.28082292000000003,0.03162852
5.995029034093022,6.624475273886432e-17,-2.8741969578364563,-2.742098515587711,-0.0207049951288981,-0.2200881534579024,3.6669567363977586e-06,0.02953125,-0.5941687499999999,-0.65795625,0.05175576,-0.29136576,0.06134016
6.006901221349835,6.624475273886432e-17,-2.8741969578364563,-2.742098515587711,-0.0207049951288981,-0.2200881534579024,3.6669567363977586e-06,0.0307125,-0.59180625,-0.6544125,0.02971164,-0.28465668,0.019168799999999996
6.017474494874477,6.624475273886432e-17,-2.8741969578364563,-2.742098515587711,-0.0207049951288981,-0.2200881534579024,3.6669567363977586e-06,0.02953125,-0.59180625,-0.6496875,0.04025448,-0.28369824,0.03258696
6.0248970706015825,6.624475273886432e-17,-2.8741969578364563,-2.742098515587711,-0.0207049951288981,-0.2200881534579024,3.6669567363977586e-06,0.035437500000000004,-0.59180625,-0.666225,0.04025448,-0.28561512,0.02300256
6.03400220349431,6.624475273886432e-17,-2.8741969578364563,-2.742098515587711,-0.0207049951288981,-0.2200881534579024,3.6669567363977586e-06,0.03307499999999999,-0.5882624999999999,-0.65086875,0.02108568,-0.28369824,0.03258696
6.043927611783147,6.624475273886432e-17,-2.8741969578364563,-2.742098515587711,-0.0207049951288981,-0.2200881534579024,3.6669567363977586e-06,0.03189375,-0.59180625,-0.66268125,0.03450384,-0.2827398,0.03258696
6.055574618279934,6.624475273886432e-17,-2.8741969578364563,-2.742098515587711,-0.0207049951288981,-0.2200881534579024,3.6669567363977586e-06,0.03189375,-0.5941687499999999,-0.66031875,0.04121292,-0.27890603999999997,0.0287532
6.064102590084076,6.624475273886432e-17,-2.8741969578364563,-2.742098515587711,-0.0207049951288981,-0.2200881534579024,3.6669567363977586e-06,0.03307499999999999,-0.59180625,-0.66031875,0.0335454,-0.27986448,0.03450384
6.074682736769319,6.624475273886432e-17,-2.8741969578364563,-2.742098515587711,-0.0207049951288981,-0.2200881534579024,3.6669567363977586e-06,0.02716875,-0.61070625,-0.6591374999999999,0.01341816,-0.28657356,0.03067008
6.087468797340989,3.707971429900425e-17,-2.868773762582886,-2.7427125087011603,-0.020713106923993394,-0.2199961714144254,3.665309070273356e-06,0.03189375,-0.60361875,-0.6591374999999999,0.047922,-0.28082292000000003,0.0335454
6.098230103030801,3.707971429900425e-17,-2.868773762582886,-2.7427125087011603,-0.020713106923993394,-0.2199961714144254,3.665309070273356e-06,0.023625,-0.59180625,-0.65559375,0.03546228,-0.28369824,0.03258696
6.107985241338611,3.707971429900425e-17,-2.868773762582886,-2.7427125087011603,-0.020713106923993394,-0.2199961714144254,3.665309070273356e-06,0.02716875,-0.6059812499999999,-0.65795625,0.02971164,-0.27794759999999996,0.03067008
6.118109658360481,3.707971429900425e-17,-2.868773762582886,-2.7427125087011603,-0.020713106923993394,-0.2199961714144254,3.665309070273356e-06,0.03307499999999999,-0.5977125,-0.65559375,0.023961,-0.28082292000000003,0.0335454
6.128604793921113,3.707971429900425e-17,-2.868773762582886,-2.7427125087011603,-0.020713106923993394,-0.2199961714144254,3.665309070273356e-06,0.03189375,-0.6012562499999999,-0.6544125,0.0287532,-0.28178136000000004,0.03642072
6.142207270488143,3.707971429900425e-17,-2.868773762582886,-2.7427125087011603,-0.020713106923993394,-0.2199961714144254,3.665309070273356e-06,0.03307499999999999,-0.5977125,-0.66268125,0.03162852,-0.2827398,0.03450384
6.148360138759017,3.707971429900425e-17,-2.868773762582886,-2.7427125087011603,-0.020713106923993394,-0.2199961714144254,3.665309070273356e-06,0.0307125,-0.5977125,-0.6496875,0.03162852,-0.2827398,0.03546228
6.158108118921518,3.707971429900425e-17,-2.868773762582886,-2.7427125087011603,-0.020713106923993394,-0.2199961714144254,3.665309070273356e-06,0.028349999999999997,-0.59180625,-0.656775,0.03737916,-0.28465668,0.03546228
6.168713657185435,3.707971429900425e-17,-2.868773762582886,-2.7427125087011603,-0.020713106923993394,-0.2199961714144254,3.665309070273356e-06,0.02953125,-0.5953499999999999,-0.65795625,0.02683632,-0.28178136000000004,0.0335454
6.178897527977824,3.707971429900425e-17,-2.868773762582886,-2.7427125087011603,-0.020713106923993394,-0.2199961714144254,3.665309070273356e-06,0.034256249999999995,-0.5941687499999999,-0.6544125,0.0287532,-0.28465668,0.03258696
6.189244778826833,3.707971429900425e-17,-2.868773762582886,-2.7427125087011603,-0.020713106923993394,-0.2199961714144254,3.665309070273356e-06,0.028349999999999997,-0.5882624999999999,-0.6532312499999999,0.0287532,-0.28369824,0.03258696
6.198733987286687,3.707971429900425e-17,-2.868773762582886,-2.7427125087011603,-0.020713106923993394,-0.2199961714144254,3.665309070273356e-06,0.02953125,-0.59889375,-0.66031875,0.023961,-0.27986448,0.03067008
6.208790417760611,6.624475273886432e-17,-2.8741969578364563,-2.742098515587711,-0.0207049951288981,-0.2200881534579024,3.6669567363977586e-06,0.03307499999999999,-0.5941687499999999,-0.656775,0.03833759999999999,-0.28369824,0.02587788
6.21889372728765,6.624475273886432e-17,-2.8741969578364563,-2.742098515587711,-0.0207049951288981,-0.2200881534579024,3.6669567363977586e-06,0.035437500000000004,-0.59653125,-0.6615,0.03162852,-0.27698915999999996,0.04696356
6.229059593752027,6.624475273886432e-17,-2.8741969578364563,-2.742098515587711,-0.0207049951288981,-0.2200881534579024,3.6669567363977586e-06,0.02953125,-0.609525,-0.6591374999999999,0.03258696,-0.28465668,0.02587788
6.2391217816621065,6.624475273886432e-17,-2.8741969578364563,-2.742098515587711,-0.0207049951288981,-0.2200881534579024,3.6669567363977586e-06,0.035437500000000004,-0.6130687499999999,-0.65795625,0.03737916,-0.27986448,0.0287532
6.249233450740576,3.361026734705064e-17,-2.879617278893307,-2.741481780375975,-0.02069686262821146,-0.22017991541328547,3.6686007355739213e-06,0.02953125,-0.637875,-0.66268125,0.03162852,-0.27219696,0.02779476
6.259651882573962,5.480641981914225e-17,-2.88503472033312,-2.7408623036826865,-0.02068870943006597,-0.2202714571888127,3.670241066157844e-06,0.028349999999999997,-0.64378125,-0.64614375,0.03067008,-0.27603072,0.02971164
6.271058054640889,6.900946827870236e-17,-2.8957698414462043,-2.739524027083557,-0.02068286205618107,-0.22036325227591744,3.671935964242371e-06,0.0307125,-0.6307875,-0.64614375,0.0335454,-0.27219696,0.03929604
6.283275036141276,5.252959525692269e-17,-2.9010877305337552,-2.738805448665392,-0.02068514935911952,-0.22036372628643924,3.671994335593312e-06,0.025987499999999997,-0.5859,-0.6733125,0.023961,-0.25015284,0.03833759999999999
6.293078830465674,8.342935717275957e-17,-2.9008131030538835,-2.73853082118552,-0.020716608385008637,-0.22009052243304414,3.66724731131103e-06,0.038981249999999995,-0.7182,-0.6615,0.03067008,-0.27507228,0.03258696
6.30246570520103,5.64327230778705e-17,-2.9111642203840224,-2.7368094963873366,-0.02075225957596944,-0.2198162895876964,3.6625833322871573e-06,0.034256249999999995,-0.5929875,-0.68630625,0.00191688,-0.25302816,0.03450384
6.313509706407785,4.152494320619482e-17,-2.9162885411430244,-2.735897854596172,-0.02077511620200588,-0.21963221169792138,3.6594357570692954e-06,0.028349999999999997,-0.5835374999999999,-0.64850625,0.06804924,-0.27411384,0.02971164
6.3235330656170845,2.0166160408230382e-17,-2.9317257360578557,-2.7332282683474762,-0.020988154756488596,-0.2191580608549009,3.649447385141287e-06,0.034256249999999995,-0.49258124999999997,-0.64614375,0.05558952,-0.27028008,0.02779476
6.335996085777879,4.575333167888829e-17,-2.942132391332515,-2.731564718607708,-0.02101274106616162,-0.21897144663896348,3.6463093575989587e-06,0.028349999999999997,-0.6426,-0.65205,0.03929604,-0.27698915999999996,0.03162852
6.34372010268271,5.095750210681871e-17,-2.9572416872918237,-2.7285703013892295,-0.02110043800695334,-0.21821377537812,3.6333053183220847e-06,0.03189375,-0.6650437499999999,-0.666225,0.03929604,-0.26261256,0.03833759999999999
6.353972075507045,5.0090140368830305e-17,-2.961945495409358,-2.7272399877443623,-0.021163267294426455,-0.21763573804078198,3.623318619589671e-06,0.0378,-0.5859,-0.6544125,0.0335454,-0.27123852,0.0335454
6.367886474356055,3.7730235602495554e-17,-2.966638714891729,-2.725899320169818,-0.021225491657300352,-0.21704986854384065,3.613197064999019e-06,0.028349999999999997,-0.6130687499999999,-0.66740625,0.05463108,-0.28178136000000004,0.03737916
6.373678833246231,6.613633252161577e-18,-2.9866407078022887,-2.7217682325816845,-0.021340253502217785,-0.21595659519646507,3.5944256344160667e-06,0.03189375,-0.49021875,-0.65205,0.05463108,-0.28178136000000004,0.03737916
6.384131904691458,3.5019730171281793e-17,-2.99119534648836,-2.7202902482416755,-0.021410296923333363,-0.21524649066217585,3.582150771113637e-06,0.035437500000000004,-0.6166125,-0.6532312499999999,0.019168799999999996,-0.28178136000000004,0.02971164
6.396976443007588,4.694595406862234e-17,-3.005525091423246,-2.716523773657901,-0.021548549043779418,-0.213795193617031,3.557119329837694e-06,0.038981249999999995,-0.7772625,-0.66268125,0.02012724,-0.24536064,0.02971164
6.404166877269745,3.5670251474773096e-17,-3.0151844913337684,-2.7141204621756554,-0.02162592627220971,-0.21294720253908522,3.542509699698843e-06,0.02953125,-0.732375,-0.66268125,0.0335454,-0.263571,0.02300256
6.417195791378617,3.426078865054194e-17,-3.0290741460858026,-2.709918322895076,-0.021785907264265904,-0.2110994158066976,3.5106085946145024e-06,0.028349999999999997,-0.76899375,-0.6449625,0.02108568,-0.28082292000000003,0.0287532
6.424973530694842,2.168404344971009e-17,-3.0331962223155804,-2.7080104313850883,-0.021877785533475892,-0.20998356274423355,3.491303774437059e-06,0.035437500000000004,-0.68394375,-0.6449625,0.02204412,-0.26644632,0.0335454
6.436044026166201,5.3017486234541167e-17,-3.042762595603801,-2.705517850780714,-0.02194967785324014,-0.20907638040402945,3.475675746948333e-06,0.02953125,-0.5906250000000001,-0.6496875,0.03258696,-0.25302816,0.03258696
6.447833932936192,2.4069288229178198e-17,-3.050771489479367,-2.7014691397422146,-0.02213477788628304,-0.20662984371481502,3.433352199440044e-06,0.02716875,-0.7725374999999999,-0.65205,0.03450384,-0.28657356,0.02587788
6.456409586593509,-1.1817803680091998e-17,-3.060024672020204,-2.698666114577918,-0.02221943848225229,-0.2054332841888436,3.412712673187234e-06,0.02953125,-0.7300125,-0.6685875,0.02012724,-0.2731554,0.06038171999999999
6.4679358415305614,8.239936510889834e-18,-3.067876555724137,-2.6944632360104674,-0.02239423727961542,-0.20285264619767285,3.368079861302636e-06,0.03307499999999999,-0.72410625,-0.64614375,-0.00766752,-0.30095015999999997,0.04025448
6.474585445597768,1.8865117801247777e-17,-3.0777271200429714,-2.692260531710698,-0.022483173837661283,-0.20146508769005605,3.34408169376636e-06,0.03189375,-0.8103375,-0.64614375,0.071883,-0.28369824,0.0287532
6.48423813469708,6.808789643208968e-17,-3.080081108188129,-2.6885884607331665,-0.022657615707660245,-0.19861648755774652,3.2947641902156975e-06,0.03189375,-0.65795625,-0.6650437499999999,0.056547959999999994,-0.28465668,0.0143766
6.49409581720829,3.859759734048396e-17,-3.093159921230632,-2.6835914694655605,-0.02279751348814257,-0.1960800609742617,3.2509777857191755e-06,0.0307125,-0.71465625,-0.6449625,0.03450384,-0.30095015999999997,0.0287532
6.503920258954167,3.5128150388530344e-17,-3.0916522836556113,-2.6820838318905396,-0.022880262462219143,-0.194578271491536,3.2249565722893177e-06,0.03307499999999999,-0.6166125,-0.5646374999999999,0.03162852,-0.27890603999999997,0.02779476
6.514108521863818,3.621235256101585e-17,-3.1002200368515025,-2.6786030866796584,-0.023016553105911754,-0.19192945564379127,3.1791230056532154e-06,0.028349999999999997,-0.7749,-0.7170187499999999,0.023961,-0.2827398,0.03833759999999999
6.525427492335439,2.1033522146218786e-17,-3.1052463309259375,-2.6776057609640596,-0.02306662692120953,-0.19093586349955735,3.161911239166761e-06,0.02716875,-0.81860625,-0.48549375,0.02587788,-0.28082292000000003,0.02108568
6.534332115203142,6.852157730108388e-17,-3.114737070447158,-2.675050549850006,-0.023147613300948236,-0.18921135739637038,3.1320965072996923e-06,0.028349999999999997,-0.82333125,-0.5977125,0.023961,-0.25015284,0.03162852
6.547428330406547,7.090682208055199e-17,-3.1255178816171982,-2.6737871691302684,-0.02316488390517896,-0.1887763647866643,3.1246186043089056e-06,0.02244375,-0.67921875,-0.45950624999999995,0.02587788,-0.24536064,0.0287532
6.555907644331455,3.946495907847236e-17,-3.132162749100846,-2.6744106152541023,-0.023219924019450777,-0.1877524661739315,3.1067722644935807e-06,0.02244375,-0.67921875,-0.4701375,0.02971164,-0.23194248,0.0287532
6.566423626616597,3.729655473350135e-17,-3.1433169694732457,-2.6735233721841265,-0.02326065172230103,-0.18686843045172838,3.091461684406927e-06,0.02244375,-0.72765,-0.6260625,0.03162852,-0.23769312,-0.004792199999999999
6.578231142833829,6.808789643208968e-17,-3.1562521143493485,-2.674418932791616,-0.023301578544444472,-0.18612552428488235,3.0784837307964845e-06,0.02953125,-0.75954375,-0.53746875,0.03833759999999999,-0.23673468,0.03929604
6.587583996355534,6.288372600415926e-18,-3.1683569108877534,-2.674486072393492,-0.023338685553515655,-0.18537849935942693,3.0654911642316777e-06,0.02480625,-0.7666312499999999,-0.52801875,0.03833759999999999,-0.25782036,0.02971164
6.5985561814159155,2.5804011705155006e-17,-3.1823748408222077,-2.676468320874112,-0.023369582628595516,-0.18492677511132447,3.0575017505827775e-06,0.03189375,-0.6473249999999999,-0.65559375,0.03450384,-0.21660744,0.03067008
6.609121311455965,2.862293735361732e-17,-3.1944084986506343,-2.676468320874112,-0.023369582628595516,-0.1849267751113244,3.0575017505827766e-06,0.03307499999999999,-0.73828125,-0.41225625,0.03450384,-0.20510615999999998,0.03833759999999999
6.619027806445956,2.4936649967166602e-17,-3.2124550858034326,-2.676468320874112,-0.023369582628595516,-0.18492677511132447,3.0575017505827775e-06,0.0307125,-0.74773125,-0.59653125,0.03929604,-0.24056844,0.0335454
6.628670213744044,3.968179951296946e-17,-3.2217197603306755,-2.6797185303036857,-0.023420610210622902,-0.18417020484673297,3.0441249469581182e-06,0.02953125,-0.713475,-0.5268375,0.0287532,-0.24056844,0.0335454
6.6381747629493475,2.2551405187698492e-17,-3.2452789541974343,-2.679225343928095,-0.02340375717480278,-0.18447285196531288,3.0494205782298897e-06,0.0307125,-0.8741249999999999,-0.5268375,0.02683632,-0.21660744,0.0287532
6.651876389980316,3.404394821604484e-17,-3.266027763642635,-2.6819407907061024,-0.023437520918888087,-0.184017268842815,3.04131285128934e-06,0.034256249999999995,-0.73591875,-0.5823562499999999,0.02779476,-0.20031395999999999,0.0335454
6.661981521174312,4.119968255444917e-17,-3.2894270301010238,-2.6813037788648115,-0.023427438274852587,-0.18416913594029732,3.0439971006083154e-06,0.0307125,-0.6615,-0.5929875,0.024919439999999998,-0.22906716000000002,0.03450384
6.672660194337368,4.206704429243757e-17,-3.3099798277532058,-2.6838357320519393,-0.023467628181070135,-0.1835605640553951,3.0332418662566536e-06,0.028349999999999997,-0.7914374999999999,-0.5705437499999999,0.0287532,-0.2348178,0.07571676
6.680215910077095,2.949029909160572e-17,-3.3392205827547725,-2.6830543492206025,-0.02346434060730258,-0.18356109832328987,3.0333052160600056e-06,0.028349999999999997,-0.6874874999999999,-0.63669375,0.02779476,-0.2348178,0.07571676
6.689191622659564,5.833007687972014e-17,-3.3758542092522497,-2.6836831297790966,-0.02347435577687959,-0.18340849603121823,3.0306086901311133e-06,0.02480625,-0.69811875,-0.5740875,0.0335454,-0.215649,0.024919439999999998
6.698904326185584,4.119968255444917e-17,-3.3975636731068786,-2.687399433969609,-0.023533953467925278,-0.18248903605516048,3.01436598653763e-06,0.028349999999999997,-0.70875,-0.63433125,0.03162852,-0.22715027999999998,0.02683632
6.709286693483591,-1.0842021724855044e-17,-3.4221545641101536,-2.6880094156937,-0.02354380410265596,-0.18233515311881773,3.011648303201797e-06,0.02480625,-0.6591374999999999,-0.5670000000000001,0.02971164,-0.21948276,0.03737916
6.71914585493505,4.380176776841438e-17,-3.457034650787377,-2.6869402826303985,-0.02351733745088798,-0.18279572023822968,3.0197295958846954e-06,0.034256249999999995,-0.78316875,-0.6886687499999999,0.02204412,-0.20127240000000002,0.03737916
6.72921372577548,3.642919299551295e-17,-3.4844676490945115,-2.6904224564386516,-0.02358297109773799,-0.18171779956389653,3.0007474806792952e-06,0.02953125,-0.7796249999999999,-0.7406437499999999,0.02108568,-0.24152687999999997,0.05367264
6.740190410986543,5.551115123125783e-17,-3.5309752295318666,-2.689066885006081,-0.023570174727915838,-0.18187294481568736,3.003539266665768e-06,0.03307499999999999,-0.66268125,-0.55755,0.04121292,-0.23961,0.06804924
6.752338286489248,3.8163916471489756e-17,-3.5590424252176422,-2.693222519130219,-0.02363815857682024,-0.18078685438927844,2.984367453662377e-06,0.038981249999999995,-0.77608125,-0.5670000000000001,0.02971164,-0.22906716000000002,0.0287532
6.7624118607491255,8.847089727481716e-17,-3.600268506842457,-2.6926369320677503,-0.02362851743781087,-0.18094255376870236,2.9871152591217882e-06,0.03307499999999999,-0.864675,-0.7300125,0.03737916,-0.21948276,0.02300256
6.773540852591395,4.0332320816460765e-17,-3.629314331391274,-2.697810211003766,-0.023714435882755805,-0.1795347641452995,2.9622778044950585e-06,0.025987499999999997,-0.80443125,-0.6248812499999999,0.01054284,-0.22235808,0.0287532
6.783303007483482,4.380176776841438e-17,-3.654449429380092,-2.699087667425837,-0.023726481605864908,-0.17937691017181429,2.9594432243269095e-06,0.034256249999999995,-0.8575875,-0.713475,0.04408824,-0.215649,0.02300256
6.79340910166502,3.165870343657673e-17,-3.705030233951129,-2.7019994276439947,-0.02376632042988743,-0.17874530203035477,2.9482565447107984e-06,0.025987499999999997,-0.8859374999999999,-0.5457375,0.04600512,-0.21756588,0.02683632
6.803968321532011,2.211772431870429e-17,-3.7304611181220264,-2.7036196717324517,-0.023794018510074042,-0.17827011832366624,2.9398804822297976e-06,0.028349999999999997,-0.8611312499999999,-0.7678124999999999,0.03258696,-0.21277368,0.04025448
6.813831986859441,2.7755575615628914e-17,-3.7835954243380234,-2.70324068786507,-0.02377797781773457,-0.1785865533438659,2.945408360634278e-06,0.0307125,-0.7536375,-0.5469187499999999,0.03162852,-0.21756588,0.03067008
6.823783401399851,4.336808689942018e-17,-3.8126051124537166,-2.708494523131481,-0.02386896891853927,-0.17699459749644264,2.917357357231777e-06,0.03307499999999999,-0.8764875,-0.6685875,0.02683632,-0.21756588,0.03067008
6.832981273531914,4.2500725161431774e-17,-3.8600634411041677,-2.708494523131481,-0.023868968918539273,-0.17699459749644267,2.9173573572317775e-06,0.028349999999999997,-0.817425,-0.6685875,0.02683632,-0.22044119999999998,0.0335454
6.8441738449037075,4.336808689942018e-17,-3.889231528436404,-2.713960893994794,-0.0239663018548405,-0.17522300954358072,2.886164411306547e-06,0.028349999999999997,-0.864675,-0.63315,0.02971164,-0.22139963999999998,0.02971164
6.853961860761046,-7.806255641895632e-18,-3.920266048748904,-2.7153947566872536,-0.023992344384889595,-0.17473616046681892,2.8775964757484644e-06,0.028349999999999997,-0.9001125,-0.63315,0.02971164,-0.22715027999999998,0.03737916
6.864393349736929,9.75781955236954e-17,-3.971268262413419,-2.719098878901177,-0.02406073480519415,-0.17343021982357942,2.8546222439694593e-06,0.042525,-0.92255625,-0.70284375,0.03067008,-0.22427496,0.03258696
6.8739972952753305,5.898059818321144e-17,-3.997114165952658,-2.721325599626768,-0.024102697097016974,-0.17260836513533073,2.840170480816991e-06,0.038981249999999995,-0.8670374999999999,-0.6024375,0.043129799999999996,-0.22427496,0.0335454
6.884027950465679,9.974659986866641e-18,-4.053603340567552,-2.724746821630244,-0.02416858295570525,-0.17128443060690948,2.8169001225914207e-06,0.06496875,-0.8493187499999999,-0.60834375,0.03737916,-0.21948276,0.0287532
6.893929271027446,6.245004513516506e-17,-4.109810495664421,-2.7279936607671784,-0.024232921984321316,-0.16994953393510248,2.7934494842275738e-06,0.03189375,-0.8127,-0.5847187500000001,0.0287532,-0.22331652,0.03162852
6.906895734369755,2.688821387764051e-17,-4.140742765018439,-2.7295516213879343,-0.024264510146704277,-0.16927800146596453,2.781657028555987e-06,0.0189,-0.8883,-0.63196875,0.023961,-0.21277368,0.03546228
6.914603682234883,3.903127820947816e-17,-4.1880506392861685,-2.7299342886315414,-0.02427234654379711,-0.16910969473364657,2.7787019531386914e-06,0.02244375,-0.92728125,-0.7016625,0.0622986,-0.23194248,-0.01054284
6.926037421450019,6.938893903907228e-17,-4.222057810137589,-2.734660403235496,-0.024372008033670355,-0.16690637972897718,2.740034191010995e-06,0.02480625,-0.9331875,-0.7938,0.0287532,-0.22715027999999998,0.03450384
6.937432313337922,4.85722573273506e-17,-4.269344924868528,-2.735175476649359,-0.02437248570080028,-0.1669058526238424,2.7399845557699318e-06,0.023625,-1.01115,-0.6650437499999999,0.019168799999999996,-0.22044119999999998,0.02971164
6.944874843582511,6.071532165918825e-17,-4.302930965205006,-2.739578661652978,-0.02446062407169112,-0.16484645469690096,2.7038337991670973e-06,0.023625,-0.8847562499999999,-0.59653125,0.02204412,-0.21181524,0.02779476
6.957260647788644,7.719519468096792e-17,-4.327753860310106,-2.7410833777879597,-0.02449612808240319,-0.16398156875245834,2.6886763974660596e-06,0.0189,-0.9993375,-0.6544125,0.02204412,-0.21373212,0.02779476
6.967134166508913,2.862293735361732e-17,-4.382662152135929,-2.7436191547523823,-0.024558491413941716,-0.16241445783233668,2.6612239443611194e-06,0.0307125,-1.0773,-0.5929875,0.02683632,-0.22139963999999998,0.03067008
6.978634214028716,5.377642775528102e-17,-4.407209213723258,-2.744931906122755,-0.02459227845784554,-0.16153814801836713,2.6458792965323007e-06,0.0448875,-1.00760625,-0.7252875,0.03258696,-0.21660744,0.03162852
6.987011082470417,5.2909066017292616e-17,-4.459388602972301,-2.744931906122755,-0.02459227845784554,-0.16153814801836713,2.6458792965323007e-06,0.0378,-0.9981562499999999,-0.7252875,0.03546228,-0.22044119999999998,0.03067008
6.9981308821588755,2.6020852139652106e-17,-4.4860615103797485,-2.7484582986095347,-0.02468994733889578,-0.15888507604380867,2.599450015889529e-06,0.0307125,-0.9237375,-0.7016625,0.02300256,-0.22235808,0.03067008
7.008678058162332,6.938893903907228e-18,-4.538038955823841,-2.7484582986095356,-0.024689947338895783,-0.1588850760438087,2.5994500158895293e-06,0.035437500000000004,-0.9213749999999999,-0.68394375,0.03258696,-0.22331652,0.02683632
7.019050184637308,9.107298248878237e-17,-4.569586335481765,-2.7511916855529384,-0.02477609326280158,-0.1563766103872126,2.555588132389741e-06,0.025987499999999997,-0.9721687499999999,-0.7394625,0.03546228,-0.19552176000000002,-0.03929604
7.0325444135814905,2.7755575615628914e-17,-4.593611243396479,-2.752198095792865,-0.024811527308108185,-0.1552921423540198,2.53663634524651e-06,0.035437500000000004,-0.8812125,-0.66740625,0.03162852,-0.21852432,0.02971164
7.03914774954319,2.949029909160572e-17,-4.646882312344929,-2.753785827810174,-0.024874168884063578,-0.15328945949572761,2.501654722598287e-06,0.038981249999999995,-1.0182375,-0.66740625,0.02779476,-0.21373212,0.03258696
7.048137651756406,9.194034422677078e-17,-4.676140842968174,-2.754397383919499,-0.02490164778250451,-0.15237300294218317,2.485653664402653e-06,0.035437500000000004,-1.0182375,-0.70284375,0.02779476,-0.21373212,0.03833759999999999
7.058380361646414,5.204170427930421e-17,-4.727697895511559,-2.754511432425375,-0.024907068876819167,-0.15218925377865475,2.482445983013665e-06,0.034256249999999995,-1.01469375,-0.6815812499999999,0.08530116,-0.19552176000000002,0.03737916
7.068940259516239,6.938893903907228e-17,-4.757588676286266,-2.755891561358402,-0.024985393375220554,-0.14941485688060518,2.4340346718282784e-06,0.025987499999999997,-1.0229625,-0.7252875,0.01821036,-0.21660744,0.03162852
7.080417346209288,1.2576745200831851e-16,-4.808851229280163,-2.755961525872528,-0.02499041531064469,-0.14922869484259577,2.430787658036055e-06,0.028349999999999997,-1.0961999999999998,-0.7548187499999999,0.03258696,-0.215649,0.0287532
7.09104398265481,7.112366251504909e-17,-4.837964552800738,-2.7567061082201536,-0.025067364138787525,-0.14622993418249688,2.378507066725916e-06,0.02480625,-1.1528999999999998,-0.7229249999999999,0.024919439999999998,-0.21181524,0.05942328
7.102570042014122,2.688821387764051e-17,-4.866369224671238,-2.7567940702704186,-0.02509009548005689,-0.14528510822960067,2.362043880147163e-06,0.02716875,-1.0206,-0.7489124999999999,0.03067008,-0.22139963999999998,0.03162852
7.109265742823482,-8.673617379884035e-18,-4.945387765022587,-2.7568086506437277,-0.025116545044003343,-0.14414652477343803,2.3422101455520165e-06,0.034256249999999995,-1.0513125,-0.7489124999999999,0.03450384,-0.22044119999999998,0.0335454
7.119172433391213,4.85722573273506e-17,-4.973102573314254,-2.756410913161334,-0.02517871098662036,-0.14127745325025687,2.2922584826892087e-06,0.0401625,-1.138725,-0.704025,0.03642072,-0.22044119999999998,0.02683632
7.128468604758382,7.45931094670027e-17,-5.006494010259069,-2.7561405075997962,-0.025198174671327293,-0.14031400025158705,2.2754927596482294e-06,0.03661875,-1.100925,-0.71229375,0.02300256,-0.13993224,0.02971164
7.138786194846034,3.2959746043559335e-17,-5.061384393141371,-2.7551084444903844,-0.025246060461445546,-0.13798795229206495,2.2350516030567007e-06,0.03661875,-1.1292749999999998,-0.6768562499999999,0.02300256,-0.21756588,0.02683632
7.148916658014059,1.0408340855860843e-17,-5.08866135341365,-2.7545103177761305,-0.025266926091858623,-0.1368172023579997,2.2146951926843663e-06,0.03307499999999999,-1.1280937500000001,-0.62251875,0.02779476,-0.17443608000000002,0.0287532
7.159267846494913,4.7704895589362195e-17,-5.149972214097486,-2.754702370996052,-0.02546795572308475,-0.13700481496723108,2.2159031074105897e-06,0.0307125,-1.0761187499999998,-0.5717249999999999,0.023961,-0.14759976,0.023961
7.1733694560825825,5.0306980803327406e-17,-5.175577934928908,-2.7526221823224573,-0.02572827148147303,-0.13385352888754223,2.1590951345753964e-06,0.017718750000000002,-1.0158749999999999,-0.6000749999999999,0.048880440000000004,-0.16101792,0.03067008
7.181412622332573,5.724587470723463e-17,-5.2306080532874715,-2.7524628936058027,-0.026148707933218805,-0.13364061475308153,2.1513171281392026e-06,0.0189,-1.1434499999999999,-0.6000749999999999,0.01725192,-0.1629348,0.02587788
7.189636319875717,1.3530843112619095e-16,-5.260778509324886,-2.749638303189716,-0.026194461229454187,-0.1304603814844261,2.0960796905430057e-06,0.01063125,-1.0583999999999998,-0.6945749999999999,0.024919439999999998,-0.16581011999999998,0.02108568
7.202367918565869,5.551115123125783e-17,-5.315566109128712,-2.749635634623126,-0.026398267552190845,-0.1304519902855662,2.0938763722108115e-06,0.025987499999999997,-1.10683125,-0.73591875,0.01725192,-0.1485582,0.02683632
7.2135563269257545,5.637851296924623e-17,-5.33904449729086,-2.7458147687505847,-0.02685785056814599,-0.12702039179485014,2.030228087141511e-06,0.03189375,-1.2544875,-0.74773125,0.02108568,-0.16197636,0.02683632
7.2234224788844585,-3.0357660829594124e-17,-5.370643032650378,-2.744739835615554,-0.027278825665078773,-0.12619425306294485,2.011791197342824e-06,0.0307125,-1.2710249999999998,-0.68394375,0.01725192,-0.17060232,0.02683632
7.233460454270244,5.377642775528102e-17,-5.430491838710543,-2.7449336502295125,-0.028106276555251573,-0.126361700308002,2.0064996904564247e-06,0.042525,-1.1836125,-0.5941687499999999,0.0143766,-0.16676855999999998,0.023961
7.243911746889353,1.1275702593849246e-17,-5.4533769651519375,-2.740809860302594,-0.028537834667371375,-0.12349660844234238,1.9526913081388602e-06,0.0401625,-1.1458125000000001,-0.6059812499999999,-0.004792199999999999,-0.18689579999999997,0.03162852
7.253686234354973,1.3010426069826053e-17,-5.513157969689175,-2.7414109024419413,-0.029761140999092744,-0.12404950636976947,1.949963443767224e-06,0.025987499999999997,-1.1729812499999999,-0.6059812499999999,-0.00287532,-0.16389324,0.03833759999999999
7.261847162619233,1.0234868508263162e-16,-5.534994272738016,-2.7364576624388883,-0.03038313552033314,-0.12115205179780399,1.8935684120027257e-06,0.025987499999999997,-1.1611687499999999,-0.6130687499999999,-0.01054284,-0.17347764,0.03833759999999999
7.274130234494805,1.0061396160665481e-16,-5.589443444581802,-2.7375383059754874,-0.030934514877781594,-0.12234506069228877,1.908037981640665e-06,0.034256249999999995,-1.2733875,-0.74773125,-0.049838879999999995,-0.18497892,0.04504668
7.287991473451257,1.0408340855860843e-17,-5.616170230354305,-2.7323805246940163,-0.031116294163441676,-0.11986466324304289,1.8630034765930578e-06,0.035437500000000004,-1.2686625,-0.6922125,-0.0670908,-0.15143352,0.03067008
7.2938609309494495,1.0408340855860843e-17,-5.641273047208282,-2.73099212438168,-0.031272655669597714,-0.1196425925120408,1.85708697694406e-06,0.035437500000000004,-1.1434499999999999,-0.6189749999999999,-0.07763364,-0.16485168,0.03067008
7.304961822926998,-3.469446951953614e-17,-5.696092792175367,-2.733048366090748,-0.031138885124027776,-0.12189321985451974,1.895985862103999e-06,0.03307499999999999,-1.1930625,-0.62015625,-0.08817648,-0.17347764,0.03067008
7.31610107421875,1.0061396160665481e-16,-5.721445117718434,-2.726884478169117,-0.030872840755439793,-0.11963663085130535,1.8589878798431812e-06,0.038981249999999995,-1.2096,-0.6012562499999999,-0.09296868,-0.15430884,0.03258696
7.32389447838068,5.551115123125783e-17,-5.7757412318837655,-2.728893692556745,-0.030532779866927075,-0.12189911841420557,1.9001449341284858e-06,0.04725,-1.1552624999999999,-0.6260625,-0.0814674,-0.17443608000000002,0.03162852
7.334091426804662,1.43982048506075e-16,-5.800507780618749,-2.722434015516287,-0.030259145158637396,-0.11984934256819244,1.8667793414685934e-06,0.06614999999999999,-1.1930625,-0.7489124999999999,-0.10063620000000001,-0.18018672,0.02683632
7.343901742249727,1.0755285551056204e-16,-5.854172373553281,-2.7243016973142185,-0.029895987234660273,-0.12231426608054045,1.9114420793519006e-06,0.004725,-1.19188125,-0.6756749999999999,-0.09488556,-0.15526728,0.02587788
7.354097938165069,1.0408340855860843e-16,-5.900288810815999,-2.7189342078997405,-0.029806141323237452,-0.12107781732927482,1.8901225253786127e-06,0.014174999999999998,-1.3442625,-0.6213375,-0.09967775999999999,-0.15718416,0.03546228
7.365999538451433,5.898059818321144e-17,-5.925493974464983,-2.7185163874783926,-0.029635032896212894,-0.12270585514747934,1.918299855418785e-06,0.02953125,-1.33835625,-0.6449625,-0.09871932,-0.17635296,0.048880440000000004
7.373966261744499,1.0408340855860843e-16,-5.9753686509329516,-2.7123036113943173,-0.029547347679869024,-0.1212666575811872,1.8935221995316027e-06,0.04134375,-1.39741875,-0.7229249999999999,-0.09392712,-0.19456332,0.02012724
7.383712673559785,1.9081958235744878e-16,-5.991127876456012,-2.702698655436361,-0.029432694761488912,-0.11899521281331304,1.8544510260550019e-06,0.0401625,-1.2828374999999999,-0.71465625,-0.0910518,-0.143766,0.02971164
7.393905706703663,-3.8163916471489756e-17,-6.016620160007498,-2.7029089680660823,-0.029133925238310925,-0.12226771656050194,1.9111083994407484e-06,0.03189375,-1.25566875,-0.6189749999999999,-0.10255307999999999,-0.13705692,0.024919439999999998
7.403538234531879,1.43982048506075e-16,-6.072723544650415,-2.7036845095192277,-0.029043306782120797,-0.12348819400020339,1.932219452474319e-06,0.03307499999999999,-1.3489875,-0.61070625,-0.09967775999999999,-0.13705692,0.03067008
7.414012243971229,5.898059818321144e-17,-6.0869394446268865,-2.6928857494963427,-0.02891104025035234,-0.12123195440039977,1.8934977741125723e-06,0.038981249999999995,-1.3714312499999999,-0.73355625,-0.09776088000000001,-0.15622572,0.02779476
7.423747191205621,1.0581813203458523e-16,-6.13837073520774,-2.6945428968192213,-0.028711594501283303,-0.12387904602787334,1.939290254499524e-06,0.014174999999999998,-1.35016875,-0.741825,-0.09296868,-0.14568288,0.024919439999999998
7.433809719979763,1.0408340855860843e-16,-6.150856534499537,-2.682270457203386,-0.028550507711847438,-0.12162513085982114,1.9006973529906357e-06,0.025987499999999997,-1.38796875,-0.6449625,-0.09488556,-0.1485582,0.0335454
7.443873565644026,1.0928757898653885e-16,-6.20732369232122,-2.6845755926494985,-0.028347572552963905,-0.12447264145967574,1.949941180739437e-06,0.02480625,-1.33126875,-0.65086875,-0.0910518,-0.14568288,0.0335454
7.453954346477985,1.0061396160665481e-16,-6.219162661494964,-2.671935977238188,-0.02819067305942989,-0.12222390712889335,1.9114839725235097e-06,0.03661875,-1.2355874999999998,-0.6969375,-0.0910518,-0.13993224,0.023961
7.463997606188059,1.0234868508263162e-16,-6.240919634810078,-2.6693030464506022,-0.027959243990807882,-0.12384675255594697,1.939714558542324e-06,0.0378,-1.3915125,-0.6473249999999999,-0.09871932,-0.13801536,0.02683632
7.474140455946326,1.0581813203458523e-16,-6.289002749318678,-2.6688748309539525,-0.027868492835072187,-0.1246562848330374,1.9537610834581582e-06,0.04134375,-1.4175,-0.5658187499999999,-0.00575064,-0.1293894,-0.00191688
7.484191857278347,1.5439038936193583e-16,-6.298171544949321,-2.6539234134627625,-0.027883696248683403,-0.12198681036067757,1.906127723625278e-06,0.03661875,-1.289925,-0.67213125,0.00862596,-0.13322316,0.04696356
7.494185755029321,1.5959455978986625e-16,-6.35356580137065,-2.6565747398450967,-0.0276992314416556,-0.1246294306260903,1.951808739791858e-06,0.0378,-1.337175,-0.70993125,0.023961,-0.16101792,0.03450384
7.505072241649032,1.5092094240998222e-16,-6.3622413177691,-2.6414236936927544,-0.027543227395294783,-0.1219749195498122,1.9064983270863116e-06,0.035437500000000004,-1.31945625,-0.5953499999999999,0.02587788,-0.15143352,0.0287532
7.5147565100342035,6.938893903907228e-18,-6.4100180519096615,-2.641826956809484,-0.02754782515152624,-0.1237909133175673,1.9359405778523664e-06,0.025987499999999997,-1.43285625,-0.5729062500000001,0.03450384,-0.16868544,0.03737916
7.525855189189315,5.204170427930421e-18,-6.418471311998407,-2.626734492759497,-0.027385720417061197,-0.12133544140880037,1.894108272374681e-06,0.02244375,-1.4387625,-0.60834375,0.03546228,-0.16485168,0.03833759999999999
7.535554379224777,6.245004513516506e-17,-6.438317374923762,-2.6231296247691134,-0.027359924429179713,-0.12233752676428565,1.909651656734443e-06,0.038981249999999995,-1.478925,-0.65559375,0.02971164,-0.14472443999999998,0.02108568
7.545940037816763,-4.163336342344337e-17,-6.479342041504699,-2.6221833644821766,-0.02744235181602605,-0.12293205562672534,1.9180006794948516e-06,0.04134375,-1.57815,-0.72646875,0.03258696,-0.14664132000000002,0.03067008
7.556257413700223,8.673617379884035e-18,-6.488436043852574,-2.608094968285426,-0.027612993983509325,-0.12085103992843488,1.8786504696822142e-06,0.028349999999999997,-1.34308125,-0.70875,0.04600512,-0.14568288,0.02779476
7.566301954910159,1.214306433183765e-17,-6.531142893323677,-2.6093183492702745,-0.027434223392637947,-0.12289085338918238,1.913954177389086e-06,0.02244375,-1.4175,-0.73828125,0.03450384,-0.15718416,0.03067008
7.575777865946293,1.5785983631388945e-16,-6.539355479858093,-2.594621613307073,-0.027260195763913087,-0.12084096627507786,1.8792023335281727e-06,0.028349999999999997,-1.5427125,-0.6992999999999999,0.019168799999999996,-0.14951664,0.03067008
7.587049461901188,5.898059818321144e-17,-6.581329315001022,-2.5956075689723805,-0.027257512227643547,-0.12266140373729663,1.908725102222297e-06,0.028349999999999997,-1.3867874999999998,-0.6709499999999999,0.02683632,-0.16005947999999998,0.03162852
7.596331976354122,6.071532165918825e-17,-6.584158454418812,-2.580323304731863,-0.027236776871550572,-0.12059434156737502,1.8717466479653077e-06,0.0378,-1.4671125,-0.6933937499999999,0.03833759999999999,-0.14280756,0.04217136
7.608839280903339,1.0408340855860843e-17,-6.602788142675147,-2.5764013584511276,-0.027070629011862836,-0.1212051142630649,1.8825620876843778e-06,0.02953125,-1.4671125,-0.62251875,0.03642072,-0.13034784,0.02012724
7.616354322060943,6.938893903907228e-18,-6.6372387065320755,-2.5749789123200895,-0.0269906076842672,-0.12161251901196722,1.8897089110385278e-06,0.04134375,-1.41159375,-0.62251875,0.03642072,-0.12843096,0.02779476
7.6270829904824495,1.0408340855860843e-17,-6.645531384768317,-2.5609828370111534,-0.026829858397170774,-0.11976246200505775,1.8584289449093373e-06,0.02953125,-1.5143625,-0.57999375,0.02971164,-0.15430884,0.02683632
7.638158373534679,5.898059818321144e-17,-6.6864211474988995,-2.562010542203736,-0.026747235365942965,-0.12078732677964782,1.8761440225941112e-06,0.042525,-1.48010625,-0.5658187499999999,0.03450384,-0.14951664,0.03546228
7.647352134808898,3.469446951953614e-18,-6.688014836653377,-2.5459948043461287,-0.026607474936945368,-0.11831474029842971,1.8341954810454066e-06,0.042525,-1.46475,-0.5410124999999999,0.03642072,-0.16676855999999998,0.03162852
7.656940791755915,-9.194034422677078e-17,-6.728631174826197,-2.547232667103075,-0.026508010996611937,-0.11954933062768011,1.8555351907078985e-06,0.0307125,-1.46475,-0.543375,0.03642072,-0.15143352,0.03258696
7.66724943369627,-3.642919299551295e-17,-6.728504476763068,-2.5297129514328995,-0.02633873991414927,-0.11706780549250598,1.8135324746827633e-06,0.02480625,-1.4517562499999999,-0.6969375,0.0287532,-0.15526728,0.03450384
7.6778074614703655,0.0,-6.746256099955924,-2.525817807809883,-0.02622284444603608,-0.11727251972104166,1.8173155074589497e-06,0.02480625,-1.5285374999999999,-0.7004812499999999,0.00862596,-0.15335039999999997,0.03067008
7.688739489763975,6.245004513516506e-17,-6.774129128268742,-2.5149929048939246,-0.026114451601626454,-0.11581794428761226,1.792736513274955e-06,0.02716875,-1.5462562499999999,-0.6426,0.04408824,-0.14951664,0.03162852
7.698913669213653,8.673617379884035e-18,-6.785510979627798,-2.509286227191301,-0.026021942650417955,-0.11540010978709321,1.7858338284749274e-06,0.03307499999999999,-1.5037312499999997,-0.5847187500000001,0.05367264,-0.12076343999999999,0.02971164
7.708877870813012,5.724587470723463e-17,-6.824333927703968,-2.5099105584531953,-0.0259719074051378,-0.11602296755791124,1.796599198547678e-06,0.03189375,-1.450575,-0.5410124999999999,0.02683632,-0.15335039999999997,0.03737916
7.719310574233532,6.071532165918825e-17,-6.823564618972448,-2.4922760780509443,-0.02581632519289073,-0.11351850457847786,1.7542325831640654e-06,0.042525,-1.44466875,-0.55755,0.01533504,-0.15143352,0.03737916
7.730008909478784,6.591949208711867e-17,-6.861884879637431,-2.492903491791475,-0.025766297633851593,-0.11414450704677793,1.7650519419404394e-06,0.03307499999999999,-1.5391687499999998,-0.6307875,0.01725192,-0.13801536,0.03162852
7.739943133667111,6.418476861114186e-17,-6.865478731135533,-2.475709591818749,-0.025648570874789594,-0.11141838874511217,1.7188244386729993e-06,0.03307499999999999,-1.460025,-0.6414187499999999,0.04217136,-0.14951664,0.0335454
7.749922374263406,1.214306433183765e-17,-6.903040419185972,-2.4761302295836343,-0.025615296222762762,-0.11183811975244455,1.7260784745745572e-06,0.025987499999999997,-1.5155437499999997,-0.6591374999999999,0.043129799999999996,-0.14184912,0.024919439999999998
7.758754791691899,1.1275702593849246e-17,-6.933100335765941,-2.465342995843009,-0.02554078997184761,-0.11015291024458872,1.6975166293065795e-06,0.035437500000000004,-1.60295625,-0.6815812499999999,0.03642072,-0.143766,0.04504668
7.770131463184953,1.1622647289044608e-16,-6.9354911634495116,-2.4474775343182307,-0.02541623309750609,-0.107399457115837,1.650872737158074e-06,0.03307499999999999,-1.37851875,-0.5362874999999999,0.03450384,-0.15047507999999998,0.0287532
7.779194379225373,1.734723475976807e-17,-6.950054832351955,-2.441897114119305,-0.025377042749396957,-0.10654856755401623,1.6364642745069045e-06,0.02953125,-1.54861875,-0.5103,0.03642072,-0.1629348,0.02587788
7.788758473470807,6.591949208711867e-17,-6.973331183564318,-2.429198454915319,-0.025287380843366892,-0.10462785374533469,1.603949852894226e-06,0.035437500000000004,-1.71163125,-0.57999375,0.03546228,-0.16005947999999998,0.03258696
7.799146614968777,1.0408340855860843e-17,-6.987451373219823,-2.423491385925529,-0.025246873187246065,-0.10377147358664003,1.5894571397176957e-06,0.023625,-1.5509812499999998,-0.62015625,0.03642072,-0.15335039999999997,0.019168799999999996
7.809988025575876,1.196959198423997e-16,-7.02428298468183,-2.424921791982736,-0.025257037997823393,-0.10398572481891252,1.5930827112464234e-06,0.025987499999999997,-1.563975,-0.6532312499999999,0.03162852,-0.16581011999999998,0.02587788
7.819710802286863,1.1709383462843448e-16,-7.025005627254927,-2.4061378924458348,-0.02512292909203937,-0.1011924260094217,1.545827342891892e-06,0.02244375,-1.6277624999999998,-0.72174375,0.03450384,-0.06996612,0.02971164
7.830544115975499,6.245004513516506e-17,-7.061285481977773,-2.407597285298366,-0.025133396193859122,-0.1014079083283952,1.5494717480621963e-06,0.025987499999999997,-1.5769687499999998,-0.58708125,0.03162852,-0.15143352,0.02300256
7.840211886912584,1.1535911115245767e-16,-7.061308118301717,-2.3884379192674134,-0.024995367255892666,-0.09859880690699141,1.5019749508337269e-06,0.023625,-1.5852375,-0.5480999999999999,0.024919439999999998,-0.16005947999999998,0.0287532
7.851068414747715,-4.0766001685454967e-17,-7.075894465989892,-2.3839590861122875,-0.024962913666005112,-0.09794816905202892,1.4909778116230381e-06,0.03189375,-1.5450749999999998,-0.5646374999999999,0.02300256,-0.15718416,0.03162852
7.860459027811885,1.1535911115245767e-16,-7.097867542664892,-2.371910747005067,-0.024875273166748472,-0.0962088409883431,1.4615867736647613e-06,0.0307125,-1.63485,-0.60834375,0.02971164,-0.1485582,0.03162852
7.871155314147472,6.245004513516506e-17,-7.110521953298762,-2.3658296033239483,-0.024830855545443117,-0.09533686098542479,1.4468560591969913e-06,0.025987499999999997,-1.59586875,-0.66740625,0.02683632,-0.14759976,0.02971164
7.881335098296404,1.0408340855860843e-17,-7.145470561677632,-2.3673534417949735,-0.024841997225732847,-0.09555499953656411,1.4505409172953185e-06,0.02716875,-1.6478437499999998,-0.5504625,0.0287532,-0.15622572,0.03450384
7.8911460395902395,1.3010426069826053e-17,-7.141760075101059,-2.3489115723359006,-0.024706660656994305,-0.09293109275320355,1.40622793988741e-06,0.0401625,-1.5592499999999998,-0.48549375,0.03067008,-0.15335039999999997,0.03929604
7.902435390278697,1.1449174941446927e-16,-7.176174726496127,-2.3504613505995593,-0.024718074864729513,-0.09315026799053272,1.4099285103231525e-06,0.025987499999999997,-1.5190875,-0.6059812499999999,0.024919439999999998,-0.14951664,0.03737916
7.912458762526512,1.3010426069826053e-17,-7.171904001479305,-2.3317093259134563,-0.024579476223374096,-0.09051407997993513,1.3654296697495837e-06,0.028349999999999997,-1.573425,-0.5362874999999999,0.02204412,-0.15239196,0.043129799999999996
7.921648910269141,7.806255641895632e-18,-7.185156119250387,-2.3269687503674046,-0.02454427272772676,-0.08985298156633334,1.3542739870678815e-06,0.0212625,-1.6159499999999998,-0.5540062499999999,0.03642072,-0.14759976,0.03162852
7.932331677526236,5.724587470723463e-17,-7.200947812493817,-2.3142249455074455,-0.024449317633743802,-0.08808611512121596,1.3244661853244183e-06,0.038981249999999995,-1.5474374999999998,-0.58708125,0.03450384,-0.16676855999999998,0.03450384
7.942476745694876,6.938893903907228e-18,-7.210281238743212,-2.3094077900675782,-0.024413305722846175,-0.08742208070705938,1.3132663035984485e-06,0.023625,-1.5179062499999998,-0.685125,0.03258696,-0.14664132000000002,0.04025448
7.952860364690423,1.196959198423997e-16,-7.243441033971515,-2.3110158200984006,-0.024425334123052152,-0.08764351322900128,1.317000915743773e-06,0.03307499999999999,-1.6242187499999998,-0.4984875,0.03258696,-0.15335039999999997,0.0335454
7.962771188467741,8.673617379884035e-18,-7.239520867987579,-2.293200738808294,-0.024291680954309815,-0.08520298385660457,1.2758485698338286e-06,0.028349999999999997,-1.4765625,-0.61543125,0.02971164,-0.16581011999999998,0.04217136
7.973348550498486,6.938893903907228e-17,-7.268704105863128,-2.2948317901732285,-0.02430395294798403,-0.08542528061982271,1.2795961462824264e-06,0.03189375,-1.6100437499999998,-0.61425,0.05367264,-0.15335039999999997,0.04025448
7.9840949065983295,6.245004513516506e-17,-7.265947425041333,-2.2784182789813903,-0.024180141340538717,-0.0831985055602097,1.2420634191296129e-06,0.03189375,-1.512,-0.50911875,0.023961,-0.16101792,0.03929604
7.994491836056113,9.540979117872439e-18,-7.274555897629288,-2.2734497215592357,-0.024142525768622383,-0.08252884053253606,1.230779210015238e-06,0.0212625,-1.54861875,-0.58708125,0.024919439999999998,-0.14089068000000002,0.03450384
8.004653105512261,6.158268339717665e-17,-7.28979689522231,-2.261776927860332,-0.024053911681773822,-0.0809634107258129,1.204406487526775e-06,0.02716875,-1.5403499999999999,-0.46186875,0.0287532,-0.11117904,0.02779476
8.014620903879404,5.204170427930421e-18,-7.31806323561183,-2.263451268519612,-0.024066643102097593,-0.08118728823556975,1.2081776626615838e-06,0.0307125,-1.70218125,-0.6685875,0.02300256,-0.09871932,0.02587788
8.024611797183752,-9.627715291671279e-17,-7.314393046117094,-2.246606283640007,-0.023938247982825525,-0.07894489667963343,1.1704121663483378e-06,0.03307499999999999,-1.5805124999999998,-0.47486249999999997,0.0287532,-0.095844,0.03258696
8.034156082198024,1.1102230246251565e-16,-7.3302842380731805,-2.2363913477657116,-0.023860061025717846,-0.07759565804141139,1.1476964474673989e-06,0.034256249999999995,-1.6561125,-0.5953499999999999,0.02012724,-0.07379988,0.03258696
8.04425567574799,6.938893903907228e-18,-7.338077470594529,-2.2312536655390347,-0.0238206452524369,-0.07691998814520234,1.1363230431183842e-06,0.025987499999999997,-1.63839375,-0.50085,0.02587788,-0.10446996,0.07955052
8.0542120821774,6.678685382510707e-17,-7.365408761569108,-2.2329684598203876,-0.023833807682289133,-0.07714528866423102,1.1401153192717575e-06,0.03189375,-1.60768125,-0.52801875,0.03737916,-0.10255307999999999,0.01533504
8.06398936547339,6.505213034913027e-17,-7.3591087616587885,-2.2139832878282655,-0.02368771297058174,-0.07466278957194201,1.0983384105787417e-06,0.034256249999999995,-1.56988125,-0.6213375,0.03737916,-0.09680243999999999,0.02779476
8.074174819514155,6.418476861114186e-17,-7.385968967766422,-2.215720317111088,-0.02370111301636482,-0.07488884913900405,1.1021418790372614e-06,0.02953125,-1.59586875,-0.48667499999999997,0.0335454,-0.09488556,0.0287532
8.084701662883162,6.591949208711867e-17,-7.380936857644557,-2.198250604216506,-0.023566048201554134,-0.07262492079771057,1.0640582263901476e-06,0.034256249999999995,-1.64075625,-0.66740625,0.03162852,-0.09967775999999999,0.02779476
8.094584988430142,5.898059818321144e-17,-7.4073199892393,-2.200007496548899,-0.023579660956655066,-0.07285164418218748,1.0678714427605711e-06,0.03189375,-1.55570625,-0.4984875,0.03642072,-0.09488556,0.04696356
8.108315788209438,1.474514954580286e-17,-7.401840598668425,-2.1823398635076963,-0.023442474549065003,-0.07058116944981872,1.0296918547610284e-06,0.0401625,-1.5462562499999999,-0.54928125,0.03067008,-0.08817648,0.03450384
8.117362927645445,1.474514954580286e-17,-7.408602403093682,-2.1769969373630387,-0.02340086086082477,-0.0698986403607874,1.018217725715941e-06,0.035437500000000004,-1.5462562499999999,-0.59889375,0.03067008,-0.08817648,0.03450384
8.126495089381933,1.6479873021779667e-16,-7.434329867158644,-2.178766249351849,-0.023279228796329317,-0.0701413662376372,1.0240674127642272e-06,0.0307125,-1.611225,-0.5351062499999999,0.0335454,-0.09392712,0.02108568
8.13692126981914,1.0928757898653885e-16,-7.430056081332714,-2.1626394253496026,-0.023154064371006235,-0.06809056850213405,9.89588599577875e-07,0.0378,-1.5852375,-0.64378125,0.03162852,-0.0910518,0.02779476
8.146907368674874,1.6479873021779667e-16,-7.4553096775703285,-2.1644399691968603,-0.023168064334044235,-0.06831871031947634,9.934235882505294e-07,0.02008125,-1.573425,-0.45241875,0.02779476,-0.08913491999999999,0.03258696
8.156445322558284,1.1102230246251565e-16,-7.444092723941891,-2.144515339877318,-0.023012793557095793,-0.06580544302818277,9.511849192134632e-07,0.034256249999999995,-1.71163125,-0.7052062499999999,0.02971164,-0.09871932,0.03546228
8.16693446226418,1.1015494072452725e-16,-7.475389088467352,-2.1499751656226382,-0.023055417086848568,-0.0664916820312551,9.62716185513989e-07,0.014174999999999998,-1.55806875,-0.458325,0.03067008,-0.08242584,0.03737916
8.176445906981826,1.6479873021779667e-16,-7.46379192793992,-2.12986157996482,-0.02289811927151208,-0.06397259371039173,9.203933061358172e-07,0.03307499999999999,-1.5474374999999998,-0.6189749999999999,0.02971164,-0.09201024,0.03737916
8.188420753926039,1.1188966420050406e-16,-7.469542120145995,-2.1243312268181254,-0.02285473819081644,-0.06328421336628537,9.088311589972141e-07,0.03307499999999999,-1.6950937499999998,-0.55755,0.03450384,-0.10446996,0.03258696
8.198855323716998,6.852157730108388e-17,-7.495535491454025,-2.128020256321517,-0.02288368179071342,-0.06374319726233105,9.1654017233647e-07,0.035437500000000004,-1.3915125,-1.063125,0.03546228,-0.04600512,0.02683632
8.207676969468594,-3.8163916471489756e-17,-7.497076123237427,-2.118537448522045,-0.02269293882798663,-0.0623803605670911,8.952766301911303e-07,0.02244375,-1.3915125,-1.3359937499999999,0.043129799999999996,-0.04600512,0.02683632
8.217185446992517,5.204170427930421e-18,-7.515399962967041,-2.125923905172836,-0.02274727495190264,-0.06170666816615009,8.8483501679592e-07,0.014174999999999998,-1.3820625,-1.0276875,0.04504668,-0.019168799999999996,0.03162852
8.227528529241681,-4.5102810375396984e-17,-7.521130678323507,-2.131654620529301,-0.022769249595593656,-0.061032030373594066,8.744971360065831e-07,0.014174999999999998,-1.59350625,-0.59653125,0.02779476,-0.06804924,0.03546228
8.238693058490753,9.540979117872439e-18,-7.5192598235187456,-2.129783765724539,-0.02287056031684998,-0.05758923085220704,8.166771495700089e-07,0.0401625,-1.7647875,-0.47722499999999995,0.01821036,-0.1485582,0.03067008
8.247779864817858,2.1597307275911248e-16,-7.526288545056824,-2.134091608359534,-0.02270353368932743,-0.05715528165693424,8.123580417622903e-07,0.038981249999999995,-1.7789625,-0.42643125,0.01821036,-0.12555564,0.03642072
8.258090948686004,2.194425197110661e-16,-7.524436506447643,-2.1322395697503524,-0.022811210531117513,-0.0553050434915465,7.804074353998228e-07,0.02008125,-1.8687375,-0.45950624999999995,0.02300256,-0.14568288,0.02971164
8.269312398508191,1.1275702593849246e-16,-7.543917175321735,-2.140890672104859,-0.02290854079802154,-0.05600045941629479,7.919140939037802e-07,0.007087499999999999,-1.5450749999999998,-0.47840625,0.0287532,-0.12747251999999998,0.03450384
8.278735622763634,1.1622647289044608e-16,-7.54614781725472,-2.1404274232180938,-0.022935357396206352,-0.0555376847740587,7.839227758426628e-07,-0.035437500000000004,-1.6620187499999999,-0.5610937500000001,0.03929604,-0.12747251999999998,0.02971164
8.289362030103803,1.1535911115245767e-16,-7.554687248558674,-2.1435952927308675,-0.02299024328600194,-0.05553816504089644,7.837314280821105e-07,0.08623125,-1.75651875,-0.6355124999999999,0.0287532,-0.1054284,0.03162852
8.299090078100562,1.1449174941446927e-16,-7.563428336106527,-2.1469864628481483,-0.02303166822165653,-0.0557700645247374,7.875369371348516e-07,0.0543375,-1.7399812499999998,-0.5469187499999999,0.0335454,-0.11213748,0.03546228
8.308653242886066,1.6479873021779667e-16,-7.56790339266928,-2.148794684021622,-0.023045657167401493,-0.056001665095895097,7.914370357780742e-07,0.0307125,-1.6372125,-0.53274375,0.023961,-0.10351152,0.02587788
8.318682357668877,2.211772431870429e-16,-7.57237088132927,-2.150600756400591,-0.02305962306688458,-0.05623320966544933,7.953363429927724e-07,0.035437500000000004,-1.6513874999999998,-0.53274375,0.02587788,-0.09680243999999999,0.03162852
8.328716222196817,2.211772431870429e-16,-7.57237088132927,-2.150600756400591,-0.02305962306688458,-0.05623320966544933,7.953363429927724e-07,0.03189375,-1.6655624999999998,-0.53865,0.02971164,-0.095844,0.03258696
8.339125704020262,2.211772431870429e-16,-7.57237088132927,-2.150600756400591,-0.02305962306688458,-0.05623320966544933,7.953363429927724e-07,0.02244375,-1.72344375,-0.5410124999999999,0.02779476,-0.095844,0.0287532
8.350530350580812,2.211772431870429e-16,-7.57237088132927,-2.150600756400591,-0.02305962306688458,-0.05623320966544933,7.953363429927724e-07,0.0212625,-1.7269875,-0.52565625,0.02587788,-0.09680243999999999,0.02587788
8.360482165589929,1.0755285551056204e-16,-7.577293602663515,-2.152867483223487,-0.0230467152133813,-0.05692700874315576,8.072182588705186e-07,0.03307499999999999,-1.7175375,-0.53274375,0.02012724,-0.10446996,0.047922
8.369668120518327,5.984795992119984e-17,-7.577307560746775,-2.1528814413067465,-0.023189112161708953,-0.05691349794414655,8.052299134970682e-07,0.0307125,-1.71163125,-0.5268375,0.043129799999999996,-0.09392712,0.03258696
8.382512860000134,1.1622647289044608e-16,-7.577321604801352,-2.1528954853613236,-0.02333148592092637,-0.05689984307525212,8.032392545921538e-07,0.042525,-1.7246249999999999,-0.5351062499999999,0.02204412,-0.09201024,0.03258696
8.390537194907665,-3.8163916471489756e-17,-7.57804362368708,-2.1536175042470513,-0.023574055507737147,-0.057564975712230584,8.112159787032296e-07,0.04606875,-1.7269875,-0.5351062499999999,0.03833759999999999,-0.06996612,0.023961
8.400495551526546,8.673617379884035e-18,-7.578057900017042,-2.1536317805770135,-0.023715926135234513,-0.05755084662712455,8.092176627685314e-07,0.04134375,-1.7269875,-0.5303812499999999,0.03546228,-0.07667519999999999,0.03450384
8.41050728596747,1.3877787807814457e-17,-7.578520038658402,-2.154093919218374,-0.02368749537425674,-0.05801244755155448,8.171889247091786e-07,0.04134375,-1.72108125,-0.5303812499999999,0.03162852,-0.08625959999999999,0.04121292
8.42081794142723,1.1796119636642288e-16,-7.578548813583733,-2.154122694143706,-0.02397058704544585,-0.05798369922551017,8.131843722237679e-07,0.042525,-1.7269875,-0.5291999999999999,0.04121292,-0.08625959999999999,0.0335454
8.431830795481801,1.1709383462843448e-16,-7.5783177910594155,-2.1538916716193883,-0.02398509874905158,-0.057752956057744234,8.091997256861182e-07,0.03189375,-1.7246249999999999,-0.53746875,0.04121292,-0.0910518,0.03162852
8.441338142380118,1.1709383462843448e-16,-7.5783177910594155,-2.1538916716193883,-0.02398509874905158,-0.057752956057744234,8.091997256861182e-07,0.02480625,-1.72344375,-0.53274375,0.0335454,-0.0910518,0.023961
8.451052982360125,1.1709383462843448e-16,-7.5783177910594155,-2.1538916716193883,-0.02398509874905158,-0.057752956057744234,8.091997256861182e-07,0.007087499999999999,-1.72935,-0.5303812499999999,0.03067008,-0.09392712,0.03642072
8.46131793782115,4.336808689942018e-18,-7.5736272424427895,-2.1518571175141084,-0.023985093665886296,-0.05729101559863736,8.01328966454125e-07,0.0189,-1.72344375,-0.53274375,0.03067008,-0.0910518,0.03258696
8.47238945402205,4.336808689942018e-18,-7.5736272424427895,-2.1518571175141084,-0.023985093665886296,-0.05729101559863736,8.01328966454125e-07,0.028349999999999997,-1.7281687499999998,-0.533925,0.02971164,-0.0910518,0.0287532
8.481549082323909,4.336808689942018e-18,-7.5736272424427895,-2.1518571175141084,-0.023985093665886296,-0.05729101559863736,8.01328966454125e-07,0.04134375,-1.7281687499999998,-0.5291999999999999,0.03067008,-0.09296868,0.03258696
8.492100920528173,4.336808689942018e-18,-7.5736272424427895,-2.1518571175141084,-0.023985093665886296,-0.05729101559863736,8.01328966454125e-07,0.02953125,-1.72344375,-0.5351062499999999,0.048880440000000004,-0.08913491999999999,0.02204412
8.50381387770176,4.336808689942018e-18,-7.5736272424427895,-2.1518571175141084,-0.023985093665886296,-0.05729101559863736,8.01328966454125e-07,0.0378,-1.72580625,-0.53274375,0.02971164,-0.08242584,0.03162852
8.512254560366273,1.1275702593849246e-17,-7.5733960450337054,-2.1516259201050247,-0.02399956789929007,-0.057060098705471664,7.973413561237616e-07,0.0307125,-1.7246249999999999,-0.53274375,0.0287532,-0.10351152,0.02683632
8.522755594924092,1.0408340855860843e-17,-7.57316478940538,-2.1513946644767,-0.02401402776035606,-0.056829124752212024,7.933527725034415e-07,0.02953125,-1.7222624999999998,-0.5315625,0.03067008,-0.10063620000000001,0.0143766
8.533062906935811,1.0408340855860843e-17,-7.57316478940538,-2.1513946644767,-0.02401402776035606,-0.056829124752212024,7.933527725034415e-07,0.038981249999999995,-1.72344375,-0.5291999999999999,0.02683632,-0.09776088000000001,0.0335454
8.542864441871643,1.0408340855860843e-17,-7.57316478940538,-2.1513946644767,-0.02401402776035606,-0.056829124752212024,7.933527725034415e-07,0.038981249999999995,-1.72344375,-0.533925,0.03162852,-0.09392712,0.02683632
8.553157741203904,1.0408340855860843e-17,-7.57316478940538,-2.1513946644767,-0.02401402776035606,-0.056829124752212024,7.933527725034415e-07,0.034256249999999995,-1.7246249999999999,-0.5351062499999999,0.04408824,-0.09488556,0.02587788
8.562837271019816,1.0408340855860843e-17,-7.57316478940538,-2.1513946644767,-0.02401402776035606,-0.056829124752212024,7.933527725034415e-07,0.0378,-1.7269875,-0.5315625,0.03450384,-0.0910518,0.03737916
8.574108995497227,1.0408340855860843e-17,-7.57316478940538,-2.1513946644767,-0.02401402776035606,-0.056829124752212024,7.933527725034415e-07,0.02480625,-1.72580625,-0.53274375,0.01150128,-0.09296868,0.043129799999999996
8.583888599649072,1.0408340855860843e-17,-7.57316478940538,-2.1513946644767,-0.02401402776035606,-0.056829124752212024,7.933527725034415e-07,0.0212625,-1.7269875,-0.5351062499999999,0.00766752,-0.09776088000000001,0.02779476
8.59433926269412,1.0408340855860843e-17,-7.57316478940538,-2.1513946644767,-0.02401402776035606,-0.056829124752212024,7.933527725034415e-07,0.0212625,-1.7246249999999999,-0.5315625,0.02779476,-0.09488556,0.02300256
8.604609668254852,1.0408340855860843e-17,-7.57316478940538,-2.1513946644767,-0.02401402776035606,-0.056829124752212024,7.933527725034415e-07,0.02716875,-1.72108125,-0.5351062499999999,0.03067008,-0.09201024,0.03067008
8.614224430173635,1.0408340855860843e-17,-7.57316478940538,-2.1513946644767,-0.02401402776035606,-0.056829124752212024,7.933527725034415e-07,0.028349999999999997,-1.7175375,-0.5351062499999999,0.0335454,-0.09392712,0.02587788
8.62379383854568,1.0408340855860843e-17,-7.57316478940538,-2.1513946644767,-0.02401402776035606,-0.056829124752212024,7.933527725034415e-07,0.04725,-1.7222624999999998,-0.53746875,0.02971164,-0.0814674,-0.06038171999999999
8.633621901273727,1.0408340855860843e-17,-7.57316478940538,-2.1513946644767,-0.02401402776035606,-0.056829124752212024,7.933527725034415e-07,0.04134375,-1.7269875,-0.533925,0.03450384,-0.09009336,0.03258696
8.643689157441258,1.0408340855860843e-17,-7.57316478940538,-2.1513946644767,-0.02401402776035606,-0.056829124752212024,7.933527725034415e-07,0.035437500000000004,-1.7305312499999999,-0.5268375,0.03642072,-0.09967775999999999,0.03162852
8.653789026662707,1.0408340855860843e-17,-7.57316478940538,-2.1513946644767,-0.02401402776035606,-0.056829124752212024,7.933527725034415e-07,0.0378,-1.7222624999999998,-0.52801875,0.03450384,-0.09967775999999999,0.03642072
8.66389256902039,1.0408340855860843e-17,-7.57316478940538,-2.1513946644767,-0.02401402776035606,-0.056829124752212024,7.933527725034415e-07,0.0307125,-1.7269875,-0.5315625,0.019168799999999996,-0.095844,0.03450384
8.674000320956111,1.0408340855860843e-17,-7.57316478940538,-2.1513946644767,-0.02401402776035606,-0.056829124752212024,7.933527725034415e-07,0.02244375,-1.72344375,-0.5351062499999999,0.03546228,-0.10446996,0.04600512
8.684045653790236,1.0408340855860843e-17,-7.57316478940538,-2.1513946644767,-0.02401402776035606,-0.056829124752212024,7.933527725034415e-07,0.0212625,-1.72580625,-0.5291999999999999,0.03162852,-0.09967775999999999,0.02971164
8.69410826265812,1.0408340855860843e-17,-7.57316478940538,-2.1513946644767,-0.02401402776035606,-0.056829124752212024,7.933527725034415e-07,0.01535625,-1.72344375,-0.53274375,0.01725192,-0.07092456,0.0287532
8.705281978473067,1.0408340855860843e-17,-7.57316478940538,-2.1513946644767,-0.02401402776035606,-0.056829124752212024,7.933527725034415e-07,0.0212625,-1.7246249999999999,-0.5362874999999999,0.03546228,-0.10255307999999999,0.03067008
8.714220229536295,1.0408340855860843e-17,-7.57316478940538,-2.1513946644767,-0.02401402776035606,-0.056829124752212024,7.933527725034415e-07,0.03661875,-1.72344375,-0.52801875,0.03546228,-0.09871932,0.0335454
8.725436178967357,1.0408340855860843e-17,-7.57316478940538,-2.1513946644767,-0.02401402776035606,-0.056829124752212024,7.933527725034415e-07,0.0307125,-1.7281687499999998,-0.5315625,0.02971164,-0.08721804000000001,0.04025448
8.73559832572937,1.0408340855860843e-17,-7.57316478940538,-2.1513946644767,-0.02401402776035606,-0.056829124752212024,7.933527725034415e-07,0.02953125,-1.72344375,-0.53746875,0.0287532,-0.04121292,0.03929604
8.745399193838239,1.0408340855860843e-17,-7.57316478940538,-2.1513946644767,-0.02401402776035606,-0.056829124752212024,7.933527725034415e-07,0.0378,-1.72344375,-0.533925,0.02587788,-0.09296868,0.02683632
8.754900405183434,1.0408340855860843e-17,-7.57316478940538,-2.1513946644767,-0.02401402776035606,-0.056829124752212024,7.933527725034415e-07,0.023625,-1.7317125,-0.533925,0.02971164,-0.09967775999999999,0.03067008
8.765549117699265,1.0408340855860843e-17,-7.57316478940538,-2.1513946644767,-0.02401402776035606,-0.056829124752212024,7.933527725034415e-07,0.02480625,-1.72580625,-0.5303812499999999,0.0287532,-0.09680243999999999,0.02587788
8.775650154799223,1.0408340855860843e-17,-7.57316478940538,-2.1513946644767,-0.02401402776035606,-0.056829124752212024,7.933527725034415e-07,0.038981249999999995,-1.72344375,-0.52801875,0.03162852,-0.08721804000000001,0.03833759999999999
8.78875588811934,1.0408340855860843e-17,-7.57316478940538,-2.1513946644767,-0.02401402776035606,-0.056829124752212024,7.933527725034415e-07,0.04134375,-1.72580625,-0.533925,0.02971164,-0.09392712,0.02012724
8.79573753848672,1.0408340855860843e-17,-7.57316478940538,-2.1513946644767,-0.02401402776035606,-0.056829124752212024,7.933527725034415e-07,0.025987499999999997,-1.7269875,-0.533925,0.03162852,-0.09488556,0.03067008
8.80895734578371,1.0408340855860843e-17,-7.57316478940538,-2.1513946644767,-0.02401402776035606,-0.056829124752212024,7.933527725034415e-07,0.0307125,-1.72935,-0.5303812499999999,0.03258696,-0.09392712,0.03450384
8.817546650767326,1.0408340855860843e-17,-7.57316478940538,-2.1513946644767,-0.02401402776035606,-0.056829124752212024,7.933527725034415e-07,0.02244375,-1.72935,-0.5303812499999999,0.03258696,-0.095844,0.02587788
8.826579354703426,1.0408340855860843e-17,-7.57316478940538,-2.1513946644767,-0.02401402776035606,-0.056829124752212024,7.933527725034415e-07,0.0189,-1.7246249999999999,-0.5351062499999999,0.03258696,-0.095844,0.03067008
8.837702775374055,1.0408340855860843e-17,-7.57316478940538,-2.1513946644767,-0.02401402776035606,-0.056829124752212024,7.933527725034415e-07,0.02716875,-1.72344375,-0.5351062499999999,0.03737916,-0.08913491999999999,0.02683632
8.847467573359609,1.0408340855860843e-17,-7.57316478940538,-2.1513946644767,-0.02401402776035606,-0.056829124752212024,7.933527725034415e-07,0.0307125,-1.72344375,-0.5351062499999999,0.0335454,-0.09488556,0.03642072
8.857404921203852,1.0408340855860843e-17,-7.57316478940538,-2.1513946644767,-0.02401402776035606,-0.056829124752212024,7.933527725034415e-07,0.02480625,-1.72580625,-0.5291999999999999,0.03162852,-0.0814674,0.01533504
8.86807176284492,1.0408340855860843e-17,-7.57316478940538,-2.1513946644767,-0.02401402776035606,-0.056829124752212024,7.933527725034415e-07,0.02953125,-1.7246249999999999,-0.53274375,0.03258696,-0.09296868,0.03450384
8.87807053886354,1.0408340855860843e-17,-7.57316478940538,-2.1513946644767,-0.02401402776035606,-0.056829124752212024,7.933527725034415e-07,0.0307125,-1.72344375,-0.5315625,0.0335454,-0.09392712,0.0335454
8.887950075790286,1.0408340855860843e-17,-7.57316478940538,-2.1513946644767,-0.02401402776035606,-0.056829124752212024,7.933527725034415e-07,0.04134375,-1.72935,-0.5268375,0.02971164,-0.09680243999999999,0.03929604
8.897753577679396,1.0408340855860843e-17,-7.57316478940538,-2.1513946644767,-0.02401402776035606,-0.056829124752212024,7.933527725034415e-07,0.04725,-1.72580625,-0.5303812499999999,0.02683632,-0.09488556,0.024919439999999998
8.910504434257746,1.0408340855860843e-17,-7.57316478940538,-2.1513946644767,-0.02401402776035606,-0.056829124752212024,7.933527725034415e-07,0.03307499999999999,-1.72580625,-0.5315625,0.0287532,-0.08625959999999999,0.023961
8.918478505685925,1.0408340855860843e-17,-7.57316478940538,-2.1513946644767,-0.02401402776035606,-0.056829124752212024,7.933527725034415e-07,0.025987499999999997,-1.72344375,-0.5303812499999999,0.023961,-0.09201024,0.02779476
8.928988978266716,1.0408340855860843e-17,-7.57316478940538,-2.1513946644767,-0.02401402776035606,-0.056829124752212024,7.933527725034415e-07,0.00945,-1.7281687499999998,-0.533925,0.03258696,-0.09201024,0.02683632
8.939148081466556,1.0408340855860843e-17,-7.57316478940538,-2.1513946644767,-0.02401402776035606,-0.056829124752212024,7.933527725034415e-07,0.0118125,-1.7222624999999998,-0.5303812499999999,0.03546228,-0.0910518,0.03450384
8.949446558952332,1.0408340855860843e-17,-7.57316478940538,-2.1513946644767,-0.02401402776035606,-0.056829124752212024,7.933527725034415e-07,0.02953125,-1.72108125,-0.5303812499999999,0.02108568,-0.095844,0.03067008
8.959885839372873,1.0408340855860843e-17,-7.57316478940538,-2.1513946644767,-0.02401402776035606,-0.056829124752212024,7.933527725034415e-07,0.03189375,-1.7246249999999999,-0.5362874999999999,0.01725192,-0.08913491999999999,0.02971164
8.969840053468943,1.0408340855860843e-17,-7.57316478940538,-2.1513946644767,-0.02401402776035606,-0.056829124752212024,7.933527725034415e-07,0.04134375,-1.7246249999999999,-0.5303812499999999,0.024919439999999998,-0.10351152,0.0287532
8.979263281449676,1.0408340855860843e-17,-7.57316478940538,-2.1513946644767,-0.02401402776035606,-0.056829124752212024,7.933527725034415e-07,0.03307499999999999,-1.72344375,-0.53274375,0.02204412,-0.095844,0.0287532
8.993160601705313,1.0408340855860843e-17,-7.57316478940538,-2.1513946644767,-0.02401402776035606,-0.056829124752212024,7.933527725034415e-07,0.03189375,-1.72580625,-0.53274375,0.03162852,-0.09009336,0.02779476
9.001723917201161,1.0408340855860843e-17,-7.57316478940538,-2.1513946644767,-0.02401402776035606,-0.056829124752212024,7.933527725034415e-07,0.0378,-1.7246249999999999,-0.533925,0.03833759999999999,-0.09488556,0.02108568
9.013815158978105,1.0408340855860843e-17,-7.57316478940538,-2.1513946644767,-0.02401402776035606,-0.056829124752212024,7.933527725034415e-07,0.02953125,-1.7222624999999998,-0.5362874999999999,0.02971164,-0.09009336,0.03642072
9.021942296996713,1.0408340855860843e-17,-7.57316478940538,-2.1513946644767,-0.02401402776035606,-0.056829124752212024,7.933527725034415e-07,0.04134375,-1.7222624999999998,-0.5362874999999999,0.03833759999999999,-0.12555564,0.03258696
9.031844023615122,1.0408340855860843e-17,-7.57316478940538,-2.1513946644767,-0.02401402776035606,-0.056829124752212024,7.933527725034415e-07,0.02716875,-1.7246249999999999,-0.5315625,0.049838879999999995,-0.08434272,0.03833759999999999
9.04323522746563,1.0408340855860843e-17,-7.57316478940538,-2.1513946644767,-0.02401402776035606,-0.056829124752212024,7.933527725034415e-07,0.03189375,-1.7199,-0.52801875,0.024919439999999998,-0.08817648,0.04025448
9.051932698115706,1.0408340855860843e-17,-7.57316478940538,-2.1513946644767,-0.02401402776035606,-0.056829124752212024,7.933527725034415e-07,0.03189375,-1.72344375,-0.5303812499999999,0.03067008,-0.09296868,0.03929604
9.062416277825832,1.0408340855860843e-17,-7.57316478940538,-2.1513946644767,-0.02401402776035606,-0.056829124752212024,7.933527725034415e-07,0.025987499999999997,-1.7246249999999999,-0.53983125,0.02779476,-0.09392712,0.02971164
9.072304751724005,1.0408340855860843e-17,-7.57316478940538,-2.1513946644767,-0.02401402776035606,-0.056829124752212024,7.933527725034415e-07,0.03307499999999999,-1.7246249999999999,-0.5362874999999999,0.0287532,-0.10063620000000001,0.019168799999999996
9.083248618990183,1.0408340855860843e-17,-7.57316478940538,-2.1513946644767,-0.02401402776035606,-0.056829124752212024,7.933527725034415e-07,0.028349999999999997,-1.7199,-0.5351062499999999,0.02779476,-0.07955052,0.04504668
9.092820528894663,1.0408340855860843e-17,-7.57316478940538,-2.1513946644767,-0.02401402776035606,-0.056829124752212024,7.933527725034415e-07,0.02953125,-1.7246249999999999,-0.5303812499999999,0.0287532,-0.08817648,0.03929604
9.103091862052679,1.0408340855860843e-17,-7.57316478940538,-2.1513946644767,-0.02401402776035606,-0.056829124752212024,7.933527725034415e-07,0.04134375,-1.7246249999999999,-0.5315625,0.02683632,-0.10159464,0.0335454
9.11643617786467,1.0408340855860843e-17,-7.57316478940538,-2.1513946644767,-0.02401402776035606,-0.056829124752212024,7.933527725034415e-07,0.043706249999999995,-1.7246249999999999,-0.5303812499999999,0.0287532,-0.09296868,0.0287532
9.125560276210308,1.0408340855860843e-17,-7.57316478940538,-2.1513946644767,-0.02401402776035606,-0.056829124752212024,7.933527725034415e-07,0.042525,-1.7246249999999999,-0.5291999999999999,0.02971164,-0.09009336,0.03258696
9.135605046525598,1.0408340855860843e-17,-7.57316478940538,-2.1513946644767,-0.02401402776035606,-0.056829124752212024,7.933527725034415e-07,0.04606875,-1.7246249999999999,-0.5303812499999999,0.02683632,-0.09488556,0.03642072
9.147040002048016,1.0408340855860843e-17,-7.57316478940538,-2.1513946644767,-0.02401402776035606,-0.056829124752212024,7.933527725034415e-07,0.034256249999999995,-1.7222624999999998,-0.533925,0.03067008,-0.08242584,0.02587788
9.157460002228618,1.0408340855860843e-17,-7.57316478940538,-2.1513946644767,-0.02401402776035606,-0.056829124752212024,7.933527725034415e-07,0.028349999999999997,-1.7281687499999998,-0.53274375,0.03162852,-0.09392712,0.02779476
9.16968559473753,1.0408340855860843e-17,-7.57316478940538,-2.1513946644767,-0.02401402776035606,-0.056829124752212024,7.933527725034415e-07,0.02953125,-1.72580625,-0.53274375,0.00670908,-0.09201024,0.03450384
9.178599802777171,1.0408340855860843e-17,-7.57316478940538,-2.1513946644767,-0.02401402776035606,-0.056829124752212024,7.933527725034415e-07,0.014174999999999998,-1.72344375,-0.5351062499999999,0.03258696,-0.095844,0.03162852
9.187568111345172,1.0408340855860843e-17,-7.57316478940538,-2.1513946644767,-0.02401402776035606,-0.056829124752212024,7.933527725034415e-07,0.025987499999999997,-1.72344375,-0.5362874999999999,0.03258696,-0.09296868,0.03929604
9.202364081516862,1.0408340855860843e-17,-7.57316478940538,-2.1513946644767,-0.02401402776035606,-0.056829124752212024,7.933527725034415e-07,0.038981249999999995,-1.7269875,-0.533925,0.03258696,-0.10063620000000001,0.01341816
9.207249177619815,1.0408340855860843e-17,-7.57316478940538,-2.1513946644767,-0.02401402776035606,-0.056829124752212024,7.933527725034415e-07,0.038981249999999995,-1.7269875,-0.533925,0.03258696,-0.10063620000000001,0.01341816
9.218535829335451,1.0408340855860843e-17,-7.57316478940538,-2.1513946644767,-0.02401402776035606,-0.056829124752212024,7.933527725034415e-07,0.035437500000000004,-1.72580625,-0.53274375,0.0335454,-0.09201024,0.02587788
9.22793553210795,1.0408340855860843e-17,-7.57316478940538,-2.1513946644767,-0.02401402776035606,-0.056829124752212024,7.933527725034415e-07,0.035437500000000004,-1.7246249999999999,-0.5315625,0.03546228,-0.10255307999999999,0.02012724
9.238204093649983,1.0408340855860843e-17,-7.57316478940538,-2.1513946644767,-0.02401402776035606,-0.056829124752212024,7.933527725034415e-07,0.035437500000000004,-1.72108125,-0.533925,0.03546228,-0.08721804000000001,0.03067008
9.248917562887073,1.0408340855860843e-17,-7.57316478940538,-2.1513946644767,-0.02401402776035606,-0.056829124752212024,7.933527725034415e-07,0.03307499999999999,-1.72580625,-0.5303812499999999,0.03162852,-0.09201024,0.02683632
9.258784031495452,1.0408340855860843e-17,-7.57316478940538,-2.1513946644767,-0.02401402776035606,-0.056829124752212024,7.933527725034415e-07,0.0307125,-1.72344375,-0.5315625,0.03162852,-0.09967775999999999,0.02683632
9.268912557512522,1.0408340855860843e-17,-7.57316478940538,-2.1513946644767,-0.02401402776035606,-0.056829124752212024,7.933527725034415e-07,0.0378,-1.72344375,-0.5351062499999999,0.03546228,-0.08913491999999999,0.03258696
9.27890882641077,1.0408340855860843e-17,-7.57316478940538,-2.1513946644767,-0.02401402776035606,-0.056829124752212024,7.933527725034415e-07,0.0378,-1.7246249999999999,-0.533925,0.0335454,-0.08913491999999999,0.02300256
9.28912778571248,1.0408340855860843e-17,-7.57316478940538,-2.1513946644767,-0.02401402776035606,-0.056829124752212024,7.933527725034415e-07,0.03189375,-1.7246249999999999,-0.5351062499999999,0.03258696,-0.09201024,0.03546228
9.299352135509253,1.0408340855860843e-17,-7.57316478940538,-2.1513946644767,-0.02401402776035606,-0.056829124752212024,7.933527725034415e-07,0.0212625,-1.7269875,-0.53274375,0.00383376,-0.09201024,0.02683632
9.309691090136766,1.0408340855860843e-17,-7.57316478940538,-2.1513946644767,-0.02401402776035606,-0.056829124752212024,7.933527725034415e-07,0.0189,-1.7199,-0.5362874999999999,0.00383376,-0.10830372,0.0287532
9.319146521389484,1.0408340855860843e-17,-7.57316478940538,-2.1513946644767,-0.02401402776035606,-0.056829124752212024,7.933527725034415e-07,0.025987499999999997,-1.7246249999999999,-0.5303812499999999,0.024919439999999998,-0.08913491999999999,0.02971164
9.329554682597518,1.0408340855860843e-17,-7.57316478940538,-2.1513946644767,-0.02401402776035606,-0.056829124752212024,7.933527725034415e-07,0.02480625,-1.72108125,-0.5268375,0.02971164,-0.0910518,0.03737916
9.339286157861352,1.0408340855860843e-17,-7.57316478940538,-2.1513946644767,-0.02401402776035606,-0.056829124752212024,7.933527725034415e-07,0.0307125,-1.72344375,-0.533925,0.03929604,-0.10159464,0.0287532
9.3510746601969,1.0408340855860843e-17,-7.57316478940538,-2.1513946644767,-0.02401402776035606,-0.056829124752212024,7.933527725034415e-07,0.03307499999999999,-1.7246249999999999,-0.53274375,0.019168799999999996,-0.048880440000000004,0.03642072
9.359715344384313,1.0408340855860843e-17,-7.57316478940538,-2.1513946644767,-0.02401402776035606,-0.056829124752212024,7.933527725034415e-07,0.038981249999999995,-1.7269875,-0.5291999999999999,0.01629348,-0.10446996,0.03737916
9.371432090178132,1.0408340855860843e-17,-7.57316478940538,-2.1513946644767,-0.02401402776035606,-0.056829124752212024,7.933527725034415e-07,0.042525,-1.72935,-0.533925,0.04025448,-0.09967775999999999,0.04217136
9.381040841341019,1.0408340855860843e-17,-7.57316478940538,-2.1513946644767,-0.02401402776035606,-0.056829124752212024,7.933527725034415e-07,0.034256249999999995,-1.72108125,-0.5315625,0.03258696,-0.09296868,0.0287532
9.390193050727248,1.0408340855860843e-17,-7.57316478940538,-2.1513946644767,-0.02401402776035606,-0.056829124752212024,7.933527725034415e-07,0.0401625,-1.7246249999999999,-0.5303812499999999,0.0287532,-0.09296868,0.03546228
9.401643907651305,1.0408340855860843e-17,-7.57316478940538,-2.1513946644767,-0.02401402776035606,-0.056829124752212024,7.933527725034415e-07,0.0378,-1.7246249999999999,-0.53746875,0.03162852,-0.09776088000000001,0.02587788
9.411652276292443,1.0408340855860843e-17,-7.57316478940538,-2.1513946644767,-0.02401402776035606,-0.056829124752212024,7.933527725034415e-07,0.017718750000000002,-1.7222624999999998,-0.5351062499999999,0.03450384,-0.09392712,0.03737916
9.421069888398051,1.0408340855860843e-17,-7.57316478940538,-2.1513946644767,-0.02401402776035606,-0.056829124752212024,7.933527725034415e-07,0.01535625,-1.72344375,-0.53274375,0.03546228,-0.09392712,0.02587788
9.432163901627064,1.0408340855860843e-17,-7.57316478940538,-2.1513946644767,-0.02401402776035606,-0.056829124752212024,7.933527725034415e-07,0.014174999999999998,-1.7281687499999998,-0.5303812499999999,0.03642072,-0.10063620000000001,0.02587788
9.44209104590118,1.0408340855860843e-17,-7.57316478940538,-2.1513946644767,-0.02401402776035606,-0.056829124752212024,7.933527725034415e-07,0.025987499999999997,-1.7246249999999999,-0.53746875,0.03546228,-0.095844,0.02204412
9.451981585472822,1.0408340855860843e-17,-7.57316478940538,-2.1513946644767,-0.02401402776035606,-0.056829124752212024,7.933527725034415e-07,0.04134375,-1.7222624999999998,-0.53865,0.03450384,-0.09296868,0.023961
9.46271456591785,1.0408340855860843e-17,-7.57316478940538,-2.1513946644767,-0.02401402776035606,-0.056829124752212024,7.933527725034415e-07,0.03307499999999999,-1.7222624999999998,-0.5303812499999999,0.03833759999999999,-0.10351152,0.02683632
9.471646282821894,1.0408340855860843e-17,-7.57316478940538,-2.1513946644767,-0.02401402776035606,-0.056829124752212024,7.933527725034415e-07,0.0307125,-1.7281687499999998,-0.53274375,0.03833759999999999,-0.09488556,0.03162852
9.482362389564514,1.0408340855860843e-17,-7.57316478940538,-2.1513946644767,-0.02401402776035606,-0.056829124752212024,7.933527725034415e-07,0.03307499999999999,-1.72580625,-0.53274375,0.0335454,-0.09488556,0.02587788
9.493565663695335,1.0408340855860843e-17,-7.57316478940538,-2.1513946644767,-0.02401402776035606,-0.056829124752212024,7.933527725034415e-07,0.03307499999999999,-1.72580625,-0.53274375,0.0335454,-0.09009336,0.03162852
9.503848621621728,1.0408340855860843e-17,-7.57316478940538,-2.1513946644767,-0.02401402776035606,-0.056829124752212024,7.933527725034415e-07,0.034256249999999995,-1.72344375,-0.5362874999999999,0.03642072,-0.095844,0.03067008
9.513806549832225,1.0408340855860843e-17,-7.57316478940538,-2.1513946644767,-0.02401402776035606,-0.056829124752212024,7.933527725034415e-07,0.034256249999999995,-1.7281687499999998,-0.5351062499999999,0.03067008,-0.10159464,0.02779476
9.524291202425957,1.0408340855860843e-17,-7.57316478940538,-2.1513946644767,-0.02401402776035606,-0.056829124752212024,7.933527725034415e-07,0.0401625,-1.72344375,-0.53746875,0.0287532,-0.10063620000000001,0.03642072
9.533738205209374,1.0408340855860843e-17,-7.57316478940538,-2.1513946644767,-0.02401402776035606,-0.056829124752212024,7.933527725034415e-07,0.0307125,-1.7269875,-0.5351062499999999,0.0287532,-0.08434272,-0.03546228
9.544257078319788,1.0408340855860843e-17,-7.57316478940538,-2.1513946644767,-0.02401402776035606,-0.056829124752212024,7.933527725034415e-07,0.0307125,-1.7246249999999999,-0.52801875,0.05367264,-0.09009336,0.03642072
9.55344376526773,1.0408340855860843e-17,-7.57316478940538,-2.1513946644767,-0.02401402776035606,-0.056829124752212024,7.933527725034415e-07,0.03189375,-1.72580625,-0.53274375,0.023961,-0.09201024,0.03833759999999999
9.563938865438104,1.0408340855860843e-17,-7.57316478940538,-2.1513946644767,-0.02401402776035606,-0.056829124752212024,7.933527725034415e-07,0.02008125,-1.7281687499999998,-0.5351062499999999,0.0575064,-0.08625959999999999,0.02683632
9.574898537248373,1.0408340855860843e-17,-7.57316478940538,-2.1513946644767,-0.02401402776035606,-0.056829124752212024,7.933527725034415e-07,0.02008125,-1.72935,-0.53274375,0.01821036,-0.09680243999999999,0.02971164
9.584405777975917,1.0408340855860843e-17,-7.57316478940538,-2.1513946644767,-0.02401402776035606,-0.056829124752212024,7.933527725034415e-07,0.03189375,-1.715175,-0.5351062499999999,0.01725192,-0.09296868,0.02779476
9.595361998304725,1.0408340855860843e-17,-7.57316478940538,-2.1513946644767,-0.02401402776035606,-0.056829124752212024,7.933527725034415e-07,0.02953125,-1.72344375,-0.533925,0.04217136,-0.09871932,0.02779476
9.608220774680376,1.0408340855860843e-17,-7.57316478940538,-2.1513946644767,-0.02401402776035606,-0.056829124752212024,7.933527725034415e-07,0.053156249999999995,-1.7269875,-0.5315625,0.019168799999999996,-0.0910518,0.02779476
9.615566741675138,1.0408340855860843e-17,-7.57316478940538,-2.1513946644767,-0.02401402776035606,-0.056829124752212024,7.933527725034415e-07,0.04134375,-1.7281687499999998,-0.5303812499999999,0.023961,-0.09488556,0.03833759999999999
9.625322906300426,1.0408340855860843e-17,-7.57316478940538,-2.1513946644767,-0.02401402776035606,-0.056829124752212024,7.933527725034415e-07,0.03307499999999999,-1.72580625,-0.533925,0.02971164,-0.09009336,0.03450384
9.636201109737158,1.0408340855860843e-17,-7.57316478940538,-2.1513946644767,-0.02401402776035606,-0.056829124752212024,7.933527725034415e-07,0.03661875,-1.72344375,-0.5351062499999999,0.03067008,-0.08913491999999999,0.023961
9.64593806490302,1.0408340855860843e-17,-7.57316478940538,-2.1513946644767,-0.02401402776035606,-0.056829124752212024,7.933527725034415e-07,0.0307125,-1.7222624999999998,-0.5351062499999999,0.02587788,-0.0910518,0.02683632
9.655691392719746,1.0408340855860843e-17,-7.57316478940538,-2.1513946644767,-0.02401402776035606,-0.056829124752212024,7.933527725034415e-07,0.01063125,-1.72344375,-0.5291999999999999,0.02683632,-0.09776088000000001,0.02683632
9.665924046188593,1.0408340855860843e-17,-7.57316478940538,-2.1513946644767,-0.02401402776035606,-0.056829124752212024,7.933527725034415e-07,0.017718750000000002,-1.7199,-0.5303812499999999,0.02779476,-0.09776088000000001,0.02012724
9.675671685487032,1.0408340855860843e-17,-7.57316478940538,-2.1513946644767,-0.02401402776035606,-0.056829124752212024,7.933527725034415e-07,0.02008125,-1.7222624999999998,-0.53746875,0.03067008,-0.11309591999999999,0.02587788
9.686352653428912,1.0408340855860843e-17,-7.57316478940538,-2.1513946644767,-0.02401402776035606,-0.056829124752212024,7.933527725034415e-07,0.02953125,-1.7269875,-0.533925,0.03162852,-0.08242584,0.02300256
9.697464002296329,1.0408340855860843e-17,-7.57316478940538,-2.1513946644767,-0.02401402776035606,-0.056829124752212024,7.933527725034415e-07,0.0378,-1.72344375,-0.5291999999999999,0.02587788,-0.08434272,0.024919439999999998
9.706015713512897,1.0408340855860843e-17,-7.57316478940538,-2.1513946644767,-0.02401402776035606,-0.056829124752212024,7.933527725034415e-07,0.04725,-1.7246249999999999,-0.53983125,0.03258696,-0.09392712,0.02204412
9.716580895707011,1.0408340855860843e-17,-7.57316478940538,-2.1513946644767,-0.02401402776035606,-0.056829124752212024,7.933527725034415e-07,0.03307499999999999,-1.7187187499999999,-0.53746875,0.0287532,-0.09201024,0.02587788
9.727044930681586,1.0408340855860843e-17,-7.57316478940538,-2.1513946644767,-0.02401402776035606,-0.056829124752212024,7.933527725034415e-07,0.03307499999999999,-1.7281687499999998,-0.5268375,0.0287532,-0.095844,0.01533504
9.738240605220199,1.0408340855860843e-17,-7.57316478940538,-2.1513946644767,-0.02401402776035606,-0.056829124752212024,7.933527725034415e-07,0.038981249999999995,-1.7246249999999999,-0.53274375,0.02779476,-0.08913491999999999,0.02204412
9.747598988935351,1.0408340855860843e-17,-7.57316478940538,-2.1513946644767,-0.02401402776035606,-0.056829124752212024,7.933527725034415e-07,0.035437500000000004,-1.7246249999999999,-0.5268375,0.03258696,-0.0910518,0.02683632
9.757691314443946,1.0408340855860843e-17,-7.57316478940538,-2.1513946644767,-0.02401402776035606,-0.056829124752212024,7.933527725034415e-07,0.028349999999999997,-1.72108125,-0.5303812499999999,0.03067008,-0.095844,0.0335454
9.76705344952643,1.0408340855860843e-17,-7.57316478940538,-2.1513946644767,-0.02401402776035606,-0.056829124752212024,7.933527725034415e-07,0.028349999999999997,-1.7281687499999998,-0.52801875,0.03162852,-0.1054284,0.043129799999999996
9.777393450960517,1.0408340855860843e-17,-7.57316478940538,-2.1513946644767,-0.02401402776035606,-0.056829124752212024,7.933527725034415e-07,0.0307125,-1.7269875,-0.5303812499999999,0.0287532,-0.08721804000000001,0.03258696
9.787811415269971,1.0408340855860843e-17,-7.57316478940538,-2.1513946644767,-0.02401402776035606,-0.056829124752212024,7.933527725034415e-07,0.03189375,-1.72344375,-0.5303812499999999,0.0287532,-0.095844,0.03450384
9.798933148384094,1.0408340855860843e-17,-7.57316478940538,-2.1513946644767,-0.02401402776035606,-0.056829124752212024,7.933527725034415e-07,0.01535625,-1.7281687499999998,-0.52801875,0.03450384,-0.09680243999999999,0.0287532
9.807858346030116,1.0408340855860843e-17,-7.57316478940538,-2.1513946644767,-0.02401402776035606,-0.056829124752212024,7.933527725034415e-07,0.01535625,-1.7222624999999998,-0.533925,0.03162852,-0.09392712,0.02683632
9.818219389766455,1.0408340855860843e-17,-7.57316478940538,-2.1513946644767,-0.02401402776035606,-0.056829124752212024,7.933527725034415e-07,0.02244375,-1.7305312499999999,-0.533925,0.03162852,-0.09296868,0.03546228
9.827991660684347,1.0408340855860843e-17,-7.57316478940538,-2.1513946644767,-0.02401402776035606,-0.056829124752212024,7.933527725034415e-07,0.023625,-1.7246249999999999,-0.53746875,0.03162852,-0.09201024,0.03642072
9.843952026218176,1.0408340855860843e-17,-7.57316478940538,-2.1513946644767,-0.02401402776035606,-0.056829124752212024,7.933527725034415e-07,0.04134375,-1.72580625,-0.5351062499999999,0.0335454,-0.095844,0.03737916
9.849004233255982,1.0408340855860843e-17,-7.57316478940538,-2.1513946644767,-0.02401402776035606,-0.056829124752212024,7.933527725034415e-07,0.04134375,-1.72580625,-0.5315625,0.0335454,-0.08913491999999999,0.03162852
9.859204849228263,1.0408340855860843e-17,-7.57316478940538,-2.1513946644767,-0.02401402776035606,-0.056829124752212024,7.933527725034415e-07,0.04606875,-1.7222624999999998,-0.533925,0.0335454,-0.09201024,0.03450384
9.869625326246023,1.0408340855860843e-17,-7.57316478940538,-2.1513946644767,-0.02401402776035606,-0.056829124752212024,7.933527725034415e-07,0.02953125,-1.72344375,-0.5315625,0.03450384,-0.095844,0.0335454
9.880779210478067,1.0408340855860843e-17,-7.57316478940538,-2.1513946644767,-0.02401402776035606,-0.056829124752212024,7.933527725034415e-07,0.0307125,-1.72108125,-0.533925,0.03546228,-0.10926216,0.10734528
9.892949346452951,1.0408340855860843e-17,-7.57316478940538,-2.1513946644767,-0.02401402776035606,-0.056829124752212024,7.933527725034415e-07,0.025987499999999997,-1.7246249999999999,-0.533925,0.04408824,-0.09967775999999999,0.02204412
9.902222260832787,1.0408340855860843e-17,-7.57316478940538,-2.1513946644767,-0.02401402776035606,-0.056829124752212024,7.933527725034415e-07,0.0118125,-1.7281687499999998,-0.53274375,0.03067008,-0.09488556,0.04121292
9.913415629416704,1.0408340855860843e-17,-7.57316478940538,-2.1513946644767,-0.02401402776035606,-0.056829124752212024,7.933527725034415e-07,0.01535625,-1.7222624999999998,-0.5303812499999999,0.02683632,-0.08338427999999999,0.02012724
9.924005016684532,1.0408340855860843e-17,-7.57316478940538,-2.1513946644767,-0.02401402776035606,-0.056829124752212024,7.933527725034415e-07,0.028349999999999997,-1.72580625,-0.5303812499999999,0.02683632,-0.09871932,0.02108568
9.932555621489882,1.0408340855860843e-17,-7.57316478940538,-2.1513946644767,-0.02401402776035606,-0.056829124752212024,7.933527725034415e-07,0.03661875,-1.72108125,-0.53274375,0.02683632,-0.09488556,0.0287532
9.943597618490458,1.0408340855860843e-17,-7.57316478940538,-2.1513946644767,-0.02401402776035606,-0.056829124752212024,7.933527725034415e-07,0.042525,-1.72344375,-0.5291999999999999,0.02683632,-0.09488556,0.03162852
9.953944573178887,1.0408340855860843e-17,-7.57316478940538,-2.1513946644767,-0.02401402776035606,-0.056829124752212024,7.933527725034415e-07,0.02480625,-1.72580625,-0.533925,0.02971164,-0.095844,0.0335454
9.964150488376617,1.0408340855860843e-17,-7.57316478940538,-2.1513946644767,-0.02401402776035606,-0.056829124752212024,7.933527725034415e-07,0.03661875,-1.7222624999999998,-0.5303812499999999,0.012459719999999999,-0.09680243999999999,0.0335454
9.974458374083042,1.0408340855860843e-17,-7.57316478940538,-2.1513946644767,-0.02401402776035606,-0.056829124752212024,7.933527725034415e-07,0.03661875,-1.72344375,-0.52801875,0.024919439999999998,-0.095844,0.0287532
9.986931469291449,1.0408340855860843e-17,-7.57316478940538,-2.1513946644767,-0.02401402776035606,-0.056829124752212024,7.933527725034415e-07,0.02953125,-1.72344375,-0.52801875,0.02971164,-0.09296868,0.0287532
9.994024813175201,1.0408340855860843e-17,-7.57316478940538,-2.1513946644767,-0.02401402776035606,-0.056829124752212024,7.933527725034415e-07,0.02953125,-1.72344375,-0.5303812499999999,0.03067008,-0.12268032,0.03162852
10.003497986122966,1.0408340855860843e-17,-7.57316478940538,-2.1513946644767,-0.02401402776035606,-0.056829124752212024,7.933527725034415e-07,0.03661875,-1.72580625,-0.53274375,0.03162852,-0.08242584,0.04504668
10.017585726454854,1.0408340855860843e-17,-7.57316478940538,-2.1513946644767,-0.02401402776035606,-0.056829124752212024,7.933527725034415e-07,0.028349999999999997,-1.7269875,-0.5303812499999999,0.04217136,-0.09776088000000001,0.03162852
10.02345346659422,1.0408340855860843e-17,-7.57316478940538,-2.1513946644767,-0.02401402776035606,-0.056829124752212024,7.933527725034415e-07,0.03189375,-1.7269875,-0.5291999999999999,0.04217136,-0.09776088000000001,0.03162852
10.033854322507977,1.0408340855860843e-17,-7.57316478940538,-2.1513946644767,-0.02401402776035606,-0.056829124752212024,7.933527725034415e-07,0.02480625,-1.7246249999999999,-0.5303812499999999,0.03737916,-0.09201024,0.03642072
10.044926038011909,1.0408340855860843e-17,-7.57316478940538,-2.1513946644767,-0.02401402776035606,-0.056829124752212024,7.933527725034415e-07,0.025987499999999997,-1.72580625,-0.53746875,0.03162852,-0.09488556,0.02779476
10.05423779413104,1.0408340855860843e-17,-7.57316478940538,-2.1513946644767,-0.02401402776035606,-0.056829124752212024,7.933527725034415e-07,0.0307125,-1.7269875,-0.53274375,0.043129799999999996,-0.09488556,0.01821036
10.064474171027541,1.0408340855860843e-17,-7.57316478940538,-2.1513946644767,-0.02401402776035606,-0.056829124752212024,7.933527725034415e-07,0.025987499999999997,-1.7269875,-0.5362874999999999,0.05079732,-0.09967775999999999,0.02108568
10.074078688398004,1.0408340855860843e-17,-7.57316478940538,-2.1513946644767,-0.02401402776035606,-0.056829124752212024,7.933527725034415e-07,0.0401625,-1.7269875,-0.533925,0.04696356,-0.08913491999999999,0.012459719999999999
10.087336342781782,1.0408340855860843e-17,-7.57316478940538,-2.1513946644767,-0.02401402776035606,-0.056829124752212024,7.933527725034415e-07,0.043706249999999995,-1.7246249999999999,-0.53746875,0.00287532,-0.09392712,0.03929604
10.094127088785172,1.0408340855860843e-17,-7.57316478940538,-2.1513946644767,-0.02401402776035606,-0.056829124752212024,7.933527725034415e-07,0.034256249999999995,-1.7269875,-0.53865,0.00287532,-0.09488556,0.0335454
10.10373766347766,1.0408340855860843e-17,-7.57316478940538,-2.1513946644767,-0.02401402776035606,-0.056829124752212024,7.933527725034415e-07,0.043706249999999995,-1.72344375,-0.533925,0.02683632,-0.09488556,0.03642072
10.113894114270806,1.0408340855860843e-17,-7.57316478940538,-2.1513946644767,-0.02401402776035606,-0.056829124752212024,7.933527725034415e-07,0.035437500000000004,-1.7269875,-0.53274375,0.03258696,-0.10063620000000001,0.01821036
10.124073952436447,1.0408340855860843e-17,-7.57316478940538,-2.1513946644767,-0.02401402776035606,-0.056829124752212024,7.933527725034415e-07,0.0307125,-1.7222624999999998,-0.5244749999999999,0.0287532,-0.095844,0.03067008
10.135564954951406,1.0408340855860843e-17,-7.57316478940538,-2.1513946644767,-0.02401402776035606,-0.056829124752212024,7.933527725034415e-07,0.0212625,-1.72344375,-0.533925,0.02683632,-0.09201024,0.023961
10.146160989999771,1.0408340855860843e-17,-7.57316478940538,-2.1513946644767,-0.02401402776035606,-0.056829124752212024,7.933527725034415e-07,0.0212625,-1.72344375,-0.5362874999999999,0.03258696,-0.09392712,0.03162852
10.157616248354316,1.0408340855860843e-17,-7.57316478940538,-2.1513946644767,-0.02401402776035606,-0.056829124752212024,7.933527725034415e-07,0.012993749999999998,-1.7269875,-0.533925,0.03067008,-0.09488556,0.02779476
10.168410861864686,1.0408340855860843e-17,-7.57316478940538,-2.1513946644767,-0.02401402776035606,-0.056829124752212024,7.933527725034415e-07,0.0307125,-1.7222624999999998,-0.5303812499999999,0.01533504,-0.0910518,0.02779476
10.176216078922153,1.0408340855860843e-17,-7.57316478940538,-2.1513946644767,-0.02401402776035606,-0.056829124752212024,7.933527725034415e-07,0.0307125,-1.7269875,-0.5315625,0.0335454,-0.09871932,0.024919439999999998
10.188799487426877,1.0408340855860843e-17,-7.57316478940538,-2.1513946644767,-0.02401402776035606,-0.056829124752212024,7.933527725034415e-07,0.0401625,-1.72344375,-0.5315625,0.0287532,-0.09009336,0.02779476
10.198672026395798,1.0408340855860843e-17,-7.57316478940538,-2.1513946644767,-0.02401402776035606,-0.056829124752212024,7.933527725034415e-07,0.028349999999999997,-1.7222624999999998,-0.52801875,0.01629348,-0.095844,0.0335454
10.207818457856774,1.0408340855860843e-17,-7.57316478940538,-2.1513946644767,-0.02401402776035606,-0.056829124752212024,7.933527725034415e-07,0.035437500000000004,-1.7222624999999998,-0.5362874999999999,0.03546228,-0.095844,0.0335454
10.219184625893831,1.0408340855860843e-17,-7.57316478940538,-2.1513946644767,-0.02401402776035606,-0.056829124752212024,7.933527725034415e-07,0.02716875,-1.7281687499999998,-0.5315625,0.01725192,-0.08625959999999999,-0.0335454
10.227771233767271,1.0408340855860843e-17,-7.57316478940538,-2.1513946644767,-0.02401402776035606,-0.056829124752212024,7.933527725034415e-07,0.04134375,-1.72580625,-0.5315625,0.04121292,-0.08625959999999999,-0.0335454
10.24289402924478,1.0408340855860843e-17,-7.57316478940538,-2.1513946644767,-0.02401402776035606,-0.056829124752212024,7.933527725034415e-07,0.03661875,-1.72344375,-0.53274375,0.04025448,-0.09967775999999999,0.04025448
10.248956298455596,1.0408340855860843e-17,-7.57316478940538,-2.1513946644767,-0.02401402776035606,-0.056829124752212024,7.933527725034415e-07,0.0378,-1.7222624999999998,-0.53274375,0.0287532,-0.09680243999999999,0.0670908
10.258873170241714,1.0408340855860843e-17,-7.57316478940538,-2.1513946644767,-0.02401402776035606,-0.056829124752212024,7.933527725034415e-07,0.042525,-1.7222624999999998,-0.533925,0.0287532,-0.09392712,0.024919439999999998
10.269880179315805,1.0408340855860843e-17,-7.57316478940538,-2.1513946644767,-0.02401402776035606,-0.056829124752212024,7.933527725034415e-07,0.0307125,-1.7281687499999998,-0.53274375,0.03546228,-0.09488556,0.0335454
10.27906023338437,1.0408340855860843e-17,-7.57316478940538,-2.1513946644767,-0.02401402776035606,-0.056829124752212024,7.933527725034415e-07,0.02716875,-1.7246249999999999,-0.5351062499999999,0.03258696,-0.09488556,0.0335454
10.288949944078922,1.0408340855860843e-17,-7.57316478940538,-2.1513946644767,-0.02401402776035606,-0.056829124752212024,7.933527725034415e-07,0.02480625,-1.72344375,-0.5351062499999999,0.02971164,-0.09680243999999999,0.0335454
10.299138318747282,1.0408340855860843e-17,-7.57316478940538,-2.1513946644767,-0.02401402776035606,-0.056829124752212024,7.933527725034415e-07,0.0212625,-1.7269875,-0.53274375,0.0335454,-0.09392712,0.02683632
10.31036826968193,1.0408340855860843e-17,-7.57316478940538,-2.1513946644767,-0.02401402776035606,-0.056829124752212024,7.933527725034415e-07,0.03189375,-1.7269875,-0.53274375,0.03162852,-0.09296868,0.03737916
10.318857226520777,1.0408340855860843e-17,-7.57316478940538,-2.1513946644767,-0.02401402776035606,-0.056829124752212024,7.933527725034415e-07,0.0378,-1.7222624999999998,-0.5315625,0.02971164,-0.09488556,0.04025448
10.328793436288834,1.0408340855860843e-17,-7.57316478940538,-2.1513946644767,-0.02401402776035606,-0.056829124752212024,7.933527725034415e-07,0.03661875,-1.7269875,-0.533925,0.03067008,-0.12555564,0.03067008
10.342630447819829,1.0408340855860843e-17,-7.57316478940538,-2.1513946644767,-0.02401402776035606,-0.056829124752212024,7.933527725034415e-07,0.043706249999999995,-1.7222624999999998,-0.5315625,0.019168799999999996,-0.095844,0.019168799999999996
10.349124416708946,1.0408340855860843e-17,-7.57316478940538,-2.1513946644767,-0.02401402776035606,-0.056829124752212024,7.933527725034415e-07,0.043706249999999995,-1.7246249999999999,-0.5362874999999999,0.023961,-0.09776088000000001,0.02683632
10.359193995594978,1.0408340855860843e-17,-7.57316478940538,-2.1513946644767,-0.02401402776035606,-0.056829124752212024,7.933527725034415e-07,0.03189375,-1.72344375,-0.53274375,0.0287532,-0.09680243999999999,0.023961
10.369185337796807,1.0408340855860843e-17,-7.57316478940538,-2.1513946644767,-0.02401402776035606,-0.056829124752212024,7.933527725034415e-07,0.02480625,-1.72580625,-0.5315625,0.03929604,-0.08721804000000001,0.03833759999999999
10.38127795048058,1.0408340855860843e-17,-7.57316478940538,-2.1513946644767,-0.02401402776035606,-0.056829124752212024,7.933527725034415e-07,0.028349999999999997,-1.72580625,-0.5351062499999999,0.023961,-0.10159464,0.03162852
10.393036935478449,1.0408340855860843e-17,-7.57316478940538,-2.1513946644767,-0.02401402776035606,-0.056829124752212024,7.933527725034415e-07,0.008268749999999998,-1.72935,-0.53746875,0.024919439999999998,-0.095844,0.02971164
10.402501406148076,1.0408340855860843e-17,-7.57316478940538,-2.1513946644767,-0.02401402776035606,-0.056829124752212024,7.933527725034415e-07,0.0212625,-1.72580625,-0.533925,0.02587788,-0.095844,0.02971164
10.411995822563767,1.0408340855860843e-17,-7.57316478940538,-2.1513946644767,-0.02401402776035606,-0.056829124752212024,7.933527725034415e-07,0.025987499999999997,-1.7246249999999999,-0.533925,0.02587788,-0.0910518,0.03833759999999999
10.423142166808248,1.0408340855860843e-17,-7.57316478940538,-2.1513946644767,-0.02401402776035606,-0.056829124752212024,7.933527725034415e-07,0.038981249999999995,-1.7222624999999998,-0.5351062499999999,0.03737916,-0.0910518,0.01533504
10.43364517018199,1.0408340855860843e-17,-7.57316478940538,-2.1513946644767,-0.02401402776035606,-0.056829124752212024,7.933527725034415e-07,0.03189375,-1.7269875,-0.5362874999999999,0.03450384,-0.09392712,0.02971164
10.443923385813832,1.0408340855860843e-17,-7.57316478940538,-2.1513946644767,-0.02401402776035606,-0.056829124752212024,7.933527725034415e-07,0.02244375,-1.7281687499999998,-0.5362874999999999,0.03067008,-0.1054284,0.03642072
10.454231422394514,1.0408340855860843e-17,-7.57316478940538,-2.1513946644767,-0.02401402776035606,-0.056829124752212024,7.933527725034415e-07,0.023625,-1.7246249999999999,-0.533925,0.0335454,-0.08625959999999999,0.03642072
10.463485322892666,1.0408340855860843e-17,-7.57316478940538,-2.1513946644767,-0.02401402776035606,-0.056829124752212024,7.933527725034415e-07,0.03307499999999999,-1.7269875,-0.533925,0.03258696,-0.0910518,0.04121292
10.476443275809288,1.0408340855860843e-17,-7.57316478940538,-2.1513946644767,-0.02401402776035606,-0.056829124752212024,7.933527725034415e-07,0.0378,-1.7269875,-0.53274375,0.0335454,-0.09776088000000001,0.04217136
10.484047273173928,1.0408340855860843e-17,-7.57316478940538,-2.1513946644767,-0.02401402776035606,-0.056829124752212024,7.933527725034415e-07,0.03661875,-1.7246249999999999,-0.533925,0.0335454,-0.095844,0.03162852
10.494093818590045,1.0408340855860843e-17,-7.57316478940538,-2.1513946644767,-0.02401402776035606,-0.056829124752212024,7.933527725034415e-07,0.03661875,-1.72344375,-0.5303812499999999,0.02971164,-0.09488556,0.03450384
10.504174524918199,1.0408340855860843e-17,-7.57316478940538,-2.1513946644767,-0.02401402776035606,-0.056829124752212024,7.933527725034415e-07,0.03661875,-1.7246249999999999,-0.5351062499999999,0.03162852,-0.09009336,0.03833759999999999
10.517002869397402,1.0408340855860843e-17,-7.57316478940538,-2.1513946644767,-0.02401402776035606,-0.056829124752212024,7.933527725034415e-07,0.02953125,-1.72344375,-0.53746875,0.0335454,-0.09871932,0.03450384
10.523935889825225,1.0408340855860843e-17,-7.57316478940538,-2.1513946644767,-0.02401402776035606,-0.056829124752212024,7.933527725034415e-07,0.02953125,-1.72344375,-0.5351062499999999,0.03258696,-0.095844,0.019168799999999996
10.537979962304235,1.0408340855860843e-17,-7.57316478940538,-2.1513946644767,-0.02401402776035606,-0.056829124752212024,7.933527725034415e-07,0.02244375,-1.72580625,-0.52801875,0.03162852,-0.08721804000000001,0.03162852
10.543920265510678,1.0408340855860843e-17,-7.57316478940538,-2.1513946644767,-0.02401402776035606,-0.056829124752212024,7.933527725034415e-07,0.03189375,-1.7281687499999998,-0.53274375,0.02971164,-0.09488556,0.024919439999999998
10.554102385416627,1.0408340855860843e-17,-7.57316478940538,-2.1513946644767,-0.02401402776035606,-0.056829124752212024,7.933527725034415e-07,0.02008125,-1.7269875,-0.5303812499999999,0.03162852,-0.09392712,0.02300256
10.56391472555697,1.0408340855860843e-17,-7.57316478940538,-2.1513946644767,-0.02401402776035606,-0.056829124752212024,7.933527725034415e-07,0.042525,-1.7187187499999999,-0.533925,0.0287532,-0.10446996,0.11884656
10.574057463556528,1.0408340855860843e-17,-7.57316478940538,-2.1513946644767,-0.02401402776035606,-0.056829124752212024,7.933527725034415e-07,0.042525,-1.7246249999999999,-0.53274375,0.023961,-0.09967775999999999,0.02012724
10.584279486909509,1.0408340855860843e-17,-7.57316478940538,-2.1513946644767,-0.02401402776035606,-0.056829124752212024,7.933527725034415e-07,0.04725,-1.7246249999999999,-0.53746875,0.02683632,-0.09201024,0.02012724
10.594392286613584,1.0408340855860843e-17,-7.57316478940538,-2.1513946644767,-0.02401402776035606,-0.056829124752212024,7.933527725034415e-07,0.04606875,-1.72935,-0.5291999999999999,0.02683632,-0.10446996,0.02779476
10.604246910661459,1.0408340855860843e-17,-7.57316478940538,-2.1513946644767,-0.02401402776035606,-0.056829124752212024,7.933527725034415e-07,0.03189375,-1.72580625,-0.5268375,0.024919439999999998,-0.09296868,0.02108568
10.616411220282316,1.0408340855860843e-17,-7.57316478940538,-2.1513946644767,-0.02401402776035606,-0.056829124752212024,7.933527725034415e-07,0.01535625,-1.7163562499999998,-0.5362874999999999,0.024919439999999998,-0.09201024,0.0287532
10.628456046804786,1.0928757898653885e-16,-7.573179364312368,-2.1514092393836877,-0.024156029482986896,-0.05681460006341774,7.913492352511691e-07,0.016537499999999997,-1.715175,-0.5268375,0.02204412,-0.09488556,0.0287532
10.638889234513044,1.0928757898653885e-16,-7.5732087718904815,-2.1514386469618,-0.024439960318188597,-0.05678511861730955,7.873352608283927e-07,0.01535625,-1.7104499999999998,-0.5291999999999999,0.01629348,-0.09296868,0.0143766
10.648452922701836,1.6479873021779667e-16,-7.568756547001796,-2.1496478383541393,-0.02456700127285395,-0.0565388845625597,7.814417785101976e-07,0.02008125,-1.6702875,-0.5291999999999999,0.01150128,-0.10159464,0.0143766
10.658764641731977,5.724587470723463e-17,-7.568847495852613,-2.149738787204955,-0.025417537612501862,-0.05644617726085755,7.693383980601912e-07,0.03661875,-1.7080875,-0.5315625,-0.004792199999999999,-0.10926216,0.02108568
10.66754700243473,-3.642919299551295e-17,-7.564435473680915,-2.147993600422537,-0.025968282748756108,-0.0561502577896719,7.573522705526041e-07,0.03661875,-1.79195625,-0.5351062499999999,0.009584399999999998,-0.10926216,0.02683632
10.678800592198968,6.505213034913027e-17,-7.564515476585339,-2.148073603326961,-0.02667541474616831,-0.056066223412139224,7.471641192949333e-07,0.0212625,-1.7222624999999998,-0.53274375,0.043129799999999996,-0.1293894,0.02971164
10.688688941299915,6.418476861114186e-17,-7.5646479488421265,-2.1482060755837473,-0.027805431475422197,-0.05592430382521009,7.307455890554445e-07,0.05079375,-1.6596562499999998,-0.5362874999999999,0.02587788,-0.09871932,0.02971164
10.698795767500997,6.071532165918825e-17,-7.56021753752065,-2.1464479160929715,-0.028211558998971504,-0.05563759376676815,7.206991812864909e-07,0.06024375,-1.7388,-0.533925,0.01725192,-0.09392712,0.02683632
10.709205027669668,-4.163336342344337e-17,-7.560322210624937,-2.1465525891972588,-0.029056881148280464,-0.05552261956417696,7.082582659228633e-07,0.03661875,-1.8557437499999998,-0.53274375,0.012459719999999999,-0.09296868,0.02779476
10.720455581322312,1.1449174941446927e-16,-7.560411797453169,-2.146642176025491,-0.029760518501206402,-0.0554228704470544,6.978296293304175e-07,0.038981249999999995,-1.7009999999999998,-0.5303812499999999,0.02300256,-0.07763364,0.0335454
10.73016712628305,6.071532165918825e-17,-7.560540817697067,-2.146771196269389,-0.03074435691930018,-0.055277213416584904,6.831365838730606e-07,0.04725,-1.7175375,-0.5268375,0.00383376,-0.10351152,0.03737916
10.742622520774603,1.1275702593849246e-16,-7.560578450999122,-2.1468088295714445,-0.031025179018493863,-0.05523431050592355,6.789187402107399e-07,0.0307125,-1.7045437499999998,-0.5315625,-0.02683632,-0.0910518,0.03833759999999999
10.74876083433628,1.1796119636642288e-16,-7.556089978429489,-2.1449980226016843,-0.03100626131648193,-0.05500337757056624,6.750911361153413e-07,0.0307125,-1.7199,-0.53274375,-0.05463108,-0.0910518,0.03833759999999999
10.759898586198688,6.938893903907228e-18,-7.556052283375507,-2.144960327547702,-0.03072561045270887,-0.055046254321264296,6.79306407898202e-07,0.02244375,-1.64075625,-0.533925,-0.09009336,-0.09009336,0.02971164
10.768754966557026,6.938893903907228e-18,-7.551500201749231,-2.1430913226128,-0.030285884287919267,-0.05487844533996518,6.817781117635461e-07,0.0307125,-1.620675,-0.53746875,-0.11309591999999999,-0.09392712,0.03067008
10.782117580994964,1.1102230246251565e-16,-7.542485187969983,-2.1394586847531043,-0.030248753890874384,-0.054416175353976116,6.741066516237313e-07,0.02480625,-1.8333,-0.5303812499999999,-0.10063620000000001,-0.10063620000000001,0.03162852
10.791264772415161,2.1163626406917047e-16,-7.537966365097882,-2.137639155726803,-0.030230143309036388,-0.05418495862127772,6.702699084893218e-07,0.02244375,-1.6986374999999998,-0.533925,-0.10063620000000001,-0.09201024,0.03162852
10.798760196194053,6.245004513516506e-17,-7.533440004260038,-2.1358174890615222,-0.030211502496458674,-0.053953687703714,6.664324950940062e-07,0.0401625,-1.7388,-0.53274375,-0.09967775999999999,-0.09776088000000001,0.02108568
10.808893218636513,1.196959198423997e-16,-7.524364686800122,-2.1321677501028313,-0.030174130253677666,-0.05349098423912901,6.587556728709903e-07,0.0401625,-1.5592499999999998,-0.5303812499999999,-0.10926216,-0.09680243999999999,0.02779476
10.81900984980166,1.1622647289044608e-16,-7.515259271891491,-2.1285094824759834,-0.030136637312020292,-0.05302806681103428,6.510762156619599e-07,0.04843125,-1.72344375,-0.5303812499999999,-0.11213748,-0.09871932,0.03162852
10.832637341693044,6.418476861114186e-17,-7.501776439028683,-2.1232377643133002,-0.03005944905776131,-0.05256438336083752,6.435425183666295e-07,0.0401625,-1.67619375,-0.53746875,-0.095844,-0.09488556,0.02779476
10.839269762858748,1.1275702593849246e-16,-7.492596044540119,-2.119558343544355,-0.03002168106297083,-0.05210104844984738,6.358584718292238e-07,0.0401625,-1.5427125,-0.5303812499999999,-0.09967775999999999,-0.07763364,0.03450384
10.849629659205675,6.591949208711867e-17,-7.464875186314828,-2.1084692708944495,-0.02990765715082403,-0.050709800711785734,6.127911948290564e-07,0.02480625,-1.66674375,-0.53274375,-0.07667519999999999,-0.1054284,0.02971164
10.860473265871406,1.0755285551056204e-16,-7.450913918939416,-2.1028962452624835,-0.02985024117644463,-0.05001348913081511,6.012492318609131e-07,0.012993749999999998,-1.705725,-0.5079374999999999,-0.09201024,-0.095844,0.03162852
10.87348167411983,1.1622647289044608e-16,-7.441569145033052,-2.099170377264695,-0.029811814574109002,-0.04954903095634836,5.935515772687904e-07,0.007087499999999999,-1.620675,-0.45950624999999995,-0.09967775999999999,-0.07859208,0.03258696
10.880972361192107,1.1449174941446927e-16,-7.418077064910237,-2.089819004484842,-0.029715226688625147,-0.0483870224799446,5.742971211737925e-07,0.02008125,-1.5498,-0.45950624999999995,-0.09296868,-0.08817648,0.03642072
10.891723280772567,1.0408340855860843e-17,-7.4038927623169295,-2.084183088024553,-0.029656917212864384,-0.047689234891634846,5.62737525250976e-07,0.0212625,-1.46475,-0.47840625,-0.095844,-0.09201024,0.01821036
10.902327729389071,1.1275702593849246e-16,-7.370304121894341,-2.0707267378297693,-0.029540175516486872,-0.04582686956124754,5.31730620928305e-07,0.028349999999999997,-1.60768125,-0.47131874999999995,-0.09392712,-0.09392712,0.01725192
10.914078729227185,1.1449174941446927e-16,-7.351314530785967,-2.0633579665901074,-0.029440836191581467,-0.04512705614075302,5.203098018101951e-07,0.0378,-1.6218562499999998,-0.46541249999999995,-0.09871932,-0.08817648,0.04600512
10.923586793243885,6.071532165918825e-17,-7.317625587436621,-2.05020893145351,-0.029281253230284278,-0.04372672706695394,4.973003160598448e-07,0.035437500000000004,-1.57933125,-0.47131874999999995,-0.09392712,-0.07284144,0.03546228
10.93380868062377,1.6306400674181987e-16,-7.298080437133249,-2.0425168193264547,-0.02920102779536842,-0.042792610390743606,4.818453023183086e-07,0.035437500000000004,-1.58169375,-0.467775,-0.09680243999999999,-0.10351152,0.03642072
10.944200778380036,6.938893903907228e-17,-7.273017088778783,-2.0323879963635516,-0.02914025975050864,-0.04115712987364467,4.544550864185075e-07,0.02480625,-1.5344437499999999,-0.46659375,-0.09296868,-0.10926216,0.03258696
10.953839940950274,-3.9898639947466563e-17,-7.228520710730756,-2.0151036699745872,-0.028936536427040103,-0.03928410593391607,4.236571371421796e-07,0.0378,-1.5686999999999998,-0.4725,-0.08817648,-0.09871932,0.019168799999999996
10.964295974001288,6.245004513516506e-17,-7.2084524332207485,-2.0072653178391464,-0.028854161849286478,-0.0383468604348377,4.081665684057325e-07,0.0378,-1.5297187499999998,-0.4725,-0.09201024,-0.09296868,0.03546228
10.973961133509874,6.245004513516506e-17,-7.157777855377011,-1.987529204721676,-0.028646208475665492,-0.036001095244373324,3.6941211799486426e-07,0.0307125,-1.6005937499999998,-0.46423125,-0.09392712,-0.09871932,0.047922
10.984189786016941,5.898059818321144e-17,-7.132171832506942,-1.9775864923104933,-0.028541156231641156,-0.03482684794741172,3.500207979239829e-07,0.0401625,-1.59350625,-0.47131874999999995,-0.06804924,-0.10446996,0.03929604
10.993900425732136,-5.0306980803327406e-17,-7.080425519600592,-1.9575529986134803,-0.028328913760602276,-0.032475770729902105,3.1121239194916493e-07,0.023625,-1.5828749999999998,-0.46895624999999996,-0.10255307999999999,-0.08338427999999999,0.03162852
11.004112049937248,1.0928757898653885e-16,-7.04903754013888,-1.9454388116043915,-0.02820020710258209,-0.03106355051911429,2.8791216221789795e-07,0.02480625,-1.67619375,-0.47486249999999997,-0.09488556,-0.08625959999999999,0.03162852
11.014732265844941,1.734723475976807e-17,-7.022686994408019,-1.9352901377730307,-0.028092175836675795,-0.029885843942055304,2.684873511850663e-07,0.02716875,-1.5474374999999998,-0.46895624999999996,-0.07667519999999999,-0.09871932,0.02587788
11.024016715586185,-3.8163916471489756e-17,-6.931785876644385,-1.9004242762398622,-0.02771963249790736,-0.025876229289300237,2.0239569559102268e-07,0.02244375,-1.59705,-0.46659375,-0.03067008,-0.10159464,0.01821036
11.034237463027239,8.673617379884035e-18,-6.898987221646816,-1.8877507727822336,-0.02760524619251539,-0.024223226737857286,1.7498058164128037e-07,0.023625,-1.6821,-0.46423125,0.01821036,-0.1054284,0.03450384
11.044171582907438,6.765421556309548e-17,-6.866412706232534,-1.8754818128788395,-0.02745183107760224,-0.023041342236441147,1.557064196343734e-07,0.04725,-1.5167249999999999,-0.47131874999999995,0.03067008,-0.04600512,0.02012724
11.053739424794912,-3.2959746043559335e-17,-6.8000507842560864,-1.8502692833775791,-0.027180076554906,-0.020203137282940972,1.0899472351133805e-07,0.04134375,-1.5474374999999998,-0.46659375,0.03067008,-0.03450384,0.02779476
11.064072700217366,1.0755285551056204e-16,-6.772110431437207,-1.8396852175640925,-0.027065688073637913,-0.019019669796903414,8.952649884904866e-08,0.034256249999999995,-1.41395625,-0.47131874999999995,0.03258696,-0.02012724,0.03450384
11.073569174855947,1.0408340855860843e-16,-6.698674934455791,-1.8119520674694183,-0.026765118459792212,-0.015940502928979805,3.889985616694886e-08,0.043706249999999995,-1.5001875,-0.4725,0.03450384,-0.03546228,0.02587788
11.083895662799478,6.418476861114186e-17,-6.658663044537367,-1.796891697181947,-0.02660139644144621,-0.014281341007599722,1.1636088671874568e-08,0.034256249999999995,-1.38796875,-0.4347,0.03450384,-0.05367264,0.03929604
11.096116410568357,1.3877787807814457e-17,-6.583491124151154,-1.7686894056470364,-0.02629388914709737,-0.011198245392203461,-3.899712124022302e-08,0.02953125,-1.4694749999999999,-0.40516875,0.03162852,-0.03067008,0.02971164
11.104272205382586,-3.642919299551295e-17,-6.542552281200705,-1.7533794440791663,-0.02612646436605115,-0.0095372999079346,-6.625897220519314e-08,0.02716875,-1.3867874999999998,-0.41225625,0.03546228,-0.04025448,0.01725192
11.115426806733012,6.418476861114186e-17,-6.501292854497532,-1.7379835672693578,-0.025957759364162437,-0.007875887102242773,-9.35175760551684e-08,0.02480625,-1.5214499999999997,-0.411075,0.0287532,-0.024919439999999998,0.0287532
11.124553309753537,3.469446951953614e-18,-6.417820352257099,-1.706937089676324,-0.02561654182622844,-0.004551985181080505,-1.4801969997014362e-07,0.014174999999999998,-1.48483125,-0.40753124999999996,0.02204412,-0.03546228,0.03067008
11.137399362400174,5.551115123125783e-17,-6.375611366855747,-1.6912880101642882,-0.02544404600977422,-0.0028896589361389704,-1.752605494419798e-07,0.02244375,-1.46475,-0.40989374999999995,0.03546228,-0.05558952,0.03929604
11.148930478841066,6.418476861114186e-17,-6.284114242875292,-1.6574761960167506,-0.025070224691908286,0.00067284101095654,-2.3360316724726708e-07,0.02716875,-1.46120625,-0.40635,0.024919439999999998,-0.02108568,0.0287532
11.15731762163341,5.204170427930421e-18,-6.240930452834241,-1.6415692601351475,-0.024893839161458885,0.002335337938171473,-2.608125326481182e-07,0.0401625,-1.403325,-0.40398749999999994,0.02587788,-0.02108568,0.0287532
11.167469162493944,5.204170427930421e-17,-6.147366744872246,-1.6072131162339294,-0.02451177376867373,0.005897341517971155,-3.1907357081932226e-07,0.034256249999999995,-1.4009624999999999,-0.40516875,0.03929604,-0.03067008,0.02587788
11.178386954590678,5.377642775528102e-17,-6.103229050302876,-1.5910560226292034,-0.02433158389138261,0.007559204511400719,-3.46238283347495e-07,0.0378,-1.3182749999999999,-0.40398749999999994,0.02779476,-0.0287532,0.03067008
11.188894735649228,8.673617379884035e-18,-6.058554976379593,-1.574583645246109,-0.02416685081309073,0.009458118618977478,-3.7748261409593434e-07,0.03189375,-1.29583125,-0.40753124999999996,0.02779476,-0.0335454,0.03929604
11.199236368760467,4.5102810375396984e-17,-5.955874154286438,-1.5371866487193224,-0.02374754484947385,0.013253848608932464,-4.394611639446732e-07,0.035437500000000004,-1.3041,-0.40989374999999995,0.02587788,-0.03450384,0.02971164
11.212086854502559,6.938893903907228e-18,-5.903960333334542,-1.5183399813826763,-0.023535605324631732,0.015150501952414509,-4.7040924119634355e-07,0.025987499999999997,-1.3655249999999999,-0.3661875,0.02683632,-0.03737916,0.04217136
11.219412742182612,8.673617379884035e-17,-5.805606121644593,-1.4827415208321362,-0.023134169478562186,0.018704018130695697,-5.283541837362081e-07,0.03307499999999999,-1.3655249999999999,-0.344925,0.02683632,-0.02587788,0.02587788
11.227720266208053,5.204170427930421e-17,-5.7526150168979475,-1.463618753053899,-0.022917936209569976,0.020597556831315637,-5.592103727920494e-07,0.03307499999999999,-1.39741875,-0.3402,0.03067008,-0.02587788,0.03162852
11.238093081861734,5.377642775528102e-17,-5.652267058749231,-1.4275120572574767,-0.022508556354674556,0.02414429361597098,-6.169677117513367e-07,0.02244375,-1.2663,-0.34374374999999996,0.03258696,-0.024919439999999998,0.02779476
11.249287322163582,9.194034422677078e-17,-5.598226701266509,-1.408123304535866,-0.02228814372388906,0.026033716035912847,-6.477156904068939e-07,0.028349999999999997,-1.2296812499999998,-0.344925,0.03737916,-0.03929604,0.10926216
11.259195901453495,8.673617379884035e-18,-5.550411488828429,-1.390848301741252,-0.022109318011894318,0.02792176251929261,-6.786602178097747e-07,0.0307125,-1.2166875,-0.34728749999999997,0.03450384,-0.03450384,0.02204412
11.26873186044395,0.0,-5.447543365772889,-1.3541078772593578,-0.02168961381919776,0.03145643147990496,-7.361197737514606e-07,0.02953125,-1.17770625,-0.34728749999999997,0.0335454,-0.03450384,0.024919439999999998
11.279155177995563,1.734723475976807e-18,-5.3921777189167805,-1.3343878800435602,-0.021463770070076833,0.03333874483534205,-7.666979685089081e-07,0.0378,-1.20133125,-0.344925,0.02971164,-0.01629348,0.03067008
11.289367882534862,6.938893903907228e-18,-5.280414698072732,-1.2946929520440909,-0.021007975976695608,0.03709685019342177,-8.277051972272524e-07,0.04134375,-1.308825,-0.3425625,0.02971164,0.00670908,0.02683632
11.29907369427383,4.5102810375396984e-17,-5.167299919903834,-1.2546665897195877,-0.02054680380272441,0.040845458937692786,-8.885005356447245e-07,0.043706249999999995,-1.2214125,-0.34138124999999997,0.04696356,0.01150128,0.03450384
11.309059569612145,4.336808689942018e-17,-5.117394526145206,-1.2370534505780588,-0.020343379936542092,0.04248224375279421,-9.150278882774497e-07,0.04606875,-1.2414937499999998,-0.33075,0.03067008,0.04217136,0.04408824
11.31858384795487,3.642919299551295e-17,-5.009613183230895,-1.1991080076262544,-0.01990412776043318,0.04598252748136031,-9.717195703806174e-07,0.038981249999999995,-1.1363625,-0.28704375,0.03546228,0.024919439999999998,0.0335454
11.328668298199773,1.214306433183765e-17,-4.951667371849312,-1.1787595766843515,-0.019668022405677853,0.04784516514887204,-1.0018665461794557e-06,0.03661875,-1.0725749999999998,-0.27995624999999996,0.04408824,0.02971164,0.03067008
11.338632145896554,3.469446951953614e-18,-4.842167748276291,-1.1404039611792796,-0.019221943986685742,0.05132926394879481,-1.058217789562415e-06,0.025987499999999997,-1.044225,-0.28704375,0.02683632,0.02779476,0.02779476
11.348791697993875,4.5102810375396984e-17,-4.78332090098497,-1.1198421664628655,-0.01898226063248762,0.05318277752129817,-1.088175235308287e-06,0.028349999999999997,-1.1351812499999998,-0.2811375,0.02300256,0.03162852,0.0287532
11.358949610963464,6.938893903907228e-18,-4.724167922788692,-1.0992087022300376,-0.018741362381720066,0.055032887408504025,-1.118063037637838e-06,0.016537499999999997,-1.1162812500000001,-0.28586249999999996,0.03929604,-0.004792199999999999,0.02012724
11.36895533464849,3.122502256758253e-17,-4.612444164909482,-1.060332385849673,-0.01828645736895768,0.058492257397598967,-1.1739083003800852e-06,0.01535625,-1.2355874999999998,-0.28350000000000003,0.0287532,0.03546228,0.043129799999999996
11.379041457548738,3.642919299551295e-17,-4.559949721519887,-1.0421079266091318,-0.018072754023998504,0.06010217347792182,-1.1998797953079416e-06,0.02244375,-1.1765249999999998,-0.28231874999999995,0.0287532,0.03929604,0.03833759999999999
11.389035874977708,8.673617379884035e-18,-4.446712554088969,-1.0028847157004497,-0.017611849684005376,0.06354197581480446,-1.2553333892331797e-06,0.02244375,-0.93909375,-0.27995624999999996,0.03067008,0.03258696,0.02683632
11.40095029771328,3.9898639947466563e-17,-4.393524593600734,-0.9845027910947558,-0.017395398515978218,0.06514237122561026,-1.2811158302491869e-06,0.034256249999999995,-0.96271875,-0.28231874999999995,0.03067008,0.03258696,0.03067008
11.409252462908626,3.469446951953614e-17,-4.278374155843091,-0.9444970035726108,-0.016951969003164334,0.06901703505688046,-1.3440146934736073e-06,0.028349999999999997,-0.9320062499999999,-0.28350000000000003,0.02971164,0.03258696,0.02971164
11.4210683722049,-5.551115123125783e-17,-4.224292650982235,-0.9257407408858747,-0.01674403172043566,0.07083366552794326,-1.3735010667528023e-06,0.034256249999999995,-0.93436875,-0.2291625,0.0335454,0.02683632,0.03258696
11.431163823232055,0.0,-4.162265509247997,-0.9042831155075891,-0.01650339283143536,0.07287189755631562,-1.4065367086331438e-06,0.03661875,-1.0371374999999998,-0.22089375,0.02587788,0.024919439999999998,0.0335454
11.440488569438457,1.3877787807814457e-17,-4.045674769367345,-0.8643201664510867,-0.01602789876809836,0.07625454629057198,-1.460883289192549e-06,0.03189375,-0.91074375,-0.2149875,0.03162852,0.023961,0.02779476
11.451777197420597,1.214306433183765e-17,-3.990952642586924,-0.8456036901167292,-0.015804760827543906,0.07782729036407328,-1.4861332813815546e-06,0.03307499999999999,-1.00524375,-0.21262499999999998,0.03067008,0.02779476,0.03258696
11.462145229801536,2.7755575615628914e-17,-3.8809244123386506,-0.8080473533470133,-0.015356172539258554,0.08096126105581042,-1.5364135700683934e-06,0.0378,-0.911925,-0.22325625,0.02971164,0.02587788,0.03642072
11.471493065357208,2.7755575615628914e-17,-3.8256237002320637,-0.7892093331646417,-0.015130744172264022,0.08252233411010947,-1.5614414028421424e-06,0.02953125,-0.8434124999999999,-0.21735,0.03067008,0.03162852,0.03642072
11.481281649321318,-3.469446951953614e-18,-3.7144626305403623,-0.7514182044557428,-0.014677674221754412,0.08563227317797993,-1.6112663135163964e-06,0.028349999999999997,-0.85168125,-0.22089375,0.03546228,0.043129799999999996,0.00383376
11.491098534315825,1.734723475976807e-18,-3.6583868208068173,-0.7322460486683575,-0.014459916366164824,0.08740277923694324,-1.6398839970181295e-06,0.02480625,-0.8256937499999999,-0.21735,0.02300256,0.043129799999999996,0.04217136
11.501762699335814,0.0,-3.6021330595403764,-0.7130393216604416,-0.014241129011585852,0.0891677243213752,-1.6683991050226685e-06,0.023625,-0.836325,-0.21616875,0.0287532,0.05367264,0.03450384
11.512104090303183,1.5612511283791264e-17,-3.4814716421775636,-0.6722387669264446,-0.01374885294120911,0.09245985794957833,-1.7210370866132626e-06,0.03307499999999999,-0.85995,-0.21144374999999999,0.0287532,0.06804924,0.03067008
11.521174371242523,2.949029909160572e-17,-3.4248932540789347,-0.6531461868317013,-0.013518058655110675,0.09398911258480691,-1.7454696772667549e-06,0.034256249999999995,-0.87530625,-0.22089375,0.02012724,0.10255307999999999,0.023961
11.532171379774809,-1.0408340855860843e-17,-3.3112358011819176,-0.6148659516455977,-0.013054494189075118,0.09703373079163741,-1.7940770812636637e-06,0.03307499999999999,-0.8197874999999999,-0.18545625,0.03546228,0.10638684,0.02779476
11.542260337620974,2.42861286636753e-17,-3.262325489849995,-0.5984228068774659,-0.012855035094838761,0.09833277989634033,-1.81480173551567e-06,0.03661875,-0.7347374999999999,-0.15946875,0.03162852,0.09871932,0.03450384
11.552211336791515,2.2551405187698492e-17,-3.1559526075606454,-0.5627228790203699,-0.01242129566012299,0.10113518000398995,-1.8594800325294254e-06,0.0378,-0.70993125,-0.15710625,0.02779476,0.09488556,0.023961
11.562932448461652,3.2959746043559335e-17,-3.0984528389222064,-0.5434600657793434,-0.01218686945067573,0.10263711537165958,-1.8834078936919044e-06,0.038981249999999995,-0.64850625,-0.15946875,0.02971164,0.09488556,0.03067008
11.572222154587507,-1.0408340855860843e-17,-3.040801246714607,-0.5241706231038308,-0.011951846057509607,0.10413402153688245,-1.907243467806418e-06,0.04134375,-0.7489124999999999,-0.15592499999999998,0.00862596,0.09488556,0.02779476
11.58403380215168,1.3877787807814457e-17,-2.9250538985587657,-0.4855156314231963,-0.011480053813115365,0.10711245311760152,-1.9546330877173757e-06,0.0307125,-0.7394625,-0.15710625,0.07284144,0.09488556,0.03450384
11.592717314139009,1.3877787807814457e-17,-2.8669638142074265,-0.466151976504934,-0.011243308079612825,0.10859383259054604,-1.978184811431923e-06,0.02480625,-0.7394625,-0.14529375,0.07284144,0.08817648,0.03450384
11.602693889290094,1.3877787807814457e-17,-2.7587116878668296,-0.4301310236133982,-0.010802184542310349,0.11133079391343041,-2.021665691460112e-06,0.0212625,-0.6615,-0.15710625,0.0143766,0.09009336,0.04025448
11.614435657858849,3.642919299551295e-17,-2.7002278052786304,-0.4107046287335001,-0.010563895536153771,0.11279677861294421,-2.044937423711317e-06,0.025987499999999997,-0.6296062499999999,-0.15710625,0.024919439999999998,0.09201024,0.03737916
11.623955691233277,2.7755575615628914e-17,-2.5912660292820786,-0.3745743691291584,-0.010119994300464254,0.1155046038407428,-2.087889652305939e-06,0.025987499999999997,-0.5362874999999999,-0.14056875,0.03162852,0.08913491999999999,0.0335454
11.63401559367776,1.3877787807814457e-17,-2.5408271611987208,-0.3578771442125147,-0.00991453538883796,0.1167478132364957,-2.1075951864881756e-06,0.02716875,-0.6236999999999999,-0.11339999999999999,0.03642072,0.11022059999999999,0.0335454
11.644096264615655,-1.9081958235744878e-17,-2.4818663354939767,-0.33838080734794884,-0.009674382707893605,0.11819290905046899,-2.130489031007962e-06,0.035437500000000004,-0.5599124999999999,-0.0921375,0.03162852,0.08817648,0.02683632
11.654091980308294,-3.469446951953614e-18,-2.312746611727951,-0.2825888872820267,-0.008985660190843214,0.1222896018956744,-2.19532097794669e-06,0.035437500000000004,-0.6615,-0.0945,0.02204412,0.09201024,0.056547959999999994
11.664187632501125,2.6020852139652106e-18,-2.253332687132481,-0.26303386774945203,-0.00874374399084044,0.12371197169605341,-2.217806024542914e-06,0.034256249999999995,-0.5776312499999999,-0.09331874999999999,0.02587788,0.08913491999999999,0.02108568
11.674174321815372,1.3010426069826053e-17,-2.1427018201534445,-0.2266839354289935,-0.008293343288272328,0.12633738049528576,-2.259274822189284e-06,0.035437500000000004,-0.48785625,-0.0921375,0.02587788,0.09967775999999999,0.03162852
11.684157578274608,9.540979117872439e-18,-2.0915181535865823,-0.20989375065080784,-0.008084988675791249,0.1275419332250947,-2.2782859117574953e-06,0.038981249999999995,-0.42170624999999995,-0.09095625,0.03737916,0.09776088000000001,0.0287532
11.695618692785501,1.0408340855860843e-17,-2.031708841666585,-0.19029569406297192,-0.007841540928496581,0.12894143856297394,-2.300361806257255e-06,0.02716875,-0.44296874999999997,-0.10040624999999999,0.03162852,0.09296868,0.03067008
11.704747194424272,7.806255641895632e-18,-1.9203725092210906,-0.15387529317756998,-0.007388413265036663,0.13152370581950237,-2.3410600331443087e-06,0.03661875,-0.4323375,-0.0921375,0.0287532,0.07763364,0.05942328
11.715613592416048,1.0408340855860843e-17,-1.8602865509379443,-0.1342531445624026,-0.00714389933393095,0.13290497854084096,-2.362811026078632e-06,0.035437500000000004,-0.5244749999999999,-0.09568125,0.024919439999999998,0.09871932,0.019168799999999996
11.725246822461486,1.734723475976807e-18,-1.748458741456536,-0.09779528763870445,-0.00668888234623556,0.13545287064986636,-2.4028977581560718e-06,0.0307125,-0.49258124999999997,-0.0968625,0.03258696,0.09296868,0.023961
11.736218094825745,1.214306433183765e-17,-1.696745099601201,-0.08096263708760283,-0.006478488548082694,0.13662112606734378,-2.4212627706231345e-06,0.02480625,-0.50911875,-0.0590625,0.02683632,0.08817648,0.02971164
11.74589047767222,-8.673617379884035e-19,-1.5931364318540089,-0.04728919812535466,-0.006057008794523814,0.13894283997539705,-2.457730640996589e-06,0.02716875,-0.34728749999999997,-0.042525,0.03162852,0.09392712,0.0287532
11.756061797961593,9.540979117872439e-18,-1.5412451358630008,-0.030449621954374118,-0.0058459380123434095,0.140096214884523,-2.4758321860635852e-06,0.02953125,-0.33901875,-0.034256249999999995,0.02683632,0.09680243999999999,0.03067008
11.766234988346696,-3.469446951953614e-18,-1.4892983552135566,-0.013608949600291909,-0.005634656755312642,0.14124454634186265,-2.493844601117467e-06,0.02480625,-0.30121875,-0.034256249999999995,0.03067008,0.09201024,0.02971164
11.777503801509738,4.336808689942018e-18,-1.3852458221834487,0.020073258589997228,-0.005211493248413,0.14352591372500104,-2.5295994506379173e-06,0.03661875,-0.316575,-0.03307499999999999,0.03162852,0.09009336,0.024919439999999998
11.788928978145123,1.1275702593849246e-17,-1.3244554312630483,0.039720189591827465,-0.00496429735621882,0.1448471879485419,-2.5502885573198873e-06,0.03661875,-0.41698124999999997,-0.02953125,0.03067008,0.11884656,0.02587788
11.797864252701402,1.734723475976807e-18,-1.2200939968978721,0.07339558143070203,-0.004539973688978292,0.14709568126832034,-2.5854643062076607e-06,0.035437500000000004,-0.34138124999999997,-0.02953125,0.03067008,0.1581426,0.03162852
11.807546941563487,6.938893903907228e-18,-1.1591343932853784,0.09303499022686298,-0.004292145681961381,0.14839754126150909,-2.6058118838222205e-06,0.034256249999999995,-0.38981249999999995,-0.03189375,0.03258696,0.16101792,0.03642072
11.817480335012078,6.938893903907228e-18,-1.0632271271092375,0.1238873376424337,-0.0039022813674039905,0.15042860551853887,-2.637528291889779e-06,0.02953125,-0.3142125,-0.025987499999999997,0.03162852,0.17156075999999998,0.0287532
11.829181097447872,4.336808689942018e-18,-1.010859107051272,0.14070981092141444,-0.0036894260448676734,0.1515288025688916,-2.654693881308306e-06,0.02953125,-0.22798125,-0.028349999999999997,0.0335454,0.15335039999999997,0.01341816
11.837364142760634,-4.336808689942018e-18,-0.9671912117479395,0.1547246948413007,-0.0035119448085820125,0.15244146808714434,-2.668925561170392e-06,0.02480625,-0.22798125,-0.025987499999999997,0.0335454,0.15910104,0.04408824
11.848292052745819,0.0,-0.8710382674300667,0.1855433305408693,-0.003121183235742798,0.15443588541341075,-2.699999892632786e-06,0.025987499999999997,-0.203175,-0.025987499999999997,0.03450384,0.1581426,0.03546228
11.859975058585405,5.204170427930421e-18,-0.8185460408618919,0.2023442708900026,-0.002907878328732558,0.15551588857401916,-2.716812067430254e-06,0.02716875,-0.2527875,0.0118125,0.03067008,0.15910104,0.03929604
11.86920515447855,6.071532165918825e-18,-0.7134750757936559,0.23592369390277024,-0.002480962082377872,0.15765906054166462,-2.7501423995212364e-06,0.03307499999999999,-0.17600625,0.023625,0.02971164,0.16005947999999998,0.03162852
11.879276793450117,0.0,-0.6609001198369893,0.2527009677108027,-0.0022673661119721866,0.1587221521947423,-2.766659356926395e-06,0.02716875,-0.22561874999999998,0.02480625,0.0287532,0.15430884,0.03162852
11.889736706390977,4.336808689942018e-19,-0.5469086205821447,0.28901971383568836,-0.001804305011977363,0.1610058645333265,-2.8021036271748636e-06,0.0307125,-0.24806249999999996,0.03189375,0.02779476,0.15047507999999998,0.03546228
11.899669114500284,-1.3010426069826053e-18,-0.4503813120471014,0.319713056109877,-0.0014122427006111487,0.16291699935378395,-2.8317252967728873e-06,0.03307499999999999,-0.17836875,0.03189375,0.03162852,0.15718416,0.03162852
11.90934819728136,-4.336808689942018e-19,-0.40648654537313506,0.333652009986657,-0.00123397319365505,0.16377919419301337,-2.845076637721368e-06,0.0307125,-0.1701,0.0307125,0.03450384,0.15526728,0.0287532
11.919873917475343,-1.734723475976807e-18,-0.31866762321874476,0.3615045456270126,-0.0008773460442100766,0.16549127899840702,-2.8715656066399577e-06,0.02953125,-0.1204875,0.034256249999999995,0.03929604,0.15335039999999997,0.03642072
11.929201355203986,0.0,-0.2747456632068007,0.3754174310786479,-0.0006989973173813654,0.1663411261625403,-2.8847025723872233e-06,0.034256249999999995,-0.09331874999999999,0.035437500000000004,0.03642072,0.15239196,0.0287532
11.941093729808927,1.3010426069826053e-18,-0.23960309707337815,0.3865409986278885,-0.0005563055291026317,0.16701801077454884,-2.895160235989818e-06,0.034256249999999995,-0.15001874999999998,0.03189375,0.03546228,0.16485168,0.019168799999999996
11.94918429851532,1.734723475976807e-18,-0.15173113968229987,0.414322470587039,-0.00019954206939813593,0.16869850746755324,-2.92110136923114e-06,0.034256249999999995,-0.12285,0.034256249999999995,0.0335454,0.15430884,0.02012724
11.959201950579882,8.673617379884035e-19,-0.10778892185171485,0.4281978430776058,-2.1150604289735502e-05,0.1695324401067459,-2.9339625561207953e-06,0.034256249999999995,-0.023625,0.03661875,0.03258696,0.1485582,0.02971164
11.969050982967019,1.3010426069826053e-18,-0.019897500658770523,0.4559161266714482,0.00033562949766420455,0.17118756972967067,-2.959464562801121e-06,0.03307499999999999,0.007087499999999999,0.02716875,0.024919439999999998,0.16005947999999998,0.03450384
11.979047512635589,-2.6020852139652106e-18,0.03283886964799154,0.4725253902451434,0.0005496837609816284,0.17217244108603222,-2.974623875248325e-06,0.02480625,-0.023625,0.07441874999999999,0.03642072,0.15622572,0.0335454
11.989162407815456,-4.336808689942018e-19,0.12072925554211496,0.5001693992851417,0.0009063931351094995,0.17380010217779804,-2.9996511583288685e-06,0.0307125,-0.0023625,0.08150625,0.0335454,0.16005947999999998,0.03067008
12.00012219324708,8.673617379884035e-19,0.16467047045329442,0.5139728201904469,0.001084716084434978,0.17460742537594517,-3.0120524688032815e-06,0.03189375,0.01063125,0.07678125,0.04408824,0.15430884,0.02779476
12.01001806743443,4.336808689942018e-19,0.21463785550685188,0.5277633918020178,0.0012630119309935306,0.17541038339534326,-3.0243784778993795e-06,0.02953125,-0.01063125,0.04725,0.03450384,0.15622572,0.02587788
12.019832106307149,1.3010426069826053e-18,0.3024981678355444,0.5553046084195147,0.0016195044870513154,0.17700312371188806,-3.0488033612485078e-06,0.034256249999999995,0.035437500000000004,0.07441874999999999,0.02683632,0.15526728,0.02587788
12.03176031820476,4.336808689942018e-19,0.3436686652441308,0.5663057007129543,0.0017620581764507415,0.1776352726498381,-3.0584880843115675e-06,0.034256249999999995,0.06851249999999999,0.12639375,0.02683632,0.15239196,0.03642072
12.041973186656833,-2.168404344971009e-19,0.4342291735859996,0.596511455454362,0.0021539286436961704,0.17935899707184194,-3.0848682837882422e-06,0.02953125,0.09331874999999999,0.08623125,0.0287532,0.16101792,0.0287532
12.050654808059335,1.0842021724855044e-19,0.46934216453845357,0.6074776630557852,0.0022963648890828993,0.17998043612195658,-3.094368704687039e-06,0.02953125,0.053156249999999995,0.09095625,0.024919439999999998,0.14951664,-0.05846484
12.06052570976317,2.2768245622195593e-18,0.5572436620826097,0.6350033779721549,0.002654093780190068,0.18167640621974623,-3.120568504046254e-06,0.03189375,0.06260625,0.0968625,0.0335454,0.1485582,0.03162852
12.071888217702508,-6.505213034913027e-19,0.6010966070803639,0.6486651383080233,0.002832080005419145,0.18243919576127818,-3.1322031892516525e-06,0.028349999999999997,0.20908125,0.08859375,0.02971164,0.1581426,0.03737916
12.081397898495197,-5.421010862427522e-19,0.636168195973204,0.6595828870090786,0.002974418232660514,0.18304614440575082,-3.1414545716110224e-06,0.028349999999999997,0.1204875,0.0968625,0.03833759999999999,0.15526728,0.03546228
12.091102873906493,2.3852447794681098e-18,0.7238014093899804,0.6868307063167156,0.0033300506540790897,0.18455068166991223,-3.1643628035387583e-06,0.02244375,0.14175000000000001,0.09568125,0.02779476,0.15239196,0.03258696
12.10164793767035,3.577867169202165e-18,0.7588349189942447,0.6977107552989243,0.003472212389354671,0.18514733756057133,-3.173437621863717e-06,0.03307499999999999,0.0968625,0.08859375,0.03833759999999999,0.15622572,0.0287532
12.111064145341516,3.537209587733958e-18,0.8376150701947778,0.7221497845726286,0.0037918697411441216,0.18647896773784942,-3.193670096835455e-06,0.0307125,0.1724625,0.09568125,0.023961,0.15622572,0.02587788
12.122846186161041,-7.860465750519907e-19,0.8813529128004307,0.7357018745143216,0.003969326121869861,0.18721224241264411,-3.2047986867499633e-06,0.02953125,0.16065,0.0968625,0.02108568,0.15718416,0.024919439999999998
12.134686976671219,-1.5720931501039814e-18,0.9512871760462931,0.7573468212337153,0.004253048113280675,0.18837573928915466,-3.222437665976523e-06,0.03307499999999999,0.28350000000000003,0.1582875,0.03162852,0.15143352,0.03067008
12.14244219660759,2.6020852139652106e-18,0.9835318060633254,0.765451254403681,0.004359374669847704,0.18880894640821036,-3.2289991733145827e-06,0.03307499999999999,0.17955,0.16419375,0.02683632,0.15526728,0.03067008
12.152306200936437,-2.6020852139652106e-18,1.0271941436700835,0.7789432980150568,0.00453649794970394,0.18952718017700032,-3.2398704097203852e-06,0.03307499999999999,0.23034374999999999,0.15238125,0.03162852,0.16005947999999998,0.02971164
12.162600511685014,4.662069341687669e-18,1.0970000160088818,0.8004899226912039,0.004819657490446882,0.19066649138435732,-3.257095802291899e-06,0.0307125,0.27286875,0.15946875,0.0287532,0.13897379999999998,0.02779476
12.17443755082786,2.3852447794681098e-18,1.1318769033681442,0.8112441094325904,0.004961122736020167,0.1912315755412979,-3.2656303968617013e-06,0.03189375,0.20435625,0.1582875,0.02779476,0.15910104,0.02587788
12.183416554704309,6.505213034913027e-19,1.2015757903280533,0.8327133713909499,0.005243812860402018,0.19235255575517593,-3.2825426998049277e-06,0.028349999999999997,0.33429375,0.1582875,0.0335454,0.15430884,0.02012724
12.193513633683324,3.2526065174565133e-18,1.236396674747995,0.8434281031001891,0.005385033216174621,0.19290843387645365,-3.2909201375818644e-06,0.04134375,0.26223749999999996,0.1535625,0.0335454,0.15335039999999997,0.02779476
12.20369085483253,3.0357660829594124e-18,1.3059785398097308,0.8648169108041376,0.0056672132173059536,0.1940109216776389,-3.3075169155544035e-06,0.028349999999999997,0.34138124999999997,0.1535625,0.0335454,0.15526728,0.02971164
12.214069789275527,1.5178830414797062e-18,1.3754768226906906,0.8861503705209841,0.0059490305573657795,0.19510099284040977,-3.323902013001311e-06,0.03661875,0.29295,0.1535625,0.0287532,0.15526728,0.03067008
12.224131725728512,3.469446951953614e-18,1.4015162222468711,0.8941358697301984,0.006054614879346305,0.19550655409744022,-3.3299916361957028e-06,0.03189375,0.33547499999999997,0.1535625,0.03258696,0.16005947999999998,0.023961
12.234235733747482,1.1275702593849246e-17,1.4622253633361026,0.9127372824033017,0.006300764765568053,0.19644601469075715,-3.3440841128276578e-06,0.0307125,0.30121875,0.1512,0.02683632,0.15718416,0.03258696
12.244181724265218,-1.3010426069826053e-18,1.4968843229310775,0.9233466393069373,0.0064412840134267626,0.19697853045204874,-3.3520634308304427e-06,0.03189375,0.382725,0.15710625,0.03067008,0.1581426,0.04504668
12.254245718941092,4.336808689942018e-18,1.5228628556750992,0.9312939711321911,0.006546605945160761,0.19737584946433456,-3.3580127295692423e-06,0.02716875,0.36973125,0.15474374999999999,0.03162852,0.15622572,0.03450384
12.266074834391475,-3.469446951953614e-18,1.5834257280388657,0.9498050266428308,0.006792126371955807,0.1982960128564547,-3.3717768039210233e-06,0.028349999999999997,0.28822499999999995,0.15710625,0.02971164,0.15143352,0.03067008
12.27571659348905,5.204170427930421e-18,1.6179984386361632,0.9603619351075068,0.006932275116775388,0.1988174608850086,-3.379567853206409e-06,0.028349999999999997,0.31539375,0.15946875,0.02971164,0.14951664,0.03737916
12.284419875591993,1.3010426069826053e-17,1.6784380567960586,0.9787994495639545,0.0071772672032878685,0.1997223354793113,-3.3930720014219966e-06,0.02716875,0.32720625,0.16065,0.03162852,0.22139963999999998,0.03067008
12.296418320387602,2.6020852139652106e-18,1.7043157463679728,0.9866866121377605,0.00728215686165209,0.20010714562113957,-3.3988086358032037e-06,0.0307125,0.4725,0.15474374999999999,0.05558952,0.20031395999999999,0.03067008
12.306083245202899,7.806255641895632e-18,1.7560248762601813,1.0024342258623369,0.007491738633177652,0.20087135956645316,-3.410190085205599e-06,0.0307125,0.40280625,0.1582875,0.02779476,0.21948276,0.03450384
12.315614983439445,1.431146867680866e-17,1.7818558511986557,1.0102945352846904,0.00759642886010447,0.20125075649201826,-3.4158347977938193e-06,0.02716875,0.3756375,0.1535625,0.03258696,0.22427496,0.0335454
12.326526302844286,4.7704895589362195e-18,1.8076707894464954,1.0181457520630453,0.0077010507246565866,0.20162834216133887,-3.4214487678114774e-06,0.034256249999999995,0.49494374999999996,0.18663749999999998,0.02971164,0.21948276,0.03546228
12.337311945855618,7.806255641895632e-18,1.8592516266796169,1.0338206251266384,0.007910085600876192,0.20237806615450488,-3.43258427830948e-06,0.028349999999999997,0.39217499999999994,0.22089375,-0.004792199999999999,0.21277368,0.03067008
12.346742022782564,1.3010426069826053e-18,1.8850170614377126,1.0416441403381256,0.008014496731231209,0.20275019773083944,-3.4381057185703047e-06,0.02716875,0.3945375,0.2291625,0.03450384,0.22044119999999998,0.02587788
12.358764691278338,7.37257477290143e-18,1.9363741815379312,1.057140353805761,0.008217512499565198,0.20336423573724943,-3.446913033893432e-06,0.03307499999999999,0.25160625,0.2149875,0.03833759999999999,0.215649,0.0335454
12.367900917306542,1.1275702593849246e-17,1.9535191022752079,1.0623386091282108,0.00828693485457309,0.2036092754390388,-3.450542452862612e-06,0.034256249999999995,0.4961249999999999,0.21262499999999998,0.0143766,0.215649,0.0335454
12.376615768298507,2.0816681711721685e-17,1.9963470676044859,1.075315611072003,0.008460345124217436,0.20421830939475463,-3.459555584034802e-06,0.025987499999999997,0.57999375,0.21971249999999998,0.03833759999999999,0.22235808,0.02779476
12.387356489896774,3.0357660829594124e-18,2.02201995916016,1.083088929213125,0.008564290046548993,0.20458128012166368,-3.4649219623814265e-06,0.02953125,0.42170624999999995,0.22325625,0.03546228,0.22044119999999998,0.03067008
12.396694608032703,1.1275702593849246e-17,2.0476746525498486,1.0908524995611941,0.008668157895756269,0.20494240961763724,-3.4702571563733243e-06,0.0307125,0.5020312499999999,0.21853124999999998,0.02971164,0.22044119999999998,0.02204412
12.407341307029128,1.7780915628762273e-17,2.0903914074579064,1.1037699319762628,0.008841097165486488,0.2055401916665362,-3.479079717505243e-06,0.03661875,0.42524999999999996,0.21971249999999998,0.03067008,0.22715027999999998,0.024919439999999998
12.418033925816417,1.3010426069826053e-17,2.1159964440507366,1.111507166852959,0.008944754918091087,0.20589639536876334,-3.4843315192331678e-06,0.034256249999999995,0.411075,0.21380624999999998,0.02971164,0.22235808,0.02971164
12.427286120131612,1.9949319973733282e-17,2.1501068291078,1.1218079069104887,0.009082839875725276,0.20636845053809658,-3.491285132678416e-06,0.03189375,0.5528249999999999,0.21853124999999998,0.03546228,0.21469056,0.02012724
12.436672193929553,2.2985086056692694e-17,2.1756670716349253,1.1295216919886808,0.00918630835132952,0.20672032545938981,-3.4964636902742935e-06,0.0307125,0.49494374999999996,0.2149875,0.03258696,0.22427496,0.03258696
12.449072008952498,2.1250362580715887e-17,2.2182238490167263,1.142355375793372,0.009358571637180678,0.20730264770006127,-3.5050246673130144e-06,0.02953125,0.49730625,0.2149875,0.03067008,0.21660744,0.03833759999999999
12.461018519476056,1.1275702593849246e-17,2.23523109196792,1.147480870787494,0.009427411686850925,0.20753412629110057,-3.5084245348561678e-06,0.034256249999999995,0.5693625,0.222075,0.03067008,0.21948276,0.0335454
12.468857795000076,1.1275702593849246e-17,2.252229393997726,1.1526017758596625,0.00949621402929959,0.20776477474555802,-3.5118103686701025e-06,0.02953125,0.44887499999999997,0.21971249999999998,0.0335454,0.22139963999999998,0.03450384
12.479509338736534,6.938893903907228e-18,2.2861989033564685,1.1628297343221279,0.009633704491846983,0.20822357755767734,-3.518539880993185e-06,0.0307125,0.5658187499999999,0.21616875,0.03737916,0.21852432,0.02012724
12.489211497828364,2.7755575615628914e-17,2.311652060020404,1.1704885024113298,0.009736721311539888,0.20856549372063882,-3.523550076376613e-06,0.028349999999999997,0.515025,0.2149875,0.03737916,0.22235808,0.04121292
12.498998157680035,1.3877787807814457e-17,2.345557199567579,1.180683794470203,0.009873940605443544,0.20901846149252515,-3.530180999346099e-06,0.028349999999999997,0.562275,0.22089375,0.02971164,0.24248532,0.02971164
12.508820954710245,-3.469446951953614e-18,2.387885785519922,1.1934013251064344,0.010045242315980864,0.20957996745206173,-3.538390211543309e-06,0.02953125,0.5185687499999999,0.21735,0.0287532,0.21756588,0.043129799999999996
12.519133489578962,2.862293735361732e-17,2.404800563945219,1.1984800013485846,0.010113692927480213,0.20980310356025128,-3.5416491390983606e-06,0.03661875,0.533925,0.222075,0.03067008,0.21660744,0.04408824
12.528618466109037,2.42861286636753e-17,2.43860119557805,1.20862295178214,0.010250472519801464,0.21024685724997952,-3.548124481346657e-06,0.02716875,0.5221125,0.222075,0.03737916,0.2108568,0.02971164
12.539289640262723,1.3877787807814457e-17,2.455486913583103,1.2136871854017577,0.010318800953505184,0.21046747305650387,-3.551340870138539e-06,0.028349999999999997,0.5103,0.21853124999999998,0.03450384,0.215649,0.03642072
12.549594009295106,1.3010426069826053e-17,2.4807970533485637,1.2212744268553446,0.010421216132237614,0.210796817985257,-3.5561388142067215e-06,0.025987499999999997,0.65795625,0.21971249999999998,0.03067008,0.22715027999999998,0.04025448
12.559263218194246,2.6020852139652106e-17,2.4977670288010216,1.226435424533098,0.010496575315094694,0.2111264745422696,-3.5612272805456126e-06,0.02008125,0.685125,0.21616875,0.03546228,0.21852432,0.03162852
12.569300713017583,1.1275702593849246e-17,2.514617652399657,1.2314821556817508,0.010564804474333094,0.21134371996953022,-3.564386636224522e-06,0.0307125,0.581175,0.22089375,0.03546228,0.20702304,0.023961
12.580085031688213,1.3010426069826053e-17,2.5481809863470737,1.241453149545054,0.010693862268094557,0.21166578807514383,-3.5687767449680028e-06,0.035437500000000004,0.6591374999999999,0.21971249999999998,0.0335454,0.22139963999999998,0.0287532
12.589869938790798,-5.204170427930421e-18,2.5650016561544597,1.2464854660876385,0.010761917550695797,0.211880916103531,-3.5719005712656813e-06,0.03189375,0.6012562499999999,0.21853124999999998,0.0335454,0.22235808,0.02587788
12.600017314776778,2.688821387764051e-17,2.5902134023449164,1.2540245859786943,0.010863919679744535,0.2122020187711251,-3.576559517510648e-06,0.02953125,0.6827624999999999,0.2149875,0.03067008,0.21277368,0.02971164
12.610265197232366,1.8214596497756474e-17,2.6070082960791594,1.259044399972061,0.010931866839200121,0.2124150263841311,-3.5796476014214724e-06,0.0307125,0.5303812499999999,0.21971249999999998,0.02971164,0.22139963999999998,0.02779476
12.62099857069552,2.862293735361732e-17,2.632181063142607,1.266564671862999,0.011033705509047018,0.21273294442548038,-3.584252876028159e-06,0.0307125,0.6638625,0.21971249999999998,0.00862596,0.24344376,0.04121292
12.631136242300272,3.2959746043559335e-17,2.6489497609322363,1.2715718578120587,0.011101542846681503,0.21294382629792588,-3.58730514035019e-06,0.03307499999999999,0.6992999999999999,0.21853124999999998,0.043129799999999996,0.23769312,0.02683632
12.641006354242563,2.6020852139652106e-17,2.6741874022304946,1.2791775763761561,0.011210835432572773,0.21336526703079411,-3.593687655869427e-06,0.03661875,0.64378125,0.21616875,0.03833759999999999,0.20893992,0.03162852
12.65214297734201,1.474514954580286e-17,2.690929058026228,1.2841715822688093,0.011278607316574747,0.21357359332851797,-3.5966966876166766e-06,0.03189375,0.5859,0.25515,0.0335454,0.20893992,0.023961
12.661674262955785,2.949029909160572e-17,2.707556321511281,1.2890568228788104,0.011338622069794375,0.21367519961551498,-3.5978749855176016e-06,0.0307125,0.5232937499999999,0.23506875,0.02779476,0.22331652,0.024919439999999998
12.674310749396682,-7.806255641895632e-18,2.7384975688592244,1.2965310934103378,0.011440058057948146,0.21398544227830785,-3.6023509810161753e-06,0.02716875,0.53274375,0.31303125,0.01533504,0.22235808,0.02587788
12.681881727650762,1.6479873021779667e-17,2.74436072281072,1.2965310934103373,0.011440058057948142,0.21398544227830785,-3.6023509810161753e-06,0.03661875,0.53274375,0.18309375,0.02300256,0.22235808,0.02587788
12.692657401785254,3.642919299551295e-17,2.764430308011936,1.2990199271794802,0.011473847220162748,0.21408842866588493,-3.60383577678219e-06,0.02716875,0.6473249999999999,0.30003749999999996,0.04121292,0.22139963999999998,0.03162852
12.7030990999192,1.734723475976807e-17,2.7786310264317744,1.3015074619288047,0.011507624909134246,0.2141912009649629,-3.6053169687037914e-06,0.02953125,0.7252875,0.42406875,0.03737916,0.22331652,0.03258696
12.71244566142559,3.8163916471489756e-17,2.8119767205348043,1.311444560996758,0.011642620257208147,0.21460014722405038,-3.6112056683762885e-06,0.028349999999999997,0.59889375,0.31775624999999996,0.03737916,0.22906716000000002,0.02204412
12.723208663985133,2.168404344971009e-17,2.8286327290661224,1.316405251797862,0.011710048214114737,0.2148033331606985,-3.6141283568063815e-06,0.03307499999999999,0.70284375,0.26223749999999996,0.03067008,0.23194248,0.02683632
12.733868826180696,2.7755575615628914e-17,2.8369564945463366,1.3188836238305441,0.011743744645255962,0.21490460397465985,-3.6155842805457026e-06,0.0307125,0.61070625,0.28822499999999995,0.03258696,0.20318928,-0.06996612
12.744720069691539,2.949029909160572e-17,2.8785326012277164,1.3312556512200262,0.01191204998033749,0.21540773245645817,-3.622809636356646e-06,0.02953125,0.6756749999999999,0.28231874999999995,0.02683632,0.22427496,0.0287532
12.756452213972807,4.597017211338539e-17,2.8952425016617216,1.3362947100000284,0.01198743674202209,0.2157092841552057,-3.627420650118194e-06,0.028349999999999997,0.70756875,0.278775,0.03162852,0.21181524,0.0335454
12.766776140779257,-3.469446951953614e-18,2.911741722924927,1.3411293253983196,0.012046480044523104,0.21580635850843183,-3.628524719001264e-06,0.03189375,0.66268125,0.28822499999999995,0.0527142,0.22619183999999998,0.03546228
12.77731199003756,1.8214596497756474e-17,2.936618019980504,1.348520507819467,0.012147176228634076,0.2161030624294624,-3.6327729363978965e-06,0.0307125,0.63433125,0.28704375,0.0287532,0.22810872,0.04025448
12.785550974309444,2.168404344971009e-17,2.944904256816687,1.3509815415360176,0.01218071737493536,0.21620153166185957,-3.634181745184762e-06,0.03189375,0.6827624999999999,0.27995624999999996,0.0287532,0.22427496,0.03162852
12.797030318528414,-1.474514954580286e-17,2.9781170600782403,1.3609095297729485,0.012323135768556951,0.21669290227114962,-3.641489682264173e-06,0.028349999999999997,0.7406437499999999,0.27759375000000003,0.02779476,0.21277368,0.02779476
12.806493574753404,8.673617379884035e-18,3.0029217311087857,1.3682675498327783,0.012423606713369327,0.2169837666466499,-3.645639446338727e-06,0.02716875,0.5977125,0.2811375,0.02779476,0.20798148,0.0335454
12.816996766254306,3.903127820947816e-17,3.0276032896932015,1.3755171693230759,0.012515453403488556,0.21717431675739557,-3.6480697219290325e-06,0.035437500000000004,0.5882624999999999,0.29885625,0.02971164,0.2300256,0.03067008
12.827255481854081,4.683753385137379e-17,3.044107029438867,1.3804078670848248,0.012582251501212574,0.2173662707800839,-3.6508035844987327e-06,0.03661875,0.6768562499999999,0.30003749999999996,0.02779476,0.22619183999999998,0.03258696
12.837434254586697,1.8214596497756474e-17,3.0523543372767112,1.3828511465764004,0.012615631694300005,0.21746192178985077,-3.6521650402478077e-06,0.03189375,0.73355625,0.27759375000000003,0.03162852,0.215649,0.02971164
12.847221545875072,2.862293735361732e-17,3.085407525923934,1.3927049748842653,0.012757697296349367,0.21793919605187712,-3.6592348187055674e-06,0.02480625,0.74300625,0.2811375,0.02971164,0.191688,0.02779476
12.858017962425947,3.2959746043559335e-17,3.101773796426416,1.3974816982363603,0.012815646769825502,0.21803125781406196,-3.660257031699861e-06,0.025987499999999997,0.8197874999999999,0.28468125,0.03162852,0.22427496,0.01533504
12.86716741323471,2.688821387764051e-17,3.1346581768923625,1.4072074822307994,0.01294873429720163,0.21840645580326165,-3.6655785053551486e-06,0.038981249999999995,0.79261875,0.2811375,0.02971164,0.22619183999999998,0.02971164
12.877434922382236,4.0766001685454967e-17,3.1511744091838985,1.4121547578355687,0.013024052859014534,0.21868785259122345,-3.6698477172729663e-06,0.03189375,0.7300125,0.27995624999999996,0.03162852,0.21469056,0.03067008
12.888363709673285,6.071532165918825e-18,3.183982485596507,1.4218458353514931,0.013156919142581176,0.21905693533796405,-3.6750661323313916e-06,0.0307125,0.704025,0.27523125,0.03450384,0.21469056,0.03258696
12.89794790558517,7.806255641895632e-18,3.200275949085468,1.4265913490984998,0.013214285716404543,0.21914636233427137,-3.676045420497909e-06,0.035437500000000004,0.7406437499999999,0.28468125,0.03546228,0.22139963999999998,0.03258696
12.908436246216297,1.3877787807814457e-17,3.216648553302531,1.431423098309644,0.013280542097778455,0.21932914934426123,-3.6786254147726917e-06,0.0307125,0.7642687499999999,0.278775,0.02971164,0.22331652,0.03258696
12.918026709929109,1.474514954580286e-17,3.2412737208384566,1.4387503869413998,0.013388927344417868,0.219694392939803,-3.684056818785471e-06,0.023625,0.74300625,0.27995624999999996,0.0335454,0.21181524,0.03162852
12.929241176694632,-6.071532165918825e-18,3.257613596422063,1.443567346261536,0.013455095404025072,0.21987454779373491,-3.686592448932181e-06,0.02953125,0.71938125,0.28350000000000003,0.02779476,0.22044119999999998,0.01725192
12.938736606389284,3.122502256758253e-17,3.2902541909317877,1.4531839228546928,0.01358726980493661,0.2202322182897442,-3.691619459940177e-06,0.02716875,0.7548187499999999,0.28468125,0.0287532,0.21852432,0.03546228
12.949210638180375,-9.540979117872439e-18,3.314700117720033,1.4603811052892453,0.01368625806133893,0.22049815903645803,-3.695350960512793e-06,0.025987499999999997,0.7548187499999999,0.28704375,0.03162852,0.20702304,0.02971164
12.959149237722158,0.0,3.339116212229592,1.467565144303707,0.01378512314694485,0.22076211530043444,-3.69904920287127e-06,0.028349999999999997,0.71938125,0.29531250000000003,0.02300256,0.21948276,0.02683632
12.969283513724804,1.8214596497756474e-17,3.355376926554137,1.472347169812708,0.013850964336349338,0.220936982478802,-3.701496204542342e-06,0.03307499999999999,0.7772625,0.27641249999999995,0.02971164,0.21469056,0.03642072
12.97937043569982,2.168404344971009e-17,3.37162421937545,1.4771233059349924,0.013916750124329955,0.22111096590918108,-3.7039284001977796e-06,0.034256249999999995,0.8020687499999999,0.28231874999999995,0.02779476,0.22235808,0.04025448
12.989218417555094,2.6020852139652106e-17,3.4202849191984868,1.491416187054415,0.014113772449412323,0.22162760677074494,-3.711136054078859e-06,0.03307499999999999,0.70756875,0.28231874999999995,0.0335454,0.21948276,0.03546228
12.999172681942582,4.163336342344337e-17,3.436477876656131,1.4961685748211748,0.014179334002498678,0.22179804828522712,-3.7135089289767945e-06,0.02953125,0.7406437499999999,0.28231874999999995,0.03258696,0.2252334,0.043129799999999996
13.00899943895638,3.469446951953614e-17,3.4526570882068515,1.5009149779156306,0.014244838840682943,0.22196760260745887,-3.715866949808216e-06,0.03307499999999999,0.8091562499999999,0.27641249999999995,0.02779476,0.2108568,0.024919439999999998
13.018771836534142,2.0816681711721685e-17,3.484974014775462,1.5103897541692188,0.014375677324496041,0.22230404696585404,-3.720538391602646e-06,0.028349999999999997,0.8245125,0.27759375000000003,0.03258696,0.21277368,0.03162852
13.028836566954851,7.806255641895632e-18,3.501028267832898,1.515034756736469,0.01443119499519956,0.22238527070486325,-3.721384467634575e-06,0.03307499999999999,0.69103125,0.278775,0.02683632,0.2252334,0.03162852
13.03897044993937,4.423544863740858e-17,3.5252090356319483,1.5221165579994822,0.014529019757841297,0.2226345999219078,-3.7248381331347994e-06,0.03307499999999999,0.7819875,0.27523125,0.03258696,0.22331652,0.03450384
13.049122842028737,8.673617379884035e-18,3.5494400732050275,1.5292666568553022,0.014636662199777885,0.22296625977218795,-3.7297026153673166e-06,0.02716875,0.8138812499999999,0.27759375000000003,0.03067008,0.21660744,0.02587788
13.059305492788553,4.336808689942018e-18,3.581588173610422,1.5386684812577562,0.014766804415494193,0.22329201762473583,-3.7341952507101695e-06,0.0307125,0.7772625,0.28231874999999995,0.048880440000000004,0.21660744,0.03067008
13.070235630497336,2.5153490401663703e-17,3.5975601088066202,1.5432795132284103,0.014821705996061108,0.22337055642323286,-3.7349978652214043e-06,0.02716875,0.7288312499999999,0.28586249999999996,0.02683632,0.22810872,0.02779476
13.080615373328328,0.0,3.6056616703839435,1.5457037017738833,0.014864256146113674,0.22353399173305022,-3.7375255220207297e-06,0.03307499999999999,0.89420625,0.2905875,0.0335454,0.22331652,0.02683632
13.089974101632833,3.209238430557093e-17,3.63770914945084,1.555062345034145,0.014993983544544011,0.22385349402890017,-3.7419135531881362e-06,0.02953125,0.88948125,0.2905875,0.05079732,0.21373212,0.024919439999999998
13.10120614618063,3.642919299551295e-17,3.653711094769647,1.559732345645754,0.015058757413178055,0.22401190237438648,-3.7440851216174514e-06,0.03307499999999999,0.8682187499999999,0.27523125,0.0527142,0.2108568,0.02012724
13.111143942922354,7.806255641895632e-18,3.6856710769394425,1.5690536114320237,0.015188124193808005,0.22432603029231846,-3.74838332073598e-06,0.028349999999999997,0.8209687499999999,0.307125,0.00383376,0.2348178,0.02779476
13.12020261399448,1.1275702593849246e-17,3.7016289859505425,1.5737048393216333,0.015252716588336959,0.22448174860825287,-3.750509934232405e-06,0.0307125,0.8209687499999999,0.37327499999999997,0.019168799999999996,0.22331652,0.02108568
13.130911726504564,4.5102810375396984e-17,3.7335003206673263,1.5829883920693482,0.01538171809397639,0.22479049083969574,-3.7547181465673513e-06,0.03189375,0.789075,0.35083125,0.03258696,0.22331652,0.03067008
13.143327726051211,1.734723475976807e-17,3.7414588405067866,1.5853053285839005,0.015413930098191234,0.22486711461355774,-3.7557608154549104e-06,0.03307499999999999,0.7961624999999999,0.33547499999999997,0.03067008,0.21756588,0.03162852
13.150730917230248,1.734723475976807e-18,3.75736464785534,1.589934443382064,0.015478307834449154,0.22501968748333054,-3.7578348848827965e-06,0.025987499999999997,0.7961624999999999,0.344925,0.03067008,0.22139963999999998,0.03162852
13.16153003461659,4.683753385137379e-17,3.781195158786885,1.596866185295521,0.015574758275689672,0.22524685895050245,-3.760917802629204e-06,0.034256249999999995,0.8091562499999999,0.33547499999999997,0.00862596,0.22139963999999998,0.04217136
13.17172479443252,2.2551405187698492e-17,3.797063273339547,1.6014793660918691,0.015638980752667512,0.22539718048684795,-3.7629542782074097e-06,0.02953125,0.8800312499999999,0.3425625,0.02300256,0.21852432,0.02204412
13.182541850954294,1.9081958235744878e-17,3.8287538742890965,1.6106864915114851,0.015767237789522152,0.22569511819553595,-3.766982065734593e-06,0.028349999999999997,0.79498125,0.34728749999999997,0.03450384,0.22906716000000002,0.03258696
13.191385585814714,-6.938893903907228e-18,3.844576233923621,1.615280399306263,0.015831271836370966,0.22584273317612794,-3.768973361572424e-06,0.028349999999999997,0.77135625,0.3425625,0.03258696,0.24056844,0.03162852
13.202289026230574,7.979727989493313e-17,3.868280919302134,1.6221591406641551,0.01592720409669985,0.22606246164288907,-3.7719320354987204e-06,0.03189375,0.7855312499999999,0.3520125,0.0335454,0.22139963999999998,0.03258696
13.212908707559109,2.6020852139652106e-17,3.884064714654107,1.6267368612625828,0.01599107935721977,0.22620781709681265,-3.7738856267233337e-06,0.03189375,0.92964375,0.34374374999999996,0.03162852,0.21469056,0.03833759999999999
13.222112214192748,2.2551405187698492e-17,3.8919507901784858,1.6290232826007314,0.016022993017733144,0.2262801555482269,-3.77485676198172e-06,0.03189375,0.9379124999999999,0.35083125,0.03546228,0.22139963999999998,0.02971164
13.23264573700726,8.673617379884035e-18,3.9155856335239956,1.63587276333876,0.016118637737371207,0.22649581293289778,-3.7777475146989047e-06,0.035437500000000004,0.8906624999999999,0.34138124999999997,0.02204412,0.21660744,0.03067008
13.243372611701488,5.204170427930421e-18,3.923456093969022,1.6381526548820968,0.01615048711701131,0.22656724583164484,-3.7787035447066953e-06,0.03307499999999999,0.8788499999999999,0.3520125,0.03258696,0.215649,0.02012724
13.253790777176619,3.642919299551295e-17,3.9548986225457554,1.6472558167559308,0.016277722818500182,0.22685071104255053,-3.782489868112566e-06,0.028349999999999997,0.91074375,0.34610625,0.03737916,0.21852432,0.03162852
13.263947976753116,1.0408340855860843e-17,3.9627493870859345,1.649527494770559,0.016309491130559888,0.22692101039492485,-3.783426995074807e-06,0.03661875,0.84695625,0.34374374999999996,0.02779476,0.21660744,0.023961
13.273963598534465,3.9898639947466563e-17,3.9862778728288983,1.656332622571838,0.01640469808643125,0.2271305466455067,-3.786215671618239e-06,0.025987499999999997,0.94145625,0.34610625,0.02300256,0.2348178,0.03546228
13.284222109243274,2.2551405187698492e-17,3.9941127393079334,1.6585976888634766,0.016436400972500282,0.2271999378940355,-3.787137659253089e-06,0.02480625,0.91665,0.3402,0.05079732,0.21469056,0.0287532
13.293760277330875,5.377642775528102e-17,4.017593342751116,1.6653829271011191,0.016531410889202954,0.2274067481631497,-3.7898808956109384e-06,0.03307499999999999,0.8906624999999999,0.3425625,0.0670908,0.21277368,0.02971164
13.303743209689856,4.683753385137379e-17,4.041037787881333,1.6721531769036597,0.01662627202875298,0.22761151177227107,-3.792590022985873e-06,0.02953125,0.90601875,0.3402,0.01150128,0.23194248,0.04408824
13.313918290659785,1.0408340855860843e-17,4.04884453126556,1.6744065855390955,0.01665785919941313,0.2276793111762612,-3.7934854814471596e-06,0.023625,0.9249187499999999,0.344925,0.02971164,0.23194248,0.01821036
13.32386577874422,-3.8163916471489756e-17,4.056647225805592,1.676658319768085,0.016689429712819222,0.2277468829008709,-3.794377146414345e-06,0.0307125,0.76899375,0.34846875,0.03162852,0.215649,0.02012724
13.333723874762654,4.85722573273506e-17,4.072240437146355,1.6811567560014669,0.016752520641603885,0.2278813430418897,-3.7961490923035403e-06,0.03661875,0.9438187499999999,0.3283875,0.02587788,0.22427496,0.023961
13.34408137947321,-6.938893903907228e-18,4.080030938353878,1.6834034535074232,0.016784040993891528,0.22794823132383868,-3.797029371453605e-06,0.03189375,0.9910687499999999,0.33665625,0.02683632,0.20798148,0.03162852
13.353886922821403,-1.734723475976807e-18,4.103377930651258,1.690133436627043,0.01687850122414196,0.22814752821346884,-3.799647423173714e-06,0.034256249999999995,0.88239375,0.33783749999999996,0.03067008,0.21660744,0.02587788
13.363922357559204,5.204170427930421e-17,4.111152065034222,1.6923733870564077,0.016909954253732123,0.22821350430316562,-3.80051250892811e-06,0.02953125,0.9048375,0.35555624999999996,0.03450384,0.21948276,0.02971164
13.373998748138547,-6.938893903907228e-18,4.126622473343288,1.6967826893254687,0.016961273251902102,0.2282768552734784,-3.8010705157599476e-06,0.025987499999999997,0.9603562499999999,0.3520125,0.03833759999999999,0.22715027999999998,0.03450384
13.384042834863067,-6.938893903907228e-18,4.126622473343288,1.6967826893254687,0.016961273251902102,0.2282768552734784,-3.8010705157599476e-06,0.03307499999999999,1.0666687499999998,0.344925,0.0335454,0.22810872,0.02971164
13.394165698438883,0.0,4.1344497701968095,1.699083075153689,0.01700421176068055,0.22841006302805147,-3.8030849596231776e-06,0.028349999999999997,1.05013125,0.32011875,0.03067008,0.20893992,0.03450384
13.404211785644293,-6.938893903907228e-18,4.1577102653393725,1.7057774715147629,0.017098316235271686,0.22860456606311735,-3.8056231824988415e-06,0.03307499999999999,1.01705625,0.35083125,0.04025448,0.19839708,0.03067008
13.41423406265676,4.85722573273506e-17,4.165455458634238,1.7080055283873794,0.017129650239853765,0.22866894328508608,-3.806461646651419e-06,0.0378,0.9544499999999999,0.3520125,0.0287532,0.21756588,0.04217136
13.424318281933665,3.469446951953614e-18,4.18093334111761,1.7124565158901068,0.017192266830565895,0.2287970116578374,-3.8081271547111143e-06,0.0307125,1.0406812499999998,0.33429375,0.0287532,0.21660744,0.043129799999999996
13.434336917474866,2.6020852139652106e-17,4.188666014828234,1.7146794420692295,0.017223549354079343,0.2288607026805516,-3.8089541969527246e-06,0.025987499999999997,0.8918437499999999,0.34964999999999996,0.02971164,0.22619183999999998,0.04025448
13.444756714627147,1.9081958235744878e-17,4.196394499873192,1.7169006535690536,0.017254814654648627,0.22892416484249406,-3.809777430231518e-06,0.02716875,0.9249187499999999,0.34728749999999997,0.024919439999999998,0.21756588,0.03737916
13.455712174996734,2.2551405187698492e-17,4.204118788524001,1.7191201481683671,0.01728606270100845,0.2289873980802024,-3.810596853724261e-06,0.025987499999999997,1.0395,0.34138124999999997,0.0287532,0.21852432,0.0287532
13.465176770463586,-1.734723475976807e-18,4.21183887305637,1.7213379236476751,0.01731729346191076,0.2290504023304435,-3.8114124666115304e-06,0.02953125,0.9237375,0.33783749999999996,0.0335454,0.215649,0.02971164
13.476261612027884,1.214306433183765e-17,4.2195547457502185,1.7235539777892042,0.017348506906124814,0.22911317753021318,-3.8122242680777145e-06,0.02953125,1.063125,0.34374374999999996,0.03162852,0.22044119999999998,0.03737916
13.486200030893087,5.898059818321144e-17,4.227266398889672,1.7257683083768973,0.01737970300243715,0.22917572361673597,-3.8130322573110087e-06,0.03661875,1.0430437499999998,0.34138124999999997,0.0287532,0.21373212,0.02204412
13.495652131736279,1.734723475976807e-18,4.242677015663013,1.730191790035187,0.017442043026589714,0.2293001282000864,-3.8146367958507896e-06,0.0378,1.0017,0.34374374999999996,0.024919439999999998,0.21373212,0.0335454
13.506042916327715,-6.938893903907228e-18,4.2503759638862855,1.7324009366823017,0.01747318689208991,0.2293619865725095,-3.81543334355274e-06,0.038981249999999995,0.91665,0.33783749999999996,0.03067008,0.22906716000000002,0.02587788
13.517225418239832,1.9081958235744878e-17,4.258070661733949,1.7346083509286239,0.017504313285008434,0.22942361558287683,-3.816226075812726e-06,0.034256249999999995,0.93909375,0.3425625,0.03546228,0.21852432,0.023961
13.526384634897113,2.0816681711721685e-17,4.265761101511305,1.7368140305667392,0.01753542217421888,0.2294850151695594,-3.817014991838017e-06,0.0307125,1.09738125,0.3425625,0.02971164,0.21948276,0.023961
13.53716397471726,-8.673617379884035e-18,4.281129176097607,1.7412201771973705,0.01759758731709755,0.22960712582650156,-3.818581372032666e-06,0.0307125,0.8847562499999999,0.33193125,0.02971164,0.21852432,0.01341816
13.552993511781096,2.42861286636753e-17,4.28880679553848,1.7434206397837402,0.017628643508600633,0.22966783677465039,-3.819358834635643e-06,0.02480625,1.0560375,0.34374374999999996,0.03067008,0.22427496,0.02779476
13.55844153650105,2.42861286636753e-17,4.28880679553848,1.7434206397837402,0.017628643508600633,0.22966783677465039,-3.819358834635643e-06,0.02480625,0.9213749999999999,0.34374374999999996,0.03067008,0.22427496,0.02779476
13.567029081285,4.5102810375396984e-17,4.3041491603275785,1.7478163324962765,0.017690702976453376,0.2297885696067493,-3.820902300965595e-06,0.03189375,0.9981562499999999,0.33193125,0.04121292,0.20127240000000002,0.0287532
13.577743349596858,5.724587470723463e-17,4.3118138903334415,1.750011558226751,0.017721706190743574,0.22984859136996638,-3.8216683031491024e-06,0.028349999999999997,0.9863437499999999,0.34964999999999996,0.02300256,0.21277368,0.02683632
13.588931262493134,5.204170427930421e-17,4.327130407244159,1.754396757459987,0.017783659425035594,0.22996794529062714,-3.823188841723168e-06,0.03307499999999999,0.84695625,0.34138124999999997,0.03162852,0.215649,0.00862596
13.599006501957774,5.204170427930421e-17,4.327130407244159,1.754396757459987,0.017783659425035594,0.22996794529062714,-3.823188841723168e-06,0.03307499999999999,0.9556312499999999,0.354375,0.05175576,0.22044119999999998,0.03642072
13.607950503006577,-6.938893903907228e-18,4.342429615639016,1.758774939108533,0.01784554152712864,0.23008637933946036,-3.824694087511216e-06,0.0307125,0.97453125,0.34138124999999997,0.05175576,0.20798148,0.0335454
13.6182607319206,4.85722573273506e-17,4.350072710016282,1.760961392864723,0.017876455826236804,0.2301452512637553,-3.825440973726535e-06,0.02953125,1.0017,0.34138124999999997,0.02779476,0.2108568,0.04025448
13.628260442987084,4.85722573273506e-17,4.350072710016282,1.760961392864723,0.017876455826236804,0.2301452512637553,-3.825440973726535e-06,0.0307125,0.9544499999999999,0.34846875,0.03162852,0.21469056,0.0335454
13.638852933421731,1.9081958235744878e-17,4.365345840915028,1.7653290153086725,0.01793823076600496,0.23026230461774239,-3.826923269065336e-06,0.034256249999999995,0.8847562499999999,0.34728749999999997,0.0335454,0.22235808,0.03067008
13.649408377707005,1.9081958235744878e-17,4.365345840915028,1.7653290153086725,0.01793823076600496,0.23026230461774239,-3.826923269065336e-06,0.0307125,0.9190124999999999,0.33783749999999996,0.03067008,0.21181524,0.03546228
13.658958168700337,2.2551405187698492e-17,4.372975862163377,1.7675101796288093,0.017969091344890015,0.23032048593038112,-3.827658676706522e-06,0.034256249999999995,0.9485437499999999,0.344925,0.0335454,0.21469056,0.04696356
13.668936582282186,1.0408340855860843e-17,4.380601510436232,1.7696895764389151,0.017999933955288983,0.23037843692246499,-3.8283902566804155e-06,0.034256249999999995,1.0938374999999998,0.34846875,0.03067008,0.21948276,0.03450384
13.67876548692584,-3.469446951953614e-18,4.388222778107938,1.7718672035595904,0.018030758566359245,0.2304361575360427,-3.82911800825543e-06,0.0307125,0.90601875,0.33665625,0.02971164,0.21660744,0.03546228
13.68972153775394,5.724587470723463e-17,4.395839657557233,1.7740430588132103,0.0180615651472762,0.2304936477133939,-3.8298419307038204e-06,0.025987499999999997,1.0465874999999998,0.35319375,0.02971164,0.22619183999999998,0.024919439999999998
13.698822354897857,2.42861286636753e-17,4.403452141167236,1.776217140023919,0.018092353667233257,0.23055090739702827,-3.83056202330166e-06,0.028349999999999997,1.02650625,0.35555624999999996,0.02683632,0.2252334,0.0287532
13.710455657914281,5.0306980803327406e-17,4.411060221325467,1.7783894450176367,0.01812312409544192,0.23060793652968622,-3.831278285328858e-06,0.0307125,0.9331875,0.34728749999999997,0.02971164,0.22044119999999998,0.0287532
13.718572413548827,5.0306980803327406e-17,4.411060221325467,1.7783894450176367,0.01812312409544192,0.23060793652968622,-3.831278285328858e-06,0.02953125,0.9922499999999999,0.34728749999999997,0.0287532,0.22331652,0.02587788
13.728716304525733,5.0306980803327406e-17,4.411060221325467,1.7783894450176367,0.01812312409544192,0.23060793652968622,-3.831278285328858e-06,0.0378,1.0489499999999998,0.35319375,0.03258696,0.22044119999999998,0.03162852
13.739074129611254,-6.938893903907228e-18,4.418663890423842,1.7805599716220564,0.018153876401131742,0.2306647350543386,-3.831990716069152e-06,0.02953125,1.1021062499999998,0.33547499999999997,0.02971164,0.21852432,0.03258696
13.748903390020132,1.734723475976807e-18,4.426263140858696,1.7827287176666535,0.01818461055355044,0.23072130291418685,-3.832699314810113e-06,0.02716875,1.1139187499999998,0.33429375,0.03067008,0.20989836,0.03067008
13.759018810465932,1.9081958235744878e-17,4.433857965030777,1.7848956809826813,0.018215326521963837,0.23077764005266316,-3.833404080843141e-06,0.02953125,0.9993375,0.33901875,0.03162852,0.20798148,0.10638684
13.769181594252586,1.9081958235744878e-17,4.433857965030777,1.7848956809826813,0.018215326521963837,0.23077764005266316,-3.833404080843141e-06,0.035437500000000004,0.9615374999999999,0.35083125,0.0335454,0.22619183999999998,0.01725192
13.779419431462884,1.9081958235744878e-17,4.433857965030777,1.7848956809826813,0.018215326521963837,0.23077764005266316,-3.833404080843141e-06,0.02480625,1.0524937499999998,0.34846875,0.03258696,0.22715027999999998,0.024919439999999998
13.789242826402187,1.9081958235744878e-17,4.433857965030777,1.7848956809826813,0.018215326521963837,0.23077764005266316,-3.833404080843141e-06,0.0212625,1.0513125,0.33783749999999996,0.03162852,0.22235808,0.03258696
13.800746401771903,1.9081958235744878e-17,4.433857965030777,1.7848956809826813,0.018215326521963837,0.23077764005266316,-3.833404080843141e-06,0.02008125,1.0430437499999998,0.33547499999999997,0.0335454,0.2108568,0.02587788
13.809946712106466,2.2551405187698492e-17,4.441448355345264,1.787060859403177,0.01824602427565599,0.2308337464134304,-3.834105013463471e-06,0.03189375,1.0489499999999998,0.33901875,0.03162852,0.215649,0.0287532
13.82071003317833,2.2551405187698492e-17,4.441448355345264,1.787060859403177,0.01824602427565599,0.2308337464134304,-3.834105013463471e-06,0.034256249999999995,1.0773,0.3425625,0.03067008,0.22044119999999998,0.03546228
13.830854166299105,2.2551405187698492e-17,4.4490343042117635,1.789224250762962,0.01827670378392915,0.2308896219403822,-3.834802111970169e-06,0.028349999999999997,0.93436875,0.32956874999999997,0.0335454,0.21469056,0.02779476
13.840657962486148,2.2551405187698492e-17,4.4490343042117635,1.789224250762962,0.01827670378392915,0.2308896219403822,-3.834802111970169e-06,0.034256249999999995,1.00760625,0.35791875,0.02683632,0.21660744,0.02300256
13.850651510059834,2.2551405187698492e-17,4.4490343042117635,1.789224250762962,0.01827670378392915,0.2308896219403822,-3.834802111970169e-06,0.02716875,1.02650625,0.33429375,0.01054284,0.22619183999999998,0.043129799999999996
13.861077947542071,2.2551405187698492e-17,4.4490343042117635,1.789224250762962,0.01827670378392915,0.2308896219403822,-3.834802111970169e-06,0.028349999999999997,1.0395,0.35319375,0.0143766,0.21277368,0.0335454
13.871019402518868,2.2551405187698492e-17,4.4490343042117635,1.789224250762962,0.01827670378392915,0.2308896219403822,-3.834802111970169e-06,0.02953125,1.0418625,0.33193125,0.05079732,0.24248532,0.023961
13.882921490818262,2.2551405187698492e-17,4.4490343042117635,1.789224250762962,0.01827670378392915,0.2308896219403822,-3.834802111970169e-06,0.034256249999999995,1.0276875,0.33783749999999996,0.03737916,0.2108568,0.03833759999999999
13.89406999759376,2.2551405187698492e-17,4.4490343042117635,1.789224250762962,0.01827670378392915,0.2308896219403822,-3.834802111970169e-06,0.035437500000000004,1.0312312499999998,0.34610625,0.03162852,0.21852432,0.03833759999999999
13.904055282473564,2.2551405187698492e-17,4.4490343042117635,1.789224250762962,0.01827670378392915,0.2308896219403822,-3.834802111970169e-06,0.03307499999999999,1.0347749999999998,0.34374374999999996,0.01533504,0.22331652,0.03833759999999999
13.912368858233094,2.2551405187698492e-17,4.4490343042117635,1.789224250762962,0.01827670378392915,0.2308896219403822,-3.834802111970169e-06,0.03307499999999999,1.03359375,0.344925,0.0335454,0.22331652,0.03833759999999999
13.922744585201144,2.2551405187698492e-17,4.4490343042117635,1.789224250762962,0.01827670378392915,0.2308896219403822,-3.834802111970169e-06,0.02716875,1.0489499999999998,0.34374374999999996,0.03737916,0.21277368,0.03450384
13.932708451524377,2.2551405187698492e-17,4.4490343042117635,1.789224250762962,0.01827670378392915,0.2308896219403822,-3.834802111970169e-06,0.02716875,1.0324125,0.35083125,-0.00287532,0.20318928,0.04217136
13.942757941782475,2.2551405187698492e-17,4.4490343042117635,1.789224250762962,0.01827670378392915,0.2308896219403822,-3.834802111970169e-06,0.03189375,1.0312312499999998,0.34846875,0.05942328,0.22139963999999998,0.03546228
13.953396594151855,2.2551405187698492e-17,4.4490343042117635,1.789224250762962,0.01827670378392915,0.2308896219403822,-3.834802111970169e-06,0.025987499999999997,1.03595625,0.35083125,0.04025448,0.21756588,0.0335454
13.962572805583477,2.2551405187698492e-17,4.4490343042117635,1.789224250762962,0.01827670378392915,0.2308896219403822,-3.834802111970169e-06,0.03661875,1.03595625,0.3402,0.03162852,0.21469056,0.03450384
13.97536208294332,2.2551405187698492e-17,4.4490343042117635,1.789224250762962,0.01827670378392915,0.2308896219403822,-3.834802111970169e-06,0.035437500000000004,1.0489499999999998,0.33783749999999996,0.04217136,0.215649,0.02683632
13.983575817197561,2.2551405187698492e-17,4.4490343042117635,1.789224250762962,0.01827670378392915,0.2308896219403822,-3.834802111970169e-06,0.03189375,1.02650625,0.3425625,0.03929604,0.215649,0.02683632
13.994330169633031,2.2551405187698492e-17,4.4490343042117635,1.789224250762962,0.01827670378392915,0.2308896219403822,-3.834802111970169e-06,0.03661875,1.0253249999999998,0.34610625,0.03258696,0.22139963999999998,0.048880440000000004
14.00412287376821,2.2551405187698492e-17,4.4490343042117635,1.789224250762962,0.01827670378392915,0.2308896219403822,-3.834802111970169e-06,0.03307499999999999,1.0395,0.34728749999999997,0.03450384,0.22139963999999998,0.02012724
14.014749869704247,2.2551405187698492e-17,4.4490343042117635,1.789224250762962,0.01827670378392915,0.2308896219403822,-3.834802111970169e-06,0.0307125,1.0395,0.3520125,0.03546228,0.22235808,0.02683632
14.024318726733327,2.2551405187698492e-17,4.4490343042117635,1.789224250762962,0.01827670378392915,0.2308896219403822,-3.834802111970169e-06,0.02244375,1.03831875,0.33665625,0.02971164,0.21181524,0.02971164
14.034673197194934,2.2551405187698492e-17,4.4490343042117635,1.789224250762962,0.01827670378392915,0.2308896219403822,-3.834802111970169e-06,0.023625,1.03005,0.3567375,0.03258696,0.2252334,0.0335454
14.044307889416814,2.2551405187698492e-17,4.4490343042117635,1.789224250762962,0.01827670378392915,0.2308896219403822,-3.834802111970169e-06,0.02716875,1.03005,0.34138124999999997,0.03258696,0.21852432,0.0335454
14.054282668977976,2.2551405187698492e-17,4.4490343042117635,1.789224250762962,0.01827670378392915,0.2308896219403822,-3.834802111970169e-06,0.02480625,1.0324125,0.33429375,0.03162852,0.22044119999999998,0.0335454
14.064219469204545,2.2551405187698492e-17,4.4490343042117635,1.789224250762962,0.01827670378392915,0.2308896219403822,-3.834802111970169e-06,0.042525,1.0418625,0.344925,0.03067008,0.21948276,0.0335454
14.07398284971714,2.2551405187698492e-17,4.4490343042117635,1.789224250762962,0.01827670378392915,0.2308896219403822,-3.834802111970169e-06,0.034256249999999995,1.04540625,0.3402,0.0287532,0.21660744,0.03162852
14.083757461979985,2.2551405187698492e-17,4.4490343042117635,1.789224250762962,0.01827670378392915,0.2308896219403822,-3.834802111970169e-06,0.034256249999999995,1.0312312499999998,0.34374374999999996,0.02971164,0.22139963999999998,0.023961
14.094045234844089,2.2551405187698492e-17,4.4490343042117635,1.789224250762962,0.01827670378392915,0.2308896219403822,-3.834802111970169e-06,0.02953125,1.0347749999999998,0.344925,0.0287532,0.22044119999999998,0.02779476
14.104302735999227,2.2551405187698492e-17,4.4490343042117635,1.789224250762962,0.01827670378392915,0.2308896219403822,-3.834802111970169e-06,0.02244375,1.0312312499999998,0.33901875,0.03067008,0.2252334,-0.0287532
14.114888846874237,2.2551405187698492e-17,4.4490343042117635,1.789224250762962,0.01827670378392915,0.2308896219403822,-3.834802111970169e-06,0.03307499999999999,1.03831875,0.3402,0.02971164,0.22235808,0.03450384
14.124332770705223,2.2551405187698492e-17,4.4490343042117635,1.789224250762962,0.01827670378392915,0.2308896219403822,-3.834802111970169e-06,0.034256249999999995,1.03005,0.344925,0.02683632,0.21852432,0.023961
14.135166333988309,2.2551405187698492e-17,4.4490343042117635,1.789224250762962,0.01827670378392915,0.2308896219403822,-3.834802111970169e-06,0.03307499999999999,1.0418625,0.3425625,0.02683632,0.22139963999999998,0.0335454
14.144896984100342,2.2551405187698492e-17,4.4490343042117635,1.789224250762962,0.01827670378392915,0.2308896219403822,-3.834802111970169e-06,0.028349999999999997,1.0276875,0.3402,0.02971164,0.21948276,0.0287532
14.15558891557157,2.2551405187698492e-17,4.4490343042117635,1.789224250762962,0.01827670378392915,0.2308896219403822,-3.834802111970169e-06,0.02716875,1.02650625,0.33901875,0.02683632,0.21852432,0.03450384
14.16512774117291,2.2551405187698492e-17,4.4490343042117635,1.789224250762962,0.01827670378392915,0.2308896219403822,-3.834802111970169e-06,0.03307499999999999,1.0347749999999998,0.34728749999999997,0.03162852,0.21852432,0.03929604
14.175333498045802,2.2551405187698492e-17,4.4490343042117635,1.789224250762962,0.01827670378392915,0.2308896219403822,-3.834802111970169e-06,0.03307499999999999,1.03595625,0.33783749999999996,0.03067008,0.21948276,0.024919439999999998
14.185555670410395,2.2551405187698492e-17,4.4490343042117635,1.789224250762962,0.01827670378392915,0.2308896219403822,-3.834802111970169e-06,0.02953125,1.03831875,0.34846875,0.03258696,0.21948276,0.02971164
14.197163371369243,2.2551405187698492e-17,4.4490343042117635,1.789224250762962,0.01827670378392915,0.2308896219403822,-3.834802111970169e-06,0.0307125,1.0324125,0.33665625,0.03258696,0.21852432,0.03546228
14.207666574046016,2.2551405187698492e-17,4.4490343042117635,1.789224250762962,0.01827670378392915,0.2308896219403822,-3.834802111970169e-06,0.03189375,1.03831875,0.3402,0.0287532,0.22331652,0.03258696
14.217409143224359,2.2551405187698492e-17,4.4490343042117635,1.789224250762962,0.01827670378392915,0.2308896219403822,-3.834802111970169e-06,0.03661875,1.0312312499999998,0.33665625,0.03162852,0.2108568,0.03067008
14.227312257513404,2.2551405187698492e-17,4.4490343042117635,1.789224250762962,0.01827670378392915,0.2308896219403822,-3.834802111970169e-06,0.0307125,1.03359375,0.33665625,0.03067008,0.2252334,0.019168799999999996
14.237920254468918,2.2551405187698492e-17,4.4490343042117635,1.789224250762962,0.01827670378392915,0.2308896219403822,-3.834802111970169e-06,0.028349999999999997,1.0430437499999998,0.35083125,0.02971164,0.21852432,0.024919439999999998
14.247307270765305,2.2551405187698492e-17,4.4490343042117635,1.789224250762962,0.01827670378392915,0.2308896219403822,-3.834802111970169e-06,0.028349999999999997,1.0418625,0.344925,0.03067008,0.22044119999999998,0.023961
14.258049566298723,2.2551405187698492e-17,4.4490343042117635,1.789224250762962,0.01827670378392915,0.2308896219403822,-3.834802111970169e-06,0.02716875,1.0430437499999998,0.3402,0.03450384,0.20318928,0.02300256
14.26841421611607,2.2551405187698492e-17,4.4490343042117635,1.789224250762962,0.01827670378392915,0.2308896219403822,-3.834802111970169e-06,0.02008125,1.044225,0.34610625,0.02300256,0.21181524,0.02587788
14.27913567237556,2.2551405187698492e-17,4.4490343042117635,1.789224250762962,0.01827670378392915,0.2308896219403822,-3.834802111970169e-06,0.025987499999999997,1.0276875,0.34138124999999997,0.02683632,0.21852432,0.0335454
14.289047360420227,2.2551405187698492e-17,4.4490343042117635,1.789224250762962,0.01827670378392915,0.2308896219403822,-3.834802111970169e-06,0.028349999999999997,1.0347749999999998,0.344925,0.0335454,0.22235808,0.02971164
14.30004707351327,2.2551405187698492e-17,4.4490343042117635,1.789224250762962,0.01827670378392915,0.2308896219403822,-3.834802111970169e-06,0.02953125,1.04540625,0.344925,0.02683632,0.21373212,0.023961
14.311246380209923,2.2551405187698492e-17,4.4490343042117635,1.789224250762962,0.01827670378392915,0.2308896219403822,-3.834802111970169e-06,0.0448875,1.0430437499999998,0.34610625,0.024919439999999998,0.21948276,0.0287532
14.321987377479672,2.2551405187698492e-17,4.4490343042117635,1.789224250762962,0.01827670378392915,0.2308896219403822,-3.834802111970169e-06,0.02953125,1.03359375,0.344925,0.0287532,0.21948276,0.03162852
14.330265246331692,2.2551405187698492e-17,4.4490343042117635,1.789224250762962,0.01827670378392915,0.2308896219403822,-3.834802111970169e-06,0.03661875,1.0513125,0.34728749999999997,0.02971164,0.21469056,0.03258696
14.341472782194614,2.2551405187698492e-17,4.4490343042117635,1.789224250762962,0.01827670378392915,0.2308896219403822,-3.834802111970169e-06,0.03189375,1.044225,0.3520125,0.03162852,0.215649,0.03833759999999999
14.351019661873579,2.2551405187698492e-17,4.4490343042117635,1.789224250762962,0.01827670378392915,0.2308896219403822,-3.834802111970169e-06,0.03189375,1.03005,0.34610625,0.03162852,0.22139963999999998,0.02683632
14.36471750587225,2.2551405187698492e-17,4.4490343042117635,1.789224250762962,0.01827670378392915,0.2308896219403822,-3.834802111970169e-06,0.02953125,1.03831875,0.34964999999999996,0.056547959999999994,0.21756588,0.0335454
14.373956646770239,2.2551405187698492e-17,4.4490343042117635,1.789224250762962,0.01827670378392915,0.2308896219403822,-3.834802111970169e-06,0.02953125,1.0395,0.34374374999999996,0.023961,0.21852432,0.0335454
14.380300685763359,2.2551405187698492e-17,4.4490343042117635,1.789224250762962,0.01827670378392915,0.2308896219403822,-3.834802111970169e-06,0.02953125,1.0395,0.34728749999999997,0.023961,0.21852432,0.0335454
14.395391846075654,2.2551405187698492e-17,4.4490343042117635,1.789224250762962,0.01827670378392915,0.2308896219403822,-3.834802111970169e-06,0.0307125,1.0430437499999998,0.35319375,0.02683632,0.21660744,0.0287532
14.402106147259474,2.2551405187698492e-17,4.4490343042117635,1.789224250762962,0.01827670378392915,0.2308896219403822,-3.834802111970169e-06,0.035437500000000004,1.0371374999999998,0.34610625,0.0287532,0.21852432,0.0287532
14.417139135301113,2.2551405187698492e-17,4.4490343042117635,1.789224250762962,0.01827670378392915,0.2308896219403822,-3.834802111970169e-06,0.023625,1.03359375,0.3402,0.02971164,0.22044119999999998,0.03737916
14.424919474869967,2.2551405187698492e-17,4.4490343042117635,1.789224250762962,0.01827670378392915,0.2308896219403822,-3.834802111970169e-06,0.02716875,1.03359375,0.3402,0.03162852,0.22044119999999998,0.03737916
14.435951633378863,2.2551405187698492e-17,4.4490343042117635,1.789224250762962,0.01827670378392915,0.2308896219403822,-3.834802111970169e-06,0.0307125,1.0276875,0.34138124999999997,0.03450384,0.21756588,0.03546228
14.443459490314126,2.2551405187698492e-17,4.4490343042117635,1.789224250762962,0.01827670378392915,0.2308896219403822,-3.834802111970169e-06,0.0307125,1.03005,0.34964999999999996,0.03258696,0.22139963999999998,0.0335454
14.453600317239761,2.2551405187698492e-17,4.4490343042117635,1.789224250762962,0.01827670378392915,0.2308896219403822,-3.834802111970169e-06,0.03661875,1.0276875,0.3402,0.02971164,0.22044119999999998,0.06900768
14.46416586264968,2.2551405187698492e-17,4.4490343042117635,1.789224250762962,0.01827670378392915,0.2308896219403822,-3.834802111970169e-06,0.035437500000000004,1.0276875,0.3425625,0.02779476,0.22235808,0.02204412
14.476616552099586,2.2551405187698492e-17,4.4490343042117635,1.789224250762962,0.01827670378392915,0.2308896219403822,-3.834802111970169e-06,0.03189375,1.03359375,0.34610625,0.02779476,0.21756588,0.01725192
14.525851825252175,2.2551405187698492e-17,4.4490343042117635,1.789224250762962,0.01827670378392915,0.2308896219403822,-3.834802111970169e-06,0.023625,1.03005,0.33783749999999996,0.03737916,0.22235808,0.03450384
14.543181957677007,2.2551405187698492e-17,4.4490343042117635,1.789224250762962,0.01827670378392915,0.2308896219403822,-3.834802111970169e-06,0.0307125,1.03005,0.344925,0.03162852,0.21660744,0.02971164
14.549455242231488,2.2551405187698492e-17,4.4490343042117635,1.789224250762962,0.01827670378392915,0.2308896219403822,-3.834802111970169e-06,0.0401625,1.0418625,0.344925,0.03642072,0.22235808,0.03067008
14.559287201613188,2.2551405187698492e-17,4.4490343042117635,1.789224250762962,0.01827670378392915,0.2308896219403822,-3.834802111970169e-06,0.03307499999999999,1.0371374999999998,0.34374374999999996,0.02108568,0.23290091999999998,0.03450384
14.570013346150517,2.2551405187698492e-17,4.4490343042117635,1.789224250762962,0.01827670378392915,0.2308896219403822,-3.834802111970169e-06,0.0307125,1.03831875,0.344925,0.02683632,0.21852432,0.0335454
14.580283373594284,2.2551405187698492e-17,4.4490343042117635,1.789224250762962,0.01827670378392915,0.2308896219403822,-3.834802111970169e-06,0.0307125,1.03005,0.33783749999999996,0.0287532,0.2108568,0.03737916
14.590442530810833,2.2551405187698492e-17,4.4490343042117635,1.789224250762962,0.01827670378392915,0.2308896219403822,-3.834802111970169e-06,0.028349999999999997,1.0324125,0.34728749999999997,0.00383376,0.22810872,0.03642072
14.600945636630058,2.2551405187698492e-17,4.4490343042117635,1.789224250762962,0.01827670378392915,0.2308896219403822,-3.834802111970169e-06,0.03189375,1.03595625,0.35319375,0.05846484,0.21948276,0.03067008
14.610956372693181,2.2551405187698492e-17,4.4490343042117635,1.789224250762962,0.01827670378392915,0.2308896219403822,-3.834802111970169e-06,0.03661875,1.0371374999999998,0.34138124999999997,0.05942328,0.215649,0.03067008
14.621353160589933,2.2551405187698492e-17,4.4490343042117635,1.789224250762962,0.01827670378392915,0.2308896219403822,-3.834802111970169e-06,0.0378,1.0430437499999998,0.32956874999999997,0.009584399999999998,0.21948276,0.03258696
14.631731981411576,2.2551405187698492e-17,4.4490343042117635,1.789224250762962,0.01827670378392915,0.2308896219403822,-3.834802111970169e-06,0.025987499999999997,1.03359375,0.34728749999999997,0.024919439999999998,0.21852432,0.02779476
14.642774913460016,2.2551405187698492e-17,4.4490343042117635,1.789224250762962,0.01827670378392915,0.2308896219403822,-3.834802111970169e-06,0.03307499999999999,1.04540625,0.344925,0.03162852,0.21756588,0.04121292
14.653343603014946,2.2551405187698492e-17,4.4490343042117635,1.789224250762962,0.01827670378392915,0.2308896219403822,-3.834802111970169e-06,0.025987499999999997,1.0206,0.34728749999999997,0.03067008,0.22044119999999998,0.03833759999999999
14.662891700863838,2.2551405187698492e-17,4.4490343042117635,1.789224250762962,0.01827670378392915,0.2308896219403822,-3.834802111970169e-06,0.025987499999999997,1.0206,0.33783749999999996,0.02971164,0.21852432,0.03642072
14.672142546623945,2.2551405187698492e-17,4.4490343042117635,1.789224250762962,0.01827670378392915,0.2308896219403822,-3.834802111970169e-06,0.028349999999999997,1.0312312499999998,0.35319375,0.03067008,0.22044119999999998,0.03067008
14.684082593768835,2.2551405187698492e-17,4.4490343042117635,1.789224250762962,0.01827670378392915,0.2308896219403822,-3.834802111970169e-06,0.025987499999999997,1.0347749999999998,0.34610625,0.03258696,0.22044119999999998,0.02683632
14.693690406158566,2.2551405187698492e-17,4.4490343042117635,1.789224250762962,0.01827670378392915,0.2308896219403822,-3.834802111970169e-06,0.028349999999999997,1.0371374999999998,0.35083125,0.02971164,0.22044119999999998,0.03162852
14.70374396070838,2.2551405187698492e-17,4.4490343042117635,1.789224250762962,0.01827670378392915,0.2308896219403822,-3.834802111970169e-06,0.03307499999999999,1.0276875,0.3425625,0.02971164,0.22331652,0.02300256
14.713993771001697,2.2551405187698492e-17,4.4490343042117635,1.789224250762962,0.01827670378392915,0.2308896219403822,-3.834802111970169e-06,0.034256249999999995,1.02650625,0.3425625,0.02683632,0.21181524,0.02779476
14.723560694605112,2.2551405187698492e-17,4.4490343042117635,1.789224250762962,0.01827670378392915,0.2308896219403822,-3.834802111970169e-06,0.0401625,1.03005,0.34846875,0.02683632,0.22139963999999998,0.03258696
14.733651710674167,2.2551405187698492e-17,4.4490343042117635,1.789224250762962,0.01827670378392915,0.2308896219403822,-3.834802111970169e-06,0.03307499999999999,1.0312312499999998,0.33901875,0.0287532,0.21948276,0.03642072
14.743914518505335,2.2551405187698492e-17,4.4490343042117635,1.789224250762962,0.01827670378392915,0.2308896219403822,-3.834802111970169e-06,0.0307125,1.0312312499999998,0.3425625,0.03162852,0.22044119999999998,0.03258696
14.753983806818724,2.2551405187698492e-17,4.4490343042117635,1.789224250762962,0.01827670378392915,0.2308896219403822,-3.834802111970169e-06,0.0189,1.03595625,0.344925,0.03162852,0.21948276,0.02971164
14.764313848689198,2.2551405187698492e-17,4.4490343042117635,1.789224250762962,0.01827670378392915,0.2308896219403822,-3.834802111970169e-06,0.025987499999999997,1.0430437499999998,0.34138124999999997,0.00191688,0.21948276,0.0335454
14.77447165735066,2.2551405187698492e-17,4.4490343042117635,1.789224250762962,0.01827670378392915,0.2308896219403822,-3.834802111970169e-06,0.02480625,1.03359375,0.34610625,0.04121292,0.21469056,0.03546228
14.78402428328991,2.2551405187698492e-17,4.4490343042117635,1.789224250762962,0.01827670378392915,0.2308896219403822,-3.834802111970169e-06,0.0307125,1.02414375,0.34728749999999997,0.03546228,0.2491944,0.03162852
14.795046241953969,2.2551405187698492e-17,4.4490343042117635,1.789224250762962,0.01827670378392915,0.2308896219403822,-3.834802111970169e-06,0.038981249999999995,1.0324125,0.344925,0.0335454,0.21660744,0.03929604
14.804784564301372,2.2551405187698492e-17,4.4490343042117635,1.789224250762962,0.01827670378392915,0.2308896219403822,-3.834802111970169e-06,0.02716875,1.0465874999999998,0.33901875,0.0335454,0.22139963999999998,0.03642072
14.814788240939379,2.6020852139652106e-17,4.45661580404433,1.7913858528986453,0.018307365016103787,0.23094526657764294,-3.835495375666134e-06,0.0307125,1.0820249999999998,0.354375,0.03450384,0.21852432,0.0287532
14.824049962684512,2.6020852139652106e-17,4.45661580404433,1.7913858528986453,0.018307365016103787,0.23094526657764294,-3.835495375666134e-06,0.034256249999999995,1.08675,0.33783749999999996,0.0287532,0.22044119999999998,0.023961
14.838535917922854,5.724587470723463e-17,4.464192847261463,1.7935456636486244,0.018338007941518693,0.23100068026956813,-3.836184803858109e-06,0.0307125,1.006425,0.35319375,0.02971164,0.21181524,0.03833759999999999
14.846171105280519,5.724587470723463e-17,4.464192847261463,1.7935456636486244,0.018338007941518693,0.23100068026956813,-3.836184803858109e-06,0.03307499999999999,1.0749375,0.35319375,0.03258696,0.22331652,0.0287532
14.85539611428976,2.6020852139652106e-17,4.471765426286125,1.795703680853091,0.018368632529530946,0.23105586296074415,-3.836870395856663e-06,0.035437500000000004,1.0725749999999998,0.34728749999999997,0.03258696,0.21277368,0.02971164
14.86435641720891,5.551115123125783e-17,4.479333533545729,1.797859902354025,0.01839923874951594,0.23111081459598803,-3.837552150976199e-06,0.028349999999999997,1.00051875,0.34374374999999996,0.03258696,0.215649,0.03067008
14.87608977779746,5.551115123125783e-17,4.479333533545729,1.797859902354025,0.01839923874951594,0.23111081459598803,-3.837552150976199e-06,0.03189375,1.0773,0.34728749999999997,0.03258696,0.22906716000000002,0.02971164
14.885949520394206,5.0306980803327406e-17,4.494456302501832,1.8021669496222124,0.018460395962997735,0.23122002447910459,-3.838904147855053e-06,0.02716875,1.09738125,0.33193125,0.0287532,0.20989836,0.03162852
14.89601195603609,5.551115123125783e-17,4.5020109490755615,1.804317771082419,0.01849094689533732,0.2312742826177673,-3.839574388262371e-06,0.02244375,0.9048375,0.3402,0.03067008,0.20798148,0.03642072
14.907455313950777,1.9081958235744878e-17,4.509507067079185,1.8064127616654715,0.018508890412752835,0.23127185220965257,-3.839277919115949e-06,0.0212625,0.9910687499999999,0.35791875,0.03642072,0.24248532,0.012459719999999999
14.91869699396193,2.949029909160572e-17,4.517052933408786,1.8085602036685824,0.018539383593712447,0.2313258784656242,-3.839944463743566e-06,0.035437500000000004,1.1103750000000001,0.3425625,0.02012724,0.21852432,0.03258696
14.929135398939252,2.42861286636753e-17,4.517106728641156,1.8086139989009533,0.01855199325845925,0.2313821050180111,-3.84090334966159e-06,0.03307499999999999,1.04776875,0.33665625,0.02779476,0.22044119999999998,0.0287532
14.93930352292955,5.377642775528102e-17,4.532184439785858,1.8129029922659026,0.018612965416047893,0.23148900188979027,-3.842216947416781e-06,0.02953125,1.22259375,0.33901875,0.03067008,0.21852432,0.03642072
14.948421915993094,1.3877787807814457e-17,4.547244022198845,1.8171847340213003,0.0186738631242147,0.23159497280551744,-3.843515176273555e-06,0.034256249999999995,1.0040624999999999,0.34728749999999997,0.03162852,0.21852432,0.03642072
14.958722148090601,-5.204170427930421e-18,4.562285415641805,1.821459207040185,0.018734686139368916,0.231700017341309,-3.844798031038997e-06,0.03661875,0.9083812499999999,0.35791875,0.02779476,0.22139963999999998,0.0335454
14.969498196616769,2.42861286636753e-17,4.569747098246017,1.8235415379802844,0.01875231506934222,0.23169758213457828,-3.844502720607988e-06,0.0307125,1.0784812499999998,0.35319375,0.02971164,0.2300256,0.0287532
14.979734433814883,5.898059818321144e-17,4.577308559949185,1.82572639422467,0.018795434218218575,0.23180413507698716,-3.846065506581692e-06,0.028349999999999997,1.1056499999999998,0.34374374999999996,0.0287532,0.21948276,0.0335454
14.989046290516853,8.673617379884035e-17,4.599808927848596,1.8321134767320086,0.018886415299458687,0.23195857302027578,-3.847937872779503e-06,0.02480625,1.1375437499999999,0.33783749999999996,0.03450384,0.21181524,0.03067008
15.00199356675148,2.42861286636753e-17,4.607299860860216,1.8342388428446808,0.018916704595335974,0.2320095884858286,-3.848554299780775e-06,0.025987499999999997,1.1363625,0.33547499999999997,0.03067008,0.22810872,0.03642072
15.010414101183414,1.5612511283791264e-17,4.622267897498703,1.8384840702304235,0.018977226408522355,0.23211092333717848,-3.849775607481993e-06,0.0307125,1.1363625,0.33783749999999996,0.03067008,0.215649,0.02587788
15.022857993841171,5.377642775528102e-17,4.644685266768933,1.844838117384616,0.01906786672811023,0.23226118465654352,-3.851578694149564e-06,0.0307125,0.8859374999999999,0.38154375,0.03546228,0.22235808,0.04408824
15.031189290806651,2.6020852139652106e-17,4.652148443781225,1.8469524462489317,0.019098042073715644,0.23231080730704198,-3.852172020661655e-06,0.03307499999999999,0.8859374999999999,0.42170624999999995,0.03546228,0.22810872,0.04408824
15.039623942226171,2.7755575615628914e-17,4.667060833903115,1.8511755610082052,0.019158335442460032,0.23240935562601997,-3.853347116554448e-06,0.0189,1.0997437499999998,0.42643125,0.0335454,0.22715027999999998,0.03642072
15.052492102608085,1.3877787807814457e-17,4.674510032100325,1.8532843426800476,0.019188453405305644,0.23245828119595124,-3.8539288847600586e-06,0.03189375,0.9639,0.39571874999999995,0.03162852,0.22044119999999998,0.0287532
15.061230866238475,-6.938893903907228e-18,4.696829549860688,1.8595995595645884,0.0192786920463783,0.23260366296110427,-3.855651063444074e-06,0.035437500000000004,1.14463125,0.4087125,0.0287532,0.21373212,0.03067008
15.072422729805112,5.898059818321144e-17,4.704260005370926,1.861700915465533,0.019308733077315975,0.23265165840640656,-3.856217412447612e-06,0.03307499999999999,1.0513125,0.40635,0.0287532,0.22427496,0.02683632
15.087893290445209,7.28583859910259e-17,4.719106796186807,1.865898040065646,0.01936875718478645,0.23274695129406633,-3.857338541214107e-06,0.03189375,1.1021062499999998,0.3992625,0.03162852,0.21852432,0.0287532
15.092659814283252,-1.214306433183765e-17,4.7339347105817975,1.8700877010760872,0.019428703819669015,0.23284131319387832,-3.858444240595833e-06,0.03189375,1.1021062499999998,0.3992625,0.03162852,0.21852432,0.0287532
15.104116713628173,6.245004513516506e-17,4.741341570583614,1.8721797274969376,0.019458648009944436,0.2328881449052434,-3.858991302882869e-06,0.02953125,1.1883374999999998,0.41579999999999995,0.0335454,0.22044119999999998,0.0335454
15.113040106371045,0.0,4.756141059161605,1.8763581617097707,0.01951847798644265,0.2329811096167336,-3.860073849913985e-06,0.034256249999999995,1.2119624999999998,0.41579999999999995,0.03258696,0.215649,0.0287532
15.122546939179301,2.2551405187698492e-17,4.770967190250406,1.880574757561165,0.019591523630719726,0.23312125946022508,-3.861959815960206e-06,0.034256249999999995,1.09501875,0.3945375,0.03162852,0.2108568,0.03450384
15.133981205523014,-1.0408340855860843e-17,4.785682903522064,1.884692497161292,0.0196379034860188,0.23316424289814025,-3.862192618729783e-06,0.03189375,0.99343125,0.40635,0.0287532,0.191688,0.0670908
15.142828462645411,-1.0408340855860843e-17,4.793056418857637,1.8867713744975791,0.019667710842259573,0.23320944342158811,-3.862712656745223e-06,0.03189375,1.1694375000000001,0.40989374999999995,0.03067008,0.22715027999999998,0.02300256
15.154357628896832,-8.673617379884035e-18,4.800425141137193,1.8888483650626493,0.019697498531394905,0.2332544107355238,-3.8632288320393905e-06,0.023625,1.00288125,0.40516875,0.01725192,0.21373212,0.02012724
15.163857130333781,9.194034422677078e-17,4.815148177058159,1.892996677573065,0.01975701478921816,0.2333436455552224,-3.864249592403074e-06,0.0212625,1.1599875,0.40753124999999996,0.07284144,0.22139963999999998,0.0287532
15.173943946138024,2.7755575615628914e-17,4.822502475976536,1.8950679953700984,0.019786743298389836,0.23338791297175043,-3.864754176451825e-06,0.028349999999999997,1.0843874999999998,0.40516875,0.0335454,0.215649,0.02587788
15.184290317818522,0.0,4.8372401663293365,1.8992485110629773,0.01985961658167217,0.23352176958532972,-3.866534435986281e-06,0.02953125,1.1493562499999999,0.40162499999999995,0.03450384,0.21373212,0.019168799999999996
15.194406382739544,5.551115123125783e-17,4.844579742177282,1.9013139039295166,0.019889305788863405,0.23356510368749803,-3.867023401046321e-06,0.0401625,0.96508125,0.39808124999999994,0.0335454,0.21948276,0.0287532
15.203925505280495,-1.734723475976807e-18,4.8519144734458886,1.9033773954823108,0.019918975107354867,0.2336082042244939,-3.867508499074347e-06,0.03307499999999999,1.12100625,0.40989374999999995,0.03162852,0.23194248,0.03067008
15.21770933829248,5.724587470723463e-17,4.866526739880783,1.9074560333643666,0.019964697805413018,0.23364861479028154,-3.867700503335833e-06,0.0378,1.1103750000000001,0.40280625,0.03258696,0.2108568,0.03833759999999999
15.223851174116135,1.214306433183765e-17,4.873889526452638,1.9095564416328248,0.020007863434037067,0.23373610401460998,-3.868940586134696e-06,0.02953125,1.1032875,0.41698124999999997,0.02587788,0.2108568,0.03833759999999999
15.233713746070862,2.2551405187698492e-17,4.88120480610514,1.9116123073147675,0.02003745290123561,0.23377826986224726,-3.869410211222362e-06,0.0307125,1.1162812500000001,0.41343749999999996,0.03162852,0.20798148,0.02971164
15.245096510276198,2.7755575615628914e-17,4.888473272727609,1.9136243295589273,0.020053405943851913,0.23377581202627137,-3.869121459290486e-06,0.0307125,1.0229625,0.41225625,0.00191688,0.23577624,0.03162852
15.254008017480373,2.7755575615628914e-17,4.888473272727609,1.9136243295589273,0.020053405943851913,0.23377581202627137,-3.869121459290486e-06,0.02480625,1.0879312499999998,0.41461875,0.03929604,0.21948276,0.03450384
15.26412721350789,2.42861286636753e-17,4.895779016479958,1.9156766037816615,0.020082935257136336,0.23381774360947144,-3.8695873736428896e-06,0.023625,1.0902937499999998,0.39808124999999994,0.04217136,0.21948276,0.03067008
15.276185266673565,9.194034422677078e-17,4.903079864453696,1.9177269623279514,0.02011244448809092,0.23385944137485906,-3.870049418399304e-06,0.03661875,1.195425,0.40398749999999994,0.03546228,0.22044119999999998,0.03067008
15.284443754702806,2.42861286636753e-17,4.910375809347979,1.919775403147439,0.020141933607206442,0.23390090528073654,-3.8705075930976844e-06,0.035437500000000004,1.0548562499999998,0.40635,0.0335454,0.21373212,0.02971164
15.298394525423646,-5.204170427930421e-18,4.917666843866862,1.9218219241916832,0.0201714025849938,0.23394213528564,-3.870961897279858e-06,0.0378,1.0902937499999998,0.40753124999999996,0.03162852,0.22715027999999998,0.02779476
15.308605879545212,1.9081958235744878e-17,4.932234152619209,1.925909198770281,0.02023027999872825,0.2340238934278387,-3.871858892282234e-06,0.02716875,1.0548562499999998,0.40635,0.0287532,0.21852432,0.03546228
15.316018793731928,1.9081958235744878e-17,4.932234152619209,1.925909198770281,0.02023027999872825,0.2340238934278387,-3.871858892282234e-06,0.02716875,0.9757125,0.4181625,0.02779476,0.21852432,0.04504668
15.326919483020902,1.9081958235744878e-17,4.932234152619209,1.925909198770281,0.02023027999872825,0.2340238934278387,-3.871858892282234e-06,0.025987499999999997,1.1363625,0.41934374999999996,0.0287532,0.22235808,0.02587788
15.338563894852996,5.204170427930421e-17,4.932274680909802,1.9259497270608734,0.02024401648543125,0.23406688267040252,-3.872589217297525e-06,0.03189375,1.2308625,0.39335625,0.03546228,0.21660744,0.02971164
15.348716150969267,2.42861286636753e-17,4.939550706510238,1.9279902424422317,0.020273444831036606,0.2341071771303303,-3.8730278742101795e-06,0.035437500000000004,1.05721875,0.40044375,0.023961,0.215649,0.0335454
15.35765040293336,3.9898639947466563e-17,4.95408793178914,1.932065487196115,0.020332240674322894,0.23418706368838807,-3.8738935684912425e-06,0.0307125,0.9898874999999999,0.40044375,0.00862596,0.2060646,0.03737916
15.368424899876118,3.9898639947466563e-17,4.95408793178914,1.932065487196115,0.020332240674322894,0.23418706368838807,-3.8738935684912425e-06,0.035437500000000004,1.08556875,0.44769375,0.00766752,0.21948276,0.10446996
15.378491565585136,1.9081958235744878e-17,4.954048105816359,1.9320256612233335,0.0203184443233004,0.2341447753606851,-3.873175344682448e-06,0.028349999999999997,1.1647124999999998,0.38745,0.0527142,0.2348178,0.0287532
15.388337161391973,1.9081958235744878e-17,4.954048105816359,1.9320256612233335,0.0203184443233004,0.2341447753606851,-3.873175344682448e-06,0.023625,1.185975,0.40280625,0.04025448,0.22715027999999998,0.02683632
15.397907314822078,2.6020852139652106e-17,4.96134911693038,1.9341002124933953,0.020361608113207974,0.23422665570663154,-3.874320604993957e-06,0.0307125,1.2143249999999999,0.4087125,0.03929604,0.20893992,0.02971164
15.408364405855536,2.6020852139652106e-17,4.96134911693038,1.9341002124933953,0.020361608113207974,0.23422665570663154,-3.874320604993957e-06,0.02480625,1.2084187499999999,0.39808124999999994,0.03642072,0.21852432,0.03258696
15.42359915934503,2.7755575615628914e-17,4.968644464478488,1.936172127446194,0.020404777366198,0.23430760007145518,-3.875449875264841e-06,0.03661875,1.1493562499999999,0.41225625,0.0335454,0.22427496,0.023961
15.429277203977108,2.7755575615628914e-17,4.968644464478488,1.936172127446194,0.020404777366198,0.23430760007145518,-3.875449875264841e-06,0.034256249999999995,1.16825625,0.41461875,0.0335454,0.22715027999999998,0.02300256
15.439673621207476,2.7755575615628914e-17,4.968644464478488,1.936172127446194,0.020404777366198,0.23430760007145518,-3.875449875264841e-06,0.03661875,1.1552624999999999,0.3992625,0.03258696,0.215649,0.03258696
15.450145497918129,2.7755575615628914e-17,4.968644464478488,1.936172127446194,0.020404777366198,0.23430760007145518,-3.875449875264841e-06,0.04134375,1.14226875,0.40516875,0.03450384,0.22139963999999998,0.0287532
15.460495758801699,2.7755575615628914e-17,4.968644464478488,1.936172127446194,0.020404777366198,0.23430760007145518,-3.875449875264841e-06,0.0378,1.1611687499999999,0.40989374999999995,0.03162852,0.21756588,0.02779476
15.4690109975636,2.7755575615628914e-17,4.968644464478488,1.936172127446194,0.020404777366198,0.23430760007145518,-3.875449875264841e-06,0.02008125,1.15644375,0.40162499999999995,0.0335454,0.22044119999999998,0.0335454
15.478642337024212,2.7755575615628914e-17,4.968644464478488,1.936172127446194,0.020404777366198,0.23430760007145518,-3.875449875264841e-06,0.0307125,1.1706187499999998,0.3992625,0.03067008,0.20702304,0.04408824
15.4891009144485,2.7755575615628914e-17,4.968644464478488,1.936172127446194,0.020404777366198,0.23430760007145518,-3.875449875264841e-06,0.0307125,1.1729812499999999,0.40398749999999994,0.0335454,0.21373212,0.0335454
15.500948522239923,2.7755575615628914e-17,4.968644464478488,1.936172127446194,0.020404777366198,0.23430760007145518,-3.875449875264841e-06,0.02008125,1.1576250000000001,0.40516875,0.0287532,0.22235808,0.03450384
15.50982878729701,2.7755575615628914e-17,4.968644464478488,1.936172127446194,0.020404777366198,0.23430760007145518,-3.875449875264841e-06,0.023625,1.16589375,0.40280625,0.043129799999999996,0.22331652,0.03642072
15.520296210423112,2.7755575615628914e-17,4.968644464478488,1.936172127446194,0.020404777366198,0.23430760007145518,-3.875449875264841e-06,0.035437500000000004,1.1505375,0.39571874999999995,0.024919439999999998,0.21756588,0.03258696
15.529838209971786,2.7755575615628914e-17,4.968644464478488,1.936172127446194,0.020404777366198,0.23430760007145518,-3.875449875264841e-06,0.03307499999999999,1.15644375,0.40162499999999995,0.03162852,0.22906716000000002,0.03258696
15.540463274344802,2.7755575615628914e-17,4.968644464478488,1.936172127446194,0.020404777366198,0.23430760007145518,-3.875449875264841e-06,0.03307499999999999,1.1576250000000001,0.40398749999999994,0.0287532,0.21660744,0.04121292
15.55012602545321,2.7755575615628914e-17,4.968644464478488,1.936172127446194,0.020404777366198,0.23430760007145518,-3.875449875264841e-06,0.02244375,1.1469937499999998,0.40753124999999996,0.0287532,0.21852432,0.02779476
15.560694970190525,2.7755575615628914e-17,4.968644464478488,1.936172127446194,0.020404777366198,0.23430760007145518,-3.875449875264841e-06,0.03307499999999999,1.16825625,0.40635,0.00862596,0.21852432,0.03546228
15.57123607210815,2.7755575615628914e-17,4.968644464478488,1.936172127446194,0.020404777366198,0.23430760007145518,-3.875449875264841e-06,0.0307125,1.1505375,0.40635,0.02779476,0.1964802,0.023961
15.581419499590993,2.7755575615628914e-17,4.968644464478488,1.936172127446194,0.020404777366198,0.23430760007145518,-3.875449875264841e-06,0.03661875,1.15644375,0.40398749999999994,0.0335454,0.20893992,0.02971164
15.591355111449957,2.7755575615628914e-17,4.968644464478488,1.936172127446194,0.020404777366198,0.23430760007145518,-3.875449875264841e-06,0.034256249999999995,1.16235,0.41579999999999995,0.03162852,0.23673468,0.03258696
15.601999262347817,2.7755575615628914e-17,4.968644464478488,1.936172127446194,0.020404777366198,0.23430760007145518,-3.875449875264841e-06,0.03189375,1.15408125,0.411075,0.03258696,0.22715027999999998,0.019168799999999996
15.613652365282178,2.7755575615628914e-17,4.968644464478488,1.936172127446194,0.020404777366198,0.23430760007145518,-3.875449875264841e-06,0.03189375,1.1576250000000001,0.41579999999999995,0.03258696,0.21660744,0.023961
15.623066052794456,2.7755575615628914e-17,4.968644464478488,1.936172127446194,0.020404777366198,0.23430760007145518,-3.875449875264841e-06,0.03189375,1.1599875,0.40753124999999996,0.0335454,0.21852432,0.02779476
15.633665194734931,2.7755575615628914e-17,4.968644464478488,1.936172127446194,0.020404777366198,0.23430760007145518,-3.875449875264841e-06,0.035437500000000004,1.15408125,0.40753124999999996,0.03258696,0.21181524,0.024919439999999998
15.643296770751476,2.7755575615628914e-17,4.968644464478488,1.936172127446194,0.020404777366198,0.23430760007145518,-3.875449875264841e-06,0.0307125,1.1611687499999999,0.4087125,0.02971164,0.21948276,0.03450384
15.653508298099041,2.7755575615628914e-17,4.968644464478488,1.936172127446194,0.020404777366198,0.23430760007145518,-3.875449875264841e-06,0.023625,1.1552624999999999,0.41579999999999995,0.0287532,0.21660744,0.03450384
15.66328333877027,2.7755575615628914e-17,4.968644464478488,1.936172127446194,0.020404777366198,0.23430760007145518,-3.875449875264841e-06,0.035437500000000004,1.1552624999999999,0.40398749999999994,0.03162852,0.21852432,0.0335454
15.673005014657974,2.7755575615628914e-17,4.968644464478488,1.936172127446194,0.020404777366198,0.23430760007145518,-3.875449875264841e-06,0.03307499999999999,1.16235,0.40280625,0.03546228,0.21756588,0.024919439999999998
15.683220906183124,2.7755575615628914e-17,4.968644464478488,1.936172127446194,0.020404777366198,0.23430760007145518,-3.875449875264841e-06,0.0307125,1.16825625,0.40280625,0.03642072,0.21660744,0.02779476
15.69350453093648,2.7755575615628914e-17,4.968644464478488,1.936172127446194,0.020404777366198,0.23430760007145518,-3.875449875264841e-06,0.035437500000000004,1.1611687499999999,0.40516875,0.03162852,0.21756588,0.01629348
15.703552588820457,2.7755575615628914e-17,4.968644464478488,1.936172127446194,0.020404777366198,0.23430760007145518,-3.875449875264841e-06,0.0378,1.1611687499999999,0.40516875,0.03450384,0.21469056,0.04121292
15.713633589446545,2.7755575615628914e-17,4.968644464478488,1.936172127446194,0.020404777366198,0.23430760007145518,-3.875449875264841e-06,0.03189375,1.1635312500000001,0.40044375,0.03162852,0.20798148,0.04217136
15.72396644204855,2.7755575615628914e-17,4.968644464478488,1.936172127446194,0.020404777366198,0.23430760007145518,-3.875449875264841e-06,0.0307125,1.1753437500000001,0.40398749999999994,0.0287532,0.215649,0.03546228
15.73394015058875,2.7755575615628914e-17,4.968644464478488,1.936172127446194,0.020404777366198,0.23430760007145518,-3.875449875264841e-06,0.02008125,1.1611687499999999,0.40398749999999994,0.0287532,0.21756588,0.0335454
15.744189690798521,2.7755575615628914e-17,4.968644464478488,1.936172127446194,0.020404777366198,0.23430760007145518,-3.875449875264841e-06,0.0212625,1.1458125000000001,0.41225625,0.02779476,0.21660744,0.04121292
15.75419221445918,2.7755575615628914e-17,4.968644464478488,1.936172127446194,0.020404777366198,0.23430760007145518,-3.875449875264841e-06,0.023625,1.1741625,0.40635,0.03737916,0.20989836,0.03258696
15.764527766034007,2.7755575615628914e-17,4.968644464478488,1.936172127446194,0.020404777366198,0.23430760007145518,-3.875449875264841e-06,0.02716875,1.1611687499999999,0.41579999999999995,0.04025448,0.22044119999999998,0.023961
15.77404348924756,2.7755575615628914e-17,4.968644464478488,1.936172127446194,0.020404777366198,0.23430760007145518,-3.875449875264841e-06,0.03661875,1.1576250000000001,0.40989374999999995,0.02300256,0.21756588,0.02683632
15.784049578011036,2.7755575615628914e-17,4.968644464478488,1.936172127446194,0.020404777366198,0.23430760007145518,-3.875449875264841e-06,0.03189375,1.1670749999999999,0.40398749999999994,0.03929604,0.215649,0.02683632
15.794237986207008,2.7755575615628914e-17,4.968644464478488,1.936172127446194,0.020404777366198,0.23430760007145518,-3.875449875264841e-06,0.02953125,1.1552624999999999,0.411075,0.02204412,0.21660744,0.03450384
15.80433308146894,2.7755575615628914e-17,4.968644464478488,1.936172127446194,0.020404777366198,0.23430760007145518,-3.875449875264841e-06,0.0307125,1.1694375000000001,0.41343749999999996,0.02012724,0.22139963999999998,0.02779476
15.815347366034985,2.7755575615628914e-17,4.968644464478488,1.936172127446194,0.020404777366198,0.23430760007145518,-3.875449875264841e-06,0.02953125,1.1635312500000001,0.40162499999999995,0.03067008,0.19456332,0.0287532
15.824914095923305,2.7755575615628914e-17,4.968644464478488,1.936172127446194,0.020404777366198,0.23430760007145518,-3.875449875264841e-06,0.03661875,1.1517187500000001,0.40989374999999995,0.02971164,0.22715027999999998,0.019168799999999996
15.83575201407075,2.7755575615628914e-17,4.968644464478488,1.936172127446194,0.020404777366198,0.23430760007145518,-3.875449875264841e-06,0.038981249999999995,1.1647124999999998,0.411075,0.0335454,0.21660744,0.02683632
15.84591868519783,2.7755575615628914e-17,4.968644464478488,1.936172127446194,0.020404777366198,0.23430760007145518,-3.875449875264841e-06,0.02953125,1.15644375,0.40753124999999996,0.02779476,0.22044119999999998,0.024919439999999998
15.85647963359952,2.7755575615628914e-17,4.968644464478488,1.936172127446194,0.020404777366198,0.23430760007145518,-3.875449875264841e-06,0.028349999999999997,1.16235,0.40753124999999996,0.03258696,0.22715027999999998,0.02971164
15.867244485765696,2.7755575615628914e-17,4.968644464478488,1.936172127446194,0.020404777366198,0.23430760007145518,-3.875449875264841e-06,0.025987499999999997,1.1588062499999998,0.40398749999999994,0.02779476,0.21852432,0.0527142
15.87890388816595,2.7755575615628914e-17,4.968644464478488,1.936172127446194,0.020404777366198,0.23430760007145518,-3.875449875264841e-06,0.02480625,1.16589375,0.41225625,0.02779476,0.21660744,0.03067008
15.88719298131764,2.7755575615628914e-17,4.968644464478488,1.936172127446194,0.020404777366198,0.23430760007145518,-3.875449875264841e-06,0.02716875,1.1505375,0.41225625,0.02971164,0.22235808,0.03546228
15.897358000278473,2.7755575615628914e-17,4.968644464478488,1.936172127446194,0.020404777366198,0.23430760007145518,-3.875449875264841e-06,0.02480625,1.1588062499999998,0.40280625,0.03162852,0.18785424,0.02587788
15.90767309628427,2.7755575615628914e-17,4.968644464478488,1.936172127446194,0.020404777366198,0.23430760007145518,-3.875449875264841e-06,0.0307125,1.15644375,0.41225625,0.009584399999999998,0.23385936,0.0287532
15.917908085510135,2.7755575615628914e-17,4.968644464478488,1.936172127446194,0.020404777366198,0.23430760007145518,-3.875449875264841e-06,0.03661875,1.1647124999999998,0.40989374999999995,0.03833759999999999,0.21948276,0.02779476
15.928172998130322,2.7755575615628914e-17,4.968644464478488,1.936172127446194,0.020404777366198,0.23430760007145518,-3.875449875264841e-06,0.0401625,1.1729812499999999,0.3992625,0.03546228,0.21469056,0.03067008
15.938075078651309,2.7755575615628914e-17,4.968644464478488,1.936172127446194,0.020404777366198,0.23430760007145518,-3.875449875264841e-06,0.03661875,1.1599875,0.40989374999999995,0.0335454,0.20223084,0.03546228
15.948558470234275,2.7755575615628914e-17,4.968644464478488,1.936172127446194,0.020404777366198,0.23430760007145518,-3.875449875264841e-06,0.0378,1.1647124999999998,0.40162499999999995,0.0335454,0.21277368,0.043129799999999996
15.959887189790606,2.7755575615628914e-17,4.968644464478488,1.936172127446194,0.020404777366198,0.23430760007145518,-3.875449875264841e-06,0.02480625,1.16235,0.40162499999999995,0.03450384,0.215649,0.03450384
15.968898730352521,2.7755575615628914e-17,4.968644464478488,1.936172127446194,0.020404777366198,0.23430760007145518,-3.875449875264841e-06,0.02480625,1.1599875,0.40162499999999995,0.023961,0.215649,0.03546228
15.979082798585296,2.7755575615628914e-17,4.968644464478488,1.936172127446194,0.020404777366198,0.23430760007145518,-3.875449875264841e-06,0.02244375,1.1611687499999999,0.40516875,0.023961,0.215649,0.0335454
15.989086681976914,2.7755575615628914e-17,4.968644464478488,1.936172127446194,0.020404777366198,0.23430760007145518,-3.875449875264841e-06,0.02716875,1.15408125,0.40753124999999996,0.02779476,0.21756588,0.04217136
15.999325182288885,2.7755575615628914e-17,4.968644464478488,1.936172127446194,0.020404777366198,0.23430760007145518,-3.875449875264841e-06,0.02480625,1.16235,0.40989374999999995,0.02971164,0.21660744,0.02971164
16.00886564143002,2.7755575615628914e-17,4.968644464478488,1.936172127446194,0.020404777366198,0.23430760007145518,-3.875449875264841e-06,0.038981249999999995,1.1576250000000001,0.40398749999999994,0.03067008,0.22044119999999998,0.03450384
16.019202752038836,2.7755575615628914e-17,4.968644464478488,1.936172127446194,0.020404777366198,0.23430760007145518,-3.875449875264841e-06,0.03307499999999999,1.16825625,0.40753124999999996,0.03258696,0.22044119999999998,0.02971164
16.02909697033465,2.7755575615628914e-17,4.968644464478488,1.936172127446194,0.020404777366198,0.23430760007145518,-3.875449875264841e-06,0.02953125,1.15408125,0.40989374999999995,0.03067008,0.21852432,0.03067008
16.038851033896208,2.7755575615628914e-17,4.968644464478488,1.936172127446194,0.020404777366198,0.23430760007145518,-3.875449875264841e-06,0.03307499999999999,1.16589375,0.40989374999999995,0.03642072,0.21756588,0.0
16.04925491847098,2.7755575615628914e-17,4.968644464478488,1.936172127446194,0.020404777366198,0.23430760007145518,-3.875449875264841e-06,0.03189375,1.1670749999999999,0.40989374999999995,0.03258696,0.22715027999999998,0.09680243999999999
16.060580490157008,2.7755575615628914e-17,4.968644464478488,1.936172127446194,0.020404777366198,0.23430760007145518,-3.875449875264841e-06,0.028349999999999997,1.1493562499999999,0.39808124999999994,0.0335454,0.21660744,0.01725192
16.069229297339916,2.7755575615628914e-17,4.968644464478488,1.936172127446194,0.020404777366198,0.23430760007145518,-3.875449875264841e-06,0.025987499999999997,1.1517187500000001,0.40162499999999995,0.03258696,0.215649,0.0287532
16.079748082906008,2.7755575615628914e-17,4.968644464478488,1.936172127446194,0.020404777366198,0.23430760007145518,-3.875449875264841e-06,0.03307499999999999,1.1611687499999999,0.40635,0.03737916,0.22715027999999998,0.02779476
16.091700481250882,2.7755575615628914e-17,4.968644464478488,1.936172127446194,0.020404777366198,0.23430760007145518,-3.875449875264841e-06,0.03189375,1.1576250000000001,0.411075,0.0287532,0.215649,0.0287532
16.10151717439294,2.7755575615628914e-17,4.968644464478488,1.936172127446194,0.020404777366198,0.23430760007145518,-3.875449875264841e-06,0.03189375,1.1588062499999998,0.40516875,0.03546228,0.21948276,0.03258696
16.112075328826904,2.7755575615628914e-17,4.968644464478488,1.936172127446194,0.020404777366198,0.23430760007145518,-3.875449875264841e-06,0.028349999999999997,1.1552624999999999,0.40989374999999995,0.04696356,0.22044119999999998,0.03737916
16.12294176220894,2.7755575615628914e-17,4.968644464478488,1.936172127446194,0.020404777366198,0.23430760007145518,-3.875449875264841e-06,0.028349999999999997,1.1588062499999998,0.38981249999999995,0.02012724,0.21852432,0.0287532
16.131245041266084,2.7755575615628914e-17,4.968644464478488,1.936172127446194,0.020404777366198,0.23430760007145518,-3.875449875264841e-06,0.0307125,1.1588062499999998,0.38981249999999995,0.02587788,0.21948276,0.03450384
16.142261711880565,2.7755575615628914e-17,4.968644464478488,1.936172127446194,0.020404777366198,0.23430760007145518,-3.875449875264841e-06,0.02716875,1.1576250000000001,0.42406875,0.01341816,0.21948276,0.03067008
16.151963474228978,2.7755575615628914e-17,4.968644464478488,1.936172127446194,0.020404777366198,0.23430760007145518,-3.875449875264841e-06,0.035437500000000004,1.1670749999999999,0.40044375,0.0287532,0.22044119999999998,0.03258696
16.162605291232467,2.7755575615628914e-17,4.968644464478488,1.936172127446194,0.020404777366198,0.23430760007145518,-3.875449875264841e-06,0.03661875,1.1552624999999999,0.411075,0.03162852,0.26740476,0.03162852
16.175904667004943,2.7755575615628914e-17,4.968644464478488,1.936172127446194,0.020404777366198,0.23430760007145518,-3.875449875264841e-06,0.035437500000000004,1.16235,0.39571874999999995,0.02971164,0.20989836,0.0287532
16.183010341599584,2.7755575615628914e-17,4.968644464478488,1.936172127446194,0.020404777366198,0.23430760007145518,-3.875449875264841e-06,0.03307499999999999,1.1694375000000001,0.39571874999999995,0.03067008,0.21948276,0.03258696
16.19429581053555,2.7755575615628914e-17,4.968644464478488,1.936172127446194,0.020404777366198,0.23430760007145518,-3.875449875264841e-06,0.0307125,1.1588062499999998,0.4181625,0.02587788,0.22139963999999998,0.0335454
16.20303253084421,2.7755575615628914e-17,4.968644464478488,1.936172127446194,0.020404777366198,0.23430760007145518,-3.875449875264841e-06,0.03189375,1.1647124999999998,0.4181625,0.02971164,0.21852432,0.02204412
16.213891174644232,2.7755575615628914e-17,4.968644464478488,1.936172127446194,0.020404777366198,0.23430760007145518,-3.875449875264841e-06,0.023625,1.15408125,0.41698124999999997,0.03258696,0.21756588,0.03162852
16.223727321252227,2.7755575615628914e-17,4.968644464478488,1.936172127446194,0.020404777366198,0.23430760007145518,-3.875449875264841e-06,0.02716875,1.1635312500000001,0.40635,0.03067008,0.25302816,0.02108568
16.233829198405147,2.7755575615628914e-17,4.968644464478488,1.936172127446194,0.020404777366198,0.23430760007145518,-3.875449875264841e-06,0.028349999999999997,1.1528999999999998,0.40753124999999996,0.04504668,0.20127240000000002,0.02300256
16.24539461173117,2.7755575615628914e-17,4.968683354389115,1.9362110173568206,0.02041858551096648,0.23434895233717912,-3.876151938013542e-06,0.0307125,1.1517187500000001,0.40162499999999995,0.024919439999999998,0.21660744,0.02300256
16.25454892963171,2.7755575615628914e-17,4.968683354389115,1.9362110173568206,0.02041858551096648,0.23434895233717912,-3.876151938013542e-06,0.04606875,1.1576250000000001,0.40753124999999996,0.03067008,0.22044119999999998,0.0287532
16.264781959354877,2.7755575615628914e-17,4.968683354389115,1.9362110173568206,0.02041858551096648,0.23434895233717912,-3.876151938013542e-06,0.038981249999999995,1.1611687499999999,0.41343749999999996,0.02971164,0.22044119999999998,0.03162852
16.27513274922967,2.7755575615628914e-17,4.968683354389115,1.9362110173568206,0.02041858551096648,0.23434895233717912,-3.876151938013542e-06,0.034256249999999995,1.16589375,0.40753124999999996,0.03450384,0.23098404,0.02683632
16.28396138176322,2.7755575615628914e-17,4.968683354389115,1.9362110173568206,0.02041858551096648,0.23434895233717912,-3.876151938013542e-06,0.02953125,1.1552624999999999,0.40280625,0.02971164,0.2252334,0.02300256
16.29583715647459,2.7755575615628914e-17,4.968683354389115,1.9362110173568206,0.02041858551096648,0.23434895233717912,-3.876151938013542e-06,0.03661875,1.16825625,0.41579999999999995,0.03258696,0.21948276,0.03258696
16.304091488942504,2.7755575615628914e-17,4.968683354389115,1.9362110173568206,0.02041858551096648,0.23434895233717912,-3.876151938013542e-06,0.0378,1.1647124999999998,0.4087125,0.0287532,0.21469056,0.03067008
16.315640734508634,2.7755575615628914e-17,4.968683354389115,1.9362110173568206,0.02041858551096648,0.23434895233717912,-3.876151938013542e-06,0.0307125,1.16235,0.40989374999999995,0.03067008,0.22139963999999998,0.02204412
16.32368603721261,2.7755575615628914e-17,4.968683354389115,1.9362110173568206,0.02041858551096648,0.23434895233717912,-3.876151938013542e-06,0.02953125,1.1599875,0.411075,0.03258696,0.21852432,0.0287532
16.334100743755698,2.7755575615628914e-17,4.968683354389115,1.9362110173568206,0.02041858551096648,0.23434895233717912,-3.876151938013542e-06,0.02953125,1.16589375,0.41343749999999996,0.03162852,0.21660744,0.03067008
16.34393252618611,2.7755575615628914e-17,4.968683354389115,1.9362110173568206,0.02041858551096648,0.23434895233717912,-3.876151938013542e-06,0.023625,1.1635312500000001,0.40753124999999996,0.0335454,0.22044119999999998,0.03162852
16.355973068624735,2.7755575615628914e-17,4.968683354389115,1.9362110173568206,0.02041858551096648,0.23434895233717912,-3.876151938013542e-06,0.023625,1.1635312500000001,0.41343749999999996,0.0287532,0.21948276,0.03162852
16.36486504226923,2.7755575615628914e-17,4.968683354389115,1.9362110173568206,0.02041858551096648,0.23434895233717912,-3.876151938013542e-06,0.023625,1.1599875,0.4087125,0.00575064,0.21756588,0.03546228
16.376009894534945,2.7755575615628914e-17,4.968683354389115,1.9362110173568206,0.02041858551096648,0.23434895233717912,-3.876151938013542e-06,0.02480625,1.1576250000000001,0.411075,0.01533504,0.21948276,0.02683632
16.38504847884178,2.7755575615628914e-17,4.968683354389115,1.9362110173568206,0.02041858551096648,0.23434895233717912,-3.876151938013542e-06,0.0307125,1.1517187500000001,0.40398749999999994,0.019168799999999996,0.22044119999999998,0.03642072
16.395798310637474,2.7755575615628914e-17,4.968683354389115,1.9362110173568206,0.02041858551096648,0.23434895233717912,-3.876151938013542e-06,0.03661875,1.1718,0.4087125,0.05079732,0.21277368,0.04408824
16.406340459361672,2.7755575615628914e-17,4.968683354389115,1.9362110173568206,0.02041858551096648,0.23434895233717912,-3.876151938013542e-06,0.03661875,1.1399062500000001,0.40516875,0.03546228,0.20989836,0.03737916
16.416260596364737,2.7755575615628914e-17,4.968683354389115,1.9362110173568206,0.02041858551096648,0.23434895233717912,-3.876151938013542e-06,0.03661875,1.16589375,0.40280625,0.02012724,0.21756588,0.03642072
16.42644781433046,2.7755575615628914e-17,4.968683354389115,1.9362110173568206,0.02041858551096648,0.23434895233717912,-3.876151938013542e-06,0.038981249999999995,1.16589375,0.40635,0.04121292,0.21660744,0.02971164
16.436752770096064,2.7755575615628914e-17,4.968683354389115,1.9362110173568206,0.02041858551096648,0.23434895233717912,-3.876151938013542e-06,0.025987499999999997,1.1576250000000001,0.4087125,0.03642072,0.21948276,0.02779476
16.44761922210455,2.7755575615628914e-17,4.968683354389115,1.9362110173568206,0.02041858551096648,0.23434895233717912,-3.876151938013542e-06,0.03189375,1.1670749999999999,0.40753124999999996,0.03737916,0.22139963999999998,0.0287532
16.45735753327608,2.7755575615628914e-17,4.968683354389115,1.9362110173568206,0.02041858551096648,0.23434895233717912,-3.876151938013542e-06,0.025987499999999997,1.1694375000000001,0.40753124999999996,0.03258696,0.21948276,0.03546228
16.468188777565956,2.7755575615628914e-17,4.968683354389115,1.9362110173568206,0.02041858551096648,0.23434895233717912,-3.876151938013542e-06,0.028349999999999997,1.16235,0.40989374999999995,0.03450384,0.22139963999999998,0.03067008
16.47840108536184,2.7755575615628914e-17,4.968683354389115,1.9362110173568206,0.02041858551096648,0.23434895233717912,-3.876151938013542e-06,0.0212625,1.16235,0.40753124999999996,0.03067008,0.22044119999999998,0.02971164
16.48941327817738,2.7755575615628914e-17,4.968683354389115,1.9362110173568206,0.02041858551096648,0.23434895233717912,-3.876151938013542e-06,0.02716875,1.1670749999999999,0.40162499999999995,0.02971164,0.21756588,0.03450384
16.498565083369613,2.7755575615628914e-17,4.968683354389115,1.9362110173568206,0.02041858551096648,0.23434895233717912,-3.876151938013542e-06,0.034256249999999995,1.1588062499999998,0.40162499999999995,0.0287532,0.21948276,0.02971164
16.5082053784281,2.7755575615628914e-17,4.968683354389115,1.9362110173568206,0.02041858551096648,0.23434895233717912,-3.876151938013542e-06,0.034256249999999995,1.1599875,0.40516875,0.03258696,0.23194248,0.02683632
16.518473468720913,2.7755575615628914e-17,4.968683354389115,1.9362110173568206,0.02041858551096648,0.23434895233717912,-3.876151938013542e-06,0.028349999999999997,1.1647124999999998,0.40989374999999995,0.03067008,0.22139963999999998,0.02108568
16.52834076434374,2.7755575615628914e-17,4.968683354389115,1.9362110173568206,0.02041858551096648,0.23434895233717912,-3.876151938013542e-06,0.028349999999999997,1.1528999999999998,0.40989374999999995,0.02779476,0.22044119999999998,0.02300256
16.53857127018273,2.7755575615628914e-17,4.968683354389115,1.9362110173568206,0.02041858551096648,0.23434895233717912,-3.876151938013542e-06,0.03189375,1.1588062499999998,0.40280625,0.03162852,0.21852432,0.02971164
16.549941074103117,2.7755575615628914e-17,4.968683354389115,1.9362110173568206,0.02041858551096648,0.23434895233717912,-3.876151938013542e-06,0.028349999999999997,1.148175,0.4087125,0.00575064,0.16964388,0.02300256
16.55968228727579,2.7755575615628914e-17,4.968683354389115,1.9362110173568206,0.02041858551096648,0.23434895233717912,-3.876151938013542e-06,0.035437500000000004,1.1576250000000001,0.40635,0.024919439999999998,0.23865155999999998,0.02971164
16.57076525874436,2.7755575615628914e-17,4.968644464478488,1.936172127446194,0.020404777366198,0.23430760007145518,-3.875449875264841e-06,0.03189375,1.1694375000000001,0.411075,0.03929604,0.22139963999999998,0.0287532
16.583554200828075,2.7755575615628914e-17,4.968644464478488,1.936172127446194,0.020404777366198,0.23430760007145518,-3.875449875264841e-06,0.028349999999999997,1.16235,0.4087125,0.0335454,0.21277368,0.02108568
16.592795815318823,2.7755575615628914e-17,4.968644464478488,1.936172127446194,0.020404777366198,0.23430760007145518,-3.875449875264841e-06,0.02953125,1.16235,0.40753124999999996,0.03067008,0.21948276,0.03067008
16.600198533385992,2.7755575615628914e-17,4.968644464478488,1.936172127446194,0.020404777366198,0.23430760007145518,-3.875449875264841e-06,0.02716875,1.1552624999999999,0.40753124999999996,0.02971164,0.22427496,0.0335454
16.612311754375696,2.7755575615628914e-17,4.968644464478488,1.936172127446194,0.020404777366198,0.23430760007145518,-3.875449875264841e-06,0.02716875,1.1694375000000001,0.4087125,0.03067008,0.20893992,0.04025448
16.62248501367867,2.7755575615628914e-17,4.968644464478488,1.936172127446194,0.020404777366198,0.23430760007145518,-3.875449875264841e-06,0.023625,1.1635312500000001,0.40635,0.03067008,0.20414772,0.04408824
16.63209819793701,2.7755575615628914e-17,4.968644464478488,1.936172127446194,0.020404777366198,0.23430760007145518,-3.875449875264841e-06,0.03189375,1.16589375,0.41461875,0.0335454,0.20989836,0.04121292
16.64312856644392,2.7755575615628914e-17,4.968644464478488,1.936172127446194,0.020404777366198,0.23430760007145518,-3.875449875264841e-06,0.035437500000000004,1.16589375,0.40989374999999995,0.03258696,0.21660744,0.04217136
16.651813436299562,2.7755575615628914e-17,4.968644464478488,1.936172127446194,0.020404777366198,0.23430760007145518,-3.875449875264841e-06,0.035437500000000004,1.1588062499999998,0.40044375,0.03258696,0.22139963999999998,0.03067008
16.662403531372547,2.7755575615628914e-17,4.968644464478488,1.936172127446194,0.020404777366198,0.23430760007145518,-3.875449875264841e-06,0.038981249999999995,1.1647124999999998,0.40753124999999996,0.03067008,0.215649,0.03546228
16.672213081270456,2.7755575615628914e-17,4.968644464478488,1.936172127446194,0.020404777366198,0.23430760007145518,-3.875449875264841e-06,0.038981249999999995,1.1611687499999999,0.40753124999999996,0.02971164,0.22044119999999998,0.03546228
16.685111310333014,2.7755575615628914e-17,4.968644464478488,1.936172127446194,0.020404777366198,0.23430760007145518,-3.875449875264841e-06,0.035437500000000004,1.1528999999999998,0.40635,0.03162852,0.21756588,0.02587788
16.692847644910216,2.7755575615628914e-17,4.968644464478488,1.936172127446194,0.020404777366198,0.23430760007145518,-3.875449875264841e-06,0.02716875,1.1552624999999999,0.40635,0.03258696,0.21948276,0.03258696
16.703339682891965,2.7755575615628914e-17,4.968644464478488,1.936172127446194,0.020404777366198,0.23430760007145518,-3.875449875264841e-06,0.028349999999999997,1.1588062499999998,0.40753124999999996,0.03546228,0.21852432,0.02971164
16.713865157216787,2.7755575615628914e-17,4.968644464478488,1.936172127446194,0.020404777366198,0.23430760007145518,-3.875449875264841e-06,0.028349999999999997,1.1588062499999998,0.3992625,0.0287532,0.21852432,0.0287532
16.723712807521224,2.7755575615628914e-17,4.968644464478488,1.936172127446194,0.020404777366198,0.23430760007145518,-3.875449875264841e-06,0.023625,1.1552624999999999,0.40516875,0.03067008,0.22044119999999998,0.03258696
16.733801858499646,2.7755575615628914e-17,4.968644464478488,1.936172127446194,0.020404777366198,0.23430760007145518,-3.875449875264841e-06,0.023625,1.14226875,0.40280625,0.02971164,0.22331652,0.09967775999999999
16.744346871972084,2.7755575615628914e-17,4.968644464478488,1.936172127446194,0.020404777366198,0.23430760007145518,-3.875449875264841e-06,0.0378,1.1505375,0.40753124999999996,0.0287532,0.21948276,0.02587788
16.7539448402822,2.7755575615628914e-17,4.968644464478488,1.936172127446194,0.020404777366198,0.23430760007145518,-3.875449875264841e-06,0.03307499999999999,1.16589375,0.40280625,0.0287532,0.21852432,0.02587788
16.763498425483704,2.7755575615628914e-17,4.968644464478488,1.936172127446194,0.020404777366198,0.23430760007145518,-3.875449875264841e-06,0.03189375,1.1599875,0.40280625,0.05846484,0.22044119999999998,0.023961
16.774093059822917,2.7755575615628914e-17,4.968644464478488,1.936172127446194,0.020404777366198,0.23430760007145518,-3.875449875264841e-06,0.028349999999999997,1.15644375,0.40753124999999996,0.02587788,0.21277368,0.02012724
16.78441927023232,2.7755575615628914e-17,4.968644464478488,1.936172127446194,0.020404777366198,0.23430760007145518,-3.875449875264841e-06,0.0307125,1.1729812499999999,0.40989374999999995,0.02300256,0.21948276,0.03833759999999999
16.79406299814582,2.7755575615628914e-17,4.968644464478488,1.936172127446194,0.020404777366198,0.23430760007145518,-3.875449875264841e-06,0.03307499999999999,1.1647124999999998,0.3945375,0.0287532,0.21373212,0.03162852
16.80495703406632,2.7755575615628914e-17,4.968644464478488,1.936172127446194,0.020404777366198,0.23430760007145518,-3.875449875264841e-06,0.02953125,1.1552624999999999,0.40280625,0.02587788,0.22044119999999998,0.03546228
16.815285701304674,2.7755575615628914e-17,4.968644464478488,1.936172127446194,0.020404777366198,0.23430760007145518,-3.875449875264841e-06,0.02953125,1.1552624999999999,0.38508749999999997,0.02971164,0.22715027999999998,0.03067008
16.823745850473642,2.7755575615628914e-17,4.968644464478488,1.936172127446194,0.020404777366198,0.23430760007145518,-3.875449875264841e-06,0.028349999999999997,1.1635312500000001,0.411075,0.03162852,0.21469056,0.03258696
16.833914514631033,2.7755575615628914e-17,4.968644464478488,1.936172127446194,0.020404777366198,0.23430760007145518,-3.875449875264841e-06,0.03307499999999999,1.1458125000000001,0.40753124999999996,0.02971164,0.21756588,0.0335454
16.843877650797367,2.7755575615628914e-17,4.968644464478488,1.936172127446194,0.020404777366198,0.23430760007145518,-3.875449875264841e-06,0.028349999999999997,1.1647124999999998,0.40635,0.03162852,0.26069568,0.03929604
16.853954676538706,2.7755575615628914e-17,4.968644464478488,1.936172127446194,0.020404777366198,0.23430760007145518,-3.875449875264841e-06,0.028349999999999997,1.1576250000000001,0.41461875,0.03546228,0.215649,0.04504668
16.863994780927896,2.7755575615628914e-17,4.968644464478488,1.936172127446194,0.020404777366198,0.23430760007145518,-3.875449875264841e-06,0.02480625,1.16589375,0.40516875,0.01150128,0.22044119999999998,0.03546228
16.874071834608912,2.7755575615628914e-17,4.968644464478488,1.936172127446194,0.020404777366198,0.23430760007145518,-3.875449875264841e-06,0.035437500000000004,1.16589375,0.40989374999999995,0.023961,0.21948276,0.03833759999999999
16.884161703288555,2.7755575615628914e-17,4.968683354389115,1.9362110173568206,0.02041858551096648,0.23434895233717912,-3.876151938013542e-06,0.035437500000000004,1.15408125,0.44887499999999997,0.0527142,0.20127240000000002,0.02683632
16.894216690212488,2.7755575615628914e-17,4.968683354389115,1.9362110173568206,0.02041858551096648,0.23434895233717912,-3.876151938013542e-06,0.03307499999999999,1.1611687499999999,0.3945375,0.04121292,0.2108568,0.02683632
16.904244154691696,2.7755575615628914e-17,4.968683354389115,1.9362110173568206,0.02041858551096648,0.23434895233717912,-3.876151938013542e-06,0.035437500000000004,1.1552624999999999,0.4087125,0.04217136,0.21852432,0.02587788
16.914379881694913,2.7755575615628914e-17,4.968683354389115,1.9362110173568206,0.02041858551096648,0.23434895233717912,-3.876151938013542e-06,0.03661875,1.1552624999999999,0.4087125,0.03450384,0.22235808,0.02683632
16.924712473526597,2.7755575615628914e-17,4.968683354389115,1.9362110173568206,0.02041858551096648,0.23434895233717912,-3.876151938013542e-06,0.0307125,1.1576250000000001,0.40989374999999995,0.0287532,0.21660744,0.03162852
16.934784254059196,2.7755575615628914e-17,4.968683354389115,1.9362110173568206,0.02041858551096648,0.23434895233717912,-3.876151938013542e-06,0.025987499999999997,1.1635312500000001,0.42170624999999995,0.03162852,0.22044119999999998,0.024919439999999998
16.944986740127206,2.7755575615628914e-17,4.968683354389115,1.9362110173568206,0.02041858551096648,0.23434895233717912,-3.876151938013542e-06,0.028349999999999997,1.1528999999999998,0.40516875,0.0287532,0.22331652,0.0287532
16.954950714483857,2.7755575615628914e-17,4.968683354389115,1.9362110173568206,0.02041858551096648,0.23434895233717912,-3.876151938013542e-06,0.0212625,1.16235,0.40753124999999996,0.0287532,0.22619183999999998,0.02683632
16.965267909690738,2.7755575615628914e-17,4.968683354389115,1.9362110173568206,0.02041858551096648,0.23434895233717912,-3.876151938013542e-06,0.0212625,1.1552624999999999,0.39571874999999995,0.0287532,0.23673468,0.01725192
16.975548647344112,2.7755575615628914e-17,4.968683354389115,1.9362110173568206,0.02041858551096648,0.23434895233717912,-3.876151938013542e-06,0.03189375,1.15644375,0.40162499999999995,0.02779476,0.21852432,0.02012724
16.98541083931923,2.7755575615628914e-17,4.968683354389115,1.9362110173568206,0.02041858551096648,0.23434895233717912,-3.876151938013542e-06,0.034256249999999995,1.1694375000000001,0.411075,0.03162852,0.22235808,0.02204412
16.9957108348608,2.7755575615628914e-17,4.968683354389115,1.9362110173568206,0.02041858551096648,0.23434895233717912,-3.876151938013542e-06,0.034256249999999995,1.16235,0.4087125,0.03546228,0.2300256,0.0287532
17.006146458908916,2.7755575615628914e-17,4.968683354389115,1.9362110173568206,0.02041858551096648,0.23434895233717912,-3.876151938013542e-06,0.0401625,1.1576250000000001,0.39217499999999994,0.024919439999999998,0.21373212,0.03162852
17.016200495883822,2.7755575615628914e-17,4.968683354389115,1.9362110173568206,0.02041858551096648,0.23434895233717912,-3.876151938013542e-06,0.03661875,1.1718,0.40753124999999996,0.023961,0.21660744,0.02204412
17.02658024057746,2.7755575615628914e-17,4.968683354389115,1.9362110173568206,0.02041858551096648,0.23434895233717912,-3.876151938013542e-06,0.02953125,1.1552624999999999,0.40280625,0.04408824,0.22139963999999998,0.02587788
17.036409437656403,2.7755575615628914e-17,4.968683354389115,1.9362110173568206,0.02041858551096648,0.23434895233717912,-3.876151938013542e-06,0.02716875,1.1505375,0.3992625,0.023961,0.21852432,0.03162852
17.046401478350163,2.7755575615628914e-17,4.968683354389115,1.9362110173568206,0.02041858551096648,0.23434895233717912,-3.876151938013542e-06,0.03189375,1.1706187499999998,0.4181625,0.01533504,0.22044119999999998,0.02971164
17.057208498939872,2.7755575615628914e-17,4.968683354389115,1.9362110173568206,0.02041858551096648,0.23434895233717912,-3.876151938013542e-06,0.0378,1.1647124999999998,0.40516875,0.02683632,0.22139963999999998,0.03067008
17.067504143342376,2.7755575615628914e-17,4.968683354389115,1.9362110173568206,0.02041858551096648,0.23434895233717912,-3.876151938013542e-06,0.03307499999999999,1.1718,0.40280625,0.0287532,0.21852432,0.03450384
17.077175365760922,2.7755575615628914e-17,4.968683354389115,1.9362110173568206,0.02041858551096648,0.23434895233717912,-3.876151938013542e-06,0.03307499999999999,1.1611687499999999,0.40635,0.03258696,0.22810872,-0.03929604
17.098719025030732,2.7755575615628914e-17,4.968683354389115,1.9362110173568206,0.02041858551096648,0.23434895233717912,-3.876151938013542e-06,0.02244375,1.1635312500000001,0.40516875,0.0335454,0.22044119999999998,0.03929604
17.1031515263021,2.7755575615628914e-17,4.968683354389115,1.9362110173568206,0.02041858551096648,0.23434895233717912,-3.876151938013542e-06,0.02244375,1.1599875,0.40753124999999996,0.03162852,0.22044119999999998,0.04696356
17.11365184560418,2.7755575615628914e-17,4.968683354389115,1.9362110173568206,0.02041858551096648,0.23434895233717912,-3.876151938013542e-06,0.02480625,1.1741625,0.40280625,0.02971164,0.21660744,0.03162852
17.125011693686247,2.7755575615628914e-17,4.968683354389115,1.9362110173568206,0.02041858551096648,0.23434895233717912,-3.876151938013542e-06,0.03307499999999999,1.16235,0.411075,0.0287532,0.22139963999999998,0.03929604
17.132527019828558,2.7755575615628914e-17,4.968683354389115,1.9362110173568206,0.02041858551096648,0.23434895233717912,-3.876151938013542e-06,0.0378,1.148175,0.411075,0.024919439999999998,0.22044119999999998,0.03737916
17.143417173996568,2.7755575615628914e-17,4.968683354389115,1.9362110173568206,0.02041858551096648,0.23434895233717912,-3.876151938013542e-06,0.0378,1.1552624999999999,0.41579999999999995,0.03067008,0.21852432,0.03258696
17.153113970533013,2.7755575615628914e-17,4.968683354389115,1.9362110173568206,0.02041858551096648,0.23434895233717912,-3.876151938013542e-06,0.0378,1.1599875,0.40044375,0.0335454,0.22235808,0.03162852
17.163353318348527,2.7755575615628914e-17,4.968683354389115,1.9362110173568206,0.02041858551096648,0.23434895233717912,-3.876151938013542e-06,0.03661875,1.1635312500000001,0.40635,0.00383376,0.22139963999999998,0.02683632
17.1782594807446,2.7755575615628914e-17,4.968683354389115,1.9362110173568206,0.02041858551096648,0.23434895233717912,-3.876151938013542e-06,0.02953125,1.1599875,0.40280625,0.03929604,0.21756588,0.03067008
17.185370625928044,2.7755575615628914e-17,4.968683354389115,1.9362110173568206,0.02041858551096648,0.23434895233717912,-3.876151938013542e-06,0.028349999999999997,1.1576250000000001,0.40989374999999995,0.03929604,0.20223084,0.0287532
17.193875938653946,2.7755575615628914e-17,4.968683354389115,1.9362110173568206,0.02041858551096648,0.23434895233717912,-3.876151938013542e-06,0.0307125,1.1706187499999998,0.40989374999999995,0.02971164,0.22906716000000002,0.02300256
17.204053273424506,2.7755575615628914e-17,4.968683354389115,1.9362110173568206,0.02041858551096648,0.23434895233717912,-3.876151938013542e-06,0.02244375,1.1599875,0.41461875,0.02971164,0.18114516,0.023961
17.21416704170406,2.7755575615628914e-17,4.968683354389115,1.9362110173568206,0.02041858551096648,0.23434895233717912,-3.876151938013542e-06,0.02244375,1.1588062499999998,0.40989374999999995,0.03162852,0.23961,0.02587788
17.224047666415572,2.7755575615628914e-17,4.968644464478488,1.936172127446194,0.020404777366198,0.23430760007145518,-3.875449875264841e-06,0.04134375,1.16589375,0.40044375,0.04217136,0.22715027999999998,0.024919439999999998
17.234094912186265,2.7755575615628914e-17,4.968644464478488,1.936172127446194,0.020404777366198,0.23430760007145518,-3.875449875264841e-06,0.02716875,1.16825625,0.40516875,0.0335454,0.2252334,0.02683632
17.244943466037512,2.7755575615628914e-17,4.968644464478488,1.936172127446194,0.020404777366198,0.23430760007145518,-3.875449875264841e-06,0.034256249999999995,1.1611687499999999,0.40280625,0.0335454,0.215649,0.02971164
17.25554616935551,2.7755575615628914e-17,4.968644464478488,1.936172127446194,0.020404777366198,0.23430760007145518,-3.875449875264841e-06,0.038981249999999995,1.1576250000000001,0.4087125,0.02971164,0.22715027999999998,0.03067008
17.264253698289394,2.7755575615628914e-17,4.968644464478488,1.936172127446194,0.020404777366198,0.23430760007145518,-3.875449875264841e-06,0.0307125,1.1670749999999999,0.40398749999999994,0.03546228,0.21469056,0.03162852
17.275619441643357,2.7755575615628914e-17,4.968644464478488,1.936172127446194,0.020404777366198,0.23430760007145518,-3.875449875264841e-06,0.03189375,1.1576250000000001,0.41225625,0.03162852,0.22235808,0.02779476
17.28474762290716,2.7755575615628914e-17,4.968644464478488,1.936172127446194,0.020404777366198,0.23430760007145518,-3.875449875264841e-06,0.03307499999999999,1.16589375,0.4087125,0.03546228,0.22044119999999998,0.02971164
17.295001167804003,2.7755575615628914e-17,4.968644464478488,1.936172127446194,0.020404777366198,0.23430760007145518,-3.875449875264841e-06,0.034256249999999995,1.15408125,0.40635,0.03546228,0.215649,0.0287532
17.30558704957366,2.7755575615628914e-17,4.968644464478488,1.936172127446194,0.020404777366198,0.23430760007145518,-3.875449875264841e-06,0.02953125,1.1552624999999999,0.41225625,0.0335454,0.20031395999999999,0.04504668
17.316175250336528,2.7755575615628914e-17,4.968644464478488,1.936172127446194,0.020404777366198,0.23430760007145518,-3.875449875264841e-06,0.03307499999999999,1.1694375000000001,0.40635,0.03258696,0.20989836,0.04121292
17.325715450569987,2.7755575615628914e-17,4.968644464478488,1.936172127446194,0.020404777366198,0.23430760007145518,-3.875449875264841e-06,0.023625,1.1611687499999999,0.4087125,0.03642072,0.215649,0.03546228
17.338997254148126,2.7755575615628914e-17,4.968644464478488,1.936172127446194,0.020404777366198,0.23430760007145518,-3.875449875264841e-06,0.028349999999999997,1.1611687499999999,0.40516875,0.03067008,0.21373212,0.03067008
17.35038242302835,2.7755575615628914e-17,4.968644464478488,1.936172127446194,0.020404777366198,0.23430760007145518,-3.875449875264841e-06,0.03189375,1.16235,0.41343749999999996,0.02779476,0.22044119999999998,0.03450384
17.35849658586085,2.7755575615628914e-17,4.968644464478488,1.936172127446194,0.020404777366198,0.23430760007145518,-3.875449875264841e-06,0.035437500000000004,1.15644375,0.40044375,0.03162852,0.22139963999999998,0.02683632
17.367161843925714,2.7755575615628914e-17,4.968644464478488,1.936172127446194,0.020404777366198,0.23430760007145518,-3.875449875264841e-06,0.0307125,1.15644375,0.40398749999999994,0.02779476,0.21948276,0.02683632
17.378803940489888,2.7755575615628914e-17,4.968644464478488,1.936172127446194,0.020404777366198,0.23430760007145518,-3.875449875264841e-06,0.0378,1.1635312500000001,0.41579999999999995,0.02779476,0.21948276,0.02779476
17.389292299747467,2.7755575615628914e-17,4.968644464478488,1.936172127446194,0.020404777366198,0.23430760007145518,-3.875449875264841e-06,0.0378,1.15408125,0.40635,0.0287532,0.21948276,0.03450384
17.398297181352973,2.7755575615628914e-17,4.968644464478488,1.936172127446194,0.020404777366198,0.23430760007145518,-3.875449875264841e-06,0.034256249999999995,1.1599875,0.40753124999999996,0.0287532,0.22044119999999998,0.02683632
17.40902066975832,2.7755575615628914e-17,4.968644464478488,1.936172127446194,0.020404777366198,0.23430760007145518,-3.875449875264841e-06,0.03307499999999999,1.1576250000000001,0.40989374999999995,0.02971164,0.22235808,0.02971164
17.418449241667986,2.7755575615628914e-17,4.968644464478488,1.936172127446194,0.020404777366198,0.23430760007145518,-3.875449875264841e-06,0.0307125,1.1576250000000001,0.40516875,0.02971164,0.20510615999999998,0.02971164
17.4285908062011,2.7755575615628914e-17,4.968644464478488,1.936172127446194,0.020404777366198,0.23430760007145518,-3.875449875264841e-06,0.0307125,1.1599875,0.40398749999999994,0.02683632,0.22906716000000002,0.02300256
17.44204568862915,2.7755575615628914e-17,4.968644464478488,1.936172127446194,0.020404777366198,0.23430760007145518,-3.875449875264841e-06,0.02244375,1.15408125,0.40635,0.02683632,0.215649,0.02683632
17.449451634660363,2.7755575615628914e-17,4.968644464478488,1.936172127446194,0.020404777366198,0.23430760007145518,-3.875449875264841e-06,0.02716875,1.1599875,0.40753124999999996,0.03162852,0.22044119999999998,0.03833759999999999
17.46200484968722,2.7755575615628914e-17,4.968644464478488,1.936172127446194,0.020404777366198,0.23430760007145518,-3.875449875264841e-06,0.03189375,1.1552624999999999,0.40280625,0.0335454,0.20989836,0.03067008
17.47092146985233,2.7755575615628914e-17,4.968644464478488,1.936172127446194,0.020404777366198,0.23430760007145518,-3.875449875264841e-06,0.0307125,1.1505375,0.4087125,0.03450384,0.22715027999999998,0.0287532
17.479175133630633,2.7755575615628914e-17,4.968644464478488,1.936172127446194,0.020404777366198,0.23430760007145518,-3.875449875264841e-06,0.035437500000000004,1.16235,0.40280625,0.03258696,0.22331652,0.03162852
17.49293937161565,2.7755575615628914e-17,4.968644464478488,1.936172127446194,0.020404777366198,0.23430760007145518,-3.875449875264841e-06,0.0307125,1.16825625,0.40162499999999995,0.03162852,0.21948276,0.024919439999999998
17.500390078872442,2.7755575615628914e-17,4.968644464478488,1.936172127446194,0.020404777366198,0.23430760007145518,-3.875449875264841e-06,0.02480625,1.1576250000000001,0.41225625,0.03162852,0.21756588,0.023961
17.508500438183546,2.7755575615628914e-17,4.968644464478488,1.936172127446194,0.020404777366198,0.23430760007145518,-3.875449875264841e-06,0.0307125,1.1647124999999998,0.41343749999999996,0.0335454,0.215649,0.0287532
17.519349358975887,2.7755575615628914e-17,4.968644464478488,1.936172127446194,0.020404777366198,0.23430760007145518,-3.875449875264841e-06,0.034256249999999995,1.1576250000000001,0.40044375,0.03067008,0.21852432,0.03067008
17.529202627018094,2.7755575615628914e-17,4.968644464478488,1.936172127446194,0.020404777366198,0.23430760007145518,-3.875449875264841e-06,0.02716875,1.16825625,0.4087125,0.03546228,0.25302816,0.03067008
17.53941535204649,2.7755575615628914e-17,4.968683354389115,1.9362110173568206,0.02041858551096648,0.23434895233717912,-3.876151938013542e-06,0.03189375,1.1788874999999999,0.40162499999999995,0.0622986,0.20127240000000002,0.04121292
17.549150098115206,2.7755575615628914e-17,4.968683354389115,1.9362110173568206,0.02041858551096648,0.23434895233717912,-3.876151938013542e-06,0.035437500000000004,1.1635312500000001,0.40635,0.02683632,0.2108568,0.02971164
17.559420581907034,2.7755575615628914e-17,4.968683354389115,1.9362110173568206,0.02041858551096648,0.23434895233717912,-3.876151938013542e-06,0.034256249999999995,1.16589375,0.40989374999999995,0.04600512,0.22044119999999998,0.0335454
17.56961247883737,2.7755575615628914e-17,4.968683354389115,1.9362110173568206,0.02041858551096648,0.23434895233717912,-3.876151938013542e-06,0.0378,1.1517187500000001,0.4087125,0.019168799999999996,0.22139963999999998,0.02779476
17.582091411575675,2.7755575615628914e-17,4.968683354389115,1.9362110173568206,0.02041858551096648,0.23434895233717912,-3.876151938013542e-06,0.0307125,1.16589375,0.40398749999999994,0.02779476,0.21852432,0.03833759999999999
17.59075204655528,2.7755575615628914e-17,4.968683354389115,1.9362110173568206,0.02041858551096648,0.23434895233717912,-3.876151938013542e-06,0.02953125,1.1599875,0.40635,0.0287532,0.215649,0.03546228
17.601100232452154,2.7755575615628914e-17,4.968683354389115,1.9362110173568206,0.02041858551096648,0.23434895233717912,-3.876151938013542e-06,0.02716875,1.1576250000000001,0.4087125,0.02971164,0.21948276,0.0335454
17.612442625686526,2.7755575615628914e-17,4.968683354389115,1.9362110173568206,0.02041858551096648,0.23434895233717912,-3.876151938013542e-06,0.02953125,1.1576250000000001,0.40398749999999994,0.024919439999999998,0.21852432,0.02971164
17.62326142191887,2.7755575615628914e-17,4.968683354389115,1.9362110173568206,0.02041858551096648,0.23434895233717912,-3.876151938013542e-06,0.03307499999999999,1.16235,0.40753124999999996,0.02300256,0.21756588,0.03162852
17.63249290920794,2.7755575615628914e-17,4.968683354389115,1.9362110173568206,0.02041858551096648,0.23434895233717912,-3.876151938013542e-06,0.0378,1.1694375000000001,0.4087125,0.06900768,0.21756588,0.02587788
17.642351370304823,2.7755575615628914e-17,4.968683354389115,1.9362110173568206,0.02041858551096648,0.23434895233717912,-3.876151938013542e-06,0.0378,1.1292749999999998,0.39217499999999994,0.0287532,0.21852432,0.0335454
17.65280833095312,2.7755575615628914e-17,4.968683354389115,1.9362110173568206,0.02041858551096648,0.23434895233717912,-3.876151938013542e-06,0.02953125,1.1694375000000001,0.42288749999999997,0.00862596,0.24152687999999997,0.01821036
17.663516158238053,2.7755575615628914e-17,4.968683354389115,1.9362110173568206,0.02041858551096648,0.23434895233717912,-3.876151938013542e-06,0.02953125,1.1753437500000001,0.41579999999999995,0.02204412,0.21469056,0.02683632
17.6741733700037,2.7755575615628914e-17,4.968683354389115,1.9362110173568206,0.02041858551096648,0.23434895233717912,-3.876151938013542e-06,0.02008125,1.1611687499999999,0.40398749999999994,0.03546228,0.22235808,0.02300256
17.682348925620317,2.7755575615628914e-17,4.968683354389115,1.9362110173568206,0.02041858551096648,0.23434895233717912,-3.876151938013542e-06,0.02480625,1.1611687499999999,0.40516875,0.03546228,0.215649,0.02300256
17.705004101619124,2.7755575615628914e-17,4.968683354389115,1.9362110173568206,0.02041858551096648,0.23434895233717912,-3.876151938013542e-06,0.03189375,1.15408125,0.40989374999999995,0.02971164,0.21660744,0.03258696
17.709412708878517,2.7755575615628914e-17,4.968683354389115,1.9362110173568206,0.02041858551096648,0.23434895233717912,-3.876151938013542e-06,0.03307499999999999,1.1635312500000001,0.40989374999999995,0.03067008,0.22235808,0.0335454
17.719020657241344,2.7755575615628914e-17,4.968683354389115,1.9362110173568206,0.02041858551096648,0.23434895233717912,-3.876151938013542e-06,0.0378,1.1635312500000001,0.40989374999999995,0.03067008,0.22044119999999998,0.0335454
17.72937940247357,2.7755575615628914e-17,4.968683354389115,1.9362110173568206,0.02041858551096648,0.23434895233717912,-3.876151938013542e-06,0.0307125,1.1883374999999998,0.40635,0.0335454,0.21756588,0.0287532
17.739368241280317,-1.0408340855860843e-17,4.975934140922499,1.9382414037669804,0.02044795193711779,0.23438760813137885,-3.8765631502444925e-06,0.0307125,1.22731875,0.39217499999999994,0.0335454,0.22044119999999998,0.03450384
17.751316202804446,6.071532165918825e-17,4.983179951522157,1.9402698519358985,0.020477297915924435,0.234426029537902,-3.876970485903683e-06,0.0307125,1.11864375,0.38154375,0.02779476,0.21948276,0.02587788
17.760351721197367,-1.734723475976807e-18,4.99042077894228,1.9422963598351266,0.020506623418040437,0.23446421651832708,-3.8773739445837775e-06,0.03307499999999999,1.2202312499999999,0.3756375,0.02683632,0.2348178,-0.05079732
17.77329197898507,2.7755575615628914e-17,4.988394271043052,1.9402698519358987,0.02047729791592444,0.23442602953790204,-3.876970485903684e-06,0.034256249999999995,1.091475,0.45123749999999996,0.02971164,0.2060646,0.03067008
17.781160144135356,3.2959746043559335e-17,4.995632050339011,1.9422963598351273,0.020506623418040448,0.23446421651832716,-3.877373944583779e-06,0.035437500000000004,1.1316374999999999,0.45123749999999996,0.02971164,0.21948276,0.02971164
17.792743414640427,3.2959746043559335e-17,4.995632050339011,1.9422963598351273,0.020506623418040448,0.23446421651832716,-3.877373944583779e-06,0.03189375,1.21314375,0.3945375,0.019168799999999996,0.23673468,0.03162852
17.801618022844195,3.2959746043559335e-17,4.995632050339011,1.9422963598351273,0.020506623418040448,0.23446421651832716,-3.877373944583779e-06,0.03307499999999999,1.21314375,0.40398749999999994,0.03258696,0.21660744,0.0335454
17.812886342406273,2.6020852139652106e-17,5.002864834003332,1.9443209254381566,0.02053592841414029,0.2345021690344673,-3.877773525881318e-06,0.02716875,1.148175,0.40753124999999996,0.03546228,0.20702304,0.03737916
17.82363373041153,-1.214306433183765e-17,5.01009261480324,1.946343546720424,0.02056521287491901,0.23453988704837,-3.878169229396724e-06,0.023625,0.9851624999999999,0.40989374999999995,0.03067008,0.215649,0.0287532
17.832552786916494,5.551115123125783e-17,5.017315385510948,1.9483642216593053,0.020594476771092125,0.23457737052231717,-3.878561054734289e-06,0.02953125,1.1351812499999998,0.40989374999999995,0.03450384,0.21373212,0.02971164
17.843584418296814,5.551115123125783e-17,5.017315385510948,1.9483642216593053,0.020594476771092125,0.23457737052231717,-3.878561054734289e-06,0.035437500000000004,1.1824312499999998,0.41343749999999996,0.0287532,0.23577624,0.03258696
17.853896437212825,5.551115123125783e-17,5.017315385510948,1.9483642216593053,0.020594476771092125,0.23457737052231717,-3.878561054734289e-06,0.035437500000000004,1.21314375,0.40635,0.03450384,0.21660744,0.03067008
17.86531499028206,5.551115123125783e-17,5.017315385510948,1.9483642216593053,0.020594476771092125,0.23457737052231717,-3.878561054734289e-06,0.035437500000000004,1.17770625,0.40398749999999994,0.01054284,0.21469056,0.03067008
17.874337481334805,5.898059818321144e-17,5.03174586776371,1.952399724426165,0.020652942752586594,0.2346516337006457,-3.879333069312481e-06,0.0307125,1.1729812499999999,0.39099375,0.04217136,0.20893992,0.03546228
17.887007378041744,0.0,5.038953564878282,1.9544145482186404,0.020682144779441962,0.23468841333076385,-3.879713257781093e-06,0.035437500000000004,1.1718,0.41698124999999997,0.0335454,0.2252334,0.01629348
17.89719652943313,-1.214306433183765e-17,5.04615622303971,1.9564274175967302,0.020711326124759833,0.23472495827240028,-3.880089566527836e-06,0.035437500000000004,1.2119624999999998,0.4087125,0.0335454,0.22810872,0.02683632
17.90810974687338,5.551115123125783e-17,5.0533538350453355,1.9584383305475659,0.02074048675935888,0.23476126848901,-3.880461995176405e-06,0.02480625,1.1576250000000001,0.41343749999999996,0.03258696,0.22906716000000002,0.02108568
17.91803264990449,-6.938893903907228e-18,5.060546393697548,1.9604472850602341,0.020769626654078457,0.23479734394428275,-3.880830543354368e-06,0.02480625,1.2592124999999998,0.40989374999999995,0.03162852,0.215649,0.03450384
17.926947275176644,2.2551405187698492e-17,5.067733891803787,1.9624542791257802,0.02079874577977867,0.23483318460214317,-3.881195210693179e-06,0.03189375,1.2592124999999998,0.4087125,0.03162852,0.2252334,0.03450384
17.938743878155947,2.42861286636753e-17,5.0820936776334245,1.9664623778894939,0.02085692160766532,0.23490416138249895,-3.881912901398552e-06,0.03307499999999999,1.21314375,0.40989374999999995,0.03067008,0.21852432,0.02683632
17.948595071211457,6.765421556309548e-17,5.089265950997042,1.968463478579564,0.020885978251675954,0.2349392974340177,-3.882265924047426e-06,0.0307125,1.1930625,0.40989374999999995,0.02683632,0.21852432,0.02971164
17.958248170092702,3.469446951953614e-18,5.096433135095133,1.9704626108063197,0.020915014010315622,0.23497419854617055,-3.882615064421766e-06,0.038981249999999995,1.0371374999999998,0.40753124999999996,0.02683632,0.215649,0.02683632
17.967762229964137,-6.938893903907228e-18,5.10359522276051,1.9724597725706272,0.020944028854548585,0.23500886468405638,-3.882960322172432e-06,0.038981249999999995,1.1292749999999998,0.42288749999999997,0.0287532,0.21660744,0.0335454
17.978777445852757,-6.938893903907228e-18,5.10359522276051,1.9724597725706272,0.020944028854548585,0.23500886468405638,-3.882960322172432e-06,0.03189375,1.204875,0.40516875,0.03258696,0.2252334,0.03162852
17.98791135661304,-6.938893903907228e-18,5.117938041365852,1.9764821379411885,0.02101618391772399,0.23511392383997615,-3.884256306267467e-06,0.03189375,1.2001499999999998,0.39217499999999994,0.03258696,0.21277368,0.02587788
17.998274751007557,1.5612511283791264e-17,5.1322592130753915,1.980495422235375,0.021088318683500196,0.23521686864477873,-3.885516487635995e-06,0.02953125,1.26748125,0.40162499999999995,0.03450384,0.22235808,0.03642072
18.011979918926954,-1.3877787807814457e-17,5.146558680087271,1.9844996088828624,0.021160432615992143,0.23531769816207965,-3.886740852357918e-06,0.03307499999999999,1.053675,0.3189375,0.02683632,0.21469056,0.0335454
18.02030581049621,-8.673617379884035e-18,5.156841312219594,1.984499608882862,0.021160432615992136,0.23531769816207956,-3.886740852357917e-06,0.03307499999999999,1.100925,0.37209375,0.0335454,0.22619183999999998,0.03737916
18.028672441840172,6.245004513516506e-17,5.160058148603678,1.9825798851430756,0.0211598773505703,0.23535495576849377,-3.887612551206811e-06,0.02480625,1.30528125,0.38863125,0.0287532,0.23290091999999998,0.02971164
18.03929341211915,6.938893903907228e-17,5.179415000412345,1.9865461419784731,0.02121782842579377,0.23541888282285434,-3.888212026800312e-06,0.028349999999999997,1.19896875,0.38745,0.0287532,0.23385936,0.03450384
18.04922574199736,5.724587470723463e-17,5.183803326688655,1.9806900273985604,0.021173290429659153,0.2354262918385316,-3.889060913169025e-06,0.02716875,1.195425,0.3047625,0.03067008,0.21852432,0.04025448
18.05901298671961,2.0816681711721685e-17,5.208253682613183,1.9846899798839206,0.02124554994735715,0.23552288972642899,-3.890212226005786e-06,0.02716875,1.1115562499999998,0.37209375,0.03258696,0.21660744,0.03162852
18.069158168509603,-1.5612511283791264e-17,5.2014938649513285,1.9728256074973936,0.021098873251033087,0.23540184467778633,-3.889614451996453e-06,0.025987499999999997,1.0902937499999998,0.33075,0.03067008,0.23098404,0.03450384
18.07923379354179,3.122502256758253e-17,5.221974587131113,1.9729204484554526,0.021140798558887064,0.2355040795690824,-3.891343906394667e-06,0.02953125,1.1977875,0.4347,0.03258696,0.21756588,0.03546228
18.08942585811019,1.3877787807814457e-17,5.220220197182161,1.960992591841053,0.020992402920578267,0.23538207373997638,-3.89073581443286e-06,0.035437500000000004,1.23676875,0.44769375,0.03162852,0.22235808,0.03258696
18.10066869854927,1.9081958235744878e-17,5.233610006420401,1.9591466579825871,0.02103171242367162,0.23552130445330477,-3.893334531186651e-06,0.034256249999999995,1.3182749999999999,0.344925,0.0335454,0.27507228,0.02587788
18.110196145251393,8.500145032286355e-17,5.259030090291004,1.959239393504203,0.021072795025360296,0.2356214098098501,-3.895027219978503e-06,0.038981249999999995,1.1316374999999999,0.23979375,0.03258696,0.20318928,0.0143766
18.122981876134872,6.245004513516506e-17,5.251180715320057,1.94128214229133,0.0208727030006812,0.23550954479551225,-3.895332794965744e-06,0.034256249999999995,1.2710249999999998,0.36264375,0.03258696,0.24536064,0.02971164
18.13046346604824,2.0816681711721685e-17,5.274464921472411,1.9393546693581056,0.020882947300894183,0.23557942620488745,-3.8967596631150826e-06,0.0307125,1.261575,0.36264375,0.03258696,0.2444022,0.02971164
18.14342569373548,2.6020852139652106e-17,5.271374976699265,1.9211776981211883,0.020651786448774224,0.23539630422353613,-3.895874060173122e-06,0.03307499999999999,1.3241812499999999,0.27286875,0.02971164,0.24152687999999997,0.02012724
18.152226565405726,2.2551405187698492e-17,5.294728526642345,1.919453274783895,0.0207521167934628,0.23570320159783031,-3.901311536625861e-06,0.02716875,1.21078125,0.32011875,0.02971164,0.20893992,0.04025448
18.163073370233178,3.122502256758253e-17,5.287361456503045,1.8970798838579153,0.0204797497912852,0.2355290833597603,-3.9010915758624196e-06,0.028349999999999997,1.2414937499999998,0.27286875,0.024919439999999998,0.22139963999999998,0.03450384
18.172918170690536,5.551115123125783e-17,5.292341436508566,1.887084055588024,0.020451059709160314,0.23570910077581686,-3.905380832221104e-06,0.03189375,1.2710249999999998,0.40398749999999994,0.0287532,0.22331652,0.02971164
18.182519191876054,2.42861286636753e-17,5.320286129455405,1.8851692083707146,0.02048204883784436,0.23584160114448854,-3.907869556139762e-06,0.03307499999999999,1.1883374999999998,0.40398749999999994,0.03162852,0.2444022,0.024919439999999998
18.193422723561525,1.0234868508263162e-16,5.306352198901014,1.856351814663249,0.020152138485974504,0.23571204898692558,-3.909189993140561e-06,0.02953125,1.2414937499999998,0.29531250000000003,0.047922,0.2444022,0.0335454
18.203511422500014,6.245004513516506e-17,5.339020919465101,1.854413435456678,0.020180150749108693,0.23584542886850218,-3.911696316201155e-06,0.028349999999999997,1.148175,0.32484375,0.023961,0.22906716000000002,0.03258696
18.218787433579564,1.734723475976807e-17,5.3224317463066,1.8230448184278238,0.01977130019582392,0.23558116486890923,-3.911025440961422e-06,0.038981249999999995,1.1694375000000001,0.36146249999999996,0.02587788,0.21469056,0.04696356
18.224844180047512,-8.673617379884035e-18,5.352900547522764,1.8191509584351762,0.019832520952126197,0.23588581093023742,-3.916685487197831e-06,0.0307125,1.1694375000000001,0.3945375,0.03258696,0.21469056,0.04696356
18.23302965052426,1.734723475976807e-17,5.33365745867204,1.785233922928892,0.019377740709311402,0.2355891086812199,-3.915762291914602e-06,0.02953125,1.3017375,0.40162499999999995,0.0335454,0.21181524,0.03450384
18.243358369916677,2.42861286636753e-17,5.333629944588841,1.7705643979780006,0.019276506779753892,0.2357755120369711,-3.920718562219815e-06,0.0378,1.3017375,0.40398749999999994,0.04408824,0.21469056,0.0335454
18.253718860447407,2.2551405187698492e-17,5.363541830753388,1.7664365265424333,0.019273641747317004,0.23591194680679037,-3.923541468004863e-06,0.0307125,1.2084187499999999,0.40398749999999994,0.03737916,0.22427496,0.03642072
18.263788724318147,6.071532165918825e-17,5.341580394598558,1.7299404822527285,0.018836345858177075,0.2358193458204672,-3.926390787395799e-06,0.03307499999999999,1.195425,0.378,0.03450384,0.215649,0.02683632
18.274082142859697,3.122502256758253e-17,5.368996187594339,1.7235688224484211,0.018794415234424062,0.23592533630896065,-3.9289659796145295e-06,0.02953125,1.204875,0.36736874999999997,0.04600512,0.21948276,0.03642072
18.285394497215748,-4.85722573273506e-17,5.343977276446219,1.6841241593469447,0.01823595342563328,0.2355569697908722,-3.927461337953733e-06,0.02953125,1.34308125,0.4087125,0.03067008,0.21373212,0.03162852
18.29416006989777,5.898059818321144e-17,5.362022306335408,1.6734166308246965,0.01817555308329058,0.23581090259417148,-3.9330793192842724e-06,0.0307125,1.2852,0.34846875,0.02779476,0.2252334,0.03450384
18.30443648248911,6.938893903907228e-17,5.345558524008171,1.6378581844172948,0.0176702947874709,0.23549630032151642,-3.9320042976194755e-06,0.034256249999999995,1.1505375,0.28940625000000003,0.02971164,0.23098404,0.03258696
18.31795571371913,2.2551405187698492e-17,5.342257218089623,1.620274794568114,0.01750125039906508,0.235691819388389,-3.937452143469034e-06,0.03307499999999999,1.2308625,0.26105625,0.02971164,0.20223084,0.05079732
18.324998507276177,4.85722573273506e-17,5.3596469425948055,1.609200972899274,0.01738261430957015,0.23577221389576683,-3.940152943211398e-06,0.034256249999999995,1.2214125,0.2291625,0.02971164,0.20031395999999999,0.03258696
18.3354254309088,7.45931094670027e-17,5.358963897779685,1.575481174006938,0.016941432301756477,0.23569989750925152,-3.942969194843928e-06,0.034256249999999995,1.3017375,0.30594374999999996,0.03067008,0.23865155999999998,0.03258696
18.345355527475476,6.245004513516506e-17,5.3549440216362605,1.5573593469127696,0.016698190178724173,0.23564602144401237,-3.944223320043756e-06,0.0307125,1.25803125,0.34610625,0.02779476,0.2300256,0.019168799999999996
18.355161361396313,2.42861286636753e-17,5.353287636121183,1.5229315433306287,0.016186996695003508,0.23530920331238017,-3.942599350612256e-06,0.04134375,1.20133125,0.38626874999999994,0.0335454,0.21756588,0.03642072
18.364557629451156,5.724587470723463e-17,5.321090545623435,1.4767469211748145,0.01553296419479896,0.23503908896818915,-3.943502376596094e-06,0.02953125,1.323,0.32366249999999996,0.04600512,0.21373212,0.02971164
18.374599028378725,5.377642775528102e-17,5.34208035745543,1.4652339280643933,0.01538762702919813,0.23508899515019643,-3.945727153050176e-06,0.02480625,1.20133125,0.240975,0.024919439999999998,0.21277368,0.03162852
18.38435409590602,4.163336342344337e-17,5.3091760288783245,1.418457885863409,0.014718754440546513,0.23484609616826335,-3.947144934740377e-06,0.02244375,1.2769312499999999,0.278775,0.03067008,0.215649,0.02587788
18.394208637997508,5.204170427930421e-17,5.329936898966043,1.4069878143867698,0.01459735408598046,0.23509902562356247,-3.952829123025817e-06,0.034256249999999995,1.252125,0.363825,0.03258696,0.21373212,0.03162852
18.4044156819582,-2.949029909160572e-17,5.29600171274188,1.3592981197327176,0.013858357979722156,0.2345143444142099,-3.948494639512594e-06,0.034256249999999995,1.29583125,0.2575125,0.03067008,0.23961,0.02971164
18.415883077308536,1.9081958235744878e-17,5.295443985007724,1.3404561825843224,0.013610885078448749,0.23465833938775152,-3.953188906292959e-06,0.023625,1.2473999999999998,0.22089375,0.03450384,0.22044119999999998,0.0335454
18.425629548728466,7.45931094670027e-17,5.315440384125493,1.3286076574689532,0.013448966925350964,0.23471015926005542,-3.955477315008866e-06,0.03307499999999999,1.195425,0.22089375,0.0287532,0.20318928,0.03546228
18.435699861496687,4.5102810375396984e-17,5.278339814832309,1.2779189751040374,0.012675955355589482,0.23426899456043032,-3.95392135954884e-06,0.0212625,1.2733875,0.33783749999999996,0.03450384,0.21852432,0.03833759999999999
18.446519754827023,3.9898639947466563e-17,5.290928097007342,1.2634391643861589,0.012463151559328435,0.23423480099131805,-3.955044596408143e-06,0.025987499999999997,1.2922875,0.25633124999999995,0.0335454,0.20031395999999999,-0.03067008
18.457669526338577,8.673617379884035e-18,5.259830327077493,1.2143764887946522,0.011690055680153726,0.23356750844490443,-3.949397530924064e-06,0.025987499999999997,1.2355874999999998,0.21616875,0.03258696,0.2348178,0.04504668
18.46801964752376,4.5102810375396984e-17,5.27229426839714,1.2000145246164913,0.01149818122731815,0.23381784511165882,-3.95537517872562e-06,0.034256249999999995,1.2285,0.27995624999999996,0.03067008,0.20318928,0.03162852
18.47796780243516,2.0816681711721685e-17,5.240493034190303,1.1504107393655185,0.010711475916406137,0.23311468383325148,-3.949151739018019e-06,0.034256249999999995,1.16825625,0.193725,0.03642072,0.20798148,0.023961
18.487989641726017,2.6020852139652106e-17,5.231679783844834,1.1282885060058951,0.010380766686438761,0.23312955490124443,-3.95200064319321e-06,0.0307125,1.2828374999999999,0.16655625,0.03162852,0.191688,0.02683632
18.497832033783197,8.673617379884035e-18,5.213067370407885,1.0831690374704286,0.00966306431177281,0.23247810531884436,-3.946110044142382e-06,0.0378,1.2285,0.27641249999999995,0.03258696,0.20989836,0.00862596
18.507570780813694,8.673617379884035e-18,5.20382609506747,1.0607299286089689,0.009316910982396981,0.23238415795467735,-3.947121197226425e-06,0.03189375,1.2072375,0.29885625,0.02971164,0.23098404,0.023961
18.51850695721805,2.7755575615628914e-17,5.222038926892039,1.0482930284791412,0.009126892886635648,0.23239190921415961,-3.948706971785375e-06,0.035437500000000004,1.1410874999999998,0.19845,0.02683632,0.22427496,0.024919439999999998
18.528126733377576,1.0408340855860843e-17,5.181671155390817,0.994852176285372,0.008265943659752957,0.2314095306237121,-3.938075562770245e-06,0.0307125,1.100925,0.189,0.00670908,0.22139963999999998,0.0335454
18.54075586795807,5.204170427930421e-18,5.192767923828031,0.9799159446836492,0.008038675342402863,0.23153474707631647,-3.941965685632969e-06,0.034256249999999995,1.1647124999999998,0.28822499999999995,0.02204412,0.21660744,0.03067008
18.54987665452063,-1.214306433183765e-17,5.1517915779534675,0.9259799137595237,0.00716842966913401,0.23048507495081472,-3.9302046229078915e-06,0.035437500000000004,1.1824312499999998,0.1701,0.01725192,0.22715027999999998,0.0287532
18.55924973450601,-1.0408340855860843e-17,5.146192335479247,0.9031602726483597,0.006809203842960033,0.23043549445228756,-3.932002125067951e-06,0.0307125,1.2320437499999999,0.20435625,0.03833759999999999,0.21277368,0.0287532
18.57002486474812,-1.3877787807814457e-17,5.1321535719768665,0.8591493331815919,0.00609885926799755,0.2295646121617236,-3.922132523546699e-06,0.03661875,1.14463125,0.21971249999999998,0.0335454,0.18785424,0.01629348
18.57938427850604,1.734723475976807e-18,5.105777310801327,0.807249226564902,0.005263280511025218,0.22865238515591396,-3.912446848803885e-06,0.03307499999999999,1.2096,0.1346625,0.03162852,0.20223084,0.02779476
18.58946454897523,-6.938893903907228e-18,5.0950555005663425,0.7838234663531358,0.004885908385757307,0.22824808208223968,-3.90819660414946e-06,0.02008125,1.1670749999999999,0.23270624999999998,0.03067008,0.19360487999999998,0.0287532
18.602020230144262,-3.469446951953614e-18,5.086584087092062,0.7416648564417887,0.004204994296757305,0.22711960563151481,-3.893636385198748e-06,0.02716875,1.1316374999999999,0.10276875,0.03450384,0.191688,0.03162852
18.61154934205115,1.5612511283791264e-17,5.072698977515749,0.7152186237535345,0.003778865378407096,0.2263847639662021,-3.884029838107533e-06,0.0307125,1.10683125,0.07796249999999999,0.03162852,0.215649,0.0287532
18.622277557849884,2.42861286636753e-17,5.079148383482203,0.6966635480744867,0.0034803478043842055,0.22585690055302382,-3.8770740980821965e-06,0.0307125,1.1434499999999999,0.16065,0.0335454,0.23194248,0.0287532
18.631808802485466,-6.938893903907228e-18,5.039864043625544,0.6407971478892799,0.0025838306440003267,0.2242070148120344,-3.8550684302883704e-06,0.02953125,1.1824312499999998,0.15001874999999998,0.03450384,0.22139963999999998,0.03067008
18.64270124025643,-3.469446951953614e-18,5.055369027350664,0.627453048856236,0.0023701914742477064,0.22379958379919365,-3.849578035808616e-06,0.034256249999999995,1.13045625,0.0756,0.03546228,0.2060646,0.03258696
18.651913510635495,-5.204170427930421e-18,5.008770694606184,0.5685571599195701,0.0014295473550931222,0.22194055914143726,-3.824278875201737e-06,0.03661875,1.11864375,0.165375,0.03546228,0.21660744,0.03067008
18.662537513300776,-5.204170427930421e-18,4.994164746486903,0.5416936174999427,0.0010017258749831924,0.2210599828670396,-3.812166626423076e-06,0.035437500000000004,1.2237749999999998,0.07796249999999999,0.03162852,0.22235808,0.03162852
18.67256703041494,-1.214306433183765e-17,4.974120700154208,0.49320454417054693,0.0002314237305456675,0.2194192994947206,-3.789404756827138e-06,0.03307499999999999,1.05721875,0.14529375,0.02779476,0.21181524,0.06421548
18.68276946991682,-5.204170427930421e-18,4.961938850074909,0.4688991008123454,-0.0001537709641452936,0.21857226495266174,-3.7775629442940575e-06,0.023625,1.1588062499999998,0.146475,0.03067008,0.21660744,0.03642072
18.693233663216233,-1.3877787807814457e-17,4.967134023074002,0.44996850798420274,-0.00045335978078340193,0.21790121677716462,-3.76814105309332e-06,0.035437500000000004,1.1741625,0.057881249999999995,0.03067008,0.22044119999999998,0.03833759999999999
18.70371182449162,-1.0408340855860843e-17,4.919500610084465,0.3903331395780636,-0.0013947115072078847,0.21572285403350033,-3.737329561201811e-06,0.03307499999999999,1.24858125,0.127575,0.0335454,0.22235808,0.04025448
18.713382652029395,0.0,4.933765587998467,0.3767522616058007,-0.0016085772505242987,0.21521317199631768,-3.730074136037531e-06,0.02716875,1.1103750000000001,0.15474374999999999,0.0287532,0.22139963999999998,0.03162852
18.723679238930345,-3.469446951953614e-18,4.8857680685195035,0.31688907963798574,-0.00254903657881627,0.21290682729180585,-3.697044925490728e-06,0.03307499999999999,1.10919375,0.04725,0.023961,0.22235808,0.02971164
18.733848817646503,-1.9081958235744878e-17,4.8703296293604605,0.289626097870151,-0.002976137475573688,0.21182435612666295,-3.6814391504729014e-06,0.025987499999999997,1.0784812499999998,0.08505,0.02587788,0.21469056,0.0335454
18.743990009650588,-1.0408340855860843e-17,4.848615202597749,0.24048157943261578,-0.003744140230583132,0.20982260281786227,-3.6524221106252305e-06,0.034256249999999995,1.0253249999999998,0.05197499999999999,0.02971164,0.22139963999999998,0.03162852
18.75476286932826,-1.734723475976807e-18,4.835699439292992,0.2158791062946233,-0.004127702149713943,0.2087961920021665,-3.63746922979867e-06,0.0212625,1.01233125,0.04134375,0.03067008,0.22331652,0.02204412
18.76461400836706,-5.204170427930421e-18,4.842420192459944,0.19935127965664753,-0.00438181408113777,0.2079854158406432,-3.6253263683957776e-06,0.03189375,1.0288687499999998,0.0945,0.00862596,0.21852432,0.03546228
18.77433541789651,-1.734723475976807e-18,4.780601238049438,0.11445089542062456,-0.005698879864100696,0.2042763278608301,-3.570794672755496e-06,0.035437500000000004,1.0666687499999998,0.06024375,0.03737916,0.22619183999999998,0.03067008
18.785091701895,-3.469446951953614e-18,4.767406295472665,0.0897781790745519,-0.0060802838984491256,0.2031625663244631,-3.5543177911789127e-06,0.034256249999999995,1.1836125,0.06733125,0.03642072,0.11692968,0.03162852
18.795605398714542,-1.214306433183765e-17,4.780313538096778,0.07606784426504405,-0.006291964168868306,0.20253669344216518,-3.5450394811179e-06,0.028349999999999997,1.1174624999999998,0.04725,0.03067008,0.22810872,0.0143766
18.805121660232544,1.9081958235744878e-17,4.7340504040893965,0.018467664818335325,-0.00717924181986549,0.1998529194567636,-3.5051055246329367e-06,0.035437500000000004,1.05958125,-0.03307499999999999,0.03067008,0.22235808,0.023961
18.815477527678013,-2.42861286636753e-17,4.740137271719183,0.002007863859312259,-0.007432185237471248,0.1990698866615017,-3.4934111317674852e-06,0.02244375,1.0217812499999999,-0.00118125,0.03162852,0.23385936,0.0335454
18.83194843865931,-6.938893903907228e-18,4.6937407079465725,-0.05559812014291826,-0.008315320289797036,0.1962730230364364,-3.451493178909961e-06,0.025987499999999997,1.09738125,0.016537499999999997,0.0287532,0.22235808,0.03162852
18.835973838344216,0.0,4.6765076599297535,-0.08028037451478313,-0.008692706761482101,0.19504779803186897,-3.433061304692551e-06,0.03307499999999999,1.09738125,0.0401625,0.0287532,0.21852432,0.02779476
18.84788901358843,-1.0408340855860843e-17,4.652138318929315,-0.1268830528989892,-0.00940360196012565,0.19269046008577917,-3.397488063668323e-06,0.03189375,1.14463125,-0.008268749999999998,0.03450384,0.2731554,0.01341816
18.857460130006075,-8.673617379884035e-18,4.641271714602777,-0.1488018591056981,-0.009737212977527923,0.19156181378643525,-3.38040733501452e-06,0.034256249999999995,1.0784812499999998,-0.03661875,0.04504668,0.14664132000000002,0.03642072
18.86732468008995,-3.469446951953614e-18,4.649552180527002,-0.1624963659705772,-0.009945404733953207,0.19085017950412925,-3.3696219467166687e-06,0.02953125,1.12100625,0.00590625,0.0,0.14568288,0.02683632
18.878905065357685,-8.673617379884035e-18,4.608475589562525,-0.21449553006938035,-0.010734221457100198,0.18810260837532028,-3.3278715181825764e-06,0.0307125,1.0395,-0.02480625,0.03642072,0.15430884,0.03642072
18.888931594789028,-6.938893903907228e-18,4.610177779691377,-0.23090112077977423,-0.010982529829110493,0.18722079938735567,-3.3144368627751695e-06,0.03189375,1.08320625,-0.01535625,0.023961,0.15622572,0.0335454
18.89881751872599,0.0,4.562765076819337,-0.28552307375510827,-0.011807318644350388,0.18423293895508655,-3.2687956738466016e-06,0.038981249999999995,1.00760625,0.0035437499999999996,0.04696356,0.15622572,0.02587788
18.90890163742006,-1.734723475976807e-18,4.554450761264533,-0.30461489332549174,-0.01209489573301271,0.18316971630102605,-3.252511415771527e-06,0.028349999999999997,1.0418625,-0.0307125,0.04025448,0.1341816,0.043129799999999996
18.918628057464957,-3.122502256758253e-17,4.535014896412042,-0.3454744749309858,-0.012709118535593748,0.18086122656933146,-3.2170809474325248e-06,0.034256249999999995,0.91783125,-0.06496875,0.03833759999999999,0.15047507999999998,0.03258696
18.928650002926588,-1.9081958235744878e-17,4.52661915394331,-0.3645162373238333,-0.012994785583693704,0.17976997335908157,-3.200298526522825e-06,0.02716875,1.0430437499999998,-0.06969375,0.03642072,0.16101792,0.03737916
18.93877687677741,-3.8163916471489756e-17,4.524438024940977,-0.38082356721078564,-0.013239136758176624,0.17882760042398368,-3.185788751483211e-06,0.03661875,1.1410874999999998,-0.06969375,0.02683632,0.15622572,0.02587788
18.949268762022257,-1.5612511283791264e-17,4.491563587371372,-0.42424116257903804,-0.01388838583418594,0.1762832252350106,-3.1465367512530315e-06,0.0307125,0.9993375,-0.00590625,0.03258696,0.16101792,0.03067008
18.95989536680281,-1.9081958235744878e-17,4.5016792187145604,-0.43507902571427726,-0.01405014902107487,0.17564005455883472,-3.136597495016803e-06,0.03189375,1.0891125,-0.04134375,0.0287532,0.16005947999999998,0.03162852
18.969403225928545,-1.5612511283791264e-17,4.471510793109838,-0.47565759941746566,-0.014654737629249256,0.1732032203826785,-3.0988796261305846e-06,0.035437500000000004,0.968625,-0.08505,0.03450384,0.16389324,0.0287532
18.979938490316272,-4.5102810375396984e-17,4.471818855142066,-0.48916045840845923,-0.014855541099598062,0.17238225499360435,-3.086151638061254e-06,0.03307499999999999,0.9993375,-0.06496875,0.02971164,0.16197636,0.0287532
18.98993986658752,-8.673617379884035e-18,4.44169111342192,-0.5295943127195082,-0.015455703033326832,0.16989358416901112,-3.0475060332623403e-06,0.02953125,1.1340000000000001,-0.057881249999999995,0.03162852,0.15910104,0.024919439999999998
18.999080698937178,1.0408340855860843e-17,4.4291922209542065,-0.5591705882487843,-0.01589361914772934,0.1680442325970083,-3.0187296395064224e-06,0.028349999999999997,0.9780749999999999,-0.05551875,0.02971164,0.15047507999999998,0.03642072
19.009156147018075,-1.214306433183765e-17,4.438090230330289,-0.5672252531238422,-0.016012719260129954,0.16753632561828066,-3.010817991704782e-06,0.025987499999999997,0.9709875,-0.0543375,0.03067008,0.15718416,0.02971164
19.019051298499107,-2.6020852139652106e-17,4.416034913174979,-0.5993921381633758,-0.016487667796367317,0.16548966535575454,-2.9789011420390593e-06,0.0378,1.091475,-0.127575,0.03258696,0.1821036,0.04600512
19.028862429782748,-1.5612511283791264e-17,4.409200768212758,-0.6129422568661198,-0.016679476738753165,0.16445735252409793,-2.9625071673771256e-06,0.034256249999999995,0.95326875,-0.0945,0.03258696,0.17060232,0.02300256
19.039080534130335,-1.5612511283791264e-17,4.414552666011941,-0.6209620140682419,-0.016797557704000238,0.16393899502944265,-2.954407826169306e-06,0.02953125,1.1458125000000001,-0.0543375,0.03067008,0.15430884,0.02204412
19.049155425280333,8.673617379884035e-18,4.391850879780755,-0.650319428073606,-0.017229219704925355,0.16202576320692338,-2.924483308801273e-06,0.02716875,1.1056499999999998,-0.11458125,0.03067008,0.15047507999999998,0.024919439999999998
19.059215245768428,0.0,4.405736645982539,-0.6529844353181311,-0.017268359108923638,0.16185085739887572,-2.921745296613542e-06,0.02716875,0.9497249999999999,-0.03661875,0.03737916,0.14472443999999998,0.03258696
19.06933724693954,-1.0408340855860843e-17,4.3883662061327176,-0.6769397966375923,-0.017619831942705014,0.16026944287822978,-2.896972037548228e-06,0.034256249999999995,0.8977499999999999,-0.0637875,0.03162852,0.15143352,0.0335454
19.081091213971376,-1.734723475976807e-17,4.39598236841549,-0.6824326673836949,-0.017692012651329646,0.15973944834677758,-2.888391833443171e-06,0.034256249999999995,1.0654875,-0.21735,0.05175576,0.15430884,0.02683632
19.091361781582236,-5.204170427930421e-18,4.38126851500915,-0.7036705799131553,-0.01800284989447587,0.15831904122513618,-2.866106282269857e-06,0.03661875,1.0702124999999998,-0.10631249999999999,0.03546228,0.15239196,0.02587788
19.102354766801,-4.163336342344337e-17,4.382291159842325,-0.7091516544535035,-0.018074509231515504,0.157783828776077,-2.85743326241127e-06,0.0307125,1.0312312499999998,-0.02244375,0.02587788,0.15910104,0.03258696
19.11196797527373,-3.122502256758253e-17,4.395237475362553,-0.7091516544535038,-0.0180745092315155,0.1577838287760769,-2.857433262411269e-06,0.03307499999999999,1.03359375,-0.16065,0.047922,0.15143352,0.03258696
19.121547738090158,-1.9081958235744878e-17,4.391649057290714,-0.7223962244300286,-0.01826795442888145,0.15688857163557376,-2.8433695796905987e-06,0.028349999999999997,1.0548562499999998,-0.1204875,0.023961,0.15526728,0.02587788
19.133795708417892,-6.938893903907228e-18,4.398612425423493,-0.7250429818289157,-0.01830658881682346,0.1567090488246533,-2.8405483017483806e-06,0.03307499999999999,0.9674437499999999,-0.15238125,0.0287532,0.143766,-0.049838879999999995
19.141444699838758,-1.214306433183765e-17,4.394413810132349,-0.7356227345385683,-0.018460942908857202,0.1559893922876863,-2.8292348126713782e-06,0.03307499999999999,0.9946125,-0.15592499999999998,0.02779476,0.143766,0.04217136
19.15374911390245,-3.469446951953614e-18,4.409758340462808,-0.7329788931846469,-0.018422381982004358,0.15616954085624893,-2.832067435882939e-06,0.02244375,0.9520875,-0.05079375,0.02779476,0.15239196,0.03737916
19.163414360955358,-2.2551405187698492e-17,4.404991349239378,-0.7409082077352867,-0.018538009338858616,0.15562862736257574,-2.8235610813551166e-06,0.03189375,0.9260999999999999,-0.19608749999999997,0.02204412,0.15239196,0.03450384
19.172729197889566,-1.9081958235744878e-17,4.411300555039237,-0.7409082077352867,-0.018538009338858616,0.15562862736257574,-2.8235610813551166e-06,0.035437500000000004,0.9260999999999999,-0.26105625,0.02204412,0.1341816,0.0287532
19.183779561892152,-1.734723475976807e-17,4.426011187518935,-0.7356227345385683,-0.018460942908857202,0.1559893922876863,-2.8292348126713782e-06,0.028349999999999997,1.12455,-0.23861249999999998,0.0,0.17635296,0.02587788
19.19521258585155,-2.42861286636753e-17,4.423857115000029,-0.7409082077352864,-0.018538009338858612,0.15562862736257577,-2.823561081355117e-06,0.028349999999999997,1.02414375,-0.1819125,0.03833759999999999,0.15718416,0.02779476
19.203364657238126,-3.122502256758253e-17,4.446904927709233,-0.7303343188518927,-0.01838380263199182,0.15634953325523326,-2.8348972270190154e-06,0.025987499999999997,0.92728125,-0.1819125,0.03642072,0.1485582,0.043129799999999996
19.21435214392841,-2.42861286636753e-17,4.45001047335192,-0.7303343188518927,-0.01838380263199182,0.15634953325523326,-2.8348972270190154e-06,0.02953125,0.9331875,-0.14529375,0.03450384,0.1581426,0.03833759999999999
19.22358395345509,-1.734723475976807e-18,4.461497357526829,-0.7250429818289155,-0.01830658881682346,0.1567090488246534,-2.840548301748382e-06,0.038981249999999995,0.968625,-0.193725,0.03450384,0.16101792,0.02683632
19.234884150326252,-2.7755575615628914e-17,4.475614595261988,-0.7171005450912427,-0.01819063088545365,0.1572471464122209,-2.849003602623708e-06,0.0307125,1.1517187500000001,-0.1913625,0.02779476,0.15526728,0.03546228
19.244125965982676,-3.469446951953614e-17,4.481343124875295,-0.7144516284470219,-0.018151941807291398,0.15742619801937313,-2.8518163419805815e-06,0.02953125,1.20133125,-0.25515,0.03258696,0.15910104,0.03929604
19.25439233146608,-2.7755575615628914e-17,4.501153561316867,-0.7038488438543139,-0.01799700435460983,0.15814082839747373,-2.8630387530795743e-06,0.035437500000000004,0.9898874999999999,-0.354375,0.03258696,0.1629348,0.02204412
19.264748997986317,-2.6020852139652106e-17,4.512571601981913,-0.6985432178606867,-0.017919427486593788,0.1584971954555654,-2.86863279156354e-06,0.028349999999999997,1.0465874999999998,-0.1771875,0.02683632,0.1629348,0.02204412
19.27500244602561,-1.734723475976807e-17,4.52966480445094,-0.6905795464329476,-0.01780292788011356,0.15903055686898848,-2.8770023275085813e-06,0.0378,1.12100625,-0.13702499999999998,0.02683632,0.15718416,0.0287532
19.284065974876285,-1.9081958235744878e-17,4.546717239967302,-0.6826096597939518,-0.017686268040389436,0.15956248700801798,-2.8853459703775216e-06,0.025987499999999997,1.0938374999999998,-0.13702499999999998,0.03162852,0.15239196,0.024919439999999998
19.294319204986095,-2.6020852139652106e-17,4.558062806200823,-0.6772929845588878,-0.017608406313866582,0.15991630958359987,-2.8908939768220966e-06,0.03189375,1.1257312499999999,-0.15946875,0.03642072,0.15622572,0.0287532
19.304271053522825,-2.42861286636753e-17,4.580699196623097,-0.6666515278531859,-0.017452471862393234,0.16062203432635014,-2.9019552767498947e-06,0.03189375,1.0253249999999998,-0.16891874999999998,0.02971164,0.15622572,0.03258696
19.314286002889276,-3.469446951953614e-17,4.586346856617949,-0.6639894903954902,-0.01741344451889794,0.16079806439753613,-2.904713353729612e-06,0.0307125,1.100925,-0.15592499999999998,0.0287532,0.1581426,0.0335454
19.32395564764738,-2.949029909160572e-17,4.608891576724835,-0.6533347273006741,-0.01725716139322806,0.16150057494337658,-2.9157165868973244e-06,0.02716875,1.0560375,-0.14883749999999998,0.03258696,0.15430884,0.0287532
19.334020556882024,-1.5612511283791264e-17,4.62013630596436,-0.6480034150888148,-0.017178916126431423,0.16185086191473244,-2.921200720129364e-06,0.03189375,0.9662624999999999,-0.16655625,0.02971164,0.15526728,0.03546228
19.344144320115447,-6.938893903907228e-18,4.631362554664819,-0.6426695108641585,-0.017100602140876234,0.16220050148265405,-2.9266731685292744e-06,0.03189375,1.00288125,-0.16419375,0.02971164,0.15718416,0.03642072
19.35424940288067,-2.7755575615628914e-17,4.648167178495379,-0.6346638411776421,-0.016983003000193158,0.1627237438944617,-2.934859884197792e-06,0.034256249999999995,0.959175,-0.16065,0.03162852,0.15335039999999997,0.0287532
19.364391457289457,-1.734723475976807e-18,4.65375943090273,-0.6319940117291802,-0.016943769266787166,0.1628978328165588,-2.937582923320389e-06,0.02953125,1.06194375,-0.14765625000000002,0.03258696,0.14759976,0.01150128
19.37573560141027,-2.0816681711721685e-17,4.676081847089026,-0.6213084007034961,-0.016786665280283483,0.16359255778780424,-2.9484456767148235e-06,0.03307499999999999,1.0217812499999999,-0.15474374999999999,0.03450384,0.15718416,0.024919439999999998
19.384617794305086,-3.122502256758253e-17,4.687215021004197,-0.615961856653378,-0.0167080124052267,0.1639389394121758,-2.9538593735451416e-06,0.03661875,1.0288687499999998,-0.15592499999999998,0.0287532,0.15526728,0.02779476
19.39510792121291,-1.734723475976807e-17,4.703879613880045,-0.607937427551692,-0.016589907875135167,0.16445728187445804,-2.9619577580363556e-06,0.028349999999999997,1.0643062499999998,-0.1582875,0.02587788,0.17347764,0.03067008
19.40821518190205,-3.469446951953614e-17,4.714965832325952,-0.602584764005663,-0.01651108850269847,0.16480202151735412,-2.96734187570062e-06,0.03189375,1.1198249999999998,-0.1512,0.03162852,0.1581426,0.02779476
19.41744056902826,0.0,4.726033190914815,-0.5972296901213816,-0.016432203082812822,0.1651461019521815,-2.9727141239681943e-06,0.03189375,0.9544499999999999,-0.1535625,0.03162852,0.16005947999999998,0.02779476
19.427149446681142,-1.214306433183765e-17,4.737081645377215,-0.5918722273191362,-0.0163532519310198,0.16548952180261897,-2.9780744813500923e-06,0.03189375,1.044225,-0.15710625,0.0335454,0.1581426,0.03162852
19.438590029254556,-2.2551405187698492e-17,4.74811115151935,-0.5865123970287706,-0.016274235363123897,0.16583227969498754,-2.9834229264048924e-06,0.0378,1.148175,-0.15474374999999999,0.03067008,0.16197636,0.03737916
19.447836082428694,-2.6020852139652106e-17,4.75912166522321,-0.5811502206895988,-0.016195153695191294,0.16617437425825607,-2.9887594377388205e-06,0.023625,1.05013125,-0.16891874999999998,0.02587788,0.15143352,0.0287532
19.458221891894937,-2.2551405187698492e-17,4.764619786144676,-0.5784682594540644,-0.016155588547553126,0.16634517236375598,-2.9914232115879534e-06,0.034256249999999995,1.0548562499999998,-0.1630125,0.03162852,0.16005947999999998,0.03450384
19.469436397776008,-2.0816681711721685e-17,4.775601728636088,-0.5731026042609021,-0.016076409822758805,0.16668626936849684,-2.9967417823316936e-06,0.0401625,1.0548562499999998,-0.1582875,0.03162852,0.10446996,0.03067008
19.47906683012843,-2.949029909160572e-17,4.786564568726953,-0.5677346566580861,-0.015997166789229657,0.16702669962818023,-3.0020483660791575e-06,0.03307499999999999,1.1151,-0.15710625,0.02779476,0.10446996,0.07379988
19.490632386878133,-4.336808689942018e-17,4.792038811665643,-0.5650498299126354,-0.015957521255733288,0.16719666430298322,-3.004697156194181e-06,0.034256249999999995,0.9674437499999999,-0.16419375,0.04696356,0.16581011999999998,0.02012724
19.49837846495211,-1.734723475976807e-17,4.7975082625659216,-0.5623644381174014,-0.015917859763937742,0.16736646178108536,-3.0073429416040135e-06,0.034256249999999995,1.10919375,-0.15238125,0.03833759999999999,0.15239196,0.023961
19.509348986670375,1.214306433183765e-17,4.803142379785886,-0.5595090201302294,-0.015883339687780745,0.1677056398895482,-3.0129032629175003e-06,0.02953125,1.0347749999999998,-0.1630125,0.043129799999999996,0.13897379999999998,0.023961
19.51889451406896,1.214306433183765e-17,4.803142379785886,-0.5595090201302294,-0.015883339687780745,0.1677056398895482,-3.0129032629175003e-06,0.0212625,1.1103750000000001,-0.16419375,0.01341816,0.1581426,0.03258696
19.530023159459233,2.2551405187698492e-17,4.808602062500151,-0.5568226739978016,-0.015843633505775435,0.16787493726353164,-3.0155401718638846e-06,0.02716875,1.04776875,-0.165375,0.0287532,0.15622572,0.03162852
19.542501635849476,-1.9081958235744878e-17,4.814056936612756,-0.5541357710427455,-0.015803911479358345,0.1680440667625414,-3.0181740652620652e-06,0.0378,1.06194375,-0.15946875,0.03642072,0.15430884,0.0287532
19.552337566390634,-6.938893903907228e-18,4.819506996668824,-0.551448313951965,-0.015764173648251514,0.16821302821744796,-3.020804940478148e-06,0.028349999999999997,1.1588062499999998,-0.1512,0.02683632,0.15718416,0.03737916
19.563931362703443,-6.938893903907228e-18,4.819506996668824,-0.551448313951965,-0.015764173648251514,0.16821302821744796,-3.020804940478148e-06,0.035437500000000004,1.0276875,-0.165375,0.02779476,0.15910104,0.02204412
19.5722389947623,-6.938893903907228e-18,4.819506996668824,-0.551448313951965,-0.015764173648251514,0.16821302821744796,-3.020804940478148e-06,0.04134375,1.10919375,-0.165375,0.03833759999999999,0.15910104,0.02587788
19.58245038613677,-6.938893903907228e-18,4.819506996668824,-0.551448313951965,-0.015764173648251514,0.16821302821744796,-3.020804940478148e-06,0.0378,1.0961999999999998,-0.146475,0.03450384,0.1581426,0.03450384
19.592867005616426,-6.938893903907228e-18,4.819506996668824,-0.551448313951965,-0.015764173648251514,0.16821302821744796,-3.020804940478148e-06,0.014174999999999998,1.1032875,-0.1535625,0.03450384,0.1341816,0.02779476
19.60333801060915,-6.938893903907228e-18,4.819506996668824,-0.551448313951965,-0.015764173648251514,0.16821302821744796,-3.020804940478148e-06,0.03189375,1.0985625,-0.1535625,0.03450384,0.143766,0.043129799999999996
19.61391730979085,-6.938893903907228e-18,4.819506996668824,-0.551448313951965,-0.015764173648251514,0.16821302821744796,-3.020804940478148e-06,0.02716875,1.09738125,-0.1512,0.02971164,0.15430884,0.0287532
19.624340537935495,-5.204170427930421e-18,4.824952237218301,-0.5487603054129162,-0.01572442005219276,0.16838182145928984,-3.023432794881259e-06,0.0212625,1.0985625,-0.15710625,0.03162852,0.15047507999999998,0.03162852
19.63406564667821,-5.204170427930421e-18,4.824952237218301,-0.5487603054129162,-0.01572442005219276,0.16838182145928984,-3.023432794881259e-06,0.02480625,1.09265625,-0.15592499999999998,0.03067008,0.15910104,0.02779476
19.643448397517204,-5.204170427930421e-18,4.824952237218301,-0.5487603054129162,-0.01572442005219276,0.16838182145928984,-3.023432794881259e-06,0.02244375,1.10446875,-0.15592499999999998,0.0287532,0.16485168,0.02587788
19.653458762913942,-5.204170427930421e-18,4.824952237218301,-0.5487603054129162,-0.01572442005219276,0.16838182145928984,-3.023432794881259e-06,0.0307125,1.09265625,-0.1512,0.0287532,0.15335039999999997,0.02971164
19.664305774495006,-5.204170427930421e-18,4.824952237218301,-0.5487603054129162,-0.01572442005219276,0.16838182145928984,-3.023432794881259e-06,0.035437500000000004,1.1080124999999998,-0.1535625,0.02683632,0.15910104,0.02683632
19.678138930350542,-5.204170427930421e-18,4.824952237218301,-0.5487603054129162,-0.01572442005219276,0.16838182145928984,-3.023432794881259e-06,0.02953125,1.09738125,-0.165375,0.0287532,0.15239196,0.03067008
19.684381045401096,-5.204170427930421e-18,4.824952237218301,-0.5487603054129162,-0.01572442005219276,0.16838182145928984,-3.023432794881259e-06,0.02953125,1.09738125,-0.1535625,0.0287532,0.15239196,0.03067008
19.69418800994754,-5.204170427930421e-18,4.824952237218301,-0.5487603054129162,-0.01572442005219276,0.16838182145928984,-3.023432794881259e-06,0.02953125,1.1021062499999998,-0.16419375,0.03162852,0.15622572,0.03258696
19.705805327743292,-5.204170427930421e-18,4.824952237218301,-0.5487603054129162,-0.01572442005219276,0.16838182145928984,-3.023432794881259e-06,0.03189375,1.0997437499999998,-0.1582875,0.03450384,0.16868544,0.08050896
19.716376896947622,-6.938893903907228e-18,4.824783445228396,-0.5489290974028203,-0.015719314319180965,0.16821293528403178,-3.0205267055781334e-06,0.02953125,1.09501875,-0.16065,0.0287532,0.16101792,0.023961
19.72366127744317,-6.938893903907228e-18,4.824783445228396,-0.5489290974028203,-0.015719314319180965,0.16821293528403178,-3.0205267055781334e-06,0.0307125,1.09738125,-0.15592499999999998,0.0287532,0.15910104,0.02779476
19.73377882130444,-6.938893903907228e-18,4.824783445228396,-0.5489290974028203,-0.015719314319180965,0.16821293528403178,-3.0205267055781334e-06,0.03189375,1.09501875,-0.15946875,0.02779476,0.17826983999999998,0.02683632
19.74395258165896,-6.938893903907228e-18,4.824783445228396,-0.5489290974028203,-0.015719314319180965,0.16821293528403178,-3.0205267055781334e-06,0.03189375,1.0997437499999998,-0.15710625,0.03067008,0.15335039999999997,0.02779476
19.755810234695673,-6.938893903907228e-18,4.824783445228396,-0.5489290974028203,-0.015719314319180965,0.16821293528403178,-3.0205267055781334e-06,0.028349999999999997,1.1021062499999998,-0.16065,0.0287532,0.15430884,0.02779476
19.764167895540595,-6.938893903907228e-18,4.824783445228396,-0.5489290974028203,-0.015719314319180965,0.16821293528403178,-3.0205267055781334e-06,0.02480625,1.0985625,-0.15474374999999999,0.03162852,0.1581426,0.03162852
19.77791945077479,-6.938893903907228e-18,4.824783445228396,-0.5489290974028203,-0.015719314319180965,0.16821293528403178,-3.0205267055781334e-06,0.0307125,1.100925,-0.15474374999999999,0.02971164,0.15335039999999997,0.02204412
19.785177333280444,-6.938893903907228e-18,4.824783445228396,-0.5489290974028203,-0.015719314319180965,0.16821293528403178,-3.0205267055781334e-06,0.02716875,1.100925,-0.16655625,0.02971164,0.16005947999999998,0.02204412
19.79587578214705,-6.938893903907228e-18,4.824783445228396,-0.5489290974028203,-0.015719314319180965,0.16821293528403178,-3.0205267055781334e-06,0.03661875,1.08675,-0.16065,0.03162852,0.15430884,0.0287532
19.805068098008633,-6.938893903907228e-18,4.824783445228396,-0.5489290974028203,-0.015719314319180965,0.16821293528403178,-3.0205267055781334e-06,0.025987499999999997,1.08320625,-0.1582875,0.03067008,0.15430884,0.02587788
19.817885978147388,-6.938893903907228e-18,4.824783445228396,-0.5489290974028203,-0.015719314319180965,0.16821293528403178,-3.0205267055781334e-06,0.034256249999999995,1.1021062499999998,-0.15238125,0.03162852,0.14664132000000002,-0.01150128
19.82681905478239,-6.938893903907228e-18,4.824783445228396,-0.5489290974028203,-0.015719314319180965,0.16821293528403178,-3.0205267055781334e-06,0.034256249999999995,1.09738125,-0.1512,0.03258696,0.14664132000000002,0.04408824
19.83871383406222,-6.938893903907228e-18,4.824783445228396,-0.5489290974028203,-0.015719314319180965,0.16821293528403178,-3.0205267055781334e-06,0.02716875,1.0961999999999998,-0.15710625,0.01821036,0.16581011999999998,0.03833759999999999
19.848686607554555,5.204170427930421e-18,4.830224029207845,-0.546240371721701,-0.015679557911037447,0.1683817260220453,-3.0231544073006772e-06,0.02953125,1.100925,-0.15710625,0.03546228,0.15430884,0.03450384
19.859016586095095,5.204170427930421e-18,4.830224029207845,-0.546240371721701,-0.015679557911037447,0.1683817260220453,-3.0231544073006772e-06,0.023625,1.0938374999999998,-0.1512,0.03450384,0.14759976,0.02971164
19.869083458557725,5.204170427930421e-18,4.830224029207845,-0.546240371721701,-0.015679557911037447,0.1683817260220453,-3.0231544073006772e-06,0.02008125,1.0961999999999998,-0.15946875,0.03067008,0.1581426,0.0335454
19.879406889900565,5.204170427930421e-18,4.830224029207845,-0.546240371721701,-0.015679557911037447,0.1683817260220453,-3.0231544073006772e-06,0.02244375,1.09501875,-0.15946875,0.02971164,0.15622572,0.03546228
19.890325034037232,5.204170427930421e-18,4.830224029207845,-0.546240371721701,-0.015679557911037447,0.1683817260220453,-3.0231544073006772e-06,0.02953125,1.09738125,-0.1535625,0.01821036,0.15430884,0.02300256
19.898456010967493,5.204170427930421e-18,4.830224029207845,-0.546240371721701,-0.015679557911037447,0.1683817260220453,-3.0231544073006772e-06,0.02716875,1.0938374999999998,-0.15474374999999999,-0.02204412,0.15430884,0.03546228
19.908213233575225,5.204170427930421e-18,4.830224029207845,-0.546240371721701,-0.015679557911037447,0.1683817260220453,-3.0231544073006772e-06,0.03307499999999999,1.09738125,-0.15001874999999998,0.02108568,0.15718416,0.03929604
19.920083852484822,5.204170427930421e-18,4.830224029207845,-0.546240371721701,-0.015679557911037447,0.1683817260220453,-3.0231544073006772e-06,0.028349999999999997,1.0961999999999998,-0.17128125,0.043129799999999996,0.15047507999999998,0.03067008
19.92927253432572,5.204170427930421e-18,4.830224029207845,-0.546240371721701,-0.015679557911037447,0.1683817260220453,-3.0231544073006772e-06,0.038981249999999995,1.09738125,-0.16183124999999998,0.03929604,0.16005947999999998,0.03067008
19.94283650442958,5.204170427930421e-18,4.830224029207845,-0.546240371721701,-0.015679557911037447,0.1683817260220453,-3.0231544073006772e-06,0.03307499999999999,1.0961999999999998,-0.1535625,0.02971164,0.16005947999999998,0.01725192
19.949256606400013,5.204170427930421e-18,4.830224029207845,-0.546240371721701,-0.015679557911037447,0.1683817260220453,-3.0231544073006772e-06,0.03307499999999999,1.100925,-0.15946875,0.03450384,0.16005947999999998,0.02012724
19.95938835851848,5.204170427930421e-18,4.830224029207845,-0.546240371721701,-0.015679557911037447,0.1683817260220453,-3.0231544073006772e-06,0.03307499999999999,1.0961999999999998,-0.165375,0.0575064,0.15718416,0.03162852
19.970808926969767,5.204170427930421e-18,4.830224029207845,-0.546240371721701,-0.015679557911037447,0.1683817260220453,-3.0231544073006772e-06,0.03307499999999999,1.0961999999999998,-0.16183124999999998,0.023961,0.13322316,0.02587788
19.981440318748355,5.204170427930421e-18,4.830224029207845,-0.546240371721701,-0.015679557911037447,0.1683817260220453,-3.0231544073006772e-06,0.034256249999999995,1.0961999999999998,-0.1582875,0.03067008,0.15622572,0.02204412
19.992894442752004,5.204170427930421e-18,4.830224029207845,-0.546240371721701,-0.015679557911037447,0.1683817260220453,-3.0231544073006772e-06,0.028349999999999997,1.0997437499999998,-0.15238125,0.0335454,0.15718416,0.02971164
19.99935761652887,5.204170427930421e-18,4.830224029207845,-0.546240371721701,-0.015679557911037447,0.1683817260220453,-3.0231544073006772e-06,0.028349999999999997,1.0961999999999998,-0.15710625,0.03162852,0.15718416,0.024919439999999998
20.00934673473239,5.204170427930421e-18,4.830224029207845,-0.546240371721701,-0.015679557911037447,0.1683817260220453,-3.0231544073006772e-06,0.028349999999999997,1.09738125,-0.16065,0.03642072,0.15430884,0.02779476
20.01935020275414,5.204170427930421e-18,4.830224029207845,-0.546240371721701,-0.015679557911037447,0.1683817260220453,-3.0231544073006772e-06,0.03307499999999999,1.0997437499999998,-0.15474374999999999,0.03642072,0.16005947999999998,0.02971164
20.02975921332836,5.204170427930421e-18,4.830224029207845,-0.546240371721701,-0.015679557911037447,0.1683817260220453,-3.0231544073006772e-06,0.025987499999999997,1.0938374999999998,-0.15946875,0.0335454,0.1581426,0.02683632
20.040909610688686,5.204170427930421e-18,4.830224029207845,-0.546240371721701,-0.015679557911037447,0.1683817260220453,-3.0231544073006772e-06,0.03307499999999999,1.0985625,-0.15238125,0.03067008,0.15622572,0.02779476
20.051889358088374,5.204170427930421e-18,4.830224029207845,-0.546240371721701,-0.015679557911037447,0.1683817260220453,-3.0231544073006772e-06,0.03307499999999999,1.09501875,-0.1582875,0.0287532,0.14951664,0.00862596
20.062468890100718,5.204170427930421e-18,4.830224029207845,-0.546240371721701,-0.015679557911037447,0.1683817260220453,-3.0231544073006772e-06,0.0401625,1.0961999999999998,-0.16183124999999998,0.0335454,0.15047507999999998,0.0287532
20.072942247614264,5.204170427930421e-18,4.830224029207845,-0.546240371721701,-0.015679557911037447,0.1683817260220453,-3.0231544073006772e-06,0.0307125,1.0938374999999998,-0.14883749999999998,0.03737916,0.15910104,0.0335454
20.083340790122747,5.204170427930421e-18,4.830224029207845,-0.546240371721701,-0.015679557911037447,0.1683817260220453,-3.0231544073006772e-06,0.03189375,1.09501875,-0.16065,0.0287532,0.15718416,0.02971164
20.09337122924626,5.204170427930421e-18,4.830224029207845,-0.546240371721701,-0.015679557911037447,0.1683817260220453,-3.0231544073006772e-06,0.03189375,1.0997437499999998,-0.15238125,0.02683632,0.15622572,0.03258696
20.102539097890258,5.204170427930421e-18,4.830224029207845,-0.546240371721701,-0.015679557911037447,0.1683817260220453,-3.0231544073006772e-06,0.02480625,1.0997437499999998,-0.15592499999999998,0.02587788,0.15718416,0.02587788
20.114278830587864,5.204170427930421e-18,4.830224029207845,-0.546240371721701,-0.015679557911037447,0.1683817260220453,-3.0231544073006772e-06,0.0212625,1.09738125,-0.1535625,0.043129799999999996,0.15239196,0.03067008
20.12388631887734,5.204170427930421e-18,4.830224029207845,-0.546240371721701,-0.015679557911037447,0.1683817260220453,-3.0231544073006772e-06,0.02244375,1.0985625,-0.15474374999999999,0.03450384,0.15335039999999997,0.03067008
20.134369861334562,5.204170427930421e-18,4.830224029207845,-0.546240371721701,-0.015679557911037447,0.1683817260220453,-3.0231544073006772e-06,0.02716875,1.09265625,-0.16183124999999998,0.024919439999999998,0.15239196,0.024919439999999998
20.14352585747838,5.204170427930421e-18,4.830224029207845,-0.546240371721701,-0.015679557911037447,0.1683817260220453,-3.0231544073006772e-06,0.035437500000000004,1.1021062499999998,-0.1582875,0.02204412,0.15239196,0.03450384
20.153503766283393,5.204170427930421e-18,4.830224029207845,-0.546240371721701,-0.015679557911037447,0.1683817260220453,-3.0231544073006772e-06,0.035437500000000004,1.09738125,-0.1535625,0.03450384,0.15718416,0.02971164
20.16551453061402,5.204170427930421e-18,4.830224029207845,-0.546240371721701,-0.015679557911037447,0.1683817260220453,-3.0231544073006772e-06,0.0307125,1.0938374999999998,-0.15238125,0.0527142,0.16389324,0.07667519999999999
20.175737749785185,-1.734723475976807e-18,4.830392652815938,-0.5460717481136079,-0.015684650730935678,0.16855044631927388,-3.0260576258435432e-06,0.035437500000000004,1.09738125,-0.15474374999999999,0.03642072,0.15910104,0.023961
20.18486668355763,-1.734723475976807e-18,4.830392652815938,-0.5460717481136079,-0.015684650730935678,0.16855044631927388,-3.0260576258435432e-06,0.0307125,1.0938374999999998,-0.15592499999999998,0.0287532,0.15335039999999997,0.02971164
20.194009374827147,-1.734723475976807e-18,4.830392652815938,-0.5460717481136079,-0.015684650730935678,0.16855044631927388,-3.0260576258435432e-06,0.028349999999999997,1.091475,-0.14765625000000002,0.02971164,0.16389324,0.03067008
20.203990444540977,-1.734723475976807e-18,4.830392652815938,-0.5460717481136079,-0.015684650730935678,0.16855044631927388,-3.0260576258435432e-06,0.02716875,1.0997437499999998,-0.1582875,0.0287532,0.15239196,0.02108568
20.214016817510128,-1.734723475976807e-18,4.830392652815938,-0.5460717481136079,-0.015684650730935678,0.16855044631927388,-3.0260576258435432e-06,0.028349999999999997,1.0961999999999998,-0.1535625,0.03067008,0.15910104,0.03833759999999999
20.224129106849432,-1.734723475976807e-18,4.830392652815938,-0.5460717481136079,-0.015684650730935678,0.16855044631927388,-3.0260576258435432e-06,0.02716875,1.091475,-0.15592499999999998,0.02971164,0.15622572,0.03067008
20.236444775015116,-1.734723475976807e-18,4.830392652815938,-0.5460717481136079,-0.015684650730935678,0.16855044631927388,-3.0260576258435432e-06,0.028349999999999997,1.0961999999999998,-0.15710625,0.03162852,0.15335039999999997,0.01821036
20.24638596177101,-1.734723475976807e-18,4.830392652815938,-0.5460717481136079,-0.015684650730935678,0.16855044631927388,-3.0260576258435432e-06,0.025987499999999997,1.0985625,-0.1535625,0.02012724,0.15718416,0.02971164
20.257052214816213,-1.734723475976807e-18,4.830392652815938,-0.5460717481136079,-0.015684650730935678,0.16855044631927388,-3.0260576258435432e-06,0.02716875,1.1032875,-0.15474374999999999,0.02971164,0.15335039999999997,0.04121292
20.268461229279637,-1.734723475976807e-18,4.830392652815938,-0.5460717481136079,-0.015684650730935678,0.16855044631927388,-3.0260576258435432e-06,0.0307125,1.0985625,-0.1582875,0.03162852,0.15047507999999998,0.02971164
20.277579272165895,-1.734723475976807e-18,4.830392652815938,-0.5460717481136079,-0.015684650730935678,0.16855044631927388,-3.0260576258435432e-06,0.035437500000000004,1.091475,-0.15946875,0.03162852,0.13130628,0.02971164
20.28876505419612,-1.734723475976807e-18,4.830392652815938,-0.5460717481136079,-0.015684650730935678,0.16855044631927388,-3.0260576258435432e-06,0.03189375,1.0985625,-0.16183124999999998,0.03258696,0.15910104,0.03450384
20.296546909958124,-1.734723475976807e-18,4.830392652815938,-0.5460717481136079,-0.015684650730935678,0.16855044631927388,-3.0260576258435432e-06,0.0401625,1.0985625,-0.15474374999999999,0.03258696,0.15143352,0.03450384
20.309133242815733,-1.734723475976807e-18,4.830392652815938,-0.5460717481136079,-0.015684650730935678,0.16855044631927388,-3.0260576258435432e-06,0.04134375,1.0938374999999998,-0.1630125,0.0335454,0.15239196,0.03067008
20.316301396116614,-1.734723475976807e-18,4.830392652815938,-0.5460717481136079,-0.015684650730935678,0.16855044631927388,-3.0260576258435432e-06,0.03661875,1.0961999999999998,-0.165375,0.02779476,0.15239196,0.03642072
20.328872045502067,-1.734723475976807e-18,4.830392652815938,-0.5460717481136079,-0.015684650730935678,0.16855044631927388,-3.0260576258435432e-06,0.02480625,1.091475,-0.15710625,0.03162852,0.1581426,0.03162852
20.34308764152229,-1.734723475976807e-18,4.830392652815938,-0.5460717481136079,-0.015684650730935678,0.16855044631927388,-3.0260576258435432e-06,0.023625,1.0985625,-0.1535625,0.0335454,0.15718416,0.02779476
20.348408553749323,-1.734723475976807e-18,4.830392652815938,-0.5460717481136079,-0.015684650730935678,0.16855044631927388,-3.0260576258435432e-06,0.023625,1.0985625,-0.1535625,0.0335454,0.15718416,0.02779476
20.360036730766296,-1.734723475976807e-18,4.830392652815938,-0.5460717481136079,-0.015684650730935678,0.16855044631927388,-3.0260576258435432e-06,0.02716875,1.091475,-0.1512,0.0287532,0.15526728,0.03546228
20.37260347045958,-1.734723475976807e-18,4.830392652815938,-0.5460717481136079,-0.015684650730935678,0.16855044631927388,-3.0260576258435432e-06,0.028349999999999997,1.0985625,-0.15710625,0.03833759999999999,0.1581426,0.03258696
20.37893200851977,-1.734723475976807e-18,4.830392652815938,-0.5460717481136079,-0.015684650730935678,0.16855044631927388,-3.0260576258435432e-06,0.02953125,1.0985625,-0.15474374999999999,0.03833759999999999,0.1581426,0.03258696
20.39307899400592,-1.734723475976807e-18,4.830392652815938,-0.5460717481136079,-0.015684650730935678,0.16855044631927388,-3.0260576258435432e-06,0.034256249999999995,1.09501875,-0.1582875,0.02971164,0.16964388,0.023961
20.399321138858795,5.204170427930421e-18,4.830224029207845,-0.546240371721701,-0.015679557911037447,0.1683817260220453,-3.0231544073006772e-06,0.03661875,1.09501875,-0.1535625,0.02971164,0.16389324,0.023961
20.410536147654057,5.204170427930421e-18,4.830224029207845,-0.546240371721701,-0.015679557911037447,0.1683817260220453,-3.0231544073006772e-06,0.03307499999999999,1.0997437499999998,-0.15474374999999999,0.02971164,0.15335039999999997,0.0287532
20.41919583827257,5.204170427930421e-18,4.830224029207845,-0.546240371721701,-0.015679557911037447,0.1683817260220453,-3.0231544073006772e-06,0.03307499999999999,1.1021062499999998,-0.165375,0.02971164,0.15239196,0.0287532
20.429585114121437,5.204170427930421e-18,4.830224029207845,-0.546240371721701,-0.015679557911037447,0.1683817260220453,-3.0231544073006772e-06,0.0307125,1.09738125,-0.16419375,0.03258696,0.16964388,0.06038171999999999
20.439455384388566,5.204170427930421e-18,4.830224029207845,-0.546240371721701,-0.015679557911037447,0.1683817260220453,-3.0231544073006772e-06,0.02953125,1.0985625,-0.14883749999999998,0.02779476,0.16005947999999998,0.019168799999999996
20.449468906968832,5.204170427930421e-18,4.830224029207845,-0.546240371721701,-0.015679557911037447,0.1683817260220453,-3.0231544073006772e-06,0.0378,1.0997437499999998,-0.1582875,0.02971164,0.16197636,0.03258696
20.459306810051203,5.204170427930421e-18,4.830224029207845,-0.546240371721701,-0.015679557911037447,0.1683817260220453,-3.0231544073006772e-06,0.0378,1.09738125,-0.15238125,0.03162852,0.15718416,0.03067008
20.46904225461185,5.204170427930421e-18,4.830224029207845,-0.546240371721701,-0.015679557911037447,0.1683817260220453,-3.0231544073006772e-06,0.034256249999999995,1.09738125,-0.15592499999999998,0.02971164,0.14472443999999998,0.04121292
20.479273097589612,5.204170427930421e-18,4.830224029207845,-0.546240371721701,-0.015679557911037447,0.1683817260220453,-3.0231544073006772e-06,0.02480625,1.1162812500000001,-0.16891874999999998,0.02683632,0.15239196,0.02971164
20.489156015217304,5.204170427930421e-18,4.830224029207845,-0.546240371721701,-0.015679557911037447,0.1683817260220453,-3.0231544073006772e-06,0.02480625,1.1505375,-0.15001874999999998,0.00287532,0.17156075999999998,0.03546228
20.49876074679196,-4.163336342344337e-17,4.835659782963668,-0.5435510998002557,-0.0156397858225581,0.168550348378296,-3.0257790858607783e-06,0.02716875,1.0217812499999999,-0.16183124999999998,0.03546228,0.23098404,-0.03258696
20.508939953520894,-4.163336342344337e-17,4.835659782963668,-0.5435510998002557,-0.0156397858225581,0.168550348378296,-3.0257790858607783e-06,0.023625,1.0654875,-0.15238125,0.03737916,0.13801536,0.03737916
20.518987057730556,-4.163336342344337e-17,4.835659782963668,-0.5435510998002557,-0.0156397858225581,0.168550348378296,-3.0257790858607783e-06,0.02716875,1.100925,-0.146475,0.0335454,0.1581426,0.03162852
20.53468995541334,-4.163336342344337e-17,4.835659782963668,-0.5435510998002557,-0.0156397858225581,0.168550348378296,-3.0257790858607783e-06,0.02716875,1.1080124999999998,-0.15946875,0.0335454,0.15622572,0.0335454
20.543658459559083,-1.9081958235744878e-17,4.841090701060111,-0.540861284327756,-0.015599998093514988,0.16871880218416196,-3.0284007386337607e-06,0.0401625,1.1399062500000001,-0.15710625,0.0287532,0.16101792,0.02683632
20.553630148991942,-4.163336342344337e-17,4.846516778066256,-0.5381709279940167,-0.015560194763695842,0.16888708727118923,-3.0310193629979717e-06,0.0401625,1.18006875,-0.16773749999999998,0.02779476,0.15718416,0.03833759999999999
20.562771510332823,-4.163336342344337e-17,4.846516778066256,-0.5381709279940167,-0.015560194763695842,0.16888708727118923,-3.0310193629979717e-06,0.034256249999999995,1.02650625,-0.15474374999999999,0.0335454,0.15239196,0.03258696
20.573429618030787,1.0408340855860843e-17,4.851938008556027,-0.5354800334893949,-0.015520375872903993,0.16905520347109262,-3.033634956334784e-06,0.02953125,1.1021062499999998,-0.14175000000000001,0.03067008,0.1581426,0.02779476
20.583841798827052,1.0408340855860843e-17,4.851938008556027,-0.5354800334893949,-0.015520375872903993,0.16905520347109262,-3.033634956334784e-06,0.02480625,1.0607624999999998,-0.14883749999999998,0.0335454,0.15622572,0.0335454
20.59352681413293,1.0408340855860843e-17,4.851938008556027,-0.5354800334893949,-0.015520375872903993,0.16905520347109262,-3.033634956334784e-06,0.02480625,1.0985625,-0.15946875,0.02971164,0.15718416,0.0335454
20.604039730504155,1.0408340855860843e-17,4.851938008556027,-0.5354800334893949,-0.015520375872903993,0.16905520347109262,-3.033634956334784e-06,0.028349999999999997,1.1103750000000001,-0.16891874999999998,0.03642072,0.15430884,0.0335454
20.6141228787601,1.0408340855860843e-17,4.851938008556027,-0.5354800334893949,-0.015520375872903993,0.16905520347109262,-3.033634956334784e-06,0.02716875,1.09501875,-0.14765625000000002,0.03162852,0.15143352,0.0335454
20.623927887529135,1.0408340855860843e-17,4.851938008556027,-0.5354800334893949,-0.015520375872903993,0.16905520347109262,-3.033634956334784e-06,0.034256249999999995,1.0902937499999998,-0.15592499999999998,0.03546228,0.16772700000000001,0.0287532
20.633049674332142,1.0408340855860843e-17,4.851938008556027,-0.5354800334893949,-0.015520375872903993,0.16905520347109262,-3.033634956334784e-06,0.03307499999999999,1.09501875,-0.1535625,0.0335454,0.15526728,0.02108568
20.64447269961238,1.0408340855860843e-17,4.851938008556027,-0.5354800334893949,-0.015520375872903993,0.16905520347109262,-3.033634956334784e-06,0.02244375,1.0985625,-0.15592499999999998,0.02683632,0.15622572,0.02971164
20.654005233198404,1.0408340855860843e-17,4.851938008556027,-0.5354800334893949,-0.015520375872903993,0.16905520347109262,-3.033634956334784e-06,0.035437500000000004,1.1021062499999998,-0.15946875,0.05846484,0.16005947999999998,0.02204412
20.664416598156095,1.0408340855860843e-17,4.851938008556027,-0.5354800334893949,-0.015520375872903993,0.16905520347109262,-3.033634956334784e-06,0.0307125,1.1032875,-0.16891874999999998,0.05558952,0.15622572,0.023961
20.673645790666342,1.0408340855860843e-17,4.851938008556027,-0.5354800334893949,-0.015520375872903993,0.16905520347109262,-3.033634956334784e-06,0.028349999999999997,1.0938374999999998,-0.14529375,0.01150128,0.1629348,0.024919439999999998
20.684345591813326,1.0408340855860843e-17,4.851938008556027,-0.5354800334893949,-0.015520375872903993,0.16905520347109262,-3.033634956334784e-06,0.0307125,1.0938374999999998,-0.14411249999999998,0.023961,0.15526728,0.04121292
20.693997886031866,1.0408340855860843e-17,4.851938008556027,-0.5354800334893949,-0.015520375872903993,0.16905520347109262,-3.033634956334784e-06,0.035437500000000004,1.0961999999999998,-0.15710625,0.0287532,0.15526728,0.03737916
20.704137982800603,1.0408340855860843e-17,4.851938008556027,-0.5354800334893949,-0.015520375872903993,0.16905520347109262,-3.033634956334784e-06,0.034256249999999995,1.0961999999999998,-0.1582875,0.02779476,0.15430884,0.03642072
20.714198796078563,1.0408340855860843e-17,4.851938008556027,-0.5354800334893949,-0.015520375872903993,0.16905520347109262,-3.033634956334784e-06,0.035437500000000004,1.0938374999999998,-0.15710625,0.02971164,0.1581426,0.03833759999999999
20.72613895125687,1.0408340855860843e-17,4.851938008556027,-0.5354800334893949,-0.015520375872903993,0.16905520347109262,-3.033634956334784e-06,0.028349999999999997,1.0902937499999998,-0.15592499999999998,0.04408824,0.15622572,0.02971164
20.73815716803074,1.0408340855860843e-17,4.851938008556027,-0.5354800334893949,-0.015520375872903993,0.16905520347109262,-3.033634956334784e-06,0.02480625,1.100925,-0.15001874999999998,0.0335454,0.1485582,0.03929604
20.747331546619534,1.0408340855860843e-17,4.851938008556027,-0.5354800334893949,-0.015520375872903993,0.16905520347109262,-3.033634956334784e-06,0.03189375,1.1056499999999998,-0.15001874999999998,0.01821036,0.15622572,0.0335454
20.757408369332552,1.0408340855860843e-17,4.851938008556027,-0.5354800334893949,-0.015520375872903993,0.16905520347109262,-3.033634956334784e-06,0.028349999999999997,1.09265625,-0.16655625,0.043129799999999996,0.15526728,0.0335454
20.767172761261463,1.0408340855860843e-17,4.851938008556027,-0.5354800334893949,-0.015520375872903993,0.16905520347109262,-3.033634956334784e-06,0.03189375,1.09265625,-0.1582875,0.04696356,0.15622572,0.02971164
20.778237195685506,1.0408340855860843e-17,4.851938008556027,-0.5354800334893949,-0.015520375872903993,0.16905520347109262,-3.033634956334784e-06,0.03189375,1.09501875,-0.15592499999999998,0.01725192,0.15622572,0.05463108
20.79039324633777,1.0408340855860843e-17,4.851938008556027,-0.5354800334893949,-0.015520375872903993,0.16905520347109262,-3.033634956334784e-06,0.02953125,1.1080124999999998,-0.1582875,0.02971164,0.15622572,0.02971164
20.798808628693223,1.0408340855860843e-17,4.851938008556027,-0.5354800334893949,-0.015520375872903993,0.16905520347109262,-3.033634956334784e-06,0.04134375,1.1021062499999998,-0.16065,0.03162852,0.15239196,0.03067008
20.808532716706395,1.0408340855860843e-17,4.851938008556027,-0.5354800334893949,-0.015520375872903993,0.16905520347109262,-3.033634956334784e-06,0.03189375,1.09501875,-0.16183124999999998,0.02971164,0.18785424,0.02683632
20.817856894806027,1.0408340855860843e-17,4.851938008556027,-0.5354800334893949,-0.015520375872903993,0.16905520347109262,-3.033634956334784e-06,0.0307125,1.09265625,-0.16183124999999998,0.05367264,0.12172188,0.02971164
20.82928193733096,1.0408340855860843e-17,4.851938008556027,-0.5354800334893949,-0.015520375872903993,0.16905520347109262,-3.033634956334784e-06,0.0212625,1.091475,-0.15001874999999998,0.02108568,0.1485582,0.03546228
20.843134639784694,1.0408340855860843e-17,4.851938008556027,-0.5354800334893949,-0.015520375872903993,0.16905520347109262,-3.033634956334784e-06,0.028349999999999997,1.091475,-0.15946875,0.024919439999999998,0.11309591999999999,0.06325704
20.84925857745111,1.0408340855860843e-17,4.851938008556027,-0.5354800334893949,-0.015520375872903993,0.16905520347109262,-3.033634956334784e-06,0.02716875,1.08675,-0.15946875,0.0335454,0.11309591999999999,0.06325704
20.85917948000133,1.0408340855860843e-17,4.851938008556027,-0.5354800334893949,-0.015520375872903993,0.16905520347109262,-3.033634956334784e-06,0.02953125,1.09738125,-0.165375,0.0335454,0.1629348,0.02204412
20.86826202273369,1.0408340855860843e-17,4.851938008556027,-0.5354800334893949,-0.015520375872903993,0.16905520347109262,-3.033634956334784e-06,0.0307125,1.0961999999999998,-0.15710625,0.0335454,0.15718416,0.03067008
20.879287853837013,1.0408340855860843e-17,4.851938008556027,-0.5354800334893949,-0.015520375872903993,0.16905520347109262,-3.033634956334784e-06,0.038981249999999995,1.0961999999999998,-0.14883749999999998,0.02779476,0.16005947999999998,0.0287532
20.88991802185774,1.0408340855860843e-17,4.851938008556027,-0.5354800334893949,-0.015520375872903993,0.16905520347109262,-3.033634956334784e-06,0.02716875,1.10683125,-0.15474374999999999,0.02971164,0.14568288,0.024919439999999998
20.89939968660474,1.0408340855860843e-17,4.851938008556027,-0.5354800334893949,-0.015520375872903993,0.16905520347109262,-3.033634956334784e-06,0.035437500000000004,1.1021062499999998,-0.1535625,0.03258696,0.16005947999999998,0.03450384
20.909362886101007,1.0408340855860843e-17,4.851938008556027,-0.5354800334893949,-0.015520375872903993,0.16905520347109262,-3.033634956334784e-06,0.035437500000000004,1.100925,-0.1512,0.02971164,0.16197636,0.02683632
20.920859733596444,1.0408340855860843e-17,4.851938008556027,-0.5354800334893949,-0.015520375872903993,0.16905520347109262,-3.033634956334784e-06,0.03307499999999999,1.09738125,-0.1582875,0.0287532,0.14951664,0.03833759999999999
20.93089224025607,1.0408340855860843e-17,4.851938008556027,-0.5354800334893949,-0.015520375872903993,0.16905520347109262,-3.033634956334784e-06,0.03189375,1.09501875,-0.15474374999999999,0.03067008,0.15526728,0.03162852
20.942377300933003,1.0408340855860843e-17,4.851938008556027,-0.5354800334893949,-0.015520375872903993,0.16905520347109262,-3.033634956334784e-06,0.02716875,1.100925,-0.14883749999999998,0.02971164,0.15718416,0.02971164
20.94868284277618,1.0408340855860843e-17,4.851938008556027,-0.5354800334893949,-0.015520375872903993,0.16905520347109262,-3.033634956334784e-06,0.02716875,1.0997437499999998,-0.15474374999999999,0.03162852,0.15335039999999997,0.01821036
20.960433615371585,1.0408340855860843e-17,4.851938008556027,-0.5354800334893949,-0.015520375872903993,0.16905520347109262,-3.033634956334784e-06,0.02953125,1.08556875,-0.15238125,0.03258696,0.12555564,0.03067008
20.969413466751575,1.0408340855860843e-17,4.851938008556027,-0.5354800334893949,-0.015520375872903993,0.16905520347109262,-3.033634956334784e-06,0.02953125,1.0997437499999998,-0.15238125,0.0287532,0.15047507999999998,0.043129799999999996
20.97936969436705,1.0408340855860843e-17,4.851938008556027,-0.5354800334893949,-0.015520375872903993,0.16905520347109262,-3.033634956334784e-06,0.03307499999999999,1.0997437499999998,-0.146475,0.03258696,0.1581426,0.03258696
20.99063061736524,1.0408340855860843e-17,4.851938008556027,-0.5354800334893949,-0.015520375872903993,0.16905520347109262,-3.033634956334784e-06,0.02953125,1.0879312499999998,-0.1630125,0.03162852,0.15335039999999997,0.02971164
21.000262293964624,1.0408340855860843e-17,4.851938008556027,-0.5354800334893949,-0.015520375872903993,0.16905520347109262,-3.033634956334784e-06,0.03189375,1.0997437499999998,-0.1630125,0.0335454,0.15622572,0.0287532
21.011765241622925,1.0408340855860843e-17,4.851938008556027,-0.5354800334893949,-0.015520375872903993,0.16905520347109262,-3.033634956334784e-06,0.02716875,1.100925,-0.15592499999999998,0.03067008,0.15910104,0.02779476
21.02202125824988,1.0408340855860843e-17,4.851938008556027,-0.5354800334893949,-0.015520375872903993,0.16905520347109262,-3.033634956334784e-06,0.03189375,1.1127375,-0.15001874999999998,0.02971164,0.15910104,0.03642072
21.032244313508272,1.0408340855860843e-17,4.851938008556027,-0.5354800334893949,-0.015520375872903993,0.16905520347109262,-3.033634956334784e-06,0.0378,1.0985625,-0.16065,0.0335454,0.15239196,0.03450384
21.043248027563095,1.0408340855860843e-17,4.851938008556027,-0.5354800334893949,-0.015520375872903993,0.16905520347109262,-3.033634956334784e-06,0.03189375,1.09265625,-0.1535625,0.03258696,0.1629348,0.03162852
21.054234104231,1.0408340855860843e-17,4.851938008556027,-0.5354800334893949,-0.015520375872903993,0.16905520347109262,-3.033634956334784e-06,0.035437500000000004,1.09738125,-0.15710625,0.03450384,0.15335039999999997,0.024919439999999998
21.06280741840601,1.0408340855860843e-17,4.851938008556027,-0.5354800334893949,-0.015520375872903993,0.16905520347109262,-3.033634956334784e-06,0.0307125,1.09738125,-0.15710625,0.03162852,0.15622572,0.02683632
21.07307282462716,1.0408340855860843e-17,4.851938008556027,-0.5354800334893949,-0.015520375872903993,0.16905520347109262,-3.033634956334784e-06,0.02480625,1.0938374999999998,-0.15001874999999998,0.03162852,0.15910104,0.03067008
21.08407074585557,1.0408340855860843e-17,4.851938008556027,-0.5354800334893949,-0.015520375872903993,0.16905520347109262,-3.033634956334784e-06,0.025987499999999997,1.1021062499999998,-0.1582875,0.02971164,0.16197636,0.02012724
21.093524070456624,1.0408340855860843e-17,4.851938008556027,-0.5354800334893949,-0.015520375872903993,0.16905520347109262,-3.033634956334784e-06,0.0212625,1.0997437499999998,-0.1582875,0.03450384,0.16197636,0.023961
21.10304021835327,1.0408340855860843e-17,4.851938008556027,-0.5354800334893949,-0.015520375872903993,0.16905520347109262,-3.033634956334784e-06,0.02008125,1.0985625,-0.16065,0.03258696,0.15335039999999997,0.02300256
21.117047023028135,1.0408340855860843e-17,4.851938008556027,-0.5354800334893949,-0.015520375872903993,0.16905520347109262,-3.033634956334784e-06,0.0307125,1.09265625,-0.15592499999999998,0.02779476,0.1485582,0.02587788
21.124376866966486,1.0408340855860843e-17,4.851938008556027,-0.5354800334893949,-0.015520375872903993,0.16905520347109262,-3.033634956334784e-06,0.0307125,1.10919375,-0.16419375,0.02971164,0.1581426,0.02587788
21.13712914288044,1.0408340855860843e-17,4.851938008556027,-0.5354800334893949,-0.015520375872903993,0.16905520347109262,-3.033634956334784e-06,0.028349999999999997,1.0997437499999998,-0.16655625,0.009584399999999998,0.09871932,0.03067008
21.144202392548323,1.0408340855860843e-17,4.851938008556027,-0.5354800334893949,-0.015520375872903993,0.16905520347109262,-3.033634956334784e-06,0.028349999999999997,1.1056499999999998,-0.16655625,0.01054284,0.17922828,0.02300256
21.154020346701145,1.0408340855860843e-17,4.851938008556027,-0.5354800334893949,-0.015520375872903993,0.16905520347109262,-3.033634956334784e-06,0.035437500000000004,1.100925,-0.1512,0.03450384,0.15047507999999998,0.02108568
21.16479748301208,1.0408340855860843e-17,4.851938008556027,-0.5354800334893949,-0.015520375872903993,0.16905520347109262,-3.033634956334784e-06,0.0307125,1.1056499999999998,-0.16183124999999998,0.043129799999999996,0.15047507999999998,0.0335454
21.17445476166904,1.0408340855860843e-17,4.851938008556027,-0.5354800334893949,-0.015520375872903993,0.16905520347109262,-3.033634956334784e-06,0.03307499999999999,1.0961999999999998,-0.1535625,0.03929604,0.16005947999999998,0.02587788
21.18412492610514,1.0408340855860843e-17,4.851938008556027,-0.5354800334893949,-0.015520375872903993,0.16905520347109262,-3.033634956334784e-06,0.03307499999999999,1.0902937499999998,-0.1535625,0.03450384,0.24152687999999997,-0.04025448
21.194017250090837,1.0408340855860843e-17,4.851938008556027,-0.5354800334893949,-0.015520375872903993,0.16905520347109262,-3.033634956334784e-06,0.03189375,1.09501875,-0.1512,0.03833759999999999,0.13801536,0.043129799999999996
21.203972974792123,1.0408340855860843e-17,4.851938008556027,-0.5354800334893949,-0.015520375872903993,0.16905520347109262,-3.033634956334784e-06,0.028349999999999997,1.1021062499999998,-0.15710625,0.03642072,0.15910104,0.03929604
21.214304288849235,1.0408340855860843e-17,4.851938008556027,-0.5354800334893949,-0.015520375872903993,0.16905520347109262,-3.033634956334784e-06,0.02953125,1.09265625,-0.15474374999999999,0.03067008,0.15526728,0.03929604
21.22450904175639,1.0408340855860843e-17,4.851938008556027,-0.5354800334893949,-0.015520375872903993,0.16905520347109262,-3.033634956334784e-06,0.02716875,1.100925,-0.1582875,0.03450384,0.15718416,0.02300256
21.23486129194498,1.0408340855860843e-17,4.851938008556027,-0.5354800334893949,-0.015520375872903993,0.16905520347109262,-3.033634956334784e-06,0.02953125,1.0902937499999998,-0.15592499999999998,0.03258696,0.1581426,0.03162852
21.247655333951116,1.0408340855860843e-17,4.851938008556027,-0.5354800334893949,-0.015520375872903993,0.16905520347109262,-3.033634956334784e-06,0.023625,1.09501875,-0.15592499999999998,0.03833759999999999,0.15047507999999998,0.02587788
21.258248582482338,1.0408340855860843e-17,4.851938008556027,-0.5354800334893949,-0.015520375872903993,0.16905520347109262,-3.033634956334784e-06,0.0378,1.09738125,-0.14883749999999998,0.03067008,0.16005947999999998,0.03162852
21.26691934466362,1.0408340855860843e-17,4.851938008556027,-0.5354800334893949,-0.015520375872903993,0.16905520347109262,-3.033634956334784e-06,0.0401625,1.0938374999999998,-0.16065,0.03067008,0.16005947999999998,0.03642072
21.278857741504908,1.0408340855860843e-17,4.851938008556027,-0.5354800334893949,-0.015520375872903993,0.16905520347109262,-3.033634956334784e-06,0.028349999999999997,1.100925,-0.15592499999999998,0.03546228,0.15622572,0.0335454
21.287324694916606,1.0408340855860843e-17,4.851938008556027,-0.5354800334893949,-0.015520375872903993,0.16905520347109262,-3.033634956334784e-06,0.03661875,1.0985625,-0.1512,0.02779476,0.15622572,0.02587788
21.298701141029596,1.0408340855860843e-17,4.851938008556027,-0.5354800334893949,-0.015520375872903993,0.16905520347109262,-3.033634956334784e-06,0.03189375,1.1032875,-0.1582875,0.024919439999999998,0.16389324,0.0287532
21.30871692672372,1.0408340855860843e-17,4.851938008556027,-0.5354800334893949,-0.015520375872903993,0.16905520347109262,-3.033634956334784e-06,0.02716875,1.0985625,-0.15474374999999999,0.03450384,0.16676855999999998,0.0143766
21.31879053078592,1.0408340855860843e-17,4.851938008556027,-0.5354800334893949,-0.015520375872903993,0.16905520347109262,-3.033634956334784e-06,0.0189,1.0985625,-0.15710625,0.03258696,0.15047507999999998,0.03258696
21.332604626193643,1.0408340855860843e-17,4.851938008556027,-0.5354800334893949,-0.015520375872903993,0.16905520347109262,-3.033634956334784e-06,0.02480625,1.09265625,-0.15474374999999999,0.0287532,0.15718416,0.02587788
21.340645806863904,1.0408340855860843e-17,4.851938008556027,-0.5354800334893949,-0.015520375872903993,0.16905520347109262,-3.033634956334784e-06,0.02244375,1.10919375,-0.15474374999999999,0.02108568,0.13514004,0.03162852
21.348022900521755,1.0408340855860843e-17,4.851938008556027,-0.5354800334893949,-0.015520375872903993,0.16905520347109262,-3.033634956334784e-06,0.02244375,1.10919375,-0.1582875,0.02108568,0.15718416,0.03162852
21.35845658183098,1.0408340855860843e-17,4.851938008556027,-0.5354800334893949,-0.015520375872903993,0.16905520347109262,-3.033634956334784e-06,0.02716875,1.1032875,-0.15592499999999998,0.024919439999999998,0.15526728,0.02779476
21.36849900893867,1.0408340855860843e-17,4.851938008556027,-0.5354800334893949,-0.015520375872903993,0.16905520347109262,-3.033634956334784e-06,0.0307125,1.08320625,-0.1630125,0.03162852,0.15910104,0.03067008
21.379192182794213,1.0408340855860843e-17,4.851938008556027,-0.5354800334893949,-0.015520375872903993,0.16905520347109262,-3.033634956334784e-06,0.03189375,1.1139187499999998,-0.15710625,0.02779476,0.1581426,0.02587788
21.38847628608346,1.0408340855860843e-17,4.851938008556027,-0.5354800334893949,-0.015520375872903993,0.16905520347109262,-3.033634956334784e-06,0.03661875,1.100925,-0.14529375,0.02108568,0.15430884,0.03067008
21.40044916421175,1.0408340855860843e-17,4.851938008556027,-0.5354800334893949,-0.015520375872903993,0.16905520347109262,-3.033634956334784e-06,0.02953125,1.09501875,-0.14765625000000002,0.03450384,0.1581426,0.03258696
21.409282160922885,1.0408340855860843e-17,4.851938008556027,-0.5354800334893949,-0.015520375872903993,0.16905520347109262,-3.033634956334784e-06,0.035437500000000004,1.0938374999999998,-0.16773749999999998,0.009584399999999998,0.1581426,0.03258696
21.42005339078605,1.0408340855860843e-17,4.851938008556027,-0.5354800334893949,-0.015520375872903993,0.16905520347109262,-3.033634956334784e-06,0.034256249999999995,1.0902937499999998,-0.108675,0.0335454,0.14280756,0.02300256
21.429817223921418,1.0408340855860843e-17,4.851938008556027,-0.5354800334893949,-0.015520375872903993,0.16905520347109262,-3.033634956334784e-06,0.0401625,1.0985625,-0.17482499999999998,0.048880440000000004,0.15335039999999997,0.03258696
21.439452381804585,1.0408340855860843e-17,4.851938008556027,-0.5354800334893949,-0.015520375872903993,0.16905520347109262,-3.033634956334784e-06,0.03307499999999999,1.0961999999999998,-0.16183124999999998,0.04217136,0.15910104,0.03833759999999999
21.450126245617867,1.0408340855860843e-17,4.851938008556027,-0.5354800334893949,-0.015520375872903993,0.16905520347109262,-3.033634956334784e-06,0.03189375,1.0879312499999998,-0.15710625,0.03258696,0.15430884,0.02683632
21.4592461977154,1.0408340855860843e-17,4.851938008556027,-0.5354800334893949,-0.015520375872903993,0.16905520347109262,-3.033634956334784e-06,0.02480625,1.100925,-0.1535625,0.03258696,0.15335039999999997,0.03162852
21.46910178102553,1.0408340855860843e-17,4.851938008556027,-0.5354800334893949,-0.015520375872903993,0.16905520347109262,-3.033634956334784e-06,0.0307125,1.1021062499999998,-0.14765625000000002,0.05175576,0.13801536,0.03067008
21.479248393326998,1.0408340855860843e-17,4.851938008556027,-0.5354800334893949,-0.015520375872903993,0.16905520347109262,-3.033634956334784e-06,0.02953125,1.1021062499999998,-0.15710625,0.02300256,0.15239196,0.02971164
21.48928668536246,1.0408340855860843e-17,4.851938008556027,-0.5354800334893949,-0.015520375872903993,0.16905520347109262,-3.033634956334784e-06,0.028349999999999997,1.09501875,-0.1512,0.023961,0.15526728,0.02683632
21.499415257945657,1.0408340855860843e-17,4.851938008556027,-0.5354800334893949,-0.015520375872903993,0.16905520347109262,-3.033634956334784e-06,0.02953125,1.0891125,-0.15001874999999998,0.03258696,0.16197636,0.03067008
21.5095843821764,1.0408340855860843e-17,4.851938008556027,-0.5354800334893949,-0.015520375872903993,0.16905520347109262,-3.033634956334784e-06,0.02716875,1.1021062499999998,-0.1630125,0.03067008,0.15335039999999997,0.03737916
21.520164562389255,1.0408340855860843e-17,4.851938008556027,-0.5354800334893949,-0.015520375872903993,0.16905520347109262,-3.033634956334784e-06,0.034256249999999995,1.0961999999999998,-0.14883749999999998,0.02779476,0.15718416,0.02587788
21.53060851432383,1.0408340855860843e-17,4.851938008556027,-0.5354800334893949,-0.015520375872903993,0.16905520347109262,-3.033634956334784e-06,0.034256249999999995,1.0985625,-0.15946875,0.024919439999999998,0.09967775999999999,0.06613235999999999
21.541219413280487,1.0408340855860843e-17,4.851938008556027,-0.5354800334893949,-0.015520375872903993,0.16905520347109262,-3.033634956334784e-06,0.0307125,1.10446875,-0.1582875,0.02971164,0.16485168,0.02108568
21.551466017961502,1.0408340855860843e-17,4.851938008556027,-0.5354800334893949,-0.015520375872903993,0.16905520347109262,-3.033634956334784e-06,0.0448875,1.10446875,-0.15474374999999999,0.03067008,0.14472443999999998,0.024919439999999998
21.561388777568936,1.0408340855860843e-17,4.851938008556027,-0.5354800334893949,-0.015520375872903993,0.16905520347109262,-3.033634956334784e-06,0.02480625,1.0985625,-0.1512,0.05558952,0.16964388,0.02683632
21.571344589814544,1.0408340855860843e-17,4.851938008556027,-0.5354800334893949,-0.015520375872903993,0.16905520347109262,-3.033634956334784e-06,0.025987499999999997,1.10683125,-0.15238125,0.023961,0.15335039999999997,0.02971164
21.583795722573996,1.0408340855860843e-17,4.851938008556027,-0.5354800334893949,-0.015520375872903993,0.16905520347109262,-3.033634956334784e-06,0.02244375,1.091475,-0.146475,0.03162852,0.15526728,0.0335454
21.59380905330181,1.0408340855860843e-17,4.851938008556027,-0.5354800334893949,-0.015520375872903993,0.16905520347109262,-3.033634956334784e-06,0.034256249999999995,1.10919375,-0.16065,0.0287532,0.15335039999999997,0.03258696
21.60901215672493,1.0408340855860843e-17,4.851938008556027,-0.5354800334893949,-0.015520375872903993,0.16905520347109262,-3.033634956334784e-06,0.02953125,1.100925,-0.1582875,0.0287532,0.16005947999999998,0.01821036
21.615024095401168,1.0408340855860843e-17,4.851938008556027,-0.5354800334893949,-0.015520375872903993,0.16905520347109262,-3.033634956334784e-06,0.02953125,1.1080124999999998,-0.146475,0.0287532,0.16005947999999998,0.03642072
21.622995054349303,1.0408340855860843e-17,4.851938008556027,-0.5354800334893949,-0.015520375872903993,0.16905520347109262,-3.033634956334784e-06,0.03189375,1.1032875,-0.146475,0.03450384,0.15622572,0.02683632
21.634413365274668,1.0408340855860843e-17,4.851938008556027,-0.5354800334893949,-0.015520375872903993,0.16905520347109262,-3.033634956334784e-06,0.02953125,1.0997437499999998,-0.14883749999999998,0.03067008,0.15526728,0.02683632
21.64320519939065,1.0408340855860843e-17,4.851938008556027,-0.5354800334893949,-0.015520375872903993,0.16905520347109262,-3.033634956334784e-06,0.02716875,1.1021062499999998,-0.14883749999999998,0.02971164,0.15526728,0.02683632
21.654507856816053,1.0408340855860843e-17,4.851938008556027,-0.5354800334893949,-0.015520375872903993,0.16905520347109262,-3.033634956334784e-06,0.02480625,1.0938374999999998,-0.165375,0.03546228,0.1485582,0.04408824
21.66454396210611,1.0408340855860843e-17,4.851938008556027,-0.5354800334893949,-0.015520375872903993,0.16905520347109262,-3.033634956334784e-06,0.034256249999999995,1.1056499999999998,-0.1535625,0.03737916,0.15335039999999997,0.03642072
21.674320554360747,1.0408340855860843e-17,4.851938008556027,-0.5354800334893949,-0.015520375872903993,0.16905520347109262,-3.033634956334784e-06,0.034256249999999995,1.0938374999999998,-0.15474374999999999,0.03162852,0.1581426,0.03162852
21.68493316322565,1.0408340855860843e-17,4.851938008556027,-0.5354800334893949,-0.015520375872903993,0.16905520347109262,-3.033634956334784e-06,0.023625,1.09501875,-0.15946875,0.02971164,0.1581426,0.02683632
21.694238509982824,1.0408340855860843e-17,4.851938008556027,-0.5354800334893949,-0.015520375872903993,0.16905520347109262,-3.033634956334784e-06,0.02716875,1.0985625,-0.15592499999999998,0.03258696,0.15526728,0.03162852
21.70404226332903,1.0408340855860843e-17,4.851938008556027,-0.5354800334893949,-0.015520375872903993,0.16905520347109262,-3.033634956334784e-06,0.0307125,1.10446875,-0.16183124999999998,0.03258696,0.15430884,0.023961
21.714342061430216,1.0408340855860843e-17,4.851938008556027,-0.5354800334893949,-0.015520375872903993,0.16905520347109262,-3.033634956334784e-06,0.0307125,1.0891125,-0.1535625,0.03162852,0.16485168,0.02971164
21.724005453288555,1.0408340855860843e-17,4.851938008556027,-0.5354800334893949,-0.015520375872903993,0.16905520347109262,-3.033634956334784e-06,0.02953125,1.1032875,-0.16065,0.03067008,0.15143352,0.03833759999999999
21.734166668727994,1.0408340855860843e-17,4.851938008556027,-0.5354800334893949,-0.015520375872903993,0.16905520347109262,-3.033634956334784e-06,0.025987499999999997,1.0961999999999998,-0.15710625,0.02587788,0.15430884,0.03162852
21.744238020852208,1.0408340855860843e-17,4.851938008556027,-0.5354800334893949,-0.015520375872903993,0.16905520347109262,-3.033634956334784e-06,0.028349999999999997,1.1151,-0.15238125,0.03258696,0.15239196,0.03450384
21.754353903234005,1.0408340855860843e-17,4.851938008556027,-0.5354800334893949,-0.015520375872903993,0.16905520347109262,-3.033634956334784e-06,0.04134375,1.0891125,-0.15946875,0.0287532,0.15622572,0.03258696
21.764550026506186,1.0408340855860843e-17,4.851938008556027,-0.5354800334893949,-0.015520375872903993,0.16905520347109262,-3.033634956334784e-06,0.03661875,1.09265625,-0.1582875,0.0287532,0.16581011999999998,0.02779476
21.775557566434145,1.0408340855860843e-17,4.851938008556027,-0.5354800334893949,-0.015520375872903993,0.16905520347109262,-3.033634956334784e-06,0.0307125,1.0961999999999998,-0.1630125,0.02779476,0.16868544,0.02108568
21.786011166870594,1.0408340855860843e-17,4.851938008556027,-0.5354800334893949,-0.015520375872903993,0.16905520347109262,-3.033634956334784e-06,0.02953125,1.09265625,-0.1582875,0.02587788,0.14759976,0.02683632
21.798805901780725,1.0408340855860843e-17,4.851938008556027,-0.5354800334893949,-0.015520375872903993,0.16905520347109262,-3.033634956334784e-06,0.02953125,1.1127375,-0.15710625,0.00383376,0.17826983999999998,0.02971164
21.807425890117884,1.0408340855860843e-17,4.851938008556027,-0.5354800334893949,-0.015520375872903993,0.16905520347109262,-3.033634956334784e-06,0.023625,1.1127375,-0.16065,0.04121292,0.1629348,0.02971164
21.81755543500185,1.0408340855860843e-17,4.851938008556027,-0.5354800334893949,-0.015520375872903993,0.16905520347109262,-3.033634956334784e-06,0.02480625,1.09738125,-0.14411249999999998,0.03737916,0.15430884,0.03833759999999999
21.828628350049257,1.0408340855860843e-17,4.851938008556027,-0.5354800334893949,-0.015520375872903993,0.16905520347109262,-3.033634956334784e-06,0.028349999999999997,1.0997437499999998,-0.15238125,0.03162852,0.15718416,0.03642072
21.839393593370914,1.0408340855860843e-17,4.851938008556027,-0.5354800334893949,-0.015520375872903993,0.16905520347109262,-3.033634956334784e-06,0.0307125,1.1080124999999998,-0.16891874999999998,0.02971164,0.15143352,0.03546228
21.84913001395762,1.0408340855860843e-17,4.851938008556027,-0.5354800334893949,-0.015520375872903993,0.16905520347109262,-3.033634956334784e-06,0.035437500000000004,1.0997437499999998,-0.16773749999999998,0.03450384,0.15622572,0.02108568
21.85906194522977,1.0408340855860843e-17,4.851938008556027,-0.5354800334893949,-0.015520375872903993,0.16905520347109262,-3.033634956334784e-06,0.03189375,1.10683125,-0.17128125,0.0335454,0.1485582,0.02779476
21.869114382192492,1.0408340855860843e-17,4.851938008556027,-0.5354800334893949,-0.015520375872903993,0.16905520347109262,-3.033634956334784e-06,0.034256249999999995,1.09265625,-0.17128125,0.0335454,0.15622572,0.024919439999999998
21.87998927384615,1.0408340855860843e-17,4.851938008556027,-0.5354800334893949,-0.015520375872903993,0.16905520347109262,-3.033634956334784e-06,0.02480625,1.0961999999999998,-0.1582875,0.03067008,0.143766,-0.06038171999999999
21.888404650613666,1.0408340855860843e-17,4.851938008556027,-0.5354800334893949,-0.015520375872903993,0.16905520347109262,-3.033634956334784e-06,0.02953125,1.0985625,-0.1582875,0.0335454,0.15430884,0.03546228
21.899097906425595,1.0408340855860843e-17,4.851938008556027,-0.5354800334893949,-0.015520375872903993,0.16905520347109262,-3.033634956334784e-06,0.02953125,1.0997437499999998,-0.15710625,0.03067008,0.15718416,0.03258696
21.911981848999858,1.0408340855860843e-17,4.851938008556027,-0.5354800334893949,-0.015520375872903993,0.16905520347109262,-3.033634956334784e-06,0.03189375,1.09265625,-0.14883749999999998,0.03067008,0.15335039999999997,0.02971164
21.9191084895283,1.0408340855860843e-17,4.851938008556027,-0.5354800334893949,-0.015520375872903993,0.16905520347109262,-3.033634956334784e-06,0.02953125,1.0961999999999998,-0.15238125,0.03067008,0.15430884,0.0335454
21.929042726755142,1.0408340855860843e-17,4.851938008556027,-0.5354800334893949,-0.015520375872903993,0.16905520347109262,-3.033634956334784e-06,0.0307125,1.0938374999999998,-0.16065,0.03258696,0.15718416,0.0287532
21.93939015083015,1.0408340855860843e-17,4.851938008556027,-0.5354800334893949,-0.015520375872903993,0.16905520347109262,-3.033634956334784e-06,0.02480625,1.0961999999999998,-0.16183124999999998,0.0287532,0.1581426,0.0287532
21.949217565357685,1.0408340855860843e-17,4.851938008556027,-0.5354800334893949,-0.015520375872903993,0.16905520347109262,-3.033634956334784e-06,0.0212625,1.091475,-0.15474374999999999,0.02779476,0.15335039999999997,0.03162852
21.9593850299716,1.0408340855860843e-17,4.851938008556027,-0.5354800334893949,-0.015520375872903993,0.16905520347109262,-3.033634956334784e-06,0.028349999999999997,1.1056499999999998,-0.1630125,0.00191688,0.15910104,0.0335454
21.96949694119394,1.0408340855860843e-17,4.851938008556027,-0.5354800334893949,-0.015520375872903993,0.16905520347109262,-3.033634956334784e-06,0.028349999999999997,1.0961999999999998,-0.15946875,0.05558952,0.15239196,0.03258696
21.98237146064639,1.0408340855860843e-17,4.851938008556027,-0.5354800334893949,-0.015520375872903993,0.16905520347109262,-3.033634956334784e-06,0.038981249999999995,1.0843874999999998,-0.16183124999999998,0.03833759999999999,0.16197636,0.0287532
21.993304627016187,1.0408340855860843e-17,4.851938008556027,-0.5354800334893949,-0.015520375872903993,0.16905520347109262,-3.033634956334784e-06,0.02953125,1.1080124999999998,-0.15710625,0.01725192,0.1629348,0.02012724
22.00339231826365,1.0408340855860843e-17,4.851938008556027,-0.5354800334893949,-0.015520375872903993,0.16905520347109262,-3.033634956334784e-06,0.03189375,1.08556875,-0.16065,0.04217136,0.15622572,0.02204412
22.013719702139497,1.0408340855860843e-17,4.851938008556027,-0.5354800334893949,-0.015520375872903993,0.16905520347109262,-3.033634956334784e-06,0.0378,1.09265625,-0.165375,0.02204412,0.16005947999999998,0.03450384
22.021740274503827,1.0408340855860843e-17,4.851938008556027,-0.5354800334893949,-0.015520375872903993,0.16905520347109262,-3.033634956334784e-06,0.0378,1.0961999999999998,-0.1535625,0.02683632,0.15910104,0.03067008
22.033362159505486,1.0408340855860843e-17,4.851938008556027,-0.5354800334893949,-0.015520375872903993,0.16905520347109262,-3.033634956334784e-06,0.0307125,1.1021062499999998,-0.15592499999999998,0.03067008,0.15910104,0.03737916
22.04379677027464,1.0408340855860843e-17,4.851938008556027,-0.5354800334893949,-0.015520375872903993,0.16905520347109262,-3.033634956334784e-06,0.02953125,1.0902937499999998,-0.1512,0.03258696,0.1581426,0.03067008
22.053658990189433,1.0408340855860843e-17,4.851938008556027,-0.5354800334893949,-0.015520375872903993,0.16905520347109262,-3.033634956334784e-06,0.023625,1.091475,-0.1630125,0.03162852,0.1581426,0.02779476
22.061666801571846,1.0408340855860843e-17,4.851938008556027,-0.5354800334893949,-0.015520375872903993,0.16905520347109262,-3.033634956334784e-06,0.02953125,1.09501875,-0.1630125,0.03067008,0.15910104,0.024919439999999998
22.077678602188826,1.0408340855860843e-17,4.851938008556027,-0.5354800334893949,-0.015520375872903993,0.16905520347109262,-3.033634956334784e-06,0.03189375,1.0879312499999998,-0.15238125,0.02779476,0.15526728,0.03546228
22.084030862897635,1.0408340855860843e-17,4.851938008556027,-0.5354800334893949,-0.015520375872903993,0.16905520347109262,-3.033634956334784e-06,0.03189375,1.0879312499999998,-0.15238125,0.02779476,0.15526728,0.03546228
22.093787817284465,1.0408340855860843e-17,4.851938008556027,-0.5354800334893949,-0.015520375872903993,0.16905520347109262,-3.033634956334784e-06,0.03661875,1.08675,-0.16065,0.03162852,0.15430884,0.043129799999999996
22.103442683815956,1.0408340855860843e-17,4.851938008556027,-0.5354800334893949,-0.015520375872903993,0.16905520347109262,-3.033634956334784e-06,0.02716875,1.08675,-0.1512,0.03067008,0.13226471999999997,0.0335454
22.11425910331309,1.0408340855860843e-17,4.851938008556027,-0.5354800334893949,-0.015520375872903993,0.16905520347109262,-3.033634956334784e-06,0.034256249999999995,1.0891125,-0.1582875,0.02971164,0.18689579999999997,0.04025448
22.1243490613997,1.0408340855860843e-17,4.851938008556027,-0.5354800334893949,-0.015520375872903993,0.16905520347109262,-3.033634956334784e-06,0.02716875,1.10919375,-0.15946875,0.049838879999999995,0.12651408,0.03067008
22.136037604883313,1.0408340855860843e-17,4.851938008556027,-0.5354800334893949,-0.015520375872903993,0.16905520347109262,-3.033634956334784e-06,0.0307125,1.09265625,-0.16419375,0.023961,0.15430884,0.02971164
22.14571689814329,1.0408340855860843e-17,4.851938008556027,-0.5354800334893949,-0.015520375872903993,0.16905520347109262,-3.033634956334784e-06,0.03189375,1.091475,-0.15474374999999999,0.02683632,0.16197636,0.02587788
22.154575956985354,1.0408340855860843e-17,4.851938008556027,-0.5354800334893949,-0.015520375872903993,0.16905520347109262,-3.033634956334784e-06,0.0401625,1.1056499999999998,-0.15710625,0.02971164,0.16101792,0.03258696
22.16470189206302,1.0408340855860843e-17,4.851938008556027,-0.5354800334893949,-0.015520375872903993,0.16905520347109262,-3.033634956334784e-06,0.03307499999999999,1.10919375,-0.14883749999999998,0.05367264,0.15430884,0.03162852
22.175012405961752,1.0408340855860843e-17,4.851938008556027,-0.5354800334893949,-0.015520375872903993,0.16905520347109262,-3.033634956334784e-06,0.028349999999999997,1.0902937499999998,-0.17955,0.07763364,0.15335039999999997,0.03258696
22.185296120122075,1.0408340855860843e-17,4.851938008556027,-0.5354800334893949,-0.015520375872903993,0.16905520347109262,-3.033634956334784e-06,0.03189375,1.091475,-0.15592499999999998,0.00383376,0.16101792,0.02587788
22.194407349452376,1.0408340855860843e-17,4.851938008556027,-0.5354800334893949,-0.015520375872903993,0.16905520347109262,-3.033634956334784e-06,0.028349999999999997,1.08675,-0.14883749999999998,0.02108568,0.16101792,0.024919439999999998
22.20400745421648,1.0408340855860843e-17,4.851938008556027,-0.5354800334893949,-0.015520375872903993,0.16905520347109262,-3.033634956334784e-06,0.025987499999999997,1.10446875,-0.14529375,0.03067008,0.16005947999999998,0.03546228
22.214296022430062,1.0408340855860843e-17,4.851938008556027,-0.5354800334893949,-0.015520375872903993,0.16905520347109262,-3.033634956334784e-06,0.02716875,1.09738125,-0.15238125,0.02779476,0.09488556,0.09296868
22.224099181592464,1.0408340855860843e-17,4.851938008556027,-0.5354800334893949,-0.015520375872903993,0.16905520347109262,-3.033634956334784e-06,0.028349999999999997,1.0985625,-0.14883749999999998,0.03162852,0.15335039999999997,0.02108568
22.236151158809662,1.0408340855860843e-17,4.851938008556027,-0.5354800334893949,-0.015520375872903993,0.16905520347109262,-3.033634956334784e-06,0.034256249999999995,1.0961999999999998,-0.165375,0.03067008,0.1581426,0.02300256
22.244332659989595,1.0408340855860843e-17,4.851938008556027,-0.5354800334893949,-0.015520375872903993,0.16905520347109262,-3.033634956334784e-06,0.0401625,1.0961999999999998,-0.16065,0.0335454,0.15239196,0.04121292
22.25444488041103,1.0408340855860843e-17,4.851938008556027,-0.5354800334893949,-0.015520375872903993,0.16905520347109262,-3.033634956334784e-06,0.0401625,1.0879312499999998,-0.165375,0.03162852,0.16676855999999998,0.03546228
22.26600568369031,1.0408340855860843e-17,4.851938008556027,-0.5354800334893949,-0.015520375872903993,0.16905520347109262,-3.033634956334784e-06,0.03189375,1.1021062499999998,-0.16183124999999998,0.02971164,0.16101792,0.03833759999999999
22.277367340400815,1.0408340855860843e-17,4.851938008556027,-0.5354800334893949,-0.015520375872903993,0.16905520347109262,-3.033634956334784e-06,0.028349999999999997,1.100925,-0.15946875,0.0335454,0.15143352,0.02683632
22.28830516152084,1.0408340855860843e-17,4.851938008556027,-0.5354800334893949,-0.015520375872903993,0.16905520347109262,-3.033634956334784e-06,0.02244375,1.0985625,-0.15592499999999998,0.03162852,0.15430884,0.03929604
22.29786614701152,1.0408340855860843e-17,4.851938008556027,-0.5354800334893949,-0.015520375872903993,0.16905520347109262,-3.033634956334784e-06,0.02008125,1.0985625,-0.16065,0.03162852,0.15526728,0.03929604
22.30657591484487,1.0408340855860843e-17,4.851938008556027,-0.5354800334893949,-0.015520375872903993,0.16905520347109262,-3.033634956334784e-06,0.0212625,1.091475,-0.15710625,0.03258696,0.16005947999999998,0.03067008
22.31865843012929,1.0408340855860843e-17,4.851938008556027,-0.5354800334893949,-0.015520375872903993,0.16905520347109262,-3.033634956334784e-06,0.028349999999999997,1.09738125,-0.1582875,0.03258696,0.15718416,0.03067008
22.327872682362795,1.0408340855860843e-17,4.851938008556027,-0.5354800334893949,-0.015520375872903993,0.16905520347109262,-3.033634956334784e-06,0.025987499999999997,1.0961999999999998,-0.1582875,0.03258696,0.15526728,0.03258696
22.337542260065675,1.0408340855860843e-17,4.851938008556027,-0.5354800334893949,-0.015520375872903993,0.16905520347109262,-3.033634956334784e-06,0.0307125,1.10919375,-0.15001874999999998,0.0335454,0.1293894,0.048880440000000004
22.347876949235797,1.0408340855860843e-17,4.851938008556027,-0.5354800334893949,-0.015520375872903993,0.16905520347109262,-3.033634956334784e-06,0.034256249999999995,1.10446875,-0.15592499999999998,0.02779476,0.15718416,0.03450384
22.359011994674802,1.0408340855860843e-17,4.851938008556027,-0.5354800334893949,-0.015520375872903993,0.16905520347109262,-3.033634956334784e-06,0.025987499999999997,1.0843874999999998,-0.15238125,0.024919439999999998,0.15718416,0.03258696
22.369269022718072,1.0408340855860843e-17,4.851938008556027,-0.5354800334893949,-0.015520375872903993,0.16905520347109262,-3.033634956334784e-06,0.03307499999999999,1.0961999999999998,-0.1582875,0.02300256,0.15718416,0.02683632
22.378391724079847,1.0408340855860843e-17,4.851938008556027,-0.5354800334893949,-0.015520375872903993,0.16905520347109262,-3.033634956334784e-06,0.025987499999999997,1.0961999999999998,-0.1582875,0.0287532,0.1581426,0.03067008
22.38817454688251,1.0408340855860843e-17,4.851938008556027,-0.5354800334893949,-0.015520375872903993,0.16905520347109262,-3.033634956334784e-06,0.03661875,1.0997437499999998,-0.15238125,0.03162852,0.15622572,0.03546228
22.399347798898816,1.0408340855860843e-17,4.851938008556027,-0.5354800334893949,-0.015520375872903993,0.16905520347109262,-3.033634956334784e-06,0.035437500000000004,1.0879312499999998,-0.1512,0.02683632,0.1629348,0.03258696
22.413082351908088,1.0408340855860843e-17,4.851938008556027,-0.5354800334893949,-0.015520375872903993,0.16905520347109262,-3.033634956334784e-06,0.03307499999999999,1.0997437499999998,-0.16065,0.02683632,0.16101792,0.03162852
22.419950811192393,1.0408340855860843e-17,4.851938008556027,-0.5354800334893949,-0.015520375872903993,0.16905520347109262,-3.033634956334784e-06,0.023625,1.0938374999999998,-0.1535625,0.03162852,0.15526728,0.03450384
22.42944149300456,1.0408340855860843e-17,4.851938008556027,-0.5354800334893949,-0.015520375872903993,0.16905520347109262,-3.033634956334784e-06,0.04134375,1.1032875,-0.14883749999999998,0.03067008,0.15239196,0.04217136
22.439493091776967,1.0408340855860843e-17,4.851938008556027,-0.5354800334893949,-0.015520375872903993,0.16905520347109262,-3.033634956334784e-06,0.025987499999999997,1.0997437499999998,-0.15946875,0.03258696,0.15622572,0.02300256
22.44948880933225,1.0408340855860843e-17,4.851938008556027,-0.5354800334893949,-0.015520375872903993,0.16905520347109262,-3.033634956334784e-06,0.025987499999999997,1.09738125,-0.146475,0.02012724,0.18402048,0.03258696
22.460526721552014,1.0408340855860843e-17,4.851938008556027,-0.5354800334893949,-0.015520375872903993,0.16905520347109262,-3.033634956334784e-06,0.025987499999999997,1.1021062499999998,-0.15238125,0.04217136,0.17251919999999998,0.02587788
22.46976133622229,1.0408340855860843e-17,4.851938008556027,-0.5354800334893949,-0.015520375872903993,0.16905520347109262,-3.033634956334784e-06,0.025987499999999997,1.10446875,-0.15710625,0.04121292,0.15526728,0.0335454
22.481513993814588,1.0408340855860843e-17,4.851938008556027,-0.5354800334893949,-0.015520375872903993,0.16905520347109262,-3.033634956334784e-06,0.035437500000000004,1.0891125,-0.16065,0.03450384,0.1629348,0.02683632
22.48922848701477,1.0408340855860843e-17,4.851938008556027,-0.5354800334893949,-0.015520375872903993,0.16905520347109262,-3.033634956334784e-06,0.035437500000000004,1.0985625,-0.16065,0.03642072,0.16197636,0.02012724
22.499050963670015,1.0408340855860843e-17,4.851938008556027,-0.5354800334893949,-0.015520375872903993,0.16905520347109262,-3.033634956334784e-06,0.038981249999999995,1.0985625,-0.15946875,0.03067008,0.16101792,0.02300256
22.509319577366114,8.673617379884035e-18,4.852105956952327,-0.5353120850930948,-0.015525416989545507,0.16922325857066314,-3.0365266628331992e-06,0.034256249999999995,1.1021062499999998,-0.16419375,0.03258696,0.15910104,0.024919439999999998
22.519937055185437,1.0408340855860843e-17,4.851938008556027,-0.5354800334893949,-0.015520375872903993,0.16905520347109262,-3.033634956334784e-06,0.03307499999999999,1.09738125,-0.1630125,0.03642072,0.15430884,0.02683632
22.52996962144971,1.0408340855860843e-17,4.851938008556027,-0.5354800334893949,-0.015520375872903993,0.16905520347109262,-3.033634956334784e-06,0.025987499999999997,1.09265625,-0.1630125,0.02779476,0.15526728,0.06421548
22.54352871887386,1.0408340855860843e-17,4.851938008556027,-0.5354800334893949,-0.015520375872903993,0.16905520347109262,-3.033634956334784e-06,0.03661875,1.1021062499999998,-0.16183124999999998,0.03162852,0.15622572,0.024919439999999998
22.550235329195857,1.0408340855860843e-17,4.851938008556027,-0.5354800334893949,-0.015520375872903993,0.16905520347109262,-3.033634956334784e-06,0.028349999999999997,1.091475,-0.16183124999999998,0.0287532,0.14951664,0.03162852
22.56131698563695,1.0408340855860843e-17,4.851938008556027,-0.5354800334893949,-0.015520375872903993,0.16905520347109262,-3.033634956334784e-06,0.02953125,1.09265625,-0.16065,0.03162852,0.143766,-0.047922
22.57367030531168,1.0408340855860843e-17,4.851938008556027,-0.5354800334893949,-0.015520375872903993,0.16905520347109262,-3.033634956334784e-06,0.03307499999999999,1.091475,-0.15710625,0.03067008,0.16101792,0.04025448
22.582782117649913,1.0408340855860843e-17,4.851938008556027,-0.5354800334893949,-0.015520375872903993,0.16905520347109262,-3.033634956334784e-06,0.035437500000000004,1.100925,-0.1512,0.02779476,0.16101792,0.02683632
22.593029126524925,1.0408340855860843e-17,4.851938008556027,-0.5354800334893949,-0.015520375872903993,0.16905520347109262,-3.033634956334784e-06,0.02480625,1.0902937499999998,-0.16065,0.01150128,0.15239196,0.03067008
22.603786509484053,1.0408340855860843e-17,4.851938008556027,-0.5354800334893949,-0.015520375872903993,0.16905520347109262,-3.033634956334784e-06,0.034256249999999995,1.0938374999999998,-0.15474374999999999,0.02683632,0.14759976,0.02683632
22.613258328288794,1.0408340855860843e-17,4.851938008556027,-0.5354800334893949,-0.015520375872903993,0.16905520347109262,-3.033634956334784e-06,0.028349999999999997,1.0938374999999998,-0.15710625,0.02683632,0.16197636,0.02683632
22.624088771641254,1.0408340855860843e-17,4.851938008556027,-0.5354800334893949,-0.015520375872903993,0.16905520347109262,-3.033634956334784e-06,0.03189375,1.0985625,-0.16655625,0.02012724,0.15622572,0.02683632
22.632533721625805,1.0408340855860843e-17,4.851938008556027,-0.5354800334893949,-0.015520375872903993,0.16905520347109262,-3.033634956334784e-06,0.028349999999999997,1.0985625,-0.16065,0.023961,0.16005947999999998,0.02587788
22.644865242764354,1.0408340855860843e-17,4.851938008556027,-0.5354800334893949,-0.015520375872903993,0.16905520347109262,-3.033634956334784e-06,0.0378,1.091475,-0.1582875,0.03450384,0.15718416,0.04696356
22.653357554227114,1.0408340855860843e-17,4.851938008556027,-0.5354800334893949,-0.015520375872903993,0.16905520347109262,-3.033634956334784e-06,0.0378,1.0879312499999998,-0.146475,0.0335454,0.15718416,0.03450384
22.66129888035357,1.0408340855860843e-17,4.851938008556027,-0.5354800334893949,-0.015520375872903993,0.16905520347109262,-3.033634956334784e-06,0.0307125,1.10919375,-0.1512,0.03450384,0.1581426,0.03642072
22.677557012066245,1.0408340855860843e-17,4.851938008556027,-0.5354800334893949,-0.015520375872903993,0.16905520347109262,-3.033634956334784e-06,0.02953125,1.0961999999999998,-0.1582875,0.03450384,0.16485168,0.02012724
22.68420448899269,1.0408340855860843e-17,4.851938008556027,-0.5354800334893949,-0.015520375872903993,0.16905520347109262,-3.033634956334784e-06,0.02716875,1.0997437499999998,-0.1582875,0.03450384,0.16485168,0.02012724
22.696115834638476,1.0408340855860843e-17,4.851938008556027,-0.5354800334893949,-0.015520375872903993,0.16905520347109262,-3.033634956334784e-06,0.0307125,1.1021062499999998,-0.1535625,0.0287532,0.15526728,0.0287532
22.703979466110468,1.0408340855860843e-17,4.851938008556027,-0.5354800334893949,-0.015520375872903993,0.16905520347109262,-3.033634956334784e-06,0.034256249999999995,1.09265625,-0.15946875,0.03546228,0.15622572,0.00766752
22.71478110551834,1.0408340855860843e-17,4.851938008556027,-0.5354800334893949,-0.015520375872903993,0.16905520347109262,-3.033634956334784e-06,0.03661875,1.1021062499999998,-0.16183124999999998,0.03546228,0.16005947999999998,0.03450384
22.724408192560077,1.0408340855860843e-17,4.851938008556027,-0.5354800334893949,-0.015520375872903993,0.16905520347109262,-3.033634956334784e-06,0.034256249999999995,1.0938374999999998,-0.15710625,0.03162852,0.16005947999999998,0.03258696
22.73576976917684,1.0408340855860843e-17,4.851938008556027,-0.5354800334893949,-0.015520375872903993,0.16905520347109262,-3.033634956334784e-06,0.03307499999999999,1.0891125,-0.15001874999999998,0.03162852,0.15622572,0.0287532
22.743803853169084,1.0408340855860843e-17,4.851938008556027,-0.5354800334893949,-0.015520375872903993,0.16905520347109262,-3.033634956334784e-06,0.03661875,1.0891125,-0.15001874999999998,0.02971164,0.15718416,0.02971164
22.75395592302084,1.0408340855860843e-17,4.851938008556027,-0.5354800334893949,-0.015520375872903993,0.16905520347109262,-3.033634956334784e-06,0.034256249999999995,1.0985625,-0.16655625,0.004792199999999999,0.15430884,0.03737916
22.765340510755777,1.0408340855860843e-17,4.851938008556027,-0.5354800334893949,-0.015520375872903993,0.16905520347109262,-3.033634956334784e-06,0.02953125,1.0938374999999998,-0.1535625,0.02779476,0.15239196,0.03162852
22.77437298744917,1.0408340855860843e-17,4.851938008556027,-0.5354800334893949,-0.015520375872903993,0.16905520347109262,-3.033634956334784e-06,0.025987499999999997,1.10446875,-0.16183124999999998,0.05846484,0.17251919999999998,0.0335454
22.78587583079934,1.0408340855860843e-17,4.851938008556027,-0.5354800334893949,-0.015520375872903993,0.16905520347109262,-3.033634956334784e-06,0.025987499999999997,1.1021062499999998,-0.1512,0.0335454,0.119805,0.03258696
22.79555093124509,1.0408340855860843e-17,4.851938008556027,-0.5354800334893949,-0.015520375872903993,0.16905520347109262,-3.033634956334784e-06,0.02480625,1.0938374999999998,-0.15001874999999998,0.03067008,0.1485582,0.047922
22.807503942400217,1.0408340855860843e-17,4.851938008556027,-0.5354800334893949,-0.015520375872903993,0.16905520347109262,-3.033634956334784e-06,0.034256249999999995,1.0961999999999998,-0.16065,0.02683632,0.15430884,0.03737916
22.817436480894685,1.0408340855860843e-17,4.851938008556027,-0.5354800334893949,-0.015520375872903993,0.16905520347109262,-3.033634956334784e-06,0.035437500000000004,1.091475,-0.15238125,0.02779476,0.15335039999999997,0.02683632
22.827244486659765,1.0408340855860843e-17,4.851938008556027,-0.5354800334893949,-0.015520375872903993,0.16905520347109262,-3.033634956334784e-06,0.0378,1.0879312499999998,-0.16891874999999998,0.03162852,0.15622572,0.03642072
22.83736675605178,-3.642919299551295e-17,4.849247114051405,-0.5381709279940174,-0.015560194763695852,0.16888708727118917,-3.031019362997971e-06,0.02480625,1.08675,-0.16065,0.03067008,0.15047507999999998,0.02683632
22.847536277025938,-5.724587470723463e-17,4.843826421732516,-0.5408612843277566,-0.015599998093515,0.1687188021841619,-3.0284007386337594e-06,0.02480625,1.0560375,-0.19726875,0.03450384,0.15526728,0.02683632
22.859049381688237,-2.6020852139652106e-17,4.841136606260017,-0.5435510998002562,-0.015639785822558108,0.168550348378296,-3.025779085860778e-06,0.028349999999999997,1.1458125000000001,-0.099225,0.02779476,0.15718416,0.03258696
22.86768620274961,-2.6020852139652106e-17,4.841136606260017,-0.5435510998002562,-0.015639785822558108,0.168550348378296,-3.025779085860778e-06,0.028349999999999997,1.138725,-0.099225,0.03258696,0.15718416,0.03450384
22.87925275042653,-2.6020852139652106e-17,4.841136606260017,-0.5435510998002562,-0.015639785822558108,0.168550348378296,-3.025779085860778e-06,0.0378,1.0702124999999998,-0.15238125,0.03450384,0.15526728,0.02683632
22.889139676466584,-1.734723475976807e-17,4.835711613666167,-0.5462403717217013,-0.01567955791103746,0.16838172602204526,-3.0231544073006772e-06,0.0378,1.0324125,-0.15946875,0.03258696,0.15430884,0.02779476
22.899259286001325,-2.6020852139652106e-17,4.830281785361104,-0.5489290974028205,-0.01571931431918097,0.16821293528403178,-3.0205267055781334e-06,0.034256249999999995,1.1883374999999998,-0.15592499999999998,0.03162852,0.07667519999999999,0.11788812
22.910020718351007,-3.2959746043559335e-17,4.824847126774659,-0.5516172741548878,-0.015759055007232226,0.16804397633304657,-3.0178959833208513e-06,0.03189375,1.0583999999999998,-0.1535625,0.02971164,0.15526728,0.02108568
22.91895011626184,-6.938893903907228e-18,4.819407643341489,-0.5543048992897273,-0.01579877993545056,0.16787484933804836,-3.01526224315955e-06,0.034256249999999995,1.06194375,-0.16183124999999998,-0.01533504,0.15526728,0.02204412
22.92934280820191,-3.469446951953614e-18,4.813963340501077,-0.5569919701197138,-0.015838489064111033,0.16770555446816424,-3.012625487727971e-06,0.0307125,1.15644375,-0.15592499999999998,0.024919439999999998,0.18785424,0.02587788
22.939443418756127,-3.122502256758253e-17,4.803060298380552,-0.5623644381174013,-0.015917859763937742,0.16736646178108538,-3.0073429416040143e-06,0.02716875,1.01115,-0.16891874999999998,0.05079732,0.14759976,0.02587788
22.949298972263932,-2.949029909160572e-17,4.794916743258028,-0.5677346566580869,-0.01599716678922967,0.16702669962818018,-3.0020483660791566e-06,0.03189375,1.0288687499999998,-0.26814374999999996,0.04408824,0.15526728,0.03162852
22.960381356999278,-6.938893903907228e-18,4.77851350563472,-0.5757857197503196,-0.016116007243548544,0.16651580412404687,-2.994083994005839e-06,0.028349999999999997,1.1694375000000001,-0.08859375,0.03929604,0.16101792,0.02971164
22.96908456273377,-1.214306433183765e-17,4.756877552794981,-0.5890213094020935,-0.01631905061410347,0.16583233756619856,-2.9836989946324857e-06,0.0448875,1.1517187500000001,-0.30003749999999996,0.03162852,0.13993224,0.02683632
22.97930897399783,-6.938893903907228e-18,4.743213989628158,-0.5970578962846516,-0.016437540366241538,0.16531794489254037,-2.97567138724746e-06,0.042525,1.0524937499999998,-0.19608749999999997,0.03258696,0.15335039999999997,0.03546228
22.990291168913245,-8.673617379884035e-18,4.729534438897947,-0.6050891096501738,-0.016555882173611015,0.1648020643580397,-2.967616998765478e-06,0.03661875,1.0489499999999998,-0.19490624999999998,0.02971164,0.16005947999999998,0.03833759999999999
22.999591069296002,-2.949029909160572e-17,4.688589314436195,-0.6318200844521864,-0.016949272709867548,0.16307177662744507,-2.9405765506529965e-06,0.0448875,1.2096,-0.18073124999999998,0.0287532,0.15526728,0.04121292
23.009951317682862,5.204170427930421e-18,4.661113781783026,-0.647828513039157,-0.01718449594656436,0.16202576546482766,-2.924210960605818e-06,0.03189375,1.08320625,-0.1724625,0.0287532,0.15622572,0.02683632
23.019469141960144,-1.214306433183765e-17,4.631379629896681,-0.6717972477608933,-0.017536168158819438,0.16044582383618147,-2.8994653764773807e-06,0.023625,1.0489499999999998,-0.354375,0.02971164,0.14184912,0.04504668
23.02977462671697,-1.9081958235744878e-17,4.61230042493921,-0.6850898228533122,-0.017730929639839046,0.15956245468382801,-2.885616219756729e-06,0.0118125,1.0206,-0.13229999999999997,0.0287532,0.15526728,0.03162852
23.043057832866907,-2.0816681711721685e-17,4.560614162417645,-0.7222168572553755,-0.018273887974870416,0.1570678701626283,-2.846455905742701e-06,0.02953125,1.0524937499999998,-0.23034374999999999,0.0287532,0.16101792,0.03737916
23.04946882277727,-2.7755575615628914e-17,4.536242582075117,-0.7407277461160924,-0.018544030600210967,0.1558090028034363,-2.826666053039781e-06,0.02480625,1.0524937499999998,-0.23034374999999999,0.0287532,0.1485582,0.03737916
23.060646302998066,0.0,4.495117616964332,-0.7671086870611785,-0.01892836906313477,0.15399739251200378,-2.798154810302322e-06,0.035437500000000004,1.0406812499999998,-0.203175,0.03833759999999999,0.15335039999999997,0.03642072
23.07278313487768,-1.734723475976807e-17,4.455003003053095,-0.8012888350465504,-0.019425173458263365,0.15161930398086707,-2.760672302542682e-06,0.034256249999999995,0.9709875,-0.20435625,0.03546228,0.1581426,0.03642072
23.08054682984948,-1.0408340855860843e-17,4.40564270440202,-0.8327196803298014,-0.01988085018035314,0.14940139353524007,-2.7256588228780254e-06,0.03307499999999999,1.0158749999999999,-0.3024,0.03546228,0.16101792,0.02683632
23.09317172691226,-3.8163916471489756e-17,4.35488673248542,-0.8744401672758338,-0.020483954429560164,0.14641076973362532,-2.6783645208104476e-06,0.035437500000000004,0.9804375,-0.19726875,0.03833759999999999,0.15622572,0.03258696
23.10417685098946,-4.336808689942018e-17,4.327870630170139,-0.8954064612920312,-0.020776801225707266,0.14471225845138808,-2.6512034934738175e-06,0.038981249999999995,1.0560375,-0.20789999999999997,0.00191688,0.17251919999999998,0.0335454
23.112353624776006,1.3877787807814457e-17,4.257904234187375,-0.9470981709838052,-0.021519686691935807,0.14089555264959436,-2.5906523897704006e-06,0.038981249999999995,1.0135125,-0.24215625,0.04217136,0.17251919999999998,0.03067008
23.123903350904584,-2.2551405187698492e-17,4.222991501055636,-0.9728032522666792,-0.0218879199011685,0.1389659698104599,-2.5599867217381147e-06,0.0189,0.87058125,-0.2149875,0.03833759999999999,0.14951664,0.02971164
23.133907411247492,-1.5612511283791264e-17,4.176824076877781,-1.0035207153260322,-0.02232690724298156,0.13663214411990543,-2.522850275235658e-06,0.02953125,1.0017,-0.25515,0.0335454,0.12843096,0.023961
23.14365237392485,-6.071532165918825e-17,4.121688040693488,-1.0493245859765366,-0.02297934022484645,0.13309462113110368,-2.4664661272899932e-06,0.03661875,1.0784812499999998,-0.26814374999999996,0.03162852,0.10351152,0.02204412
23.155026141554117,-2.2551405187698492e-17,4.073161062619437,-1.082194576318529,-0.023445923532336224,0.13051285901422355,-2.425246199327175e-06,0.017718750000000002,0.9863437499999999,-0.25869374999999994,0.04504668,0.09009336,0.03162852
23.167681518942118,-6.938893903907228e-18,4.024356714481282,-1.1247000199214643,-0.024057891604015023,0.12730461774026353,-2.3741902496991933e-06,0.03307499999999999,1.0253249999999998,-0.24215625,0.019168799999999996,0.10351152,0.024919439999999998
23.174371421337128,0.0,3.9955595807330546,-1.1471776529144009,-0.02437503924425042,0.125485841720317,-2.34506749123983e-06,0.02008125,1.0099687499999999,-0.3024,0.01533504,0.09967775999999999,0.02204412
23.18416546098888,-1.734723475976807e-18,3.929951228905681,-1.196897310480039,-0.0254494241256112,0.12143258885020997,-2.2836814219794e-06,0.02244375,1.05721875,-0.193725,0.03642072,0.08721804000000001,0.03162852
23.194238808006048,-1.734723475976807e-17,3.8842128077290843,-1.2362443437350357,-0.02600862730651855,0.1181357679122265,-2.230796616351408e-06,0.02480625,0.9308249999999999,-0.25515,0.04025448,0.08338427999999999,0.03833759999999999
23.207881620153785,-1.5612511283791264e-17,3.863894028981987,-1.253359746237117,-0.02625119336507688,0.11668384898035077,-2.207479134419877e-06,0.038981249999999995,1.0418625,-0.0968625,0.04121292,0.09009336,0.03258696
23.215883081778884,-2.6020852139652106e-17,3.8289220487587414,-1.2851232329620008,-0.02642620913435116,0.11374623823996823,-2.1574881720291587e-06,0.038981249999999995,0.9556312499999999,-0.18545625,0.04600512,0.095844,0.02971164
23.225141301751137,-3.9898639947466563e-17,3.8163960998966884,-1.2976491818240536,-0.026577850157130666,0.11227851518386418,-2.1333779895666217e-06,0.03661875,0.9036562499999999,-0.1535625,0.03067008,0.06134016,0.03067008
23.237580889835954,-1.3877787807814457e-17,3.803755590779257,-1.310289690941485,-0.02645352082623619,0.11057738497936609,-2.1027022571864563e-06,0.03307499999999999,0.92964375,-0.29176874999999997,0.009584399999999998,0.06613235999999999,0.01821036
23.24620490334928,-1.214306433183765e-17,3.7804005036545614,-1.3336447780661809,-0.026680363611409286,0.10697711110432227,-2.0427380837877027e-06,0.03307499999999999,0.95799375,-0.37681875,0.01725192,0.01629348,0.0
23.259031446650624,-2.42861286636753e-17,3.7693109405186798,-1.3447343412020631,-0.026748229297741098,0.10463229275971268,-2.0032485398752143e-06,0.023625,0.8623124999999999,-0.31539375,0.02779476,0.01341816,0.03067008
23.269009286537766,6.938893903907228e-18,3.7482446854837725,-1.3658005962369704,-0.026925158432996477,0.10098284274313382,-1.9421818094286463e-06,0.02008125,0.88239375,-0.4701375,0.02779476,0.004792199999999999,0.0287532
23.277757866308093,-2.0816681711721685e-17,3.7308907826291247,-1.3831544990916174,-0.026844077080356975,0.09447828173174756,-1.8312143533549036e-06,0.035437500000000004,0.81860625,-0.43824375,0.02779476,0.02204412,0.0287532
23.287307450547814,-3.642919299551295e-17,3.7139060226657667,-1.4033477525533373,-0.02703823931199074,0.08944266487337135,-1.7473219291227391e-06,0.035437500000000004,0.7678124999999999,-0.34728749999999997,0.03067008,0.01821036,0.02204412
23.29954825900495,-1.3877787807814457e-17,3.6931393183867662,-1.4241144568323387,-0.026761394788191412,0.07944226986696407,-1.576067918423193e-06,0.028349999999999997,0.8481375,-0.32720625,0.03450384,0.02683632,0.02012724
23.30786569416523,-2.0816681711721685e-17,3.675888473513117,-1.441365301705987,-0.026638823711002624,0.0729108474078235,-1.4645927821441032e-06,0.04134375,0.8434124999999999,-0.32720625,0.03162852,-0.00095844,0.03450384
23.3186826556921,-3.122502256758253e-17,3.6406351259391476,-1.476618649279957,-0.026309859007507447,0.05898096941601325,-1.2266465331520208e-06,0.02953125,0.8445937499999999,-0.40162499999999995,0.0287532,0.02012724,0.043129799999999996
23.3292997777462,-3.469446951953614e-18,3.6226344675805127,-1.4946193076385927,-0.026100146771419336,0.05158351439123618,-1.100190392403565e-06,0.035437500000000004,0.8386874999999999,-0.26578125,0.03067008,0.023961,0.03546228
23.33907205797732,-1.734723475976807e-17,3.5929339972297947,-1.5243197779893092,-0.02601472958335724,0.04296482653487967,-9.537546033477518e-07,0.03661875,0.84223125,-0.411075,0.03833759999999999,0.023961,0.0335454
23.348533771932125,-8.673617379884035e-18,3.568118156727324,-1.5491356184917802,-0.02533096844178397,0.028637141786335238,-7.077130082341733e-07,0.028349999999999997,0.84223125,-0.24924375,0.03067008,0.02971164,0.02971164
23.359502356499434,-1.3877787807814457e-17,3.538055714194931,-1.5791980610241736,-0.025149520135122425,0.019418179407683513,-5.508484624692257e-07,0.028349999999999997,0.8339624999999999,-0.23034374999999999,0.03162852,-0.00766752,0.03258696
23.372991390526295,3.469446951953614e-18,3.5125120683841926,-1.6047417068349112,-0.024307894536762444,0.004234556245958858,-2.8995098411879933e-07,0.028349999999999997,0.8481375,-0.24806249999999996,0.02683632,0.00095844,0.0287532
23.378920037299395,-3.469446951953614e-18,3.474821836604169,-1.6424319386149353,-0.02346418882098428,-0.01286185692314994,2.9422004795027425e-09,0.03307499999999999,0.8481375,-0.45359999999999995,0.02683632,-0.02779476,0.0287532
23.38993732444942,-1.734723475976807e-18,3.4412343524249063,-1.672810929295836,-0.023108119169809697,-0.022807029458471163,1.7247292470730091e-07,0.0307125,0.7701749999999999,-0.43588125,0.03258696,-0.05079732,0.01725192
23.399420192465186,-1.734723475976807e-18,3.4134505654072598,-1.7005947163134822,-0.0218590470929915,-0.04045610783325397,4.760952553709744e-07,0.0307125,0.7182,-0.34728749999999997,0.03642072,-0.05558952,0.03162852
23.411695977672935,-1.214306433183765e-17,3.388580933922769,-1.7222507402547538,-0.021186929510080988,-0.050032519823372465,6.416326791594703e-07,0.03189375,0.89893125,-0.3992625,0.03450384,-0.05942328,0.03737916
23.42431847937405,-1.5612511283791264e-17,3.350136083946521,-1.7606955902310024,-0.01991668375443181,-0.06842081060706273,9.571161628140104e-07,0.02480625,0.76899375,-0.429975,0.02779476,-0.09488556,0.03162852
23.431383622810245,-2.862293735361732e-17,3.331362070828663,-1.77946960334886,-0.019269698093390866,-0.07723229953473308,1.10828570869336e-06,0.023625,0.7701749999999999,-0.429975,0.02779476,-0.06325704,0.0335454
23.443379869684577,8.673617379884035e-19,3.3015278682065636,-1.809303805970959,-0.01866748243103626,-0.08724828638683013,1.2792740405369774e-06,0.023625,0.7819875,-0.38154375,0.0335454,-0.095844,0.0287532
23.45400874130428,8.673617379884035e-19,3.27585706038031,-1.8349746137972123,-0.017184657132503094,-0.10311848889527427,1.55246998982542e-06,0.028349999999999997,0.78316875,-0.29176874999999997,0.0335454,-0.08338427999999999,0.0287532
23.462132528424263,-8.673617379884035e-18,3.2392644865394544,-1.8683484692636012,-0.01654114659355747,-0.11304126650924914,1.7215524121072445e-06,0.028349999999999997,0.78316875,-0.49966875,0.03258696,-0.08338427999999999,0.01150128
23.47387714125216,9.107298248878237e-18,3.2151155443416686,-1.8924974114613873,-0.014964580594847924,-0.12758571900246166,1.973483581363807e-06,0.02953125,0.7973437499999999,-0.4843125,0.0287532,-0.12076343999999999,0.02204412
23.4836738537997,1.1709383462843448e-17,3.1960480958046937,-1.9115648599983626,-0.0142562577022282,-0.13509325138926576,2.1021092070735413e-06,0.03307499999999999,0.72765,-0.3945375,0.02971164,-0.09201024,0.0
23.492790561169386,-6.938893903907228e-18,3.1613483344408713,-1.9462646213621841,-0.012860273067057462,-0.14877271507142217,2.3365406495067057e-06,0.03661875,0.72765,-0.50085,0.03067008,-0.1293894,0.03258696
23.50462748296559,-1.474514954580286e-17,3.143418830070671,-1.9641941257323845,-0.012162098660057213,-0.15532592620103366,2.4487443435639753e-06,0.02716875,0.713475,-0.458325,0.03642072,-0.11597124,0.03929604
23.5143044218421,-5.637851296924623e-18,3.115489096445387,-1.992123859357668,-0.011500679048794394,-0.16253713863241803,2.5714161257966197e-06,0.02953125,0.73119375,-0.50085,0.03258696,-0.11597124,0.0287532
23.523967506363988,5.312590645178972e-18,3.094265042790547,-2.013347913012509,-0.010149269607628499,-0.17260639550650006,2.744542450944323e-06,0.02953125,0.73591875,-0.4181625,0.0335454,-0.18018672,0.023961
23.534159069880843,-3.74049749507499e-18,3.0707503715914553,-2.040081302586068,-0.009475465800941671,-0.1789651274349291,2.8525709379176657e-06,0.03189375,0.7465499999999999,-0.45005625,0.02971164,-0.22044119999999998,0.02971164
23.545887442305684,-9.75781955236954e-18,3.050778184735951,-2.0600534894415716,-0.008087308090649328,-0.18797729443118125,3.00752576303716e-06,0.02244375,0.704025,-0.57999375,0.03067008,-0.20510615999999998,0.03737916
23.55793901719153,1.431146867680866e-17,3.033357640256323,-2.077474033921201,-0.007438511654419305,-0.19264112157654678,3.0870373908608368e-06,0.035437500000000004,0.7182,-0.5504625,0.02204412,-0.23385936,0.0335454
23.565308194607496,-8.239936510889834e-18,2.999680101924962,-2.1111515722525613,-0.006173852061838077,-0.20108128268318193,3.2307816657757754e-06,0.035437500000000004,0.7252875,-0.5079374999999999,0.03258696,-0.23385936,0.02971164
23.57477506995201,-2.6020852139652106e-18,2.970045255572075,-2.1407864186054484,-0.005561642329709208,-0.2058123321561515,3.310335947012564e-06,0.02716875,0.7205625,-0.42879375,0.03737916,-0.143766,0.0335454
23.58820411749184,0.0,2.9543208993047037,-2.156510774872819,-0.004965489199710317,-0.20924457613307362,3.368649227052384e-06,0.025987499999999997,0.7111124999999999,-0.5362874999999999,0.02779476,-0.24344376,0.03258696
23.594009136781096,-7.37257477290143e-18,2.920383240583177,-2.1904484335943453,-0.003328119206663143,-0.2171879474002334,3.503953541943558e-06,0.03189375,0.7111124999999999,-0.65205,0.02971164,-0.23385936,0.01533504
23.604441670700908,-4.336808689942018e-18,2.9060855979551685,-2.2047460762223547,-0.0028549897983069384,-0.21948771663960526,3.5427232146352765e-06,0.035437500000000004,0.65086875,-0.5079374999999999,0.02108568,-0.26452943999999995,0.02971164
23.61795838177204,-6.938893903907228e-18,2.8779332904351667,-2.2328983837423566,-0.0024193423414905634,-0.22221944449858977,3.587711949143154e-06,0.025987499999999997,0.6638625,-0.66031875,0.0287532,-0.23769312,0.03833759999999999
23.62544240616262,-2.6020852139652106e-18,2.8614892631990934,-2.2493424109784295,-0.0015572362181520082,-0.2253324211670287,3.640560807020028e-06,0.02953125,0.6591374999999999,-0.62724375,0.03450384,-0.27028008,0.03929604
23.636129066348076,0.0,2.8312836058473296,-2.2795480683301927,-0.0011625475325794223,-0.2275430853763244,3.6763328546110168e-06,0.03189375,0.6615,-0.56818125,0.02779476,-0.2491944,0.02683632
23.64600550197065,-4.336808689942018e-18,2.8162379961594004,-2.2945936780181224,-0.0004549611347185291,-0.22965446041432325,3.7118887577008234e-06,0.025987499999999997,0.66031875,-0.48549375,0.03067008,-0.23769312,0.02779476
23.657253013923764,-1.0408340855860843e-17,2.800649117373887,-2.3101825568036354,-0.00012838366413074273,-0.23081807725043468,3.730806528819289e-06,0.02480625,0.66268125,-0.533925,0.03642072,-0.25302816,0.03450384
23.667039504274726,-1.0408340855860843e-17,2.772100681507089,-2.3387309926704334,0.00039402877935184634,-0.2325720314035199,3.7588947779058155e-06,0.043706249999999995,0.66740625,-0.6591374999999999,0.02300256,-0.20893992,0.03450384
23.6763549502939,-7.806255641895632e-18,2.757475476402412,-2.3533561977751107,0.0005892054530651026,-0.23325190288410105,3.7694690209092974e-06,0.04843125,0.66268125,-0.6236999999999999,0.02971164,-0.22331652,0.0287532
23.689410381019115,8.673617379884035e-19,2.727483970211766,-2.3833477039657565,0.0009013224125946685,-0.23436108597645863,3.7861907243696427e-06,0.042525,0.65795625,-0.52801875,0.03162852,-0.24823595999999998,0.03450384
23.699301935732365,-2.6020852139652106e-18,2.7136274287848687,-2.397204245392654,0.0010450317240063402,-0.23480610897993906,3.7927548165561893e-06,0.0307125,0.66031875,-0.53983125,0.02683632,-0.25686192,0.03450384
23.707657672464848,-6.071532165918825e-18,2.685280002133051,-2.425551672044471,0.00121850293125635,-0.23537499091774494,3.798391032937709e-06,0.03307499999999999,0.65086875,-0.5540062499999999,0.03067008,-0.25686192,0.043129799999999996
23.718781674280763,3.469446951953614e-18,2.6706922935630097,-2.4401393806145126,0.0013099776020979877,-0.2356763007934817,3.802386816710978e-06,0.034256249999999995,0.6544125,-0.505575,0.03450384,-0.25302816,0.0335454
23.72930995747447,-7.806255641895632e-18,2.6564016363007514,-2.454430037876771,0.0013450964584396743,-0.23589723685147218,3.80499894969326e-06,0.02716875,0.62724375,-0.515025,0.03067008,-0.25302816,0.03450384
23.738364193588495,-1.474514954580286e-17,2.6286002389115866,-2.4822314352659363,0.0013581912685642007,-0.23622241952299028,3.8082662250479025e-06,0.02008125,0.62724375,-0.5717249999999999,0.03067008,-0.27794759999999996,0.03258696
23.7494297940284,4.336808689942018e-18,2.6150711829714055,-2.4957604912061178,0.0013645352217625827,-0.23634958534780576,3.80932870112929e-06,0.02008125,0.5941687499999999,-0.5717249999999999,0.03546228,-0.27794759999999996,0.02108568
23.762781850993633,-5.204170427930421e-18,2.587487728504063,-2.52334394567346,0.0013190056585519827,-0.23652257059318996,3.8100012000703576e-06,0.028349999999999997,0.6048,-0.6260625,0.04025448,-0.287532,0.03258696
23.76867851614952,-9.540979117872439e-18,2.5734748223197133,-2.537356851857809,0.0012958741474547427,-0.23657947310947783,3.809820036949156e-06,0.035437500000000004,0.6048,-0.628425,0.04025448,-0.287532,0.03258696
23.779104197397828,-1.0408340855860843e-17,2.5519851242248524,-2.5620601574958894,0.0013065432483765765,-0.23662579844722645,3.8086105140466127e-06,0.02953125,0.6012562499999999,-0.6449625,0.04121292,-0.287532,0.03258696
23.790176885202527,-4.336808689942018e-18,2.538829211940703,-2.575216069780038,0.0011702177102612165,-0.236642073871448,3.809712801152326e-06,0.034256249999999995,0.628425,-0.6650437499999999,0.0335454,-0.27698915999999996,0.03642072
23.799571633338928,1.734723475976807e-18,2.5271353280359516,-2.5869099536847915,0.0011450006124756659,-0.23661138136990245,3.8082457862229434e-06,0.0307125,0.5540062499999999,-0.6236999999999999,0.03833759999999999,-0.29424108000000004,0.03833759999999999
23.811006106436253,-3.469446951953614e-18,2.4989280598532067,-2.621529091610912,0.0009315119172961842,-0.23644393758919105,3.8065018062550047e-06,0.025987499999999997,0.5469187499999999,-0.5717249999999999,0.03162852,-0.27794759999999996,0.03546228
23.81977435387671,-1.0408340855860843e-17,2.4872372634911444,-2.6332198879729756,0.00090520311347331,-0.2363193417494258,3.8034620926397795e-06,0.028349999999999997,0.6260625,-0.5693625,0.01821036,-0.2923242,0.07284144
23.83103753812611,-9.540979117872439e-18,2.4790740746538753,-2.6445813325985332,0.0008249220363173776,-0.23618639881249906,3.802269294035221e-06,0.025987499999999997,0.5823562499999999,-0.57526875,0.02587788,-0.27507228,0.02012724
23.84092261455953,-2.6020852139652106e-18,2.4614674104101315,-2.665381128975587,0.0008301923806384175,-0.23579669662708225,3.7940367358624515e-06,0.023625,0.69575625,-0.637875,0.024919439999999998,-0.27698915999999996,0.0287532
23.85359713435173,2.6020852139652106e-18,2.4542053054284243,-2.675831239242492,0.0008028894780971484,-0.2355731639912762,3.7894263829503446e-06,0.025987499999999997,0.5929875,-0.6933937499999999,0.043129799999999996,-0.27698915999999996,0.01725192
23.8616104144603,-1.1275702593849246e-17,2.4374456729502176,-2.69577374696978,0.0007474145834614511,-0.23505557593888354,3.7790889576627898e-06,0.03189375,0.56345625,-0.56818125,0.02683632,-0.2827398,0.02587788
23.873983675614,0.0,2.43515271961083,-2.704417047972608,0.0007190874106591132,-0.2347918950519623,3.7739430997175506e-06,0.028349999999999997,0.5410124999999999,-0.6615,0.03450384,-0.28849043999999996,0.02204412
23.883736684918404,0.0,2.419461898895519,-2.723275334751936,0.0006621882252538704,-0.23410329810258151,3.7607993984424246e-06,0.03189375,0.67449375,-0.685125,0.0287532,-0.27986448,0.03450384
23.892857186496258,1.0408340855860843e-17,2.417982511321476,-2.7310742230812703,0.000602671445262081,-0.23381228574798296,3.755262351831096e-06,0.035437500000000004,0.67449375,-0.71229375,0.0287532,-0.27507228,0.03450384
23.90533301793039,4.336808689942018e-18,2.40815596466039,-2.7471996742775757,0.0005440565624458119,-0.23302329770098734,3.7406399815987976e-06,0.0307125,0.62724375,-0.5953499999999999,0.0287532,-0.25494503999999996,0.03162852
23.912962382659316,-2.6020852139652106e-18,2.4036382560450997,-2.754859103701098,0.00045298040324273994,-0.2326790180389657,3.7342233713852174e-06,0.03189375,0.62724375,-0.6296062499999999,0.0287532,-0.25686192,0.03162852
23.92335446923971,-5.204170427930421e-18,2.403253775417848,-2.7615115473174665,0.00039214866519693414,-0.23232113864487652,3.72765323481374e-06,0.02953125,0.6685875,-0.6969375,0.03258696,-0.24536064,0.02971164
23.934312861412764,1.9081958235744878e-17,2.3955842910172565,-2.775428335652768,0.00011473560413136985,-0.23170167855849744,3.7161428190563763e-06,0.0307125,0.628425,-0.5776312499999999,0.03067008,-0.24631908,0.04696356
23.94293856807053,-1.1275702593849246e-17,2.39585957313412,-2.781379673427004,-4.057754552642262e-05,-0.23145156355179083,3.7114886846395107e-06,0.0307125,0.5729062500000001,-0.5776312499999999,0.03067008,-0.25015284,0.02779476
23.954908402636647,-6.071532165918825e-18,2.389658559121325,-2.793786598380815,-0.00022815266838615775,-0.23057029977973292,3.6956741371575203e-06,0.03189375,0.43706249999999996,-0.666225,0.03258696,-0.2587788,0.024919439999999998
23.96438334695995,-1.734723475976807e-18,2.3867214151488265,-2.7998189242069165,-0.0006678333347820819,-0.23071579734880351,3.6978215193683503e-06,0.03307499999999999,0.5646374999999999,-0.5894437499999999,0.03929604,-0.23290091999999998,0.03833759999999999
23.97450714930892,-3.469446951953614e-18,2.386332345399557,-2.809462407922758,-0.0009215776103923207,-0.23000385852254263,3.6851507802840496e-06,0.0307125,0.5717249999999999,-0.6012562499999999,0.04025448,-0.24248532,0.03737916
23.98433541879058,1.734723475976807e-18,2.3939139052335894,-2.814147311303692,-0.0016268143274173609,-0.23061676232070194,3.6974487837866865e-06,0.03189375,0.4984875,-0.6886687499999999,0.04217136,-0.23290091999999998,0.03833759999999999
23.993915557861328,-1.3010426069826053e-17,2.391122810515996,-2.823040401517537,-0.0022118706059940305,-0.23010368926296487,3.6944602518673243e-06,0.03307499999999999,0.47722499999999995,-0.61543125,0.0143766,-0.26740476,0.023961
24.00430545397103,7.37257477290143e-18,2.395851340233393,-2.830453268530404,-0.002993491589029393,-0.230362203174424,3.6986645109060212e-06,0.028349999999999997,0.6166125,-0.7052062499999999,0.02204412,-0.2539866,0.03450384
24.015878658741713,7.806255641895632e-18,2.398300193154192,-2.8340437682780513,-0.0034608256999006408,-0.23049418319302573,3.702898247000444e-06,0.0401625,0.61425,-0.7016625,0.024919439999999998,-0.27890603999999997,0.023961
24.024098897352815,-2.168404344971009e-18,2.4100770698810363,-2.8372736545952466,-0.004504112319844024,-0.23171936612101826,3.7278408138096558e-06,0.02480625,0.5103,-0.5882624999999999,0.024919439999999998,-0.2683632,0.03737916
24.034006426110864,1.214306433183765e-17,2.4098219244418355,-2.8434947947728455,-0.0054660658643070695,-0.23208739316407165,3.7341234129652887e-06,0.02953125,0.57526875,-0.7111124999999999,0.03067008,-0.30765924,0.03067008
24.044154394418,-3.469446951953614e-18,2.422731769767902,-2.8454079512852726,-0.005964180478782635,-0.23249218070307784,3.741041437684407e-06,0.02716875,0.5480999999999999,-0.6355124999999999,0.03833759999999999,-0.28178136000000004,0.04600512
24.054234145209193,2.168404344971009e-18,2.4280474039860427,-2.8489229242051657,-0.006459950496713621,-0.23226266074827512,3.7373253172507917e-06,0.03189375,0.5705437499999999,-0.543375,0.03546228,-0.27986448,0.0335454
24.064355866983533,4.553649124439119e-18,2.4315037912877897,-2.8513272283852302,-0.007459107869239107,-0.23316299667331217,3.752767648444147e-06,0.03189375,0.5232937499999999,-0.5835374999999999,0.0335454,-0.27411384,0.03737916
24.074471993371844,-8.890457814381136e-18,2.444336509752811,-2.853053738039712,-0.007984307033059544,-0.23312056126054795,3.7523572846560345e-06,0.0307125,0.6414187499999999,-0.6532312499999999,0.01054284,-0.31436832,0.02108568
24.084595860913396,-4.336808689942018e-19,2.448666761472651,-2.8545101161849242,-0.008984251078886276,-0.23396184744672727,3.76683269639868e-06,0.034256249999999995,0.6804,-0.5599124999999999,0.04217136,-0.31436832,0.03258696
24.098020089790225,8.348356728138384e-18,2.465379184495436,-2.8550302143929462,-0.009421192239089929,-0.23427384327045506,3.7722284812126247e-06,0.035437500000000004,0.6166125,-0.51620625,0.03450384,-0.30190859999999997,0.03546228
24.10807767882943,1.4094628242311558e-18,2.4706099368347765,-2.8555011030867954,-0.010315073881372275,-0.23456924240338467,3.777752311645036e-06,0.02716875,0.55755,-0.53746875,0.03546228,-0.30382548,0.02300256
24.11786912754178,9.974659986866641e-18,2.4874045849820554,-2.8556834606166848,-0.01071955657297821,-0.23484424308426385,3.7825129726425192e-06,0.0307125,0.5906250000000001,-0.6048,0.03546228,-0.30190859999999997,0.03162852
24.127251463010907,1.1248597539537109e-17,2.4942325614789453,-2.8544717714180443,-0.011071688231688886,-0.2346369488439758,3.7796415086018347e-06,0.03307499999999999,0.6071624999999999,-0.5977125,0.04025448,-0.30190859999999997,0.0335454
24.13815193809569,4.336808689942018e-19,2.5027347653256955,-2.8543538762525826,-0.011813998585223976,-0.2351340140283326,3.7882774730110183e-06,0.023625,0.5268375,-0.55755,0.03546228,-0.28849043999999996,0.04121292
24.146960930898786,-2.1141942363467336e-18,2.518229205938911,-2.852726104681879,-0.012196812607821697,-0.23511185219024794,3.7884561035495447e-06,0.023625,0.6650437499999999,-0.50675625,0.03162852,-0.38145912,0.03067008
24.160036528483033,-6.288372600415926e-18,2.5269735426113886,-2.8522373401525356,-0.012810246806398258,-0.23547483579268277,3.7948095316419646e-06,0.0307125,0.5705437499999999,-0.5421937499999999,0.03833759999999999,-0.3642072,0.02012724
24.167303266003728,5.421010862427522e-18,2.541147182849965,-2.8517153661880275,-0.013051610294755881,-0.2355712265892246,3.7965997399436517e-06,0.028349999999999997,0.6012562499999999,-0.5421937499999999,0.03450384,-0.31245144,0.04025448
24.17914448492229,-1.6263032587282567e-18,2.551538019165734,-2.849450837123438,-0.013458454472628043,-0.2356007691460605,3.797690625097706e-06,0.03307499999999999,0.6130687499999999,-0.6213375,0.0287532,-0.28849043999999996,0.0335454
24.189961409196258,5.854691731421724e-18,2.5679266471266535,-2.8491689243758986,-0.013671184814562379,-0.23571372250272285,3.799677041546857e-06,0.03189375,0.5764499999999999,-0.55636875,0.0335454,-0.28849043999999996,0.02971164
24.19794424623251,-9.75781955236954e-19,2.5785824255913496,-2.846493408913073,-0.013857933543712581,-0.2356085274852882,3.7985136149379096e-06,0.03189375,0.5906250000000001,-0.48903749999999996,0.02779476,-0.28849043999999996,0.0335454
24.206400990486145,-7.37257477290143e-18,2.587301946061343,-2.8457053257990577,-0.014187541765860096,-0.23576611918027188,3.8013584643131483e-06,0.028349999999999997,0.6922125,-0.666225,0.03929604,-0.311493,0.0287532
24.219224387779832,-2.6020852139652106e-18,2.604825322943524,-2.843898061599705,-0.01429137233452307,-0.2357053537078037,3.8007164538564013e-06,0.0307125,0.6768562499999999,-0.4701375,0.0287532,-0.31053456,0.03258696
24.231989569962025,4.336808689942018e-19,2.6156317389659374,-2.8434601145259575,-0.014470605592082617,-0.23579304953846733,3.802292009354024e-06,0.0307125,0.6496875,-0.5103,0.03067008,-0.29615796,0.03450384
24.24077625758946,-5.421010862427522e-18,2.6332240525752337,-2.8438023478123986,-0.014566025840090329,-0.23587503727637898,3.8036059594859983e-06,0.02953125,0.58708125,-0.6130687499999999,0.023961,-0.311493,0.02971164
24.250029491260648,-8.890457814381136e-18,2.6534445779325737,-2.841247996153037,-0.014661918167981043,-0.23577712019319402,3.802473970537178e-06,0.034256249999999995,0.65795625,-0.6024375,0.0287532,-0.30095015999999997,0.03642072
24.25914383865893,3.0357660829594124e-18,2.663398121967662,-2.84126858075233,-0.014692666275790616,-0.2357983869601088,3.8028293578165867e-06,0.03661875,0.5894437499999999,-0.5953499999999999,0.03067008,-0.2923242,0.0335454
24.269399905577302,4.336808689942018e-19,2.680036824852061,-2.8418725783864143,-0.014698863420903315,-0.23583884674870295,3.8033914288241166e-06,0.038981249999999995,0.6248812499999999,-0.6166125,0.024919439999999998,-0.28849043999999996,0.03642072
24.28033925779164,-1.214306433183765e-17,2.690658044611634,-2.840982902485811,-0.014720283497257639,-0.23579907211959955,3.802898039604292e-06,0.028349999999999997,0.6071624999999999,-0.59889375,0.023961,-0.2683632,0.02683632
24.289540521800518,-4.336808689942018e-19,2.7086484082810838,-2.8421899538344673,-0.014732703719534324,-0.23587904035991827,3.8040057611356912e-06,0.03307499999999999,0.7182,-0.5610937500000001,0.03258696,-0.28849043999999996,0.024919439999999998
24.299754025414586,-8.673617379884035e-19,2.7193416062353957,-2.84096231988106,-0.014689545662538429,-0.23577780335825826,3.802542617941897e-06,0.03189375,0.6248812499999999,-0.5764499999999999,0.02779476,-0.2923242,0.023961
24.312307626008987,-8.673617379884035e-19,2.728411944620834,-2.841268580752329,-0.014692666275790607,-0.2357983869601087,3.8028293578165854e-06,0.0378,0.7583624999999999,-0.5362874999999999,0.03450384,-0.28944887999999996,0.02587788
24.323711946606636,6.7220534694101275e-18,2.748281507033041,-2.8421703145452337,-0.0147019399465667,-0.235858722894987,3.803666759394886e-06,0.02953125,0.6402375,-0.70875,0.04408824,-0.28082292000000003,0.02683632
24.333476865664124,-2.168404344971009e-18,2.7567809966349803,-2.8427572600577453,-0.014708048888724911,-0.23589776759214828,3.8042060092937866e-06,0.03189375,0.666225,-0.34964999999999996,0.04121292,-0.31724364,0.02683632
24.343308666720986,-2.3852447794681098e-18,2.7727741731813493,-2.8446680323130353,-0.01463648333396228,-0.23597104853189538,3.8050429836773686e-06,0.0189,0.7004812499999999,-0.5362874999999999,0.02971164,-0.37762536,0.03258696
24.35306403785944,-1.0299920638612292e-17,2.7805131073065,-2.8457463254122946,-0.014249365636293082,-0.23580834871183826,3.8020639929286948e-06,0.035437500000000004,0.533925,-0.5315625,0.056547959999999994,-0.35558123999999997,0.02683632
24.36402991786599,-8.023096076392733e-18,2.796081913139997,-2.8475417742998,-0.013961330699394668,-0.23576134497043905,3.800867265447819e-06,0.03307499999999999,0.6544125,-0.732375,0.0143766,-0.26261256,0.03067008
24.374081233516335,-1.6371452804531117e-17,2.803381984552247,-2.8487884525564366,-0.01375943512609476,-0.2357364944573714,3.800154700434445e-06,0.025987499999999997,0.6733125,-0.751275,0.02683632,-0.24536064,0.0335454
24.38423133827746,-1.951563910473908e-18,2.8187245587970784,-2.850267938529275,-0.013436686971255713,-0.23566650580357545,3.79860301501959e-06,0.03189375,0.6992999999999999,-0.70284375,0.02204412,-0.17060232,0.04121292
24.394396463409066,-4.119968255444917e-18,2.8262476025210987,-2.851019936201432,-0.013383521955085943,-0.23570848651825027,3.799121358108335e-06,0.0401625,0.6426,-0.6933937499999999,0.02683632,-0.24152687999999997,0.04600512
24.4055951628834,-8.782037597132586e-18,2.833722606038799,-2.8517291379204046,-0.013330050043362107,-0.23574955716254958,3.7996283030025685e-06,0.0307125,0.72765,-0.6886687499999999,0.023961,-0.26548787999999995,0.03642072
24.413731552660465,-1.1926223897340549e-18,2.848450461394004,-2.8530966622270695,-0.013347030002573205,-0.23590840061505303,3.8019323085081485e-06,0.0307125,0.6213375,-0.6886687499999999,0.03258696,-0.28178136000000004,0.02779476
24.423940926790237,-1.6263032587282567e-18,2.85409741404921,-2.853391456502751,-0.013319927264524106,-0.23592672433296627,3.802153541609327e-06,0.02716875,0.6012562499999999,-0.656775,0.08625959999999999,-0.28657356,0.03737916
24.433903453871608,-6.505213034913027e-19,2.866787666543012,-2.854365426658958,-0.013271363719619877,-0.23601625784011215,3.8033572622701227e-06,0.0307125,0.60361875,-0.656775,0.04408824,-0.30574236,0.03642072
24.44644420966506,-8.348356728138384e-18,2.8722012314216894,-2.854722178810279,-0.013214573216688022,-0.23603275508949803,3.803512990908896e-06,0.02244375,0.62251875,-0.6532312499999999,0.00095844,-0.28082292000000003,0.02587788
24.454280918464065,-1.0733601507606494e-17,2.8847474781996785,-2.8554394740414795,-0.013039612095730091,-0.23604735758467432,3.803489031801881e-06,0.0212625,0.5658187499999999,-0.6768562499999999,0.03546228,-0.30190859999999997,0.03067008
24.464474890381098,-6.0173220572945496e-18,2.890102218729286,-2.8556830436140883,-0.012919540535564808,-0.2360285671386104,3.8030671631296173e-06,0.0307125,0.6118874999999999,-0.6532312499999999,0.01054284,-0.28561512,0.03258696
24.4743556343019,2.4936649967166602e-18,2.8989886476515685,-2.856012191239077,-0.012677057471249954,-0.23597252956797504,3.801958361908747e-06,0.0378,0.5658187499999999,-0.65795625,0.004792199999999999,-0.30286704,0.03833759999999999
24.484876584261656,-1.0137290312739466e-17,2.909449843929675,-2.8564197521645975,-0.012560950827145548,-0.23600665428823286,3.8023209992780517e-06,0.02716875,0.70284375,-0.656775,0.02587788,-0.28944887999999996,0.03162852
24.49427987076342,1.2468324983583301e-18,2.914765442598747,-2.8564607172542065,-0.012282741281199324,-0.23589399700347513,3.8003487462770343e-06,0.03661875,0.6402375,-0.6496875,0.02683632,-0.30670079999999994,0.02971164
24.504231229424477,-6.911788849595091e-19,2.9201236774117154,-2.856407105203436,-0.011909801766033429,-0.23570973711769017,3.7971780914614628e-06,0.034256249999999995,0.5315625,-0.6638625,0.04408824,-0.2491944,0.03737916
24.514521399512887,6.572975670693371e-19,2.927025904073975,-2.8564968293362276,-0.011726445355956964,-0.23566528352181426,3.796310766410914e-06,0.0307125,0.62724375,-0.65086875,0.03258696,-0.25590348,0.01629348
24.528467286378145,-2.236166980751353e-18,2.932294527975637,-2.856411447685421,-0.01141556774558711,-0.23550551756370347,3.793545210381545e-06,0.034256249999999995,0.61425,-0.65205,0.03450384,-0.26452943999999995,0.024919439999999998
24.53617326542735,-1.6059744679941534e-17,2.9407503184970714,-2.85647859739169,-0.01126413648702381,-0.2355043397654166,3.7933808089360724e-06,0.023625,0.62724375,-0.65205,0.03450384,-0.311493,0.03067008
24.547007102519274,9.134403303190375e-18,2.944304447747569,-2.8562930755248104,-0.010951437261674926,-0.2353082112448121,3.7900332622046316e-06,0.02953125,0.6260625,-0.6544125,0.03833759999999999,-0.28561512,0.03162852
24.5587390139699,-1.2685165418080402e-17,2.9526744998546937,-2.8562430022070195,-0.0107677515778759,-0.2352817547084729,3.789453727822477e-06,0.038981249999999995,0.7182,-0.65559375,0.0287532,-0.2587788,0.03067008
24.56663304567337,-7.426784881525705e-18,2.956067534627421,-2.85613730813824,-0.010612207061764651,-0.2352034820497853,3.7880858213283853e-06,0.038981249999999995,0.6213375,-0.66268125,0.0335454,-0.2587788,0.023961
24.581060245633125,-6.5052130349130266e-18,2.9595594015205795,-2.855909533137407,-0.010330499632082664,-0.2350131341267164,3.7848312356791596e-06,0.04134375,0.6402375,-0.6473249999999999,0.03258696,-0.28082292000000003,0.03067008
24.587919518351555,-4.824699667560495e-18,2.9677607256983585,-2.8557666396862116,-0.0101774801419944,-0.23501249193905102,3.7846978259487167e-06,0.04134375,0.5646374999999999,-0.6473249999999999,0.03833759999999999,-0.28082292000000003,0.02300256
24.59959248267114,1.6805133673525319e-18,2.9711902052325763,-2.8555197789955367,-0.009927007694866024,-0.2348403024135846,3.7817487769821064e-06,0.016537499999999997,0.71465625,-0.66976875,0.024919439999999998,-0.287532,0.03067008
24.607139876112342,-8.456776945386935e-18,2.9776389104884777,-2.8553663782929695,-0.009835707537061929,-0.23486918789440553,3.78214489565233e-06,0.0212625,0.6213375,-0.66976875,0.03067008,-0.2587788,0.02683632
24.61874216608703,-1.951563910473908e-18,2.981006762994982,-2.8551111863150482,-0.009616569617035305,-0.23472050908958833,3.779593233342061e-06,0.02244375,0.63669375,-0.6544125,0.02971164,-0.28944887999999996,0.0287532
24.6280764862895,-3.2526065174565133e-18,2.9874075719955173,-2.854865652622375,-0.00949340358345728,-0.23472029024117355,3.779505205974967e-06,0.02244375,0.7406437499999999,-0.6615,0.03067008,-0.29615796,0.03737916
24.639560505747795,-9.540979117872439e-18,2.990619022215112,-2.8546967925609623,-0.009400216072331904,-0.23468980987571142,3.778950280770545e-06,0.016537499999999997,0.6780375,-0.656775,0.03162852,-0.27123852,0.05942328
24.64869411662221,-5.5294310796760726e-18,2.9939425940663487,-2.854392429612446,-0.009180886801186438,-0.23453426699680824,3.7762844825020775e-06,0.0378,0.6780375,-0.6591374999999999,0.03162852,-0.25686192,0.03737916
24.65934630855918,1.734723475976807e-18,2.998639173619,-2.8541807971673903,-0.009119750902424707,-0.23456579451562945,3.776759936492468e-06,0.028349999999999997,0.7819875,-0.66031875,0.03450384,-0.28082292000000003,0.01821036
24.669537691399455,-6.830473686658678e-18,3.0003363986580105,-2.853966850846071,-0.008962772357108047,-0.23443815641787444,3.7745850368841946e-06,0.02008125,0.6615,-0.65559375,0.03450384,-0.28369824,0.03642072
24.6799975913018,-6.613633252161577e-18,3.0050582768003675,-2.8536596771363785,-0.008838470774292301,-0.23440570633670077,3.773982811371718e-06,0.038981249999999995,0.6933937499999999,-0.6532312499999999,0.03067008,-0.27986448,0.03546228
24.69138897396624,2.168404344971009e-18,3.006747336671467,-2.8534304699308013,-0.008681498943764484,-0.2342734409530927,3.7717291198711527e-06,0.03661875,0.76545,-0.66740625,0.02971164,-0.27028008,0.0335454
24.69999242760241,-6.505213034913027e-19,3.0113978803888917,-2.853124317335932,-0.008588590325301806,-0.23427356144443168,3.7716806836912214e-06,0.02716875,0.713475,-0.65795625,0.0287532,-0.28082292000000003,0.03450384
24.71003113500774,1.3010426069826053e-18,3.0145157310072275,-2.8528734072709723,-0.008495106513262837,-0.2342400154557377,3.771081012300065e-06,0.02244375,0.7205625,-0.65559375,0.03067008,-0.2923242,0.024919439999999998
24.720021564513445,2.168404344971009e-19,3.0162250094645406,-2.8525887987226435,-0.008306666417454658,-0.23406833522486237,3.768160282124584e-06,0.02716875,0.7016625,-0.6591374999999999,0.0335454,-0.26740476,0.03546228
24.72980055771768,-8.998878031629687e-18,3.019360188182582,-2.8522853519638085,-0.008181685564565007,-0.233998161176308,3.7669416818307587e-06,0.02953125,0.7666312499999999,-0.666225,0.03258696,-0.31532676,0.08625959999999999
24.740857541561127,-8.673617379884035e-18,3.021104810332943,-2.8519477890319402,-0.007961894557330916,-0.23378166741910328,3.763259891809154e-06,0.0307125,0.61070625,-0.6615,0.03450384,-0.27028008,0.02587788
24.74931582994759,1.0842021724855044e-19,3.022854696910669,-2.8515990886205973,-0.007742229413416603,-0.23355678703203442,3.7594335863224574e-06,0.0378,0.7441875,-0.6638625,-0.009584399999999998,-0.26165412,0.03067008
24.759238086640835,-1.0299920638612292e-17,3.025931860060628,-2.8513066730482057,-0.007648748922421176,-0.23351872093842624,3.7587596978036303e-06,0.02953125,0.71465625,-0.6685875,0.07092456,-0.27507228,0.0287532
24.769370693713427,-1.0408340855860843e-17,3.0276420751358835,-2.8509800165993857,-0.007460654371638332,-0.23332380643054917,3.7554397567517763e-06,0.02244375,0.8327812499999999,-0.6449625,0.047922,-0.30478392,0.03067008
24.7795850597322,-3.0357660829594124e-18,3.0307011343882655,-2.850670437357392,-0.007367183696160394,-0.2332843966185714,3.754744306182385e-06,0.02480625,0.6213375,-0.6532312499999999,0.04504668,-0.29040731999999997,0.0335454
24.791050255298615,-1.452830911130576e-17,3.0324086747201453,-2.8503288156599815,-0.007179228849189522,-0.23308253979247323,3.751305325792629e-06,0.025987499999999997,0.70756875,-0.6496875,0.03067008,-0.30765924,0.02587788
24.800915656611323,-6.288372600415926e-18,3.034034659184933,-2.8500628670926655,-0.007054099521209917,-0.23295871179940308,3.7491901465764983e-06,0.035437500000000004,0.656775,-0.6615,0.03067008,-0.25494503999999996,0.02108568
24.813640462234616,-9.540979117872439e-18,3.0356595068984973,-2.8497921711795353,-0.006929017676044237,-0.23283280398666023,3.74703933164637e-06,0.0378,0.70284375,-0.656775,0.024919439999999998,-0.27411384,0.048880440000000004
24.82286088168621,-3.0357660829594124e-18,3.037326607917587,-2.8494733365096927,-0.00677266182862416,-0.23266162593915743,3.744119017159837e-06,0.02953125,0.7524562499999999,-0.656775,0.024919439999999998,-0.28082292000000003,0.048880440000000004
24.83199752867222,-1.973247953923618e-17,3.0389057814681872,-2.8492365425088866,-0.006679005998588293,-0.232574753423624,3.7426308715005383e-06,0.02953125,0.61070625,-0.65559375,0.02971164,-0.28465668,0.02683632
24.84248596802354,-1.973247953923618e-17,3.039173893718148,-2.848968430258926,-0.006491230220618243,-0.23230794256403742,3.73809529045282e-06,0.034256249999999995,0.6532312499999999,-0.6650437499999999,0.03067008,-0.29903328,0.03067008
24.85253961198032,-3.903127820947816e-18,3.0407078289753886,-2.848770986409646,-0.0064289474295401465,-0.2322628881308731,3.7373175866623648e-06,0.03189375,0.7619062499999999,-0.6532312499999999,0.03450384,-0.28849043999999996,0.02683632
24.864880746230483,-9.324138683375338e-18,3.040985797803282,-2.8484930175817524,-0.006241390419806745,-0.2319863338950505,3.7326137763887712e-06,0.028349999999999997,0.6733125,-0.6544125,0.03833759999999999,-0.27123852,0.03162852
24.87407705746591,-1.0625181290357943e-17,3.042470968703482,-2.848338448611187,-0.006210404491135366,-0.231986578039999,3.732606608098818e-06,0.035437500000000004,0.6449625,-0.656775,0.0287532,-0.27507228,0.0335454
24.884183330461383,-9.540979117872439e-18,3.0426131201196265,-2.8481962971950425,-0.006116703423766537,-0.23184517476384986,3.730200725797861e-06,0.035437500000000004,0.7371,-0.6532312499999999,0.03546228,-0.28561512,0.02587788
24.893996769562364,-1.3877787807814457e-17,3.0428059302539423,-2.8480034870607267,-0.005991839755835365,-0.231653391454971,3.7269368424299517e-06,0.02480625,0.73591875,-0.6496875,0.03067008,-0.2827398,0.02587788
24.903569085523486,-1.0842021724855044e-17,3.042854717272806,-2.847954700041863,-0.005960636741361505,-0.23160486637387695,3.7261108698180163e-06,0.02480625,0.72646875,-0.65795625,0.03162852,-0.28465668,0.03546228
24.914358969777822,-6.7220534694101275e-18,3.0431021568365626,-2.8477072604781064,-0.005804700644129475,-0.2313587678743074,3.7219210374871654e-06,0.02953125,0.72765,-0.6615,0.0335454,-0.29328264000000004,0.03833759999999999
24.92438510619104,-6.7220534694101275e-18,3.0446342731239784,-2.8474998553113995,-0.005742595005416089,-0.2313091315216997,3.721064765593576e-06,0.034256249999999995,0.741825,-0.6650437499999999,0.02971164,-0.2971164,0.02779476
24.93781183473766,-5.204170427930421e-18,3.044940316033417,-2.8471938124019607,-0.005555708057703643,-0.23100480449000946,3.7158814108337197e-06,0.03661875,0.732375,-0.6544125,0.03737916,-0.2923242,0.02683632
24.944986196234822,-1.691355389077387e-17,3.0450964849340747,-2.847037643501303,-0.005462340152172212,-0.2308495217222265,3.71323587235792e-06,0.02716875,0.732375,-0.65795625,0.03737916,-0.2971164,0.02683632
24.955372730270028,-3.2526065174565133e-18,3.046733429294021,-2.8467195181284306,-0.005338139565510618,-0.23069246816596084,3.710548918331001e-06,0.028349999999999997,0.8670374999999999,-0.65795625,0.03258696,-0.25494503999999996,0.02779476
24.96495964191854,1.0842021724855044e-18,3.0485862926864615,-2.8461795802706047,-0.005089786670563867,-0.23031756234710785,3.7041482134975045e-06,0.028349999999999997,0.637875,-0.656775,0.03258696,-0.26069568,0.06325704
24.97440019994974,-5.637851296924623e-18,3.051637243689939,-2.8457367947331806,-0.004966018587446124,-0.23020895592563162,3.702276409607601e-06,0.035437500000000004,0.68630625,-0.656775,0.0335454,-0.29615796,0.03067008
24.984272338449955,-8.456776945386935e-18,3.0521434942866246,-2.845230544136495,-0.0046870649229806376,-0.2297058512940717,3.693696454792509e-06,0.03189375,0.8209687499999999,-0.6615,0.00862596,-0.28561512,0.02300256
24.99406169168651,-1.5178830414797062e-18,3.0541341441872722,-2.844535131559122,-0.0043778891840358936,-0.22918452027950634,3.6847920086427833e-06,0.02244375,0.713475,-0.65559375,0.03642072,-0.28944887999999996,0.023961
25.003973862156272,2.168404344971009e-18,3.0585708272227716,-2.8439487633292853,-0.004254766201789824,-0.22912657789112564,3.683775816468795e-06,0.0307125,0.798525,-0.6638625,0.03642072,-0.27411384,0.024919439999999998
25.018334222957492,1.0842021724855044e-18,3.060631061856742,-2.843160163631024,-0.003915676847041312,-0.22852334216874065,3.673470065223459e-06,0.025987499999999997,0.73355625,-0.65559375,0.02683632,-0.33641244000000003,0.01150128
25.026323014870286,-1.4094628242311558e-17,3.0651557157083182,-2.8424149867851476,-0.003731342110960208,-0.22833909335128294,3.6702999971455356e-06,0.034256249999999995,0.7938,-0.65559375,0.02971164,-0.29328264000000004,0.03258696
25.037652535364032,-1.5178830414797062e-17,3.067428686477561,-2.841390028217914,-0.0033015714083885774,-0.22751187041760218,3.6561633234177633e-06,0.025987499999999997,0.704025,-0.6532312499999999,0.0287532,-0.23673468,0.03737916
25.046274157240987,-1.0842021724855044e-18,3.07185879979908,-2.840668493630582,-0.0031486541499186975,-0.2273825635694969,3.6539332995079136e-06,0.03189375,0.66976875,-0.6591374999999999,0.03258696,-0.27603072,0.0287532
25.05838342756033,-9.107298248878237e-18,3.0736183046355525,-2.8401333582942527,-0.0029651880852181772,-0.22705224248324354,3.6482825739397005e-06,0.0307125,0.76899375,-0.6615,0.0335454,-0.2923242,0.02300256
25.066119456663728,-4.336808689942018e-19,3.0770752437216844,-2.8391074157364367,-0.002629587527720697,-0.22644353330576936,3.63786673323382e-06,0.038981249999999995,0.76899375,-0.66268125,0.0335454,-0.26644632,0.02300256
25.07843336649239,-3.686287386450715e-18,3.0815232902599985,-2.83826148962258,-0.002447037369010531,-0.2262378352468855,3.6343344164671573e-06,0.025987499999999997,0.77135625,-0.6591374999999999,0.06613235999999999,-0.29999172,0.04025448
25.088940426707268,-2.168404344971009e-18,3.083713386039722,-2.837260262677461,-0.0020826207773511395,-0.2254608996784767,3.621044702294939e-06,0.028349999999999997,0.8800312499999999,-0.6591374999999999,0.01533504,-0.27507228,0.03642072
25.097097078338265,-1.5612511283791264e-17,3.0893061321122057,-2.83636377041197,-0.0019615384989517693,-0.22546322278092676,3.6210682240627383e-06,0.028349999999999997,0.73355625,-0.6591374999999999,0.04600512,-0.24631908,0.03067008
25.107141762971878,-6.5052130349130266e-18,3.092521766262554,-2.835460713830113,-0.0017196145359588545,-0.22502889487424999,3.6136331317633033e-06,0.03307499999999999,0.628425,-0.66031875,0.04025448,-0.27028008,0.02683632
25.11865602992475,-1.3010426069826053e-17,3.0967356757655695,-2.834671207961269,-0.0015988998375952987,-0.22495737271797106,3.61240206942621e-06,0.0307125,0.5740875,-0.66031875,0.00095844,-0.29328264000000004,0.02683632
25.128860158845782,2.168404344971009e-18,3.099627698682825,-2.8340324656706284,-0.0014783110368992085,-0.22481122523995953,3.609898305767062e-06,0.03307499999999999,0.7394625,-0.6591374999999999,0.01725192,-0.2731554,0.0287532
25.143172787502408,-1.734723475976807e-18,3.1027334308540095,-2.8331562794933123,-0.0012676303345524448,-0.2244400861402899,3.6035462165793598e-06,0.00118125,0.73119375,-0.6615,0.0527142,-0.27028008,0.03162852
25.15099599212408,-1.1709383462843448e-17,3.10815370361468,-2.832123859244392,-0.001147458385742526,-0.22444273161397665,3.6035895112941422e-06,0.035437500000000004,0.7371,-0.6615,0.03450384,-0.26932164000000003,0.02779476
25.15993108600378,-1.6479873021779667e-17,3.1111485138160813,-2.8312873380094676,-0.0009674875543309409,-0.22414215180613814,3.5984471843969025e-06,0.038981249999999995,0.73591875,-0.65559375,0.0287532,-0.287532,0.02971164
25.16863245330751,-4.7704895589362195e-18,3.116336057436086,-2.8303450545778923,-0.0009075634589443674,-0.22429632099827992,3.6010897300993273e-06,0.038981249999999995,0.7701749999999999,-0.65559375,0.01533504,-0.27507228,0.03258696
25.179306702688336,-8.239936510889834e-18,3.119369893954971,-2.8293981722999204,-0.0006982049995331477,-0.22391757270964033,3.5946127644853965e-06,0.025987499999999997,0.6709499999999999,-0.65205,0.02683632,-0.25782036,0.04408824
25.192842729389668,-1.5178830414797062e-17,3.1244759217910194,-2.82839465950007,-0.000638458965522466,-0.2240731819106707,3.597286739974007e-06,0.02716875,0.7371,-0.6591374999999999,-0.00095844,-0.2587788,0.02779476
25.20000694692135,-6.5052130349130266e-18,3.1270091887107876,-2.827876936965529,-0.0006085999376365379,-0.2241506623203922,3.598619766944842e-06,0.02716875,0.6709499999999999,-0.6591374999999999,0.04504668,-0.26261256,0.024919439999999998
25.209145409986377,0.0,3.1317332085706497,-2.8271125392995367,-0.0006682491690902588,-0.22460497885019923,3.6064107206825144e-06,0.03307499999999999,0.7619062499999999,-0.66031875,0.04696356,-0.29519952,0.03642072
25.219391210004687,-9.974659986866641e-18,3.1365599327745572,-2.826150095884654,-0.0005875629703365297,-0.224874372890984,3.608995164470453e-06,0.03189375,0.6048,-0.65795625,0.06134016,-0.27890603999999997,0.019168799999999996
25.229246059432626,-1.452830911130576e-17,3.1389544861988123,-2.825651910447101,-0.0005875351198082164,-0.22502270448698425,3.611545275300167e-06,0.042525,0.6177937499999999,-0.66031875,0.04408824,-0.27890603999999997,0.0287532
25.24128968268633,-2.8189256484623115e-18,3.141336500552832,-2.8251424056621506,-0.000668128140606647,-0.22520009772041436,3.616639560919042e-06,0.0401625,0.74300625,-0.65795625,0.03162852,-0.27794759999999996,0.02779476
25.249216675758362,-1.2576745200831851e-17,3.1461354949601414,-2.8240168252753963,-0.0006382100558093564,-0.22542031414317298,3.620436878772059e-06,0.025987499999999997,0.741825,-0.6544125,0.03546228,-0.27698915999999996,0.02779476
25.259060634300113,-9.974659986866641e-18,3.1484793183598896,-2.823473891633487,-0.0006381696390829576,-0.22556549497483352,3.622936843342312e-06,0.0307125,0.75954375,-0.67213125,0.02779476,-0.29040731999999997,0.0335454
25.268986081704497,-8.890457814381136e-18,3.1519714369564893,-2.8226383158145105,-0.000638104229983419,-0.2257815743020013,3.6266596151411187e-06,0.03189375,0.6709499999999999,-0.65795625,0.03162852,-0.28657356,0.02971164
25.279078513383865,-1.2793585635328952e-17,3.154283758105085,-2.822067151613914,-0.0006380574348314721,-0.22592449839958972,3.6291233318251725e-06,0.03189375,0.7867125,-0.65795625,0.03258696,-0.2827398,0.03258696
25.289237892255187,4.336808689942018e-18,3.158870539810984,-2.8208909607480015,-0.0006379561915702209,-0.22620763493491186,3.6340072060427145e-06,0.0212625,0.6886687499999999,-0.66268125,0.03258696,-0.2731554,0.02204412
25.299361301586032,-1.1926223897340549e-17,3.161144982021166,-2.8202859387874453,-0.0006379017438658836,-0.2263478462400998,3.63642734404071e-06,0.03189375,0.71229375,-0.6532312499999999,0.03258696,-0.27603072,0.03067008
25.309482721611857,-7.589415207398531e-18,3.164532933927755,-2.8193572544777386,-0.0006378152903262014,-0.2265564654161416,3.640030274902259e-06,0.034256249999999995,0.77135625,-0.6544125,0.03929604,-0.27219696,0.02587788
25.319586286321282,-3.469446951953614e-18,3.166775747750992,-2.818724034303566,-0.0006377544669804928,-0.22669441220104625,3.642414030708268e-06,0.0378,0.7630875,-0.65205,0.0287532,-0.27698915999999996,0.03929604
25.330774653702974,-2.4069288229178198e-17,3.1690058944754624,-2.818079539237015,-0.0006376910937950808,-0.22683145220903897,3.644783216900244e-06,0.038981249999999995,0.70875,-0.656775,0.03162852,-0.28369824,0.03929604
25.340757893398404,-2.2985086056692694e-17,3.172327344252062,-2.8170916618656374,-0.0006375912536248024,-0.22703531081621067,3.6483096574474626e-06,0.03661875,0.7465499999999999,-0.666225,0.043129799999999996,-0.29040731999999997,0.03067008
25.35202935896814,-4.336808689942018e-18,3.174525751033538,-2.8164190242248703,-0.0005567706548091985,-0.22714016567270676,3.648086958097957e-06,0.028349999999999997,0.88711875,-0.6591374999999999,0.03067008,-0.28657356,0.0335454
25.36315404251218,-1.691355389077387e-17,3.1788845257285607,-2.8150398904907075,-0.0005566420101278148,-0.22740698729818193,3.6527091681310377e-06,0.035437500000000004,0.6355124999999999,-0.656775,0.03546228,-0.27986448,0.02683632
25.37126987054944,-1.0191500421363742e-17,3.1799662749079567,-2.81468806858903,-0.0005566084580065928,-0.22747312435359884,3.653855591770207e-06,0.04606875,0.7347374999999999,-0.656775,0.0287532,-0.28369824,0.03258696
25.383373979479074,3.686287386450715e-18,3.182120232290148,-2.813975981076807,-0.0005565396848559983,-0.227604715979535,3.6561374763678707e-06,0.03661875,0.7607249999999999,-0.6544125,0.03642072,-0.27411384,0.02779476
25.39269331097603,-1.3444106938820255e-17,3.184261461195653,-2.8132526376644127,-0.0005564686867247297,-0.2277353971873487,3.6584047364577906e-06,0.0401625,0.7489124999999999,-0.6591374999999999,0.03450384,-0.28944887999999996,0.02300256
25.403958214446902,-1.5829351718288365e-17,3.1863899530595607,-2.8125180412452186,-0.0005563954638967677,-0.227865167454315,3.660657362970924e-06,0.02953125,0.6260625,-0.6473249999999999,0.02683632,-0.29615796,0.03450384
25.41827529296279,-1.0408340855860843e-17,3.1906086916577006,-2.811015101184971,-0.0005562423453312404,-0.22812197309302804,3.665118679283396e-06,0.034256249999999995,0.72410625,-0.65205,0.0527142,-0.29615796,0.0622986
25.42281530238688,-3.0357660829594124e-18,3.191719034660966,-2.8105687054403203,-0.0005262111645342122,-0.22812282830544944,3.6651527841398624e-06,0.034256249999999995,0.72410625,-0.65205,0.0527142,-0.29615796,0.0622986
25.4329024348408,-1.3010426069826053e-17,3.1958730375960904,-2.80901046211782,-0.0005260557207724553,-0.22837599184078325,3.66955669227018e-06,0.02716875,0.7548187499999999,-0.6650437499999999,0.03258696,-0.28082292000000003,0.02683632
25.44477661885321,-8.673617379884035e-18,3.197930867973046,-2.808214484829934,-0.0005259748441716026,-0.2285012036058629,3.671736633447684e-06,0.025987499999999997,0.6780375,-0.65086875,0.03067008,-0.28082292000000003,0.02683632
25.4538655821234,-1.973247953923618e-17,3.20200814538918,-2.806588834920414,-0.0005258067831474763,-0.22874888462661475,3.676052446428602e-06,0.03661875,0.609525,-0.6591374999999999,0.02971164,-0.2827398,0.02683632
25.464480286464095,-1.0408340855860843e-17,3.2040886968220894,-2.805698048098545,-0.0004957665342551899,-0.2288111138108826,3.677160049576858e-06,0.03307499999999999,0.6933937499999999,-0.65086875,0.03162852,-0.2731554,0.03258696
25.474244402721524,-1.5829351718288365e-17,3.2061557108366348,-2.8047967595560728,-0.0003844972848999744,-0.2288430789493908,3.675711881258415e-06,0.05197499999999999,0.77135625,-0.65086875,0.02587788,-0.26740476,0.03067008
25.48438754118979,2.8189256484623115e-18,3.21012862558168,-2.803083159782848,-0.0003843617502162712,-0.22908529461861818,3.6799427991455267e-06,0.02716875,0.533925,-0.65559375,0.01341816,-0.26548787999999995,0.0335454
25.495603527873755,-1.951563910473908e-18,3.211113831422097,-2.8026477510542165,-0.00038432690629728976,-0.22914527597382395,3.6809913314195316e-06,0.02244375,0.63905625,-0.65795625,0.00383376,-0.27794759999999996,0.03642072
25.504297841340303,-1.5829351718288365e-17,3.2111137500431703,-2.8026478324331427,-5.947607476173254e-05,-0.2290229377978953,3.6707480657254588e-06,0.00945,0.6815812499999999,-0.6591374999999999,0.0335454,-0.27794759999999996,0.03162852
25.515105603262782,-9.107298248878237e-18,3.211113766138182,-2.802647816338131,0.00018416295763334012,-0.22892885523826445,3.6630283642892765e-06,0.03307499999999999,0.6685875,-0.65795625,0.04121292,-0.28178136000000004,0.019168799999999996
25.52883949317038,-8.239936510889834e-18,3.2101285808275026,-2.803083204537025,0.0002653993046414934,-0.22883704726931317,3.6593976685080767e-06,0.0212625,0.7666312499999999,-0.6591374999999999,0.04121292,-0.27698915999999996,0.0335454
25.535927472636104,-1.1492543028346347e-17,3.210128607923104,-2.8030831774414238,0.00034661909501407977,-0.22880501843061313,3.6568135836789966e-06,-0.00945,0.8056125,-0.6591374999999999,0.03929604,-0.2539866,0.04600512
25.54618231393397,-9.324138683375338e-18,3.210128642283074,-2.803083143081454,0.00042783853876759894,-0.22877276793737422,3.654225964443013e-06,0.07205624999999999,0.75009375,-0.6544125,0.06134016,-0.27123852,0.03162852
25.556339314207435,-9.324138683375338e-18,3.210128642283074,-2.803083143081454,0.00042783853876759894,-0.22877276793737422,3.654225964443013e-06,0.0401625,0.7394625,-0.6532312499999999,0.02971164,-0.28465668,0.03546228
25.567938888445497,-9.324138683375338e-18,3.210128642283074,-2.803083143081454,0.00042783853876759894,-0.22877276793737422,3.654225964443013e-06,0.03661875,0.71229375,-0.6615,0.03067008,-0.2827398,0.03258696
25.57718392647803,-9.324138683375338e-18,3.210128642283074,-2.803083143081454,0.00042783853876759894,-0.22877276793737422,3.654225964443013e-06,0.034256249999999995,0.71229375,-0.6615,0.03067008,-0.287532,0.03258696
25.58822664618492,-9.324138683375338e-18,3.210128642283074,-2.803083143081454,0.00042783853876759894,-0.22877276793737422,3.654225964443013e-06,0.02244375,0.70993125,-0.6615,0.03258696,-0.2827398,0.03162852
25.599106118083,-9.324138683375338e-18,3.210128642283074,-2.803083143081454,0.00042783853876759894,-0.22877276793737422,3.654225964443013e-06,0.03307499999999999,0.72410625,-0.6650437499999999,0.0287532,-0.27698915999999996,0.03067008
25.608415938913822,-9.324138683375338e-18,3.210128642283074,-2.803083143081454,0.00042783853876759894,-0.22877276793737422,3.654225964443013e-06,0.02480625,0.72765,-0.6591374999999999,0.0335454,-0.28561512,0.02587788
25.619439586997032,-9.324138683375338e-18,3.210128642283074,-2.803083143081454,0.00042783853876759894,-0.22877276793737422,3.654225964443013e-06,0.03189375,0.72410625,-0.66268125,0.03162852,-0.28178136000000004,0.03450384
25.629342641681433,-9.324138683375338e-18,3.210128642283074,-2.803083143081454,0.00042783853876759894,-0.22877276793737422,3.654225964443013e-06,0.03307499999999999,0.7182,-0.66031875,0.02779476,-0.27890603999999997,0.03450384
25.641016261652112,-9.324138683375338e-18,3.210128642283074,-2.803083143081454,0.00042783853876759894,-0.22877276793737422,3.654225964443013e-06,0.038981249999999995,0.7111124999999999,-0.656775,0.03067008,-0.28369824,0.02683632
25.64870030991733,-9.324138683375338e-18,3.210128642283074,-2.803083143081454,0.00042783853876759894,-0.22877276793737422,3.654225964443013e-06,0.03189375,0.7111124999999999,-0.65086875,0.03067008,-0.19839708,0.02683632
25.658163957297802,-9.324138683375338e-18,3.210128642283074,-2.803083143081454,0.00042783853876759894,-0.22877276793737422,3.654225964443013e-06,0.03189375,0.7182,-0.66031875,0.0335454,-0.28561512,0.024919439999999998
25.668429298326373,-9.324138683375338e-18,3.210128642283074,-2.803083143081454,0.00042783853876759894,-0.22877276793737422,3.654225964443013e-06,0.038981249999999995,0.7252875,-0.6544125,0.02779476,-0.28082292000000003,0.023961
25.679263772442937,-9.324138683375338e-18,3.210128642283074,-2.803083143081454,0.00042783853876759894,-0.22877276793737422,3.654225964443013e-06,0.028349999999999997,0.7288312499999999,-0.65795625,0.03546228,-0.27411384,0.02108568
25.689424362033606,-9.324138683375338e-18,3.210128642283074,-2.803083143081454,0.00042783853876759894,-0.22877276793737422,3.654225964443013e-06,0.028349999999999997,0.7288312499999999,-0.6532312499999999,0.04121292,-0.28082292000000003,0.0287532
25.70309492200613,-9.324138683375338e-18,3.210128642283074,-2.803083143081454,0.00042783853876759894,-0.22877276793737422,3.654225964443013e-06,0.02480625,0.71938125,-0.6532312499999999,0.02779476,-0.28369824,0.03450384
25.709544956684113,-9.324138683375338e-18,3.210128642283074,-2.803083143081454,0.00042783853876759894,-0.22877276793737422,3.654225964443013e-06,0.02953125,0.7182,-0.6532312499999999,0.03546228,-0.2827398,0.02971164
25.719238597899675,-9.324138683375338e-18,3.210128642283074,-2.803083143081454,0.00042783853876759894,-0.22877276793737422,3.654225964443013e-06,0.02953125,0.7205625,-0.66031875,0.04696356,-0.28465668,0.03450384
25.729018988087773,-9.324138683375338e-18,3.210128642283074,-2.803083143081454,0.00042783853876759894,-0.22877276793737422,3.654225964443013e-06,0.034256249999999995,0.7205625,-0.66031875,0.01533504,-0.27028008,0.03450384
25.740246718749404,-9.324138683375338e-18,3.210128642283074,-2.803083143081454,0.00042783853876759894,-0.22877276793737422,3.654225964443013e-06,0.034256249999999995,0.74773125,-0.66031875,0.02204412,-0.31053456,0.0335454
25.749334402382374,-9.324138683375338e-18,3.210128642283074,-2.803083143081454,0.00042783853876759894,-0.22877276793737422,3.654225964443013e-06,0.03189375,0.71465625,-0.656775,0.0287532,-0.28849043999999996,0.03546228
25.760632533580065,-9.324138683375338e-18,3.210128642283074,-2.803083143081454,0.00042783853876759894,-0.22877276793737422,3.654225964443013e-06,0.03307499999999999,0.7300125,-0.65559375,0.03067008,-0.27603072,-0.0335454
25.768834929913282,-9.324138683375338e-18,3.210128642283074,-2.803083143081454,0.00042783853876759894,-0.22877276793737422,3.654225964443013e-06,0.02716875,0.7252875,-0.65795625,0.02971164,-0.27986448,0.048880440000000004
25.779072465375066,-9.324138683375338e-18,3.210128642283074,-2.803083143081454,0.00042783853876759894,-0.22877276793737422,3.654225964443013e-06,0.03307499999999999,0.7158375,-0.65559375,0.02587788,-0.27698915999999996,0.03450384
25.791156362742186,-9.324138683375338e-18,3.210128642283074,-2.803083143081454,0.00042783853876759894,-0.22877276793737422,3.654225964443013e-06,0.03189375,0.72410625,-0.6532312499999999,0.02587788,-0.28082292000000003,0.02587788
25.802756536751986,-9.324138683375338e-18,3.210128642283074,-2.803083143081454,0.00042783853876759894,-0.22877276793737422,3.654225964443013e-06,0.034256249999999995,0.7288312499999999,-0.65795625,0.02779476,-0.27890603999999997,0.02587788
25.81325582228601,-9.324138683375338e-18,3.210128642283074,-2.803083143081454,0.00042783853876759894,-0.22877276793737422,3.654225964443013e-06,0.03307499999999999,0.72646875,-0.65559375,0.03258696,-0.287532,0.023961
25.823399098590016,-9.324138683375338e-18,3.210128642283074,-2.803083143081454,0.00042783853876759894,-0.22877276793737422,3.654225964443013e-06,0.028349999999999997,0.72646875,-0.656775,0.02971164,-0.28082292000000003,0.02971164
25.832203909754753,-9.324138683375338e-18,3.210128642283074,-2.803083143081454,0.00042783853876759894,-0.22877276793737422,3.654225964443013e-06,0.0307125,0.72174375,-0.65086875,0.03162852,-0.28082292000000003,0.03258696
25.841145917773247,-9.324138683375338e-18,3.210128642283074,-2.803083143081454,0.00042783853876759894,-0.22877276793737422,3.654225964443013e-06,0.03189375,0.7158375,-0.65086875,0.03067008,-0.28849043999999996,0.02779476
25.852662650868297,-9.324138683375338e-18,3.210128642283074,-2.803083143081454,0.00042783853876759894,-0.22877276793737422,3.654225964443013e-06,0.028349999999999997,0.72174375,-0.666225,0.0287532,-0.27986448,0.0287532
25.86297009140253,-9.324138683375338e-18,3.210128642283074,-2.803083143081454,0.00042783853876759894,-0.22877276793737422,3.654225964443013e-06,0.025987499999999997,0.72410625,-0.65086875,0.023961,-0.28082292000000003,0.0287532
25.874964935705066,-9.324138683375338e-18,3.210128642283074,-2.803083143081454,0.00042783853876759894,-0.22877276793737422,3.654225964443013e-06,0.03189375,0.72646875,-0.656775,0.03450384,-0.29615796,0.03642072
25.882935158908367,-9.324138683375338e-18,3.210128642283074,-2.803083143081454,0.00042783853876759894,-0.22877276793737422,3.654225964443013e-06,0.034256249999999995,0.7205625,-0.65795625,0.03450384,-0.29615796,0.02108568
25.89352442137897,-9.324138683375338e-18,3.210128642283074,-2.803083143081454,0.00042783853876759894,-0.22877276793737422,3.654225964443013e-06,0.0401625,0.72410625,-0.6615,0.03162852,-0.28657356,0.01725192
25.9029878731817,-9.324138683375338e-18,3.210128642283074,-2.803083143081454,0.00042783853876759894,-0.22877276793737422,3.654225964443013e-06,0.0401625,0.7170187499999999,-0.6544125,0.03737916,-0.27794759999999996,0.0335454
25.91507935896516,-9.324138683375338e-18,3.210128642283074,-2.803083143081454,0.00042783853876759894,-0.22877276793737422,3.654225964443013e-06,0.03189375,0.7111124999999999,-0.65205,0.03258696,-0.2827398,0.02971164
25.924932969734073,-9.324138683375338e-18,3.210128642283074,-2.803083143081454,0.00042783853876759894,-0.22877276793737422,3.654225964443013e-06,0.02716875,0.713475,-0.666225,0.03162852,-0.28657356,0.0287532
25.934898365288973,-9.324138683375338e-18,3.210128642283074,-2.803083143081454,0.00042783853876759894,-0.22877276793737422,3.654225964443013e-06,0.02953125,0.72174375,-0.66031875,0.02108568,-0.28178136000000004,0.02683632
25.94641976431012,-9.324138683375338e-18,3.210128642283074,-2.803083143081454,0.00042783853876759894,-0.22877276793737422,3.654225964443013e-06,0.028349999999999997,0.7288312499999999,-0.6544125,-0.004792199999999999,-0.27890603999999997,0.03546228
25.954157384112477,-9.324138683375338e-18,3.210128642283074,-2.803083143081454,0.00042783853876759894,-0.22877276793737422,3.654225964443013e-06,0.02953125,0.7182,-0.6496875,0.05175576,-0.27603072,0.02971164
25.966163001954556,-9.324138683375338e-18,3.210128642283074,-2.803083143081454,0.00042783853876759894,-0.22877276793737422,3.654225964443013e-06,0.025987499999999997,0.7158375,-0.65795625,0.03450384,-0.28369824,0.03737916
25.974527025595307,-9.324138683375338e-18,3.210128642283074,-2.803083143081454,0.00042783853876759894,-0.22877276793737422,3.654225964443013e-06,0.02953125,0.7205625,-0.64850625,0.047922,-0.28561512,0.0287532
25.985649837180972,-9.324138683375338e-18,3.210128642283074,-2.803083143081454,0.00042783853876759894,-0.22877276793737422,3.654225964443013e-06,0.035437500000000004,0.7111124999999999,-0.656775,0.03929604,-0.27603072,0.03162852
25.99590170942247,-9.324138683375338e-18,3.210128642283074,-2.803083143081454,0.00042783853876759894,-0.22877276793737422,3.654225964443013e-06,0.023625,0.72765,-0.656775,0.03833759999999999,-0.27603072,0.01150128
26.00780976191163,-9.324138683375338e-18,3.210128642283074,-2.803083143081454,0.00042783853876759894,-0.22877276793737422,3.654225964443013e-06,0.028349999999999997,0.71938125,-0.6532312499999999,0.03067008,-0.28369824,0.0335454
26.016101945191622,-9.324138683375338e-18,3.210128642283074,-2.803083143081454,0.00042783853876759894,-0.22877276793737422,3.654225964443013e-06,0.028349999999999997,0.71938125,-0.65559375,0.03067008,-0.28561512,0.0335454
26.02747356146574,-9.324138683375338e-18,3.210128642283074,-2.803083143081454,0.00042783853876759894,-0.22877276793737422,3.654225964443013e-06,0.02716875,0.72174375,-0.656775,0.03067008,-0.27603072,0.0335454
26.0367829259485,-9.324138683375338e-18,3.210128642283074,-2.803083143081454,0.00042783853876759894,-0.22877276793737422,3.654225964443013e-06,0.0307125,0.72765,-0.65795625,0.03546228,-0.28465668,0.03258696
26.048882246017456,-9.324138683375338e-18,3.210128642283074,-2.803083143081454,0.00042783853876759894,-0.22877276793737422,3.654225964443013e-06,0.028349999999999997,0.713475,-0.65086875,0.0335454,-0.2731554,0.024919439999999998
26.05891865864396,-9.324138683375338e-18,3.210128642283074,-2.803083143081454,0.00042783853876759894,-0.22877276793737422,3.654225964443013e-06,0.03307499999999999,0.71938125,-0.65205,0.05079732,-0.32203584,0.02683632
26.069071032106876,-9.324138683375338e-18,3.210128642283074,-2.803083143081454,0.00042783853876759894,-0.22877276793737422,3.654225964443013e-06,0.03307499999999999,0.72410625,-0.66268125,0.03546228,-0.2683632,0.024919439999999998
26.07788287848234,-9.324138683375338e-18,3.210128642283074,-2.803083143081454,0.00042783853876759894,-0.22877276793737422,3.654225964443013e-06,0.03307499999999999,0.7229249999999999,-0.65559375,0.01821036,-0.2683632,0.02587788
26.08805099502206,-9.324138683375338e-18,3.210128642283074,-2.803083143081454,0.00042783853876759894,-0.22877276793737422,3.654225964443013e-06,0.02480625,0.72410625,-0.6532312499999999,0.02971164,-0.28465668,0.03642072
26.099160958081484,-9.324138683375338e-18,3.210128642283074,-2.803083143081454,0.00042783853876759894,-0.22877276793737422,3.654225964443013e-06,0.0307125,0.7170187499999999,-0.656775,0.0287532,-0.28944887999999996,0.03258696
26.109423089772463,-9.324138683375338e-18,3.210128642283074,-2.803083143081454,0.00042783853876759894,-0.22877276793737422,3.654225964443013e-06,0.02953125,0.7205625,-0.6685875,0.03067008,-0.30095015999999997,0.024919439999999998
26.123067937791348,-9.324138683375338e-18,3.210128642283074,-2.803083143081454,0.00042783853876759894,-0.22877276793737422,3.654225964443013e-06,0.0212625,0.7252875,-0.6638625,0.02587788,-0.28465668,0.02683632
26.13008481822908,-9.324138683375338e-18,3.210128642283074,-2.803083143081454,0.00042783853876759894,-0.22877276793737422,3.654225964443013e-06,0.0212625,0.7205625,-0.6638625,0.03162852,-0.28082292000000003,0.02204412
26.140369664877653,-9.324138683375338e-18,3.210128642283074,-2.803083143081454,0.00042783853876759894,-0.22877276793737422,3.654225964443013e-06,0.03307499999999999,0.73119375,-0.65205,0.0287532,-0.28369824,0.03162852
26.150457294657826,-9.324138683375338e-18,3.210128642283074,-2.803083143081454,0.00042783853876759894,-0.22877276793737422,3.654225964443013e-06,0.03189375,0.732375,-0.6638625,0.02971164,-0.2827398,0.02779476
26.163380082696676,-9.324138683375338e-18,3.210128642283074,-2.803083143081454,0.00042783853876759894,-0.22877276793737422,3.654225964443013e-06,0.034256249999999995,0.71465625,-0.6638625,0.0287532,-0.28944887999999996,0.02971164
26.170570777729154,-9.324138683375338e-18,3.210128642283074,-2.803083143081454,0.00042783853876759894,-0.22877276793737422,3.654225964443013e-06,0.0307125,0.71938125,-0.65795625,0.0287532,-0.2827398,0.02971164
26.178879905492067,-9.324138683375338e-18,3.210128642283074,-2.803083143081454,0.00042783853876759894,-0.22877276793737422,3.654225964443013e-06,0.02716875,0.7300125,-0.65795625,0.0287532,-0.28369824,0.024919439999999998
26.1891698744148,-9.324138683375338e-18,3.210128642283074,-2.803083143081454,0.00042783853876759894,-0.22877276793737422,3.654225964443013e-06,0.02480625,0.7252875,-0.656775,0.02971164,-0.28561512,0.03258696
26.199652392417192,-9.324138683375338e-18,3.210128642283074,-2.803083143081454,0.00042783853876759894,-0.22877276793737422,3.654225964443013e-06,0.03307499999999999,0.713475,-0.66740625,0.02971164,-0.27794759999999996,0.03258696
26.210792426019907,-9.324138683375338e-18,3.210128642283074,-2.803083143081454,0.00042783853876759894,-0.22877276793737422,3.654225964443013e-06,0.03307499999999999,0.7182,-0.6615,0.03067008,-0.27890603999999997,0.03162852
26.2211104221642,-9.324138683375338e-18,3.210128642283074,-2.803083143081454,0.00042783853876759894,-0.22877276793737422,3.654225964443013e-06,0.0307125,0.7205625,-0.6615,0.0335454,-0.25302816,0.05846484
26.232073774561286,-9.324138683375338e-18,3.210128642283074,-2.803083143081454,0.00042783853876759894,-0.22877276793737422,3.654225964443013e-06,0.0401625,0.72410625,-0.656775,0.0335454,-0.28082292000000003,0.04504668
26.24133858270943,-9.324138683375338e-18,3.210128642283074,-2.803083143081454,0.00042783853876759894,-0.22877276793737422,3.654225964443013e-06,0.03661875,0.71938125,-0.65795625,0.03258696,-0.29040731999999997,0.02587788
26.253356873989105,-9.324138683375338e-18,3.210128642283074,-2.803083143081454,0.00042783853876759894,-0.22877276793737422,3.654225964443013e-06,0.025987499999999997,0.7205625,-0.6591374999999999,0.03258696,-0.28178136000000004,0.02683632
26.26241409778595,-9.324138683375338e-18,3.210128642283074,-2.803083143081454,0.00042783853876759894,-0.22877276793737422,3.654225964443013e-06,0.034256249999999995,0.7205625,-0.65086875,0.03258696,-0.29040731999999997,0.02683632
26.272749550640583,-9.324138683375338e-18,3.210128642283074,-2.803083143081454,0.00042783853876759894,-0.22877276793737422,3.654225964443013e-06,0.034256249999999995,0.7229249999999999,-0.65559375,0.0287532,-0.28369824,0.02587788
26.282814387232065,-9.324138683375338e-18,3.210128642283074,-2.803083143081454,0.00042783853876759894,-0.22877276793737422,3.654225964443013e-06,0.03307499999999999,0.7182,-0.66268125,0.0335454,-0.27794759999999996,0.03162852
26.294077794998884,-9.324138683375338e-18,3.210128642283074,-2.803083143081454,0.00042783853876759894,-0.22877276793737422,3.654225964443013e-06,0.03307499999999999,0.7158375,-0.65559375,0.0287532,-0.28657356,0.0287532
26.30432349257171,-9.324138683375338e-18,3.210128642283074,-2.803083143081454,0.00042783853876759894,-0.22877276793737422,3.654225964443013e-06,0.02716875,0.71938125,-0.6544125,0.03067008,-0.27986448,0.02971164
26.314000334590673,-9.324138683375338e-18,3.210128642283074,-2.803083143081454,0.00042783853876759894,-0.22877276793737422,3.654225964443013e-06,0.028349999999999997,0.7288312499999999,-0.6544125,0.03162852,-0.28082292000000003,0.02971164
26.32790590263903,-9.324138683375338e-18,3.210128642283074,-2.803083143081454,0.00042783853876759894,-0.22877276793737422,3.654225964443013e-06,0.03307499999999999,0.7205625,-0.6591374999999999,0.02779476,-0.19552176000000002,0.0335454
26.334708981215954,-9.324138683375338e-18,3.210128642283074,-2.803083143081454,0.00042783853876759894,-0.22877276793737422,3.654225964443013e-06,0.0378,0.73119375,-0.65795625,0.02779476,-0.28944887999999996,0.08625959999999999
26.344403013586998,-9.324138683375338e-18,3.210128642283074,-2.803083143081454,0.00042783853876759894,-0.22877276793737422,3.654225964443013e-06,0.02716875,0.72174375,-0.66031875,0.048880440000000004,-0.28561512,0.01629348
26.355968292802572,-9.324138683375338e-18,3.210128642283074,-2.803083143081454,0.00042783853876759894,-0.22877276793737422,3.654225964443013e-06,0.0307125,0.72174375,-0.65559375,0.0143766,-0.2827398,0.02587788
26.36699773184955,-9.324138683375338e-18,3.210128642283074,-2.803083143081454,0.00042783853876759894,-0.22877276793737422,3.654225964443013e-06,0.03189375,0.72410625,-0.65205,0.04504668,-0.28178136000000004,0.023961
26.374533358961344,-9.324138683375338e-18,3.210128642283074,-2.803083143081454,0.00042783853876759894,-0.22877276793737422,3.654225964443013e-06,0.03189375,0.72174375,-0.65205,0.03737916,-0.28178136000000004,0.02683632
26.384466813877225,-9.324138683375338e-18,3.210128642283074,-2.803083143081454,0.00042783853876759894,-0.22877276793737422,3.654225964443013e-06,0.034256249999999995,0.71465625,-0.66031875,0.03833759999999999,-0.23673468,0.03737916
26.393993757665157,-9.324138683375338e-18,3.210128642283074,-2.803083143081454,0.00042783853876759894,-0.22877276793737422,3.654225964443013e-06,0.028349999999999997,0.7229249999999999,-0.65795625,0.01725192,-0.30095015999999997,0.02300256
26.4041253849864,-9.324138683375338e-18,3.210128642283074,-2.803083143081454,0.00042783853876759894,-0.22877276793737422,3.654225964443013e-06,0.028349999999999997,0.7182,-0.6591374999999999,0.043129799999999996,-0.27794759999999996,0.02683632
26.41431413590908,-9.324138683375338e-18,3.210128642283074,-2.803083143081454,0.00042783853876759894,-0.22877276793737422,3.654225964443013e-06,0.03307499999999999,0.7158375,-0.65795625,0.03737916,-0.28561512,0.03067008
26.42455309815705,-9.324138683375338e-18,3.210128642283074,-2.803083143081454,0.00042783853876759894,-0.22877276793737422,3.654225964443013e-06,0.034256249999999995,0.71229375,-0.66031875,0.0335454,-0.28465668,0.03258696
26.434561878442764,-9.324138683375338e-18,3.210128642283074,-2.803083143081454,0.00042783853876759894,-0.22877276793737422,3.654225964443013e-06,0.02480625,0.71938125,-0.656775,0.03450384,-0.28082292000000003,0.024919439999999998
26.445833710953593,-9.324138683375338e-18,3.210128642283074,-2.803083143081454,0.00042783853876759894,-0.22877276793737422,3.654225964443013e-06,0.028349999999999997,0.72646875,-0.656775,0.0287532,-0.29328264000000004,-0.05079732
26.45739619806409,-9.324138683375338e-18,3.210128642283074,-2.803083143081454,0.00042783853876759894,-0.22877276793737422,3.654225964443013e-06,0.028349999999999997,0.7111124999999999,-0.65795625,0.03162852,-0.27507228,0.04408824
26.465742848813534,-9.324138683375338e-18,3.210128642283074,-2.803083143081454,0.00042783853876759894,-0.22877276793737422,3.654225964443013e-06,0.0401625,0.71465625,-0.65795625,0.03162852,-0.2827398,0.03162852
26.478317249566317,-9.324138683375338e-18,3.210128642283074,-2.803083143081454,0.00042783853876759894,-0.22877276793737422,3.654225964443013e-06,0.02953125,0.7300125,-0.66031875,0.03162852,-0.27890603999999997,0.02587788
26.487911570817232,-9.324138683375338e-18,3.210128642283074,-2.803083143081454,0.00042783853876759894,-0.22877276793737422,3.654225964443013e-06,0.0378,0.7252875,-0.65205,0.03067008,-0.27986448,0.02587788
26.496830070391297,-9.324138683375338e-18,3.210128642283074,-2.803083143081454,0.00042783853876759894,-0.22877276793737422,3.654225964443013e-06,0.0378,0.72646875,-0.65205,0.0287532,-0.2923242,0.03833759999999999
26.507372917607427,-9.324138683375338e-18,3.210128642283074,-2.803083143081454,0.00042783853876759894,-0.22877276793737422,3.654225964443013e-06,0.0378,0.7229249999999999,-0.65559375,0.02971164,-0.27698915999999996,0.02779476
26.519017623737454,-9.324138683375338e-18,3.210128642283074,-2.803083143081454,0.00042783853876759894,-0.22877276793737422,3.654225964443013e-06,0.028349999999999997,0.7182,-0.656775,0.02971164,-0.28465668,0.023961
26.52781717479229,-9.324138683375338e-18,3.210128642283074,-2.803083143081454,0.00042783853876759894,-0.22877276793737422,3.654225964443013e-06,0.035437500000000004,0.7182,-0.65086875,0.02971164,-0.27507228,0.024919439999999998
26.539508618414402,-9.324138683375338e-18,3.210128642283074,-2.803083143081454,0.00042783853876759894,-0.22877276793737422,3.654225964443013e-06,0.03307499999999999,0.7205625,-0.65795625,0.02779476,-0.2827398,0.02779476
26.550062550231814,-9.324138683375338e-18,3.210128642283074,-2.803083143081454,0.00042783853876759894,-0.22877276793737422,3.654225964443013e-06,0.02716875,0.7205625,-0.6638625,0.03067008,-0.28465668,0.03450384
26.557952761650085,-9.324138683375338e-18,3.210128642283074,-2.803083143081454,0.00042783853876759894,-0.22877276793737422,3.654225964443013e-06,0.03307499999999999,0.7205625,-0.66031875,0.02683632,-0.2827398,0.03450384
26.568822426721454,-9.324138683375338e-18,3.210128642283074,-2.803083143081454,0.00042783853876759894,-0.22877276793737422,3.654225964443013e-06,0.035437500000000004,0.71465625,-0.6615,0.03162852,-0.30190859999999997,0.00862596
26.579090354964137,-9.324138683375338e-18,3.210128642283074,-2.803083143081454,0.00042783853876759894,-0.22877276793737422,3.654225964443013e-06,0.034256249999999995,0.7252875,-0.66031875,0.03450384,-0.28369824,0.0287532
26.58920330181718,-9.324138683375338e-18,3.210128642283074,-2.803083143081454,0.00042783853876759894,-0.22877276793737422,3.654225964443013e-06,0.0212625,0.71938125,-0.656775,0.03258696,-0.27698915999999996,0.03258696
26.600272053852677,-9.324138683375338e-18,3.210128642283074,-2.803083143081454,0.00042783853876759894,-0.22877276793737422,3.654225964443013e-06,0.025987499999999997,0.72174375,-0.6615,0.03450384,-0.28944887999999996,0.03642072
26.610376490280032,-9.324138683375338e-18,3.210128642283074,-2.803083143081454,0.00042783853876759894,-0.22877276793737422,3.654225964443013e-06,0.02480625,0.72646875,-0.66031875,0.03162852,-0.27603072,0.0335454
26.619449717924,-9.324138683375338e-18,3.210128642283074,-2.803083143081454,0.00042783853876759894,-0.22877276793737422,3.654225964443013e-06,0.02244375,0.72765,-0.6615,0.03546228,-0.28178136000000004,0.02683632
26.629536889493465,-9.324138683375338e-18,3.210128642283074,-2.803083143081454,0.00042783853876759894,-0.22877276793737422,3.654225964443013e-06,0.035437500000000004,0.72410625,-0.66031875,0.03546228,-0.28178136000000004,0.03642072
26.639807552099228,-9.324138683375338e-18,3.210128642283074,-2.803083143081454,0.00042783853876759894,-0.22877276793737422,3.654225964443013e-06,0.035437500000000004,0.71465625,-0.666225,0.03546228,-0.27698915999999996,0.03642072
26.649180073291063,-9.324138683375338e-18,3.210128642283074,-2.803083143081454,0.00042783853876759894,-0.22877276793737422,3.654225964443013e-06,0.028349999999999997,0.7158375,-0.6532312499999999,0.03067008,-0.28369824,0.0287532
26.658857334405184,-9.324138683375338e-18,3.210128642283074,-2.803083143081454,0.00042783853876759894,-0.22877276793737422,3.654225964443013e-06,0.025987499999999997,0.7252875,-0.66031875,0.03162852,-0.27698915999999996,0.03450384
26.669511949643493,-9.324138683375338e-18,3.210128642283074,-2.803083143081454,0.00042783853876759894,-0.22877276793737422,3.654225964443013e-06,0.02716875,0.7170187499999999,-0.6615,0.03258696,-0.28178136000000004,0.0287532
26.679304409772158,-9.324138683375338e-18,3.210128642283074,-2.803083143081454,0.00042783853876759894,-0.22877276793737422,3.654225964443013e-06,0.02480625,0.72765,-0.65205,0.03258696,-0.27028008,0.02012724
26.689624210819602,-9.324138683375338e-18,3.210128642283074,-2.803083143081454,0.00042783853876759894,-0.22877276793737422,3.654225964443013e-06,0.025987499999999997,0.72410625,-0.66268125,0.03642072,-0.27890603999999997,0.03450384
26.72407648898661,-9.324138683375338e-18,3.210128642283074,-2.803083143081454,0.00042783853876759894,-0.22877276793737422,3.654225964443013e-06,0.03189375,0.71938125,-0.6615,0.02779476,-0.26548787999999995,0.03546228
26.729283632710576,-9.324138683375338e-18,3.210128642283074,-2.803083143081454,0.00042783853876759894,-0.22877276793737422,3.654225964443013e-06,0.02953125,0.71938125,-0.6615,0.00383376,-0.27123852,0.01725192
26.743710558861494,-9.324138683375338e-18,3.210128642283074,-2.803083143081454,0.00042783853876759894,-0.22877276793737422,3.654225964443013e-06,0.034256249999999995,0.7182,-0.66268125,0.01054284,-0.27986448,0.02683632
26.753518728539348,-9.324138683375338e-18,3.210128642283074,-2.803083143081454,0.00042783853876759894,-0.22877276793737422,3.654225964443013e-06,0.03189375,0.7252875,-0.656775,0.0335454,-0.28082292000000003,0.03162852
26.75953361019492,-9.324138683375338e-18,3.210128642283074,-2.803083143081454,0.00042783853876759894,-0.22877276793737422,3.654225964443013e-06,0.03189375,0.7205625,-0.6532312499999999,0.03642072,-0.28082292000000003,0.02012724
26.771239021793008,-9.324138683375338e-18,3.210128642283074,-2.803083143081454,0.00042783853876759894,-0.22877276793737422,3.654225964443013e-06,0.023625,0.7182,-0.6615,0.0287532,-0.28082292000000003,0.04600512
26.781077656894922,-9.324138683375338e-18,3.210128642283074,-2.803083143081454,0.00042783853876759894,-0.22877276793737422,3.654225964443013e-06,0.03307499999999999,0.7205625,-0.6650437499999999,0.03258696,-0.28369824,0.02204412
26.78943509608507,-9.324138683375338e-18,3.210128642283074,-2.803083143081454,0.00042783853876759894,-0.22877276793737422,3.654225964443013e-06,0.0378,0.73119375,-0.6591374999999999,0.0335454,-0.28561512,0.02204412
26.79940889030695,-9.324138683375338e-18,3.210128642283074,-2.803083143081454,0.00042783853876759894,-0.22877276793737422,3.654225964443013e-06,0.028349999999999997,0.7205625,-0.65559375,0.03258696,-0.29615796,0.019168799999999996
26.80912311375141,-9.324138683375338e-18,3.210128642283074,-2.803083143081454,0.00042783853876759894,-0.22877276793737422,3.654225964443013e-06,0.02716875,0.7158375,-0.66268125,0.03258696,-0.2827398,0.01341816
26.822531642392278,-9.324138683375338e-18,3.210128642283074,-2.803083143081454,0.00042783853876759894,-0.22877276793737422,3.654225964443013e-06,0.028349999999999997,0.71938125,-0.66031875,0.03162852,-0.28561512,0.02683632
26.833023788407445,-9.324138683375338e-18,3.210128642283074,-2.803083143081454,0.00042783853876759894,-0.22877276793737422,3.654225964443013e-06,0.0307125,0.7252875,-0.66268125,0.03067008,-0.28369824,0.0287532
26.839867625385523,-9.324138683375338e-18,3.210128642283074,-2.803083143081454,0.00042783853876759894,-0.22877276793737422,3.654225964443013e-06,0.025987499999999997,0.7252875,-0.66031875,0.03067008,-0.28465668,0.0287532
26.85204476863146,-9.324138683375338e-18,3.210128642283074,-2.803083143081454,0.00042783853876759894,-0.22877276793737422,3.654225964443013e-06,0.028349999999999997,0.7229249999999999,-0.656775,0.02971164,-0.28369824,0.02587788
26.86038744263351,-9.324138683375338e-18,3.210128642283074,-2.803083143081454,0.00042783853876759894,-0.22877276793737422,3.654225964443013e-06,0.02716875,0.71938125,-0.66268125,0.02971164,-0.28178136000000004,0.03546228
26.872562870383263,-9.324138683375338e-18,3.210128642283074,-2.803083143081454,0.00042783853876759894,-0.22877276793737422,3.654225964443013e-06,0.034256249999999995,0.7252875,-0.65559375,0.0287532,-0.28178136000000004,0.024919439999999998
26.879054505378008,-9.324138683375338e-18,3.210128642283074,-2.803083143081454,0.00042783853876759894,-0.22877276793737422,3.654225964443013e-06,0.03307499999999999,0.7229249999999999,-0.6532312499999999,0.03162852,-0.28178136000000004,0.03642072
26.89104943536222,-9.324138683375338e-18,3.210128642283074,-2.803083143081454,0.00042783853876759894,-0.22877276793737422,3.654225964443013e-06,0.03661875,0.72646875,-0.6615,0.03067008,-0.2827398,0.0335454
26.899337677285075,-9.324138683375338e-18,3.210128642283074,-2.803083143081454,0.00042783853876759894,-0.22877276793737422,3.654225964443013e-06,0.028349999999999997,0.7205625,-0.66268125,0.0335454,-0.27794759999999996,0.02587788
26.909283582121134,-9.324138683375338e-18,3.210128642283074,-2.803083143081454,0.00042783853876759894,-0.22877276793737422,3.654225964443013e-06,0.028349999999999997,0.7252875,-0.6615,0.03162852,-0.26548787999999995,0.03833759999999999
26.919517286121845,-9.324138683375338e-18,3.210128642283074,-2.803083143081454,0.00042783853876759894,-0.22877276793737422,3.654225964443013e-06,0.02244375,0.72174375,-0.656775,0.03067008,-0.29136576,0.03642072
26.93013613857329,-9.324138683375338e-18,3.210128642283074,-2.803083143081454,0.00042783853876759894,-0.22877276793737422,3.654225964443013e-06,0.02244375,0.72646875,-0.656775,0.03450384,-0.27890603999999997,0.04121292
26.940348541364074,-9.324138683375338e-18,3.210128642283074,-2.803083143081454,0.00042783853876759894,-0.22877276793737422,3.654225964443013e-06,0.02953125,0.72765,-0.656775,0.0287532,-0.27890603999999997,0.03258696
26.951224053278565,-9.324138683375338e-18,3.210128642283074,-2.803083143081454,0.00042783853876759894,-0.22877276793737422,3.654225964443013e-06,0.0378,0.7229249999999999,-0.6615,0.0287532,-0.28465668,0.02587788
26.964351741597056,-9.324138683375338e-18,3.210128642283074,-2.803083143081454,0.00042783853876759894,-0.22877276793737422,3.654225964443013e-06,0.03307499999999999,0.7288312499999999,-0.66268125,0.05079732,-0.28178136000000004,0.02971164
26.97152187488973,-9.324138683375338e-18,3.210128642283074,-2.803083143081454,0.00042783853876759894,-0.22877276793737422,3.654225964443013e-06,0.03307499999999999,0.71938125,-0.65086875,0.023961,-0.28178136000000004,0.03258696
26.985193092375994,-9.324138683375338e-18,3.210128642283074,-2.803083143081454,0.00042783853876759894,-0.22877276793737422,3.654225964443013e-06,0.03189375,0.7300125,-0.66740625,0.03737916,-0.28465668,0.024919439999999998
26.99263253621757,-9.324138683375338e-18,3.210128642283074,-2.803083143081454,0.00042783853876759894,-0.22877276793737422,3.654225964443013e-06,0.03189375,0.70993125,-0.66740625,0.023961,-0.28465668,0.03546228
27.008009487763047,-9.324138683375338e-18,3.210128642283074,-2.803083143081454,0.00042783853876759894,-0.22877276793737422,3.654225964443013e-06,0.03189375,0.71938125,-0.66268125,0.03162852,-0.28944887999999996,0.02204412
27.01425633765757,-9.324138683375338e-18,3.210128642283074,-2.803083143081454,0.00042783853876759894,-0.22877276793737422,3.654225964443013e-06,0.03307499999999999,0.71938125,-0.6532312499999999,0.02971164,-0.19456332,0.0335454
27.024133486673236,-9.324138683375338e-18,3.210128642283074,-2.803083143081454,0.00042783853876759894,-0.22877276793737422,3.654225964443013e-06,0.028349999999999997,0.72646875,-0.6532312499999999,0.02683632,-0.29136576,0.024919439999999998
27.034471221268177,-9.324138683375338e-18,3.210128642283074,-2.803083143081454,0.00042783853876759894,-0.22877276793737422,3.654225964443013e-06,0.0307125,0.7182,-0.6591374999999999,0.0287532,-0.25494503999999996,0.02587788
27.04590374045074,-9.324138683375338e-18,3.210128642283074,-2.803083143081454,0.00042783853876759894,-0.22877276793737422,3.654225964443013e-06,0.025987499999999997,0.72410625,-0.65559375,0.01054284,-0.30670079999999994,0.01629348
27.05437304638326,-9.324138683375338e-18,3.210128642283074,-2.803083143081454,0.00042783853876759894,-0.22877276793737422,3.654225964443013e-06,0.03307499999999999,0.72410625,-0.656775,0.03642072,-0.28561512,0.0287532
27.06688255816698,-9.324138683375338e-18,3.210128642283074,-2.803083143081454,0.00042783853876759894,-0.22877276793737422,3.654225964443013e-06,0.02716875,0.72174375,-0.656775,0.03737916,-0.27219696,0.023961
27.074218474328518,-9.324138683375338e-18,3.210128642283074,-2.803083143081454,0.00042783853876759894,-0.22877276793737422,3.654225964443013e-06,0.02716875,0.7229249999999999,-0.65559375,0.03833759999999999,-0.27794759999999996,0.03067008
27.084315214306116,-9.324138683375338e-18,3.210128642283074,-2.803083143081454,0.00042783853876759894,-0.22877276793737422,3.654225964443013e-06,0.02953125,0.72765,-0.6496875,0.03162852,-0.2827398,0.03162852
27.094369189813733,-9.324138683375338e-18,3.210128642283074,-2.803083143081454,0.00042783853876759894,-0.22877276793737422,3.654225964443013e-06,0.0307125,0.7288312499999999,-0.66031875,0.02683632,-0.27219696,0.02108568
27.105056773871183,-9.324138683375338e-18,3.210128642283074,-2.803083143081454,0.00042783853876759894,-0.22877276793737422,3.654225964443013e-06,0.03307499999999999,0.7229249999999999,-0.6591374999999999,0.024919439999999998,-0.28369824,0.03737916
27.11553963460028,-9.324138683375338e-18,3.210128642283074,-2.803083143081454,0.00042783853876759894,-0.22877276793737422,3.654225964443013e-06,0.035437500000000004,0.71465625,-0.65086875,0.02683632,-0.28178136000000004,0.023961
27.12439139932394,-9.324138683375338e-18,3.210128642283074,-2.803083143081454,0.00042783853876759894,-0.22877276793737422,3.654225964443013e-06,0.028349999999999997,0.7170187499999999,-0.6544125,0.02971164,-0.28944887999999996,0.04025448
27.135127998888493,-9.324138683375338e-18,3.210128642283074,-2.803083143081454,0.00042783853876759894,-0.22877276793737422,3.654225964443013e-06,0.03661875,0.7158375,-0.6615,0.0287532,-0.26261256,-0.04600512
27.14429810270667,-9.324138683375338e-18,3.210128642283074,-2.803083143081454,0.00042783853876759894,-0.22877276793737422,3.654225964443013e-06,0.025987499999999997,0.7229249999999999,-0.65795625,0.05175576,-0.26644632,0.02779476
27.154206665232778,-9.324138683375338e-18,3.210128642283074,-2.803083143081454,0.00042783853876759894,-0.22877276793737422,3.654225964443013e-06,0.03307499999999999,0.72410625,-0.66031875,0.023961,-0.287532,0.024919439999999998
27.165169410407543,-9.324138683375338e-18,3.210128642283074,-2.803083143081454,0.00042783853876759894,-0.22877276793737422,3.654225964443013e-06,0.028349999999999997,0.72174375,-0.6496875,0.02779476,-0.27890603999999997,0.02683632
27.174154786393046,-9.324138683375338e-18,3.210128642283074,-2.803083143081454,0.00042783853876759894,-0.22877276793737422,3.654225964443013e-06,0.02008125,0.7252875,-0.6532312499999999,0.03162852,-0.27794759999999996,0.03929604
27.18423467501998,-9.324138683375338e-18,3.210128642283074,-2.803083143081454,0.00042783853876759894,-0.22877276793737422,3.654225964443013e-06,0.02480625,0.7229249999999999,-0.6591374999999999,0.02971164,-0.28082292000000003,0.03258696
27.19584232568741,-9.324138683375338e-18,3.210128642283074,-2.803083143081454,0.00042783853876759894,-0.22877276793737422,3.654225964443013e-06,0.03307499999999999,0.72174375,-0.6685875,0.03737916,-0.28369824,0.02012724
27.204471742734313,-9.324138683375338e-18,3.210128642283074,-2.803083143081454,0.00042783853876759894,-0.22877276793737422,3.654225964443013e-06,0.03661875,0.7229249999999999,-0.6544125,0.02779476,-0.28082292000000003,0.0287532
27.21508993394673,-9.324138683375338e-18,3.210128642283074,-2.803083143081454,0.00042783853876759894,-0.22877276793737422,3.654225964443013e-06,0.0307125,0.7182,-0.65086875,0.03067008,-0.28465668,0.02683632
27.228597030043602,-9.324138683375338e-18,3.210128642283074,-2.803083143081454,0.00042783853876759894,-0.22877276793737422,3.654225964443013e-06,0.03189375,0.7229249999999999,-0.65795625,0.0335454,-0.27986448,0.02108568
27.23918380588293,-9.324138683375338e-18,3.210128642283074,-2.803083143081454,0.00042783853876759894,-0.22877276793737422,3.654225964443013e-06,0.03661875,0.7205625,-0.65795625,0.0287532,-0.28561512,0.02683632
27.248746862635016,-9.324138683375338e-18,3.210128642283074,-2.803083143081454,0.00042783853876759894,-0.22877276793737422,3.654225964443013e-06,0.03189375,0.7205625,-0.6615,0.0335454,-0.30478392,0.019168799999999996
27.25714715383947,-9.324138683375338e-18,3.210128642283074,-2.803083143081454,0.00042783853876759894,-0.22877276793737422,3.654225964443013e-06,0.0307125,0.72765,-0.6615,0.03162852,-0.2923242,0.02204412
27.267476856708527,-9.324138683375338e-18,3.210128642283074,-2.803083143081454,0.00042783853876759894,-0.22877276793737422,3.654225964443013e-06,0.034256249999999995,0.7252875,-0.6591374999999999,0.0143766,-0.27507228,0.02971164
27.278921933844686,-9.324138683375338e-18,3.210128642283074,-2.803083143081454,0.00042783853876759894,-0.22877276793737422,3.654225964443013e-06,0.038981249999999995,0.7229249999999999,-0.6591374999999999,0.02971164,-0.2731554,0.02683632
27.288126952946186,-9.324138683375338e-18,3.210128642283074,-2.803083143081454,0.00042783853876759894,-0.22877276793737422,3.654225964443013e-06,0.03661875,0.7252875,-0.656775,0.03258696,-0.2731554,0.02204412
27.298316713422537,-9.324138683375338e-18,3.210128642283074,-2.803083143081454,0.00042783853876759894,-0.22877276793737422,3.654225964443013e-06,0.034256249999999995,0.7205625,-0.65795625,0.03067008,-0.28561512,0.02779476
27.309240201488137,-9.324138683375338e-18,3.210128642283074,-2.803083143081454,0.00042783853876759894,-0.22877276793737422,3.654225964443013e-06,0.0307125,0.72410625,-0.6638625,0.02683632,-0.28178136000000004,0.03162852
27.322457045316696,-9.324138683375338e-18,3.210128642283074,-2.803083143081454,0.00042783853876759894,-0.22877276793737422,3.654225964443013e-06,0.02953125,0.7158375,-0.6615,0.03067008,-0.28178136000000004,0.0287532
27.333087410777807,-9.324138683375338e-18,3.210128642283074,-2.803083143081454,0.00042783853876759894,-0.22877276793737422,3.654225964443013e-06,0.03189375,0.7158375,-0.65795625,0.02587788,-0.28082292000000003,0.02204412
27.33932596631348,-9.324138683375338e-18,3.210128642283074,-2.803083143081454,0.00042783853876759894,-0.22877276793737422,3.654225964443013e-06,0.03189375,0.7229249999999999,-0.65795625,0.02971164,-0.28082292000000003,0.02971164
27.35365468636155,-9.324138683375338e-18,3.210128642283074,-2.803083143081454,0.00042783853876759894,-0.22877276793737422,3.654225964443013e-06,0.02953125,0.72765,-0.656775,0.02971164,-0.27794759999999996,0.02971164
27.361894994974136,-9.324138683375338e-18,3.210128642283074,-2.803083143081454,0.00042783853876759894,-0.22877276793737422,3.654225964443013e-06,0.028349999999999997,0.7182,-0.656775,0.03450384,-0.34791372000000004,0.03258696
27.372119918465614,-9.324138683375338e-18,3.210128642283074,-2.803083143081454,0.00042783853876759894,-0.22877276793737422,3.654225964443013e-06,0.034256249999999995,0.7182,-0.6544125,0.0575064,-0.2539866,0.04600512
27.381148410961032,-9.324138683375338e-18,3.210128642283074,-2.803083143081454,0.00042783853876759894,-0.22877276793737422,3.654225964443013e-06,0.02953125,0.72410625,-0.65559375,0.024919439999999998,-0.27028008,0.03737916
27.392940498888493,-9.324138683375338e-18,3.210128642283074,-2.803083143081454,0.00042783853876759894,-0.22877276793737422,3.654225964443013e-06,0.0378,0.7111124999999999,-0.65795625,0.03258696,-0.2827398,0.03162852
27.404084058478475,-9.324138683375338e-18,3.210128642283074,-2.803083143081454,0.00042783853876759894,-0.22877276793737422,3.654225964443013e-06,0.028349999999999997,0.71938125,-0.6650437499999999,0.02779476,-0.27890603999999997,0.024919439999999998
27.41442557051778,-9.324138683375338e-18,3.210128642283074,-2.803083143081454,0.00042783853876759894,-0.22877276793737422,3.654225964443013e-06,0.03307499999999999,0.7205625,-0.65086875,0.03258696,-0.28369824,0.03546228
27.424343071877956,-9.324138683375338e-18,3.210128642283074,-2.803083143081454,0.00042783853876759894,-0.22877276793737422,3.654225964443013e-06,0.03307499999999999,0.7229249999999999,-0.6544125,0.02971164,-0.2827398,0.03450384
27.434127021580935,-9.324138683375338e-18,3.210128642283074,-2.803083143081454,0.00042783853876759894,-0.22877276793737422,3.654225964443013e-06,0.03307499999999999,0.7229249999999999,-0.65205,0.03258696,-0.27698915999999996,0.02587788
27.44412478990853,-9.324138683375338e-18,3.210128642283074,-2.803083143081454,0.00042783853876759894,-0.22877276793737422,3.654225964443013e-06,0.028349999999999997,0.7205625,-0.6496875,0.01629348,-0.28178136000000004,0.03929604
27.453451830893755,-9.324138683375338e-18,3.210128642283074,-2.803083143081454,0.00042783853876759894,-0.22877276793737422,3.654225964443013e-06,0.02953125,0.71465625,-0.65795625,0.00287532,-0.28465668,0.03929604
27.46721851080656,-9.324138683375338e-18,3.210128642283074,-2.803083143081454,0.00042783853876759894,-0.22877276793737422,3.654225964443013e-06,0.03307499999999999,0.7205625,-0.6650437499999999,0.04121292,-0.287532,0.02971164
27.475598165765405,-9.324138683375338e-18,3.210128642283074,-2.803083143081454,0.00042783853876759894,-0.22877276793737422,3.654225964443013e-06,0.028349999999999997,0.7205625,-0.6496875,0.0287532,-0.2971164,0.06517392
27.484230706468225,-9.324138683375338e-18,3.210128642283074,-2.803083143081454,0.00042783853876759894,-0.22877276793737422,3.654225964443013e-06,0.03661875,0.7158375,-0.6532312499999999,0.04600512,-0.28944887999999996,0.019168799999999996
27.49458140321076,-9.324138683375338e-18,3.210128642283074,-2.803083143081454,0.00042783853876759894,-0.22877276793737422,3.654225964443013e-06,0.034256249999999995,0.7229249999999999,-0.65795625,0.04025448,-0.28082292000000003,0.03450384
27.50416294671595,-9.324138683375338e-18,3.210128642283074,-2.803083143081454,0.00042783853876759894,-0.22877276793737422,3.654225964443013e-06,0.03307499999999999,0.7182,-0.6544125,0.03642072,-0.27890603999999997,0.02683632
27.514855282381177,-9.324138683375338e-18,3.210128642283074,-2.803083143081454,0.00042783853876759894,-0.22877276793737422,3.654225964443013e-06,0.0401625,0.7229249999999999,-0.66031875,0.0287532,-0.27986448,0.02300256
27.524431314319372,-9.324138683375338e-18,3.210128642283074,-2.803083143081454,0.00042783853876759894,-0.22877276793737422,3.654225964443013e-06,0.02716875,0.7170187499999999,-0.6473249999999999,0.03067008,-0.28178136000000004,0.03450384
27.533965887501836,-9.324138683375338e-18,3.210128642283074,-2.803083143081454,0.00042783853876759894,-0.22877276793737422,3.654225964443013e-06,0.0307125,0.7205625,-0.66031875,0.03067008,-0.28561512,0.03258696
27.544026363641024,-9.324138683375338e-18,3.210128642283074,-2.803083143081454,0.00042783853876759894,-0.22877276793737422,3.654225964443013e-06,0.023625,0.7205625,-0.6638625,0.00862596,-0.28369824,0.03642072
27.55430483072996,-9.324138683375338e-18,3.210128642283074,-2.803083143081454,0.00042783853876759894,-0.22877276793737422,3.654225964443013e-06,0.03189375,0.7252875,-0.6544125,0.0335454,-0.28082292000000003,0.02300256
27.568244349211454,-9.324138683375338e-18,3.210128642283074,-2.803083143081454,0.00042783853876759894,-0.22877276793737422,3.654225964443013e-06,0.02716875,0.7158375,-0.656775,0.0335454,-0.27794759999999996,0.03258696
27.58288201317191,-9.324138683375338e-18,3.210128642283074,-2.803083143081454,0.00042783853876759894,-0.22877276793737422,3.654225964443013e-06,0.03307499999999999,0.72410625,-0.66031875,0.01725192,-0.28082292000000003,0.0335454
27.584468377754092,-9.324138683375338e-18,3.210128642283074,-2.803083143081454,0.00042783853876759894,-0.22877276793737422,3.654225964443013e-06,0.03307499999999999,0.72410625,-0.66031875,0.01725192,-0.28082292000000003,0.0335454
27.59502026066184,-9.324138683375338e-18,3.210128642283074,-2.803083143081454,0.00042783853876759894,-0.22877276793737422,3.654225964443013e-06,0.03189375,0.72646875,-0.656775,0.03067008,-0.26548787999999995,0.03929604
27.607158437371254,-9.324138683375338e-18,3.210128642283074,-2.803083143081454,0.00042783853876759894,-0.22877276793737422,3.654225964443013e-06,0.03189375,0.71938125,-0.666225,0.01341816,-0.28369824,0.02971164
27.615938391536474,-9.324138683375338e-18,3.210128642283074,-2.803083143081454,0.00042783853876759894,-0.22877276793737422,3.654225964443013e-06,0.035437500000000004,0.72646875,-0.6638625,0.03929604,-0.28082292000000003,0.03642072
27.6268870215863,-9.324138683375338e-18,3.210128642283074,-2.803083143081454,0.00042783853876759894,-0.22877276793737422,3.654225964443013e-06,0.02953125,0.72410625,-0.66031875,0.03929604,-0.28082292000000003,0.023961
27.63908464461565,-9.324138683375338e-18,3.210128642283074,-2.803083143081454,0.00042783853876759894,-0.22877276793737422,3.654225964443013e-06,0.0307125,0.72765,-0.6591374999999999,0.03450384,-0.28369824,0.02779476
27.647908141836524,-9.324138683375338e-18,3.210128642283074,-2.803083143081454,0.00042783853876759894,-0.22877276793737422,3.654225964443013e-06,0.02716875,0.73119375,-0.6615,0.03450384,-0.28657356,0.02779476
27.658813647925854,-9.324138683375338e-18,3.210128642283074,-2.803083143081454,0.00042783853876759894,-0.22877276793737422,3.654225964443013e-06,0.0307125,0.7170187499999999,-0.6532312499999999,0.03258696,-0.28178136000000004,0.03642072
27.669027941301465,-9.324138683375338e-18,3.210128642283074,-2.803083143081454,0.00042783853876759894,-0.22877276793737422,3.654225964443013e-06,0.025987499999999997,0.72174375,-0.6650437499999999,0.03162852,-0.28178136000000004,0.0287532
27.679263094440103,-9.324138683375338e-18,3.210128642283074,-2.803083143081454,0.00042783853876759894,-0.22877276793737422,3.654225964443013e-06,0.02716875,0.72410625,-0.66031875,0.0287532,-0.27890603999999997,0.024919439999999998
27.6893755979836,-9.324138683375338e-18,3.210128642283074,-2.803083143081454,0.00042783853876759894,-0.22877276793737422,3.654225964443013e-06,0.034256249999999995,0.72410625,-0.6591374999999999,0.03162852,-0.27507228,0.02683632
27.699346454814076,-9.324138683375338e-18,3.210128642283074,-2.803083143081454,0.00042783853876759894,-0.22877276793737422,3.654225964443013e-06,0.02480625,0.72410625,-0.65795625,0.02012724,-0.20127240000000002,0.03929604
27.709507217630744,-9.324138683375338e-18,3.210128642283074,-2.803083143081454,0.00042783853876759894,-0.22877276793737422,3.654225964443013e-06,0.035437500000000004,0.72646875,-0.6615,0.04121292,-0.29615796,0.02779476
27.719246530905366,-2.2768245622195593e-17,3.210068633964058,-2.80314315140047,0.0003954714583070673,-0.2288317282533633,3.655232150861377e-06,0.03189375,0.7252875,-0.6591374999999999,0.03642072,-0.27507228,0.02587788
27.729207394644618,-9.324138683375338e-18,3.210128642283074,-2.803083143081454,0.00042783853876759894,-0.22877276793737422,3.654225964443013e-06,0.03661875,0.71938125,-0.66268125,0.03450384,-0.27986448,0.02587788
27.739340893924236,-9.324138683375338e-18,3.210128642283074,-2.803083143081454,0.00042783853876759894,-0.22877276793737422,3.654225964443013e-06,0.03189375,0.72410625,-0.65795625,0.03546228,-0.27794759999999996,0.02204412
27.749290170148015,-9.324138683375338e-18,3.210128642283074,-2.803083143081454,0.00042783853876759894,-0.22877276793737422,3.654225964443013e-06,0.03189375,0.72410625,-0.65795625,0.02779476,-0.28657356,0.03450384
27.759377989917994,-9.324138683375338e-18,3.210128642283074,-2.803083143081454,0.00042783853876759894,-0.22877276793737422,3.654225964443013e-06,0.03189375,0.7229249999999999,-0.66031875,0.03162852,-0.28465668,0.0335454
27.773342387750745,-9.324138683375338e-18,3.210128642283074,-2.803083143081454,0.00042783853876759894,-0.22877276793737422,3.654225964443013e-06,0.02480625,0.7205625,-0.6532312499999999,0.0335454,-0.28465668,0.02779476
27.780687475576997,-9.324138683375338e-18,3.210128642283074,-2.803083143081454,0.00042783853876759894,-0.22877276793737422,3.654225964443013e-06,0.02480625,0.72410625,-0.6532312499999999,0.02971164,-0.28465668,0.03833759999999999
27.793554466217756,-9.324138683375338e-18,3.210128642283074,-2.803083143081454,0.00042783853876759894,-0.22877276793737422,3.654225964443013e-06,0.0378,0.71938125,-0.6532312499999999,0.02779476,-0.27794759999999996,0.05463108
27.803206322714686,-9.324138683375338e-18,3.210128642283074,-2.803083143081454,0.00042783853876759894,-0.22877276793737422,3.654225964443013e-06,0.028349999999999997,0.71938125,-0.65205,0.0287532,-0.28369824,0.03450384
27.812091030180454,-9.324138683375338e-18,3.210128642283074,-2.803083143081454,0.00042783853876759894,-0.22877276793737422,3.654225964443013e-06,0.0307125,0.7252875,-0.65559375,0.0287532,-0.2971164,0.024919439999999998
27.824235059320927,-9.324138683375338e-18,3.210128642283074,-2.803083143081454,0.00042783853876759894,-0.22877276793737422,3.654225964443013e-06,0.028349999999999997,0.73355625,-0.65086875,0.0335454,-0.27603072,0.04217136
27.834201036021113,-9.324138683375338e-18,3.210128642283074,-2.803083143081454,0.00042783853876759894,-0.22877276793737422,3.654225964443013e-06,0.038981249999999995,0.72646875,-0.6615,0.02779476,-0.28465668,0.02779476
27.84493629448116,-9.324138683375338e-18,3.210128642283074,-2.803083143081454,0.00042783853876759894,-0.22877276793737422,3.654225964443013e-06,0.025987499999999997,0.71938125,-0.64614375,0.0287532,-0.27890603999999997,0.03833759999999999
