time_s,target_angle_rad,joint1_angle_rad,joint2_angle_rad,joint3_angle_rad,joint4_angle_rad,joint5_angle_rad,joint6_angle_rad,joint1_velocity_rad_s,joint2_velocity_rad_s,joint3_velocity_rad_s,joint4_velocity_rad_s,joint5_velocity_rad_s,joint6_velocity_rad_s,joint1_torque_nm,joint2_torque_nm,joint3_torque_nm,joint4_torque_nm,joint5_torque_nm,joint6_torque_nm
0.0000,0.0000,0.000000,0.012000,-0.703000,0.000000,-0.524000,0.000000,0.008000,-0.001000,0.001000,0.009000,-0.013000,-0.023000,0.015356,1.093837,-0.680400,-0.084343,-0.315327,-0.023003
0.0021,0.0000,0.000000,0.012000,-0.703000,0.000000,-0.524000,0.000000,0.008000,-0.001000,0.001000,0.009000,-0.013000,-0.023000,0.015356,1.093837,-0.680400,-0.084343,-0.315327,-0.023003
0.0042,0.0020,0.000000,0.012000,-0.703000,0.000000,-0.524000,0.000000,0.008000,-0.001000,-0.005000,-0.011000,-0.013000,0.026000,0.015356,1.093837,-0.692213,-0.062299,-0.315327,-0.022044
0.0063,0.0060,0.000000,0.012000,-0.703000,0.000000,-0.524000,0.000000,0.008000,-0.001000,-0.005000,-0.011000,-0.013000,0.026000,0.015356,1.093837,-0.692213,-0.062299,-0.315327,-0.022044
0.0084,0.0110,0.000000,0.012000,-0.703000,0.000000,-0.524000,0.000000,0.006000,0.000000,-0.005000,-0.011000,-0.013000,0.026000,0.035438,1.116281,-0.692213,-0.062299,-0.315327,-0.022044
0.0105,0.0170,0.000000,0.012000,-0.703000,0.000000,-0.524000,0.000000,0.006000,0.000000,0.001000,0.007000,-0.017000,-0.013000,0.035438,1.116281,-0.691031,-0.071883,-0.311493,-0.021086
0.0125,0.0240,0.000000,0.012000,-0.703000,0.000000,-0.524000,0.000000,0.006000,0.000000,0.001000,0.007000,-0.017000,-0.013000,0.035438,1.116281,-0.691031,-0.071883,-0.311493,-0.021086
0.0146,0.0330,0.000000,0.012000,-0.703000,0.000000,-0.524000,0.000000,-0.002000,-0.001000,0.003000,-0.003000,0.030000,-0.013000,0.024806,1.097381,-0.691031,-0.073800,-0.315327,-0.021086
0.0166,0.0430,0.000000,0.012000,-0.703000,0.000000,-0.524000,0.000000,-0.002000,-0.001000,0.003000,-0.003000,0.030000,-0.013000,0.024806,1.097381,-0.691031,-0.073800,-0.315327,-0.021086
0.0187,0.0540,0.000000,0.012000,-0.703000,0.000000,-0.524000,0.000000,-0.002000,-0.001000,0.003000,-0.003000,0.030000,-0.013000,0.024806,1.097381,-0.691031,-0.073800,-0.315327,-0.021086
0.0207,0.0670,0.000000,0.012000,-0.703000,0.000000,-0.524000,0.000000,-0.002000,-0.001000,0.003000,-0.003000,0.009000,0.015000,0.024806,1.097381,-0.691031,-0.073800,-0.317244,-0.011501
0.0228,0.0810,0.000000,0.012000,-0.703000,0.000000,-0.524000,0.000000,-0.002000,-0.001000,0.003000,-0.003000,0.009000,0.015000,0.024806,1.097381,-0.691031,-0.073800,-0.317244,-0.011501
0.0248,0.0970,0.000000,0.012000,-0.703000,0.000000,-0.524000,0.000000,-0.002000,-0.002000,0.003000,0.009000,0.009000,0.015000,0.029531,1.093837,-0.682762,-0.079551,-0.317244,0.021086
0.0269,0.1140,0.000000,0.012000,-0.703000,0.000000,-0.524000,0.000000,-0.002000,-0.002000,0.003000,0.009000,0.009000,0.015000,0.029531,1.093837,-0.682762,-0.079551,-0.317244,0.021086
0.0290,0.1320,0.000000,0.012000,-0.703000,0.000000,-0.524000,0.000000,-0.007000,-0.001000,0.000000,-0.011000,0.001000,0.015000,0.048431,1.106831,-0.676856,-0.069966,-0.310535,0.021086
0.0310,0.1510,0.000000,0.012000,-0.703000,0.000000,-0.524000,0.000000,-0.007000,-0.001000,0.000000,-0.011000,0.001000,0.026000,0.048431,1.106831,-0.676856,-0.069966,-0.310535,0.049839
0.0334,0.1760,0.000000,0.012000,-0.703000,0.000000,-0.524000,0.000000,-0.007000,-0.001000,0.000000,-0.011000,0.001000,0.026000,0.048431,1.106831,-0.676856,-0.069966,-0.310535,0.049839
0.0355,0.1980,0.000000,0.012000,-0.703000,0.000000,-0.524000,0.000000,-0.011000,0.001000,0.000000,-0.011000,-0.023000,0.026000,0.041344,1.098563,-0.676856,-0.069966,-0.314368,0.049839
0.0375,0.2220,0.000000,0.012000,-0.703000,0.000000,-0.524000,0.000000,-0.011000,0.001000,0.000000,-0.011000,-0.023000,0.026000,0.041344,1.098563,-0.676856,-0.069966,-0.314368,0.049839
0.0398,0.2500,0.000000,0.012000,-0.703000,0.000000,-0.524000,0.000000,-0.011000,0.001000,-0.003000,0.007000,-0.023000,0.093000,0.041344,1.098563,-0.696937,-0.076675,-0.314368,0.045047
0.0419,0.2760,0.000000,0.012000,-0.703000,0.000000,-0.524000,0.000000,-0.011000,0.001000,-0.003000,0.007000,-0.023000,0.093000,0.041344,1.098563,-0.696937,-0.076675,-0.314368,0.045047
0.0439,0.3040,0.000000,0.012000,-0.703000,0.000000,-0.524000,0.000000,0.000000,0.001000,0.000000,0.007000,-0.023000,0.093000,0.038981,1.095019,-0.706387,-0.076675,-0.314368,0.045047
0.0460,0.3330,0.000000,0.012000,-0.703000,0.000000,-0.524000,0.002000,0.000000,0.001000,0.000000,0.005000,-0.013000,0.232000,0.038981,1.095019,-0.706387,-0.064215,-0.304784,-0.099678
0.0481,0.3650,0.000000,0.012000,-0.703000,0.000000,-0.524000,0.002000,0.000000,0.001000,0.000000,0.005000,-0.013000,0.232000,0.038981,1.095019,-0.706387,-0.064215,-0.304784,-0.099678
0.0502,0.3970,0.000000,0.012000,-0.703000,0.000000,-0.524000,0.002000,0.003000,0.003000,0.000000,0.065000,0.007000,0.232000,0.018900,1.109194,-0.686306,-0.111179,-0.310535,-0.099678
0.0523,0.4300,0.000000,0.012000,-0.703000,0.000000,-0.524000,0.002000,0.003000,0.003000,0.000000,0.065000,0.007000,0.232000,0.018900,1.109194,-0.686306,-0.111179,-0.310535,-0.099678
0.0543,0.4650,0.000000,0.012000,-0.703000,0.000000,-0.524000,0.002000,0.003000,0.003000,0.000000,0.065000,0.026000,0.232000,0.018900,1.109194,-0.686306,-0.111179,-0.322994,-0.099678
0.0564,0.5010,0.000000,0.012000,-0.703000,0.000000,-0.524000,0.002000,0.003000,0.003000,0.000000,0.065000,0.026000,0.019000,0.018900,1.109194,-0.686306,-0.111179,-0.322994,0.043130
0.0585,0.5390,0.000000,0.012000,-0.703000,0.000000,-0.524000,0.002000,0.000000,0.003000,0.000000,0.065000,0.026000,0.019000,0.046069,1.109194,-0.686306,-0.111179,-0.322994,0.043130
0.0606,0.5780,0.000000,0.012000,-0.703000,0.000000,-0.524000,0.004000,0.000000,-0.002000,0.002000,-0.057000,0.026000,0.429000,0.046069,1.103287,-0.709931,-0.046964,-0.322994,-0.088176
0.0626,0.6170,0.000000,0.012000,-0.703000,0.000000,-0.524000,0.004000,0.000000,-0.002000,0.002000,-0.057000,0.026000,0.429000,0.046069,1.103287,-0.709931,-0.046964,-0.322994,-0.088176
0.0647,0.6590,0.000000,0.012000,-0.703000,0.000000,-0.524000,0.004000,-0.007000,-0.001000,-0.002000,0.063000,-0.021000,-0.005000,0.049612,1.084387,-0.693394,-0.177311,-0.307659,0.072841
0.0668,0.7010,0.000000,0.012000,-0.703000,0.000000,-0.524000,0.004000,-0.007000,-0.001000,-0.002000,0.063000,-0.021000,-0.005000,0.049612,1.084387,-0.693394,-0.177311,-0.307659,0.072841
0.0691,0.7530,0.000000,0.012000,-0.703000,0.000000,-0.524000,0.004000,-0.003000,-0.001000,-0.002000,0.063000,-0.021000,-0.005000,0.018900,1.097381,-0.693394,-0.177311,-0.307659,0.072841
0.0712,0.7980,0.000000,0.012000,-0.703000,0.000000,-0.524000,0.004000,-0.003000,-0.001000,-0.002000,0.063000,-0.001000,-0.005000,0.018900,1.097381,-0.693394,-0.177311,-0.314368,0.072841
0.0734,0.8470,0.000000,0.012000,-0.703000,0.000000,-0.524000,0.004000,-0.003000,-0.001000,-0.002000,0.063000,-0.001000,-0.005000,0.018900,1.097381,-0.693394,-0.177311,-0.314368,0.072841
0.0754,0.8950,0.000000,0.012000,-0.703000,0.000000,-0.524000,0.005000,-0.003000,-0.001000,0.006000,-0.086000,-0.001000,0.078000,0.018900,1.097381,-0.705206,-0.067091,-0.314368,0.202231
0.0775,0.9440,0.000000,0.012000,-0.703000,0.000000,-0.524000,0.005000,-0.003000,-0.001000,0.006000,-0.086000,-0.001000,0.078000,0.018900,1.097381,-0.705206,-0.067091,-0.314368,0.202231
0.0796,0.9960,0.000000,0.012000,-0.703000,0.000000,-0.524000,0.007000,0.002000,0.000000,0.000000,0.019000,0.003000,0.024000,0.021263,1.103287,-0.709931,-0.071883,-0.316285,0.028753
0.0816,1.0480,0.000000,0.012000,-0.703000,0.000000,-0.524000,0.007000,0.002000,0.000000,0.000000,0.019000,0.003000,0.024000,0.021263,1.103287,-0.709931,-0.071883,-0.316285,0.028753
0.0838,1.1030,0.000000,0.012000,-0.703000,0.000000,-0.524000,0.007000,0.002000,0.000000,0.000000,0.019000,0.003000,0.024000,0.021263,1.103287,-0.709931,-0.071883,-0.316285,0.028753
0.0858,1.1580,0.000000,0.012000,-0.703000,0.000000,-0.524000,0.007000,0.008000,0.001000,0.000000,-0.069000,0.001000,0.024000,0.008269,1.095019,-0.696937,-0.077634,-0.322036,0.028753
0.0879,1.2150,0.000000,0.012000,-0.703000,0.000000,-0.524000,0.007000,0.008000,0.001000,0.000000,-0.069000,0.001000,0.024000,0.008269,1.095019,-0.696937,-0.077634,-0.322036,0.028753
0.0900,1.2720,0.000000,0.012000,-0.703000,0.000000,-0.524000,0.010000,0.008000,0.001000,0.000000,-0.069000,0.021000,0.379000,0.008269,1.095019,-0.696937,-0.077634,-0.318202,-0.112137
0.0920,1.3310,0.000000,0.012000,-0.703000,0.000000,-0.524000,0.010000,0.008000,0.001000,0.000000,-0.069000,0.021000,0.379000,0.008269,1.095019,-0.696937,-0.077634,-0.318202,-0.112137
0.0942,1.3940,0.000000,0.012000,-0.703000,0.000000,-0.524000,0.010000,0.003000,-0.001000,0.002000,0.107000,0.021000,0.379000,0.018900,1.102106,-0.700481,-0.105428,-0.318202,-0.112137
0.0963,1.4560,0.000000,0.012000,-0.703000,0.000000,-0.524000,0.010000,0.003000,-0.001000,0.002000,0.107000,0.021000,0.185000,0.018900,1.102106,-0.700481,-0.105428,-0.318202,0.212774
0.0984,1.5200,0.000000,0.012000,-0.703000,0.000000,-0.524000,0.010000,0.003000,-0.001000,0.002000,0.107000,0.021000,0.185000,0.018900,1.102106,-0.700481,-0.105428,-0.318202,0.212774
0.1004,1.5840,0.000000,0.012000,-0.703000,0.000000,-0.524000,0.012000,0.000000,0.000000,0.000000,-0.107000,0.009000,0.105000,0.017719,1.105650,-0.698119,-0.020127,-0.316285,0.117888
0.1025,1.6500,0.000000,0.012000,-0.703000,0.000000,-0.524000,0.012000,0.000000,0.000000,0.000000,-0.107000,0.009000,0.105000,0.017719,1.105650,-0.698119,-0.020127,-0.316285,0.117888
0.1048,1.7220,0.000000,0.012000,-0.703000,0.000000,-0.524000,0.012000,0.010000,0.000000,0.000000,-0.015000,0.009000,0.105000,0.024806,1.096200,-0.698119,-0.066132,-0.316285,0.117888
0.1068,1.7910,0.000000,0.012000,-0.703000,0.000000,-0.524000,0.012000,0.010000,0.000000,0.000000,-0.015000,0.000000,0.105000,0.024806,1.096200,-0.698119,-0.066132,-0.317244,0.117888
0.1089,1.8620,0.000000,0.012000,-0.703000,0.000000,-0.524000,0.012000,0.010000,0.000000,0.000000,-0.015000,0.000000,0.105000,0.024806,1.096200,-0.713475,-0.066132,-0.317244,0.117888
0.1110,1.9330,0.000000,0.012000,-0.703000,0.000000,-0.524000,0.014000,0.010000,0.000000,0.000000,-0.015000,0.000000,0.157000,0.024806,1.096200,-0.713475,-0.066132,-0.317244,0.094886
0.1131,2.0070,0.000000,0.012000,-0.703000,0.000000,-0.524000,0.014000,0.010000,0.000000,0.000000,-0.015000,0.000000,0.157000,0.024806,1.096200,-0.713475,-0.066132,-0.317244,0.094886
0.1152,2.0800,0.000000,0.012000,-0.703000,0.000000,-0.524000,0.017000,0.003000,0.002000,0.002000,0.040000,-0.026000,0.337000,0.024806,1.098563,-0.706387,-0.076675,-0.307659,0.108304
0.1172,2.1540,0.000000,0.012000,-0.703000,0.000000,-0.524000,0.017000,0.003000,0.002000,0.002000,0.040000,-0.026000,0.337000,0.024806,1.098563,-0.706387,-0.076675,-0.307659,0.108304
0.1193,2.2300,0.000000,0.012000,-0.703000,0.000000,-0.524000,0.017000,-0.004000,0.000000,0.004000,-0.001000,0.003000,0.337000,0.043706,1.082025,-0.711112,-0.053673,-0.322036,0.108304
0.1214,2.3080,0.000000,0.012000,-0.703000,0.000000,-0.524000,0.017000,-0.004000,0.000000,0.004000,-0.001000,0.003000,0.337000,0.043706,1.082025,-0.711112,-0.053673,-0.322036,0.108304
0.1236,2.3920,0.000000,0.012000,-0.703000,0.000000,-0.524000,0.017000,-0.004000,0.000000,0.004000,-0.001000,0.003000,0.337000,0.043706,1.082025,-0.711112,-0.053673,-0.322036,0.108304
0.1256,2.4720,0.000000,0.012000,-0.703000,0.000000,-0.524000,0.019000,-0.004000,0.000000,0.004000,-0.001000,-0.001000,0.437000,0.043706,1.082025,-0.711112,-0.053673,-0.318202,0.077634
0.1277,2.5520,0.000000,0.012000,-0.703000,0.000000,-0.524000,0.019000,-0.004000,0.000000,0.004000,-0.001000,-0.001000,0.437000,0.043706,1.082025,-0.711112,-0.053673,-0.318202,0.077634
0.1298,2.6360,0.000000,0.012000,-0.703000,0.000000,-0.524000,0.022000,-0.005000,-0.001000,-0.008000,0.003000,-0.001000,0.552000,0.025987,1.095019,-0.699300,-0.069966,-0.318202,0.093927
0.1318,2.7190,0.000000,0.012000,-0.703000,0.000000,-0.524000,0.022000,-0.005000,-0.001000,-0.008000,0.003000,-0.001000,0.552000,0.025987,1.095019,-0.699300,-0.069966,-0.318202,0.093927
0.1341,2.8140,0.000000,0.012000,-0.703000,0.000000,-0.524000,0.022000,0.005000,-0.002000,-0.002000,0.009000,-0.001000,0.552000,0.021263,1.098563,-0.709931,-0.057506,-0.318202,0.093927
0.1362,2.9000,0.000000,0.012000,-0.703000,0.000000,-0.524000,0.025000,0.005000,-0.002000,-0.002000,0.009000,0.019000,0.650000,0.021263,1.098563,-0.709931,-0.057506,-0.325870,0.066132
0.1383,2.9910,0.000000,0.012000,-0.703000,0.000000,-0.524000,0.025000,0.005000,-0.002000,-0.002000,0.009000,0.019000,0.650000,0.021263,1.098563,-0.709931,-0.057506,-0.325870,0.066132
0.1404,3.0800,0.000000,0.012000,-0.703000,0.000000,-0.525000,0.025000,0.002000,-0.002000,-0.002000,-0.013000,-0.032000,0.650000,0.030713,1.082025,-0.709931,-0.045047,-0.302867,0.066132
0.1425,3.1700,0.000000,0.012000,-0.703000,0.000000,-0.525000,0.025000,0.002000,-0.002000,-0.002000,-0.013000,-0.032000,0.650000,0.030713,1.082025,-0.709931,-0.045047,-0.302867,0.066132
0.1448,3.2760,0.000000,0.012000,-0.703000,0.000000,-0.525000,0.028000,0.002000,-0.002000,-0.002000,-0.013000,-0.032000,0.580000,0.030713,1.082025,-0.701662,-0.045047,-0.302867,-0.038338
0.1469,3.3690,0.000000,0.012000,-0.703000,0.000000,-0.525000,0.028000,0.002000,-0.002000,-0.002000,-0.013000,-0.032000,0.580000,0.030713,1.082025,-0.701662,-0.045047,-0.302867,-0.038338
0.1490,3.4630,0.000000,0.012000,-0.703000,0.000000,-0.525000,0.028000,0.000000,0.000000,-0.002000,-0.013000,-0.032000,0.580000,0.034256,1.102106,-0.701662,-0.045047,-0.302867,-0.038338
0.1510,3.5590,0.000000,0.012000,-0.703000,0.000000,-0.524000,0.031000,0.000000,0.000000,-0.003000,-0.009000,-0.007000,0.293000,0.034256,1.102106,-0.702844,-0.038338,-0.315327,0.089135
0.1533,3.6650,0.000000,0.012000,-0.703000,0.000000,-0.524000,0.031000,0.000000,0.000000,-0.003000,-0.009000,-0.007000,0.293000,0.034256,1.102106,-0.702844,-0.038338,-0.315327,0.089135
0.1554,3.7640,0.000000,0.012000,-0.703000,0.000000,-0.524000,0.031000,0.000000,0.003000,0.000000,-0.003000,-0.011000,0.293000,0.027169,1.097381,-0.718200,-0.051756,-0.316285,0.089135
0.1574,3.8630,0.000000,0.012000,-0.703000,0.000000,-0.524000,0.031000,0.000000,0.003000,0.000000,-0.003000,-0.011000,0.293000,0.027169,1.097381,-0.718200,-0.051756,-0.316285,0.089135
0.1596,3.9660,0.000000,0.012000,-0.703000,0.000000,-0.524000,0.031000,0.000000,0.003000,0.000000,-0.003000,0.019000,0.293000,0.027169,1.097381,-0.718200,-0.051756,-0.314368,0.089135
0.1616,4.0690,0.000000,0.012000,-0.703000,0.000000,-0.524000,0.034000,0.000000,0.003000,0.000000,-0.003000,0.019000,0.483000,0.027169,1.097381,-0.718200,-0.051756,-0.314368,0.086260
0.1637,4.1700,0.000000,0.012000,-0.703000,0.000000,-0.524000,0.034000,0.001000,0.003000,-0.002000,-0.003000,0.019000,0.483000,0.028350,1.098563,-0.686306,-0.051756,-0.314368,0.086260
0.1657,4.2740,0.000000,0.012000,-0.703000,0.000000,-0.524000,0.037000,0.001000,0.003000,-0.002000,0.011000,0.019000,0.498000,0.028350,1.098563,-0.686306,-0.040254,-0.314368,0.097761
0.1678,4.3800,0.000000,0.012000,-0.703000,0.000000,-0.524000,0.037000,0.001000,0.003000,-0.002000,0.011000,0.019000,0.498000,0.028350,1.098563,-0.686306,-0.040254,-0.314368,0.097761
0.1700,4.4920,0.000000,0.012000,-0.703000,0.000000,-0.524000,0.041000,0.000000,0.004000,0.003000,0.003000,0.003000,0.648000,0.025987,1.095019,-0.704025,-0.043130,-0.333537,0.014377
0.1720,4.6000,0.000000,0.012000,-0.703000,0.000000,-0.524000,0.041000,0.000000,0.004000,0.003000,0.003000,0.003000,0.648000,0.025987,1.095019,-0.704025,-0.043130,-0.333537,0.014377
0.1742,4.7150,0.000000,0.012000,-0.703000,0.000000,-0.524000,0.041000,0.009000,0.000000,0.003000,0.003000,0.003000,0.648000,0.023625,1.099744,-0.704025,-0.043130,-0.333537,0.014377
0.1763,4.8260,0.000000,0.012000,-0.703000,0.000000,-0.524000,0.041000,0.009000,0.000000,0.003000,-0.017000,-0.001000,0.648000,0.023625,1.099744,-0.704025,-0.041213,-0.317244,0.014377
0.1786,4.9500,0.000000,0.012000,-0.703000,0.000000,-0.524000,0.041000,0.009000,0.000000,0.003000,-0.017000,-0.001000,0.648000,0.023625,1.099744,-0.704025,-0.041213,-0.317244,0.014377
0.1806,5.0640,0.000000,0.012000,-0.703000,0.000000,-0.524000,0.044000,0.009000,0.000000,0.005000,-0.017000,-0.001000,0.469000,0.023625,1.099744,-0.711112,-0.041213,-0.317244,0.139932
0.1827,5.1770,0.000000,0.012000,-0.703000,0.000000,-0.524000,0.044000,0.009000,0.000000,0.005000,-0.017000,-0.001000,0.469000,0.023625,1.099744,-0.711112,-0.041213,-0.317244,0.139932
0.1847,5.2930,0.000000,0.012000,-0.703000,0.000000,-0.524000,0.049000,-0.005000,0.000000,0.000000,0.046000,0.007000,0.502000,0.048431,1.092656,-0.709931,-0.052714,-0.328745,0.000000
0.1868,5.4090,0.000000,0.012000,-0.703000,0.000000,-0.524000,0.049000,-0.005000,0.000000,0.000000,0.046000,0.007000,0.502000,0.048431,1.092656,-0.709931,-0.052714,-0.328745,0.000000
0.1891,5.5380,0.000000,0.012000,-0.703000,0.000000,-0.524000,0.049000,-0.006000,0.000000,-0.004000,0.046000,0.007000,0.502000,0.028350,1.090294,-0.687487,-0.052714,-0.328745,0.000000
0.1911,5.6570,0.000000,0.012000,-0.703000,0.000000,-0.524000,0.049000,-0.006000,0.000000,-0.004000,-0.011000,-0.001000,0.502000,0.028350,1.090294,-0.687487,-0.044088,-0.313410,0.000000
0.1933,5.7820,0.000000,0.012000,-0.703000,0.000000,-0.524000,0.049000,-0.006000,0.000000,-0.004000,-0.011000,-0.001000,0.502000,0.028350,1.090294,-0.687487,-0.044088,-0.313410,0.000000
0.1953,5.9040,0.000000,0.012000,-0.703000,0.000000,-0.524000,0.054000,-0.006000,0.000000,-0.004000,-0.011000,0.017000,0.738000,0.028350,1.090294,-0.687487,-0.044088,-0.305742,-0.019169
0.1974,6.0270,0.000000,0.012000,-0.703000,0.000000,-0.524000,0.054000,-0.006000,0.000000,-0.004000,-0.011000,0.017000,0.738000,0.028350,1.090294,-0.687487,-0.044088,-0.305742,-0.019169
0.1994,6.1500,0.000000,0.012000,-0.703000,0.000000,-0.524000,0.054000,0.001000,0.002000,0.000000,-0.011000,0.017000,0.738000,0.035438,1.085569,-0.706387,-0.044088,-0.305742,-0.019169
0.2015,6.2760,0.000000,0.012000,-0.703000,0.000000,-0.524000,0.057000,0.001000,0.002000,0.000000,0.032000,0.017000,0.596000,0.035438,1.085569,-0.706387,-0.070925,-0.305742,0.051756
0.2038,6.4150,0.000000,0.012000,-0.703000,0.000000,-0.524000,0.057000,0.005000,0.000000,0.000000,0.032000,0.017000,0.596000,0.030713,1.096200,-0.706387,-0.070925,-0.305742,0.051756
0.2058,6.5430,0.000000,0.012000,-0.703000,0.000000,-0.524000,0.062000,0.005000,0.000000,0.001000,-0.015000,-0.005000,0.736000,0.030713,1.096200,-0.715838,-0.046964,-0.324911,0.026836
0.2079,6.6720,0.000000,0.012000,-0.703000,0.000000,-0.524000,0.062000,0.005000,0.000000,0.001000,-0.015000,-0.005000,0.736000,0.030713,1.096200,-0.715838,-0.046964,-0.324911,0.026836
0.2100,6.8010,0.000000,0.012000,-0.703000,0.000000,-0.524000,0.062000,0.000000,0.002000,0.001000,0.000000,-0.005000,0.736000,0.030713,1.090294,-0.715838,-0.056548,-0.321077,0.026836
0.2120,6.9330,0.000000,0.012000,-0.703000,0.000000,-0.524000,0.062000,0.000000,0.002000,0.001000,0.000000,-0.005000,0.736000,0.030713,1.090294,-0.715838,-0.056548,-0.321077,0.026836
0.2141,7.0660,0.000000,0.012000,-0.703000,0.000000,-0.524000,0.062000,0.000000,0.002000,-0.002000,0.000000,-0.005000,0.736000,0.030713,1.090294,-0.712294,-0.056548,-0.321077,0.026836
0.2162,7.1990,0.000000,0.012000,-0.703000,0.000000,-0.524000,0.066000,0.000000,0.002000,-0.002000,0.000000,-0.005000,0.640000,0.030713,1.090294,-0.712294,-0.056548,-0.321077,0.142808
0.2182,7.3340,0.000000,0.012000,-0.703000,0.000000,-0.524000,0.066000,0.000000,0.002000,-0.002000,0.000000,-0.005000,0.640000,0.030713,1.090294,-0.712294,-0.056548,-0.321077,0.142808
0.2203,7.4700,0.000000,0.012000,-0.703000,0.000000,-0.524000,0.070000,0.002000,-0.006000,-0.001000,-0.001000,-0.003000,0.425000,0.035438,1.092656,-0.733556,-0.059423,-0.326828,0.185937
0.2224,7.6070,0.000000,0.012000,-0.703000,0.000000,-0.524000,0.070000,0.002000,-0.006000,-0.001000,-0.001000,-0.003000,0.425000,0.035438,1.092656,-0.733556,-0.059423,-0.326828,0.185937
0.2244,7.7450,0.000000,0.012000,-0.703000,0.000000,-0.524000,0.070000,0.002000,0.002000,0.000000,0.000000,0.013000,0.425000,0.014175,1.092656,-0.711112,-0.070925,-0.315327,0.185937
0.2265,7.8840,0.000000,0.012000,-0.703000,0.000000,-0.524000,0.070000,0.002000,0.002000,0.000000,0.000000,0.013000,0.425000,0.014175,1.092656,-0.711112,-0.070925,-0.315327,0.185937
0.2286,8.0240,0.000000,0.012000,-0.703000,0.000000,-0.524000,0.070000,0.002000,0.002000,0.000000,0.000000,0.013000,0.425000,0.014175,1.092656,-0.711112,-0.070925,-0.315327,0.185937
0.2306,8.1660,0.000000,0.012000,-0.703000,0.000000,-0.524000,0.075000,0.002000,0.002000,0.000000,0.000000,-0.013000,0.538000,0.014175,1.092656,-0.711112,-0.070925,-0.317244,0.128431
0.2327,8.3070,0.000000,0.012000,-0.703000,0.000000,-0.524000,0.075000,0.002000,0.002000,0.000000,0.000000,-0.013000,0.538000,0.014175,1.092656,-0.711112,-0.070925,-0.317244,0.128431
0.2348,8.4550,0.000000,0.012000,-0.703000,0.000000,-0.524000,0.080000,0.007000,0.000000,-0.008000,0.013000,-0.013000,0.640000,0.021263,1.095019,-0.726469,-0.079551,-0.317244,0.115971
0.2369,8.6000,0.000000,0.012000,-0.703000,0.000000,-0.524000,0.080000,0.007000,0.000000,-0.008000,0.013000,-0.013000,0.640000,0.021263,1.095019,-0.726469,-0.079551,-0.317244,0.115971
0.2390,8.7500,0.000000,0.012000,-0.703000,0.000000,-0.524000,0.080000,0.007000,0.000000,-0.008000,0.013000,-0.013000,0.640000,0.021263,1.095019,-0.726469,-0.079551,-0.317244,0.115971
0.2410,8.8970,0.000000,0.012000,-0.703000,0.000000,-0.524000,0.085000,0.002000,0.000000,0.005000,-0.007000,0.013000,0.719000,0.017719,1.096200,-0.687487,-0.066132,-0.321077,0.062299
0.2432,9.0530,0.000000,0.012000,-0.703000,0.000000,-0.524000,0.085000,0.002000,0.000000,0.005000,-0.007000,0.013000,0.719000,0.017719,1.096200,-0.687487,-0.066132,-0.321077,0.062299
0.2453,9.2020,0.000000,0.012000,-0.703000,0.000000,-0.524000,0.085000,-0.009000,0.000000,0.005000,0.003000,-0.007000,0.719000,0.037800,1.096200,-0.687487,-0.077634,-0.312451,0.062299
0.2473,9.3530,0.000000,0.012000,-0.703000,0.000000,-0.524000,0.085000,-0.009000,0.000000,0.005000,0.003000,-0.007000,0.719000,0.037800,1.096200,-0.687487,-0.077634,-0.312451,0.062299
0.2495,9.5080,0.000000,0.012000,-0.703000,0.000000,-0.524000,0.085000,-0.009000,0.000000,0.005000,0.003000,-0.007000,0.719000,0.037800,1.096200,-0.701662,-0.077634,-0.312451,0.062299
0.2515,9.6610,0.000000,0.012000,-0.703000,0.000000,-0.524000,0.091000,-0.009000,0.000000,0.005000,0.003000,-0.007000,0.745000,0.037800,1.096200,-0.701662,-0.077634,-0.312451,0.039296
0.2536,9.8200,0.000000,0.012000,-0.703000,0.000000,-0.524000,0.091000,-0.005000,0.000000,0.005000,0.003000,-0.007000,0.745000,0.016537,1.096200,-0.701662,-0.077634,-0.312451,0.039296
0.2557,9.9710,0.000000,0.012000,-0.703000,0.000000,-0.524000,0.096000,-0.005000,-0.002000,0.001000,0.000000,0.000000,0.669000,0.016537,1.096200,-0.733556,-0.079551,-0.304784,0.097761
0.2577,10.1270,0.000000,0.012000,-0.703000,0.000000,-0.524000,0.096000,-0.005000,-0.002000,0.001000,0.000000,0.000000,0.669000,0.016537,1.096200,-0.733556,-0.079551,-0.304784,0.097761
0.2599,10.2930,0.000000,0.012000,-0.703000,0.000000,-0.524000,0.096000,-0.002000,0.000000,-0.002000,-0.021000,0.000000,0.669000,0.020081,1.096200,-0.726469,-0.079551,-0.304784,0.097761
0.2620,10.4520,0.000000,0.012000,-0.703000,0.000000,-0.524000,0.096000,-0.002000,0.000000,-0.002000,-0.021000,-0.005000,0.669000,0.020081,1.096200,-0.726469,-0.079551,-0.313410,0.097761
0.2644,10.6420,0.000000,0.012000,-0.703000,0.000000,-0.524000,0.096000,-0.002000,0.000000,-0.002000,-0.021000,0.009000,0.669000,0.020081,1.096200,-0.726469,-0.079551,-0.323953,0.097761
0.2665,10.8030,0.000000,0.012000,-0.703000,0.000000,-0.524000,0.102000,-0.002000,0.000000,-0.002000,-0.021000,0.009000,0.834000,0.020081,1.096200,-0.726469,-0.079551,-0.323953,0.124597
0.2688,10.9790,0.000000,0.012000,-0.703000,0.000000,-0.524000,0.102000,-0.002000,0.000000,-0.002000,-0.021000,0.009000,0.834000,0.020081,1.096200,-0.726469,-0.079551,-0.323953,0.124597
0.2708,11.1420,0.000000,0.012000,-0.703000,0.000000,-0.524000,0.108000,0.001000,0.000000,-0.005000,-0.013000,0.009000,0.912000,0.021263,1.091475,-0.704025,-0.067091,-0.323953,0.006709
0.2732,11.3290,0.000000,0.012000,-0.703000,0.000000,-0.524000,0.108000,0.001000,0.000000,-0.005000,-0.013000,0.009000,0.912000,0.021263,1.091475,-0.704025,-0.067091,-0.323953,0.006709
0.2754,11.5050,0.000000,0.012000,-0.703000,0.000000,-0.524000,0.113000,0.005000,0.004000,0.000000,0.000000,0.017000,0.696000,0.038981,1.084387,-0.674494,-0.069008,-0.322036,0.069008
0.2775,11.6710,0.000000,0.012000,-0.703000,0.000000,-0.524000,0.113000,0.005000,0.004000,0.000000,0.000000,0.017000,0.696000,0.038981,1.084387,-0.674494,-0.069008,-0.322036,0.069008
0.2796,11.8420,0.000000,0.012000,-0.703000,0.000000,-0.524000,0.113000,0.000000,0.002000,0.000000,0.003000,-0.003000,0.696000,0.041344,1.108012,-0.674494,-0.078592,-0.326828,0.069008
0.2816,12.0110,0.000000,0.012000,-0.703000,0.000000,-0.524000,0.113000,0.000000,0.002000,0.000000,0.003000,-0.003000,0.696000,0.041344,1.108012,-0.674494,-0.078592,-0.326828,0.069008
0.2837,12.1760,0.000000,0.012000,-0.703000,0.000000,-0.524000,0.113000,0.000000,0.002000,0.000000,0.003000,-0.003000,0.696000,0.041344,1.108012,-0.674494,-0.078592,-0.326828,0.069008
0.2857,12.3470,0.000000,0.012000,-0.703000,0.000000,-0.524000,0.119000,0.000000,0.002000,0.002000,0.003000,-0.003000,0.918000,0.041344,1.108012,-0.693394,-0.078592,-0.326828,0.122680
0.2878,12.5180,0.000000,0.012000,-0.703000,0.000000,-0.524000,0.119000,0.000000,0.002000,0.002000,0.003000,-0.003000,0.918000,0.041344,1.108012,-0.693394,-0.078592,-0.326828,0.122680
0.2899,12.6950,0.000000,0.012000,-0.703000,0.000000,-0.524000,0.125000,0.000000,-0.005000,-0.006000,-0.005000,-0.001000,0.859000,0.033075,1.103287,-0.711112,-0.042171,-0.319161,0.081467
0.2920,12.8690,0.000000,0.012000,-0.703000,0.000000,-0.524000,0.125000,0.000000,-0.005000,-0.006000,-0.005000,-0.001000,0.859000,0.033075,1.103287,-0.711112,-0.042171,-0.319161,0.081467
0.2941,13.0460,0.000000,0.012000,-0.703000,0.000000,-0.524000,0.125000,0.000000,-0.005000,-0.006000,-0.005000,-0.001000,0.859000,0.033075,1.103287,-0.711112,-0.042171,-0.319161,0.081467
0.2962,13.2220,0.000000,0.012000,-0.703000,0.000000,-0.524000,0.125000,0.002000,0.000000,-0.008000,-0.057000,-0.036000,0.859000,0.021263,1.095019,-0.705206,-0.019169,-0.318202,0.081467
0.2984,13.4110,0.000000,0.012000,-0.703000,0.000000,-0.524000,0.125000,0.002000,0.000000,-0.008000,-0.057000,-0.036000,0.859000,0.021263,1.095019,-0.705206,-0.019169,-0.318202,0.081467
0.3004,13.5880,0.000000,0.012000,-0.703000,0.000000,-0.524000,0.132000,0.002000,0.000000,-0.008000,-0.057000,0.003000,1.008000,0.021263,1.095019,-0.705206,-0.019169,-0.318202,0.071883
0.3025,13.7660,0.000000,0.012000,-0.703000,0.000000,-0.524000,0.132000,0.002000,0.000000,-0.008000,-0.057000,0.003000,1.008000,0.021263,1.095019,-0.705206,-0.019169,-0.318202,0.071883
0.3045,13.9450,0.000000,0.012000,-0.703000,0.000000,-0.524000,0.132000,0.007000,-0.002000,0.001000,0.019000,0.003000,1.008000,0.023625,1.091475,-0.706387,-0.056548,-0.318202,0.071883
0.3066,14.1250,0.000000,0.012000,-0.703000,0.000000,-0.524000,0.138000,0.007000,-0.002000,0.001000,0.019000,0.003000,0.849000,0.023625,1.091475,-0.706387,-0.056548,-0.318202,0.036421
0.3087,14.3110,0.000000,0.012000,-0.703000,0.000000,-0.524000,0.138000,-0.001000,0.000000,0.004000,0.019000,0.003000,0.849000,0.041344,1.084387,-0.714656,-0.056548,-0.318202,0.036421
0.3108,14.4930,0.000000,0.012000,-0.703000,0.000000,-0.524000,0.145000,-0.001000,0.000000,0.004000,-0.013000,0.023000,0.964000,0.041344,1.084387,-0.714656,-0.051756,-0.317244,0.022044
0.3129,14.6770,0.000000,0.012000,-0.703000,0.000000,-0.524000,0.145000,-0.001000,0.000000,0.004000,-0.013000,0.023000,0.964000,0.041344,1.084387,-0.714656,-0.051756,-0.317244,0.022044
0.3149,14.8620,0.000000,0.012000,-0.703000,0.000000,-0.524000,0.145000,-0.002000,0.003000,0.004000,0.032000,-0.003000,0.964000,0.046069,1.091475,-0.714656,-0.065174,-0.322036,0.022044
0.3170,15.0470,0.000000,0.012000,-0.703000,0.000000,-0.524000,0.145000,-0.002000,0.003000,0.004000,0.032000,-0.003000,0.964000,0.046069,1.091475,-0.714656,-0.065174,-0.322036,0.022044
0.3191,15.2330,0.000000,0.012000,-0.703000,0.000000,-0.524000,0.145000,-0.002000,0.003000,-0.001000,0.032000,-0.003000,0.964000,0.046069,1.091475,-0.713475,-0.065174,-0.322036,0.022044
0.3211,15.4200,0.000000,0.012000,-0.703000,0.000000,-0.524000,0.151000,-0.002000,0.003000,-0.001000,0.032000,-0.003000,0.949000,0.046069,1.091475,-0.713475,-0.065174,-0.322036,0.080509
0.3232,15.6090,0.000000,0.012000,-0.703000,0.000000,-0.524000,0.151000,-0.002000,0.003000,-0.001000,0.032000,-0.003000,0.949000,0.046069,1.091475,-0.713475,-0.065174,-0.322036,0.080509
0.3253,15.7970,0.000000,0.012000,-0.703000,0.000000,-0.524000,0.158000,-0.008000,0.000000,0.000000,-0.023000,0.021000,1.002000,0.036619,1.090294,-0.713475,-0.044088,-0.322036,0.051756
0.3273,15.9870,0.000000,0.012000,-0.703000,0.000000,-0.524000,0.158000,-0.008000,0.000000,0.000000,-0.023000,0.021000,1.002000,0.036619,1.090294,-0.713475,-0.044088,-0.322036,0.051756
0.3295,16.1830,0.000000,0.012000,-0.703000,0.000000,-0.524000,0.158000,0.005000,0.000000,-0.003000,0.007000,0.021000,1.002000,0.022444,1.084387,-0.698119,-0.061340,-0.322994,0.051756
0.3315,16.3750,0.000000,0.012000,-0.703000,0.000000,-0.524000,0.158000,0.005000,0.000000,-0.003000,0.007000,0.021000,1.002000,0.022444,1.084387,-0.698119,-0.061340,-0.322994,0.051756
0.3336,16.5700,0.000000,0.012000,-0.703000,0.000000,-0.524000,0.158000,0.005000,0.000000,-0.003000,0.007000,0.021000,1.002000,0.022444,1.084387,-0.698119,-0.061340,-0.322994,0.051756
0.3357,16.7610,0.000000,0.012000,-0.703000,0.000000,-0.524000,0.165000,0.005000,0.000000,-0.003000,0.007000,0.001000,0.977000,0.022444,1.084387,-0.698119,-0.061340,-0.322036,0.059423
0.3377,16.9560,0.000000,0.012000,-0.703000,0.000000,-0.524000,0.165000,0.005000,0.000000,-0.003000,0.007000,0.001000,0.977000,0.022444,1.084387,-0.698119,-0.061340,-0.322036,0.059423
0.3398,17.1550,0.000000,0.012000,-0.703000,0.000000,-0.524000,0.172000,0.003000,0.000000,0.000000,0.017000,0.001000,0.993000,0.020081,1.086750,-0.711112,-0.072841,-0.322036,0.067091
0.3419,17.3510,0.000000,0.012000,-0.703000,0.000000,-0.524000,0.172000,0.003000,0.000000,0.000000,0.017000,0.001000,0.993000,0.020081,1.086750,-0.711112,-0.072841,-0.322036,0.067091
0.3442,17.5750,0.000000,0.012000,-0.703000,0.000000,-0.524000,0.172000,-0.009000,-0.002000,0.005000,-0.009000,0.001000,0.993000,0.048431,1.087931,-0.721744,-0.060382,-0.322036,0.067091
0.3463,17.7730,0.000000,0.012000,-0.703000,0.000000,-0.524000,0.180000,-0.009000,-0.002000,0.005000,-0.009000,-0.013000,1.104000,0.048431,1.087931,-0.721744,-0.060382,-0.315327,0.088176
0.3484,17.9780,0.000000,0.012000,-0.703000,0.000000,-0.524000,0.180000,-0.009000,-0.002000,0.005000,-0.009000,-0.013000,1.104000,0.048431,1.087931,-0.721744,-0.060382,-0.315327,0.088176
0.3505,18.1780,0.000000,0.012000,-0.703000,0.000000,-0.524000,0.180000,-0.008000,-0.001000,0.005000,-0.015000,0.011000,1.104000,0.036619,1.090294,-0.721744,-0.042171,-0.315327,0.088176
0.3526,18.3790,0.000000,0.012000,-0.703000,0.000000,-0.524000,0.180000,-0.008000,-0.001000,0.005000,-0.015000,0.011000,1.104000,0.036619,1.090294,-0.721744,-0.042171,-0.315327,0.088176
0.3546,18.5800,0.000000,0.012000,-0.703000,0.000000,-0.524000,0.180000,-0.008000,-0.001000,0.000000,-0.015000,0.011000,1.104000,0.036619,1.090294,-0.715838,-0.042171,-0.315327,0.088176
0.3567,18.7780,0.000000,0.012000,-0.703000,0.000000,-0.524000,0.187000,-0.008000,-0.001000,0.000000,-0.015000,0.011000,1.144000,0.036619,1.090294,-0.715838,-0.042171,-0.315327,0.022044
0.3588,18.9890,0.000000,0.012000,-0.703000,0.000000,-0.524000,0.187000,-0.001000,0.000000,-0.001000,-0.015000,0.011000,1.144000,0.024806,1.082025,-0.704025,-0.042171,-0.315327,0.022044
0.3609,19.1930,0.000000,0.012000,-0.703000,0.000000,-0.524000,0.195000,-0.001000,0.000000,-0.001000,-0.011000,-0.007000,1.125000,0.024806,1.082025,-0.704025,-0.064215,-0.327786,0.008626
0.3631,19.4110,0.000000,0.012000,-0.703000,0.000000,-0.524000,0.195000,-0.001000,0.000000,-0.001000,-0.011000,-0.007000,1.125000,0.024806,1.082025,-0.704025,-0.064215,-0.327786,0.008626
0.3651,19.6160,0.000000,0.012000,-0.703000,0.000000,-0.524000,0.195000,0.002000,0.002000,-0.002000,0.021000,-0.009000,1.125000,0.018900,1.083206,-0.704025,-0.073800,-0.308618,0.008626
0.3672,19.8230,0.000000,0.012000,-0.703000,0.000000,-0.524000,0.195000,0.002000,0.002000,-0.002000,0.021000,-0.009000,1.125000,0.018900,1.083206,-0.704025,-0.073800,-0.308618,0.008626
0.3693,20.0340,0.000000,0.012000,-0.703000,0.000000,-0.524000,0.195000,0.002000,0.002000,-0.002000,0.021000,-0.009000,1.125000,0.018900,1.083206,-0.704025,-0.073800,-0.308618,0.008626
0.3714,20.2420,0.000000,0.012000,-0.703000,0.000000,-0.524000,0.202000,0.002000,0.002000,-0.002000,0.021000,0.005000,1.045000,0.018900,1.083206,-0.704025,-0.073800,-0.322994,0.067091
0.3735,20.4630,0.000000,0.012000,-0.703000,0.000000,-0.524000,0.202000,0.011000,0.002000,-0.002000,0.021000,0.005000,1.045000,0.023625,1.083206,-0.704025,-0.073800,-0.322994,0.067091
0.3756,20.6720,0.000000,0.012000,-0.703000,0.000000,-0.524000,0.210000,0.011000,-0.002000,-0.005000,-0.005000,0.005000,1.091000,0.023625,1.095019,-0.713475,-0.062299,-0.322994,0.069008
0.3777,20.8820,0.000000,0.012000,-0.703000,0.000000,-0.524000,0.210000,0.011000,-0.002000,-0.005000,-0.005000,0.005000,1.091000,0.023625,1.095019,-0.713475,-0.062299,-0.322994,0.069008
0.3798,21.1000,0.000000,0.012000,-0.703000,0.000000,-0.524000,0.218000,0.004000,0.001000,0.000000,0.028000,-0.023000,1.142000,0.037800,1.100925,-0.728831,-0.065174,-0.305742,0.075717
0.3819,21.3110,0.000000,0.012000,-0.703000,0.000000,-0.524000,0.218000,0.004000,0.001000,0.000000,0.028000,-0.023000,1.142000,0.037800,1.100925,-0.728831,-0.065174,-0.305742,0.075717
0.3839,21.5240,0.000000,0.012000,-0.703000,0.000000,-0.524000,0.218000,-0.003000,0.000000,0.000000,0.028000,-0.023000,1.142000,0.027169,1.091475,-0.728831,-0.065174,-0.305742,0.075717
0.3860,21.7370,0.000000,0.012000,-0.703000,0.000000,-0.524000,0.218000,-0.003000,0.000000,0.000000,0.000000,0.028000,1.142000,0.027169,1.091475,-0.728831,-0.065174,-0.320119,0.075717
0.3882,21.9680,0.000000,0.012000,-0.703000,0.000000,-0.524000,0.218000,-0.003000,0.000000,0.000000,0.000000,0.028000,1.142000,0.027169,1.091475,-0.728831,-0.065174,-0.320119,0.075717
0.3903,22.1840,0.000000,0.012000,-0.703000,0.000000,-0.524000,0.226000,-0.003000,0.000000,0.001000,0.000000,0.028000,1.146000,0.027169,1.091475,-0.730012,-0.065174,-0.320119,0.063257
0.3923,22.4000,0.000000,0.012000,-0.703000,0.000000,-0.524000,0.226000,-0.003000,0.000000,0.001000,0.000000,0.028000,1.146000,0.027169,1.091475,-0.730012,-0.065174,-0.320119,0.063257
0.3944,22.6210,0.000000,0.012000,-0.703000,0.000000,-0.524000,0.226000,0.002000,0.002000,0.000000,-0.005000,0.000000,1.146000,0.030713,1.089112,-0.721744,-0.040254,-0.320119,0.063257
0.3965,22.8390,0.000000,0.012000,-0.703000,0.000000,-0.524000,0.234000,0.002000,0.002000,0.000000,-0.005000,0.000000,1.163000,0.030713,1.089112,-0.721744,-0.040254,-0.320119,0.051756
0.3986,23.0640,0.000000,0.012000,-0.703000,0.000000,-0.524000,0.234000,0.002000,0.002000,0.000000,-0.005000,0.000000,1.163000,0.030713,1.089112,-0.721744,-0.040254,-0.320119,0.051756
0.4007,23.2790,0.000000,0.012000,-0.703000,0.000000,-0.524000,0.234000,-0.002000,0.000000,-0.003000,-0.026000,-0.005000,1.163000,0.028350,1.109194,-0.718200,-0.046964,-0.330662,0.051756
0.4027,23.4990,0.000000,0.012000,-0.703000,0.000000,-0.524000,0.234000,-0.002000,0.000000,-0.003000,-0.026000,-0.005000,1.163000,0.028350,1.109194,-0.718200,-0.046964,-0.330662,0.051756
0.4048,23.7240,0.000000,0.012000,-0.703000,0.000000,-0.524000,0.243000,-0.002000,0.000000,-0.003000,-0.026000,-0.030000,1.156000,0.028350,1.109194,-0.718200,-0.046964,-0.326828,0.034504
0.4069,23.9450,0.000000,0.012000,-0.703000,0.000000,-0.524000,0.243000,-0.002000,0.000000,-0.003000,-0.026000,-0.030000,1.156000,0.028350,1.109194,-0.718200,-0.046964,-0.326828,0.034504
0.4110,24.3880,0.000000,0.012000,-0.703000,0.000000,-0.524000,0.251000,-0.004000,0.002000,0.000000,0.023000,-0.030000,1.188000,0.051975,1.084387,-0.711112,-0.100636,-0.326828,0.161018
0.4134,24.6490,0.000000,0.012000,-0.703000,0.000000,-0.524000,0.251000,-0.004000,0.002000,0.000000,0.023000,-0.030000,1.188000,0.051975,1.084387,-0.711112,-0.100636,-0.326828,0.161018
0.4155,24.8730,0.000000,0.012000,-0.703000,0.000000,-0.524000,0.259000,-0.009000,0.000000,0.000000,-0.007000,0.015000,1.206000,0.034256,1.089112,-0.718200,-0.083384,-0.322994,0.144724
0.4176,25.0980,0.000000,0.012000,-0.703000,0.000000,-0.524000,0.259000,-0.009000,0.000000,0.000000,-0.007000,0.015000,1.206000,0.034256,1.089112,-0.718200,-0.083384,-0.322994,0.144724
0.4196,25.3230,0.000000,0.012000,-0.703000,0.000000,-0.524000,0.259000,0.001000,0.000000,0.005000,-0.011000,0.005000,1.206000,0.036619,1.083206,-0.718200,-0.066132,-0.321077,0.144724
0.4217,25.5460,0.000000,0.012000,-0.703000,0.000000,-0.524000,0.259000,0.001000,0.000000,0.005000,-0.011000,0.005000,1.206000,0.036619,1.083206,-0.718200,-0.066132,-0.321077,0.144724
0.4237,25.7730,0.000000,0.012000,-0.703000,0.000000,-0.524000,0.259000,0.001000,0.000000,0.005000,-0.011000,0.005000,1.206000,0.036619,1.083206,-0.718200,-0.066132,-0.321077,0.144724
0.4258,25.9990,0.000000,0.012000,-0.703000,0.000000,-0.524000,0.268000,0.001000,0.000000,0.005000,-0.011000,0.005000,1.277000,0.036619,1.083206,-0.718200,-0.066132,-0.321077,0.064215
0.4284,26.2850,0.000000,0.012000,-0.703000,0.000000,-0.524000,0.268000,0.002000,0.000000,0.005000,-0.011000,0.005000,1.277000,0.028350,1.083206,-0.718200,-0.066132,-0.321077,0.064215
0.4304,26.5140,0.000000,0.012000,-0.703000,0.000000,-0.524000,0.277000,0.002000,-0.003000,0.000000,-0.001000,0.011000,1.321000,0.028350,1.092656,-0.713475,-0.074758,-0.329703,0.037379
0.4325,26.7440,0.000000,0.012000,-0.703000,0.000000,-0.524000,0.277000,0.002000,-0.003000,0.000000,-0.001000,0.011000,1.321000,0.028350,1.092656,-0.713475,-0.074758,-0.329703,0.037379
0.4346,26.9730,0.000000,0.012000,-0.703000,0.000000,-0.524000,0.277000,0.002000,0.001000,0.000000,0.015000,0.015000,1.321000,0.042525,1.097381,-0.720562,-0.065174,-0.336412,0.037379
0.4366,27.2040,0.000000,0.012000,-0.703000,0.000000,-0.524000,0.277000,0.002000,0.001000,0.000000,0.015000,0.015000,1.321000,0.042525,1.097381,-0.720562,-0.065174,-0.336412,0.037379
0.4387,27.4340,0.000000,0.012000,-0.703000,0.000000,-0.524000,0.277000,0.002000,0.001000,0.000000,0.015000,0.015000,1.321000,0.042525,1.097381,-0.720562,-0.065174,-0.336412,0.037379
0.4408,27.6660,0.000000,0.012000,-0.703000,0.000000,-0.524000,0.286000,0.002000,0.001000,0.000000,0.015000,0.001000,1.324000,0.042525,1.097381,-0.720562,-0.065174,-0.329703,0.047922
0.4428,27.8980,0.000000,0.012000,-0.703000,0.000000,-0.524000,0.286000,0.002000,0.001000,0.000000,0.015000,0.001000,1.324000,0.042525,1.097381,-0.720562,-0.065174,-0.329703,0.047922
0.4449,28.1370,0.000000,0.012000,-0.703000,0.000000,-0.524000,0.295000,-0.003000,-0.003000,0.007000,-0.007000,0.001000,1.340000,0.036619,1.086750,-0.718200,-0.058465,-0.329703,0.059423
0.4471,28.3760,0.000000,0.012000,-0.703000,0.000000,-0.524000,0.295000,-0.003000,-0.003000,0.007000,-0.007000,0.001000,1.340000,0.036619,1.086750,-0.718200,-0.058465,-0.329703,0.059423
0.4491,28.6120,0.000000,0.012000,-0.703000,0.000000,-0.524000,0.295000,-0.003000,-0.002000,0.001000,-0.007000,0.001000,1.340000,0.038981,1.085569,-0.728831,-0.058465,-0.329703,0.059423
0.4512,28.8480,0.000000,0.012000,-0.703000,0.000000,-0.524000,0.304000,-0.003000,-0.002000,0.001000,0.009000,-0.001000,1.349000,0.038981,1.085569,-0.728831,-0.068049,-0.322994,0.079551
0.4534,29.1010,0.000000,0.012000,-0.703000,0.000000,-0.524000,0.304000,-0.003000,-0.002000,0.001000,0.009000,-0.001000,1.349000,0.038981,1.085569,-0.728831,-0.068049,-0.322994,0.079551
0.4555,29.3370,0.000000,0.012000,-0.703000,0.000000,-0.524000,0.304000,0.004000,0.000000,0.001000,-0.001000,-0.005000,1.349000,0.021263,1.099744,-0.719381,-0.065174,-0.320119,0.079551
0.4576,29.5730,0.000000,0.012000,-0.703000,0.000000,-0.524000,0.304000,0.004000,0.000000,0.001000,-0.001000,-0.005000,1.349000,0.021263,1.099744,-0.719381,-0.065174,-0.320119,0.079551
0.4596,29.8100,0.000000,0.012000,-0.703000,0.000000,-0.524000,0.313000,0.004000,0.000000,0.001000,-0.001000,-0.005000,1.344000,0.021263,1.099744,-0.719381,-0.065174,-0.320119,0.080509
0.4617,30.0460,0.000000,0.012000,-0.703000,0.000000,-0.524000,0.313000,0.004000,0.000000,0.001000,-0.001000,-0.005000,1.344000,0.021263,1.099744,-0.719381,-0.065174,-0.320119,0.080509
0.4637,30.2860,0.000000,0.012000,-0.703000,0.000000,-0.524000,0.313000,0.000000,0.000000,-0.001000,-0.001000,-0.005000,1.344000,0.021263,1.093837,-0.721744,-0.065174,-0.320119,0.080509
0.4658,30.5240,0.000000,0.012000,-0.703000,0.000000,-0.524000,0.323000,0.000000,0.000000,-0.001000,0.007000,0.032000,1.369000,0.021263,1.093837,-0.721744,-0.065174,-0.326828,0.033545
0.4679,30.7640,0.000000,0.012000,-0.703000,0.000000,-0.524000,0.323000,0.000000,0.000000,-0.001000,0.007000,0.032000,1.369000,0.021263,1.093837,-0.721744,-0.065174,-0.326828,0.033545
0.4699,31.0050,0.000000,0.012000,-0.703000,0.000000,-0.524000,0.323000,0.000000,0.002000,-0.002000,0.005000,-0.011000,1.369000,0.037800,1.092656,-0.717019,-0.062299,-0.314368,0.033545
0.4720,31.2440,0.000000,0.012000,-0.703000,0.000000,-0.524000,0.323000,0.000000,0.002000,-0.002000,0.005000,-0.011000,1.369000,0.037800,1.092656,-0.717019,-0.062299,-0.314368,0.033545
0.4742,31.4940,0.000000,0.012000,-0.703000,0.000000,-0.524000,0.332000,0.000000,0.002000,-0.002000,0.005000,0.013000,1.321000,0.037800,1.092656,-0.717019,-0.062299,-0.328745,0.070925
0.4762,31.7360,0.000000,0.012000,-0.703000,0.000000,-0.524000,0.332000,0.000000,0.002000,-0.002000,0.005000,0.013000,1.321000,0.037800,1.092656,-0.717019,-0.062299,-0.328745,0.070925
0.4791,32.0710,0.000000,0.012000,-0.703000,0.000000,-0.524000,0.342000,0.000000,0.000000,-0.001000,-0.021000,0.013000,1.309000,0.029531,1.095019,-0.713475,-0.058465,-0.328745,0.096802
0.4811,32.3140,0.000000,0.012000,-0.703000,0.000000,-0.524000,0.342000,0.000000,0.000000,-0.001000,-0.021000,0.013000,1.309000,0.029531,1.095019,-0.713475,-0.058465,-0.328745,0.096802
0.4832,32.5560,0.000000,0.012000,-0.703000,0.000000,-0.524000,0.342000,0.000000,0.000000,-0.001000,-0.021000,0.013000,1.309000,0.029531,1.095019,-0.713475,-0.058465,-0.328745,0.096802
0.4853,32.7980,0.000000,0.012000,-0.703000,0.000000,-0.524000,0.352000,0.001000,0.000000,0.001000,0.009000,0.030000,1.436000,0.018900,1.086750,-0.737100,-0.071883,-0.330662,0.096802
0.4873,33.0420,0.000000,0.012000,-0.703000,0.000000,-0.524000,0.352000,0.001000,0.000000,0.001000,0.009000,0.030000,1.436000,0.018900,1.086750,-0.737100,-0.071883,-0.330662,0.096802
0.4894,33.2920,0.000000,0.012000,-0.703000,0.000000,-0.524000,0.352000,-0.002000,0.002000,0.006000,0.003000,-0.001000,1.436000,0.023625,1.077300,-0.704025,-0.069966,-0.329703,0.096802
0.4915,33.5370,0.000000,0.012000,-0.703000,0.000000,-0.524000,0.352000,-0.002000,0.002000,0.006000,0.003000,-0.001000,1.436000,0.023625,1.077300,-0.704025,-0.069966,-0.329703,0.096802
0.4937,33.7940,0.000000,0.012000,-0.703000,0.000000,-0.524000,0.352000,-0.002000,0.002000,0.006000,0.003000,-0.001000,1.436000,0.023625,1.077300,-0.704025,-0.069966,-0.329703,0.096802
0.4957,34.0390,0.000000,0.012000,-0.703000,0.000000,-0.524000,0.362000,-0.002000,0.002000,0.006000,0.003000,-0.001000,1.455000,0.023625,1.077300,-0.704025,-0.069966,-0.329703,0.061340
0.4978,34.2850,0.000000,0.012000,-0.703000,0.000000,-0.524000,0.362000,-0.002000,0.002000,0.006000,0.003000,-0.001000,1.455000,0.023625,1.077300,-0.704025,-0.069966,-0.329703,0.061340
0.4999,34.5400,0.000000,0.012000,-0.703000,0.000000,-0.524000,0.362000,0.006000,0.002000,-0.006000,0.003000,-0.001000,1.455000,0.029531,1.078481,-0.713475,-0.069966,-0.329703,0.061340
0.5020,34.7870,0.000000,0.012000,-0.703000,0.000000,-0.524000,0.372000,0.006000,0.002000,-0.006000,-0.007000,-0.003000,1.495000,0.029531,1.078481,-0.713475,-0.068049,-0.322994,0.051756
0.5041,35.0350,0.000000,0.012000,-0.703000,0.000000,-0.524000,0.372000,-0.001000,0.001000,0.002000,0.003000,-0.003000,1.495000,0.035438,1.084387,-0.727650,-0.074758,-0.322994,0.051756
0.5061,35.2820,0.000000,0.012000,-0.703000,0.000000,-0.524000,0.372000,-0.001000,0.001000,0.002000,0.003000,0.021000,1.495000,0.035438,1.084387,-0.727650,-0.074758,-0.319161,0.051756
0.5082,35.5360,0.000000,0.012000,-0.703000,0.000000,-0.524000,0.372000,-0.001000,0.001000,0.002000,0.003000,0.021000,1.495000,0.035438,1.084387,-0.727650,-0.074758,-0.319161,0.051756
0.5103,35.7840,0.000000,0.012000,-0.703000,0.000000,-0.524000,0.382000,-0.001000,0.001000,0.002000,0.003000,-0.003000,1.430000,0.035438,1.084387,-0.727650,-0.074758,-0.337371,0.104470
0.5124,36.0330,0.000000,0.012000,-0.703000,0.000000,-0.524000,0.382000,-0.001000,0.001000,0.002000,0.003000,-0.003000,1.430000,0.035438,1.084387,-0.727650,-0.074758,-0.337371,0.104470
0.5146,36.2990,0.000000,0.012000,-0.703000,0.000000,-0.524000,0.392000,-0.002000,-0.002000,0.001000,-0.007000,-0.003000,1.418000,0.037800,1.095019,-0.733556,-0.056548,-0.337371,0.115013
0.5166,36.5480,0.000000,0.012000,-0.703000,0.000000,-0.524000,0.392000,-0.002000,-0.002000,0.001000,-0.007000,-0.003000,1.418000,0.037800,1.095019,-0.733556,-0.056548,-0.337371,0.115013
0.5189,36.8190,0.000000,0.012000,-0.703000,0.000000,-0.524000,0.392000,-0.002000,-0.002000,0.001000,-0.007000,-0.003000,1.418000,0.037800,1.095019,-0.733556,-0.056548,-0.337371,0.115013
0.5209,37.0690,0.000000,0.012000,-0.703000,0.000000,-0.524000,0.402000,0.006000,0.000000,-0.006000,-0.011000,0.026000,1.466000,0.030713,1.074938,-0.717019,-0.068049,-0.316285,0.107345
0.5234,37.3720,0.000000,0.012000,-0.703000,0.000000,-0.524000,0.402000,0.006000,0.000000,-0.006000,-0.011000,0.026000,1.466000,0.030713,1.074938,-0.717019,-0.068049,-0.316285,0.107345
0.5255,37.6230,0.000000,0.012000,-0.703000,0.000000,-0.524000,0.402000,0.002000,0.000000,-0.005000,0.009000,0.015000,1.466000,0.035438,1.087931,-0.714656,-0.057506,-0.338329,0.107345
0.5276,37.8820,0.000000,0.012000,-0.703000,0.000000,-0.524000,0.402000,0.002000,0.000000,-0.005000,0.009000,0.015000,1.466000,0.035438,1.087931,-0.714656,-0.057506,-0.338329,0.107345
0.5297,38.1330,0.000000,0.012000,-0.703000,0.000000,-0.524000,0.412000,0.002000,0.000000,-0.005000,0.009000,0.015000,1.535000,0.035438,1.087931,-0.714656,-0.057506,-0.338329,0.071883
0.5317,38.3850,0.000000,0.012000,-0.703000,0.000000,-0.524000,0.412000,0.002000,0.000000,-0.005000,0.009000,0.015000,1.535000,0.035438,1.087931,-0.714656,-0.057506,-0.338329,0.071883
0.5338,38.6440,0.000000,0.012000,-0.703000,0.000000,-0.524000,0.412000,0.001000,0.002000,0.007000,0.005000,0.015000,1.535000,0.028350,1.074938,-0.738281,-0.076675,-0.338329,0.071883
0.5359,38.8970,0.000000,0.012000,-0.703000,0.000000,-0.524000,0.423000,0.001000,0.002000,0.007000,0.005000,0.003000,1.555000,0.028350,1.074938,-0.738281,-0.076675,-0.338329,0.029712
0.5380,39.1510,0.000000,0.012000,-0.703000,0.000000,-0.524000,0.423000,0.001000,0.002000,0.007000,0.005000,0.003000,1.555000,0.028350,1.074938,-0.738281,-0.076675,-0.338329,0.029712
0.5400,39.4040,0.000000,0.012000,-0.703000,0.000000,-0.524000,0.434000,0.000000,-0.001000,0.002000,0.000000,-0.005000,1.470000,0.041344,1.077300,-0.707569,-0.072841,-0.326828,0.099678
0.5421,39.6580,0.000000,0.012000,-0.703000,0.000000,-0.524000,0.434000,0.000000,-0.001000,0.002000,0.000000,-0.005000,1.470000,0.041344,1.077300,-0.707569,-0.072841,-0.326828,0.099678
0.5442,39.9150,0.000000,0.012000,-0.703000,0.000000,-0.524000,0.434000,0.000000,-0.001000,0.002000,0.000000,-0.005000,1.470000,0.041344,1.077300,-0.707569,-0.072841,-0.326828,0.099678
0.5463,40.1690,0.000000,0.012000,-0.703000,0.000000,-0.524000,0.434000,0.000000,-0.001000,0.002000,0.000000,0.000000,1.470000,0.041344,1.077300,-0.707569,-0.072841,-0.323953,0.099678
0.5483,40.4260,0.000000,0.012000,-0.703000,0.000000,-0.524000,0.434000,0.000000,-0.001000,0.002000,0.000000,0.000000,1.470000,0.041344,1.077300,-0.707569,-0.072841,-0.323953,0.099678
0.5504,40.6800,0.000000,0.012000,-0.703000,0.000000,-0.524000,0.444000,0.007000,0.000000,0.004000,0.011000,0.000000,1.482000,0.014175,1.086750,-0.705206,-0.078592,-0.323953,0.108304
0.5525,40.9360,0.000000,0.012000,-0.703000,0.000000,-0.524000,0.444000,0.007000,0.000000,0.004000,0.011000,0.000000,1.482000,0.014175,1.086750,-0.705206,-0.078592,-0.323953,0.108304
0.5547,41.2140,0.000000,0.012000,-0.703000,0.000000,-0.524000,0.444000,0.007000,0.000000,0.004000,-0.015000,0.009000,1.482000,0.028350,1.091475,-0.726469,-0.050797,-0.336412,0.108304
0.5568,41.4690,0.000000,0.012000,-0.703000,0.000000,-0.524000,0.455000,0.007000,0.000000,0.004000,-0.015000,0.009000,1.564000,0.028350,1.091475,-0.726469,-0.050797,-0.336412,0.076675
0.5589,41.7310,0.000000,0.012000,-0.703000,0.000000,-0.524000,0.455000,-0.008000,0.000000,-0.001000,-0.015000,0.009000,1.564000,0.030713,1.079662,-0.730012,-0.050797,-0.336412,0.076675
0.5610,41.9870,0.000000,0.012000,-0.703000,0.000000,-0.524000,0.455000,-0.008000,0.000000,-0.001000,0.017000,-0.028000,1.564000,0.030713,1.079662,-0.730012,-0.078592,-0.317244,0.076675
0.5632,42.2690,0.000000,0.012000,-0.703000,0.000000,-0.524000,0.455000,-0.008000,0.000000,-0.001000,0.017000,-0.028000,1.564000,0.030713,1.079662,-0.730012,-0.078592,-0.317244,0.076675
0.5653,42.5250,0.000000,0.012000,-0.703000,0.000000,-0.524000,0.466000,-0.008000,0.000000,-0.001000,0.017000,-0.028000,1.560000,0.030713,1.079662,-0.730012,-0.078592,-0.317244,0.036421
0.5674,42.7870,0.000000,0.012000,-0.703000,0.000000,-0.524000,0.466000,-0.008000,0.000000,-0.001000,0.017000,-0.028000,1.560000,0.030713,1.079662,-0.730012,-0.078592,-0.317244,0.036421
0.5695,43.0440,0.000000,0.012000,-0.703000,0.000000,-0.524000,0.466000,0.002000,0.002000,-0.001000,-0.011000,0.007000,1.560000,0.028350,1.083206,-0.707569,-0.078592,-0.327786,0.036421
0.5715,43.3010,0.000000,0.012000,-0.703000,0.000000,-0.524000,0.477000,0.002000,0.002000,-0.001000,-0.011000,0.007000,1.535000,0.028350,1.083206,-0.707569,-0.078592,-0.327786,0.082426
0.5737,43.5650,0.000000,0.012000,-0.703000,0.000000,-0.524000,0.477000,0.002000,0.002000,-0.001000,-0.011000,0.007000,1.535000,0.034256,1.083206,-0.707569,-0.078592,-0.327786,0.082426
0.5757,43.8230,0.000000,0.012000,-0.703000,0.000000,-0.524000,0.488000,0.002000,0.001000,0.000000,0.001000,-0.013000,1.566000,0.034256,1.072575,-0.730012,-0.076675,-0.333537,0.092010
0.5778,44.0800,0.000000,0.012000,-0.703000,0.000000,-0.524000,0.488000,0.002000,0.001000,0.000000,0.001000,-0.013000,1.566000,0.034256,1.072575,-0.730012,-0.076675,-0.333537,0.092010
0.5800,44.3530,0.000000,0.012000,-0.703000,0.000000,-0.524000,0.488000,0.002000,0.001000,0.000000,0.001000,-0.038000,1.566000,0.034256,1.072575,-0.730012,-0.076675,-0.323953,0.092010
0.5820,44.6110,0.000000,0.012000,-0.703000,0.000000,-0.524000,0.488000,0.002000,0.001000,0.000000,0.001000,-0.038000,1.566000,0.034256,1.072575,-0.730012,-0.076675,-0.323953,0.092010
0.5842,44.8770,0.000000,0.012000,-0.703000,0.000000,-0.524000,0.488000,-0.008000,0.002000,-0.005000,-0.009000,-0.038000,1.566000,0.050794,1.085569,-0.717019,-0.059423,-0.323953,0.092010
0.5862,45.1340,0.000000,0.012000,-0.703000,0.000000,-0.524000,0.499000,-0.008000,0.002000,-0.005000,-0.009000,-0.038000,1.649000,0.050794,1.085569,-0.717019,-0.059423,-0.323953,0.074758
0.5883,45.3990,0.000000,0.012000,-0.703000,0.000000,-0.524000,0.499000,-0.008000,0.002000,-0.005000,-0.009000,-0.038000,1.649000,0.050794,1.085569,-0.717019,-0.059423,-0.323953,0.074758
0.5904,45.6580,0.000000,0.012000,-0.703000,0.000000,-0.524000,0.510000,-0.008000,-0.001000,-0.002000,-0.005000,-0.007000,1.633000,0.042525,1.083206,-0.722925,-0.052714,-0.324911,0.036421
0.5925,45.9170,0.000000,0.012000,-0.703000,0.000000,-0.524000,0.510000,-0.008000,-0.001000,-0.002000,-0.005000,-0.007000,1.633000,0.042525,1.083206,-0.722925,-0.052714,-0.324911,0.036421
0.5946,46.1790,0.000000,0.012000,-0.703000,0.000000,-0.524000,0.510000,-0.003000,0.002000,-0.001000,0.009000,-0.007000,1.633000,0.040162,1.096200,-0.726469,-0.089135,-0.324911,0.036421
0.5966,46.4370,0.000000,0.012000,-0.703000,0.000000,-0.524000,0.510000,-0.003000,0.002000,-0.001000,0.009000,0.011000,1.633000,0.040162,1.096200,-0.726469,-0.089135,-0.345038,0.036421
0.5987,46.6920,0.000000,0.012000,-0.703000,0.000000,-0.524000,0.510000,-0.003000,0.002000,-0.001000,0.009000,0.011000,1.633000,0.040162,1.096200,-0.726469,-0.089135,-0.345038,0.036421
0.6007,46.9500,0.000000,0.012000,-0.703000,0.000000,-0.524000,0.522000,-0.003000,0.002000,-0.001000,0.009000,0.011000,1.581000,0.040162,1.096200,-0.726469,-0.089135,-0.345038,0.100636
0.6029,47.2190,0.000000,0.012000,-0.703000,0.000000,-0.524000,0.522000,-0.003000,0.002000,-0.001000,0.009000,0.011000,1.581000,0.040162,1.096200,-0.726469,-0.089135,-0.345038,0.100636
0.6049,47.4800,0.000000,0.012000,-0.703000,0.000000,-0.524000,0.533000,0.001000,0.000000,-0.004000,-0.024000,-0.005000,1.583000,0.011813,1.084387,-0.727650,-0.073800,-0.341205,0.081467
0.6070,47.7400,0.000000,0.012000,-0.703000,0.000000,-0.524000,0.533000,0.001000,0.000000,-0.004000,-0.024000,-0.005000,1.583000,0.011813,1.084387,-0.727650,-0.073800,-0.341205,0.081467
0.6091,47.9980,0.000000,0.012000,-0.703000,0.000000,-0.524000,0.533000,-0.003000,-0.002000,-0.004000,0.003000,-0.005000,1.583000,0.034256,1.091475,-0.726469,-0.069966,-0.341205,0.081467
0.6111,48.2580,0.000000,0.012000,-0.703000,0.000000,-0.524000,0.544000,-0.003000,-0.002000,-0.004000,0.003000,-0.009000,1.698000,0.034256,1.091475,-0.726469,-0.069966,-0.327786,0.100636
0.6135,48.5520,0.000000,0.012000,-0.703000,0.000000,-0.524000,0.544000,-0.003000,-0.002000,-0.004000,0.003000,-0.009000,1.698000,0.034256,1.091475,-0.726469,-0.069966,-0.327786,0.100636
0.6156,48.8130,0.000000,0.012000,-0.703000,0.000000,-0.524000,0.544000,-0.003000,-0.002000,-0.004000,0.003000,-0.007000,1.698000,0.034256,1.091475,-0.726469,-0.069966,-0.329703,0.100636
0.6176,49.0710,0.000000,0.012000,-0.703000,0.000000,-0.524000,0.544000,-0.003000,-0.002000,-0.004000,0.003000,-0.007000,1.698000,0.034256,1.091475,-0.726469,-0.069966,-0.329703,0.100636
0.6197,49.3320,0.000000,0.012000,-0.703000,0.000000,-0.524000,0.556000,-0.003000,0.002000,0.003000,0.005000,-0.007000,1.708000,0.028350,1.085569,-0.737100,-0.060382,-0.329703,0.026836
0.6218,49.5910,0.000000,0.012000,-0.703000,0.000000,-0.524000,0.556000,-0.003000,0.002000,0.003000,0.005000,-0.007000,1.708000,0.028350,1.085569,-0.737100,-0.060382,-0.329703,0.026836
0.6239,49.8570,0.000000,0.012000,-0.703000,0.000000,-0.524000,0.567000,0.005000,0.000000,-0.002000,0.009000,-0.015000,1.589000,0.010631,1.086750,-0.712294,-0.076675,-0.328745,0.107345
0.6259,50.1170,0.000000,0.012000,-0.703000,0.000000,-0.524000,0.567000,0.005000,0.000000,-0.002000,0.009000,-0.015000,1.589000,0.010631,1.086750,-0.712294,-0.076675,-0.328745,0.107345
0.6283,50.4080,0.000000,0.012000,-0.703000,0.000000,-0.524000,0.567000,0.005000,0.000000,-0.002000,0.009000,-0.015000,1.589000,0.010631,1.086750,-0.712294,-0.076675,-0.328745,0.107345
0.6303,50.6670,0.000000,0.012000,-0.703000,0.000000,-0.524000,0.567000,0.004000,0.000000,-0.003000,-0.019000,-0.011000,1.589000,0.016537,1.093837,-0.709931,-0.067091,-0.343122,0.107345
0.6324,50.9270,0.000000,0.012000,-0.703000,0.000000,-0.524000,0.567000,0.004000,0.000000,-0.003000,-0.019000,-0.011000,1.589000,0.016537,1.093837,-0.709931,-0.067091,-0.343122,0.107345
0.6345,51.1920,0.000000,0.012000,-0.703000,0.000000,-0.524000,0.579000,0.004000,0.000000,-0.003000,-0.019000,-0.011000,1.700000,0.016537,1.093837,-0.709931,-0.067091,-0.343122,0.062299
0.6366,51.4510,0.000000,0.012000,-0.703000,0.000000,-0.524000,0.579000,0.004000,0.000000,-0.003000,-0.019000,-0.011000,1.700000,0.016537,1.093837,-0.709931,-0.067091,-0.343122,0.062299
0.6387,51.7240,0.000000,0.012000,-0.703000,0.000000,-0.524000,0.579000,0.004000,0.000000,-0.003000,-0.019000,-0.011000,1.700000,0.016537,1.093837,-0.709931,-0.067091,-0.343122,0.062299
0.6408,51.9830,0.000000,0.012000,-0.703000,0.000000,-0.524000,0.591000,0.005000,-0.002000,0.000000,0.015000,0.024000,1.695000,0.029531,1.082025,-0.725287,-0.065174,-0.345997,0.035462
0.6429,52.2430,0.000000,0.012000,-0.703000,0.000000,-0.524000,0.591000,0.005000,-0.002000,0.000000,0.015000,0.024000,1.695000,0.029531,1.082025,-0.725287,-0.065174,-0.345997,0.035462
0.6452,52.5330,0.000000,0.012000,-0.703000,0.000000,-0.524000,0.603000,0.003000,-0.004000,0.004000,0.026000,-0.005000,1.658000,0.015356,1.078481,-0.718200,-0.095844,-0.338329,0.092010
0.6472,52.7910,0.000000,0.012000,-0.703000,0.000000,-0.524000,0.603000,0.003000,-0.004000,0.004000,0.026000,-0.005000,1.658000,0.015356,1.078481,-0.718200,-0.095844,-0.338329,0.092010
0.6493,53.0510,0.000000,0.012000,-0.703000,0.000000,-0.524000,0.603000,0.003000,-0.004000,0.004000,0.026000,0.009000,1.658000,0.015356,1.078481,-0.718200,-0.095844,-0.339288,0.092010
0.6514,53.3100,0.000000,0.012000,-0.703000,0.000000,-0.524000,0.603000,0.003000,-0.004000,0.004000,0.026000,0.009000,1.658000,0.015356,1.078481,-0.718200,-0.095844,-0.339288,0.092010
0.6539,53.6310,0.000000,0.012000,-0.703000,0.000000,-0.524000,0.603000,-0.005000,0.000000,-0.002000,-0.028000,0.009000,1.658000,0.031894,1.083206,-0.725287,-0.069008,-0.339288,0.092010
0.6560,53.8900,0.000000,0.012000,-0.703000,0.000000,-0.524000,0.615000,-0.005000,0.000000,-0.002000,-0.028000,0.009000,1.733000,0.031894,1.083206,-0.725287,-0.069008,-0.339288,0.056548
0.6584,54.1880,0.000000,0.012000,-0.703000,0.000000,-0.524000,0.615000,-0.005000,0.000000,-0.002000,-0.028000,0.009000,1.733000,0.031894,1.083206,-0.725287,-0.069008,-0.339288,0.056548
0.6604,54.4470,0.000000,0.012000,-0.703000,0.000000,-0.524000,0.627000,-0.009000,0.000000,0.000000,0.017000,0.011000,1.706000,0.035438,1.090294,-0.709931,-0.081467,-0.330662,0.097761
0.6625,54.7060,0.000000,0.012000,-0.703000,0.000000,-0.524000,0.627000,-0.009000,0.000000,0.000000,0.017000,0.011000,1.706000,0.035438,1.090294,-0.709931,-0.081467,-0.330662,0.097761
0.6646,54.9650,0.000000,0.012000,-0.703000,0.000000,-0.524000,0.627000,-0.002000,0.000000,0.005000,-0.015000,0.007000,1.706000,0.015356,1.084387,-0.722925,-0.064215,-0.340246,0.097761
0.6666,55.2230,0.000000,0.012000,-0.703000,0.000000,-0.524000,0.627000,-0.002000,0.000000,0.005000,-0.015000,0.007000,1.706000,0.015356,1.084387,-0.722925,-0.064215,-0.340246,0.097761
0.6689,55.5020,0.000000,0.012000,-0.703000,0.000000,-0.524000,0.627000,-0.002000,0.000000,0.005000,-0.015000,0.007000,1.706000,0.015356,1.084387,-0.722925,-0.064215,-0.340246,0.097761
0.6709,55.7600,0.000000,0.012000,-0.703000,0.000000,-0.524000,0.639000,-0.002000,0.000000,0.005000,-0.015000,0.007000,1.752000,0.015356,1.084387,-0.722925,-0.064215,-0.340246,0.046005
0.6733,56.0510,0.000000,0.012000,-0.703000,0.000000,-0.524000,0.639000,-0.002000,0.000000,0.005000,-0.015000,0.007000,1.752000,0.015356,1.084387,-0.722925,-0.064215,-0.340246,0.046005
0.6753,56.3080,0.000000,0.012000,-0.703000,0.000000,-0.524000,0.651000,-0.002000,-0.001000,0.003000,0.044000,0.011000,1.748000,0.035438,1.071394,-0.738281,-0.100636,-0.345997,0.083384
0.6775,56.5730,0.000000,0.012000,-0.703000,0.000000,-0.524000,0.651000,-0.002000,-0.001000,0.003000,0.044000,0.011000,1.748000,0.035438,1.071394,-0.738281,-0.100636,-0.345997,0.083384
0.6795,56.8290,0.000000,0.012000,-0.703000,0.000000,-0.524000,0.651000,0.000000,-0.002000,0.001000,-0.009000,-0.015000,1.748000,0.024806,1.084387,-0.718200,-0.076675,-0.337371,0.083384
0.6816,57.0850,0.000000,0.012000,-0.703000,0.000000,-0.524000,0.663000,0.000000,-0.002000,0.001000,-0.009000,-0.015000,1.741000,0.024806,1.084387,-0.718200,-0.076675,-0.337371,0.092010
0.6836,57.3430,0.000000,0.012000,-0.703000,0.000000,-0.524000,0.663000,0.000000,-0.002000,0.001000,-0.009000,-0.015000,1.741000,0.024806,1.084387,-0.718200,-0.076675,-0.337371,0.092010
0.6857,57.5920,0.000000,0.012000,-0.703000,0.000000,-0.524000,0.663000,-0.006000,-0.002000,0.001000,-0.009000,0.007000,1.741000,0.042525,1.084387,-0.718200,-0.076675,-0.335454,0.092010
0.6877,57.8490,0.000000,0.012000,-0.703000,0.000000,-0.524000,0.663000,-0.006000,-0.002000,0.001000,-0.009000,0.007000,1.741000,0.042525,1.084387,-0.718200,-0.076675,-0.335454,0.092010
0.6899,58.1250,0.000000,0.012000,-0.703000,0.000000,-0.524000,0.675000,-0.006000,0.000000,-0.003000,0.024000,0.007000,1.718000,0.042525,1.078481,-0.714656,-0.074758,-0.335454,0.067091
0.6920,58.3810,0.000000,0.012000,-0.703000,0.000000,-0.524000,0.675000,-0.006000,0.000000,-0.003000,0.024000,0.007000,1.718000,0.042525,1.078481,-0.714656,-0.074758,-0.335454,0.067091
0.6945,58.6940,0.000000,0.012000,-0.703000,0.000000,-0.524000,0.688000,-0.001000,0.002000,0.000000,-0.011000,0.003000,1.812000,0.024806,1.087931,-0.737100,-0.061340,-0.335454,0.059423
0.6966,58.9490,0.000000,0.012000,-0.703000,0.000000,-0.524000,0.688000,-0.001000,0.002000,0.000000,-0.011000,0.003000,1.812000,0.024806,1.087931,-0.737100,-0.061340,-0.335454,0.059423
0.6987,59.2030,0.000000,0.012000,-0.703000,0.000000,-0.524000,0.688000,0.003000,0.002000,0.000000,-0.011000,0.003000,1.812000,0.030713,1.087931,-0.737100,-0.061340,-0.335454,0.059423
0.7007,59.4570,0.000000,0.012000,-0.703000,0.000000,-0.524000,0.688000,0.003000,0.000000,-0.003000,0.011000,0.009000,1.812000,0.030713,1.064306,-0.709931,-0.078592,-0.338329,0.059423
0.7028,59.7120,0.000000,0.012000,-0.703000,0.000000,-0.524000,0.688000,0.003000,0.000000,-0.003000,0.011000,0.009000,1.812000,0.030713,1.064306,-0.709931,-0.078592,-0.338329,0.059423
0.7048,59.9650,0.000000,0.012000,-0.703000,0.000000,-0.524000,0.700000,0.003000,0.000000,-0.003000,0.011000,0.009000,1.800000,0.030713,1.064306,-0.709931,-0.078592,-0.338329,0.109262
0.7069,60.2200,0.000000,0.012000,-0.703000,0.000000,-0.524000,0.700000,0.003000,0.000000,-0.003000,0.011000,0.009000,1.800000,0.030713,1.064306,-0.709931,-0.078592,-0.338329,0.109262
0.7090,60.4790,0.000000,0.012000,-0.703000,0.000000,-0.524000,0.700000,-0.006000,0.004000,0.000000,-0.007000,0.009000,1.800000,0.047250,1.085569,-0.737100,-0.081467,-0.338329,0.109262
0.7111,60.7330,0.000000,0.012000,-0.703000,0.000000,-0.524000,0.712000,-0.006000,0.004000,0.000000,-0.007000,0.026000,1.752000,0.047250,1.085569,-0.737100,-0.081467,-0.350789,0.090093
0.7133,60.9990,0.000000,0.012000,-0.703000,0.000000,-0.524000,0.712000,-0.006000,0.004000,0.000000,-0.007000,0.026000,1.752000,0.047250,1.085569,-0.737100,-0.081467,-0.350789,0.090093
0.7153,61.2510,0.000000,0.012000,-0.703000,0.000000,-0.524000,0.725000,-0.002000,0.000000,0.000000,0.032000,0.003000,1.754000,0.021263,1.086750,-0.740644,-0.086260,-0.337371,0.091052
0.7174,61.5030,0.000000,0.012000,-0.703000,0.000000,-0.524000,0.725000,-0.002000,0.000000,0.000000,0.032000,0.003000,1.754000,0.021263,1.086750,-0.740644,-0.086260,-0.337371,0.091052
0.7198,61.8020,0.000000,0.012000,-0.703000,0.000000,-0.524000,0.725000,0.003000,0.000000,0.000000,0.032000,-0.015000,1.754000,0.020081,1.086750,-0.740644,-0.086260,-0.345038,0.091052
0.7219,62.0540,0.000000,0.012000,-0.703000,0.000000,-0.524000,0.725000,0.003000,0.000000,0.000000,0.032000,-0.015000,1.754000,0.020081,1.086750,-0.740644,-0.086260,-0.345038,0.091052
0.7241,62.3210,0.000000,0.012000,-0.703000,0.000000,-0.524000,0.725000,0.003000,0.000000,0.007000,0.007000,-0.015000,1.754000,0.020081,1.085569,-0.726469,-0.087218,-0.345038,0.091052
0.7261,62.5720,0.000000,0.012000,-0.703000,0.000000,-0.524000,0.737000,0.003000,0.000000,0.007000,0.007000,-0.015000,1.819000,0.020081,1.085569,-0.726469,-0.087218,-0.345038,0.066132
0.7282,62.8230,0.000000,0.012000,-0.703000,0.000000,-0.524000,0.737000,0.003000,0.000000,0.007000,0.007000,-0.015000,1.819000,0.020081,1.085569,-0.726469,-0.087218,-0.345038,0.066132
0.7303,63.0730,0.000000,0.012000,-0.703000,0.000000,-0.524000,0.750000,0.000000,-0.001000,-0.003000,-0.038000,-0.015000,1.758000,0.018900,1.084387,-0.722925,-0.061340,-0.339288,0.071883
0.7323,63.3230,0.000000,0.012000,-0.703000,0.000000,-0.524000,0.750000,0.000000,-0.001000,-0.003000,-0.038000,-0.015000,1.758000,0.018900,1.084387,-0.722925,-0.061340,-0.339288,0.071883
0.7344,63.5790,0.000000,0.012000,-0.703000,0.000000,-0.524000,0.750000,0.009000,0.000000,0.005000,0.003000,0.000000,1.758000,0.021263,1.073756,-0.752456,-0.089135,-0.340246,0.071883
0.7365,63.8290,0.000000,0.012000,-0.703000,0.000000,-0.524000,0.750000,0.009000,0.000000,0.005000,0.003000,0.000000,1.758000,0.021263,1.073756,-0.752456,-0.089135,-0.340246,0.071883
0.7386,64.0850,0.000000,0.012000,-0.703000,0.000000,-0.524000,0.750000,0.009000,0.000000,0.005000,0.003000,0.000000,1.758000,0.021263,1.073756,-0.752456,-0.089135,-0.340246,0.071883
0.7407,64.3300,0.000000,0.012000,-0.703000,0.000000,-0.524000,0.762000,0.009000,0.000000,0.005000,0.003000,0.000000,1.794000,0.021263,1.073756,-0.752456,-0.089135,-0.340246,0.101595
0.7427,64.5780,0.000000,0.012000,-0.703000,0.000000,-0.524000,0.762000,0.009000,0.000000,0.005000,0.003000,0.000000,1.794000,0.021263,1.073756,-0.752456,-0.089135,-0.340246,0.101595
0.7448,64.8330,0.000000,0.012000,-0.703000,0.000000,-0.524000,0.776000,0.001000,0.003000,-0.001000,-0.017000,0.009000,1.856000,0.034256,1.069031,-0.731194,-0.076675,-0.345997,0.046005
0.7469,65.0810,0.000000,0.012000,-0.703000,0.000000,-0.524000,0.776000,0.001000,0.003000,-0.001000,-0.017000,0.009000,1.856000,0.034256,1.069031,-0.731194,-0.076675,-0.345997,0.046005
0.7490,65.3270,0.000000,0.012000,-0.703000,0.000000,-0.524000,0.776000,-0.002000,0.001000,-0.007000,-0.017000,0.009000,1.856000,0.047250,1.080844,-0.743006,-0.076675,-0.345997,0.046005
0.7510,65.5730,0.000000,0.012000,-0.703000,0.000000,-0.524000,0.788000,-0.002000,0.001000,-0.007000,0.015000,-0.005000,1.813000,0.047250,1.080844,-0.743006,-0.115013,-0.328745,0.069008
0.7532,65.8340,0.000000,0.012000,-0.703000,0.000000,-0.524000,0.788000,-0.002000,0.001000,-0.007000,0.015000,-0.005000,1.813000,0.047250,1.080844,-0.743006,-0.115013,-0.328745,0.069008
0.7553,66.0800,0.000000,0.012000,-0.703000,0.000000,-0.524000,0.788000,0.000000,-0.003000,-0.007000,0.015000,0.023000,1.813000,0.027169,1.085569,-0.743006,-0.115013,-0.350789,0.069008
0.7573,66.3260,0.000000,0.012000,-0.703000,0.000000,-0.524000,0.788000,0.000000,-0.003000,-0.007000,0.015000,0.023000,1.813000,0.027169,1.085569,-0.743006,-0.115013,-0.350789,0.069008
0.7594,66.5740,0.000000,0.012000,-0.703000,0.000000,-0.524000,0.788000,0.000000,-0.003000,-0.004000,-0.003000,0.023000,1.813000,0.027169,1.085569,-0.728831,-0.069966,-0.350789,0.069008
0.7615,66.8170,0.000000,0.012000,-0.703000,0.000000,-0.524000,0.801000,0.000000,-0.003000,-0.004000,-0.003000,0.023000,1.812000,0.027169,1.085569,-0.728831,-0.069966,-0.350789,0.112137
0.7637,67.0790,0.000000,0.012000,-0.703000,0.000000,-0.524000,0.801000,-0.001000,0.000000,-0.004000,-0.003000,0.023000,1.812000,0.041344,1.077300,-0.728831,-0.069966,-0.350789,0.112137
0.7658,67.3220,0.000000,0.012000,-0.703000,0.000000,-0.524000,0.813000,-0.001000,0.000000,0.000000,0.015000,-0.007000,1.846000,0.041344,1.077300,-0.740644,-0.087218,-0.331620,0.133223
0.7678,67.5660,0.000000,0.012000,-0.703000,0.000000,-0.524000,0.813000,-0.001000,0.000000,0.000000,0.015000,-0.007000,1.846000,0.041344,1.077300,-0.740644,-0.087218,-0.331620,0.133223
0.7699,67.8140,0.000000,0.012000,-0.703000,0.000000,-0.524000,0.813000,0.000000,-0.002000,0.000000,-0.011000,0.003000,1.846000,0.043706,1.087931,-0.731194,-0.080509,-0.340246,0.133223
0.7720,68.0560,0.000000,0.012000,-0.703000,0.000000,-0.524000,0.813000,0.000000,-0.002000,0.000000,-0.011000,0.003000,1.846000,0.043706,1.087931,-0.731194,-0.080509,-0.340246,0.133223
0.7741,68.2970,0.000000,0.012000,-0.703000,0.000000,-0.524000,0.813000,0.000000,-0.002000,0.000000,-0.011000,0.000000,1.846000,0.043706,1.087931,-0.731194,-0.080509,-0.334496,0.133223
0.7761,68.5380,0.000000,0.012000,-0.703000,0.000000,-0.524000,0.826000,0.000000,-0.002000,0.000000,-0.011000,0.000000,1.859000,0.043706,1.087931,-0.731194,-0.080509,-0.334496,0.029712
0.7782,68.7850,0.000000,0.012000,-0.703000,0.000000,-0.524000,0.826000,0.000000,-0.002000,0.000000,-0.011000,0.000000,1.859000,0.043706,1.087931,-0.731194,-0.080509,-0.334496,0.029712
0.7803,69.0240,0.000000,0.012000,-0.703000,0.000000,-0.524000,0.839000,0.002000,-0.001000,0.001000,0.026000,0.000000,1.850000,0.041344,1.083206,-0.730012,-0.094886,-0.334496,0.065174
0.7824,69.2630,0.000000,0.012000,-0.703000,0.000000,-0.524000,0.839000,0.002000,-0.001000,0.001000,0.026000,0.000000,1.850000,0.041344,1.083206,-0.730012,-0.094886,-0.334496,0.065174
0.7845,69.5080,0.000000,0.012000,-0.703000,0.000000,-0.524000,0.852000,-0.012000,-0.002000,0.000000,0.000000,0.000000,1.861000,0.040162,1.072575,-0.726469,-0.077634,-0.348872,0.112137
0.7865,69.7470,0.000000,0.012000,-0.703000,0.000000,-0.524000,0.852000,-0.012000,-0.002000,0.000000,0.000000,0.000000,1.861000,0.040162,1.072575,-0.726469,-0.077634,-0.348872,0.112137
0.7886,69.9890,0.000000,0.012000,-0.703000,0.000000,-0.524000,0.852000,-0.012000,-0.002000,0.000000,0.000000,0.000000,1.861000,0.040162,1.072575,-0.726469,-0.077634,-0.348872,0.112137
0.7907,70.2220,0.000000,0.012000,-0.703000,0.000000,-0.524000,0.852000,-0.002000,-0.002000,0.000000,0.000000,0.013000,1.861000,0.031894,1.078481,-0.726469,-0.077634,-0.340246,0.112137
0.7927,70.4590,0.000000,0.012000,-0.703000,0.000000,-0.524000,0.852000,-0.002000,-0.002000,0.000000,0.000000,0.013000,1.861000,0.031894,1.078481,-0.726469,-0.077634,-0.340246,0.112137
0.7948,70.6990,0.000000,0.012000,-0.703000,0.000000,-0.524000,0.865000,-0.002000,-0.002000,0.000000,-0.003000,0.013000,1.823000,0.031894,1.078481,-0.722925,-0.074758,-0.340246,0.072841
0.7969,70.9350,0.000000,0.012000,-0.703000,0.000000,-0.524000,0.865000,-0.002000,-0.002000,0.000000,-0.003000,0.013000,1.823000,0.031894,1.078481,-0.722925,-0.074758,-0.340246,0.072841
0.7990,71.1700,0.000000,0.012000,-0.703000,0.000000,-0.524000,0.865000,0.003000,-0.001000,-0.004000,0.007000,0.013000,1.823000,0.029531,1.089112,-0.724106,-0.078592,-0.340246,0.072841
0.8010,71.4040,0.000000,0.012000,-0.703000,0.000000,-0.524000,0.878000,0.003000,-0.001000,-0.004000,0.007000,-0.011000,1.913000,0.029531,1.089112,-0.724106,-0.078592,-0.343122,0.014377
0.8034,71.6760,0.000000,0.012000,-0.703000,0.000000,-0.524000,0.878000,0.003000,-0.001000,-0.004000,0.007000,-0.011000,1.913000,0.029531,1.089112,-0.724106,-0.078592,-0.343122,0.014377
0.8055,71.9090,0.000000,0.012000,-0.703000,0.000000,-0.524000,0.878000,0.010000,0.000000,0.001000,0.009000,-0.030000,1.913000,0.008269,1.080844,-0.744188,-0.087218,-0.339288,0.014377
0.8075,72.1430,0.000000,0.012000,-0.703000,0.000000,-0.524000,0.878000,0.010000,0.000000,0.001000,0.009000,-0.030000,1.913000,0.008269,1.080844,-0.744188,-0.087218,-0.339288,0.014377
0.8096,72.3760,0.000000,0.012000,-0.703000,0.000000,-0.524000,0.878000,0.010000,0.000000,0.001000,0.009000,0.009000,1.913000,0.008269,1.080844,-0.744188,-0.087218,-0.342163,0.014377
0.8117,72.6050,0.000000,0.012000,-0.703000,0.000000,-0.524000,0.891000,0.010000,0.000000,0.001000,0.009000,0.009000,1.813000,0.008269,1.080844,-0.744188,-0.087218,-0.342163,0.094886
0.8137,72.8350,0.000000,0.012000,-0.703000,0.000000,-0.524000,0.891000,0.000000,0.000000,0.001000,0.009000,0.009000,1.813000,0.046069,1.080844,-0.744188,-0.087218,-0.342163,0.094886
0.8158,73.0650,0.000000,0.012000,-0.703000,0.000000,-0.524000,0.903000,0.000000,-0.002000,0.002000,-0.053000,0.009000,1.875000,0.046069,1.078481,-0.730012,-0.064215,-0.342163,0.098719
0.8180,73.3080,0.000000,0.012000,-0.703000,0.000000,-0.524000,0.903000,0.000000,-0.002000,0.002000,-0.053000,0.009000,1.875000,0.046069,1.078481,-0.730012,-0.064215,-0.342163,0.098719
0.8201,73.5440,0.000000,0.012000,-0.703000,0.000000,-0.524000,0.917000,0.000000,0.000000,-0.002000,0.032000,0.011000,1.905000,0.034256,1.087931,-0.732375,-0.074758,-0.356540,0.062299
0.8221,73.7720,0.000000,0.012000,-0.703000,0.000000,-0.524000,0.917000,0.000000,0.000000,-0.002000,0.032000,0.011000,1.905000,0.034256,1.087931,-0.732375,-0.074758,-0.356540,0.062299
0.8244,74.0160,0.000000,0.012000,-0.703000,0.000000,-0.524000,0.917000,-0.001000,-0.003000,-0.002000,0.032000,0.011000,1.905000,0.034256,1.076119,-0.732375,-0.074758,-0.356540,0.062299
0.8264,74.2440,0.000000,0.012000,-0.703000,0.000000,-0.524000,0.917000,-0.001000,-0.003000,-0.002000,0.032000,0.017000,1.905000,0.034256,1.076119,-0.732375,-0.074758,-0.345997,0.062299
0.8287,74.4950,0.000000,0.012000,-0.703000,0.000000,-0.524000,0.917000,-0.001000,-0.003000,-0.002000,0.032000,0.017000,1.905000,0.034256,1.076119,-0.732375,-0.074758,-0.345997,0.062299
0.8308,74.7200,0.000000,0.012000,-0.703000,0.000000,-0.524000,0.930000,-0.001000,-0.003000,-0.002000,-0.015000,0.017000,1.892000,0.034256,1.076119,-0.726469,-0.072841,-0.345997,0.044088
0.8328,74.9450,0.000000,0.012000,-0.703000,0.000000,-0.524000,0.930000,-0.001000,-0.003000,-0.002000,-0.015000,0.017000,1.892000,0.034256,1.076119,-0.726469,-0.072841,-0.345997,0.044088
0.8350,75.1810,0.000000,0.012000,-0.703000,0.000000,-0.524000,0.943000,0.004000,0.000000,0.001000,0.013000,-0.005000,1.831000,0.021263,1.076119,-0.734737,-0.074758,-0.356540,0.083384
0.8371,75.4050,0.000000,0.012000,-0.703000,0.000000,-0.524000,0.943000,0.004000,0.000000,0.001000,0.013000,-0.005000,1.831000,0.021263,1.076119,-0.734737,-0.074758,-0.356540,0.083384
0.8392,75.6380,0.000000,0.012000,-0.703000,0.000000,-0.524000,0.943000,0.003000,0.000000,0.003000,-0.011000,-0.003000,1.831000,0.021263,1.082025,-0.746550,-0.058465,-0.341205,0.083384
0.8413,75.8600,0.000000,0.012000,-0.703000,0.000000,-0.524000,0.943000,0.003000,0.000000,0.003000,-0.011000,-0.003000,1.831000,0.021263,1.082025,-0.746550,-0.058465,-0.341205,0.083384
0.8435,76.0980,0.000000,0.012000,-0.703000,0.000000,-0.524000,0.943000,0.003000,0.000000,0.003000,-0.011000,-0.003000,1.831000,0.021263,1.082025,-0.746550,-0.058465,-0.341205,0.083384
0.8456,76.3180,0.000000,0.012000,-0.703000,0.000000,-0.524000,0.956000,0.003000,0.000000,0.003000,-0.011000,-0.024000,1.894000,0.021263,1.082025,-0.746550,-0.058465,-0.339288,0.088176
0.8476,76.5370,0.000000,0.012000,-0.703000,0.000000,-0.524000,0.956000,0.003000,0.000000,0.003000,-0.011000,-0.024000,1.894000,0.021263,1.082025,-0.746550,-0.058465,-0.339288,0.088176
0.8497,76.7610,0.000000,0.012000,-0.703000,0.000000,-0.524000,0.968000,0.002000,0.001000,0.002000,0.005000,-0.024000,1.817000,0.021263,1.078481,-0.732375,-0.072841,-0.339288,0.072841
0.8518,76.9790,0.000000,0.012000,-0.703000,0.000000,-0.524000,0.968000,0.002000,0.001000,0.002000,0.005000,-0.024000,1.817000,0.021263,1.078481,-0.732375,-0.072841,-0.339288,0.072841
0.8544,77.2520,0.000000,0.012000,-0.703000,0.000000,-0.524000,0.981000,-0.003000,-0.003000,0.000000,-0.011000,-0.017000,1.821000,0.023625,1.077300,-0.722925,-0.067091,-0.332579,0.088176
0.8564,77.4680,0.000000,0.012000,-0.703000,0.000000,-0.524000,0.981000,-0.003000,-0.003000,0.000000,-0.011000,-0.017000,1.821000,0.023625,1.077300,-0.722925,-0.067091,-0.332579,0.088176
0.8585,77.6910,0.000000,0.012000,-0.703000,0.000000,-0.524000,0.981000,-0.003000,-0.003000,0.000000,-0.011000,-0.017000,1.821000,0.023625,1.077300,-0.722925,-0.067091,-0.332579,0.088176
0.8606,77.9060,0.000000,0.012000,-0.703000,0.000000,-0.524000,0.981000,-0.006000,-0.002000,0.000000,-0.011000,0.007000,1.821000,0.027169,1.086750,-0.722925,-0.067091,-0.342163,0.088176
0.8627,78.1210,0.000000,0.012000,-0.703000,0.000000,-0.524000,0.981000,-0.006000,-0.002000,0.000000,-0.011000,0.007000,1.821000,0.027169,1.086750,-0.722925,-0.067091,-0.342163,0.088176
0.8647,78.3340,0.000000,0.012000,-0.703000,0.000000,-0.524000,0.994000,-0.006000,-0.002000,-0.001000,-0.001000,0.007000,1.894000,0.027169,1.086750,-0.712294,-0.058465,-0.342163,0.070925
0.8668,78.5470,0.000000,0.012000,-0.703000,0.000000,-0.524000,0.994000,-0.006000,-0.002000,-0.001000,-0.001000,0.007000,1.894000,0.027169,1.086750,-0.712294,-0.058465,-0.342163,0.070925
0.8689,78.7610,0.000000,0.012000,-0.703000,0.000000,-0.524000,0.994000,0.005000,0.002000,-0.001000,-0.001000,0.007000,1.894000,0.031894,1.086750,-0.712294,-0.058465,-0.342163,0.070925
0.8710,78.9790,0.000000,0.012000,-0.703000,0.000000,-0.524000,1.008000,0.005000,0.002000,-0.005000,-0.017000,-0.007000,1.909000,0.031894,1.086750,-0.734737,-0.075717,-0.337371,0.044088
0.8731,79.1980,0.000000,0.012000,-0.703000,0.000000,-0.524000,1.008000,0.000000,0.001000,-0.004000,0.015000,0.023000,1.909000,0.023625,1.091475,-0.719381,-0.086260,-0.360373,0.044088
0.8753,79.4170,0.000000,0.012000,-0.703000,0.000000,-0.524000,1.008000,0.000000,0.001000,-0.004000,0.015000,0.023000,1.909000,0.023625,1.091475,-0.719381,-0.086260,-0.360373,0.044088
0.8773,79.6270,0.000000,0.012000,-0.703000,0.000000,-0.524000,1.008000,0.000000,0.001000,-0.004000,0.015000,0.023000,1.909000,0.023625,1.091475,-0.719381,-0.086260,-0.360373,0.044088
0.8802,79.9140,0.000000,0.012000,-0.703000,0.000000,-0.524000,1.020000,0.000000,0.001000,-0.004000,0.015000,-0.019000,1.833000,0.023625,1.091475,-0.719381,-0.086260,-0.349831,0.095844
0.8822,80.1210,0.000000,0.012000,-0.703000,0.000000,-0.524000,1.020000,0.000000,0.001000,-0.004000,0.015000,-0.019000,1.833000,0.023625,1.091475,-0.719381,-0.086260,-0.349831,0.095844
0.8843,80.3270,0.000000,0.012000,-0.703000,0.000000,-0.524000,1.033000,-0.007000,-0.002000,0.002000,-0.005000,-0.019000,1.871000,0.037800,1.083206,-0.731194,-0.057506,-0.349831,0.071883
0.8864,80.5330,0.000000,0.012000,-0.703000,0.000000,-0.524000,1.033000,-0.007000,-0.002000,0.002000,-0.005000,-0.019000,1.871000,0.037800,1.083206,-0.731194,-0.057506,-0.349831,0.071883
0.8884,80.7380,0.000000,0.012000,-0.703000,0.000000,-0.524000,1.033000,-0.007000,-0.002000,0.002000,-0.005000,-0.019000,1.871000,0.037800,1.083206,-0.731194,-0.057506,-0.349831,0.071883
0.8905,80.9410,0.000000,0.012000,-0.703000,0.000000,-0.524000,1.047000,-0.001000,0.000000,0.000000,0.001000,0.017000,1.905000,0.050794,1.076119,-0.737100,-0.057506,-0.347914,0.085301
0.8926,81.1450,0.000000,0.012000,-0.703000,0.000000,-0.524000,1.047000,-0.001000,0.000000,0.000000,0.001000,0.017000,1.905000,0.050794,1.076119,-0.737100,-0.057506,-0.347914,0.085301
0.8947,81.3500,0.000000,0.012000,-0.703000,0.000000,-0.524000,1.047000,0.000000,0.000000,0.000000,0.001000,0.013000,1.905000,0.030713,1.083206,-0.737100,-0.057506,-0.358457,0.085301
0.8967,81.5520,0.000000,0.012000,-0.703000,0.000000,-0.524000,1.047000,0.000000,0.000000,0.000000,0.001000,0.013000,1.905000,0.030713,1.083206,-0.737100,-0.057506,-0.358457,0.085301
0.8989,81.7590,0.000000,0.012000,-0.703000,0.000000,-0.524000,1.047000,0.000000,0.000000,0.007000,0.001000,0.013000,1.905000,0.030713,1.083206,-0.756000,-0.057506,-0.358457,0.085301
0.9009,81.9600,0.000000,0.012000,-0.703000,0.000000,-0.524000,1.059000,0.000000,0.000000,0.007000,-0.001000,0.013000,1.810000,0.030713,1.083206,-0.756000,-0.086260,-0.358457,0.071883
0.9034,82.2030,0.000000,0.012000,-0.703000,0.000000,-0.524000,1.059000,0.000000,0.000000,0.007000,-0.001000,0.013000,1.810000,0.030713,1.083206,-0.756000,-0.086260,-0.358457,0.071883
0.9055,82.4000,0.000000,0.012000,-0.703000,0.000000,-0.524000,1.072000,-0.008000,0.000000,-0.003000,0.005000,-0.024000,1.825000,0.036619,1.089112,-0.738281,-0.084343,-0.337371,0.081467
0.9076,82.5980,0.000000,0.012000,-0.703000,0.000000,-0.524000,1.072000,-0.008000,0.000000,-0.003000,0.005000,-0.024000,1.825000,0.036619,1.089112,-0.738281,-0.084343,-0.337371,0.081467
0.9096,82.7930,0.000000,0.012000,-0.703000,0.000000,-0.524000,1.072000,0.000000,0.000000,0.000000,-0.017000,0.024000,1.825000,0.023625,1.067850,-0.730012,-0.071883,-0.362290,0.081467
0.9117,82.9860,0.000000,0.012000,-0.703000,0.000000,-0.524000,1.072000,0.000000,0.000000,0.000000,-0.017000,0.024000,1.825000,0.023625,1.067850,-0.730012,-0.071883,-0.362290,0.081467
0.9142,83.2250,0.000000,0.012000,-0.703000,0.000000,-0.524000,1.072000,0.000000,0.000000,0.000000,-0.017000,0.024000,1.825000,0.023625,1.067850,-0.730012,-0.071883,-0.362290,0.081467
0.9163,83.4180,0.000000,0.012000,-0.703000,0.000000,-0.524000,1.085000,0.000000,0.000000,0.000000,-0.017000,-0.017000,1.900000,0.023625,1.067850,-0.730012,-0.071883,-0.351747,0.068049
0.9183,83.6130,0.000000,0.012000,-0.703000,0.000000,-0.524000,1.085000,0.000000,0.000000,0.000000,-0.017000,-0.017000,1.900000,0.023625,1.067850,-0.730012,-0.071883,-0.351747,0.068049
0.9204,83.8040,0.000000,0.012000,-0.703000,0.000000,-0.524000,1.098000,0.000000,0.000000,-0.005000,0.030000,-0.017000,1.810000,0.030713,1.084387,-0.719381,-0.081467,-0.351747,0.046964
0.9225,83.9940,0.000000,0.012000,-0.703000,0.000000,-0.524000,1.098000,0.000000,0.000000,-0.005000,0.030000,-0.017000,1.810000,0.030713,1.084387,-0.719381,-0.081467,-0.351747,0.046964
0.9246,84.1900,0.000000,0.012000,-0.703000,0.000000,-0.524000,1.098000,0.003000,0.000000,-0.005000,-0.011000,-0.017000,1.810000,0.027169,1.078481,-0.743006,-0.083384,-0.351747,0.046964
0.9267,84.3800,0.000000,0.012000,-0.703000,0.000000,-0.524000,1.112000,0.003000,0.000000,-0.005000,-0.011000,-0.009000,1.915000,0.027169,1.078481,-0.743006,-0.083384,-0.365166,0.023961
0.9288,84.5710,0.000000,0.012000,-0.703000,0.000000,-0.524000,1.112000,0.000000,-0.001000,-0.005000,-0.011000,-0.009000,1.915000,0.015356,1.083206,-0.743006,-0.083384,-0.365166,0.023961
0.9308,84.7580,0.000000,0.012000,-0.703000,0.000000,-0.524000,1.112000,0.000000,-0.001000,-0.005000,-0.011000,-0.021000,1.915000,0.015356,1.083206,-0.743006,-0.083384,-0.357498,0.023961
0.9331,84.9650,0.000000,0.012000,-0.703000,0.000000,-0.524000,1.112000,0.000000,-0.001000,-0.005000,-0.011000,-0.021000,1.915000,0.015356,1.083206,-0.743006,-0.083384,-0.357498,0.023961
0.9352,85.1500,0.000000,0.012000,-0.703000,0.000000,-0.524000,1.124000,0.000000,-0.001000,0.000000,0.040000,-0.021000,1.813000,0.015356,1.083206,-0.735919,-0.113096,-0.357498,0.074758
0.9373,85.3350,0.000000,0.012000,-0.703000,0.000000,-0.524000,1.124000,0.000000,-0.001000,0.000000,0.040000,-0.021000,1.813000,0.015356,1.083206,-0.735919,-0.113096,-0.357498,0.074758
0.9393,85.5170,0.000000,0.012000,-0.703000,0.000000,-0.524000,1.124000,0.005000,0.000000,0.000000,-0.049000,0.009000,1.813000,0.016537,1.089112,-0.718200,-0.065174,-0.359415,0.074758
0.9414,85.6990,0.000000,0.012000,-0.703000,0.000000,-0.524000,1.137000,0.005000,0.000000,0.000000,-0.049000,0.009000,1.896000,0.016537,1.089112,-0.718200,-0.065174,-0.359415,0.065174
0.9439,85.9150,0.000000,0.012000,-0.703000,0.000000,-0.524000,1.137000,0.005000,0.000000,0.000000,-0.049000,0.009000,1.896000,0.016537,1.089112,-0.718200,-0.065174,-0.359415,0.065174
0.9459,86.0950,0.000000,0.012000,-0.703000,0.000000,-0.524000,1.137000,0.002000,0.000000,-0.001000,-0.005000,-0.009000,1.896000,0.021263,1.066669,-0.732375,-0.083384,-0.352706,0.065174
0.9481,86.2860,0.000000,0.012000,-0.703000,0.000000,-0.524000,1.137000,0.002000,0.000000,-0.001000,-0.005000,-0.009000,1.896000,0.021263,1.066669,-0.732375,-0.083384,-0.352706,0.065174
0.9502,86.4630,0.000000,0.012000,-0.703000,0.000000,-0.524000,1.150000,0.002000,0.000000,-0.001000,-0.005000,-0.026000,1.798000,0.021263,1.066669,-0.732375,-0.083384,-0.351747,0.123639
0.9522,86.6410,0.000000,0.012000,-0.703000,0.000000,-0.524000,1.150000,0.002000,0.000000,-0.001000,-0.005000,-0.026000,1.798000,0.021263,1.066669,-0.732375,-0.083384,-0.351747,0.123639
0.9544,86.8200,0.000000,0.012000,-0.703000,0.000000,-0.524000,1.150000,-0.003000,0.000000,0.002000,-0.023000,-0.026000,1.798000,0.035438,1.078481,-0.748912,-0.085301,-0.351747,0.123639
0.9564,86.9950,0.000000,0.012000,-0.703000,0.000000,-0.524000,1.162000,-0.003000,0.000000,0.002000,-0.023000,-0.026000,1.838000,0.035438,1.078481,-0.748912,-0.085301,-0.351747,0.069008
0.9585,87.1720,0.000000,0.012000,-0.703000,0.000000,-0.524000,1.162000,-0.005000,0.001000,0.002000,-0.023000,-0.026000,1.838000,0.030713,1.069031,-0.748912,-0.085301,-0.351747,0.069008
0.9606,87.3450,0.000000,0.012000,-0.703000,0.000000,-0.524000,1.175000,-0.005000,0.001000,0.001000,0.017000,-0.038000,1.850000,0.030713,1.069031,-0.722925,-0.098719,-0.347914,0.073800
0.9626,87.5170,0.000000,0.012000,-0.703000,0.000000,-0.524000,1.175000,-0.005000,0.001000,0.001000,0.017000,-0.038000,1.850000,0.030713,1.069031,-0.722925,-0.098719,-0.347914,0.073800
0.9647,87.6840,0.000000,0.012000,-0.703000,0.000000,-0.524000,1.175000,0.005000,0.002000,0.001000,0.017000,-0.042000,1.850000,0.015356,1.090294,-0.722925,-0.098719,-0.362290,0.073800
0.9667,87.8540,0.000000,0.012000,-0.703000,0.000000,-0.524000,1.175000,0.005000,0.002000,0.001000,0.017000,-0.042000,1.850000,0.015356,1.090294,-0.722925,-0.098719,-0.362290,0.073800
0.9689,88.0280,0.000000,0.012000,-0.703000,0.000000,-0.524000,1.175000,0.005000,0.002000,-0.002000,0.017000,-0.042000,1.850000,0.015356,1.090294,-0.719381,-0.098719,-0.362290,0.073800
0.9709,88.1960,0.000000,0.012000,-0.703000,0.000000,-0.524000,1.188000,0.005000,0.002000,-0.002000,-0.013000,-0.042000,1.812000,0.015356,1.090294,-0.719381,-0.095844,-0.362290,0.029712
0.9731,88.3740,0.000000,0.012000,-0.703000,0.000000,-0.524000,1.188000,0.005000,0.002000,-0.002000,-0.013000,-0.042000,1.812000,0.015356,1.090294,-0.719381,-0.095844,-0.362290,0.029712
0.9752,88.5400,0.000000,0.012000,-0.703000,0.000000,-0.524000,1.200000,0.006000,-0.001000,0.001000,0.021000,0.000000,1.764000,0.020081,1.082025,-0.750094,-0.116930,-0.366124,0.102553
0.9772,88.7040,0.000000,0.012000,-0.703000,0.000000,-0.524000,1.200000,0.006000,-0.001000,0.001000,0.021000,0.000000,1.764000,0.020081,1.082025,-0.750094,-0.116930,-0.366124,0.102553
0.9794,88.8720,0.000000,0.012000,-0.703000,0.000000,-0.524000,1.200000,0.008000,0.000000,-0.003000,0.000000,-0.021000,1.764000,0.027169,1.082025,-0.763088,-0.106387,-0.350789,0.102553
0.9814,89.0340,0.000000,0.012000,-0.703000,0.000000,-0.524000,1.200000,0.008000,0.000000,-0.003000,0.000000,-0.021000,1.764000,0.027169,1.082025,-0.763088,-0.106387,-0.350789,0.102553
0.9835,89.1950,0.000000,0.012000,-0.703000,0.000000,-0.524000,1.200000,0.008000,0.000000,-0.003000,0.000000,-0.021000,1.764000,0.027169,1.082025,-0.763088,-0.106387,-0.350789,0.102553
0.9855,89.3550,0.000000,0.012000,-0.703000,0.000000,-0.524000,1.213000,0.008000,0.000000,-0.003000,0.000000,-0.017000,1.865000,0.027169,1.082025,-0.763088,-0.106387,-0.353664,0.061340
0.9876,89.5140,0.000000,0.012000,-0.703000,0.000000,-0.524000,1.213000,0.008000,0.000000,-0.003000,0.000000,-0.017000,1.865000,0.027169,1.082025,-0.763088,-0.106387,-0.353664,0.061340
0.9897,89.6730,0.000000,0.012000,-0.703000,0.000000,-0.524000,1.226000,-0.003000,-0.003000,0.001000,0.051000,-0.017000,1.779000,0.027169,1.072575,-0.728831,-0.127473,-0.353664,0.053673
0.9917,89.8300,0.000000,0.012000,-0.703000,0.000000,-0.524000,1.226000,-0.003000,-0.003000,0.001000,0.051000,-0.017000,1.779000,0.027169,1.072575,-0.728831,-0.127473,-0.353664,0.053673
0.9939,89.9920,0.000000,0.012000,-0.703000,0.000000,-0.524000,1.226000,-0.009000,0.000000,0.001000,0.051000,-0.017000,1.779000,0.038981,1.074938,-0.728831,-0.127473,-0.353664,0.053673
0.9959,90.1470,0.000000,0.012000,-0.703000,0.000000,-0.524000,1.238000,-0.009000,0.000000,0.002000,-0.063000,0.044000,1.771000,0.038981,1.074938,-0.720562,-0.124597,-0.364207,0.055590
0.9981,90.3100,0.000000,0.012000,-0.703000,0.000000,-0.524000,1.238000,-0.009000,0.000000,0.002000,-0.063000,0.044000,1.771000,0.038981,1.074938,-0.720562,-0.124597,-0.364207,0.055590
1.0002,90.4630,0.000000,0.012000,-0.703000,0.000000,-0.524000,1.238000,-0.001000,0.001000,0.002000,0.017000,-0.028000,1.771000,0.049612,1.076119,-0.720562,-0.099678,-0.362290,0.055590
1.0022,90.6140,0.000000,0.012000,-0.703000,0.000000,-0.524000,1.238000,-0.001000,0.001000,0.002000,0.017000,-0.028000,1.771000,0.049612,1.076119,-0.720562,-0.099678,-0.362290,0.055590
1.0043,90.7660,0.000000,0.012000,-0.703000,0.000000,-0.524000,1.238000,-0.001000,0.001000,0.000000,0.017000,-0.028000,1.771000,0.049612,1.076119,-0.709931,-0.099678,-0.362290,0.055590
1.0064,90.9160,0.000000,0.012000,-0.703000,0.000000,-0.524000,1.250000,-0.001000,0.001000,0.000000,0.017000,-0.028000,1.733000,0.049612,1.076119,-0.709931,-0.099678,-0.362290,0.110221
1.0087,91.0840,0.000000,0.012000,-0.703000,0.000000,-0.524000,1.250000,-0.001000,0.001000,0.000000,0.017000,-0.028000,1.733000,0.049612,1.076119,-0.709931,-0.099678,-0.362290,0.110221
1.0108,91.2310,0.000000,0.012000,-0.703000,0.000000,-0.524000,1.263000,-0.015000,0.000000,-0.002000,-0.023000,0.005000,1.789000,0.059062,1.084387,-0.702844,-0.083384,-0.356540,0.065174
1.0128,91.3770,0.000000,0.012000,-0.703000,0.000000,-0.524000,1.263000,-0.015000,0.000000,-0.002000,-0.023000,0.005000,1.789000,0.059062,1.084387,-0.702844,-0.083384,-0.356540,0.065174
1.0153,91.5490,0.000000,0.012000,-0.703000,0.000000,-0.524000,1.263000,-0.013000,-0.002000,-0.001000,-0.003000,0.003000,1.789000,0.042525,1.078481,-0.706387,-0.093927,-0.365166,0.065174
1.0173,91.6920,0.000000,0.012000,-0.703000,0.000000,-0.524000,1.263000,-0.013000,-0.002000,-0.001000,-0.003000,0.003000,1.789000,0.042525,1.078481,-0.706387,-0.093927,-0.365166,0.065174
1.0195,91.8390,0.000000,0.012000,-0.703000,0.000000,-0.524000,1.275000,-0.013000,-0.002000,-0.001000,-0.003000,-0.001000,1.762000,0.042525,1.078481,-0.706387,-0.093927,-0.365166,0.027795
1.0215,91.9810,0.000000,0.012000,-0.703000,0.000000,-0.524000,1.275000,-0.013000,-0.002000,-0.001000,-0.003000,-0.001000,1.762000,0.042525,1.078481,-0.706387,-0.093927,-0.365166,0.027795
1.0238,92.1380,0.000000,0.012000,-0.703000,0.000000,-0.524000,1.275000,-0.004000,-0.002000,-0.001000,-0.003000,-0.001000,1.762000,0.037800,1.078481,-0.706387,-0.093927,-0.365166,0.027795
1.0259,92.2760,0.000000,0.012000,-0.703000,0.000000,-0.524000,1.288000,-0.004000,0.002000,0.005000,-0.023000,-0.001000,1.767000,0.037800,1.073756,-0.721744,-0.089135,-0.365166,0.038338
1.0281,92.4260,0.000000,0.012000,-0.703000,0.000000,-0.524000,1.288000,-0.004000,0.002000,0.005000,-0.023000,-0.001000,1.767000,0.037800,1.073756,-0.721744,-0.089135,-0.365166,0.038338
1.0302,92.5620,0.000000,0.012000,-0.703000,0.000000,-0.524000,1.299000,-0.004000,-0.001000,0.000000,0.000000,-0.019000,1.631000,0.041344,1.078481,-0.709931,-0.096802,-0.352706,0.109262
1.0323,92.6980,0.000000,0.012000,-0.703000,0.000000,-0.524000,1.299000,-0.004000,-0.001000,0.000000,0.000000,-0.019000,1.631000,0.041344,1.078481,-0.709931,-0.096802,-0.352706,0.109262
1.0343,92.8320,0.000000,0.012000,-0.703000,0.000000,-0.524000,1.299000,0.003000,0.002000,0.000000,-0.019000,0.017000,1.631000,0.018900,1.086750,-0.709931,-0.067091,-0.370916,0.109262
1.0364,92.9650,0.000000,0.012000,-0.703000,0.000000,-0.524000,1.299000,0.003000,0.002000,0.000000,-0.019000,0.017000,1.631000,0.018900,1.086750,-0.709931,-0.067091,-0.370916,0.109262
1.0385,93.0980,0.000000,0.012000,-0.703000,0.000000,-0.524000,1.312000,0.003000,0.002000,0.008000,-0.019000,0.017000,1.756000,0.018900,1.086750,-0.706387,-0.067091,-0.370916,0.041213
1.0405,93.2280,0.000000,0.012000,-0.703000,0.000000,-0.524000,1.312000,0.003000,0.002000,0.008000,-0.019000,0.017000,1.756000,0.018900,1.086750,-0.706387,-0.067091,-0.370916,0.041213
1.0426,93.3580,0.000000,0.012000,-0.703000,0.000000,-0.524000,1.312000,0.003000,0.002000,0.008000,-0.019000,0.017000,1.756000,0.018900,1.086750,-0.706387,-0.067091,-0.370916,0.041213
1.0447,93.4900,0.000000,0.012000,-0.703000,0.000000,-0.524000,1.324000,0.000000,-0.002000,-0.003000,-0.007000,-0.013000,1.769000,0.027169,1.065487,-0.699300,-0.066132,-0.358457,0.132265
1.0468,93.6170,0.000000,0.012000,-0.703000,0.000000,-0.524000,1.324000,0.000000,-0.002000,-0.003000,-0.007000,-0.013000,1.769000,0.027169,1.065487,-0.699300,-0.066132,-0.358457,0.132265
1.0489,93.7450,0.000000,0.012000,-0.703000,0.000000,-0.524000,1.324000,-0.002000,0.002000,-0.003000,-0.007000,-0.013000,1.769000,0.048431,1.089112,-0.699300,-0.066132,-0.358457,0.132265
1.0509,93.8700,0.000000,0.012000,-0.703000,0.000000,-0.524000,1.324000,-0.002000,0.002000,0.000000,0.053000,0.005000,1.769000,0.048431,1.089112,-0.701662,-0.116930,-0.368041,0.132265
1.0533,94.0120,0.000000,0.012000,-0.703000,0.000000,-0.524000,1.324000,-0.002000,0.002000,0.000000,0.053000,0.005000,1.769000,0.048431,1.089112,-0.701662,-0.116930,-0.368041,0.132265
1.0553,94.1350,0.000000,0.012000,-0.703000,0.000000,-0.524000,1.335000,-0.002000,0.002000,0.000000,0.053000,0.000000,1.583000,0.048431,1.089112,-0.701662,-0.116930,-0.374750,0.141849
1.0574,94.2560,0.000000,0.012000,-0.703000,0.000000,-0.524000,1.335000,-0.002000,0.002000,0.000000,0.053000,0.000000,1.583000,0.048431,1.089112,-0.701662,-0.116930,-0.374750,0.141849
1.0595,94.3760,0.000000,0.012000,-0.703000,0.000000,-0.524000,1.335000,-0.005000,0.001000,-0.001000,-0.069000,0.000000,1.583000,0.037800,1.074938,-0.715838,-0.053673,-0.374750,0.141849
1.0615,94.4940,0.000000,0.012000,-0.703000,0.000000,-0.524000,1.347000,-0.005000,0.001000,-0.001000,-0.069000,0.000000,1.775000,0.037800,1.074938,-0.715838,-0.053673,-0.374750,0.044088
1.0636,94.6140,0.000000,0.012000,-0.703000,0.000000,-0.524000,1.347000,0.007000,-0.002000,-0.001000,-0.069000,0.000000,1.775000,0.033075,1.089112,-0.715838,-0.053673,-0.374750,0.044088
1.0657,94.7290,0.000000,0.012000,-0.703000,0.000000,-0.524000,1.359000,0.007000,-0.002000,0.002000,0.036000,-0.024000,1.704000,0.033075,1.089112,-0.719381,-0.107345,-0.355581,0.077634
1.0677,94.8440,0.000000,0.012000,-0.703000,0.000000,-0.524000,1.359000,0.007000,-0.002000,0.002000,0.036000,-0.024000,1.704000,0.033075,1.089112,-0.719381,-0.107345,-0.355581,0.077634
1.0698,94.9570,0.000000,0.012000,-0.703000,0.000000,-0.524000,1.359000,-0.003000,0.000000,0.002000,-0.038000,-0.015000,1.704000,0.031894,1.078481,-0.719381,-0.069008,-0.377625,0.077634
1.0718,95.0710,0.000000,0.012000,-0.703000,0.000000,-0.524000,1.359000,-0.003000,0.000000,0.002000,-0.038000,-0.015000,1.704000,0.031894,1.078481,-0.719381,-0.069008,-0.377625,0.077634
1.0746,95.2180,0.000000,0.012000,-0.703000,0.000000,-0.524000,1.359000,-0.003000,0.000000,0.002000,-0.038000,-0.015000,1.704000,0.031894,1.078481,-0.714656,-0.069008,-0.377625,0.077634
1.0766,95.3290,0.000000,0.012000,-0.703000,0.000000,-0.524000,1.371000,-0.003000,0.000000,0.002000,-0.038000,-0.015000,1.672000,0.031894,1.078481,-0.714656,-0.069008,-0.377625,0.057506
1.0787,95.4360,0.000000,0.012000,-0.703000,0.000000,-0.524000,1.371000,0.000000,0.003000,-0.001000,0.040000,-0.009000,1.672000,0.030713,1.071394,-0.720562,-0.087218,-0.374750,0.057506
1.0807,95.5430,0.000000,0.012000,-0.703000,0.000000,-0.524000,1.382000,0.000000,0.003000,-0.001000,0.040000,-0.009000,1.591000,0.030713,1.071394,-0.720562,-0.087218,-0.374750,0.114054
1.0828,95.6500,0.000000,0.012000,-0.703000,0.000000,-0.524000,1.382000,0.000000,0.003000,-0.001000,0.040000,-0.009000,1.591000,0.030713,1.071394,-0.720562,-0.087218,-0.374750,0.114054
1.0849,95.7550,0.000000,0.012000,-0.703000,0.000000,-0.524000,1.382000,0.005000,0.001000,-0.005000,-0.040000,0.000000,1.591000,0.020081,1.085569,-0.717019,-0.062299,-0.362290,0.114054
1.0869,95.8590,0.000000,0.012000,-0.703000,0.000000,-0.524000,1.382000,0.005000,0.001000,-0.005000,-0.040000,0.000000,1.591000,0.020081,1.085569,-0.717019,-0.062299,-0.362290,0.114054
1.0890,95.9610,0.000000,0.012000,-0.703000,0.000000,-0.524000,1.394000,0.005000,0.001000,-0.005000,-0.040000,0.015000,1.698000,0.020081,1.085569,-0.717019,-0.062299,-0.368041,0.029712
1.0910,96.0620,0.000000,0.012000,-0.703000,0.000000,-0.524000,1.394000,0.005000,0.001000,-0.005000,-0.040000,0.015000,1.698000,0.020081,1.085569,-0.717019,-0.062299,-0.368041,0.029712
1.0931,96.1630,0.000000,0.012000,-0.703000,0.000000,-0.524000,1.394000,0.005000,0.001000,-0.005000,-0.040000,0.015000,1.698000,0.020081,1.085569,-0.717019,-0.062299,-0.368041,0.029712
1.0952,96.2620,0.000000,0.012000,-0.703000,0.000000,-0.524000,1.405000,0.000000,0.000000,0.003000,0.046000,0.015000,1.587000,0.017719,1.082025,-0.715838,-0.087218,-0.368041,0.058465
1.0972,96.3590,0.000000,0.012000,-0.703000,0.000000,-0.524000,1.405000,0.000000,0.000000,0.003000,0.046000,0.015000,1.587000,0.017719,1.082025,-0.715838,-0.087218,-0.368041,0.058465
1.0993,96.4570,0.000000,0.012000,-0.703000,0.000000,-0.524000,1.405000,0.000000,-0.001000,-0.004000,-0.005000,0.015000,1.587000,0.028350,1.079662,-0.702844,-0.083384,-0.368041,0.058465
1.1014,96.5520,0.000000,0.012000,-0.703000,0.000000,-0.524000,1.417000,0.000000,-0.001000,-0.004000,-0.005000,0.023000,1.610000,0.028350,1.079662,-0.702844,-0.083384,-0.364207,0.040254
1.1034,96.6460,0.000000,0.012000,-0.703000,0.000000,-0.524000,1.417000,0.000000,-0.001000,-0.004000,-0.005000,0.023000,1.610000,0.028350,1.079662,-0.702844,-0.083384,-0.364207,0.040254
1.1055,96.7380,0.000000,0.012000,-0.703000,0.000000,-0.524000,1.417000,0.005000,0.000000,-0.004000,0.009000,-0.030000,1.610000,0.029531,1.090294,-0.702844,-0.078592,-0.353664,0.040254
1.1076,96.8290,0.000000,0.012000,-0.703000,0.000000,-0.524000,1.417000,0.005000,0.000000,-0.004000,0.009000,-0.030000,1.610000,0.029531,1.090294,-0.702844,-0.078592,-0.353664,0.040254
1.1096,96.9190,0.000000,0.012000,-0.703000,0.000000,-0.524000,1.428000,0.005000,0.000000,0.000000,0.009000,-0.030000,1.543000,0.029531,1.090294,-0.694575,-0.078592,-0.353664,0.079551
1.1117,97.0080,0.000000,0.012000,-0.703000,0.000000,-0.524000,1.428000,0.005000,0.000000,0.000000,0.009000,-0.030000,1.543000,0.029531,1.090294,-0.694575,-0.078592,-0.353664,0.079551
1.1137,97.0950,0.000000,0.012000,-0.703000,0.000000,-0.524000,1.428000,0.000000,0.000000,-0.002000,0.009000,-0.030000,1.543000,0.038981,1.078481,-0.721744,-0.078592,-0.353664,0.079551
1.1158,97.1820,0.000000,0.012000,-0.703000,0.000000,-0.524000,1.439000,0.000000,0.000000,-0.002000,0.000000,0.013000,1.616000,0.038981,1.078481,-0.721744,-0.073800,-0.372833,0.069008
1.1182,97.2820,0.000000,0.012000,-0.703000,0.000000,-0.524000,1.439000,0.000000,0.000000,-0.002000,0.000000,0.013000,1.616000,0.038981,1.078481,-0.721744,-0.073800,-0.372833,0.069008
1.1203,97.3670,0.000000,0.012000,-0.703000,0.000000,-0.524000,1.439000,-0.004000,0.003000,0.001000,0.017000,-0.003000,1.616000,0.023625,1.083206,-0.708750,-0.062299,-0.369958,0.069008
1.1224,97.4490,0.000000,0.012000,-0.703000,0.000000,-0.524000,1.439000,-0.004000,0.003000,0.001000,0.017000,-0.003000,1.616000,0.023625,1.083206,-0.708750,-0.062299,-0.369958,0.069008
1.1244,97.5310,0.000000,0.012000,-0.703000,0.000000,-0.524000,1.439000,-0.004000,0.003000,0.001000,0.017000,0.007000,1.616000,0.023625,1.083206,-0.708750,-0.062299,-0.377625,0.069008
1.1265,97.6110,0.000000,0.012000,-0.703000,0.000000,-0.524000,1.449000,-0.004000,0.003000,0.001000,0.017000,0.007000,1.551000,0.023625,1.083206,-0.708750,-0.062299,-0.377625,0.069008
1.1289,97.7010,0.000000,0.012000,-0.703000,0.000000,-0.524000,1.449000,-0.003000,-0.001000,-0.005000,0.017000,0.007000,1.551000,0.024806,1.079662,-0.694575,-0.062299,-0.377625,0.069008
1.1310,97.7790,0.000000,0.012000,-0.703000,0.000000,-0.524000,1.460000,-0.003000,-0.001000,-0.005000,0.023000,0.007000,1.568000,0.024806,1.079662,-0.694575,-0.092969,-0.377625,0.022044
1.1331,97.8560,0.000000,0.012000,-0.703000,0.000000,-0.524000,1.460000,-0.003000,-0.001000,-0.005000,0.023000,0.007000,1.568000,0.024806,1.079662,-0.694575,-0.092969,-0.377625,0.022044
1.1351,97.9300,0.000000,0.012000,-0.703000,0.000000,-0.524000,1.471000,0.002000,0.000000,0.000000,-0.003000,0.013000,1.497000,0.012994,1.078481,-0.717019,-0.087218,-0.378584,0.081467
1.1372,98.0030,0.000000,0.012000,-0.703000,0.000000,-0.524000,1.471000,0.002000,0.000000,0.000000,-0.003000,0.013000,1.497000,0.012994,1.078481,-0.717019,-0.087218,-0.378584,0.081467
1.1393,98.0780,0.000000,0.012000,-0.703000,0.000000,-0.524000,1.471000,0.010000,0.000000,0.000000,0.007000,-0.013000,1.497000,0.025987,1.080844,-0.717019,-0.072841,-0.380501,0.081467
1.1414,98.1490,0.000000,0.012000,-0.703000,0.000000,-0.524000,1.471000,0.010000,0.000000,0.000000,0.007000,-0.013000,1.497000,0.025987,1.080844,-0.717019,-0.072841,-0.380501,0.081467
1.1437,98.2250,0.000000,0.012000,-0.703000,0.000000,-0.524000,1.471000,0.010000,0.000000,0.000000,0.007000,-0.013000,1.497000,0.025987,1.080844,-0.717019,-0.072841,-0.380501,0.081467
1.1457,98.2930,0.000000,0.012000,-0.703000,0.000000,-0.524000,1.481000,0.010000,0.000000,-0.003000,0.007000,-0.013000,1.482000,0.025987,1.080844,-0.711112,-0.072841,-0.380501,0.082426
1.1478,98.3600,0.000000,0.012000,-0.703000,0.000000,-0.524000,1.481000,0.010000,0.000000,-0.003000,0.007000,-0.013000,1.482000,0.025987,1.080844,-0.711112,-0.072841,-0.380501,0.082426
1.1499,98.4260,0.000000,0.012000,-0.703000,0.000000,-0.524000,1.492000,-0.003000,0.000000,0.000000,0.019000,-0.001000,1.507000,0.038981,1.072575,-0.694575,-0.078592,-0.383376,0.054631
1.1520,98.4900,0.000000,0.012000,-0.703000,0.000000,-0.524000,1.492000,-0.003000,0.000000,0.000000,0.019000,-0.001000,1.507000,0.038981,1.072575,-0.694575,-0.078592,-0.383376,0.054631
1.1549,98.5770,0.000000,0.012000,-0.703000,0.000000,-0.524000,1.492000,-0.010000,0.000000,-0.004000,-0.017000,-0.009000,1.507000,0.042525,1.079662,-0.698119,-0.062299,-0.368999,0.054631
1.1569,98.6380,0.000000,0.012000,-0.703000,0.000000,-0.524000,1.492000,-0.010000,0.000000,-0.004000,-0.017000,-0.009000,1.507000,0.042525,1.079662,-0.698119,-0.062299,-0.368999,0.054631
1.1591,98.6990,0.000000,0.012000,-0.703000,0.000000,-0.524000,1.492000,-0.010000,0.000000,-0.004000,-0.017000,-0.009000,1.507000,0.042525,1.079662,-0.698119,-0.062299,-0.368999,0.054631
1.1611,98.7570,0.000000,0.012000,-0.703000,0.000000,-0.524000,1.502000,-0.010000,0.000000,-0.004000,-0.017000,0.015000,1.455000,0.042525,1.079662,-0.698119,-0.062299,-0.366124,0.042171
1.1639,98.8330,0.000000,0.012000,-0.703000,0.000000,-0.524000,1.502000,-0.010000,0.000000,-0.004000,-0.017000,0.015000,1.455000,0.042525,1.079662,-0.698119,-0.062299,-0.366124,0.042171
1.1659,98.8870,0.000000,0.012000,-0.703000,0.000000,-0.524000,1.512000,0.000000,-0.002000,0.000000,0.026000,0.015000,1.378000,0.034256,1.076119,-0.698119,-0.085301,-0.366124,0.060382
1.1682,98.9460,0.000000,0.012000,-0.703000,0.000000,-0.524000,1.512000,0.000000,-0.002000,0.000000,0.026000,0.015000,1.378000,0.034256,1.076119,-0.698119,-0.085301,-0.366124,0.060382
1.1702,98.9980,0.000000,0.012000,-0.703000,0.000000,-0.524000,1.522000,-0.002000,0.001000,-0.001000,-0.024000,0.007000,1.407000,0.038981,1.089112,-0.695756,-0.064215,-0.375708,0.111179
1.1723,99.0490,0.000000,0.012000,-0.703000,0.000000,-0.524000,1.522000,-0.002000,0.001000,-0.001000,-0.024000,0.007000,1.407000,0.038981,1.089112,-0.695756,-0.064215,-0.375708,0.111179
1.1749,99.1120,0.000000,0.012000,-0.703000,0.000000,-0.524000,1.522000,-0.003000,0.000000,-0.001000,0.000000,-0.015000,1.407000,0.023625,1.069031,-0.695756,-0.075717,-0.374750,0.111179
1.1770,99.1600,0.000000,0.012000,-0.703000,0.000000,-0.524000,1.522000,-0.003000,0.000000,-0.001000,0.000000,-0.015000,1.407000,0.023625,1.069031,-0.695756,-0.075717,-0.374750,0.111179
1.1792,99.2090,0.000000,0.012000,-0.703000,0.000000,-0.524000,1.522000,-0.003000,0.000000,0.005000,0.000000,-0.015000,1.407000,0.023625,1.069031,-0.708750,-0.075717,-0.374750,0.111179
1.1812,99.2540,0.000000,0.012000,-0.703000,0.000000,-0.524000,1.531000,-0.003000,0.000000,0.005000,0.000000,-0.015000,1.424000,0.023625,1.069031,-0.708750,-0.075717,-0.374750,0.097761
1.1833,99.3000,0.000000,0.012000,-0.703000,0.000000,-0.524000,1.531000,0.002000,0.000000,0.005000,0.000000,-0.015000,1.424000,0.022444,1.083206,-0.708750,-0.075717,-0.374750,0.097761
1.1854,99.3420,0.000000,0.012000,-0.703000,0.000000,-0.524000,1.541000,0.002000,0.000000,-0.002000,-0.030000,0.000000,1.369000,0.022444,1.083206,-0.707569,-0.046964,-0.368041,0.045047
1.1875,99.3830,0.000000,0.012000,-0.703000,0.000000,-0.524000,1.541000,0.002000,0.000000,-0.002000,-0.030000,0.000000,1.369000,0.022444,1.083206,-0.707569,-0.046964,-0.368041,0.045047
1.1896,99.4240,0.000000,0.012000,-0.703000,0.000000,-0.524000,1.541000,0.009000,0.000000,0.000000,0.015000,0.001000,1.369000,0.021263,1.080844,-0.683944,-0.099678,-0.368999,0.045047
1.1916,99.4620,0.000000,0.012000,-0.703000,0.000000,-0.524000,1.541000,0.009000,0.000000,0.000000,0.015000,0.001000,1.369000,0.021263,1.080844,-0.683944,-0.099678,-0.368999,0.045047
1.1942,99.5080,0.000000,0.012000,-0.703000,0.000000,-0.524000,1.551000,0.009000,0.000000,0.000000,0.015000,-0.023000,1.307000,0.021263,1.080844,-0.683944,-0.099678,-0.353664,0.014377
1.1962,99.5440,0.000000,0.012000,-0.703000,0.000000,-0.524000,1.551000,0.009000,0.000000,0.000000,0.015000,-0.023000,1.307000,0.021263,1.080844,-0.683944,-0.099678,-0.353664,0.014377
1.1985,99.5810,0.000000,0.012000,-0.703000,0.000000,-0.524000,1.551000,0.007000,0.000000,0.000000,0.015000,-0.023000,1.307000,0.009450,1.080844,-0.683944,-0.099678,-0.353664,0.014377
1.2006,99.6140,0.000000,0.012000,-0.703000,0.000000,-0.524000,1.560000,0.007000,0.003000,0.004000,-0.011000,-0.023000,1.351000,0.009450,1.063125,-0.698119,-0.059423,-0.353664,0.085301
1.2026,99.6450,0.000000,0.012000,-0.703000,0.000000,-0.524000,1.560000,0.007000,0.003000,0.004000,-0.011000,-0.023000,1.351000,0.009450,1.063125,-0.698119,-0.059423,-0.353664,0.085301
1.2049,99.6790,0.000000,0.012000,-0.703000,0.000000,-0.524000,1.569000,0.000000,0.000000,-0.002000,0.003000,-0.005000,1.294000,0.012994,1.069031,-0.692213,-0.070925,-0.366124,0.084343
1.2070,99.7070,0.000000,0.012000,-0.703000,0.000000,-0.524000,1.569000,0.000000,0.000000,-0.002000,0.003000,-0.005000,1.294000,0.012994,1.069031,-0.692213,-0.070925,-0.366124,0.084343
1.2090,99.7350,0.000000,0.012000,-0.703000,0.000000,-0.524000,1.569000,0.000000,-0.004000,-0.002000,-0.013000,-0.005000,1.294000,0.023625,1.086750,-0.692213,-0.057506,-0.366124,0.084343
1.2111,99.7600,0.000000,0.012000,-0.703000,0.000000,-0.524000,1.569000,0.000000,-0.004000,-0.002000,-0.013000,-0.013000,1.294000,0.023625,1.086750,-0.692213,-0.057506,-0.367083,0.084343
1.2134,99.7880,0.000000,0.012000,-0.703000,0.000000,-0.524000,1.569000,0.000000,-0.004000,-0.002000,-0.013000,-0.013000,1.294000,0.023625,1.086750,-0.692213,-0.057506,-0.367083,0.084343
1.2155,99.8110,0.000000,0.012000,-0.703000,0.000000,-0.524000,1.578000,0.000000,-0.004000,-0.002000,-0.013000,-0.013000,1.231000,0.023625,1.086750,-0.708750,-0.057506,-0.367083,0.062299
1.2175,99.8330,0.000000,0.012000,-0.703000,0.000000,-0.524000,1.578000,0.000000,-0.004000,-0.002000,-0.013000,-0.013000,1.231000,0.023625,1.086750,-0.708750,-0.057506,-0.367083,0.062299
1.2196,99.8540,0.000000,0.012000,-0.703000,0.000000,-0.524000,1.587000,-0.002000,0.000000,0.000000,-0.011000,0.017000,1.242000,0.010631,1.067850,-0.700481,-0.075717,-0.368041,0.066132
1.2217,99.8730,0.000000,0.012000,-0.703000,0.000000,-0.524000,1.587000,-0.002000,0.000000,0.000000,-0.011000,0.017000,1.242000,0.010631,1.067850,-0.700481,-0.075717,-0.368041,0.066132
1.2237,99.8910,0.000000,0.012000,-0.703000,0.000000,-0.524000,1.587000,0.006000,-0.001000,-0.002000,-0.015000,0.017000,1.242000,0.003544,1.067850,-0.692213,-0.078592,-0.368041,0.066132
1.2258,99.9070,0.000000,0.012000,-0.703000,0.000000,-0.524000,1.587000,0.006000,-0.001000,-0.002000,-0.015000,0.019000,1.242000,0.003544,1.067850,-0.692213,-0.078592,-0.374750,0.066132
1.2279,99.9220,0.000000,0.012000,-0.703000,0.000000,-0.524000,1.587000,0.006000,-0.001000,-0.002000,-0.015000,0.019000,1.242000,0.003544,1.067850,-0.692213,-0.078592,-0.374750,0.066132
1.2300,99.9360,0.000000,0.012000,-0.703000,0.000000,-0.524000,1.595000,0.006000,-0.001000,-0.002000,-0.015000,0.038000,1.257000,0.003544,1.067850,-0.692213,-0.078592,-0.376667,0.083384
1.2320,99.9480,0.000000,0.012000,-0.703000,0.000000,-0.524000,1.595000,0.006000,-0.001000,-0.002000,-0.015000,0.038000,1.257000,0.003544,1.067850,-0.692213,-0.078592,-0.376667,0.083384
1.2341,99.9590,0.000000,0.012000,-0.703000,0.000000,-0.524000,1.595000,-0.001000,0.000000,-0.003000,-0.005000,0.038000,1.257000,0.017719,1.066669,-0.695756,-0.069966,-0.376667,0.083384
1.2361,99.9690,0.000000,0.012000,-0.703000,0.000000,-0.524000,1.603000,-0.001000,0.000000,-0.003000,-0.005000,0.038000,1.129000,0.017719,1.066669,-0.695756,-0.069966,-0.376667,0.070925
1.2383,99.9780,0.000000,0.012000,-0.703000,0.000000,-0.524000,1.603000,-0.001000,0.000000,-0.003000,-0.005000,0.038000,1.129000,0.017719,1.066669,-0.695756,-0.069966,-0.376667,0.070925
1.2403,99.9850,0.000000,0.012000,-0.703000,0.000000,-0.524000,1.611000,0.002000,0.001000,-0.004000,0.000000,-0.003000,1.092000,0.028350,1.085569,-0.687487,-0.075717,-0.391044,0.030670
1.2424,99.9900,0.000000,0.012000,-0.703000,0.000000,-0.524000,1.611000,0.002000,0.001000,-0.004000,0.000000,-0.003000,1.092000,0.028350,1.085569,-0.687487,-0.075717,-0.391044,0.030670
1.2451,99.9960,0.000000,0.012000,-0.703000,0.000000,-0.524000,1.611000,0.002000,0.000000,-0.004000,0.015000,-0.009000,1.092000,0.035438,1.072575,-0.687487,-0.081467,-0.376667,0.030670
1.2471,99.9980,0.000000,0.012000,-0.703000,0.000000,-0.524000,1.611000,0.002000,0.000000,-0.004000,0.015000,-0.009000,1.092000,0.035438,1.072575,-0.687487,-0.081467,-0.376667,0.030670
1.2493,99.9990,0.000000,0.012000,-0.703000,0.000000,-0.524000,1.611000,0.002000,0.000000,0.006000,0.015000,-0.009000,1.092000,0.035438,1.072575,-0.701662,-0.081467,-0.376667,0.030670
1.2514,99.9990,0.000000,0.012000,-0.703000,0.000000,-0.524000,1.619000,0.002000,0.000000,0.006000,0.015000,-0.009000,1.100000,0.035438,1.072575,-0.701662,-0.081467,-0.376667,0.055590
1.2535,99.9980,0.000000,0.012000,-0.703000,0.000000,-0.524000,1.619000,-0.001000,0.000000,0.006000,0.015000,-0.009000,1.100000,0.056700,1.072575,-0.701662,-0.081467,-0.376667,0.055590
1.2555,99.9950,0.000000,0.012000,-0.703000,0.000000,-0.524000,1.627000,-0.001000,0.000000,0.000000,-0.017000,0.017000,1.045000,0.056700,1.072575,-0.698119,-0.065174,-0.375708,0.009584
1.2576,99.9900,0.000000,0.012000,-0.703000,0.000000,-0.524000,1.627000,-0.001000,0.000000,0.000000,-0.017000,0.017000,1.045000,0.056700,1.072575,-0.698119,-0.065174,-0.375708,0.009584
1.2596,99.9850,0.000000,0.012000,-0.703000,0.000000,-0.524000,1.627000,0.000000,0.002000,0.002000,0.000000,-0.013000,1.045000,0.059062,1.077300,-0.691031,-0.086260,-0.373792,0.009584
1.2617,99.9780,0.000000,0.012000,-0.703000,0.000000,-0.524000,1.627000,0.000000,0.002000,0.002000,0.000000,-0.013000,1.045000,0.059062,1.077300,-0.691031,-0.086260,-0.373792,0.009584
1.2639,99.9690,0.000000,0.012000,-0.703000,0.000000,-0.524000,1.627000,0.000000,0.002000,0.002000,0.000000,-0.005000,1.045000,0.059062,1.077300,-0.691031,-0.086260,-0.368999,0.009584
1.2659,99.9590,0.000000,0.012000,-0.703000,0.000000,-0.524000,1.635000,0.000000,0.002000,0.002000,0.000000,-0.005000,0.974000,0.059062,1.077300,-0.691031,-0.086260,-0.368999,0.013418
1.2684,99.9460,0.000000,0.012000,-0.703000,0.000000,-0.524000,1.635000,0.000000,0.002000,0.002000,0.000000,-0.005000,0.974000,0.059062,1.077300,-0.691031,-0.086260,-0.368999,0.013418
1.2705,99.9330,0.000000,0.012000,-0.703000,0.000000,-0.524000,1.642000,-0.007000,0.001000,0.002000,0.017000,-0.005000,1.006000,0.048431,1.056037,-0.711112,-0.090093,-0.368999,0.062299
1.2726,99.9190,0.000000,0.012000,-0.703000,0.000000,-0.524000,1.642000,-0.007000,0.001000,0.002000,0.017000,-0.005000,1.006000,0.048431,1.056037,-0.711112,-0.090093,-0.368999,0.062299
1.2746,99.9040,0.000000,0.012000,-0.703000,0.000000,-0.524000,1.648000,0.004000,-0.002000,0.005000,0.009000,0.003000,1.004000,0.038981,1.083206,-0.700481,-0.076675,-0.373792,0.113096
1.2767,99.8870,0.000000,0.012000,-0.703000,0.000000,-0.524000,1.648000,0.004000,-0.002000,0.005000,0.009000,0.003000,1.004000,0.038981,1.083206,-0.700481,-0.076675,-0.373792,0.113096
1.2790,99.8670,0.000000,0.012000,-0.703000,0.000000,-0.524000,1.648000,0.000000,0.000000,0.005000,0.015000,-0.001000,1.004000,0.038981,1.073756,-0.700481,-0.085301,-0.373792,0.113096
1.2811,99.8470,0.000000,0.012000,-0.703000,0.000000,-0.524000,1.648000,0.000000,0.000000,0.005000,0.015000,-0.001000,1.004000,0.038981,1.073756,-0.700481,-0.085301,-0.373792,0.113096
1.2832,99.8260,0.000000,0.012000,-0.703000,0.000000,-0.524000,1.648000,0.000000,0.000000,0.005000,0.015000,-0.001000,1.004000,0.038981,1.073756,-0.700481,-0.085301,-0.373792,0.113096
1.2852,99.8040,0.000000,0.012000,-0.703000,0.000000,-0.524000,1.655000,0.000000,0.000000,-0.003000,0.015000,-0.001000,0.874000,0.038981,1.073756,-0.699300,-0.085301,-0.373792,0.067091
1.2873,99.7800,0.000000,0.012000,-0.703000,0.000000,-0.524000,1.655000,0.000000,0.000000,-0.003000,0.015000,-0.001000,0.874000,0.038981,1.073756,-0.699300,-0.085301,-0.373792,0.067091
1.2894,99.7540,0.000000,0.012000,-0.703000,0.000000,-0.524000,1.655000,-0.015000,0.000000,0.005000,-0.007000,-0.001000,0.874000,0.048431,1.086750,-0.694575,-0.070925,-0.373792,0.067091
1.2915,99.7280,0.000000,0.012000,-0.703000,0.000000,-0.524000,1.662000,-0.015000,0.000000,0.005000,-0.007000,-0.005000,0.933000,0.048431,1.086750,-0.694575,-0.070925,-0.372833,0.028753
1.2935,99.7010,0.000000,0.012000,-0.703000,0.000000,-0.524000,1.662000,-0.015000,0.000000,0.005000,-0.007000,-0.005000,0.933000,0.048431,1.086750,-0.694575,-0.070925,-0.372833,0.028753
1.2956,99.6720,0.000000,0.012000,-0.703000,0.000000,-0.524000,1.662000,-0.006000,-0.001000,0.000000,0.001000,-0.011000,0.933000,0.040162,1.071394,-0.696937,-0.073800,-0.364207,0.028753
1.2977,99.6410,0.000000,0.012000,-0.703000,0.000000,-0.524000,1.662000,-0.006000,-0.001000,0.000000,0.001000,-0.011000,0.933000,0.040162,1.071394,-0.696937,-0.073800,-0.364207,0.028753
1.2998,99.6090,0.000000,0.012000,-0.703000,0.000000,-0.524000,1.668000,-0.006000,-0.001000,0.000000,0.001000,0.000000,0.805000,0.040162,1.071394,-0.696937,-0.073800,-0.384334,-0.006709
1.3018,99.5760,0.000000,0.012000,-0.703000,0.000000,-0.524000,1.668000,-0.006000,-0.001000,0.000000,0.001000,0.000000,0.805000,0.040162,1.071394,-0.696937,-0.073800,-0.384334,-0.006709
1.3039,99.5420,0.000000,0.012000,-0.703000,0.000000,-0.524000,1.668000,0.005000,-0.001000,0.001000,-0.017000,0.000000,0.805000,0.028350,1.070212,-0.691031,-0.040254,-0.384334,-0.006709
1.3059,99.5060,0.000000,0.012000,-0.703000,0.000000,-0.524000,1.675000,0.005000,-0.001000,0.001000,-0.017000,0.000000,1.016000,0.028350,1.070212,-0.691031,-0.040254,-0.384334,0.020127
1.3082,99.4650,0.000000,0.012000,-0.703000,0.000000,-0.524000,1.675000,0.002000,0.000000,-0.003000,-0.017000,0.000000,1.016000,0.040162,1.072575,-0.702844,-0.040254,-0.384334,0.020127
1.3103,99.4270,0.000000,0.012000,-0.703000,0.000000,-0.524000,1.680000,0.002000,0.000000,-0.003000,0.019000,-0.011000,0.711000,0.040162,1.072575,-0.702844,-0.077634,-0.372833,0.003834
1.3124,99.3870,0.000000,0.012000,-0.703000,0.000000,-0.524000,1.680000,0.002000,0.000000,-0.003000,0.019000,-0.011000,0.711000,0.040162,1.072575,-0.702844,-0.077634,-0.372833,0.003834
1.3144,99.3450,0.000000,0.012000,-0.703000,0.000000,-0.524000,1.680000,-0.001000,0.000000,0.002000,-0.023000,-0.005000,0.711000,0.029531,1.077300,-0.680400,-0.069008,-0.371875,0.003834
1.3165,99.3030,0.000000,0.012000,-0.703000,0.000000,-0.524000,1.680000,-0.001000,0.000000,0.002000,-0.023000,-0.005000,0.711000,0.029531,1.077300,-0.680400,-0.069008,-0.371875,0.003834
1.3186,99.2590,0.000000,0.012000,-0.703000,0.000000,-0.524000,1.680000,-0.001000,0.000000,0.002000,-0.023000,-0.005000,0.711000,0.029531,1.077300,-0.680400,-0.069008,-0.371875,0.003834
1.3206,99.2140,0.000000,0.012000,-0.703000,0.000000,-0.524000,1.685000,-0.001000,0.000000,0.002000,-0.023000,-0.005000,0.653000,0.029531,1.077300,-0.680400,-0.069008,-0.371875,0.078592
1.3227,99.1680,0.000000,0.012000,-0.703000,0.000000,-0.524000,1.685000,-0.001000,0.000000,0.002000,-0.023000,-0.005000,0.653000,0.029531,1.077300,-0.680400,-0.069008,-0.371875,0.078592
1.3247,99.1210,0.000000,0.012000,-0.703000,0.000000,-0.524000,1.690000,0.000000,0.000000,0.000000,0.015000,-0.030000,0.651000,0.028350,1.076119,-0.680400,-0.068049,-0.373792,0.123639
1.3268,99.0710,0.000000,0.012000,-0.703000,0.000000,-0.524000,1.690000,0.000000,0.000000,0.000000,0.015000,-0.030000,0.651000,0.028350,1.076119,-0.680400,-0.068049,-0.373792,0.123639
1.3291,99.0140,0.000000,0.012000,-0.703000,0.000000,-0.524000,1.690000,-0.002000,0.000000,0.004000,-0.007000,0.023000,0.651000,0.037800,1.072575,-0.689850,-0.071883,-0.374750,0.123639
1.3312,98.9620,0.000000,0.012000,-0.703000,0.000000,-0.524000,1.690000,-0.002000,0.000000,0.004000,-0.007000,0.023000,0.651000,0.037800,1.072575,-0.689850,-0.071883,-0.374750,0.123639
1.3332,98.9090,0.000000,0.012000,-0.703000,0.000000,-0.524000,1.690000,-0.002000,0.000000,0.004000,-0.007000,0.023000,0.651000,0.037800,1.072575,-0.689850,-0.071883,-0.374750,0.123639
1.3353,98.8550,0.000000,0.012000,-0.703000,0.000000,-0.524000,1.695000,-0.002000,0.000000,0.004000,-0.007000,0.005000,0.684000,0.037800,1.072575,-0.689850,-0.071883,-0.386251,0.110221
1.3374,98.7990,0.000000,0.012000,-0.703000,0.000000,-0.524000,1.695000,-0.002000,0.000000,0.004000,-0.007000,0.005000,0.684000,0.037800,1.072575,-0.689850,-0.071883,-0.386251,0.110221
1.3394,98.7410,0.000000,0.012000,-0.703000,0.000000,-0.524000,1.695000,0.002000,0.000000,0.005000,-0.009000,0.005000,0.684000,0.023625,1.074938,-0.685125,-0.069966,-0.386251,0.110221
1.3415,98.6830,0.000000,0.012000,-0.703000,0.000000,-0.524000,1.700000,0.002000,0.000000,0.005000,-0.009000,0.005000,0.686000,0.023625,1.074938,-0.685125,-0.069966,-0.386251,0.069966
1.3438,98.6180,0.000000,0.012000,-0.703000,0.000000,-0.524000,1.700000,0.002000,0.000000,0.005000,-0.009000,0.005000,0.686000,0.023625,1.074938,-0.685125,-0.069966,-0.386251,0.069966
1.3458,98.5570,0.000000,0.012000,-0.703000,0.000000,-0.524000,1.705000,0.004000,0.002000,0.001000,0.015000,-0.001000,0.720000,0.018900,1.064306,-0.704025,-0.070925,-0.366124,0.025878
1.3479,98.4940,0.000000,0.012000,-0.703000,0.000000,-0.524000,1.705000,0.004000,0.002000,0.001000,0.015000,-0.001000,0.720000,0.018900,1.064306,-0.704025,-0.070925,-0.366124,0.025878
1.3502,98.4230,0.000000,0.012000,-0.703000,0.000000,-0.524000,1.705000,0.005000,-0.001000,0.002000,-0.005000,-0.003000,0.720000,0.034256,1.086750,-0.696937,-0.059423,-0.366124,0.025878
1.3522,98.3580,0.000000,0.012000,-0.703000,0.000000,-0.524000,1.705000,0.005000,-0.001000,0.002000,-0.005000,-0.003000,0.720000,0.034256,1.086750,-0.696937,-0.059423,-0.366124,0.025878
1.3544,98.2890,0.000000,0.012000,-0.703000,0.000000,-0.524000,1.705000,0.005000,-0.001000,0.002000,-0.005000,-0.003000,0.720000,0.034256,1.086750,-0.696937,-0.059423,-0.366124,0.025878
1.3564,98.2210,0.000000,0.012000,-0.703000,0.000000,-0.524000,1.709000,0.005000,-0.001000,0.002000,-0.005000,-0.003000,0.598000,0.034256,1.086750,-0.696937,-0.059423,-0.366124,0.029712
1.3587,98.1450,0.000000,0.012000,-0.703000,0.000000,-0.524000,1.713000,-0.010000,0.000000,0.002000,0.017000,-0.007000,0.536000,0.055519,1.072575,-0.686306,-0.125556,-0.387210,0.059423
1.3608,98.0740,0.000000,0.012000,-0.703000,0.000000,-0.524000,1.713000,-0.010000,0.000000,0.002000,0.017000,-0.007000,0.536000,0.055519,1.072575,-0.686306,-0.125556,-0.387210,0.059423
1.3632,97.9890,0.000000,0.012000,-0.703000,0.000000,-0.524000,1.713000,-0.003000,0.003000,-0.001000,0.036000,-0.007000,0.536000,0.017719,1.076119,-0.678037,-0.097761,-0.387210,0.059423
1.3653,97.9150,0.000000,0.012000,-0.703000,0.000000,-0.524000,1.713000,-0.003000,0.003000,-0.001000,0.036000,-0.011000,0.536000,0.017719,1.076119,-0.678037,-0.097761,-0.356540,0.059423
1.3674,97.8410,0.000000,0.012000,-0.703000,0.000000,-0.524000,1.713000,-0.003000,0.003000,-0.001000,0.036000,-0.011000,0.536000,0.017719,1.076119,-0.678037,-0.097761,-0.356540,0.059423
1.3697,97.7520,0.000000,0.012000,-0.703000,0.000000,-0.524000,1.713000,-0.003000,0.003000,-0.001000,0.036000,-0.011000,0.536000,0.017719,1.076119,-0.678037,-0.097761,-0.356540,0.059423
1.3718,97.6750,0.000000,0.012000,-0.703000,0.000000,-0.524000,1.717000,-0.003000,0.003000,-0.001000,0.036000,0.000000,0.517000,0.017719,1.076119,-0.678037,-0.097761,-0.385293,0.073800
1.3743,97.5780,0.000000,0.012000,-0.703000,0.000000,-0.524000,1.720000,0.001000,0.000000,0.000000,-0.057000,0.000000,0.473000,0.025987,1.080844,-0.691031,-0.066132,-0.385293,0.053673
1.3764,97.4970,0.000000,0.012000,-0.703000,0.000000,-0.524000,1.720000,0.001000,0.000000,0.000000,-0.057000,0.000000,0.473000,0.025987,1.080844,-0.691031,-0.066132,-0.385293,0.053673
1.3787,97.4050,0.000000,0.012000,-0.703000,0.000000,-0.524000,1.720000,0.001000,0.000000,0.000000,-0.057000,0.000000,0.473000,0.025987,1.080844,-0.691031,-0.066132,-0.385293,0.053673
1.3808,97.3220,0.000000,0.012000,-0.703000,0.000000,-0.524000,1.723000,-0.005000,0.000000,-0.002000,-0.005000,0.013000,0.412000,0.030713,1.078481,-0.686306,-0.076675,-0.387210,0.087218
1.3829,97.2380,0.000000,0.012000,-0.703000,0.000000,-0.524000,1.723000,-0.005000,0.000000,-0.002000,-0.005000,0.013000,0.412000,0.030713,1.078481,-0.686306,-0.076675,-0.387210,0.087218
1.3850,97.1470,0.000000,0.012000,-0.703000,0.000000,-0.524000,1.723000,-0.001000,0.003000,-0.004000,-0.009000,-0.005000,0.412000,0.033075,1.071394,-0.694575,-0.073800,-0.373792,0.087218
1.3871,97.0600,0.000000,0.012000,-0.703000,0.000000,-0.524000,1.723000,-0.001000,0.003000,-0.004000,-0.009000,-0.005000,0.412000,0.033075,1.071394,-0.694575,-0.073800,-0.373792,0.087218
1.3892,96.9720,0.000000,0.012000,-0.703000,0.000000,-0.524000,1.723000,-0.001000,0.003000,-0.004000,-0.009000,-0.005000,0.412000,0.033075,1.071394,-0.694575,-0.073800,-0.373792,0.087218
1.3912,96.8830,0.000000,0.012000,-0.703000,0.000000,-0.524000,1.727000,-0.001000,0.003000,-0.004000,-0.009000,-0.005000,0.481000,0.033075,1.071394,-0.694575,-0.073800,-0.373792,0.055590
1.3935,96.7830,0.000000,0.012000,-0.703000,0.000000,-0.524000,1.727000,-0.001000,0.003000,-0.004000,-0.009000,-0.005000,0.481000,0.033075,1.071394,-0.694575,-0.073800,-0.373792,0.055590
1.3956,96.6910,0.000000,0.012000,-0.703000,0.000000,-0.524000,1.730000,0.006000,0.001000,0.000000,-0.003000,-0.005000,0.404000,0.022444,1.078481,-0.680400,-0.070925,-0.391044,0.020127
1.3976,96.5980,0.000000,0.012000,-0.703000,0.000000,-0.524000,1.730000,0.006000,0.001000,0.000000,-0.003000,-0.005000,0.404000,0.022444,1.078481,-0.680400,-0.070925,-0.391044,0.020127
1.3997,96.5010,0.000000,0.012000,-0.703000,0.000000,-0.524000,1.730000,0.000000,-0.002000,0.002000,0.005000,-0.005000,0.404000,0.041344,1.082025,-0.687487,-0.079551,-0.372833,0.020127
1.4018,96.4050,0.000000,0.012000,-0.703000,0.000000,-0.524000,1.730000,0.000000,-0.002000,0.002000,0.005000,-0.005000,0.404000,0.041344,1.082025,-0.687487,-0.079551,-0.372833,0.020127
1.4042,96.2910,0.000000,0.012000,-0.703000,0.000000,-0.524000,1.730000,0.000000,-0.002000,0.002000,0.005000,-0.011000,0.404000,0.041344,1.082025,-0.687487,-0.079551,-0.390085,0.020127
1.4063,96.1920,0.000000,0.012000,-0.703000,0.000000,-0.524000,1.732000,0.000000,-0.002000,0.002000,0.005000,-0.011000,0.402000,0.041344,1.082025,-0.687487,-0.079551,-0.390085,0.009584
1.4086,96.0780,0.000000,0.012000,-0.703000,0.000000,-0.524000,1.732000,0.000000,-0.002000,0.002000,0.005000,-0.011000,0.402000,0.041344,1.082025,-0.687487,-0.079551,-0.390085,0.009584
1.4107,95.9790,0.000000,0.012000,-0.703000,0.000000,-0.524000,1.735000,-0.001000,-0.002000,0.003000,0.051000,-0.011000,0.316000,0.018900,1.076119,-0.705206,-0.090093,-0.390085,0.023961
1.4128,95.8720,0.000000,0.012000,-0.703000,0.000000,-0.524000,1.735000,-0.001000,-0.002000,0.003000,0.051000,-0.011000,0.316000,0.018900,1.076119,-0.705206,-0.090093,-0.390085,0.023961
1.4150,95.7630,0.000000,0.012000,-0.703000,0.000000,-0.524000,1.737000,-0.008000,0.000000,-0.002000,-0.017000,0.007000,0.314000,0.031894,1.076119,-0.692213,-0.075717,-0.391044,0.018210
1.4170,95.6570,0.000000,0.012000,-0.703000,0.000000,-0.524000,1.737000,-0.008000,0.000000,-0.002000,-0.017000,0.007000,0.314000,0.031894,1.076119,-0.692213,-0.075717,-0.391044,0.018210
1.4192,95.5480,0.000000,0.012000,-0.703000,0.000000,-0.524000,1.737000,-0.001000,0.000000,0.001000,0.013000,0.007000,0.314000,0.021263,1.070212,-0.674494,-0.092969,-0.391044,0.018210
1.4212,95.4400,0.000000,0.012000,-0.703000,0.000000,-0.524000,1.737000,-0.001000,0.000000,0.001000,0.013000,-0.001000,0.314000,0.021263,1.070212,-0.674494,-0.092969,-0.383376,0.018210
1.4234,95.3280,0.000000,0.012000,-0.703000,0.000000,-0.524000,1.737000,-0.001000,0.000000,0.001000,0.013000,-0.001000,0.314000,0.021263,1.070212,-0.674494,-0.092969,-0.383376,0.018210
1.4256,95.2080,0.000000,0.012000,-0.703000,0.000000,-0.524000,1.738000,-0.001000,0.000000,0.001000,0.013000,-0.001000,0.251000,0.021263,1.070212,-0.674494,-0.092969,-0.383376,0.054631
1.4277,95.0970,0.000000,0.012000,-0.703000,0.000000,-0.524000,1.738000,-0.001000,0.000000,0.001000,0.013000,-0.001000,0.251000,0.021263,1.070212,-0.674494,-0.092969,-0.383376,0.054631
1.4297,94.9840,0.000000,0.012000,-0.703000,0.000000,-0.524000,1.740000,0.003000,0.000000,0.001000,-0.015000,0.005000,0.176000,0.008269,1.076119,-0.685125,-0.063257,-0.393919,0.047922
1.4318,94.8700,0.000000,0.012000,-0.703000,0.000000,-0.524000,1.740000,0.003000,0.000000,0.001000,-0.015000,0.005000,0.176000,0.008269,1.076119,-0.685125,-0.063257,-0.393919,0.047922
1.4339,94.7510,0.000000,0.012000,-0.703000,0.000000,-0.524000,1.740000,0.003000,0.000000,0.001000,-0.015000,0.005000,0.176000,0.008269,1.076119,-0.685125,-0.063257,-0.393919,0.047922
1.4360,94.6340,0.000000,0.012000,-0.703000,0.000000,-0.524000,1.740000,-0.002000,0.000000,0.000000,0.021000,0.003000,0.176000,0.017719,1.079662,-0.686306,-0.111179,-0.385293,0.047922
1.4381,94.5130,0.000000,0.012000,-0.703000,0.000000,-0.524000,1.740000,-0.002000,0.000000,0.000000,0.021000,0.003000,0.176000,0.017719,1.079662,-0.686306,-0.111179,-0.385293,0.047922
1.4405,94.3770,0.000000,0.012000,-0.703000,0.000000,-0.524000,1.742000,-0.002000,0.000000,0.000000,0.021000,0.009000,0.270000,0.017719,1.079662,-0.686306,-0.111179,-0.395836,0.027795
1.4426,94.2570,0.000000,0.012000,-0.703000,0.000000,-0.524000,1.742000,-0.002000,0.000000,0.000000,0.021000,0.009000,0.270000,0.017719,1.079662,-0.686306,-0.111179,-0.395836,0.027795
1.4446,94.1360,0.000000,0.012000,-0.703000,0.000000,-0.524000,1.742000,0.000000,0.000000,0.000000,0.005000,0.009000,0.270000,0.030713,1.073756,-0.663863,-0.075717,-0.395836,0.027795
1.4467,94.0150,0.000000,0.012000,-0.703000,0.000000,-0.524000,1.743000,0.000000,0.000000,0.000000,0.005000,0.009000,0.124000,0.030713,1.073756,-0.663863,-0.075717,-0.395836,0.060382
1.4495,93.8470,0.000000,0.012000,-0.703000,0.000000,-0.524000,1.744000,0.000000,-0.004000,-0.003000,0.013000,-0.032000,0.209000,0.024806,1.065487,-0.693394,-0.096802,-0.368999,0.053673
1.4515,93.7210,0.000000,0.012000,-0.703000,0.000000,-0.524000,1.744000,0.000000,-0.004000,-0.003000,0.013000,-0.032000,0.209000,0.024806,1.065487,-0.693394,-0.096802,-0.368999,0.053673
1.4536,93.5920,0.000000,0.012000,-0.703000,0.000000,-0.524000,1.744000,0.000000,-0.004000,-0.003000,0.013000,-0.032000,0.209000,0.024806,1.065487,-0.693394,-0.096802,-0.368999,0.053673
1.4557,93.4670,0.000000,0.012000,-0.703000,0.000000,-0.524000,1.744000,0.002000,0.001000,0.000000,0.026000,0.007000,0.209000,0.024806,1.056037,-0.679219,-0.106387,-0.398711,0.053673
1.4577,93.3380,0.000000,0.012000,-0.703000,0.000000,-0.524000,1.744000,0.002000,0.001000,0.000000,0.026000,0.007000,0.209000,0.024806,1.056037,-0.679219,-0.106387,-0.398711,0.053673
1.4598,93.2050,0.000000,0.012000,-0.703000,0.000000,-0.524000,1.744000,0.002000,0.001000,0.000000,0.026000,0.007000,0.017000,0.024806,1.056037,-0.679219,-0.106387,-0.398711,0.095844
1.4619,93.0740,0.000000,0.012000,-0.703000,0.000000,-0.524000,1.744000,0.002000,0.001000,0.000000,0.026000,0.007000,0.017000,0.024806,1.056037,-0.679219,-0.106387,-0.398711,0.095844
1.4642,92.9300,0.000000,0.012000,-0.703000,0.000000,-0.524000,1.744000,0.000000,0.001000,0.000000,0.026000,0.007000,0.017000,0.015356,1.067850,-0.679219,-0.106387,-0.398711,0.095844
1.4662,92.7970,0.000000,0.012000,-0.703000,0.000000,-0.524000,1.744000,0.000000,0.001000,0.002000,-0.023000,-0.028000,0.065000,0.015356,1.067850,-0.696937,-0.079551,-0.387210,0.104470
1.4685,92.6500,0.000000,0.012000,-0.703000,0.000000,-0.524000,1.744000,0.000000,0.001000,0.002000,-0.023000,-0.028000,0.065000,0.015356,1.067850,-0.696937,-0.079551,-0.387210,0.104470
1.4705,92.5140,0.000000,0.012000,-0.703000,0.000000,-0.524000,1.744000,0.005000,0.000000,0.002000,0.036000,0.001000,0.065000,0.012994,1.057219,-0.696937,-0.080509,-0.390085,0.104470
1.4726,92.3780,0.000000,0.012000,-0.703000,0.000000,-0.524000,1.744000,0.005000,0.000000,0.002000,0.036000,0.001000,0.065000,0.012994,1.057219,-0.696937,-0.080509,-0.390085,0.104470
1.4747,92.2380,0.000000,0.012000,-0.703000,0.000000,-0.524000,1.745000,0.005000,0.000000,0.002000,0.036000,0.003000,0.011000,0.012994,1.057219,-0.696937,-0.080509,-0.388168,0.083384
1.4767,92.0980,0.000000,0.012000,-0.703000,0.000000,-0.524000,1.745000,0.005000,0.000000,0.002000,0.036000,0.003000,0.011000,0.012994,1.057219,-0.696937,-0.080509,-0.388168,0.083384
1.4789,91.9540,0.000000,0.012000,-0.703000,0.000000,-0.524000,1.745000,0.000000,0.000000,0.001000,-0.007000,0.003000,0.011000,0.018900,1.078481,-0.687487,-0.088176,-0.388168,0.083384
1.4809,91.8120,0.000000,0.012000,-0.703000,0.000000,-0.524000,1.745000,0.000000,0.000000,0.001000,-0.007000,0.003000,0.023000,0.018900,1.078481,-0.687487,-0.088176,-0.388168,0.050797
1.4831,91.6620,0.000000,0.012000,-0.703000,0.000000,-0.524000,1.745000,0.000000,0.000000,0.001000,-0.007000,0.003000,0.023000,0.018900,1.078481,-0.687487,-0.088176,-0.388168,0.050797
1.4852,91.5180,0.000000,0.012000,-0.703000,0.000000,-0.524000,1.745000,0.001000,-0.003000,0.000000,-0.001000,-0.001000,-0.028000,0.030713,1.078481,-0.674494,-0.082426,-0.392002,0.044088
1.4872,91.3730,0.000000,0.012000,-0.703000,0.000000,-0.524000,1.745000,0.001000,-0.003000,0.000000,-0.001000,-0.001000,-0.028000,0.030713,1.078481,-0.674494,-0.082426,-0.392002,0.044088
1.4893,91.2270,0.000000,0.012000,-0.703000,0.000000,-0.524000,1.745000,-0.005000,0.000000,0.000000,-0.001000,-0.001000,-0.028000,0.033075,1.057219,-0.682762,-0.082426,-0.392002,0.044088
1.4913,91.0800,0.000000,0.012000,-0.703000,0.000000,-0.524000,1.745000,-0.005000,0.000000,0.000000,-0.003000,-0.028000,-0.028000,0.033075,1.057219,-0.682762,-0.062299,-0.387210,0.044088
1.4935,90.9280,0.000000,0.012000,-0.703000,0.000000,-0.524000,1.745000,-0.005000,0.000000,0.000000,-0.003000,-0.028000,-0.028000,0.033075,1.057219,-0.682762,-0.062299,-0.387210,0.044088
1.4955,90.7780,0.000000,0.012000,-0.703000,0.000000,-0.524000,1.744000,-0.005000,0.000000,0.000000,-0.003000,-0.028000,-0.046000,0.033075,1.057219,-0.682762,-0.062299,-0.387210,0.012460
1.4976,90.6270,0.000000,0.012000,-0.703000,0.000000,-0.524000,1.744000,-0.005000,0.000000,0.000000,-0.003000,-0.028000,-0.046000,0.033075,1.057219,-0.682762,-0.062299,-0.387210,0.012460
1.4997,90.4750,0.000000,0.012000,-0.703000,0.000000,-0.524000,1.744000,-0.003000,0.000000,0.000000,-0.032000,-0.015000,-0.046000,0.030713,1.085569,-0.680400,-0.061340,-0.390085,0.012460
1.5017,90.3220,0.000000,0.012000,-0.703000,0.000000,-0.524000,1.744000,-0.003000,0.000000,0.000000,-0.032000,-0.015000,-0.130000,0.030713,1.085569,-0.680400,-0.061340,-0.390085,0.007668
1.5040,90.1540,0.000000,0.012000,-0.703000,0.000000,-0.524000,1.744000,-0.005000,0.003000,-0.002000,-0.032000,-0.015000,-0.130000,0.028350,1.064306,-0.665044,-0.061340,-0.390085,0.007668
1.5061,89.9980,0.000000,0.012000,-0.703000,0.000000,-0.524000,1.744000,-0.005000,0.003000,-0.002000,-0.030000,-0.001000,-0.130000,0.028350,1.064306,-0.665044,-0.056548,-0.392960,0.007668
1.5084,89.8200,0.000000,0.012000,-0.703000,0.000000,-0.524000,1.744000,-0.005000,0.003000,-0.002000,-0.030000,-0.001000,-0.130000,0.028350,1.064306,-0.665044,-0.056548,-0.392960,0.007668
1.5105,89.6620,0.000000,0.012000,-0.703000,0.000000,-0.524000,1.743000,-0.005000,0.003000,-0.002000,-0.030000,-0.015000,-0.080000,0.038981,1.064306,-0.665044,-0.056548,-0.383376,-0.028753
1.5125,89.5040,0.000000,0.012000,-0.703000,0.000000,-0.524000,1.743000,-0.005000,0.003000,-0.002000,-0.030000,-0.015000,-0.080000,0.038981,1.064306,-0.665044,-0.056548,-0.383376,-0.028753
1.5147,89.3410,0.000000,0.012000,-0.703000,0.000000,-0.524000,1.743000,-0.005000,0.002000,0.000000,0.003000,-0.015000,-0.080000,0.038981,1.083206,-0.688669,-0.080509,-0.383376,-0.028753
1.5167,89.1790,0.000000,0.012000,-0.703000,0.000000,-0.524000,1.742000,-0.005000,0.002000,0.000000,0.003000,-0.015000,-0.155000,0.038981,1.083206,-0.688669,-0.080509,-0.383376,-0.116930
1.5188,89.0140,0.000000,0.012000,-0.703000,0.000000,-0.524000,1.742000,0.005000,0.002000,0.000000,0.003000,-0.015000,-0.155000,0.014175,1.083206,-0.688669,-0.080509,-0.383376,-0.116930
1.5209,88.8510,0.000000,0.012000,-0.703000,0.000000,-0.524000,1.740000,0.005000,0.000000,0.003000,-0.011000,0.001000,-0.264000,0.014175,1.074938,-0.679219,-0.061340,-0.392960,-0.013418
1.5234,88.6520,0.000000,0.012000,-0.703000,0.000000,-0.524000,1.740000,0.005000,0.000000,0.003000,-0.011000,0.001000,-0.264000,0.014175,1.074938,-0.679219,-0.061340,-0.392960,-0.013418
1.5255,88.4880,0.000000,0.012000,-0.703000,0.000000,-0.524000,1.740000,0.000000,0.004000,0.003000,-0.017000,-0.015000,-0.264000,0.030713,1.057219,-0.670950,-0.055590,-0.392960,-0.013418
1.5275,88.3210,0.000000,0.012000,-0.703000,0.000000,-0.524000,1.740000,0.000000,0.004000,0.003000,-0.017000,-0.015000,-0.264000,0.030713,1.057219,-0.670950,-0.055590,-0.392960,-0.013418
1.5299,88.1330,0.000000,0.012000,-0.703000,0.000000,-0.524000,1.739000,0.000000,0.004000,0.003000,-0.017000,-0.015000,-0.285000,0.030713,1.057219,-0.670950,-0.055590,-0.392960,-0.039296
1.5319,87.9650,0.000000,0.012000,-0.703000,0.000000,-0.524000,1.739000,0.000000,0.004000,0.003000,-0.017000,-0.015000,-0.285000,0.030713,1.057219,-0.670950,-0.055590,-0.392960,-0.039296
1.5345,87.7540,0.000000,0.012000,-0.703000,0.000000,-0.524000,1.737000,-0.002000,0.000000,0.009000,-0.007000,0.017000,-0.239000,0.029531,1.084387,-0.678037,-0.067091,-0.391044,-0.112137
1.5366,87.5830,0.000000,0.012000,-0.703000,0.000000,-0.524000,1.737000,-0.002000,0.000000,0.009000,-0.007000,0.017000,-0.239000,0.029531,1.084387,-0.678037,-0.067091,-0.391044,-0.112137
1.5387,87.4020,0.000000,0.012000,-0.703000,0.000000,-0.524000,1.737000,-0.005000,0.000000,0.009000,-0.007000,0.017000,-0.239000,0.038981,1.084387,-0.678037,-0.067091,-0.391044,-0.112137
1.5408,87.2290,0.000000,0.012000,-0.703000,0.000000,-0.524000,1.734000,-0.005000,0.000000,0.002000,0.024000,0.005000,-0.308000,0.038981,1.070212,-0.681581,-0.065174,-0.392960,-0.070925
1.5431,87.0340,0.000000,0.012000,-0.703000,0.000000,-0.524000,1.734000,-0.005000,0.000000,0.002000,0.024000,0.005000,-0.308000,0.038981,1.070212,-0.681581,-0.065174,-0.392960,-0.070925
1.5452,86.8600,0.000000,0.012000,-0.703000,0.000000,-0.524000,1.734000,0.005000,0.000000,0.002000,0.024000,0.005000,-0.308000,0.033075,1.070212,-0.681581,-0.065174,-0.376667,-0.070925
1.5472,86.6840,0.000000,0.012000,-0.703000,0.000000,-0.524000,1.734000,0.005000,0.000000,0.002000,0.024000,0.005000,-0.308000,0.033075,1.070212,-0.681581,-0.065174,-0.376667,-0.070925
1.5494,86.5020,0.000000,0.012000,-0.703000,0.000000,-0.524000,1.734000,0.005000,0.000000,0.000000,-0.032000,0.005000,-0.308000,0.033075,1.071394,-0.679219,-0.040254,-0.376667,-0.070925
1.5514,86.3240,0.000000,0.012000,-0.703000,0.000000,-0.524000,1.732000,0.005000,0.000000,0.000000,-0.032000,0.005000,-0.368000,0.033075,1.071394,-0.679219,-0.040254,-0.376667,-0.006709
1.5535,86.1430,0.000000,0.012000,-0.703000,0.000000,-0.524000,1.732000,0.005000,0.000000,0.000000,-0.032000,0.005000,-0.368000,0.033075,1.071394,-0.679219,-0.040254,-0.376667,-0.006709
1.5556,85.9630,0.000000,0.012000,-0.703000,0.000000,-0.524000,1.729000,-0.003000,-0.001000,-0.004000,0.005000,-0.001000,-0.446000,0.027169,1.080844,-0.683944,-0.083384,-0.390085,-0.022044
1.5577,85.7820,0.000000,0.012000,-0.703000,0.000000,-0.524000,1.729000,-0.003000,-0.001000,-0.004000,0.005000,-0.001000,-0.446000,0.027169,1.080844,-0.683944,-0.083384,-0.390085,-0.022044
1.5598,85.5980,0.000000,0.012000,-0.703000,0.000000,-0.524000,1.729000,0.000000,0.000000,0.001000,-0.055000,0.009000,-0.446000,0.028350,1.059581,-0.676856,-0.023003,-0.407337,-0.022044
1.5618,85.4160,0.000000,0.012000,-0.703000,0.000000,-0.524000,1.729000,0.000000,0.000000,0.001000,-0.055000,0.009000,-0.446000,0.028350,1.059581,-0.676856,-0.023003,-0.407337,-0.022044
1.5644,85.1830,0.000000,0.012000,-0.703000,0.000000,-0.524000,1.726000,0.000000,0.000000,0.001000,-0.055000,0.009000,-0.348000,0.028350,1.059581,-0.676856,-0.023003,-0.407337,-0.062299
1.5665,84.9990,0.000000,0.012000,-0.703000,0.000000,-0.524000,1.726000,0.000000,0.000000,0.001000,-0.055000,0.009000,-0.348000,0.028350,1.059581,-0.676856,-0.023003,-0.407337,-0.062299
1.5687,84.7980,0.000000,0.012000,-0.703000,0.000000,-0.524000,1.726000,0.000000,0.000000,0.001000,-0.055000,0.009000,-0.348000,0.028350,1.059581,-0.676856,-0.023003,-0.407337,-0.062299
1.5708,84.6110,0.000000,0.012000,-0.703000,0.000000,-0.524000,1.723000,0.005000,0.000000,-0.002000,0.024000,0.001000,-0.416000,0.025987,1.061944,-0.682762,-0.065174,-0.393919,-0.108304
1.5728,84.4230,0.000000,0.012000,-0.703000,0.000000,-0.524000,1.723000,0.005000,0.000000,-0.002000,0.024000,0.001000,-0.416000,0.025987,1.061944,-0.682762,-0.065174,-0.393919,-0.108304
1.5750,84.2310,0.000000,0.012000,-0.703000,0.000000,-0.524000,1.720000,0.008000,0.000000,0.000000,-0.017000,0.009000,-0.542000,0.020081,1.073756,-0.659137,-0.047922,-0.392002,-0.085301
1.5770,84.0410,0.000000,0.012000,-0.703000,0.000000,-0.524000,1.720000,0.008000,0.000000,0.000000,-0.017000,0.009000,-0.542000,0.020081,1.073756,-0.659137,-0.047922,-0.392002,-0.085301
1.5791,83.8520,0.000000,0.012000,-0.703000,0.000000,-0.524000,1.720000,0.006000,-0.001000,0.000000,-0.017000,-0.011000,-0.542000,0.009450,1.074938,-0.659137,-0.047922,-0.379542,-0.085301
1.5811,83.6610,0.000000,0.012000,-0.703000,0.000000,-0.524000,1.720000,0.006000,-0.001000,0.000000,-0.017000,-0.011000,-0.542000,0.009450,1.074938,-0.659137,-0.047922,-0.379542,-0.085301
1.5834,83.4480,0.000000,0.012000,-0.703000,0.000000,-0.524000,1.720000,0.006000,-0.001000,0.000000,-0.017000,-0.011000,-0.542000,0.009450,1.074938,-0.659137,-0.047922,-0.379542,-0.085301
1.5855,83.2540,0.000000,0.012000,-0.703000,0.000000,-0.524000,1.716000,0.006000,-0.001000,0.000000,0.000000,-0.011000,-0.533000,0.009450,1.074938,-0.680400,-0.056548,-0.379542,-0.064215
1.5876,83.0600,0.000000,0.012000,-0.703000,0.000000,-0.524000,1.716000,0.006000,-0.001000,0.000000,0.000000,-0.011000,-0.533000,0.009450,1.074938,-0.680400,-0.056548,-0.379542,-0.064215
1.5897,82.8590,0.000000,0.012000,-0.703000,0.000000,-0.524000,1.712000,0.002000,-0.002000,0.004000,-0.001000,-0.009000,-0.604000,0.030713,1.063125,-0.666225,-0.043130,-0.389127,-0.092969
1.5917,82.6630,0.000000,0.012000,-0.703000,0.000000,-0.524000,1.712000,0.002000,-0.002000,0.004000,-0.001000,-0.009000,-0.604000,0.030713,1.063125,-0.666225,-0.043130,-0.389127,-0.092969
1.5939,82.4610,0.000000,0.012000,-0.703000,0.000000,-0.524000,1.712000,-0.004000,-0.001000,0.005000,-0.001000,-0.009000,-0.604000,0.033075,1.084387,-0.673312,-0.043130,-0.389127,-0.092969
1.5959,82.2630,0.000000,0.012000,-0.703000,0.000000,-0.524000,1.712000,-0.004000,-0.001000,0.005000,0.026000,0.007000,-0.604000,0.033075,1.084387,-0.673312,-0.060382,-0.388168,-0.092969
1.5982,82.0450,0.000000,0.012000,-0.703000,0.000000,-0.524000,1.712000,-0.004000,-0.001000,0.005000,0.026000,0.007000,-0.604000,0.033075,1.084387,-0.673312,-0.060382,-0.388168,-0.092969
1.6003,81.8460,0.000000,0.012000,-0.703000,0.000000,-0.524000,1.708000,-0.004000,-0.001000,0.005000,0.026000,-0.005000,-0.552000,0.033075,1.084387,-0.673312,-0.060382,-0.398711,-0.141849
1.6023,81.6450,0.000000,0.012000,-0.703000,0.000000,-0.524000,1.708000,-0.004000,-0.001000,0.005000,0.026000,-0.005000,-0.552000,0.033075,1.084387,-0.673312,-0.060382,-0.398711,-0.141849
1.6044,81.4380,0.000000,0.012000,-0.703000,0.000000,-0.524000,1.708000,0.003000,-0.004000,0.002000,-0.001000,-0.005000,-0.552000,0.021263,1.092656,-0.689850,-0.058465,-0.398711,-0.141849
1.6065,81.2370,0.000000,0.012000,-0.703000,0.000000,-0.524000,1.704000,0.003000,-0.004000,0.002000,-0.001000,-0.005000,-0.598000,0.021263,1.092656,-0.689850,-0.058465,-0.398711,-0.136098
1.6086,81.0350,0.000000,0.012000,-0.703000,0.000000,-0.524000,1.704000,0.003000,-0.004000,0.002000,-0.001000,-0.005000,-0.598000,0.021263,1.092656,-0.689850,-0.058465,-0.398711,-0.136098
1.6106,80.8310,0.000000,0.012000,-0.703000,0.000000,-0.524000,1.699000,0.004000,0.000000,0.000000,0.001000,0.011000,-0.673000,0.022444,1.072575,-0.679219,-0.073800,-0.393919,-0.088176
1.6127,80.6280,0.000000,0.012000,-0.703000,0.000000,-0.524000,1.699000,0.004000,0.000000,0.000000,0.001000,0.011000,-0.673000,0.022444,1.072575,-0.679219,-0.073800,-0.393919,-0.088176
1.6147,80.4210,0.000000,0.012000,-0.703000,0.000000,-0.524000,1.699000,0.002000,-0.002000,0.000000,0.001000,0.030000,-0.673000,0.028350,1.080844,-0.679219,-0.073800,-0.392002,-0.088176
1.6168,80.2150,0.000000,0.012000,-0.703000,0.000000,-0.524000,1.699000,0.002000,-0.002000,0.000000,0.001000,0.030000,-0.673000,0.028350,1.080844,-0.679219,-0.073800,-0.392002,-0.088176
1.6189,80.0080,0.000000,0.012000,-0.703000,0.000000,-0.524000,1.699000,0.002000,-0.002000,0.000000,0.001000,0.030000,-0.673000,0.028350,1.080844,-0.672131,-0.073800,-0.392002,-0.088176
1.6209,79.8000,0.000000,0.012000,-0.703000,0.000000,-0.524000,1.694000,0.002000,-0.002000,0.000000,0.017000,0.030000,-0.790000,0.028350,1.080844,-0.672131,-0.069008,-0.392002,-0.047922
1.6231,79.5800,0.000000,0.012000,-0.703000,0.000000,-0.524000,1.694000,0.002000,-0.002000,0.000000,0.017000,0.030000,-0.790000,0.028350,1.080844,-0.672131,-0.069008,-0.392002,-0.047922
1.6252,79.3710,0.000000,0.012000,-0.703000,0.000000,-0.524000,1.689000,-0.008000,0.000000,0.000000,0.000000,0.007000,-0.853000,0.038981,1.076119,-0.675675,-0.066132,-0.399669,-0.057506
1.6272,79.1610,0.000000,0.012000,-0.703000,0.000000,-0.524000,1.689000,-0.008000,0.000000,0.000000,0.000000,0.007000,-0.853000,0.038981,1.076119,-0.675675,-0.066132,-0.399669,-0.057506
1.6300,78.8780,0.000000,0.012000,-0.703000,0.000000,-0.524000,1.689000,-0.006000,0.000000,-0.003000,-0.001000,-0.017000,-0.853000,0.049612,1.072575,-0.670950,-0.070925,-0.366124,-0.057506
1.6321,78.6650,0.000000,0.012000,-0.703000,0.000000,-0.524000,1.689000,-0.006000,0.000000,-0.003000,-0.001000,-0.017000,-0.853000,0.049612,1.072575,-0.670950,-0.070925,-0.366124,-0.057506
1.6345,78.4140,0.000000,0.012000,-0.703000,0.000000,-0.524000,1.689000,-0.006000,0.000000,-0.003000,-0.001000,-0.017000,-0.853000,0.049612,1.072575,-0.670950,-0.070925,-0.366124,-0.057506
1.6366,78.2000,0.000000,0.012000,-0.703000,0.000000,-0.524000,1.683000,-0.006000,0.000000,-0.003000,-0.001000,-0.013000,-0.834000,0.049612,1.072575,-0.670950,-0.070925,-0.393919,-0.033545
1.6391,77.9390,0.000000,0.012000,-0.703000,0.000000,-0.524000,1.683000,0.000000,-0.001000,0.002000,0.019000,-0.013000,-0.834000,0.040162,1.084387,-0.669769,-0.074758,-0.393919,-0.033545
1.6412,77.7230,0.000000,0.012000,-0.703000,0.000000,-0.524000,1.678000,0.000000,-0.001000,0.002000,0.019000,-0.013000,-0.686000,0.040162,1.084387,-0.669769,-0.074758,-0.393919,-0.086260
1.6437,77.4560,0.000000,0.012000,-0.703000,0.000000,-0.524000,1.678000,-0.005000,0.001000,0.002000,0.019000,-0.013000,-0.686000,0.038981,1.078481,-0.669769,-0.074758,-0.393919,-0.086260
1.6458,77.2380,0.000000,0.012000,-0.703000,0.000000,-0.524000,1.673000,-0.005000,0.001000,0.002000,-0.009000,-0.009000,-0.814000,0.038981,1.078481,-0.680400,-0.075717,-0.398711,-0.162935
1.6478,77.0210,0.000000,0.012000,-0.703000,0.000000,-0.524000,1.673000,-0.005000,0.001000,0.002000,-0.009000,-0.009000,-0.814000,0.038981,1.078481,-0.680400,-0.075717,-0.398711,-0.162935
1.6501,76.7790,0.000000,0.012000,-0.703000,0.000000,-0.524000,1.673000,0.003000,0.002000,0.002000,-0.009000,0.009000,-0.814000,0.040162,1.071394,-0.680400,-0.075717,-0.399669,-0.162935
1.6522,76.5600,0.000000,0.012000,-0.703000,0.000000,-0.524000,1.673000,0.003000,0.002000,0.002000,-0.009000,0.009000,-0.814000,0.040162,1.071394,-0.680400,-0.075717,-0.399669,-0.162935
1.6543,76.3380,0.000000,0.012000,-0.703000,0.000000,-0.524000,1.673000,0.003000,0.002000,-0.006000,0.003000,0.009000,-0.814000,0.040162,1.071394,-0.670950,-0.081467,-0.399669,-0.162935
1.6563,76.1170,0.000000,0.012000,-0.703000,0.000000,-0.524000,1.666000,0.003000,0.002000,-0.006000,0.003000,0.009000,-0.882000,0.040162,1.071394,-0.670950,-0.081467,-0.399669,-0.073800
1.6586,75.8740,0.000000,0.012000,-0.703000,0.000000,-0.524000,1.666000,0.005000,0.002000,-0.006000,0.003000,0.009000,-0.882000,0.029531,1.071394,-0.670950,-0.081467,-0.399669,-0.073800
1.6606,75.6520,0.000000,0.012000,-0.703000,0.000000,-0.524000,1.660000,0.005000,0.002000,0.000000,0.009000,0.019000,-0.903000,0.029531,1.078481,-0.665044,-0.078592,-0.395836,-0.069008
1.6627,75.4330,0.000000,0.012000,-0.703000,0.000000,-0.524000,1.660000,0.005000,0.002000,0.000000,0.009000,0.019000,-0.903000,0.029531,1.078481,-0.665044,-0.078592,-0.395836,-0.069008
1.6647,75.2100,0.000000,0.012000,-0.703000,0.000000,-0.524000,1.660000,-0.004000,0.001000,0.001000,0.001000,-0.003000,-0.903000,0.041344,1.077300,-0.678037,-0.079551,-0.393919,-0.069008
1.6668,74.9850,0.000000,0.012000,-0.703000,0.000000,-0.524000,1.660000,-0.004000,0.001000,0.001000,0.001000,-0.003000,-0.903000,0.041344,1.077300,-0.678037,-0.079551,-0.393919,-0.069008
1.6689,74.7610,0.000000,0.012000,-0.703000,0.000000,-0.524000,1.660000,-0.004000,0.001000,0.001000,0.001000,-0.003000,-0.903000,0.041344,1.077300,-0.678037,-0.079551,-0.393919,-0.069008
1.6709,74.5360,0.000000,0.012000,-0.703000,0.000000,-0.524000,1.653000,-0.004000,0.001000,0.001000,0.001000,0.011000,-1.002000,0.041344,1.077300,-0.678037,-0.079551,-0.401586,-0.048880
1.6731,74.2980,0.000000,0.012000,-0.703000,0.000000,-0.524000,1.653000,-0.004000,0.001000,0.001000,0.001000,0.011000,-1.002000,0.041344,1.077300,-0.678037,-0.079551,-0.401586,-0.048880
1.6751,74.0710,0.000000,0.012000,-0.703000,0.000000,-0.524000,1.646000,0.003000,0.000000,0.003000,-0.001000,0.011000,-1.060000,0.023625,1.073756,-0.681581,-0.077634,-0.401586,-0.162935
1.6772,73.8430,0.000000,0.012000,-0.703000,0.000000,-0.524000,1.646000,0.003000,0.000000,0.003000,-0.001000,0.011000,-1.060000,0.023625,1.073756,-0.681581,-0.077634,-0.401586,-0.162935
1.6793,73.6160,0.000000,0.012000,-0.703000,0.000000,-0.524000,1.646000,0.000000,-0.002000,-0.003000,0.011000,-0.009000,-1.060000,0.020081,1.069031,-0.660319,-0.066132,-0.382418,-0.162935
1.6813,73.3860,0.000000,0.012000,-0.703000,0.000000,-0.524000,1.640000,0.000000,-0.002000,-0.003000,0.011000,-0.009000,-0.952000,0.020081,1.069031,-0.660319,-0.066132,-0.382418,-0.119805
1.6839,73.0980,0.000000,0.012000,-0.703000,0.000000,-0.524000,1.640000,0.001000,0.002000,-0.003000,0.011000,-0.009000,-0.952000,0.007087,1.056037,-0.660319,-0.066132,-0.382418,-0.119805
1.6860,72.8670,0.000000,0.012000,-0.703000,0.000000,-0.524000,1.640000,0.001000,0.002000,-0.003000,0.011000,-0.019000,-0.952000,0.007087,1.056037,-0.660319,-0.066132,-0.392002,-0.119805
1.6882,72.6200,0.000000,0.012000,-0.703000,0.000000,-0.524000,1.640000,0.001000,0.002000,0.000000,0.011000,-0.019000,-0.952000,0.007087,1.056037,-0.637875,-0.066132,-0.392002,-0.119805
1.6903,72.3880,0.000000,0.012000,-0.703000,0.000000,-0.524000,1.632000,0.001000,0.002000,0.000000,0.017000,-0.019000,-1.012000,0.007087,1.056037,-0.637875,-0.063257,-0.392002,-0.064215
1.6923,72.1550,0.000000,0.012000,-0.703000,0.000000,-0.524000,1.632000,0.001000,0.002000,0.000000,0.017000,-0.019000,-1.012000,0.007087,1.056037,-0.637875,-0.063257,-0.392002,-0.064215
1.6945,71.9150,0.000000,0.012000,-0.703000,0.000000,-0.524000,1.632000,0.011000,0.000000,-0.003000,-0.049000,-0.007000,-1.012000,0.014175,1.076119,-0.672131,-0.046964,-0.397753,-0.064215
1.6965,71.6810,0.000000,0.012000,-0.703000,0.000000,-0.524000,1.625000,0.011000,0.000000,-0.003000,-0.049000,-0.007000,-1.022000,0.014175,1.076119,-0.672131,-0.046964,-0.397753,-0.076675
1.6987,71.4340,0.000000,0.012000,-0.703000,0.000000,-0.524000,1.625000,0.011000,0.000000,-0.003000,-0.049000,-0.007000,-1.022000,0.014175,1.076119,-0.672131,-0.046964,-0.397753,-0.076675
1.7008,71.1990,0.000000,0.012000,-0.703000,0.000000,-0.524000,1.625000,0.008000,0.002000,0.001000,0.024000,-0.036000,-1.022000,0.028350,1.078481,-0.673312,-0.064215,-0.369958,-0.076675
1.7029,70.9630,0.000000,0.012000,-0.703000,0.000000,-0.524000,1.625000,0.008000,0.002000,0.001000,0.024000,-0.036000,-1.022000,0.028350,1.078481,-0.673312,-0.064215,-0.369958,-0.076675
1.7050,70.7230,0.000000,0.012000,-0.703000,0.000000,-0.524000,1.617000,0.008000,0.002000,0.001000,0.024000,0.005000,-1.138000,0.028350,1.078481,-0.673312,-0.064215,-0.413088,-0.051756
1.7070,70.4860,0.000000,0.012000,-0.703000,0.000000,-0.524000,1.617000,0.008000,0.002000,0.001000,0.024000,0.005000,-1.138000,0.028350,1.078481,-0.673312,-0.064215,-0.413088,-0.051756
1.7091,70.2500,0.000000,0.012000,-0.703000,0.000000,-0.524000,1.617000,-0.005000,0.000000,0.000000,-0.013000,0.005000,-1.138000,0.016537,1.071394,-0.655594,-0.060382,-0.413088,-0.051756
1.7112,70.0120,0.000000,0.012000,-0.703000,0.000000,-0.524000,1.609000,-0.005000,0.000000,0.000000,-0.013000,0.005000,-1.085000,0.016537,1.071394,-0.655594,-0.060382,-0.413088,-0.081467
1.7135,69.7370,0.000000,0.012000,-0.703000,0.000000,-0.524000,1.609000,-0.005000,0.000000,0.000000,-0.013000,0.005000,-1.085000,0.016537,1.071394,-0.655594,-0.060382,-0.413088,-0.081467
1.7156,69.5000,0.000000,0.012000,-0.703000,0.000000,-0.524000,1.601000,0.001000,0.001000,-0.001000,-0.003000,0.007000,-1.150000,0.033075,1.076119,-0.660319,-0.060382,-0.392002,-0.068049
1.7177,69.2590,0.000000,0.012000,-0.703000,0.000000,-0.524000,1.601000,0.001000,0.001000,-0.001000,-0.003000,0.007000,-1.150000,0.033075,1.076119,-0.660319,-0.060382,-0.392002,-0.068049
1.7197,69.0180,0.000000,0.012000,-0.703000,0.000000,-0.524000,1.601000,0.005000,0.001000,-0.001000,-0.003000,0.005000,-1.150000,0.021263,1.067850,-0.660319,-0.060382,-0.373792,-0.068049
1.7218,68.7780,0.000000,0.012000,-0.703000,0.000000,-0.524000,1.601000,0.005000,0.001000,-0.001000,-0.003000,0.005000,-1.150000,0.021263,1.067850,-0.660319,-0.060382,-0.373792,-0.068049
1.7240,68.5230,0.000000,0.012000,-0.703000,0.000000,-0.524000,1.601000,0.005000,0.001000,-0.001000,-0.003000,0.005000,-1.150000,0.021263,1.067850,-0.660319,-0.060382,-0.373792,-0.068049
1.7261,68.2820,0.000000,0.012000,-0.703000,0.000000,-0.524000,1.592000,0.005000,0.001000,0.002000,0.024000,0.005000,-1.286000,0.021263,1.067850,-0.666225,-0.077634,-0.373792,-0.094886
1.7284,68.0120,0.000000,0.012000,-0.703000,0.000000,-0.524000,1.592000,0.005000,0.001000,0.002000,0.024000,0.005000,-1.286000,0.021263,1.067850,-0.666225,-0.077634,-0.373792,-0.094886
1.7304,67.7710,0.000000,0.012000,-0.703000,0.000000,-0.524000,1.583000,0.001000,0.000000,0.000000,-0.003000,-0.021000,-1.273000,0.016537,1.077300,-0.688669,-0.070925,-0.390085,-0.090093
1.7325,67.5210,0.000000,0.012000,-0.703000,0.000000,-0.524000,1.583000,0.001000,0.000000,0.000000,-0.003000,-0.021000,-1.273000,0.016537,1.077300,-0.688669,-0.070925,-0.390085,-0.090093
1.7349,67.2480,0.000000,0.012000,-0.703000,0.000000,-0.524000,1.583000,0.001000,0.002000,-0.001000,-0.009000,-0.007000,-1.273000,0.021263,1.063125,-0.675675,-0.062299,-0.384334,-0.090093
1.7369,67.0040,0.000000,0.012000,-0.703000,0.000000,-0.524000,1.583000,0.001000,0.002000,-0.001000,-0.009000,-0.007000,-1.273000,0.021263,1.063125,-0.675675,-0.062299,-0.384334,-0.090093
1.7390,66.7600,0.000000,0.012000,-0.703000,0.000000,-0.524000,1.583000,0.001000,0.002000,-0.001000,-0.009000,-0.007000,-1.273000,0.021263,1.063125,-0.675675,-0.062299,-0.384334,-0.090093
1.7411,66.5150,0.000000,0.012000,-0.703000,0.000000,-0.524000,1.575000,0.001000,0.002000,-0.001000,-0.009000,-0.001000,-1.152000,0.021263,1.063125,-0.675675,-0.062299,-0.391044,-0.138974
1.7434,66.2430,0.000000,0.012000,-0.703000,0.000000,-0.524000,1.566000,0.000000,0.000000,-0.007000,-0.003000,-0.001000,-1.319000,0.024806,1.085569,-0.657956,-0.063257,-0.391044,-0.139932
1.7454,65.9970,0.000000,0.012000,-0.703000,0.000000,-0.524000,1.566000,0.000000,0.000000,-0.007000,-0.003000,-0.001000,-1.319000,0.024806,1.085569,-0.657956,-0.063257,-0.391044,-0.139932
1.7475,65.7500,0.000000,0.012000,-0.703000,0.000000,-0.524000,1.566000,0.000000,0.000000,-0.007000,-0.003000,-0.001000,-1.319000,0.024806,1.085569,-0.657956,-0.063257,-0.391044,-0.139932
1.7496,65.5010,0.000000,0.012000,-0.703000,0.000000,-0.524000,1.566000,0.004000,0.000000,-0.002000,0.013000,-0.024000,-1.319000,0.023625,1.071394,-0.665044,-0.079551,-0.390085,-0.139932
1.7517,65.2530,0.000000,0.012000,-0.703000,0.000000,-0.524000,1.556000,0.004000,0.000000,-0.002000,0.013000,-0.024000,-1.353000,0.023625,1.071394,-0.665044,-0.079551,-0.390085,-0.042171
1.7538,65.0000,0.000000,0.012000,-0.703000,0.000000,-0.524000,1.556000,-0.001000,0.001000,-0.002000,0.013000,-0.024000,-1.353000,0.029531,1.082025,-0.665044,-0.079551,-0.390085,-0.042171
1.7558,64.7530,0.000000,0.012000,-0.703000,0.000000,-0.524000,1.556000,-0.001000,0.001000,-0.002000,0.013000,0.019000,-1.353000,0.029531,1.082025,-0.665044,-0.079551,-0.407337,-0.042171
1.7579,64.5040,0.000000,0.012000,-0.703000,0.000000,-0.524000,1.556000,-0.001000,0.001000,-0.002000,0.013000,0.019000,-1.353000,0.029531,1.082025,-0.665044,-0.079551,-0.407337,-0.042171
1.7600,64.2500,0.000000,0.012000,-0.703000,0.000000,-0.524000,1.546000,-0.001000,0.001000,-0.003000,0.007000,0.019000,-1.422000,0.029531,1.082025,-0.665044,-0.082426,-0.407337,-0.078592
1.7621,64.0010,0.000000,0.012000,-0.703000,0.000000,-0.524000,1.546000,-0.001000,0.001000,-0.003000,0.007000,0.019000,-1.422000,0.029531,1.082025,-0.665044,-0.082426,-0.407337,-0.078592
1.7641,63.7520,0.000000,0.012000,-0.703000,0.000000,-0.524000,1.546000,-0.004000,-0.004000,0.002000,-0.007000,0.019000,-1.422000,0.031894,1.077300,-0.669769,-0.083384,-0.407337,-0.078592
1.7662,63.5030,0.000000,0.012000,-0.703000,0.000000,-0.524000,1.536000,-0.004000,-0.004000,0.002000,-0.007000,-0.003000,-1.438000,0.031894,1.077300,-0.669769,-0.083384,-0.382418,-0.089135
1.7684,63.2330,0.000000,0.012000,-0.703000,0.000000,-0.524000,1.536000,-0.004000,-0.004000,0.002000,-0.007000,-0.003000,-1.438000,0.031894,1.077300,-0.669769,-0.083384,-0.382418,-0.089135
1.7705,62.9820,0.000000,0.012000,-0.703000,0.000000,-0.524000,1.536000,-0.002000,0.000000,-0.001000,-0.003000,-0.026000,-1.438000,0.020081,1.072575,-0.660319,-0.075717,-0.394877,-0.089135
1.7726,62.7310,0.000000,0.012000,-0.703000,0.000000,-0.524000,1.536000,-0.002000,0.000000,-0.001000,-0.003000,-0.026000,-1.438000,0.020081,1.072575,-0.660319,-0.075717,-0.394877,-0.089135
1.7746,62.4810,0.000000,0.012000,-0.703000,0.000000,-0.524000,1.536000,-0.002000,0.000000,-0.001000,-0.003000,-0.017000,-1.438000,0.020081,1.072575,-0.660319,-0.075717,-0.387210,-0.089135
1.7767,62.2320,0.000000,0.012000,-0.703000,0.000000,-0.524000,1.526000,-0.002000,0.000000,-0.001000,-0.003000,-0.017000,-1.478000,0.020081,1.072575,-0.660319,-0.075717,-0.387210,-0.103512
1.7787,61.9800,0.000000,0.012000,-0.703000,0.000000,-0.524000,1.526000,-0.002000,0.000000,-0.001000,-0.003000,-0.017000,-1.478000,0.020081,1.072575,-0.660319,-0.075717,-0.387210,-0.103512
1.7808,61.7280,0.000000,0.012000,-0.703000,0.000000,-0.524000,1.516000,0.005000,-0.001000,0.001000,0.011000,-0.017000,-1.468000,0.020081,1.069031,-0.659137,-0.090093,-0.387210,-0.148558
1.7829,61.4760,0.000000,0.012000,-0.703000,0.000000,-0.524000,1.516000,0.005000,-0.001000,0.001000,0.011000,-0.017000,-1.468000,0.020081,1.069031,-0.659137,-0.090093,-0.387210,-0.148558
1.7849,61.2200,0.000000,0.012000,-0.703000,0.000000,-0.524000,1.505000,-0.003000,0.000000,0.000000,0.019000,-0.001000,-1.639000,0.027169,1.077300,-0.665044,-0.091052,-0.402545,-0.076675
1.7870,60.9670,0.000000,0.012000,-0.703000,0.000000,-0.524000,1.505000,-0.003000,0.000000,0.000000,0.019000,-0.001000,-1.639000,0.027169,1.077300,-0.665044,-0.091052,-0.402545,-0.076675
1.7894,60.6680,0.000000,0.012000,-0.703000,0.000000,-0.524000,1.505000,-0.010000,-0.001000,0.000000,0.019000,-0.019000,-1.639000,0.040162,1.073756,-0.665044,-0.091052,-0.382418,-0.076675
1.7915,60.4150,0.000000,0.012000,-0.703000,0.000000,-0.524000,1.505000,-0.010000,-0.001000,0.000000,0.019000,-0.019000,-1.639000,0.040162,1.073756,-0.665044,-0.091052,-0.382418,-0.076675
1.7937,60.1430,0.000000,0.012000,-0.703000,0.000000,-0.524000,1.505000,-0.010000,-0.001000,0.000000,0.019000,-0.019000,-1.639000,0.040162,1.073756,-0.665044,-0.091052,-0.382418,-0.076675
1.7958,59.8900,0.000000,0.012000,-0.703000,0.000000,-0.524000,1.495000,-0.010000,-0.001000,-0.003000,-0.009000,-0.019000,-1.520000,0.040162,1.073756,-0.656775,-0.056548,-0.382418,-0.118847
1.7978,59.6350,0.000000,0.012000,-0.703000,0.000000,-0.524000,1.495000,-0.010000,-0.001000,-0.003000,-0.009000,-0.019000,-1.520000,0.040162,1.073756,-0.656775,-0.056548,-0.382418,-0.118847
1.8001,59.3590,0.000000,0.012000,-0.703000,0.000000,-0.524000,1.484000,-0.004000,0.001000,0.000000,0.024000,-0.017000,-1.649000,0.016537,1.071394,-0.661500,-0.080509,-0.385293,-0.208940
1.8021,59.1040,0.000000,0.012000,-0.703000,0.000000,-0.524000,1.484000,-0.004000,0.001000,0.000000,0.024000,-0.017000,-1.649000,0.016537,1.071394,-0.661500,-0.080509,-0.385293,-0.208940
1.8042,58.8470,0.000000,0.012000,-0.703000,0.000000,-0.524000,1.484000,0.003000,0.000000,0.003000,-0.030000,-0.005000,-1.649000,0.022444,1.077300,-0.673312,-0.067091,-0.396794,-0.208940
1.8063,58.5910,0.000000,0.012000,-0.703000,0.000000,-0.524000,1.484000,0.003000,0.000000,0.003000,-0.030000,-0.005000,-1.649000,0.022444,1.077300,-0.673312,-0.067091,-0.396794,-0.208940
1.8094,58.2060,0.000000,0.012000,-0.703000,0.000000,-0.524000,1.473000,0.003000,0.000000,0.003000,-0.030000,0.003000,-1.595000,0.022444,1.077300,-0.673312,-0.067091,-0.400628,-0.160059
1.8115,57.9500,0.000000,0.012000,-0.703000,0.000000,-0.524000,1.473000,0.003000,0.000000,0.003000,-0.030000,0.003000,-1.595000,0.022444,1.077300,-0.673312,-0.067091,-0.400628,-0.160059
1.8138,57.6580,0.000000,0.012000,-0.703000,0.000000,-0.524000,1.473000,0.000000,0.000000,0.003000,-0.030000,0.003000,-1.595000,0.027169,1.077300,-0.673312,-0.067091,-0.400628,-0.160059
1.8159,57.4010,0.000000,0.012000,-0.703000,0.000000,-0.524000,1.461000,0.000000,0.000000,-0.004000,0.046000,0.003000,-1.760000,0.027169,1.073756,-0.667406,-0.092969,-0.400628,-0.074758
1.8180,57.1430,0.000000,0.012000,-0.703000,0.000000,-0.524000,1.461000,0.000000,0.000000,-0.004000,0.046000,0.003000,-1.760000,0.027169,1.073756,-0.667406,-0.092969,-0.400628,-0.074758
1.8201,56.8760,0.000000,0.012000,-0.703000,0.000000,-0.524000,1.448000,0.000000,0.000000,-0.006000,-0.017000,-0.005000,-1.754000,0.022444,1.072575,-0.663863,-0.062299,-0.398711,-0.094886
1.8222,56.6190,0.000000,0.012000,-0.703000,0.000000,-0.524000,1.448000,0.000000,0.000000,-0.006000,-0.017000,-0.005000,-1.754000,0.022444,1.072575,-0.663863,-0.062299,-0.398711,-0.094886
1.8244,56.3470,0.000000,0.012000,-0.703000,0.000000,-0.524000,1.448000,-0.002000,0.000000,-0.006000,-0.017000,-0.005000,-1.754000,0.022444,1.072575,-0.663863,-0.062299,-0.398711,-0.094886
1.8264,56.0900,0.000000,0.012000,-0.703000,0.000000,-0.524000,1.448000,-0.002000,0.000000,-0.006000,-0.017000,0.030000,-1.754000,0.022444,1.071394,-0.663863,-0.062299,-0.409254,-0.094886
1.8285,55.8330,0.000000,0.012000,-0.703000,0.000000,-0.524000,1.448000,-0.002000,0.000000,-0.006000,-0.017000,0.030000,-1.754000,0.022444,1.071394,-0.663863,-0.062299,-0.409254,-0.094886
1.8305,55.5760,0.000000,0.012000,-0.703000,0.000000,-0.524000,1.437000,-0.002000,0.000000,-0.005000,0.015000,0.030000,-1.641000,0.022444,1.071394,-0.682762,-0.062299,-0.409254,-0.121722
1.8326,55.3180,0.000000,0.012000,-0.703000,0.000000,-0.524000,1.437000,-0.002000,0.000000,-0.005000,0.015000,0.030000,-1.641000,0.022444,1.071394,-0.682762,-0.062299,-0.409254,-0.121722
1.8347,55.0560,0.000000,0.012000,-0.703000,0.000000,-0.524000,1.425000,-0.002000,0.000000,-0.003000,0.019000,-0.003000,-1.737000,0.028350,1.086750,-0.672131,-0.086260,-0.378584,-0.116930
1.8368,54.7980,0.000000,0.012000,-0.703000,0.000000,-0.524000,1.425000,-0.002000,0.000000,-0.003000,0.019000,-0.003000,-1.737000,0.028350,1.086750,-0.672131,-0.086260,-0.378584,-0.116930
1.8393,54.4800,0.000000,0.012000,-0.703000,0.000000,-0.524000,1.425000,0.004000,0.002000,0.005000,0.019000,-0.003000,-1.737000,0.015356,1.067850,-0.682762,-0.086260,-0.378584,-0.116930
1.8414,54.2210,0.000000,0.012000,-0.703000,0.000000,-0.524000,1.425000,0.004000,0.002000,0.005000,0.000000,0.026000,-1.737000,0.015356,1.067850,-0.682762,-0.071883,-0.400628,-0.116930
1.8436,53.9450,0.000000,0.012000,-0.703000,0.000000,-0.524000,1.425000,0.004000,0.002000,0.005000,0.000000,0.026000,-1.737000,0.015356,1.067850,-0.682762,-0.071883,-0.400628,-0.116930
1.8456,53.6870,0.000000,0.012000,-0.703000,0.000000,-0.524000,1.412000,0.004000,0.002000,0.005000,0.000000,-0.017000,-1.812000,0.015356,1.067850,-0.682762,-0.071883,-0.383376,-0.087218
1.8477,53.4320,0.000000,0.012000,-0.703000,0.000000,-0.524000,1.412000,0.004000,0.002000,0.005000,0.000000,-0.017000,-1.812000,0.015356,1.067850,-0.682762,-0.071883,-0.383376,-0.087218
1.8498,53.1700,0.000000,0.012000,-0.703000,0.000000,-0.524000,1.399000,0.002000,-0.005000,0.006000,0.003000,-0.017000,-1.827000,0.015356,1.069031,-0.683944,-0.077634,-0.383376,-0.111179
1.8518,52.9100,0.000000,0.012000,-0.703000,0.000000,-0.524000,1.399000,0.002000,-0.005000,0.006000,0.003000,-0.017000,-1.827000,0.015356,1.069031,-0.683944,-0.077634,-0.383376,-0.111179
1.8539,52.6520,0.000000,0.012000,-0.703000,0.000000,-0.524000,1.399000,-0.001000,-0.001000,0.000000,0.005000,-0.017000,-1.827000,0.028350,1.059581,-0.674494,-0.068049,-0.383376,-0.111179
1.8559,52.3930,0.000000,0.012000,-0.703000,0.000000,-0.524000,1.386000,-0.001000,-0.001000,0.000000,0.005000,0.009000,-1.821000,0.028350,1.059581,-0.674494,-0.068049,-0.394877,-0.149517
1.8584,52.0810,0.000000,0.012000,-0.703000,0.000000,-0.524000,1.386000,-0.001000,-0.001000,0.000000,0.005000,0.009000,-1.821000,0.028350,1.059581,-0.674494,-0.068049,-0.394877,-0.149517
1.8605,51.8230,0.000000,0.012000,-0.703000,0.000000,-0.524000,1.386000,-0.008000,0.000000,0.000000,0.005000,0.001000,-1.821000,0.044887,1.073756,-0.674494,-0.068049,-0.397753,-0.149517
1.8626,51.5630,0.000000,0.012000,-0.703000,0.000000,-0.524000,1.386000,-0.008000,0.000000,-0.002000,0.005000,0.001000,-1.821000,0.044887,1.073756,-0.667406,-0.068049,-0.397753,-0.149517
1.8646,51.3100,0.000000,0.012000,-0.703000,0.000000,-0.524000,1.386000,-0.008000,0.000000,-0.002000,-0.001000,0.001000,-1.821000,0.044887,1.073756,-0.667406,-0.078592,-0.397753,-0.149517
1.8666,51.0500,0.000000,0.012000,-0.703000,0.000000,-0.524000,1.373000,-0.008000,0.000000,-0.002000,-0.001000,0.001000,-1.955000,0.044887,1.073756,-0.667406,-0.078592,-0.397753,-0.124597
1.8692,50.7280,0.000000,0.012000,-0.703000,0.000000,-0.524000,1.359000,-0.002000,0.000000,0.003000,-0.040000,0.000000,-1.928000,0.047250,1.067850,-0.641419,-0.062299,-0.400628,-0.117888
1.8713,50.4680,0.000000,0.012000,-0.703000,0.000000,-0.524000,1.359000,-0.002000,0.000000,0.003000,-0.040000,0.000000,-1.928000,0.047250,1.067850,-0.641419,-0.062299,-0.400628,-0.117888
1.8736,50.1810,0.000000,0.012000,-0.703000,0.000000,-0.524000,1.359000,-0.002000,0.000000,0.003000,-0.040000,0.000000,-1.928000,0.047250,1.067850,-0.641419,-0.062299,-0.400628,-0.117888
1.8756,49.9220,0.000000,0.012000,-0.703000,0.000000,-0.524000,1.359000,-0.003000,0.004000,-0.002000,0.026000,-0.023000,-1.928000,0.030713,1.078481,-0.661500,-0.071883,-0.389127,-0.117888
1.8777,49.6640,0.000000,0.012000,-0.703000,0.000000,-0.524000,1.359000,-0.003000,0.004000,-0.002000,0.026000,-0.023000,-1.928000,0.030713,1.078481,-0.661500,-0.071883,-0.389127,-0.117888
1.8798,49.4000,0.000000,0.012000,-0.703000,0.000000,-0.524000,1.359000,-0.003000,0.004000,-0.002000,0.026000,-0.023000,-1.928000,0.030713,1.078481,-0.661500,-0.071883,-0.391044,-0.117888
1.8818,49.1410,0.000000,0.012000,-0.703000,0.000000,-0.524000,1.346000,-0.003000,0.004000,-0.002000,0.026000,-0.023000,-1.967000,0.030713,1.078481,-0.661500,-0.071883,-0.391044,-0.100636
1.8839,48.8770,0.000000,0.012000,-0.703000,0.000000,-0.524000,1.346000,0.003000,0.000000,-0.004000,0.026000,-0.023000,-1.967000,0.027169,1.069031,-0.646144,-0.071883,-0.391044,-0.100636
1.8860,48.6170,0.000000,0.012000,-0.703000,0.000000,-0.524000,1.332000,0.003000,0.000000,-0.004000,-0.001000,-0.023000,-1.986000,0.027169,1.069031,-0.646144,-0.077634,-0.391044,-0.096802
1.8882,48.3380,0.000000,0.012000,-0.703000,0.000000,-0.524000,1.332000,0.003000,0.000000,-0.004000,-0.001000,-0.023000,-1.986000,0.027169,1.069031,-0.646144,-0.077634,-0.391044,-0.096802
1.8903,48.0790,0.000000,0.012000,-0.703000,0.000000,-0.524000,1.317000,-0.002000,0.000000,0.000000,0.013000,-0.030000,-2.061000,0.025987,1.076119,-0.663863,-0.086260,-0.392960,-0.092969
1.8924,47.8200,0.000000,0.012000,-0.703000,0.000000,-0.524000,1.317000,-0.002000,0.000000,0.000000,0.013000,-0.030000,-2.061000,0.025987,1.076119,-0.663863,-0.086260,-0.392960,-0.092969
1.8945,47.5490,0.000000,0.012000,-0.703000,0.000000,-0.524000,1.317000,-0.005000,-0.001000,0.000000,0.013000,-0.030000,-2.061000,0.031894,1.090294,-0.663863,-0.086260,-0.392960,-0.092969
1.8966,47.2890,0.000000,0.012000,-0.703000,0.000000,-0.524000,1.317000,-0.005000,-0.001000,0.000000,-0.017000,-0.013000,-2.061000,0.031894,1.090294,-0.663863,-0.071883,-0.390085,-0.092969
1.8989,47.0010,0.000000,0.012000,-0.703000,0.000000,-0.524000,1.317000,-0.005000,-0.001000,0.000000,-0.017000,-0.013000,-2.061000,0.031894,1.090294,-0.663863,-0.071883,-0.390085,-0.092969
1.9010,46.7410,0.000000,0.012000,-0.703000,0.000000,-0.524000,1.303000,-0.005000,-0.001000,0.000000,-0.017000,-0.013000,-2.070000,0.031894,1.090294,-0.663863,-0.071883,-0.390085,-0.121722
1.9035,46.4260,0.000000,0.012000,-0.703000,0.000000,-0.524000,1.303000,-0.005000,-0.001000,0.000000,-0.017000,-0.013000,-2.070000,0.031894,1.090294,-0.663863,-0.071883,-0.390085,-0.121722
1.9055,46.1670,0.000000,0.012000,-0.703000,0.000000,-0.524000,1.288000,0.006000,0.002000,-0.001000,0.019000,-0.017000,-2.084000,0.030713,1.065487,-0.652050,-0.085301,-0.378584,-0.132265
1.9076,45.9080,0.000000,0.012000,-0.703000,0.000000,-0.524000,1.288000,0.006000,0.002000,-0.001000,0.019000,-0.017000,-2.084000,0.030713,1.065487,-0.652050,-0.085301,-0.378584,-0.132265
1.9097,45.6500,0.000000,0.012000,-0.703000,0.000000,-0.524000,1.288000,0.001000,-0.003000,0.000000,0.030000,0.011000,-2.084000,0.024806,1.067850,-0.660319,-0.073800,-0.397753,-0.132265
1.9117,45.3920,0.000000,0.012000,-0.703000,0.000000,-0.524000,1.288000,0.001000,-0.003000,0.000000,0.030000,0.011000,-2.084000,0.024806,1.067850,-0.660319,-0.073800,-0.397753,-0.132265
1.9138,45.1340,0.000000,0.012000,-0.703000,0.000000,-0.524000,1.288000,0.001000,-0.003000,0.000000,0.030000,0.011000,-2.084000,0.024806,1.067850,-0.660319,-0.073800,-0.397753,-0.132265
1.9158,44.8760,0.000000,0.012000,-0.703000,0.000000,-0.524000,1.273000,0.001000,-0.003000,0.000000,0.030000,0.011000,-2.149000,0.024806,1.067850,-0.660319,-0.073800,-0.389127,-0.124597
1.9183,44.5670,0.000000,0.012000,-0.703000,0.000000,-0.524000,1.273000,0.001000,-0.003000,0.000000,0.030000,0.011000,-2.149000,0.024806,1.067850,-0.660319,-0.073800,-0.389127,-0.124597
1.9204,44.3040,0.000000,0.012000,-0.703000,0.000000,-0.524000,1.258000,0.000000,0.000000,0.005000,-0.009000,0.011000,-2.136000,0.034256,1.076119,-0.673312,-0.076675,-0.389127,-0.131306
1.9225,44.0460,0.000000,0.012000,-0.703000,0.000000,-0.524000,1.258000,0.000000,0.000000,0.005000,-0.009000,0.011000,-2.136000,0.034256,1.076119,-0.673312,-0.076675,-0.389127,-0.131306
1.9246,43.7880,0.000000,0.012000,-0.703000,0.000000,-0.524000,1.243000,0.002000,0.000000,-0.001000,-0.013000,-0.001000,-2.134000,0.009450,1.086750,-0.659137,-0.070925,-0.392002,-0.148558
1.9266,43.5310,0.000000,0.012000,-0.703000,0.000000,-0.524000,1.243000,0.002000,0.000000,-0.001000,-0.013000,-0.001000,-2.134000,0.009450,1.086750,-0.659137,-0.070925,-0.392002,-0.148558
1.9287,43.2750,0.000000,0.012000,-0.703000,0.000000,-0.524000,1.243000,0.002000,0.000000,-0.001000,-0.013000,-0.001000,-2.134000,0.009450,1.086750,-0.659137,-0.070925,-0.392002,-0.148558
1.9307,43.0180,0.000000,0.012000,-0.703000,0.000000,-0.524000,1.243000,0.002000,-0.002000,-0.001000,-0.015000,0.005000,-2.134000,0.005906,1.066669,-0.659137,-0.080509,-0.389127,-0.148558
1.9328,42.7610,0.000000,0.012000,-0.703000,0.000000,-0.524000,1.243000,0.002000,-0.002000,-0.001000,-0.015000,0.005000,-2.134000,0.005906,1.066669,-0.659137,-0.080509,-0.389127,-0.148558
1.9350,42.4920,0.000000,0.012000,-0.703000,0.000000,-0.524000,1.229000,0.002000,-0.002000,-0.011000,-0.015000,0.005000,-2.116000,0.005906,1.066669,-0.646144,-0.080509,-0.389127,-0.141849
1.9370,42.2350,0.000000,0.012000,-0.703000,0.000000,-0.524000,1.229000,0.002000,-0.002000,-0.011000,-0.015000,0.005000,-2.116000,0.005906,1.066669,-0.646144,-0.080509,-0.389127,-0.141849
1.9392,41.9680,0.000000,0.012000,-0.703000,0.000000,-0.524000,1.229000,0.002000,0.001000,-0.003000,-0.015000,0.005000,-2.116000,0.020081,1.056037,-0.654412,-0.080509,-0.389127,-0.141849
1.9413,41.7120,0.000000,0.012000,-0.703000,0.000000,-0.524000,1.214000,0.002000,0.001000,-0.003000,0.028000,0.009000,-2.189000,0.020081,1.056037,-0.654412,-0.093927,-0.392960,-0.100636
1.9436,41.4230,0.000000,0.012000,-0.703000,0.000000,-0.524000,1.214000,0.002000,0.001000,-0.003000,0.028000,0.009000,-2.189000,0.020081,1.056037,-0.654412,-0.093927,-0.392960,-0.100636
1.9456,41.1680,0.000000,0.012000,-0.703000,0.000000,-0.524000,1.214000,0.001000,0.000000,-0.004000,-0.042000,-0.011000,-2.189000,0.025987,1.067850,-0.660319,-0.078592,-0.386251,-0.100636
1.9477,40.9170,0.000000,0.012000,-0.703000,0.000000,-0.524000,1.214000,0.001000,0.000000,-0.004000,-0.042000,-0.011000,-2.189000,0.025987,1.067850,-0.660319,-0.078592,-0.386251,-0.100636
1.9499,40.6450,0.000000,0.012000,-0.703000,0.000000,-0.524000,1.199000,0.001000,0.000000,-0.004000,-0.042000,0.000000,-2.070000,0.025987,1.067850,-0.660319,-0.078592,-0.389127,-0.149517
1.9520,40.3900,0.000000,0.012000,-0.703000,0.000000,-0.524000,1.199000,0.001000,0.000000,-0.004000,-0.042000,0.000000,-2.070000,0.025987,1.067850,-0.660319,-0.078592,-0.389127,-0.149517
1.9541,40.1290,0.000000,0.012000,-0.703000,0.000000,-0.524000,1.199000,0.001000,0.000000,0.000000,0.057000,0.000000,-2.070000,0.022444,1.071394,-0.668588,-0.116930,-0.389127,-0.149517
1.9561,39.8740,0.000000,0.012000,-0.703000,0.000000,-0.524000,1.184000,0.001000,0.000000,0.000000,0.057000,0.000000,-2.220000,0.022444,1.071394,-0.668588,-0.116930,-0.389127,-0.088176
1.9582,39.6160,0.000000,0.012000,-0.703000,0.000000,-0.524000,1.184000,0.001000,0.000000,0.000000,0.057000,0.000000,-2.220000,0.022444,1.071394,-0.668588,-0.116930,-0.389127,-0.088176
1.9603,39.3630,0.000000,0.012000,-0.703000,0.000000,-0.524000,1.169000,0.001000,-0.001000,-0.003000,-0.040000,0.015000,-2.072000,0.020081,1.078481,-0.669769,-0.059423,-0.395836,-0.116930
1.9624,39.1000,0.000000,0.012000,-0.703000,0.000000,-0.524000,1.169000,0.001000,-0.001000,-0.003000,-0.040000,0.015000,-2.072000,0.020081,1.078481,-0.669769,-0.059423,-0.395836,-0.116930
1.9646,38.8400,0.000000,0.012000,-0.703000,0.000000,-0.524000,1.169000,0.000000,0.002000,-0.003000,0.074000,-0.015000,-2.072000,0.018900,1.079662,-0.669769,-0.110221,-0.386251,-0.116930
1.9666,38.5870,0.000000,0.012000,-0.703000,0.000000,-0.524000,1.169000,0.000000,0.002000,-0.003000,0.074000,-0.015000,-2.072000,0.018900,1.079662,-0.669769,-0.110221,-0.386251,-0.116930
1.9689,38.3040,0.000000,0.012000,-0.703000,0.000000,-0.524000,1.154000,0.000000,0.002000,-0.001000,0.074000,-0.015000,-2.126000,0.018900,1.079662,-0.657956,-0.110221,-0.386251,-0.132265
1.9710,38.0520,0.000000,0.012000,-0.703000,0.000000,-0.524000,1.154000,0.000000,0.002000,-0.001000,0.074000,-0.015000,-2.126000,0.018900,1.079662,-0.657956,-0.110221,-0.386251,-0.132265
1.9731,37.7950,0.000000,0.012000,-0.703000,0.000000,-0.524000,1.154000,0.000000,0.002000,-0.001000,0.074000,-0.015000,-2.126000,0.018900,1.079662,-0.657956,-0.110221,-0.386251,-0.132265
1.9752,37.5440,0.000000,0.012000,-0.703000,0.000000,-0.524000,1.139000,0.000000,-0.003000,-0.001000,-0.003000,0.024000,-2.180000,0.030713,1.071394,-0.655594,-0.092969,-0.390085,-0.077634
1.9772,37.2940,0.000000,0.012000,-0.703000,0.000000,-0.524000,1.139000,0.000000,-0.003000,-0.001000,-0.003000,0.024000,-2.180000,0.030713,1.071394,-0.655594,-0.092969,-0.390085,-0.077634
1.9793,37.0440,0.000000,0.012000,-0.703000,0.000000,-0.524000,1.139000,-0.003000,0.000000,0.001000,0.005000,0.000000,-2.180000,0.028350,1.079662,-0.646144,-0.080509,-0.385293,-0.077634
1.9814,36.7930,0.000000,0.012000,-0.703000,0.000000,-0.524000,1.139000,-0.003000,0.000000,0.001000,0.005000,0.000000,-2.180000,0.028350,1.079662,-0.646144,-0.080509,-0.385293,-0.077634
1.9834,36.5410,0.000000,0.012000,-0.703000,0.000000,-0.524000,1.139000,-0.003000,0.000000,0.001000,0.005000,0.000000,-2.180000,0.028350,1.079662,-0.646144,-0.080509,-0.385293,-0.077634
1.9855,36.2920,0.000000,0.012000,-0.703000,0.000000,-0.524000,1.124000,-0.003000,0.000000,0.001000,0.005000,0.003000,-2.126000,0.028350,1.079662,-0.646144,-0.080509,-0.376667,-0.085301
1.9876,36.0420,0.000000,0.012000,-0.703000,0.000000,-0.524000,1.124000,-0.003000,0.000000,0.001000,0.005000,0.003000,-2.126000,0.028350,1.079662,-0.646144,-0.080509,-0.376667,-0.085301
1.9897,35.7840,0.000000,0.012000,-0.703000,0.000000,-0.524000,1.109000,0.001000,0.001000,0.002000,-0.011000,0.003000,-2.088000,0.033075,1.069031,-0.653231,-0.070925,-0.376667,-0.115971
1.9918,35.5350,0.000000,0.012000,-0.703000,0.000000,-0.524000,1.109000,0.001000,0.001000,0.002000,-0.011000,0.003000,-2.088000,0.033075,1.069031,-0.653231,-0.070925,-0.376667,-0.115971
1.9941,35.2570,0.000000,0.012000,-0.703000,0.000000,-0.524000,1.109000,0.000000,0.000000,0.005000,-0.011000,0.003000,-2.088000,0.029531,1.064306,-0.642600,-0.070925,-0.376667,-0.115971
1.9961,35.0100,0.000000,0.012000,-0.703000,0.000000,-0.524000,1.094000,0.000000,0.000000,0.005000,0.015000,0.007000,-2.132000,0.029531,1.064306,-0.642600,-0.096802,-0.375708,-0.113096
1.9986,34.7100,0.000000,0.012000,-0.703000,0.000000,-0.524000,1.094000,-0.002000,0.000000,0.005000,0.015000,0.007000,-2.132000,0.027169,1.064306,-0.642600,-0.096802,-0.375708,-0.113096
2.0007,34.4700,0.000000,0.012000,-0.703000,0.000000,-0.525000,1.094000,-0.002000,-0.001000,0.005000,0.007000,-0.005000,-2.132000,0.027169,1.061944,-0.642600,-0.082426,-0.379542,-0.113096
2.0027,34.2230,0.000000,0.012000,-0.703000,0.000000,-0.525000,1.094000,-0.002000,-0.001000,0.005000,0.007000,-0.005000,-2.132000,0.027169,1.061944,-0.642600,-0.082426,-0.379542,-0.113096
2.0048,33.9720,0.000000,0.012000,-0.703000,0.000000,-0.525000,1.079000,-0.002000,-0.001000,-0.004000,0.007000,-0.005000,-2.126000,0.027169,1.061944,-0.654412,-0.082426,-0.379542,-0.089135
2.0069,33.7270,0.000000,0.012000,-0.703000,0.000000,-0.525000,1.079000,-0.002000,-0.001000,-0.004000,0.007000,-0.005000,-2.126000,0.027169,1.061944,-0.654412,-0.082426,-0.379542,-0.089135
2.0090,33.4810,0.000000,0.012000,-0.703000,0.000000,-0.525000,1.079000,-0.005000,-0.001000,0.002000,0.003000,-0.005000,-2.126000,0.038981,1.077300,-0.648506,-0.090093,-0.379542,-0.089135
2.0110,33.2370,0.000000,0.012000,-0.703000,0.000000,-0.525000,1.064000,-0.005000,-0.001000,0.002000,0.003000,-0.019000,-2.145000,0.038981,1.077300,-0.648506,-0.090093,-0.380501,-0.083384
2.0132,32.9810,0.000000,0.012000,-0.703000,0.000000,-0.525000,1.064000,-0.005000,-0.001000,0.002000,0.003000,-0.019000,-2.145000,0.038981,1.077300,-0.648506,-0.090093,-0.380501,-0.083384
2.0153,32.7380,0.000000,0.012000,-0.703000,0.000000,-0.525000,1.064000,0.006000,0.000000,0.007000,-0.001000,-0.017000,-2.145000,0.020081,1.080844,-0.665044,-0.098719,-0.372833,-0.083384
2.0173,32.4940,0.000000,0.012000,-0.703000,0.000000,-0.525000,1.064000,0.006000,0.000000,0.007000,-0.001000,-0.017000,-2.145000,0.020081,1.080844,-0.665044,-0.098719,-0.372833,-0.083384
2.0194,32.2520,0.000000,0.012000,-0.703000,0.000000,-0.525000,1.064000,0.006000,0.000000,0.007000,-0.001000,-0.017000,-2.145000,0.020081,1.080844,-0.665044,-0.098719,-0.372833,-0.083384
2.0215,32.0060,0.000000,0.012000,-0.703000,0.000000,-0.525000,1.050000,0.006000,0.000000,0.007000,-0.001000,-0.007000,-2.088000,0.020081,1.080844,-0.665044,-0.098719,-0.375708,-0.116930
2.0235,31.7640,0.000000,0.012000,-0.703000,0.000000,-0.525000,1.050000,0.006000,0.000000,0.007000,-0.001000,-0.007000,-2.088000,0.020081,1.080844,-0.665044,-0.098719,-0.375708,-0.116930
2.0256,31.5240,0.000000,0.012000,-0.703000,0.000000,-0.525000,1.034000,-0.003000,0.006000,0.000000,0.007000,-0.007000,-2.130000,0.018900,1.063125,-0.659137,-0.087218,-0.375708,-0.113096
2.0277,31.2820,0.000000,0.012000,-0.703000,0.000000,-0.525000,1.034000,-0.003000,0.006000,0.000000,0.007000,-0.007000,-2.130000,0.018900,1.063125,-0.659137,-0.087218,-0.375708,-0.113096
2.0300,31.0160,0.000000,0.012000,-0.703000,0.000000,-0.525000,1.020000,-0.004000,0.000000,0.003000,-0.011000,-0.001000,-2.109000,0.034256,1.096200,-0.654412,-0.103512,-0.371875,-0.107345
2.0320,30.7760,0.000000,0.012000,-0.703000,0.000000,-0.525000,1.020000,-0.004000,0.000000,0.003000,-0.011000,-0.001000,-2.109000,0.034256,1.096200,-0.654412,-0.103512,-0.371875,-0.107345
2.0341,30.5300,0.000000,0.012000,-0.703000,0.000000,-0.524000,1.020000,-0.005000,0.000000,0.003000,0.005000,-0.005000,-2.109000,0.030713,1.070212,-0.654412,-0.092969,-0.371875,-0.107345
2.0362,30.2910,0.000000,0.012000,-0.703000,0.000000,-0.524000,1.020000,-0.005000,0.000000,0.003000,0.005000,-0.005000,-2.109000,0.030713,1.070212,-0.654412,-0.092969,-0.371875,-0.107345
2.0383,30.0440,0.000000,0.012000,-0.703000,0.000000,-0.524000,1.020000,-0.005000,0.000000,0.003000,0.005000,-0.005000,-2.109000,0.030713,1.070212,-0.654412,-0.092969,-0.371875,-0.107345
2.0404,29.8070,0.000000,0.012000,-0.703000,0.000000,-0.524000,1.004000,-0.005000,0.000000,0.003000,0.005000,-0.005000,-2.176000,0.030713,1.070212,-0.655594,-0.092969,-0.371875,-0.080509
2.0425,29.5700,0.000000,0.012000,-0.703000,0.000000,-0.524000,1.004000,-0.005000,0.000000,0.003000,0.005000,-0.005000,-2.176000,0.030713,1.070212,-0.655594,-0.092969,-0.371875,-0.080509
2.0446,29.3250,0.000000,0.012000,-0.703000,0.000000,-0.525000,1.004000,0.000000,0.000000,0.000000,-0.001000,-0.024000,-2.176000,0.028350,1.070212,-0.657956,-0.079551,-0.367083,-0.080509
2.0467,29.0900,0.000000,0.012000,-0.703000,0.000000,-0.525000,0.990000,0.000000,0.000000,0.000000,-0.001000,-0.024000,-2.111000,0.028350,1.070212,-0.657956,-0.079551,-0.367083,-0.063257
2.0489,28.8410,0.000000,0.012000,-0.703000,0.000000,-0.525000,0.990000,-0.001000,0.000000,0.000000,-0.001000,-0.024000,-2.111000,0.028350,1.070212,-0.657956,-0.079551,-0.367083,-0.063257
2.0509,28.6070,0.000000,0.012000,-0.703000,0.000000,-0.525000,0.990000,-0.001000,-0.001000,0.001000,0.017000,-0.005000,-2.111000,0.028350,1.070212,-0.644962,-0.093927,-0.380501,-0.063257
2.0533,28.3310,0.000000,0.012000,-0.703000,0.000000,-0.525000,0.990000,-0.001000,-0.001000,0.001000,0.017000,-0.005000,-2.111000,0.028350,1.070212,-0.644962,-0.093927,-0.380501,-0.063257
2.0554,28.0980,0.000000,0.012000,-0.703000,0.000000,-0.524000,0.975000,-0.001000,-0.001000,0.001000,0.017000,0.007000,-2.136000,0.028350,1.070212,-0.644962,-0.093927,-0.371875,-0.042171
2.0575,27.8650,0.000000,0.012000,-0.703000,0.000000,-0.524000,0.975000,-0.001000,-0.001000,0.001000,0.017000,0.007000,-2.136000,0.028350,1.070212,-0.644962,-0.093927,-0.371875,-0.042171
2.0596,27.6270,0.000000,0.012000,-0.703000,0.000000,-0.524000,0.975000,-0.006000,0.000000,0.004000,-0.003000,0.007000,-2.136000,0.024806,1.072575,-0.659137,-0.083384,-0.371875,-0.042171
2.0617,27.3940,0.000000,0.012000,-0.703000,0.000000,-0.524000,0.960000,-0.006000,0.000000,0.004000,-0.003000,0.007000,-2.184000,0.024806,1.072575,-0.659137,-0.083384,-0.371875,-0.020127
2.0637,27.1610,0.000000,0.012000,-0.703000,0.000000,-0.524000,0.960000,0.000000,0.005000,0.004000,-0.003000,0.007000,-2.184000,0.024806,1.083206,-0.659137,-0.083384,-0.371875,-0.020127
2.0658,26.9300,0.000000,0.012000,-0.703000,0.000000,-0.525000,0.945000,0.000000,0.005000,0.002000,-0.009000,-0.011000,-2.067000,0.024806,1.083206,-0.641419,-0.063257,-0.373792,-0.119805
2.0679,26.6980,0.000000,0.012000,-0.703000,0.000000,-0.525000,0.945000,0.000000,0.005000,0.002000,-0.009000,-0.011000,-2.067000,0.024806,1.083206,-0.641419,-0.063257,-0.373792,-0.119805
2.0700,26.4690,0.000000,0.012000,-0.703000,0.000000,-0.525000,0.945000,0.004000,0.000000,0.002000,0.013000,0.000000,-2.067000,0.016537,1.063125,-0.641419,-0.086260,-0.370916,-0.119805
2.0720,26.2400,0.000000,0.012000,-0.703000,0.000000,-0.525000,0.945000,0.004000,0.000000,0.002000,0.013000,0.000000,-2.067000,0.016537,1.063125,-0.641419,-0.086260,-0.370916,-0.119805
2.0741,26.0130,0.000000,0.012000,-0.703000,0.000000,-0.525000,0.945000,0.004000,0.000000,0.002000,0.013000,0.000000,-2.067000,0.016537,1.063125,-0.656775,-0.086260,-0.370916,-0.119805
2.0762,25.7850,0.000000,0.012000,-0.703000,0.000000,-0.525000,0.931000,0.004000,0.000000,0.002000,0.013000,0.000000,-2.021000,0.016537,1.063125,-0.656775,-0.086260,-0.370916,-0.162935
2.0784,25.5360,0.000000,0.012000,-0.703000,0.000000,-0.525000,0.931000,0.004000,0.000000,0.002000,0.013000,0.000000,-2.021000,0.016537,1.063125,-0.656775,-0.086260,-0.370916,-0.162935
2.0805,25.3100,0.000000,0.012000,-0.703000,0.000000,-0.524000,0.916000,0.000000,-0.001000,-0.003000,0.030000,0.007000,-2.182000,0.016537,1.079662,-0.659137,-0.108304,-0.376667,-0.141849
2.0826,25.0850,0.000000,0.012000,-0.703000,0.000000,-0.524000,0.916000,0.000000,-0.001000,-0.003000,0.030000,0.007000,-2.182000,0.016537,1.079662,-0.659137,-0.108304,-0.376667,-0.141849
2.0847,24.8540,0.000000,0.012000,-0.703000,0.000000,-0.525000,0.916000,0.000000,-0.002000,-0.004000,-0.036000,0.001000,-2.182000,0.018900,1.071394,-0.647325,-0.068049,-0.378584,-0.141849
2.0867,24.6300,0.000000,0.012000,-0.703000,0.000000,-0.525000,0.916000,0.000000,-0.002000,-0.004000,-0.036000,0.001000,-2.182000,0.018900,1.071394,-0.647325,-0.068049,-0.378584,-0.141849
2.0889,24.3970,0.000000,0.012000,-0.703000,0.000000,-0.525000,0.916000,0.000000,-0.002000,-0.004000,-0.036000,0.001000,-2.182000,0.018900,1.071394,-0.647325,-0.068049,-0.378584,-0.141849
2.0910,24.1740,0.000000,0.012000,-0.703000,0.000000,-0.525000,0.901000,0.000000,-0.002000,-0.004000,-0.036000,0.000000,-2.130000,0.018900,1.071394,-0.647325,-0.068049,-0.365166,-0.087218
2.0931,23.9400,0.000000,0.012000,-0.703000,0.000000,-0.525000,0.901000,0.000000,-0.002000,-0.004000,-0.036000,0.000000,-2.130000,0.018900,1.071394,-0.647325,-0.068049,-0.365166,-0.087218
2.0952,23.7200,0.000000,0.012000,-0.703000,0.000000,-0.525000,0.886000,0.003000,0.000000,0.000000,-0.023000,0.000000,-2.084000,0.018900,1.073756,-0.647325,-0.069966,-0.365166,-0.098719
2.0973,23.4990,0.000000,0.012000,-0.703000,0.000000,-0.525000,0.886000,0.003000,0.000000,0.000000,-0.023000,0.000000,-2.084000,0.018900,1.073756,-0.647325,-0.069966,-0.365166,-0.098719
2.0999,23.2200,0.000000,0.012000,-0.703000,0.000000,-0.525000,0.871000,0.010000,0.000000,0.002000,0.007000,0.000000,-2.095000,0.027169,1.067850,-0.634331,-0.087218,-0.364207,-0.104470
2.1020,23.0010,0.000000,0.012000,-0.703000,0.000000,-0.525000,0.871000,0.010000,0.000000,0.002000,0.007000,0.000000,-2.095000,0.027169,1.067850,-0.634331,-0.087218,-0.364207,-0.104470
2.1041,22.7780,0.000000,0.012000,-0.703000,0.000000,-0.525000,0.871000,-0.002000,-0.002000,0.002000,0.007000,0.000000,-2.095000,0.033075,1.077300,-0.634331,-0.082426,-0.362290,-0.104470
2.1061,22.5600,0.000000,0.012000,-0.703000,0.000000,-0.525000,0.871000,-0.002000,-0.002000,0.002000,0.007000,0.000000,-2.095000,0.033075,1.077300,-0.634331,-0.082426,-0.362290,-0.104470
2.1083,22.3370,0.000000,0.012000,-0.703000,0.000000,-0.525000,0.871000,-0.002000,-0.002000,0.002000,0.007000,0.000000,-2.095000,0.033075,1.077300,-0.634331,-0.082426,-0.362290,-0.104470
2.1103,22.1210,0.000000,0.012000,-0.703000,0.000000,-0.525000,0.857000,-0.002000,-0.002000,-0.006000,0.007000,0.000000,-2.030000,0.033075,1.077300,-0.653231,-0.082426,-0.362290,-0.134182
2.1124,21.9060,0.000000,0.012000,-0.703000,0.000000,-0.525000,0.857000,-0.002000,-0.002000,-0.006000,0.007000,0.000000,-2.030000,0.033075,1.077300,-0.653231,-0.082426,-0.362290,-0.134182
2.1145,21.6930,0.000000,0.012000,-0.703000,0.000000,-0.525000,0.857000,-0.006000,-0.005000,0.001000,0.017000,-0.009000,-2.030000,0.029531,1.067850,-0.630787,-0.099678,-0.373792,-0.134182
2.1165,21.4790,0.000000,0.012000,-0.703000,0.000000,-0.525000,0.842000,-0.006000,-0.005000,0.001000,0.017000,-0.009000,-2.132000,0.029531,1.067850,-0.630787,-0.099678,-0.373792,-0.094886
2.1187,21.2510,0.000000,0.012000,-0.703000,0.000000,-0.525000,0.842000,0.002000,0.002000,0.000000,0.017000,-0.009000,-2.132000,0.021263,1.074938,-0.656775,-0.099678,-0.373792,-0.094886
2.1208,21.0390,0.000000,0.012000,-0.703000,0.000000,-0.524000,0.842000,0.002000,0.002000,0.000000,-0.013000,0.047000,-2.132000,0.021263,1.074938,-0.656775,-0.065174,-0.364207,-0.094886
2.1229,20.8270,0.000000,0.012000,-0.703000,0.000000,-0.524000,0.842000,0.002000,0.002000,0.000000,-0.013000,0.047000,-2.132000,0.021263,1.074938,-0.656775,-0.065174,-0.364207,-0.094886
2.1250,20.6140,0.000000,0.012000,-0.703000,0.000000,-0.525000,0.827000,0.002000,0.002000,0.000000,-0.013000,0.003000,-2.095000,0.021263,1.074938,-0.656775,-0.065174,-0.376667,-0.096802
2.1270,20.4050,0.000000,0.012000,-0.703000,0.000000,-0.525000,0.827000,0.002000,0.002000,0.000000,-0.013000,0.003000,-2.095000,0.021263,1.074938,-0.656775,-0.065174,-0.376667,-0.096802
2.1297,20.1310,0.000000,0.012000,-0.703000,0.000000,-0.525000,0.813000,0.007000,0.001000,-0.001000,-0.009000,0.003000,-2.022000,0.022444,1.065487,-0.644962,-0.079551,-0.376667,-0.147600
2.1318,19.9230,0.000000,0.012000,-0.703000,0.000000,-0.525000,0.813000,0.007000,0.001000,-0.001000,-0.009000,0.003000,-2.022000,0.022444,1.065487,-0.644962,-0.079551,-0.376667,-0.147600
2.1343,19.6750,0.000000,0.012000,-0.703000,0.000000,-0.525000,0.813000,0.000000,0.000000,0.006000,0.009000,-0.013000,-2.022000,0.025987,1.074938,-0.649687,-0.088176,-0.368041,-0.147600
2.1364,19.4680,0.000000,0.012000,-0.703000,0.000000,-0.525000,0.798000,0.000000,0.000000,0.006000,0.009000,-0.013000,-2.120000,0.025987,1.074938,-0.649687,-0.088176,-0.368041,-0.103512
2.1384,19.2610,0.000000,0.012000,-0.703000,0.000000,-0.525000,0.798000,-0.001000,0.000000,0.006000,0.009000,-0.013000,-2.120000,0.028350,1.074938,-0.649687,-0.088176,-0.368041,-0.103512
2.1405,19.0570,0.000000,0.012000,-0.703000,0.000000,-0.525000,0.798000,-0.001000,-0.003000,0.006000,-0.005000,-0.021000,-2.120000,0.028350,1.065487,-0.649687,-0.083384,-0.362290,-0.103512
2.1426,18.8540,0.000000,0.012000,-0.703000,0.000000,-0.525000,0.798000,-0.001000,-0.003000,0.006000,-0.005000,-0.021000,-2.120000,0.028350,1.065487,-0.649687,-0.083384,-0.362290,-0.103512
2.1446,18.6520,0.000000,0.012000,-0.703000,0.000000,-0.525000,0.798000,-0.001000,-0.003000,0.000000,-0.005000,-0.021000,-2.120000,0.028350,1.065487,-0.648506,-0.083384,-0.362290,-0.103512
2.1467,18.4520,0.000000,0.012000,-0.703000,0.000000,-0.525000,0.784000,-0.001000,-0.003000,0.000000,-0.005000,-0.021000,-2.078000,0.028350,1.065487,-0.648506,-0.083384,-0.362290,-0.080509
2.1488,18.2480,0.000000,0.012000,-0.703000,0.000000,-0.525000,0.784000,0.002000,0.000000,0.000000,-0.005000,-0.021000,-2.078000,0.015356,1.058400,-0.648506,-0.083384,-0.362290,-0.080509
2.1508,18.0480,0.000000,0.012000,-0.703000,0.000000,-0.525000,0.769000,0.002000,0.000000,0.000000,0.003000,-0.005000,-2.061000,0.015356,1.058400,-0.648506,-0.058465,-0.360373,-0.088176
2.1529,17.8480,0.000000,0.012000,-0.703000,0.000000,-0.525000,0.769000,0.002000,0.000000,0.000000,0.003000,-0.005000,-2.061000,0.015356,1.058400,-0.648506,-0.058465,-0.360373,-0.088176
2.1550,17.6500,0.000000,0.012000,-0.703000,0.000000,-0.525000,0.769000,0.001000,-0.001000,0.001000,-0.036000,-0.019000,-2.061000,0.008269,1.066669,-0.646144,-0.070925,-0.369958,-0.088176
2.1570,17.4530,0.000000,0.012000,-0.703000,0.000000,-0.525000,0.769000,0.001000,-0.001000,0.001000,-0.036000,-0.019000,-2.061000,0.008269,1.066669,-0.646144,-0.070925,-0.369958,-0.088176
2.1591,17.2570,0.000000,0.012000,-0.703000,0.000000,-0.525000,0.769000,0.001000,-0.001000,0.001000,-0.036000,-0.019000,-2.061000,0.008269,1.066669,-0.646144,-0.070925,-0.369958,-0.088176
2.1612,17.0610,0.000000,0.012000,-0.703000,0.000000,-0.525000,0.755000,0.001000,-0.001000,0.001000,-0.036000,0.011000,-2.021000,0.008269,1.066669,-0.646144,-0.070925,-0.362290,-0.131306
2.1636,16.8340,0.000000,0.012000,-0.703000,0.000000,-0.525000,0.755000,0.001000,-0.001000,0.001000,-0.036000,0.011000,-2.021000,0.008269,1.066669,-0.646144,-0.070925,-0.362290,-0.131306
2.1656,16.6410,0.000000,0.012000,-0.703000,0.000000,-0.525000,0.740000,0.007000,0.000000,-0.001000,0.055000,0.011000,-2.172000,0.004725,1.076119,-0.640238,-0.120763,-0.362290,-0.067091
2.1677,16.4500,0.000000,0.012000,-0.703000,0.000000,-0.525000,0.740000,0.007000,0.000000,-0.001000,0.055000,0.011000,-2.172000,0.004725,1.076119,-0.640238,-0.120763,-0.362290,-0.067091
2.1698,16.2550,0.000000,0.012000,-0.703000,0.000000,-0.525000,0.726000,0.003000,-0.001000,-0.002000,-0.059000,0.003000,-2.042000,0.027169,1.071394,-0.644962,-0.062299,-0.361332,-0.077634
2.1718,16.0640,0.000000,0.012000,-0.703000,0.000000,-0.525000,0.726000,0.003000,-0.001000,-0.002000,-0.059000,0.003000,-2.042000,0.027169,1.071394,-0.644962,-0.062299,-0.361332,-0.077634
2.1739,15.8750,0.000000,0.012000,-0.703000,0.000000,-0.525000,0.726000,-0.001000,0.000000,-0.002000,-0.059000,0.003000,-2.042000,0.015356,1.072575,-0.644962,-0.062299,-0.361332,-0.077634
2.1759,15.6860,0.000000,0.012000,-0.703000,0.000000,-0.525000,0.726000,-0.001000,0.000000,-0.002000,0.051000,-0.007000,-2.042000,0.015356,1.072575,-0.644962,-0.079551,-0.345038,-0.077634
2.1784,15.4620,0.000000,0.012000,-0.703000,0.000000,-0.525000,0.726000,-0.001000,0.000000,-0.002000,0.051000,-0.007000,-2.042000,0.015356,1.072575,-0.644962,-0.079551,-0.345038,-0.077634
2.1805,15.2750,0.000000,0.012000,-0.703000,0.000000,-0.525000,0.711000,-0.001000,0.000000,0.002000,0.051000,-0.007000,-2.057000,0.015356,1.072575,-0.652050,-0.079551,-0.345038,-0.048880
2.1825,15.0890,0.000000,0.012000,-0.703000,0.000000,-0.525000,0.711000,-0.001000,0.000000,0.002000,0.051000,-0.007000,-2.057000,0.015356,1.072575,-0.652050,-0.079551,-0.345038,-0.048880
2.1846,14.9040,0.000000,0.012000,-0.703000,0.000000,-0.525000,0.711000,-0.007000,0.000000,0.000000,-0.011000,-0.005000,-2.057000,0.031894,1.076119,-0.636694,-0.075717,-0.355581,-0.048880
2.1866,14.7200,0.000000,0.012000,-0.703000,0.000000,-0.525000,0.697000,-0.007000,0.000000,0.000000,-0.011000,-0.005000,-2.059000,0.031894,1.076119,-0.636694,-0.075717,-0.355581,-0.103512
2.1887,14.5410,0.000000,0.012000,-0.703000,0.000000,-0.525000,0.697000,-0.001000,0.000000,0.000000,-0.011000,-0.005000,-2.059000,0.018900,1.076119,-0.636694,-0.075717,-0.355581,-0.103512
2.1907,14.3600,0.000000,0.012000,-0.703000,0.000000,-0.525000,0.697000,-0.001000,-0.003000,0.005000,0.042000,0.011000,-2.059000,0.018900,1.079662,-0.665044,-0.112137,-0.362290,-0.103512
2.1928,14.1790,0.000000,0.012000,-0.703000,0.000000,-0.525000,0.697000,-0.001000,-0.003000,0.005000,0.042000,0.011000,-2.059000,0.018900,1.079662,-0.665044,-0.112137,-0.362290,-0.103512
2.1949,13.9950,0.000000,0.012000,-0.703000,0.000000,-0.525000,0.683000,-0.001000,-0.003000,0.005000,0.042000,0.009000,-2.030000,0.018900,1.079662,-0.665044,-0.112137,-0.356540,-0.111179
2.1969,13.8160,0.000000,0.012000,-0.703000,0.000000,-0.525000,0.683000,-0.001000,-0.003000,0.005000,0.042000,0.009000,-2.030000,0.018900,1.079662,-0.665044,-0.112137,-0.356540,-0.111179
2.1991,13.6300,0.000000,0.012000,-0.703000,0.000000,-0.525000,0.683000,-0.005000,0.001000,-0.002000,-0.021000,0.009000,-2.030000,0.035438,1.072575,-0.646144,-0.071883,-0.356540,-0.111179
2.2011,13.4530,0.000000,0.012000,-0.703000,0.000000,-0.525000,0.669000,-0.005000,0.001000,-0.002000,-0.021000,0.009000,-2.019000,0.035438,1.072575,-0.646144,-0.071883,-0.356540,-0.152392
2.2033,13.2730,0.000000,0.012000,-0.703000,0.000000,-0.525000,0.669000,-0.005000,0.001000,-0.002000,-0.021000,0.009000,-2.019000,0.035438,1.072575,-0.646144,-0.071883,-0.356540,-0.152392
2.2053,13.0980,0.000000,0.012000,-0.703000,0.000000,-0.525000,0.655000,-0.003000,-0.002000,0.000000,0.000000,0.013000,-1.996000,0.036619,1.080844,-0.635512,-0.080509,-0.361332,-0.125556
2.2074,12.9240,0.000000,0.012000,-0.703000,0.000000,-0.525000,0.655000,-0.003000,-0.002000,0.000000,0.000000,0.013000,-1.996000,0.036619,1.080844,-0.635512,-0.080509,-0.361332,-0.125556
2.2095,12.7450,0.000000,0.012000,-0.703000,0.000000,-0.525000,0.655000,-0.008000,-0.001000,-0.001000,0.000000,0.001000,-1.996000,0.027169,1.064306,-0.640238,-0.070925,-0.357498,-0.125556
2.2115,12.5730,0.000000,0.012000,-0.703000,0.000000,-0.525000,0.655000,-0.008000,-0.001000,-0.001000,0.000000,0.001000,-1.996000,0.027169,1.064306,-0.640238,-0.070925,-0.357498,-0.125556
2.2137,12.3980,0.000000,0.012000,-0.703000,0.000000,-0.525000,0.655000,-0.008000,-0.001000,-0.001000,0.000000,0.001000,-1.996000,0.027169,1.064306,-0.640238,-0.070925,-0.357498,-0.125556
2.2157,12.2280,0.000000,0.012000,-0.703000,0.000000,-0.525000,0.641000,-0.008000,-0.001000,-0.001000,0.000000,0.001000,-2.001000,0.027169,1.064306,-0.640238,-0.070925,-0.357498,-0.113096
2.2178,12.0590,0.000000,0.012000,-0.703000,0.000000,-0.525000,0.641000,-0.008000,-0.001000,-0.001000,0.000000,0.001000,-2.001000,0.027169,1.064306,-0.640238,-0.070925,-0.357498,-0.113096
2.2199,11.8870,0.000000,0.012000,-0.703000,0.000000,-0.525000,0.627000,0.003000,0.000000,-0.006000,0.003000,-0.003000,-1.940000,0.010631,1.076119,-0.634331,-0.074758,-0.358457,-0.128431
2.2219,11.7200,0.000000,0.012000,-0.703000,0.000000,-0.525000,0.627000,0.003000,0.000000,-0.006000,0.003000,-0.003000,-1.940000,0.010631,1.076119,-0.634331,-0.074758,-0.358457,-0.128431
2.2241,11.5480,0.000000,0.012000,-0.703000,0.000000,-0.525000,0.627000,-0.001000,0.003000,0.003000,-0.007000,-0.005000,-1.940000,0.040162,1.084387,-0.654412,-0.073800,-0.362290,-0.128431
2.2261,11.3830,0.000000,0.012000,-0.703000,0.000000,-0.525000,0.627000,-0.001000,0.003000,0.003000,-0.007000,-0.005000,-1.940000,0.040162,1.084387,-0.654412,-0.073800,-0.362290,-0.128431
2.2283,11.2140,0.000000,0.012000,-0.703000,0.000000,-0.525000,0.627000,-0.001000,0.003000,0.003000,-0.007000,-0.005000,-1.940000,0.040162,1.084387,-0.654412,-0.073800,-0.362290,-0.128431
2.2303,11.0510,0.000000,0.012000,-0.703000,0.000000,-0.525000,0.613000,-0.001000,0.003000,0.003000,-0.007000,0.000000,-1.996000,0.040162,1.084387,-0.654412,-0.073800,-0.359415,-0.062299
2.2324,10.8900,0.000000,0.012000,-0.703000,0.000000,-0.525000,0.613000,-0.001000,0.003000,0.003000,-0.007000,0.000000,-1.996000,0.040162,1.084387,-0.654412,-0.073800,-0.359415,-0.062299
2.2345,10.7240,0.000000,0.012000,-0.703000,0.000000,-0.525000,0.599000,-0.002000,0.001000,-0.003000,-0.011000,0.000000,-1.973000,0.030713,1.080844,-0.646144,-0.063257,-0.359415,-0.077634
2.2366,10.5650,0.000000,0.012000,-0.703000,0.000000,-0.525000,0.599000,-0.002000,0.001000,-0.003000,-0.011000,0.000000,-1.973000,0.030713,1.080844,-0.646144,-0.063257,-0.359415,-0.077634
2.2388,10.3910,0.000000,0.012000,-0.703000,0.000000,-0.525000,0.599000,-0.002000,0.001000,-0.003000,-0.011000,0.000000,-1.973000,0.030713,1.080844,-0.646144,-0.063257,-0.359415,-0.077634
2.2409,10.2330,0.000000,0.012000,-0.703000,0.000000,-0.525000,0.585000,-0.005000,0.004000,0.004000,0.015000,-0.017000,-1.957000,0.050794,1.079662,-0.640238,-0.076675,-0.352706,-0.137057
2.2433,10.0450,0.000000,0.012000,-0.703000,0.000000,-0.525000,0.585000,-0.005000,0.004000,0.004000,0.015000,-0.017000,-1.957000,0.050794,1.079662,-0.640238,-0.076675,-0.352706,-0.137057
2.2454,9.8900,0.000000,0.012000,-0.703000,0.000000,-0.525000,0.585000,-0.003000,0.000000,-0.001000,-0.015000,-0.028000,-1.957000,0.038981,1.058400,-0.642600,-0.066132,-0.358457,-0.137057
2.2475,9.7350,0.000000,0.012000,-0.703000,0.000000,-0.525000,0.585000,-0.003000,0.000000,-0.001000,-0.015000,-0.028000,-1.957000,0.038981,1.058400,-0.642600,-0.066132,-0.358457,-0.137057
2.2496,9.5810,0.000000,0.012000,-0.703000,0.000000,-0.525000,0.585000,-0.003000,0.000000,-0.001000,-0.015000,-0.028000,-1.957000,0.038981,1.058400,-0.642600,-0.066132,-0.358457,-0.137057
2.2516,9.4280,0.000000,0.012000,-0.703000,0.000000,-0.525000,0.572000,-0.003000,0.000000,-0.001000,-0.015000,-0.028000,-1.888000,0.038981,1.058400,-0.642600,-0.066132,-0.358457,-0.162935
2.2537,9.2800,0.000000,0.012000,-0.703000,0.000000,-0.525000,0.572000,-0.001000,-0.001000,-0.001000,-0.015000,-0.028000,-1.888000,0.024806,1.072575,-0.642600,-0.066132,-0.358457,-0.162935
2.2557,9.1300,0.000000,0.012000,-0.703000,0.000000,-0.525000,0.557000,-0.001000,-0.001000,-0.002000,0.046000,-0.009000,-2.057000,0.024806,1.072575,-0.631969,-0.096802,-0.368999,-0.086260
2.2578,8.9810,0.000000,0.012000,-0.703000,0.000000,-0.525000,0.557000,-0.001000,-0.001000,-0.002000,0.046000,-0.009000,-2.057000,0.024806,1.072575,-0.631969,-0.096802,-0.368999,-0.086260
2.2599,8.8320,0.000000,0.012000,-0.703000,0.000000,-0.524000,0.557000,0.002000,0.000000,0.000000,-0.055000,0.005000,-2.057000,0.030713,1.076119,-0.637875,-0.037379,-0.354623,-0.086260
2.2619,8.6860,0.000000,0.012000,-0.703000,0.000000,-0.524000,0.557000,0.002000,0.000000,0.000000,-0.055000,0.005000,-2.057000,0.030713,1.076119,-0.637875,-0.037379,-0.354623,-0.086260
2.2640,8.5380,0.000000,0.012000,-0.703000,0.000000,-0.524000,0.557000,0.002000,0.000000,0.000000,-0.055000,0.005000,-2.057000,0.030713,1.076119,-0.637875,-0.037379,-0.354623,-0.086260
2.2661,8.3930,0.000000,0.012000,-0.703000,0.000000,-0.525000,0.544000,0.002000,0.000000,0.000000,-0.055000,-0.009000,-1.919000,0.030713,1.076119,-0.637875,-0.037379,-0.340246,-0.123639
2.2684,8.2350,0.000000,0.012000,-0.703000,0.000000,-0.525000,0.544000,0.000000,0.001000,0.000000,-0.055000,-0.009000,-1.919000,0.027169,1.077300,-0.637875,-0.037379,-0.340246,-0.123639
2.2704,8.0930,0.000000,0.012000,-0.703000,0.000000,-0.525000,0.531000,0.000000,0.001000,0.002000,0.038000,-0.009000,-1.882000,0.027169,1.077300,-0.630787,-0.079551,-0.340246,-0.115013
2.2725,7.9530,0.000000,0.012000,-0.703000,0.000000,-0.525000,0.531000,0.000000,0.001000,0.002000,0.038000,-0.009000,-1.882000,0.027169,1.077300,-0.630787,-0.079551,-0.340246,-0.115013
2.2746,7.8120,0.000000,0.012000,-0.703000,0.000000,-0.525000,0.531000,-0.002000,0.000000,-0.001000,0.000000,-0.009000,-1.882000,0.027169,1.077300,-0.626062,-0.077634,-0.340246,-0.115013
2.2766,7.6730,0.000000,0.012000,-0.703000,0.000000,-0.525000,0.517000,-0.002000,0.000000,-0.001000,0.000000,0.030000,-1.967000,0.027169,1.077300,-0.626062,-0.077634,-0.350789,-0.088176
2.2788,7.5260,0.000000,0.012000,-0.703000,0.000000,-0.525000,0.517000,-0.002000,0.000000,-0.001000,0.000000,0.030000,-1.967000,0.027169,1.077300,-0.626062,-0.077634,-0.350789,-0.088176
2.2809,7.3900,0.000000,0.012000,-0.703000,0.000000,-0.525000,0.517000,0.004000,0.000000,-0.001000,0.017000,0.005000,-1.967000,0.011813,1.078481,-0.646144,-0.101595,-0.354623,-0.088176
2.2831,7.2460,0.000000,0.012000,-0.703000,0.000000,-0.525000,0.517000,0.004000,0.000000,-0.001000,0.017000,0.005000,-1.967000,0.011813,1.078481,-0.646144,-0.101595,-0.354623,-0.088176
2.2852,7.1130,0.000000,0.012000,-0.703000,0.000000,-0.525000,0.504000,0.004000,0.000000,-0.001000,0.017000,0.005000,-1.934000,0.011813,1.078481,-0.646144,-0.101595,-0.354623,-0.092010
2.2872,6.9790,0.000000,0.012000,-0.703000,0.000000,-0.525000,0.504000,0.004000,0.000000,-0.001000,0.017000,0.005000,-1.934000,0.011813,1.078481,-0.646144,-0.101595,-0.354623,-0.092010
2.2893,6.8460,0.000000,0.012000,-0.703000,0.000000,-0.525000,0.504000,0.008000,0.002000,0.006000,0.017000,0.005000,-1.934000,0.025987,1.072575,-0.643781,-0.101595,-0.354623,-0.092010
2.2914,6.7150,0.000000,0.012000,-0.703000,0.000000,-0.525000,0.491000,0.008000,0.002000,0.006000,-0.013000,-0.007000,-1.882000,0.025987,1.072575,-0.643781,-0.059423,-0.342163,-0.131306
2.2935,6.5810,0.000000,0.012000,-0.703000,0.000000,-0.525000,0.491000,0.008000,0.002000,0.006000,-0.013000,-0.007000,-1.882000,0.025987,1.072575,-0.643781,-0.059423,-0.342163,-0.131306
2.2956,6.4530,0.000000,0.012000,-0.703000,0.000000,-0.525000,0.491000,0.002000,0.000000,0.000000,0.028000,-0.024000,-1.882000,0.014175,1.080844,-0.644962,-0.087218,-0.347914,-0.131306
2.2977,6.3260,0.000000,0.012000,-0.703000,0.000000,-0.525000,0.491000,0.002000,0.000000,0.000000,0.028000,-0.024000,-1.882000,0.014175,1.080844,-0.644962,-0.087218,-0.347914,-0.131306
2.2998,6.1980,0.000000,0.012000,-0.703000,0.000000,-0.525000,0.477000,0.002000,0.000000,0.000000,0.028000,-0.009000,-1.888000,0.014175,1.080844,-0.644962,-0.087218,-0.343122,-0.081467
2.3018,6.0730,0.000000,0.012000,-0.703000,0.000000,-0.525000,0.477000,0.002000,0.000000,0.000000,0.028000,-0.009000,-1.888000,0.014175,1.080844,-0.644962,-0.087218,-0.343122,-0.081467
2.3040,5.9460,0.000000,0.012000,-0.703000,0.000000,-0.525000,0.477000,-0.001000,0.002000,0.001000,0.000000,-0.009000,-1.888000,0.024806,1.067850,-0.639056,-0.077634,-0.343122,-0.081467
2.3060,5.8240,0.000000,0.012000,-0.703000,0.000000,-0.525000,0.464000,-0.001000,0.002000,0.001000,0.000000,-0.009000,-1.848000,0.024806,1.067850,-0.639056,-0.077634,-0.343122,-0.051756
2.3084,5.6880,0.000000,0.012000,-0.703000,0.000000,-0.525000,0.464000,-0.001000,0.002000,0.001000,0.000000,-0.009000,-1.848000,0.024806,1.067850,-0.639056,-0.077634,-0.343122,-0.051756
2.3104,5.5680,0.000000,0.012000,-0.703000,0.000000,-0.525000,0.451000,-0.001000,0.002000,-0.003000,0.021000,0.000000,-1.850000,0.007087,1.076119,-0.639056,-0.112137,-0.335454,-0.079551
2.3125,5.4500,0.000000,0.012000,-0.703000,0.000000,-0.525000,0.451000,-0.001000,0.002000,-0.003000,0.021000,0.000000,-1.850000,0.007087,1.076119,-0.639056,-0.112137,-0.335454,-0.079551
2.3146,5.3320,0.000000,0.012000,-0.703000,0.000000,-0.525000,0.451000,0.005000,-0.001000,0.002000,0.009000,-0.015000,-1.850000,0.009450,1.079662,-0.644962,-0.073800,-0.359415,-0.079551
2.3166,5.2160,0.000000,0.012000,-0.703000,0.000000,-0.525000,0.451000,0.005000,-0.001000,0.002000,0.009000,-0.015000,-1.850000,0.009450,1.079662,-0.644962,-0.073800,-0.359415,-0.079551
2.3191,5.0800,0.000000,0.012000,-0.703000,0.000000,-0.525000,0.451000,0.005000,-0.001000,0.002000,0.009000,-0.015000,-1.850000,0.009450,1.079662,-0.644962,-0.073800,-0.359415,-0.079551
2.3211,4.9660,0.000000,0.012000,-0.703000,0.000000,-0.525000,0.439000,0.005000,-0.001000,0.002000,0.009000,-0.015000,-1.856000,0.009450,1.079662,-0.644962,-0.073800,-0.359415,-0.091052
2.3233,4.8520,0.000000,0.012000,-0.703000,0.000000,-0.525000,0.439000,0.005000,-0.001000,0.002000,0.009000,-0.015000,-1.856000,0.009450,1.079662,-0.644962,-0.073800,-0.359415,-0.091052
2.3253,4.7410,0.000000,0.012000,-0.703000,0.000000,-0.525000,0.426000,0.005000,0.000000,0.004000,0.017000,-0.024000,-1.798000,0.009450,1.079662,-0.630787,-0.083384,-0.335454,-0.067091
2.3274,4.6310,0.000000,0.012000,-0.703000,0.000000,-0.525000,0.426000,0.005000,0.000000,0.004000,0.017000,-0.024000,-1.798000,0.009450,1.079662,-0.630787,-0.083384,-0.335454,-0.067091
2.3298,4.5070,0.000000,0.012000,-0.703000,0.000000,-0.525000,0.426000,-0.003000,-0.005000,-0.001000,-0.005000,0.007000,-1.798000,0.021263,1.082025,-0.627244,-0.065174,-0.356540,-0.067091
2.3318,4.4000,0.000000,0.012000,-0.703000,0.000000,-0.525000,0.426000,-0.003000,-0.005000,-0.001000,-0.005000,0.007000,-1.798000,0.021263,1.082025,-0.627244,-0.065174,-0.356540,-0.067091
2.3339,4.2940,0.000000,0.012000,-0.703000,0.000000,-0.525000,0.426000,-0.003000,-0.005000,-0.001000,-0.005000,0.007000,-1.798000,0.021263,1.082025,-0.627244,-0.065174,-0.356540,-0.067091
2.3359,4.1900,0.000000,0.012000,-0.703000,0.000000,-0.525000,0.413000,-0.003000,-0.005000,-0.001000,-0.005000,-0.007000,-1.762000,0.021263,1.082025,-0.627244,-0.065174,-0.352706,-0.098719
2.3384,4.0680,0.000000,0.012000,-0.703000,0.000000,-0.525000,0.413000,-0.003000,-0.005000,-0.001000,-0.005000,-0.007000,-1.762000,0.021263,1.082025,-0.627244,-0.065174,-0.352706,-0.098719
2.3404,3.9660,0.000000,0.012000,-0.703000,0.000000,-0.525000,0.401000,-0.005000,-0.001000,0.004000,-0.011000,-0.007000,-1.752000,0.029531,1.072575,-0.628425,-0.073800,-0.352706,-0.118847
2.3425,3.8660,0.000000,0.012000,-0.703000,0.000000,-0.525000,0.401000,-0.005000,-0.001000,0.004000,-0.011000,-0.007000,-1.752000,0.029531,1.072575,-0.628425,-0.073800,-0.352706,-0.118847
2.3446,3.7660,0.000000,0.012000,-0.703000,0.000000,-0.525000,0.401000,-0.002000,0.001000,0.005000,-0.011000,-0.005000,-1.752000,0.030713,1.072575,-0.646144,-0.070925,-0.350789,-0.118847
2.3466,3.6680,0.000000,0.012000,-0.703000,0.000000,-0.525000,0.388000,-0.002000,0.001000,0.005000,-0.011000,-0.005000,-1.741000,0.030713,1.072575,-0.646144,-0.070925,-0.350789,-0.064215
2.3488,3.5670,0.000000,0.012000,-0.703000,0.000000,-0.525000,0.388000,-0.002000,0.001000,0.005000,-0.011000,-0.005000,-1.741000,0.030713,1.072575,-0.646144,-0.070925,-0.350789,-0.064215
2.3509,3.4710,0.000000,0.012000,-0.703000,0.000000,-0.525000,0.388000,0.000000,-0.003000,0.000000,0.009000,0.017000,-1.741000,0.022444,1.074938,-0.631969,-0.096802,-0.341205,-0.064215
2.3529,3.3770,0.000000,0.012000,-0.703000,0.000000,-0.525000,0.388000,0.000000,-0.003000,0.000000,0.009000,0.017000,-1.741000,0.022444,1.074938,-0.631969,-0.096802,-0.341205,-0.064215
2.3550,3.2820,0.000000,0.012000,-0.703000,0.000000,-0.525000,0.376000,0.000000,-0.003000,0.000000,0.009000,0.017000,-1.773000,0.022444,1.074938,-0.631969,-0.096802,-0.341205,-0.061340
2.3572,3.1870,0.000000,0.012000,-0.703000,0.000000,-0.525000,0.376000,0.000000,-0.003000,0.000000,0.009000,0.017000,-1.773000,0.022444,1.074938,-0.631969,-0.096802,-0.341205,-0.061340
2.3595,3.0820,0.000000,0.012000,-0.703000,0.000000,-0.525000,0.376000,0.003000,-0.001000,-0.003000,0.009000,0.017000,-1.773000,0.015356,1.060762,-0.648506,-0.096802,-0.341205,-0.061340
2.3616,2.9930,0.000000,0.012000,-0.703000,0.000000,-0.525000,0.364000,0.003000,-0.001000,-0.003000,-0.021000,0.009000,-1.712000,0.015356,1.060762,-0.648506,-0.068049,-0.340246,-0.115013
2.3640,2.8930,0.000000,0.012000,-0.703000,0.000000,-0.525000,0.364000,0.003000,-0.001000,-0.003000,-0.021000,0.009000,-1.712000,0.015356,1.060762,-0.648506,-0.068049,-0.340246,-0.115013
2.3660,2.8070,0.000000,0.012000,-0.703000,0.000000,-0.525000,0.364000,-0.012000,0.000000,0.001000,0.003000,-0.007000,-1.712000,0.044887,1.084387,-0.636694,-0.078592,-0.342163,-0.115013
2.3684,2.7090,0.000000,0.012000,-0.703000,0.000000,-0.525000,0.364000,-0.012000,0.000000,0.001000,0.003000,-0.007000,-1.712000,0.044887,1.084387,-0.636694,-0.078592,-0.342163,-0.115013
2.3705,2.6260,0.000000,0.012000,-0.703000,0.000000,-0.525000,0.352000,-0.002000,0.000000,0.001000,0.003000,-0.015000,-1.718000,0.049612,1.084387,-0.636694,-0.078592,-0.333537,-0.088176
2.3725,2.5430,0.000000,0.012000,-0.703000,0.000000,-0.525000,0.352000,-0.002000,0.000000,0.001000,0.003000,-0.015000,-1.718000,0.049612,1.084387,-0.636694,-0.078592,-0.333537,-0.088176
2.3748,2.4530,0.000000,0.012000,-0.703000,0.000000,-0.525000,0.352000,-0.002000,-0.001000,0.005000,-0.009000,-0.015000,-1.718000,0.049612,1.066669,-0.631969,-0.072841,-0.333537,-0.088176
2.3769,2.3740,0.000000,0.012000,-0.703000,0.000000,-0.525000,0.340000,-0.002000,-0.001000,0.005000,-0.009000,-0.015000,-1.712000,0.049612,1.066669,-0.631969,-0.072841,-0.333537,-0.086260
2.3790,2.2940,0.000000,0.012000,-0.703000,0.000000,-0.525000,0.340000,0.000000,0.001000,0.003000,0.007000,0.009000,-1.712000,0.033075,1.074938,-0.640238,-0.078592,-0.345997,-0.086260
2.3811,2.2170,0.000000,0.012000,-0.703000,0.000000,-0.525000,0.328000,0.000000,0.001000,0.003000,0.007000,0.009000,-1.681000,0.033075,1.074938,-0.640238,-0.078592,-0.345997,-0.074758
2.3832,2.1400,0.000000,0.012000,-0.703000,0.000000,-0.525000,0.328000,0.000000,0.001000,0.003000,0.007000,0.009000,-1.681000,0.033075,1.074938,-0.640238,-0.078592,-0.345997,-0.074758
2.3852,2.0660,0.000000,0.012000,-0.703000,0.000000,-0.525000,0.328000,0.000000,0.003000,-0.003000,-0.015000,-0.001000,-1.681000,0.038981,1.076119,-0.627244,-0.058465,-0.347914,-0.074758
2.3873,1.9920,0.000000,0.012000,-0.703000,0.000000,-0.525000,0.328000,0.000000,0.003000,-0.003000,-0.015000,-0.001000,-1.681000,0.038981,1.076119,-0.627244,-0.058465,-0.347914,-0.074758
2.3893,1.9210,0.000000,0.012000,-0.703000,0.000000,-0.525000,0.328000,0.000000,0.003000,-0.003000,-0.015000,-0.001000,-1.681000,0.038981,1.076119,-0.627244,-0.058465,-0.347914,-0.074758
2.3914,1.8500,0.000000,0.012000,-0.703000,0.000000,-0.525000,0.317000,0.000000,0.003000,-0.003000,-0.015000,-0.001000,-1.652000,0.038981,1.076119,-0.627244,-0.058465,-0.347914,-0.077634
2.3936,1.7770,0.000000,0.012000,-0.703000,0.000000,-0.525000,0.317000,-0.002000,-0.002000,-0.003000,-0.015000,-0.001000,-1.652000,0.033075,1.078481,-0.627244,-0.058465,-0.347914,-0.077634
2.3957,1.7090,0.000000,0.012000,-0.703000,0.000000,-0.525000,0.305000,-0.002000,-0.002000,0.000000,0.013000,-0.032000,-1.618000,0.033075,1.078481,-0.660319,-0.108304,-0.340246,-0.069008
2.3977,1.6420,0.000000,0.012000,-0.703000,0.000000,-0.525000,0.305000,-0.002000,-0.002000,0.000000,0.013000,-0.032000,-1.618000,0.033075,1.078481,-0.660319,-0.108304,-0.340246,-0.069008
2.3998,1.5770,0.000000,0.012000,-0.703000,0.000000,-0.525000,0.305000,0.004000,-0.001000,0.001000,0.009000,-0.003000,-1.618000,0.024806,1.077300,-0.614250,-0.086260,-0.355581,-0.069008
2.4018,1.5130,0.000000,0.012000,-0.703000,0.000000,-0.525000,0.305000,0.004000,-0.001000,0.001000,0.009000,-0.003000,-1.618000,0.024806,1.077300,-0.614250,-0.086260,-0.355581,-0.069008
2.4040,1.4470,0.000000,0.012000,-0.703000,0.000000,-0.525000,0.305000,0.004000,-0.001000,0.001000,0.009000,-0.003000,-1.618000,0.024806,1.077300,-0.614250,-0.086260,-0.355581,-0.069008
2.4061,1.3850,0.000000,0.012000,-0.703000,0.000000,-0.525000,0.294000,-0.003000,-0.001000,0.001000,0.009000,-0.011000,-1.601000,0.025987,1.077300,-0.614250,-0.086260,-0.342163,-0.086260
2.4082,1.3240,0.000000,0.012000,-0.703000,0.000000,-0.525000,0.294000,-0.003000,-0.001000,0.001000,0.009000,-0.011000,-1.601000,0.025987,1.077300,-0.614250,-0.086260,-0.342163,-0.086260
2.4103,1.2650,0.000000,0.012000,-0.703000,0.000000,-0.525000,0.283000,-0.003000,0.000000,-0.004000,-0.011000,-0.011000,-1.649000,0.025987,1.063125,-0.629606,-0.070925,-0.342163,-0.101595
2.4124,1.2070,0.000000,0.012000,-0.703000,0.000000,-0.525000,0.283000,-0.003000,0.000000,-0.004000,-0.011000,-0.011000,-1.649000,0.025987,1.063125,-0.629606,-0.070925,-0.342163,-0.101595
2.4145,1.1510,0.000000,0.012000,-0.703000,0.000000,-0.525000,0.283000,-0.004000,0.002000,-0.001000,0.011000,-0.011000,-1.649000,0.029531,1.074938,-0.634331,-0.095844,-0.342163,-0.101595
2.4165,1.0960,0.000000,0.012000,-0.703000,0.000000,-0.525000,0.272000,-0.004000,0.002000,-0.001000,0.011000,-0.009000,-1.591000,0.029531,1.074938,-0.634331,-0.095844,-0.339288,-0.089135
2.4188,1.0370,0.000000,0.012000,-0.703000,0.000000,-0.525000,0.272000,-0.004000,0.002000,-0.001000,0.011000,-0.009000,-1.591000,0.029531,1.074938,-0.634331,-0.095844,-0.339288,-0.089135
2.4209,0.9850,0.000000,0.012000,-0.703000,0.000000,-0.525000,0.272000,-0.008000,0.000000,0.005000,-0.034000,0.003000,-1.591000,0.035438,1.080844,-0.654412,-0.054631,-0.346955,-0.089135
2.4230,0.9330,0.000000,0.012000,-0.703000,0.000000,-0.525000,0.272000,-0.008000,0.000000,0.005000,-0.034000,0.003000,-1.591000,0.035438,1.080844,-0.654412,-0.054631,-0.346955,-0.089135
2.4251,0.8830,0.000000,0.012000,-0.703000,0.000000,-0.525000,0.261000,-0.008000,0.000000,0.005000,-0.034000,0.009000,-1.512000,0.035438,1.080844,-0.654412,-0.054631,-0.336412,-0.098719
2.4272,0.8350,0.000000,0.012000,-0.703000,0.000000,-0.525000,0.261000,-0.008000,0.000000,0.005000,-0.034000,0.009000,-1.512000,0.035438,1.080844,-0.654412,-0.054631,-0.336412,-0.098719
2.4294,0.7860,0.000000,0.012000,-0.703000,0.000000,-0.525000,0.261000,-0.001000,0.000000,0.000000,0.007000,0.009000,-1.512000,0.021263,1.066669,-0.629606,-0.075717,-0.336412,-0.098719
2.4314,0.7400,0.000000,0.012000,-0.703000,0.000000,-0.525000,0.250000,-0.001000,0.000000,0.000000,0.007000,0.009000,-1.495000,0.021263,1.066669,-0.629606,-0.075717,-0.336412,-0.149517
2.4336,0.6930,0.000000,0.012000,-0.703000,0.000000,-0.525000,0.250000,0.005000,0.000000,0.000000,0.007000,0.009000,-1.495000,0.007087,1.066669,-0.629606,-0.075717,-0.336412,-0.149517
2.4357,0.6510,0.000000,0.012000,-0.703000,0.000000,-0.525000,0.250000,0.005000,0.002000,0.001000,-0.042000,0.015000,-1.495000,0.007087,1.072575,-0.616613,-0.062299,-0.320119,-0.149517
2.4377,0.6100,0.000000,0.012000,-0.703000,0.000000,-0.525000,0.250000,0.005000,0.002000,0.001000,-0.042000,0.015000,-1.495000,0.007087,1.072575,-0.616613,-0.062299,-0.320119,-0.149517
2.4399,0.5690,0.000000,0.012000,-0.703000,0.000000,-0.525000,0.240000,0.000000,0.002000,0.001000,-0.042000,0.007000,-1.388000,0.009450,1.072575,-0.616613,-0.062299,-0.344080,-0.129389
2.4419,0.5310,0.000000,0.012000,-0.703000,0.000000,-0.525000,0.240000,0.000000,0.002000,0.001000,-0.042000,0.007000,-1.388000,0.009450,1.072575,-0.616613,-0.062299,-0.344080,-0.129389
2.4441,0.4920,0.000000,0.012000,-0.703000,0.000000,-0.525000,0.240000,0.000000,0.002000,0.001000,-0.042000,0.007000,-1.388000,0.009450,1.072575,-0.616613,-0.062299,-0.344080,-0.129389
2.4462,0.4570,0.000000,0.012000,-0.703000,0.000000,-0.525000,0.230000,0.000000,0.000000,0.002000,0.047000,0.007000,-1.524000,0.009450,1.074938,-0.634331,-0.094886,-0.344080,-0.117888
2.4482,0.4220,0.000000,0.012000,-0.703000,0.000000,-0.525000,0.230000,0.000000,0.000000,0.002000,0.047000,0.007000,-1.524000,0.009450,1.074938,-0.634331,-0.094886,-0.344080,-0.117888
2.4503,0.3900,0.000000,0.012000,-0.703000,0.000000,-0.525000,0.219000,-0.005000,0.000000,0.003000,-0.047000,0.001000,-1.413000,0.031894,1.072575,-0.631969,-0.063257,-0.330662,-0.069008
2.4524,0.3570,0.000000,0.012000,-0.703000,0.000000,-0.525000,0.219000,-0.005000,0.000000,0.003000,-0.047000,0.001000,-1.413000,0.031894,1.072575,-0.631969,-0.063257,-0.330662,-0.069008
2.4545,0.3270,0.000000,0.012000,-0.703000,0.000000,-0.525000,0.219000,-0.003000,-0.001000,0.002000,0.005000,-0.017000,-1.413000,0.022444,1.092656,-0.641419,-0.076675,-0.331620,-0.069008
2.4565,0.2980,0.000000,0.012000,-0.703000,0.000000,-0.525000,0.219000,-0.003000,-0.001000,0.002000,0.005000,-0.017000,-1.413000,0.022444,1.092656,-0.641419,-0.076675,-0.331620,-0.069008
2.4586,0.2700,0.000000,0.012000,-0.703000,0.000000,-0.525000,0.219000,-0.003000,-0.001000,0.002000,0.005000,-0.017000,-1.413000,0.022444,1.092656,-0.641419,-0.076675,-0.331620,-0.069008
2.4606,0.2440,0.000000,0.012000,-0.703000,0.000000,-0.525000,0.209000,-0.003000,-0.001000,0.002000,0.005000,0.007000,-1.428000,0.022444,1.092656,-0.641419,-0.076675,-0.326828,-0.067091
2.4627,0.2190,0.000000,0.012000,-0.703000,0.000000,-0.525000,0.209000,-0.003000,-0.001000,0.002000,0.005000,0.007000,-1.428000,0.022444,1.092656,-0.641419,-0.076675,-0.326828,-0.067091
2.4648,0.1950,0.000000,0.012000,-0.703000,0.000000,-0.525000,0.199000,-0.001000,0.000000,-0.001000,-0.003000,0.007000,-1.422000,0.033075,1.082025,-0.643781,-0.069008,-0.326828,-0.081467
2.4668,0.1730,0.000000,0.012000,-0.703000,0.000000,-0.525000,0.199000,-0.001000,0.000000,-0.001000,-0.003000,0.007000,-1.422000,0.033075,1.082025,-0.643781,-0.069008,-0.326828,-0.081467
2.4689,0.1520,0.000000,0.012000,-0.703000,0.000000,-0.525000,0.199000,0.000000,0.000000,0.001000,-0.003000,0.007000,-1.422000,0.027169,1.077300,-0.633150,-0.069008,-0.326828,-0.081467
2.4710,0.1330,0.000000,0.012000,-0.703000,0.000000,-0.525000,0.199000,0.000000,0.000000,0.001000,0.003000,-0.013000,-1.422000,0.027169,1.077300,-0.633150,-0.071883,-0.335454,-0.081467
2.4731,0.1130,0.000000,0.012000,-0.703000,0.000000,-0.525000,0.199000,0.000000,0.000000,0.001000,0.003000,-0.013000,-1.422000,0.027169,1.077300,-0.633150,-0.071883,-0.335454,-0.081467
2.4752,0.0970,0.000000,0.012000,-0.703000,0.000000,-0.525000,0.190000,0.000000,0.000000,0.001000,0.003000,0.001000,-1.349000,0.034256,1.077300,-0.633150,-0.071883,-0.339288,-0.089135
2.4772,0.0810,0.000000,0.012000,-0.703000,0.000000,-0.525000,0.190000,0.000000,0.000000,0.001000,0.003000,0.001000,-1.349000,0.034256,1.077300,-0.633150,-0.071883,-0.339288,-0.089135
2.4795,0.0660,0.000000,0.012000,-0.703000,0.000000,-0.525000,0.190000,0.000000,-0.001000,-0.002000,0.003000,0.001000,-1.349000,0.034256,1.065487,-0.647325,-0.071883,-0.339288,-0.089135
2.4816,0.0530,0.000000,0.012000,-0.703000,0.000000,-0.525000,0.181000,0.000000,-0.001000,-0.002000,0.000000,0.001000,-1.255000,0.034256,1.065487,-0.647325,-0.074758,-0.339288,-0.096802
2.4837,0.0410,0.000000,0.012000,-0.703000,0.000000,-0.525000,0.181000,-0.011000,0.001000,-0.002000,0.000000,0.001000,-1.255000,0.037800,1.076119,-0.647325,-0.074758,-0.339288,-0.096802
2.4858,0.0320,0.000000,0.012000,-0.703000,0.000000,-0.525000,0.171000,-0.011000,0.001000,0.005000,0.017000,0.019000,-1.361000,0.037800,1.076119,-0.646144,-0.089135,-0.328745,-0.062299
2.4878,0.0230,0.000000,0.012000,-0.703000,0.000000,-0.525000,0.171000,-0.011000,0.001000,0.005000,0.017000,0.019000,-1.361000,0.037800,1.076119,-0.646144,-0.089135,-0.328745,-0.062299
2.4899,0.0160,0.000000,0.012000,-0.703000,0.000000,-0.525000,0.171000,-0.005000,-0.003000,-0.004000,-0.015000,-0.005000,-1.361000,0.038981,1.091475,-0.639056,-0.069008,-0.337371,-0.062299
2.4919,0.0100,0.000000,0.012000,-0.703000,0.000000,-0.525000,0.171000,-0.005000,-0.003000,-0.004000,-0.015000,-0.005000,-1.361000,0.038981,1.091475,-0.639056,-0.069008,-0.337371,-0.062299
2.4940,0.0050,0.000000,0.012000,-0.703000,0.000000,-0.525000,0.171000,-0.005000,-0.003000,-0.004000,-0.015000,-0.005000,-1.361000,0.038981,1.091475,-0.639056,-0.069008,-0.337371,-0.062299
2.4961,0.0020,0.000000,0.012000,-0.703000,0.000000,-0.525000,0.162000,-0.005000,-0.003000,-0.004000,-0.015000,-0.017000,-1.313000,0.038981,1.091475,-0.639056,-0.069008,-0.321077,-0.069966
2.4982,0.0000,0.000000,0.012000,-0.703000,0.000000,-0.525000,0.162000,-0.005000,-0.003000,-0.004000,-0.015000,-0.017000,-1.313000,0.038981,1.091475,-0.639056,-0.069008,-0.321077,-0.069966
2.5002,0.0000,0.000000,0.012000,-0.703000,0.000000,-0.525000,0.154000,-0.002000,0.001000,0.002000,-0.023000,-0.017000,-1.221000,0.018900,1.079662,-0.626062,-0.060382,-0.321077,-0.092969
2.5023,0.0000,0.000000,0.012000,-0.703000,0.000000,-0.525000,0.154000,-0.002000,0.001000,0.002000,-0.023000,-0.017000,-1.221000,0.018900,1.079662,-0.626062,-0.060382,-0.321077,-0.092969
2.5044,0.0030,0.000000,0.012000,-0.703000,0.000000,-0.525000,0.154000,0.002000,-0.003000,0.004000,0.013000,-0.001000,-1.221000,0.029531,1.079662,-0.644962,-0.075717,-0.335454,-0.092969
2.5064,0.0060,0.000000,0.012000,-0.703000,0.000000,-0.525000,0.154000,0.002000,-0.003000,0.004000,0.013000,-0.001000,-1.221000,0.029531,1.079662,-0.644962,-0.075717,-0.335454,-0.092969
2.5086,0.0110,0.000000,0.012000,-0.703000,0.000000,-0.525000,0.154000,0.000000,-0.003000,0.004000,0.013000,-0.001000,-1.221000,0.024806,1.079662,-0.644962,-0.075717,-0.335454,-0.092969
2.5107,0.0170,0.000000,0.012000,-0.703000,0.000000,-0.525000,0.145000,0.000000,-0.003000,0.004000,0.013000,0.001000,-1.200000,0.024806,1.079662,-0.644962,-0.075717,-0.334496,-0.067091
2.5127,0.0250,0.000000,0.012000,-0.703000,0.000000,-0.525000,0.145000,0.000000,-0.003000,0.004000,0.013000,0.001000,-1.200000,0.024806,1.079662,-0.644962,-0.075717,-0.334496,-0.067091
2.5149,0.0340,0.000000,0.012000,-0.703000,0.000000,-0.525000,0.137000,0.000000,0.000000,0.005000,0.000000,0.001000,-1.208000,0.024806,1.071394,-0.643781,-0.074758,-0.334496,-0.086260
2.5169,0.0450,0.000000,0.012000,-0.703000,0.000000,-0.525000,0.137000,0.000000,0.000000,0.005000,0.000000,0.001000,-1.208000,0.024806,1.071394,-0.643781,-0.074758,-0.334496,-0.086260
2.5190,0.0560,0.000000,0.012000,-0.703000,0.000000,-0.525000,0.137000,-0.006000,0.000000,0.002000,0.000000,0.001000,-1.208000,0.048431,1.069031,-0.635512,-0.074758,-0.334496,-0.086260
2.5211,0.0700,0.000000,0.012000,-0.703000,0.000000,-0.525000,0.129000,-0.006000,0.000000,0.002000,-0.001000,-0.003000,-1.181000,0.048431,1.069031,-0.635512,-0.077634,-0.318202,-0.092969
2.5232,0.0840,0.000000,0.012000,-0.703000,0.000000,-0.525000,0.129000,-0.006000,0.000000,0.002000,-0.001000,-0.003000,-1.181000,0.048431,1.069031,-0.635512,-0.077634,-0.318202,-0.092969
2.5252,0.1000,0.000000,0.012000,-0.703000,0.000000,-0.525000,0.129000,0.002000,0.000000,0.000000,0.000000,-0.009000,-1.181000,0.024806,1.074938,-0.639056,-0.085301,-0.329703,-0.092969
2.5273,0.1170,0.000000,0.012000,-0.703000,0.000000,-0.525000,0.129000,0.002000,0.000000,0.000000,0.000000,-0.009000,-1.181000,0.024806,1.074938,-0.639056,-0.085301,-0.329703,-0.092969
2.5298,0.1390,0.000000,0.012000,-0.703000,0.000000,-0.525000,0.121000,0.002000,0.000000,0.000000,0.000000,-0.009000,-1.127000,0.024806,1.074938,-0.639056,-0.085301,-0.335454,-0.027795
2.5318,0.1600,0.000000,0.012000,-0.703000,0.000000,-0.525000,0.121000,0.002000,0.000000,0.000000,0.000000,-0.009000,-1.127000,0.024806,1.074938,-0.639056,-0.085301,-0.335454,-0.027795
2.5340,0.1820,0.000000,0.012000,-0.703000,0.000000,-0.525000,0.121000,-0.002000,-0.004000,0.000000,0.000000,-0.009000,-1.127000,0.036619,1.085569,-0.649687,-0.076675,-0.335454,-0.027795
2.5361,0.2050,0.000000,0.012000,-0.703000,0.000000,-0.525000,0.113000,-0.002000,-0.004000,0.000000,0.000000,-0.009000,-1.008000,0.036619,1.085569,-0.649687,-0.076675,-0.335454,-0.032587
2.5384,0.2330,0.000000,0.012000,-0.703000,0.000000,-0.525000,0.113000,-0.002000,-0.004000,0.000000,0.000000,-0.009000,-1.008000,0.036619,1.085569,-0.649687,-0.076675,-0.335454,-0.032587
2.5405,0.2580,0.000000,0.012000,-0.703000,0.000000,-0.525000,0.113000,-0.006000,0.001000,-0.002000,-0.007000,0.000000,-1.008000,0.042525,1.063125,-0.634331,-0.055590,-0.329703,-0.032587
2.5425,0.2850,0.000000,0.012000,-0.703000,0.000000,-0.525000,0.113000,-0.006000,0.001000,-0.002000,-0.007000,0.000000,-1.008000,0.042525,1.063125,-0.634331,-0.055590,-0.329703,-0.032587
2.5448,0.3150,0.000000,0.012000,-0.703000,0.000000,-0.525000,0.113000,0.000000,0.000000,-0.002000,-0.007000,-0.001000,-1.008000,0.025987,1.082025,-0.634331,-0.055590,-0.323953,-0.032587
2.5468,0.3450,0.000000,0.012000,-0.703000,0.000000,-0.525000,0.106000,0.000000,0.000000,-0.002000,-0.007000,-0.001000,-0.972000,0.025987,1.082025,-0.634331,-0.055590,-0.323953,-0.028753
2.5493,0.3830,0.000000,0.012000,-0.703000,0.000000,-0.525000,0.099000,0.000000,0.000000,-0.001000,0.009000,-0.001000,-1.016000,0.025987,1.082025,-0.650869,-0.058465,-0.323953,-0.037379
2.5514,0.4160,0.000000,0.012000,-0.703000,0.000000,-0.525000,0.099000,0.000000,0.000000,-0.001000,0.009000,-0.001000,-1.016000,0.025987,1.082025,-0.650869,-0.058465,-0.323953,-0.037379
2.5535,0.4520,0.000000,0.012000,-0.703000,0.000000,-0.525000,0.092000,-0.003000,0.001000,0.002000,-0.023000,-0.011000,-1.037000,0.035438,1.071394,-0.643781,-0.050797,-0.334496,-0.148558
2.5556,0.4870,0.000000,0.012000,-0.703000,0.000000,-0.525000,0.092000,-0.003000,0.001000,0.002000,-0.023000,-0.011000,-1.037000,0.035438,1.071394,-0.643781,-0.050797,-0.334496,-0.148558
2.5577,0.5240,0.000000,0.012000,-0.703000,0.000000,-0.525000,0.092000,-0.003000,0.001000,0.002000,-0.023000,-0.011000,-1.037000,0.035438,1.071394,-0.643781,-0.050797,-0.334496,-0.148558
2.5597,0.5620,0.000000,0.012000,-0.703000,0.000000,-0.525000,0.092000,-0.004000,0.000000,0.002000,0.015000,-0.028000,-1.037000,0.024806,1.090294,-0.624881,-0.040254,-0.322036,-0.148558
2.5618,0.6010,0.000000,0.012000,-0.703000,0.000000,-0.525000,0.092000,-0.004000,0.000000,0.002000,0.015000,-0.028000,-1.037000,0.024806,1.090294,-0.624881,-0.040254,-0.322036,-0.148558
2.5639,0.6430,0.000000,0.012000,-0.703000,0.000000,-0.525000,0.092000,-0.004000,0.000000,0.002000,0.015000,-0.028000,-1.037000,0.024806,1.090294,-0.624881,-0.040254,-0.322036,-0.148558
2.5660,0.6850,0.000000,0.012000,-0.703000,0.000000,-0.525000,0.086000,-0.004000,0.000000,0.002000,0.015000,0.015000,-0.849000,0.024806,1.090294,-0.624881,-0.040254,-0.325870,-0.149517
2.5682,0.7320,0.000000,0.012000,-0.703000,0.000000,-0.525000,0.086000,-0.004000,0.000000,0.002000,0.015000,0.015000,-0.849000,0.024806,1.090294,-0.624881,-0.040254,-0.325870,-0.149517
2.5703,0.7770,0.000000,0.012000,-0.703000,0.000000,-0.525000,0.080000,0.008000,0.000000,0.000000,0.051000,0.015000,-0.874000,0.014175,1.073756,-0.633150,-0.084343,-0.325870,-0.115971
2.5723,0.8240,0.000000,0.012000,-0.703000,0.000000,-0.525000,0.080000,0.008000,0.000000,0.000000,0.051000,0.015000,-0.874000,0.014175,1.073756,-0.633150,-0.084343,-0.325870,-0.115971
2.5745,0.8730,0.000000,0.012000,-0.703000,0.000000,-0.525000,0.080000,0.004000,-0.002000,-0.004000,-0.011000,0.011000,-0.874000,0.008269,1.070212,-0.624881,-0.069008,-0.333537,-0.115971
2.5765,0.9220,0.000000,0.012000,-0.703000,0.000000,-0.525000,0.073000,0.004000,-0.002000,-0.004000,-0.011000,0.011000,-0.929000,0.008269,1.070212,-0.624881,-0.069008,-0.333537,0.000958
2.5787,0.9760,0.000000,0.012000,-0.703000,0.000000,-0.525000,0.073000,0.004000,-0.002000,-0.004000,-0.011000,0.011000,-0.929000,0.008269,1.070212,-0.624881,-0.069008,-0.333537,0.000958
2.5808,1.0270,0.000000,0.012000,-0.703000,0.000000,-0.525000,0.073000,0.004000,0.000000,-0.004000,-0.011000,-0.001000,-0.929000,0.021263,1.092656,-0.624881,-0.069008,-0.325870,0.000958
2.5829,1.0800,0.000000,0.012000,-0.703000,0.000000,-0.525000,0.073000,0.004000,0.000000,-0.004000,-0.011000,-0.001000,-0.929000,0.021263,1.092656,-0.624881,-0.069008,-0.325870,0.000958
2.5849,1.1350,0.000000,0.012000,-0.703000,0.000000,-0.525000,0.068000,0.004000,0.000000,0.007000,0.023000,-0.001000,-0.795000,0.021263,1.092656,-0.631969,-0.061340,-0.325870,-0.095844
2.5870,1.1900,0.000000,0.012000,-0.703000,0.000000,-0.525000,0.068000,0.004000,0.000000,0.007000,0.023000,-0.001000,-0.795000,0.021263,1.092656,-0.631969,-0.061340,-0.325870,-0.095844
2.5891,1.2480,0.000000,0.012000,-0.703000,0.000000,-0.525000,0.068000,0.000000,0.000000,0.003000,0.023000,-0.001000,-0.795000,0.043706,1.073756,-0.636694,-0.061340,-0.325870,-0.095844
2.5912,1.3060,0.000000,0.012000,-0.703000,0.000000,-0.525000,0.062000,0.000000,0.000000,0.003000,-0.015000,0.007000,-0.845000,0.043706,1.073756,-0.636694,-0.045047,-0.325870,-0.090093
2.5934,1.3690,0.000000,0.012000,-0.703000,0.000000,-0.525000,0.062000,0.000000,0.000000,0.003000,-0.015000,0.007000,-0.845000,0.043706,1.073756,-0.636694,-0.045047,-0.325870,-0.090093
2.5954,1.4300,0.000000,0.012000,-0.703000,0.000000,-0.525000,0.062000,-0.015000,-0.002000,0.005000,0.005000,0.005000,-0.845000,0.059062,1.078481,-0.636694,-0.067091,-0.318202,-0.090093
2.5975,1.4920,0.000000,0.012000,-0.703000,0.000000,-0.525000,0.062000,-0.015000,-0.002000,0.005000,0.005000,0.005000,-0.845000,0.059062,1.078481,-0.636694,-0.067091,-0.318202,-0.090093
2.5998,1.5660,0.000000,0.012000,-0.703000,0.000000,-0.525000,0.057000,-0.015000,-0.002000,0.005000,0.005000,0.005000,-0.755000,0.059062,1.078481,-0.636694,-0.067091,-0.325870,-0.109262
2.6019,1.6310,0.000000,0.012000,-0.703000,0.000000,-0.525000,0.057000,-0.015000,-0.002000,0.005000,0.005000,0.005000,-0.755000,0.059062,1.078481,-0.636694,-0.067091,-0.325870,-0.109262
2.6040,1.6970,0.000000,0.012000,-0.703000,0.000000,-0.525000,0.057000,-0.009000,0.000000,0.000000,0.017000,0.005000,-0.755000,0.053156,1.078481,-0.633150,-0.062299,-0.325870,-0.109262
2.6060,1.7650,0.000000,0.012000,-0.703000,0.000000,-0.525000,0.052000,-0.009000,0.000000,0.000000,0.017000,0.005000,-0.671000,0.053156,1.078481,-0.633150,-0.062299,-0.325870,-0.124597
2.6082,1.8380,0.000000,0.012000,-0.703000,0.000000,-0.525000,0.052000,-0.009000,0.000000,0.000000,0.017000,0.005000,-0.671000,0.053156,1.078481,-0.633150,-0.062299,-0.325870,-0.124597
2.6103,1.9080,0.000000,0.012000,-0.703000,0.000000,-0.525000,0.047000,-0.002000,0.003000,0.011000,0.017000,0.009000,-0.630000,0.040162,1.086750,-0.640238,-0.057506,-0.325870,-0.136098
2.6123,1.9790,0.000000,0.012000,-0.703000,0.000000,-0.525000,0.047000,-0.002000,0.003000,0.011000,0.017000,0.009000,-0.630000,0.040162,1.086750,-0.640238,-0.057506,-0.325870,-0.136098
2.6146,2.0590,0.000000,0.012000,-0.703000,0.000000,-0.525000,0.047000,0.004000,0.002000,0.011000,0.017000,0.009000,-0.630000,0.017719,1.064306,-0.640238,-0.057506,-0.325870,-0.136098
2.6167,2.1340,0.000000,0.012000,-0.703000,0.000000,-0.525000,0.047000,0.004000,0.002000,0.011000,0.017000,0.003000,-0.630000,0.017719,1.064306,-0.640238,-0.057506,-0.332579,-0.136098
2.6188,2.2130,0.000000,0.012000,-0.703000,0.000000,-0.525000,0.047000,0.004000,0.002000,0.011000,0.017000,0.003000,-0.630000,0.017719,1.064306,-0.640238,-0.057506,-0.332579,-0.136098
2.6209,2.2900,0.000000,0.012000,-0.703000,0.000000,-0.525000,0.042000,0.004000,0.002000,0.000000,-0.005000,0.003000,-0.533000,0.017719,1.064306,-0.644962,-0.045047,-0.332579,-0.142808
2.6235,2.3890,0.000000,0.012000,-0.703000,0.000000,-0.525000,0.042000,0.004000,0.002000,0.000000,-0.005000,0.003000,-0.533000,0.017719,1.064306,-0.644962,-0.045047,-0.332579,-0.142808
2.6256,2.4680,0.000000,0.012000,-0.703000,0.000000,-0.525000,0.038000,0.008000,0.000000,0.000000,-0.007000,-0.007000,-0.496000,0.021263,1.087931,-0.635512,-0.062299,-0.321077,-0.078592
2.6276,2.5500,0.000000,0.012000,-0.703000,0.000000,-0.525000,0.038000,0.008000,0.000000,0.000000,-0.007000,-0.007000,-0.496000,0.021263,1.087931,-0.635512,-0.062299,-0.321077,-0.078592
2.6297,2.6340,0.000000,0.012000,-0.703000,0.000000,-0.524000,0.038000,0.002000,0.000000,0.000000,0.003000,0.038000,-0.496000,0.027169,1.073756,-0.623700,-0.058465,-0.327786,-0.078592
2.6318,2.7180,0.000000,0.012000,-0.703000,0.000000,-0.524000,0.038000,0.002000,0.000000,0.000000,0.003000,0.038000,-0.496000,0.027169,1.073756,-0.623700,-0.058465,-0.327786,-0.078592
2.6340,2.8070,0.000000,0.012000,-0.703000,0.000000,-0.524000,0.038000,0.002000,0.000000,0.000000,0.003000,0.038000,-0.496000,0.027169,1.073756,-0.623700,-0.058465,-0.327786,-0.078592
2.6360,2.8940,0.000000,0.012000,-0.703000,0.000000,-0.525000,0.033000,0.002000,0.000000,0.000000,0.003000,0.001000,-0.613000,0.027169,1.073756,-0.623700,-0.058465,-0.309576,-0.052714
2.6383,2.9910,0.000000,0.012000,-0.703000,0.000000,-0.525000,0.033000,0.002000,0.000000,0.000000,0.003000,0.001000,-0.613000,0.027169,1.073756,-0.623700,-0.058465,-0.309576,-0.052714
2.6405,3.0830,0.000000,0.012000,-0.703000,0.000000,-0.525000,0.030000,0.000000,0.000000,-0.002000,-0.007000,0.001000,-0.433000,0.029531,1.082025,-0.642600,-0.058465,-0.309576,-0.043130
2.6425,3.1740,0.000000,0.012000,-0.703000,0.000000,-0.525000,0.030000,0.000000,0.000000,-0.002000,-0.007000,0.001000,-0.433000,0.029531,1.082025,-0.642600,-0.058465,-0.309576,-0.043130
2.6451,3.2860,0.000000,0.012000,-0.703000,0.000000,-0.525000,0.026000,-0.001000,-0.003000,-0.001000,0.011000,0.044000,-0.642000,0.027169,1.069031,-0.642600,-0.065174,-0.316285,-0.054631
2.6471,3.3800,0.000000,0.012000,-0.703000,0.000000,-0.525000,0.026000,-0.001000,-0.003000,-0.001000,0.011000,0.044000,-0.642000,0.027169,1.069031,-0.642600,-0.065174,-0.316285,-0.054631
2.6492,3.4740,0.000000,0.012000,-0.703000,0.000000,-0.525000,0.026000,0.003000,0.001000,-0.001000,0.011000,0.044000,-0.642000,0.029531,1.073756,-0.642600,-0.065174,-0.316285,-0.054631
2.6513,3.5690,0.000000,0.012000,-0.703000,0.000000,-0.525000,0.026000,0.003000,0.001000,-0.001000,0.011000,-0.024000,-0.642000,0.029531,1.073756,-0.642600,-0.065174,-0.317244,-0.054631
2.6536,3.6790,0.000000,0.012000,-0.703000,0.000000,-0.525000,0.026000,0.003000,0.001000,-0.001000,0.011000,-0.024000,-0.642000,0.029531,1.073756,-0.642600,-0.065174,-0.317244,-0.054631
2.6557,3.7780,0.000000,0.012000,-0.703000,0.000000,-0.525000,0.022000,0.003000,0.001000,0.004000,0.003000,-0.024000,-0.371000,0.029531,1.073756,-0.631969,-0.122680,-0.317244,0.006709
2.6577,3.8770,0.000000,0.012000,-0.703000,0.000000,-0.525000,0.022000,0.003000,0.001000,0.004000,0.003000,-0.024000,-0.371000,0.029531,1.073756,-0.631969,-0.122680,-0.317244,0.006709
2.6599,3.9810,0.000000,0.012000,-0.703000,0.000000,-0.525000,0.019000,-0.005000,0.000000,-0.009000,0.011000,0.001000,-0.381000,0.036619,1.082025,-0.623700,-0.107345,-0.326828,-0.108304
2.6619,4.0840,0.000000,0.012000,-0.703000,0.000000,-0.525000,0.019000,-0.005000,0.000000,-0.009000,0.011000,0.001000,-0.381000,0.036619,1.082025,-0.623700,-0.107345,-0.326828,-0.108304
2.6640,4.1890,0.000000,0.012000,-0.703000,0.000000,-0.525000,0.019000,-0.003000,-0.002000,-0.001000,0.011000,0.001000,-0.381000,0.031894,1.083206,-0.636694,-0.107345,-0.326828,-0.108304
2.6661,4.2940,0.000000,0.012000,-0.703000,0.000000,-0.525000,0.019000,-0.003000,-0.002000,-0.001000,-0.005000,-0.017000,-0.381000,0.031894,1.083206,-0.636694,-0.080509,-0.317244,-0.108304
2.6683,4.4070,0.000000,0.012000,-0.703000,0.000000,-0.525000,0.019000,-0.003000,-0.002000,-0.001000,-0.005000,-0.017000,-0.381000,0.031894,1.083206,-0.636694,-0.080509,-0.317244,-0.108304
2.6704,4.5140,0.000000,0.012000,-0.703000,0.000000,-0.525000,0.016000,-0.003000,-0.002000,-0.001000,-0.005000,-0.005000,-0.408000,0.031894,1.083206,-0.636694,-0.080509,-0.314368,-0.085301
2.6724,4.6220,0.000000,0.012000,-0.703000,0.000000,-0.525000,0.016000,-0.003000,-0.002000,-0.001000,-0.005000,-0.005000,-0.408000,0.031894,1.083206,-0.636694,-0.080509,-0.314368,-0.085301
2.6749,4.7540,0.000000,0.012000,-0.703000,0.000000,-0.525000,0.014000,-0.003000,-0.002000,0.000000,-0.005000,-0.005000,-0.325000,0.018900,1.086750,-0.646144,-0.072841,-0.314368,-0.067091
2.6770,4.8650,0.000000,0.012000,-0.703000,0.000000,-0.525000,0.014000,-0.003000,-0.002000,0.000000,-0.005000,-0.005000,-0.325000,0.018900,1.086750,-0.646144,-0.072841,-0.314368,-0.067091
2.6791,4.9800,0.000000,0.012000,-0.703000,0.000000,-0.525000,0.014000,0.001000,0.000000,0.003000,-0.019000,-0.005000,-0.325000,0.011813,1.074938,-0.643781,-0.066132,-0.314368,-0.067091
2.6812,5.0930,0.000000,0.012000,-0.703000,0.000000,-0.525000,0.011000,0.001000,0.000000,0.003000,-0.019000,-0.024000,-0.134000,0.011813,1.074938,-0.643781,-0.066132,-0.308618,-0.093927
2.6833,5.2130,0.000000,0.012000,-0.703000,0.000000,-0.525000,0.011000,0.001000,0.000000,0.003000,-0.019000,-0.024000,-0.134000,0.011813,1.074938,-0.643781,-0.066132,-0.308618,-0.093927
2.6854,5.3290,0.000000,0.012000,-0.703000,0.000000,-0.525000,0.011000,-0.007000,0.000000,0.003000,-0.019000,0.000000,-0.134000,0.021263,1.071394,-0.643781,-0.066132,-0.318202,-0.093927
2.6875,5.4470,0.000000,0.012000,-0.703000,0.000000,-0.525000,0.011000,-0.007000,0.000000,0.003000,-0.019000,0.000000,-0.134000,0.021263,1.071394,-0.643781,-0.066132,-0.318202,-0.093927
2.6896,5.5680,0.000000,0.012000,-0.703000,0.000000,-0.525000,0.011000,-0.007000,0.000000,0.002000,-0.019000,0.000000,-0.134000,0.021263,1.071394,-0.655594,-0.066132,-0.318202,-0.093927
2.6916,5.6880,0.000000,0.012000,-0.703000,0.000000,-0.525000,0.009000,-0.007000,0.000000,0.002000,0.019000,0.000000,-0.082000,0.021263,1.071394,-0.655594,-0.081467,-0.318202,-0.132265
2.6938,5.8130,0.000000,0.012000,-0.703000,0.000000,-0.525000,0.009000,-0.007000,0.000000,0.002000,0.019000,0.000000,-0.082000,0.021263,1.071394,-0.655594,-0.081467,-0.318202,-0.132265
2.6959,5.9360,0.000000,0.012000,-0.703000,0.000000,-0.525000,0.006000,-0.008000,0.002000,0.004000,-0.040000,-0.001000,-0.251000,0.029531,1.092656,-0.637875,-0.065174,-0.318202,0.009584
2.6979,6.0590,0.000000,0.012000,-0.703000,0.000000,-0.525000,0.006000,-0.008000,0.002000,0.004000,-0.040000,-0.001000,-0.251000,0.029531,1.092656,-0.637875,-0.065174,-0.318202,0.009584
2.7002,6.1940,0.000000,0.012000,-0.703000,0.000000,-0.525000,0.006000,-0.002000,0.000000,0.002000,-0.057000,-0.005000,-0.251000,0.034256,1.077300,-0.635512,-0.051756,-0.321077,0.009584
2.7022,6.3190,0.000000,0.012000,-0.703000,0.000000,-0.525000,0.006000,-0.002000,0.000000,0.002000,-0.057000,-0.005000,-0.251000,0.034256,1.077300,-0.635512,-0.051756,-0.321077,0.009584
2.7043,6.4480,0.000000,0.012000,-0.703000,0.000000,-0.525000,0.006000,-0.002000,0.000000,0.002000,-0.057000,0.011000,-0.251000,0.034256,1.077300,-0.635512,-0.051756,-0.314368,0.009584
2.7064,6.5770,0.000000,0.012000,-0.703000,0.000000,-0.525000,0.004000,-0.002000,0.000000,0.002000,-0.057000,0.011000,-0.596000,0.034256,1.077300,-0.635512,-0.051756,-0.314368,0.031629
2.7084,6.7050,0.000000,0.012000,-0.703000,0.000000,-0.525000,0.004000,-0.002000,0.000000,0.002000,-0.057000,0.011000,-0.596000,0.034256,1.077300,-0.635512,-0.051756,-0.314368,0.031629
2.7105,6.8360,0.000000,0.012000,-0.703000,0.000000,-0.525000,0.004000,0.005000,0.000000,0.008000,-0.015000,0.011000,-0.005000,0.021263,1.079662,-0.631969,-0.061340,-0.314368,-0.218524
2.7126,6.9670,0.000000,0.012000,-0.703000,0.000000,-0.525000,0.004000,0.005000,0.000000,0.008000,-0.015000,0.011000,-0.005000,0.021263,1.079662,-0.631969,-0.061340,-0.314368,-0.218524
2.7146,7.1000,0.000000,0.012000,-0.703000,0.000000,-0.525000,0.004000,0.003000,0.003000,0.000000,0.111000,-0.017000,-0.005000,0.038981,1.073756,-0.641419,-0.118847,-0.325870,-0.218524
2.7167,7.2310,0.000000,0.012000,-0.703000,0.000000,-0.525000,0.002000,0.003000,0.003000,0.000000,0.111000,-0.017000,-0.462000,0.038981,1.073756,-0.641419,-0.118847,-0.325870,0.078592
2.7191,7.3890,0.000000,0.012000,-0.703000,0.000000,-0.525000,0.002000,-0.012000,0.000000,0.000000,0.111000,-0.017000,-0.462000,0.050794,1.070212,-0.641419,-0.118847,-0.325870,0.078592
2.7211,7.5250,0.000000,0.012000,-0.703000,0.000000,-0.524000,0.002000,-0.012000,0.000000,0.000000,0.111000,0.017000,-0.462000,0.050794,1.070212,-0.641419,-0.118847,-0.317244,0.078592
2.7232,7.6650,0.000000,0.012000,-0.703000,0.000000,-0.524000,0.002000,-0.012000,0.000000,0.000000,0.111000,0.017000,-0.462000,0.050794,1.070212,-0.641419,-0.118847,-0.317244,0.078592
2.7253,7.8040,0.000000,0.012000,-0.703000,0.000000,-0.524000,0.002000,-0.012000,0.000000,-0.001000,-0.145000,0.017000,-0.038000,0.050794,1.070212,-0.642600,0.001917,-0.317244,-0.196480
2.7274,7.9430,0.000000,0.012000,-0.703000,0.000000,-0.524000,0.002000,-0.012000,0.000000,-0.001000,-0.145000,0.017000,-0.038000,0.050794,1.070212,-0.642600,0.001917,-0.317244,-0.196480
2.7295,8.0860,0.000000,0.012000,-0.703000,0.000000,-0.524000,0.002000,0.000000,0.001000,0.000000,0.109000,0.024000,-0.038000,0.015356,1.080844,-0.627244,-0.131306,-0.326828,-0.196480
2.7315,8.2290,0.000000,0.012000,-0.703000,0.000000,-0.524000,0.000000,0.000000,0.001000,0.000000,0.109000,0.024000,-0.184000,0.015356,1.080844,-0.627244,-0.131306,-0.326828,-0.040254
2.7338,8.3830,0.000000,0.012000,-0.703000,0.000000,-0.524000,0.000000,0.000000,0.001000,0.000000,0.109000,0.024000,-0.184000,0.015356,1.080844,-0.627244,-0.131306,-0.326828,-0.040254
2.7358,8.5280,0.000000,0.012000,-0.703000,0.000000,-0.525000,0.000000,0.008000,0.002000,0.000000,-0.063000,0.009000,-0.184000,0.010631,1.077300,-0.626062,-0.042171,-0.313410,-0.040254
2.7379,8.6740,0.000000,0.012000,-0.703000,0.000000,-0.525000,0.000000,0.008000,0.002000,0.000000,-0.063000,0.009000,-0.184000,0.010631,1.077300,-0.626062,-0.042171,-0.313410,-0.040254
2.7400,8.8260,0.000000,0.012000,-0.703000,0.000000,-0.525000,0.000000,0.008000,0.002000,0.000000,-0.063000,-0.011000,-0.049000,0.010631,1.077300,-0.626062,-0.042171,-0.312451,-0.064215
2.7421,8.9740,0.000000,0.012000,-0.703000,0.000000,-0.525000,0.000000,0.008000,0.002000,0.000000,-0.063000,-0.011000,-0.049000,0.010631,1.077300,-0.626062,-0.042171,-0.312451,-0.064215
2.7442,9.1240,0.000000,0.012000,-0.703000,0.000000,-0.525000,0.000000,0.002000,-0.002000,0.000000,0.030000,-0.011000,-0.049000,0.029531,1.082025,-0.622519,-0.063257,-0.312451,-0.064215
2.7463,9.2740,0.000000,0.012000,-0.703000,0.000000,-0.525000,0.000000,0.002000,-0.002000,0.000000,0.030000,-0.011000,-0.040000,0.029531,1.082025,-0.622519,-0.063257,-0.312451,-0.074758
2.7483,9.4260,0.000000,0.012000,-0.703000,0.000000,-0.525000,0.000000,0.002000,-0.002000,0.000000,0.030000,-0.011000,-0.040000,0.029531,1.082025,-0.622519,-0.063257,-0.312451,-0.074758
2.7504,9.5780,0.000000,0.012000,-0.703000,0.000000,-0.524000,0.000000,0.000000,0.000000,0.006000,-0.030000,0.026000,-0.009000,0.034256,1.089112,-0.646144,-0.053673,-0.318202,-0.065174
2.7525,9.7310,0.000000,0.012000,-0.703000,0.000000,-0.524000,0.000000,0.000000,0.000000,0.006000,-0.030000,0.026000,-0.009000,0.034256,1.089112,-0.646144,-0.053673,-0.318202,-0.065174
2.7546,9.8890,0.000000,0.012000,-0.703000,0.000000,-0.524000,0.000000,-0.002000,-0.003000,0.006000,0.017000,0.026000,-0.009000,0.043706,1.079662,-0.646144,-0.064215,-0.318202,-0.065174
2.7566,10.0450,0.000000,0.012000,-0.703000,0.000000,-0.525000,0.000000,-0.002000,-0.003000,0.006000,0.017000,-0.009000,-0.009000,0.043706,1.079662,-0.646144,-0.064215,-0.309576,-0.065174
2.7590,10.2210,0.000000,0.012000,-0.703000,0.000000,-0.525000,0.000000,-0.002000,-0.003000,0.006000,0.017000,-0.009000,-0.009000,0.043706,1.079662,-0.646144,-0.064215,-0.309576,-0.065174
2.7610,10.3790,0.000000,0.012000,-0.703000,0.000000,-0.525000,0.000000,-0.002000,-0.003000,0.000000,0.017000,-0.009000,0.009000,0.043706,1.079662,-0.621337,-0.064215,-0.309576,-0.015335
2.7631,10.5410,0.000000,0.012000,-0.703000,0.000000,-0.525000,0.000000,-0.002000,-0.003000,0.000000,0.017000,-0.009000,0.009000,0.043706,1.079662,-0.621337,-0.064215,-0.309576,-0.015335
2.7652,10.7000,0.000000,0.012000,-0.703000,0.000000,-0.524000,0.000000,-0.001000,0.000000,-0.007000,-0.001000,0.021000,0.030000,0.021263,1.083206,-0.622519,-0.064215,-0.323953,-0.008626
2.7673,10.8610,0.000000,0.012000,-0.703000,0.000000,-0.524000,0.000000,-0.001000,0.000000,-0.007000,-0.001000,0.021000,0.030000,0.021263,1.083206,-0.622519,-0.064215,-0.323953,-0.008626
2.7694,11.0270,0.000000,0.012000,-0.703000,0.000000,-0.524000,0.000000,0.007000,0.001000,0.003000,-0.001000,-0.003000,0.030000,0.018900,1.078481,-0.634331,-0.046964,-0.318202,-0.008626
2.7714,11.1900,0.000000,0.012000,-0.703000,0.000000,-0.524000,0.000000,0.007000,0.001000,0.003000,-0.001000,-0.003000,0.030000,0.018900,1.078481,-0.634331,-0.046964,-0.318202,-0.008626
2.7736,11.3580,0.000000,0.012000,-0.703000,0.000000,-0.524000,0.000000,0.007000,0.001000,0.003000,-0.001000,-0.003000,0.030000,0.018900,1.078481,-0.634331,-0.046964,-0.318202,-0.008626
2.7756,11.5230,0.000000,0.012000,-0.703000,0.000000,-0.525000,0.000000,0.007000,0.001000,0.003000,-0.001000,-0.030000,0.086000,0.018900,1.078481,-0.634331,-0.046964,-0.310535,0.046964
2.7777,11.6880,0.000000,0.012000,-0.703000,0.000000,-0.525000,0.000000,0.007000,0.001000,0.003000,-0.001000,-0.030000,0.086000,0.018900,1.078481,-0.634331,-0.046964,-0.310535,0.046964
2.7798,11.8580,0.000000,0.012000,-0.703000,0.000000,-0.525000,0.001000,0.010000,0.001000,-0.001000,0.011000,-0.030000,0.113000,0.022444,1.082025,-0.639056,-0.062299,-0.310535,0.028753
2.7818,12.0260,0.000000,0.012000,-0.703000,0.000000,-0.525000,0.001000,0.010000,0.001000,-0.001000,0.011000,-0.030000,0.113000,0.022444,1.082025,-0.639056,-0.062299,-0.310535,0.028753
2.7844,12.2360,0.000000,0.012000,-0.703000,0.000000,-0.525000,0.001000,-0.002000,-0.002000,0.004000,0.019000,-0.030000,0.113000,0.025987,1.073756,-0.643781,-0.055590,-0.310535,0.028753
2.7865,12.4070,0.000000,0.012000,-0.703000,0.000000,-0.524000,0.002000,-0.002000,-0.002000,0.004000,0.019000,0.009000,0.149000,0.025987,1.073756,-0.643781,-0.055590,-0.316285,0.000000
2.7886,12.5860,0.000000,0.012000,-0.703000,0.000000,-0.524000,0.002000,-0.002000,-0.002000,0.004000,0.019000,0.009000,0.149000,0.025987,1.073756,-0.643781,-0.055590,-0.316285,0.000000
2.7907,12.7580,0.000000,0.012000,-0.703000,0.000000,-0.524000,0.002000,0.008000,0.002000,0.004000,0.001000,0.007000,0.149000,0.018900,1.085569,-0.643781,-0.043130,-0.326828,0.000000
2.7927,12.9310,0.000000,0.012000,-0.703000,0.000000,-0.524000,0.002000,0.008000,0.002000,0.004000,0.001000,0.007000,0.149000,0.018900,1.085569,-0.643781,-0.043130,-0.326828,0.000000
2.7948,13.1100,0.000000,0.012000,-0.703000,0.000000,-0.524000,0.003000,0.008000,0.002000,0.003000,0.001000,0.007000,0.429000,0.018900,1.085569,-0.629606,-0.043130,-0.326828,0.006709
2.7969,13.2860,0.000000,0.012000,-0.703000,0.000000,-0.524000,0.003000,0.008000,0.002000,0.003000,0.001000,0.007000,0.429000,0.018900,1.085569,-0.629606,-0.043130,-0.326828,0.006709
2.7990,13.4670,0.000000,0.012000,-0.703000,0.000000,-0.524000,0.003000,0.008000,0.002000,0.003000,0.001000,0.007000,0.429000,0.018900,1.085569,-0.629606,-0.043130,-0.326828,0.006709
2.8011,13.6450,0.000000,0.012000,-0.703000,0.000000,-0.525000,0.004000,0.004000,0.002000,0.003000,0.019000,0.000000,0.021000,0.020081,1.082025,-0.640238,-0.060382,-0.305742,0.115013
2.8032,13.8300,0.000000,0.012000,-0.703000,0.000000,-0.525000,0.004000,0.004000,0.002000,0.003000,0.019000,0.000000,0.021000,0.020081,1.082025,-0.640238,-0.060382,-0.305742,0.115013
2.8053,14.0100,0.000000,0.012000,-0.703000,0.000000,-0.524000,0.004000,0.001000,0.001000,-0.002000,-0.088000,0.015000,0.021000,0.031894,1.077300,-0.631969,-0.025878,-0.323953,0.115013
2.8074,14.1900,0.000000,0.012000,-0.703000,0.000000,-0.524000,0.004000,0.001000,0.001000,-0.002000,-0.088000,0.015000,0.021000,0.031894,1.077300,-0.631969,-0.025878,-0.323953,0.115013
2.8095,14.3750,0.000000,0.012000,-0.703000,0.000000,-0.524000,0.004000,0.001000,0.001000,-0.002000,-0.088000,0.015000,0.021000,0.031894,1.077300,-0.631969,-0.025878,-0.323953,0.115013
2.8115,14.5580,0.000000,0.012000,-0.703000,0.000000,-0.525000,0.007000,0.001000,0.001000,-0.002000,-0.088000,-0.001000,0.136000,0.031894,1.077300,-0.631969,-0.025878,-0.314368,-0.093927
2.8136,14.7410,0.000000,0.012000,-0.703000,0.000000,-0.525000,0.007000,-0.005000,0.001000,-0.002000,-0.088000,-0.001000,0.136000,0.030713,1.077300,-0.631969,-0.025878,-0.314368,-0.093927
2.8157,14.9260,0.000000,0.012000,-0.703000,0.000000,-0.525000,0.010000,-0.005000,0.000000,-0.003000,0.086000,-0.001000,0.613000,0.030713,1.074938,-0.630787,-0.105428,-0.314368,-0.101595
2.8177,15.1120,0.000000,0.012000,-0.703000,0.000000,-0.525000,0.010000,-0.005000,0.000000,-0.003000,0.086000,-0.001000,0.613000,0.030713,1.074938,-0.630787,-0.105428,-0.314368,-0.101595
2.8198,15.2970,0.000000,0.012000,-0.703000,0.000000,-0.524000,0.012000,0.002000,-0.004000,0.004000,0.005000,0.009000,0.619000,0.021263,1.074938,-0.635512,-0.047922,-0.319161,-0.035462
2.8219,15.4850,0.000000,0.012000,-0.703000,0.000000,-0.524000,0.012000,0.002000,-0.004000,0.004000,0.005000,0.009000,0.619000,0.021263,1.074938,-0.635512,-0.047922,-0.319161,-0.035462
2.8240,15.6790,0.000000,0.012000,-0.703000,0.000000,-0.524000,0.012000,-0.004000,0.002000,0.004000,0.005000,0.009000,0.619000,0.038981,1.086750,-0.635512,-0.047922,-0.319161,-0.035462
2.8261,15.8690,0.000000,0.012000,-0.703000,0.000000,-0.524000,0.012000,-0.004000,0.002000,0.004000,-0.019000,0.017000,0.619000,0.038981,1.086750,-0.635512,-0.065174,-0.322994,-0.035462
2.8282,16.0650,0.000000,0.012000,-0.703000,0.000000,-0.524000,0.012000,-0.004000,0.002000,0.004000,-0.019000,0.017000,0.619000,0.038981,1.086750,-0.635512,-0.065174,-0.322994,-0.035462
2.8303,16.2570,0.000000,0.012000,-0.703000,0.000000,-0.524000,0.014000,-0.004000,0.002000,0.000000,-0.019000,0.017000,0.548000,0.038981,1.086750,-0.633150,-0.065174,-0.322994,0.054631
2.8323,16.4480,0.000000,0.012000,-0.703000,0.000000,-0.524000,0.014000,-0.004000,0.002000,0.000000,-0.019000,0.017000,0.548000,0.038981,1.086750,-0.633150,-0.065174,-0.322994,0.054631
2.8345,16.6480,0.000000,0.012000,-0.703000,0.000000,-0.524000,0.016000,-0.003000,0.000000,-0.002000,-0.009000,-0.009000,0.371000,0.031894,1.083206,-0.644962,-0.056548,-0.314368,0.090093
2.8365,16.8410,0.000000,0.012000,-0.703000,0.000000,-0.524000,0.016000,-0.003000,0.000000,-0.002000,-0.009000,-0.009000,0.371000,0.031894,1.083206,-0.644962,-0.056548,-0.314368,0.090093
2.8387,17.0440,0.000000,0.012000,-0.703000,0.000000,-0.524000,0.016000,0.001000,-0.002000,-0.002000,-0.009000,-0.009000,0.371000,0.034256,1.083206,-0.644962,-0.056548,-0.314368,0.090093
2.8407,17.2400,0.000000,0.012000,-0.703000,0.000000,-0.524000,0.016000,0.001000,-0.002000,0.001000,-0.023000,0.013000,0.371000,0.034256,1.083206,-0.643781,-0.060382,-0.319161,0.090093
2.8428,17.4360,0.000000,0.012000,-0.703000,0.000000,-0.524000,0.016000,0.001000,-0.002000,0.001000,-0.023000,0.013000,0.371000,0.034256,1.083206,-0.643781,-0.060382,-0.319161,0.090093
2.8451,17.6520,0.000000,0.012000,-0.703000,0.000000,-0.524000,0.019000,0.001000,-0.002000,0.001000,-0.023000,0.021000,0.452000,0.034256,1.083206,-0.643781,-0.060382,-0.315327,0.111179
2.8471,17.8500,0.000000,0.012000,-0.703000,0.000000,-0.524000,0.019000,0.001000,-0.002000,0.001000,-0.023000,0.021000,0.452000,0.034256,1.083206,-0.643781,-0.060382,-0.315327,0.111179
2.8496,18.0900,0.000000,0.012000,-0.703000,0.000000,-0.524000,0.023000,-0.003000,-0.002000,-0.007000,0.024000,0.021000,0.650000,0.031894,1.089112,-0.633150,-0.072841,-0.315327,0.006709
2.8517,18.2900,0.000000,0.012000,-0.703000,0.000000,-0.524000,0.023000,-0.003000,-0.002000,-0.007000,0.024000,0.021000,0.650000,0.031894,1.089112,-0.633150,-0.072841,-0.315327,0.006709
2.8540,18.5170,0.000000,0.012000,-0.703000,0.000000,-0.524000,0.023000,-0.003000,-0.002000,-0.007000,0.024000,0.021000,0.650000,0.031894,1.089112,-0.633150,-0.072841,-0.315327,0.006709
2.8561,18.7190,0.000000,0.012000,-0.703000,0.000000,-0.524000,0.026000,-0.010000,0.000000,-0.004000,0.001000,0.001000,0.389000,0.040162,1.067850,-0.641419,-0.063257,-0.316285,0.105428
2.8582,18.9270,0.000000,0.012000,-0.703000,0.000000,-0.524000,0.026000,-0.010000,0.000000,-0.004000,0.001000,0.001000,0.389000,0.040162,1.067850,-0.641419,-0.063257,-0.316285,0.105428
2.8603,19.1320,0.000000,0.012000,-0.703000,0.000000,-0.524000,0.026000,-0.006000,-0.001000,-0.004000,0.015000,-0.023000,0.389000,0.011813,1.072575,-0.641419,-0.066132,-0.323953,0.105428
2.8623,19.3370,0.000000,0.012000,-0.703000,0.000000,-0.524000,0.026000,-0.006000,-0.001000,-0.004000,0.015000,-0.023000,0.389000,0.011813,1.072575,-0.641419,-0.066132,-0.323953,0.105428
2.8645,19.5520,0.000000,0.012000,-0.703000,0.000000,-0.524000,0.026000,-0.006000,-0.001000,0.000000,0.015000,-0.023000,0.389000,0.011813,1.072575,-0.627244,-0.066132,-0.323953,0.105428
2.8666,19.7580,0.000000,0.012000,-0.703000,0.000000,-0.524000,0.030000,-0.006000,-0.001000,0.000000,0.015000,-0.023000,0.703000,0.011813,1.072575,-0.627244,-0.066132,-0.323953,0.007668
2.8686,19.9640,0.000000,0.012000,-0.703000,0.000000,-0.524000,0.030000,0.008000,-0.004000,0.000000,0.015000,-0.023000,0.703000,0.015356,1.079662,-0.627244,-0.066132,-0.323953,0.007668
2.8707,20.1710,0.000000,0.012000,-0.703000,0.000000,-0.525000,0.034000,0.008000,-0.004000,0.004000,-0.009000,-0.007000,0.577000,0.015356,1.079662,-0.622519,-0.068049,-0.305742,0.111179
2.8727,20.3790,0.000000,0.012000,-0.703000,0.000000,-0.525000,0.034000,0.008000,-0.004000,0.004000,-0.009000,-0.007000,0.577000,0.015356,1.079662,-0.622519,-0.068049,-0.305742,0.111179
2.8748,20.5950,0.000000,0.012000,-0.703000,0.000000,-0.524000,0.034000,-0.004000,0.000000,-0.002000,0.000000,0.000000,0.577000,0.033075,1.070212,-0.631969,-0.060382,-0.310535,0.111179
2.8769,20.8050,0.000000,0.012000,-0.703000,0.000000,-0.524000,0.034000,-0.004000,0.000000,-0.002000,0.000000,0.000000,0.577000,0.033075,1.070212,-0.631969,-0.060382,-0.310535,0.111179
2.8791,21.0260,0.000000,0.012000,-0.703000,0.000000,-0.524000,0.034000,-0.004000,0.000000,-0.002000,0.000000,0.000000,0.577000,0.033075,1.070212,-0.631969,-0.060382,-0.310535,0.111179
2.8811,21.2380,0.000000,0.012000,-0.703000,0.000000,-0.525000,0.038000,-0.004000,0.000000,-0.002000,0.000000,-0.011000,0.674000,0.033075,1.070212,-0.631969,-0.060382,-0.310535,0.073800
2.8833,21.4620,0.000000,0.012000,-0.703000,0.000000,-0.525000,0.038000,-0.004000,0.000000,-0.002000,0.000000,-0.011000,0.674000,0.033075,1.070212,-0.631969,-0.060382,-0.310535,0.073800
2.8854,21.6750,0.000000,0.012000,-0.703000,0.000000,-0.525000,0.043000,-0.008000,-0.001000,0.004000,-0.003000,-0.011000,0.705000,0.033075,1.077300,-0.639056,-0.068049,-0.310535,0.123639
2.8874,21.8890,0.000000,0.012000,-0.703000,0.000000,-0.525000,0.043000,-0.008000,-0.001000,0.004000,-0.003000,-0.011000,0.705000,0.033075,1.077300,-0.639056,-0.068049,-0.310535,0.123639
2.8897,22.1220,0.000000,0.012000,-0.703000,0.000000,-0.525000,0.043000,-0.001000,0.002000,0.000000,-0.003000,-0.011000,0.705000,0.000000,1.079662,-0.631969,-0.068049,-0.310535,0.123639
2.8917,22.3380,0.000000,0.012000,-0.703000,0.000000,-0.525000,0.047000,-0.001000,0.002000,0.000000,-0.001000,-0.005000,0.661000,0.000000,1.079662,-0.631969,-0.068049,-0.304784,0.122680
2.8939,22.5620,0.000000,0.012000,-0.703000,0.000000,-0.525000,0.047000,0.011000,0.000000,0.000000,-0.001000,-0.005000,0.661000,0.011813,1.087931,-0.631969,-0.068049,-0.304784,0.122680
2.8959,22.7790,0.000000,0.012000,-0.703000,0.000000,-0.524000,0.047000,0.011000,0.000000,0.000000,0.000000,0.015000,0.661000,0.011813,1.087931,-0.631969,-0.064215,-0.316285,0.122680
2.8984,23.0350,0.000000,0.012000,-0.703000,0.000000,-0.524000,0.047000,0.011000,0.000000,0.000000,0.000000,0.015000,0.661000,0.011813,1.087931,-0.631969,-0.064215,-0.316285,0.122680
2.9004,23.2540,0.000000,0.012000,-0.703000,0.000000,-0.524000,0.053000,0.011000,0.000000,0.003000,0.000000,0.015000,0.749000,0.011813,1.087931,-0.639056,-0.064215,-0.316285,0.082426
2.9025,23.4740,0.000000,0.012000,-0.703000,0.000000,-0.524000,0.053000,0.011000,0.000000,0.003000,0.000000,0.015000,0.749000,0.011813,1.087931,-0.639056,-0.064215,-0.316285,0.082426
2.9047,23.7080,0.000000,0.012000,-0.703000,0.000000,-0.525000,0.058000,0.000000,0.000000,-0.007000,0.017000,-0.023000,0.791000,0.031894,1.083206,-0.622519,-0.055590,-0.309576,0.044088
2.9068,23.9290,0.000000,0.012000,-0.703000,0.000000,-0.525000,0.058000,0.000000,0.000000,-0.007000,0.017000,-0.023000,0.791000,0.031894,1.083206,-0.622519,-0.055590,-0.309576,0.044088
2.9091,24.1850,0.000000,0.012000,-0.703000,0.000000,-0.525000,0.058000,0.001000,0.000000,0.002000,0.032000,-0.023000,0.791000,0.033075,1.084387,-0.646144,-0.067091,-0.309576,0.044088
2.9112,24.4080,0.000000,0.012000,-0.703000,0.000000,-0.524000,0.058000,0.001000,0.000000,0.002000,0.032000,0.005000,0.791000,0.033075,1.084387,-0.646144,-0.067091,-0.313410,0.044088
2.9133,24.6340,0.000000,0.012000,-0.703000,0.000000,-0.524000,0.058000,0.001000,0.000000,0.002000,0.032000,0.005000,0.791000,0.033075,1.084387,-0.646144,-0.067091,-0.313410,0.044088
2.9154,24.8570,0.000000,0.012000,-0.703000,0.000000,-0.524000,0.063000,0.001000,0.000000,0.002000,0.032000,-0.009000,0.776000,0.033075,1.084387,-0.646144,-0.067091,-0.306701,0.083384
2.9174,25.0810,0.000000,0.012000,-0.703000,0.000000,-0.524000,0.063000,0.001000,0.000000,0.002000,0.032000,-0.009000,0.776000,0.033075,1.084387,-0.646144,-0.067091,-0.306701,0.083384
2.9200,25.3600,0.000000,0.012000,-0.703000,0.000000,-0.524000,0.069000,0.000000,0.001000,0.003000,0.001000,-0.009000,0.903000,0.020081,1.086750,-0.635512,-0.069966,-0.306701,0.115971
2.9220,25.5860,0.000000,0.012000,-0.703000,0.000000,-0.524000,0.069000,0.000000,0.001000,0.003000,0.001000,-0.009000,0.903000,0.020081,1.086750,-0.635512,-0.069966,-0.306701,0.115971
2.9242,25.8240,0.000000,0.012000,-0.703000,0.000000,-0.525000,0.075000,0.001000,-0.002000,0.002000,-0.011000,-0.042000,0.826000,0.016537,1.083206,-0.633150,-0.052714,-0.305742,0.057506
2.9263,26.0520,0.000000,0.012000,-0.703000,0.000000,-0.525000,0.075000,0.001000,-0.002000,0.002000,-0.011000,-0.042000,0.826000,0.016537,1.083206,-0.633150,-0.052714,-0.305742,0.057506
2.9289,26.3430,0.000000,0.012000,-0.703000,0.000000,-0.525000,0.075000,0.001000,0.001000,0.002000,-0.011000,-0.042000,0.826000,0.029531,1.084387,-0.633150,-0.052714,-0.305742,0.057506
2.9310,26.5730,0.000000,0.012000,-0.703000,0.000000,-0.524000,0.075000,0.001000,0.001000,0.002000,-0.009000,0.003000,0.826000,0.029531,1.084387,-0.633150,-0.062299,-0.323953,0.057506
2.9331,26.8130,0.000000,0.012000,-0.703000,0.000000,-0.524000,0.075000,0.001000,0.001000,0.002000,-0.009000,0.003000,0.826000,0.029531,1.084387,-0.633150,-0.062299,-0.323953,0.057506
2.9353,27.0490,0.000000,0.012000,-0.703000,0.000000,-0.524000,0.081000,0.001000,0.001000,-0.004000,-0.009000,0.003000,0.929000,0.029531,1.084387,-0.626062,-0.062299,-0.323953,0.130348
2.9373,27.2800,0.000000,0.012000,-0.703000,0.000000,-0.524000,0.081000,0.001000,0.001000,-0.004000,-0.009000,0.003000,0.929000,0.029531,1.084387,-0.626062,-0.062299,-0.323953,0.130348
2.9396,27.5390,0.000000,0.012000,-0.703000,0.000000,-0.524000,0.087000,-0.006000,0.000000,0.003000,-0.036000,0.011000,0.887000,0.041344,1.091475,-0.628425,-0.046005,-0.326828,0.057506
2.9417,27.7680,0.000000,0.012000,-0.703000,0.000000,-0.524000,0.087000,-0.006000,0.000000,0.003000,-0.036000,0.011000,0.887000,0.041344,1.091475,-0.628425,-0.046005,-0.326828,0.057506
2.9438,28.0130,0.000000,0.012000,-0.703000,0.000000,-0.524000,0.087000,-0.004000,0.000000,0.003000,-0.036000,0.011000,0.887000,0.046069,1.092656,-0.628425,-0.046005,-0.326828,0.057506
2.9459,28.2470,0.000000,0.012000,-0.703000,0.000000,-0.524000,0.087000,-0.004000,0.000000,0.000000,-0.003000,-0.015000,0.887000,0.046069,1.092656,-0.623700,-0.057506,-0.318202,0.057506
2.9480,28.4840,0.000000,0.012000,-0.703000,0.000000,-0.524000,0.087000,-0.004000,0.000000,0.000000,-0.003000,-0.015000,0.887000,0.046069,1.092656,-0.623700,-0.057506,-0.318202,0.057506
2.9501,28.7200,0.000000,0.012000,-0.703000,0.000000,-0.524000,0.094000,-0.004000,0.000000,0.000000,-0.003000,0.038000,0.991000,0.046069,1.092656,-0.623700,-0.057506,-0.311493,0.076675
2.9522,28.9560,0.000000,0.012000,-0.703000,0.000000,-0.524000,0.094000,-0.004000,0.000000,0.000000,-0.003000,0.038000,0.991000,0.046069,1.092656,-0.623700,-0.057506,-0.311493,0.076675
2.9546,29.2370,0.000000,0.012000,-0.703000,0.000000,-0.524000,0.094000,0.000000,0.000000,-0.002000,0.007000,0.038000,0.991000,0.025987,1.077300,-0.624881,-0.052714,-0.311493,0.076675
2.9567,29.4720,0.000000,0.012000,-0.703000,0.000000,-0.524000,0.101000,0.000000,0.000000,-0.002000,0.007000,0.038000,0.885000,0.025987,1.077300,-0.624881,-0.052714,-0.311493,0.077634
2.9589,29.7240,0.000000,0.012000,-0.703000,0.000000,-0.524000,0.101000,0.002000,0.000000,-0.002000,0.007000,0.038000,0.885000,0.033075,1.077300,-0.624881,-0.052714,-0.311493,0.077634
2.9609,29.9610,0.000000,0.012000,-0.703000,0.000000,-0.524000,0.108000,0.002000,0.001000,0.002000,-0.017000,-0.011000,0.926000,0.033075,1.080844,-0.635512,-0.043130,-0.323953,0.053673
2.9630,30.1990,0.000000,0.012000,-0.703000,0.000000,-0.524000,0.108000,0.002000,0.001000,0.002000,-0.017000,-0.011000,0.926000,0.033075,1.080844,-0.635512,-0.043130,-0.323953,0.053673
2.9651,30.4380,0.000000,0.012000,-0.703000,0.000000,-0.524000,0.108000,0.005000,0.001000,0.002000,0.021000,0.023000,0.926000,0.029531,1.080844,-0.635512,-0.055590,-0.322036,0.053673
2.9671,30.6770,0.000000,0.012000,-0.703000,0.000000,-0.524000,0.108000,0.005000,0.001000,0.002000,0.021000,0.023000,0.926000,0.029531,1.080844,-0.635512,-0.055590,-0.322036,0.053673
2.9693,30.9240,0.000000,0.012000,-0.703000,0.000000,-0.524000,0.108000,0.005000,0.001000,0.001000,0.021000,0.023000,0.926000,0.029531,1.080844,-0.622519,-0.055590,-0.322036,0.053673
2.9713,31.1630,0.000000,0.012000,-0.703000,0.000000,-0.524000,0.116000,0.005000,0.001000,0.001000,0.021000,0.023000,0.945000,0.029531,1.080844,-0.622519,-0.055590,-0.322036,0.055590
2.9735,31.4240,0.000000,0.012000,-0.703000,0.000000,-0.524000,0.116000,-0.005000,0.001000,0.001000,0.021000,0.023000,0.945000,0.040162,1.080844,-0.622519,-0.055590,-0.322036,0.055590
2.9756,31.6640,0.000000,0.012000,-0.703000,0.000000,-0.524000,0.123000,-0.005000,-0.005000,0.000000,0.017000,-0.001000,0.962000,0.040162,1.087931,-0.634331,-0.056548,-0.313410,0.111179
2.9777,31.9040,0.000000,0.012000,-0.703000,0.000000,-0.524000,0.123000,-0.005000,-0.005000,0.000000,0.017000,-0.001000,0.962000,0.040162,1.087931,-0.634331,-0.056548,-0.313410,0.111179
2.9798,32.1560,0.000000,0.012000,-0.703000,0.000000,-0.524000,0.123000,-0.001000,0.000000,0.000000,-0.011000,0.015000,0.962000,0.034256,1.080844,-0.620156,-0.004792,-0.309576,0.111179
2.9819,32.3990,0.000000,0.012000,-0.703000,0.000000,-0.524000,0.123000,-0.001000,0.000000,0.000000,-0.011000,0.015000,0.962000,0.034256,1.080844,-0.620156,-0.004792,-0.309576,0.111179
2.9840,32.6460,0.000000,0.012000,-0.703000,0.000000,-0.524000,0.123000,-0.001000,0.000000,0.000000,-0.011000,0.015000,0.962000,0.034256,1.080844,-0.620156,-0.004792,-0.309576,0.111179
2.9860,32.8900,0.000000,0.012000,-0.703000,0.000000,-0.525000,0.131000,-0.001000,0.000000,0.000000,-0.011000,-0.015000,1.085000,0.034256,1.080844,-0.620156,-0.004792,-0.311493,0.098719
2.9883,33.1540,0.000000,0.012000,-0.703000,0.000000,-0.525000,0.131000,-0.001000,0.000000,0.000000,-0.011000,-0.015000,1.085000,0.034256,1.080844,-0.620156,-0.004792,-0.311493,0.098719
2.9903,33.3980,0.000000,0.012000,-0.703000,0.000000,-0.525000,0.139000,-0.008000,0.000000,0.001000,-0.011000,-0.015000,1.254000,0.038981,1.084387,-0.628425,-0.023003,-0.311493,0.037379
2.9924,33.6430,0.000000,0.012000,-0.703000,0.000000,-0.525000,0.139000,-0.008000,0.000000,0.001000,-0.011000,-0.015000,1.254000,0.038981,1.084387,-0.628425,-0.023003,-0.311493,0.037379
2.9948,33.9280,0.000000,0.012000,-0.703000,0.000000,-0.525000,0.148000,-0.002000,0.003000,-0.004000,0.013000,0.003000,1.177000,0.037800,1.089112,-0.610706,-0.043130,-0.307659,0.051756
2.9969,34.1740,0.000000,0.012000,-0.703000,0.000000,-0.525000,0.148000,-0.002000,0.003000,-0.004000,0.013000,0.003000,1.177000,0.037800,1.089112,-0.610706,-0.043130,-0.307659,0.051756
2.9990,34.4290,0.000000,0.012000,-0.703000,0.000000,-0.525000,0.148000,0.002000,0.000000,-0.004000,0.013000,0.003000,1.177000,0.040162,1.086750,-0.610706,-0.050797,-0.307659,0.051756
3.0011,34.6760,0.000000,0.012000,-0.703000,0.000000,-0.524000,0.148000,0.002000,0.000000,-0.004000,0.013000,0.011000,1.177000,0.040162,1.086750,-0.610706,-0.050797,-0.315327,0.051756
3.0033,34.9420,0.000000,0.012000,-0.703000,0.000000,-0.524000,0.148000,0.002000,0.000000,-0.004000,0.013000,0.011000,1.177000,0.040162,1.086750,-0.610706,-0.050797,-0.315327,0.051756
3.0053,35.1890,0.000000,0.012000,-0.703000,0.000000,-0.524000,0.156000,0.002000,0.000000,0.001000,0.013000,0.011000,1.194000,0.040162,1.086750,-0.644962,-0.050797,-0.315327,0.088176
3.0074,35.4370,0.000000,0.012000,-0.703000,0.000000,-0.524000,0.156000,0.002000,0.000000,0.001000,0.013000,0.011000,1.194000,0.040162,1.086750,-0.644962,-0.050797,-0.315327,0.088176
3.0096,35.7010,0.000000,0.012000,-0.703000,0.000000,-0.524000,0.165000,0.005000,-0.003000,0.003000,-0.013000,-0.007000,1.284000,0.024806,1.076119,-0.626062,-0.041213,-0.319161,0.065174
3.0117,35.9500,0.000000,0.012000,-0.703000,0.000000,-0.524000,0.165000,0.005000,-0.003000,0.003000,-0.013000,-0.007000,1.284000,0.024806,1.076119,-0.626062,-0.041213,-0.319161,0.065174
3.0139,36.2130,0.000000,0.012000,-0.703000,0.000000,-0.524000,0.165000,0.000000,0.001000,0.003000,-0.013000,-0.007000,1.284000,0.027169,1.092656,-0.626062,-0.041213,-0.319161,0.065174
3.0159,36.4630,0.000000,0.012000,-0.703000,0.000000,-0.524000,0.165000,0.000000,0.001000,0.002000,-0.001000,-0.007000,1.284000,0.027169,1.092656,-0.621337,-0.043130,-0.322994,0.065174
3.0184,36.7640,0.000000,0.012000,-0.703000,0.000000,-0.524000,0.165000,0.000000,0.001000,0.002000,-0.001000,-0.007000,1.284000,0.027169,1.092656,-0.621337,-0.043130,-0.322994,0.065174
3.0205,37.0150,0.000000,0.012000,-0.703000,0.000000,-0.524000,0.174000,0.000000,0.001000,0.002000,-0.001000,0.003000,1.309000,0.027169,1.092656,-0.621337,-0.043130,-0.310535,0.087218
3.0225,37.2660,0.000000,0.012000,-0.703000,0.000000,-0.524000,0.174000,0.000000,0.001000,0.002000,-0.001000,0.003000,1.309000,0.027169,1.092656,-0.621337,-0.043130,-0.310535,0.087218
3.0247,37.5330,0.000000,0.012000,-0.703000,0.000000,-0.524000,0.183000,0.006000,-0.001000,0.002000,-0.015000,0.003000,1.284000,0.017719,1.085569,-0.641419,-0.049839,-0.310535,0.088176
3.0268,37.7840,0.000000,0.012000,-0.703000,0.000000,-0.524000,0.183000,0.006000,-0.001000,0.002000,-0.015000,0.003000,1.284000,0.017719,1.085569,-0.641419,-0.049839,-0.310535,0.088176
3.0289,38.0360,0.000000,0.012000,-0.703000,0.000000,-0.524000,0.183000,-0.002000,0.002000,0.006000,-0.015000,0.003000,1.284000,0.023625,1.077300,-0.621337,-0.049839,-0.310535,0.088176
3.0309,38.2880,0.000000,0.012000,-0.703000,0.000000,-0.524000,0.193000,-0.002000,0.002000,0.006000,0.003000,0.001000,1.359000,0.023625,1.077300,-0.621337,-0.041213,-0.321077,0.055590
3.0334,38.5900,0.000000,0.012000,-0.703000,0.000000,-0.524000,0.193000,-0.002000,0.002000,0.006000,0.003000,0.001000,1.359000,0.023625,1.077300,-0.621337,-0.041213,-0.321077,0.055590
3.0355,38.8440,0.000000,0.012000,-0.703000,0.000000,-0.524000,0.193000,0.000000,0.000000,0.006000,0.005000,0.000000,1.359000,0.029531,1.085569,-0.621337,-0.056548,-0.322994,0.055590
3.0375,39.0970,0.000000,0.012000,-0.703000,0.000000,-0.524000,0.193000,0.000000,0.000000,0.006000,0.005000,0.000000,1.359000,0.029531,1.085569,-0.621337,-0.056548,-0.322994,0.055590
3.0396,39.3490,0.000000,0.012000,-0.703000,0.000000,-0.524000,0.193000,0.000000,0.000000,0.002000,0.005000,0.000000,1.359000,0.029531,1.085569,-0.631969,-0.056548,-0.322994,0.055590
3.0417,39.6040,0.000000,0.012000,-0.703000,0.000000,-0.524000,0.203000,0.000000,0.000000,0.002000,0.005000,0.000000,1.344000,0.029531,1.085569,-0.631969,-0.056548,-0.322994,0.067091
3.0439,39.8730,0.000000,0.012000,-0.703000,0.000000,-0.524000,0.203000,0.000000,0.000000,0.002000,0.005000,0.000000,1.344000,0.021263,1.085569,-0.631969,-0.056548,-0.322994,0.067091
3.0459,40.1280,0.000000,0.012000,-0.703000,0.000000,-0.524000,0.212000,0.000000,0.000000,0.005000,0.000000,0.011000,1.353000,0.021263,1.089112,-0.622519,-0.060382,-0.327786,0.096802
3.0487,40.4650,0.000000,0.012000,-0.703000,0.000000,-0.524000,0.212000,0.000000,0.000000,0.005000,0.000000,0.011000,1.353000,0.021263,1.089112,-0.622519,-0.060382,-0.327786,0.096802
3.0507,40.7200,0.000000,0.012000,-0.703000,0.000000,-0.524000,0.212000,0.002000,0.000000,-0.006000,0.007000,0.001000,1.353000,0.023625,1.074938,-0.627244,-0.053673,-0.326828,0.096802
3.0528,40.9750,0.000000,0.012000,-0.703000,0.000000,-0.524000,0.212000,0.002000,0.000000,-0.006000,0.007000,0.001000,1.353000,0.023625,1.074938,-0.627244,-0.053673,-0.326828,0.096802
3.0549,41.2370,0.000000,0.012000,-0.703000,0.000000,-0.524000,0.223000,0.002000,0.000000,-0.006000,0.007000,-0.015000,1.491000,0.023625,1.074938,-0.627244,-0.053673,-0.307659,0.098719
3.0570,41.4930,0.000000,0.012000,-0.703000,0.000000,-0.524000,0.223000,0.002000,0.000000,-0.006000,0.007000,-0.015000,1.491000,0.023625,1.074938,-0.627244,-0.053673,-0.307659,0.098719
3.0591,41.7550,0.000000,0.012000,-0.703000,0.000000,-0.524000,0.223000,0.002000,0.000000,0.004000,0.019000,-0.015000,1.491000,0.022444,1.086750,-0.634331,-0.069966,-0.307659,0.098719
3.0612,42.0110,0.000000,0.012000,-0.703000,0.000000,-0.524000,0.233000,0.002000,0.000000,0.004000,0.019000,-0.015000,1.543000,0.022444,1.086750,-0.634331,-0.069966,-0.307659,0.006709
3.0633,42.2790,0.000000,0.012000,-0.703000,0.000000,-0.524000,0.233000,0.002000,0.000000,0.004000,0.019000,-0.015000,1.543000,0.022444,1.086750,-0.634331,-0.069966,-0.307659,0.006709
3.0654,42.5350,0.000000,0.012000,-0.703000,0.000000,-0.524000,0.245000,-0.006000,0.000000,0.004000,-0.009000,0.030000,1.610000,0.041344,1.091475,-0.617794,-0.077634,-0.322994,0.050797
3.0674,42.7920,0.000000,0.012000,-0.703000,0.000000,-0.524000,0.245000,-0.006000,0.000000,0.004000,-0.009000,0.030000,1.610000,0.041344,1.091475,-0.617794,-0.077634,-0.322994,0.050797
3.0696,43.0570,0.000000,0.012000,-0.703000,0.000000,-0.524000,0.245000,0.001000,-0.003000,0.004000,0.036000,-0.007000,1.610000,0.024806,1.092656,-0.617794,-0.103512,-0.329703,0.050797
3.0716,43.3130,0.000000,0.012000,-0.703000,0.000000,-0.524000,0.245000,0.001000,-0.003000,0.004000,0.036000,-0.007000,1.610000,0.024806,1.092656,-0.617794,-0.103512,-0.329703,0.050797
3.0738,43.5810,0.000000,0.012000,-0.703000,0.000000,-0.524000,0.245000,0.001000,-0.003000,0.004000,0.036000,-0.007000,1.610000,0.024806,1.092656,-0.617794,-0.103512,-0.329703,0.050797
3.0759,43.8390,0.000000,0.012000,-0.703000,0.000000,-0.524000,0.255000,0.001000,-0.003000,0.000000,0.036000,-0.007000,1.507000,0.024806,1.092656,-0.630787,-0.103512,-0.329703,0.089135
3.0782,44.1340,0.000000,0.012000,-0.703000,0.000000,-0.524000,0.255000,0.001000,-0.003000,0.000000,0.036000,-0.007000,1.507000,0.024806,1.092656,-0.630787,-0.103512,-0.329703,0.089135
3.0803,44.3910,0.000000,0.012000,-0.703000,0.000000,-0.524000,0.266000,0.000000,0.002000,-0.002000,-0.005000,0.021000,1.543000,0.017719,1.096200,-0.633150,-0.099678,-0.326828,0.097761
3.0823,44.6490,0.000000,0.012000,-0.703000,0.000000,-0.524000,0.266000,0.000000,0.002000,-0.002000,-0.005000,0.021000,1.543000,0.017719,1.096200,-0.633150,-0.099678,-0.326828,0.097761
3.0846,44.9320,0.000000,0.012000,-0.703000,0.000000,-0.524000,0.266000,-0.004000,0.000000,0.000000,-0.047000,-0.007000,1.543000,0.029531,1.079662,-0.624881,-0.081467,-0.309576,0.097761
3.0867,45.1900,0.000000,0.012000,-0.703000,0.000000,-0.524000,0.266000,-0.004000,0.000000,0.000000,-0.047000,-0.007000,1.543000,0.029531,1.079662,-0.624881,-0.081467,-0.309576,0.097761
3.0889,45.4630,0.000000,0.012000,-0.703000,0.000000,-0.524000,0.266000,-0.004000,0.000000,0.000000,-0.047000,-0.007000,1.543000,0.029531,1.079662,-0.624881,-0.081467,-0.309576,0.097761
3.0909,45.7220,0.000000,0.012000,-0.703000,0.000000,-0.524000,0.278000,-0.004000,0.000000,0.000000,-0.047000,-0.019000,1.670000,0.029531,1.079662,-0.624881,-0.081467,-0.305742,0.062299
3.0934,46.0330,0.000000,0.012000,-0.703000,0.000000,-0.524000,0.278000,-0.004000,0.000000,0.000000,-0.047000,-0.019000,1.670000,0.029531,1.079662,-0.624881,-0.081467,-0.305742,0.062299
3.0955,46.2920,0.000000,0.012000,-0.703000,0.000000,-0.524000,0.289000,-0.004000,0.000000,0.010000,0.032000,-0.019000,1.656000,0.029531,1.080844,-0.629606,-0.087218,-0.305742,0.138974
3.0975,46.5510,0.000000,0.012000,-0.703000,0.000000,-0.524000,0.289000,-0.004000,0.000000,0.010000,0.032000,-0.019000,1.656000,0.029531,1.080844,-0.629606,-0.087218,-0.305742,0.138974
3.0996,46.8090,0.000000,0.012000,-0.703000,0.000000,-0.524000,0.301000,-0.005000,0.000000,0.002000,-0.017000,-0.019000,1.737000,0.035438,1.089112,-0.611887,-0.073800,-0.319161,0.082426
3.1017,47.0690,0.000000,0.012000,-0.703000,0.000000,-0.524000,0.301000,-0.005000,0.000000,0.002000,-0.017000,-0.019000,1.737000,0.035438,1.089112,-0.611887,-0.073800,-0.319161,0.082426
3.1037,47.3300,0.000000,0.012000,-0.703000,0.000000,-0.524000,0.301000,-0.005000,0.000000,0.002000,-0.017000,-0.019000,1.737000,0.035438,1.089112,-0.611887,-0.073800,-0.319161,0.082426
3.1058,47.5900,0.000000,0.012000,-0.703000,0.000000,-0.524000,0.301000,-0.002000,0.002000,0.002000,0.015000,-0.005000,1.737000,0.033075,1.074938,-0.611887,-0.102553,-0.310535,0.082426
3.1079,47.8490,0.000000,0.012000,-0.703000,0.000000,-0.524000,0.301000,-0.002000,0.002000,0.002000,0.015000,-0.005000,1.737000,0.033075,1.074938,-0.611887,-0.102553,-0.310535,0.082426
3.1100,48.1160,0.000000,0.012000,-0.703000,0.000000,-0.524000,0.314000,-0.002000,0.002000,-0.001000,0.015000,-0.005000,1.764000,0.033075,1.074938,-0.634331,-0.102553,-0.310535,0.110221
3.1121,48.3740,0.000000,0.012000,-0.703000,0.000000,-0.524000,0.314000,-0.002000,0.002000,-0.001000,0.015000,-0.005000,1.764000,0.033075,1.074938,-0.634331,-0.102553,-0.310535,0.110221
3.1143,48.6550,0.000000,0.012000,-0.703000,0.000000,-0.524000,0.314000,-0.002000,-0.004000,0.000000,-0.040000,-0.005000,1.764000,0.027169,1.082025,-0.628425,-0.005751,-0.310535,0.110221
3.1164,48.9150,0.000000,0.012000,-0.703000,0.000000,-0.524000,0.326000,-0.002000,-0.004000,0.000000,-0.040000,0.007000,1.756000,0.027169,1.082025,-0.628425,-0.005751,-0.315327,0.046005
3.1184,49.1730,0.000000,0.012000,-0.703000,0.000000,-0.524000,0.326000,-0.002000,-0.004000,0.000000,-0.040000,0.007000,1.756000,0.027169,1.082025,-0.628425,-0.005751,-0.315327,0.046005
3.1205,49.4320,0.000000,0.012000,-0.703000,0.000000,-0.524000,0.326000,0.002000,-0.004000,-0.010000,-0.044000,0.007000,1.756000,0.035438,1.084387,-0.626062,-0.025878,-0.331620,0.046005
3.1226,49.6920,0.000000,0.012000,-0.703000,0.000000,-0.524000,0.326000,0.002000,-0.004000,-0.010000,-0.044000,0.007000,1.756000,0.035438,1.084387,-0.626062,-0.025878,-0.331620,0.046005
3.1247,49.9610,0.000000,0.012000,-0.703000,0.000000,-0.524000,0.339000,0.002000,-0.004000,-0.010000,-0.044000,0.007000,1.823000,0.035438,1.084387,-0.626062,-0.025878,-0.313410,0.096802
3.1268,50.2200,0.000000,0.012000,-0.703000,0.000000,-0.524000,0.339000,0.002000,-0.004000,-0.010000,-0.044000,0.007000,1.823000,0.035438,1.084387,-0.626062,-0.025878,-0.313410,0.096802
3.1289,50.4870,0.000000,0.012000,-0.703000,0.000000,-0.524000,0.339000,-0.004000,-0.001000,0.005000,-0.044000,0.007000,1.823000,0.012994,1.087931,-0.610706,-0.025878,-0.313410,0.096802
3.1309,50.7470,0.000000,0.012000,-0.703000,0.000000,-0.524000,0.351000,-0.004000,-0.001000,0.005000,0.032000,0.007000,1.825000,0.012994,1.087931,-0.610706,-0.074758,-0.313410,0.144724
3.1333,51.0410,0.000000,0.012000,-0.703000,0.000000,-0.524000,0.351000,-0.004000,-0.001000,0.005000,0.032000,0.007000,1.825000,0.012994,1.087931,-0.610706,-0.074758,-0.313410,0.144724
3.1353,51.3000,0.000000,0.012000,-0.703000,0.000000,-0.524000,0.365000,0.002000,-0.001000,0.000000,0.009000,-0.019000,1.921000,0.011813,1.087931,-0.628425,-0.063257,-0.307659,0.092969
3.1375,51.5660,0.000000,0.012000,-0.703000,0.000000,-0.524000,0.365000,0.002000,-0.001000,0.000000,0.009000,-0.019000,1.921000,0.011813,1.087931,-0.628425,-0.063257,-0.307659,0.092969
3.1396,51.8350,0.000000,0.012000,-0.703000,0.000000,-0.524000,0.365000,0.004000,0.000000,0.002000,0.007000,-0.015000,1.921000,0.018900,1.073756,-0.621337,-0.066132,-0.312451,0.092969
3.1417,52.0940,0.000000,0.012000,-0.703000,0.000000,-0.524000,0.365000,0.004000,0.000000,0.002000,0.007000,-0.015000,1.921000,0.018900,1.073756,-0.621337,-0.066132,-0.312451,0.092969
3.1438,52.3580,0.000000,0.012000,-0.703000,0.000000,-0.524000,0.365000,0.004000,0.000000,0.002000,0.007000,-0.015000,1.921000,0.018900,1.073756,-0.621337,-0.066132,-0.312451,0.092969
3.1458,52.6170,0.000000,0.012000,-0.703000,0.000000,-0.524000,0.378000,0.004000,0.000000,0.002000,0.007000,-0.015000,1.904000,0.018900,1.073756,-0.621337,-0.066132,-0.312451,0.023961
3.1479,52.8760,0.000000,0.012000,-0.703000,0.000000,-0.524000,0.378000,0.004000,0.000000,0.002000,0.007000,-0.015000,1.904000,0.018900,1.073756,-0.621337,-0.066132,-0.312451,0.023961
3.1501,53.1510,0.000000,0.012000,-0.703000,0.000000,-0.524000,0.392000,0.003000,0.002000,0.000000,0.001000,-0.005000,1.913000,0.008269,1.080844,-0.621337,-0.059423,-0.322994,0.086260
3.1522,53.4100,0.000000,0.012000,-0.703000,0.000000,-0.524000,0.392000,0.003000,0.002000,0.000000,0.001000,-0.005000,1.913000,0.008269,1.080844,-0.621337,-0.059423,-0.322994,0.086260
3.1543,53.6810,0.000000,0.012000,-0.703000,0.000000,-0.524000,0.392000,0.001000,-0.002000,-0.004000,-0.007000,-0.005000,1.913000,0.009450,1.090294,-0.618975,-0.055590,-0.322994,0.086260
3.1564,53.9410,0.000000,0.012000,-0.703000,0.000000,-0.524000,0.392000,0.001000,-0.002000,-0.004000,-0.007000,-0.019000,1.913000,0.009450,1.090294,-0.618975,-0.055590,-0.309576,0.086260
3.1586,54.2190,0.000000,0.012000,-0.703000,0.000000,-0.524000,0.392000,0.001000,-0.002000,-0.004000,-0.007000,-0.019000,1.913000,0.009450,1.090294,-0.618975,-0.055590,-0.309576,0.086260
3.1607,54.4750,0.000000,0.012000,-0.703000,0.000000,-0.524000,0.405000,0.001000,-0.002000,-0.004000,-0.007000,0.000000,1.973000,0.009450,1.090294,-0.618975,-0.055590,-0.308618,0.096802
3.1627,54.7340,0.000000,0.012000,-0.703000,0.000000,-0.524000,0.405000,0.001000,-0.002000,-0.004000,-0.007000,0.000000,1.973000,0.009450,1.090294,-0.618975,-0.055590,-0.308618,0.096802
3.1648,54.9910,0.000000,0.012000,-0.703000,0.000000,-0.524000,0.420000,-0.007000,0.000000,0.000000,0.011000,0.000000,2.021000,0.025987,1.085569,-0.639056,-0.074758,-0.308618,0.108304
3.1669,55.2490,0.000000,0.012000,-0.703000,0.000000,-0.524000,0.420000,-0.007000,0.000000,0.000000,0.011000,0.000000,2.021000,0.025987,1.085569,-0.639056,-0.074758,-0.308618,0.108304
3.1690,55.5200,0.000000,0.012000,-0.703000,0.000000,-0.524000,0.420000,-0.007000,0.000000,0.000000,0.011000,0.000000,2.021000,0.025987,1.085569,-0.639056,-0.074758,-0.308618,0.108304
3.1711,55.7780,0.000000,0.012000,-0.703000,0.000000,-0.524000,0.434000,0.002000,-0.002000,-0.003000,-0.011000,-0.013000,2.072000,0.010631,1.090294,-0.623700,-0.059423,-0.325870,0.097761
3.1732,56.0400,0.000000,0.012000,-0.703000,0.000000,-0.524000,0.434000,0.002000,-0.002000,-0.003000,-0.011000,-0.013000,2.072000,0.010631,1.090294,-0.623700,-0.059423,-0.325870,0.097761
3.1752,56.2960,0.000000,0.012000,-0.703000,0.000000,-0.524000,0.434000,0.001000,-0.004000,0.001000,0.007000,-0.015000,2.072000,0.029531,1.089112,-0.642600,-0.069008,-0.314368,0.097761
3.1773,56.5540,0.000000,0.012000,-0.703000,0.000000,-0.524000,0.434000,0.001000,-0.004000,0.001000,0.007000,-0.015000,2.072000,0.029531,1.089112,-0.642600,-0.069008,-0.314368,0.097761
3.1795,56.8310,0.000000,0.012000,-0.703000,0.000000,-0.524000,0.434000,0.001000,-0.004000,0.001000,0.007000,-0.015000,2.072000,0.029531,1.089112,-0.642600,-0.069008,-0.314368,0.097761
3.1816,57.0880,0.000000,0.012000,-0.703000,0.000000,-0.524000,0.448000,0.001000,-0.004000,0.001000,0.007000,-0.015000,2.047000,0.029531,1.089112,-0.642600,-0.069008,-0.314368,0.121722
3.1837,57.3440,0.000000,0.012000,-0.703000,0.000000,-0.524000,0.448000,0.005000,0.000000,0.001000,0.007000,-0.015000,2.047000,0.034256,1.090294,-0.642600,-0.069008,-0.314368,0.121722
3.1857,57.6010,0.000000,0.012000,-0.703000,0.000000,-0.524000,0.464000,0.005000,0.000000,0.000000,-0.023000,0.005000,2.151000,0.034256,1.090294,-0.629606,-0.048880,-0.335454,0.080509
3.1878,57.8570,0.000000,0.012000,-0.703000,0.000000,-0.524000,0.464000,0.005000,0.000000,0.000000,-0.023000,0.005000,2.151000,0.034256,1.090294,-0.629606,-0.048880,-0.335454,0.080509
3.1899,58.1160,0.000000,0.012000,-0.703000,0.000000,-0.524000,0.464000,0.000000,0.000000,0.000000,0.028000,-0.007000,2.151000,0.040162,1.077300,-0.627244,-0.089135,-0.315327,0.080509
3.1919,58.3720,0.000000,0.012000,-0.703000,0.000000,-0.524000,0.464000,0.000000,0.000000,0.000000,0.028000,-0.007000,2.151000,0.040162,1.077300,-0.627244,-0.089135,-0.315327,0.080509
3.1941,58.6340,0.000000,0.012000,-0.703000,0.000000,-0.524000,0.479000,0.008000,0.000000,0.000000,0.028000,-0.017000,2.174000,0.041344,1.077300,-0.627244,-0.089135,-0.317244,0.076675
3.1961,58.8900,0.000000,0.012000,-0.703000,0.000000,-0.524000,0.479000,0.008000,0.000000,0.000000,0.028000,-0.017000,2.174000,0.041344,1.077300,-0.627244,-0.089135,-0.317244,0.076675
3.1982,59.1500,0.000000,0.012000,-0.703000,0.000000,-0.524000,0.479000,0.008000,0.000000,0.000000,0.028000,-0.017000,2.174000,0.041344,1.077300,-0.627244,-0.089135,-0.317244,0.076675
3.2003,59.4070,0.000000,0.012000,-0.703000,0.000000,-0.524000,0.494000,0.008000,0.000000,-0.005000,0.019000,-0.017000,2.191000,0.041344,1.080844,-0.616613,-0.060382,-0.317244,0.105428
3.2024,59.6620,0.000000,0.012000,-0.703000,0.000000,-0.524000,0.494000,0.008000,0.000000,-0.005000,0.019000,-0.017000,2.191000,0.041344,1.080844,-0.616613,-0.060382,-0.317244,0.105428
3.2045,59.9270,0.000000,0.012000,-0.703000,0.000000,-0.524000,0.494000,-0.009000,-0.001000,0.003000,-0.032000,-0.017000,2.191000,0.047250,1.083206,-0.631969,-0.058465,-0.317244,0.105428
3.2066,60.1820,0.000000,0.012000,-0.703000,0.000000,-0.524000,0.509000,-0.009000,-0.001000,0.003000,-0.032000,0.015000,2.256000,0.047250,1.083206,-0.631969,-0.058465,-0.332579,0.058465
3.2089,60.4690,0.000000,0.012000,-0.703000,0.000000,-0.524000,0.509000,-0.009000,-0.001000,0.003000,-0.032000,0.015000,2.256000,0.047250,1.083206,-0.631969,-0.058465,-0.332579,0.058465
3.2110,60.7230,0.000000,0.012000,-0.703000,0.000000,-0.524000,0.509000,-0.011000,0.004000,0.000000,0.005000,-0.011000,2.256000,0.040162,1.085569,-0.617794,-0.066132,-0.311493,0.058465
3.2131,60.9780,0.000000,0.012000,-0.703000,0.000000,-0.524000,0.509000,-0.011000,0.004000,0.000000,0.005000,-0.011000,2.256000,0.040162,1.085569,-0.617794,-0.066132,-0.311493,0.058465
3.2151,61.2300,0.000000,0.012000,-0.703000,0.000000,-0.524000,0.525000,-0.011000,0.004000,0.000000,0.005000,-0.011000,2.222000,0.040162,1.085569,-0.617794,-0.066132,-0.311493,0.091052
3.2172,61.4830,0.000000,0.012000,-0.703000,0.000000,-0.524000,0.525000,-0.011000,0.004000,0.000000,0.005000,-0.011000,2.222000,0.040162,1.085569,-0.617794,-0.066132,-0.311493,0.091052
3.2193,61.7350,0.000000,0.012000,-0.703000,0.000000,-0.524000,0.525000,0.006000,-0.001000,-0.003000,0.005000,-0.011000,2.222000,0.009450,1.071394,-0.626062,-0.066132,-0.311493,0.091052
3.2213,61.9870,0.000000,0.012000,-0.703000,0.000000,-0.524000,0.541000,0.006000,-0.001000,-0.003000,-0.017000,-0.001000,2.279000,0.009450,1.071394,-0.626062,-0.069008,-0.316285,0.065174
3.2235,62.2510,0.000000,0.012000,-0.703000,0.000000,-0.524000,0.541000,0.006000,-0.001000,-0.003000,-0.017000,-0.001000,2.279000,0.009450,1.071394,-0.626062,-0.069008,-0.316285,0.065174
3.2256,62.5030,0.000000,0.012000,-0.703000,0.000000,-0.524000,0.541000,0.014000,0.001000,0.000000,0.000000,0.005000,2.279000,0.000000,1.091475,-0.626062,-0.077634,-0.314368,0.065174
3.2276,62.7540,0.000000,0.012000,-0.703000,0.000000,-0.524000,0.541000,0.014000,0.001000,0.000000,0.000000,0.005000,2.279000,0.000000,1.091475,-0.626062,-0.077634,-0.314368,0.065174
3.2297,63.0000,0.000000,0.012000,-0.703000,0.000000,-0.524000,0.557000,0.000000,0.001000,0.000000,0.000000,-0.003000,2.262000,0.028350,1.091475,-0.626062,-0.077634,-0.325870,0.020127
3.2317,63.2500,0.000000,0.012000,-0.703000,0.000000,-0.524000,0.557000,0.000000,0.001000,0.000000,0.000000,-0.003000,2.262000,0.028350,1.091475,-0.626062,-0.077634,-0.325870,0.020127
3.2338,63.5010,0.000000,0.012000,-0.703000,0.000000,-0.524000,0.557000,0.000000,0.001000,0.000000,0.000000,-0.003000,2.262000,0.028350,1.091475,-0.626062,-0.077634,-0.325870,0.020127
3.2359,63.7510,0.000000,0.012000,-0.703000,0.000000,-0.524000,0.573000,0.000000,0.001000,-0.003000,-0.028000,-0.003000,2.182000,0.028350,1.080844,-0.623700,-0.078592,-0.325870,0.087218
3.2379,64.0000,0.000000,0.012000,-0.703000,0.000000,-0.524000,0.573000,0.000000,0.001000,-0.003000,-0.028000,-0.003000,2.182000,0.028350,1.080844,-0.623700,-0.078592,-0.325870,0.087218
3.2400,64.2480,0.000000,0.012000,-0.703000,0.000000,-0.524000,0.588000,-0.002000,0.000000,0.005000,-0.021000,0.015000,2.274000,0.031894,1.096200,-0.635512,-0.063257,-0.322994,0.034504
3.2420,64.4960,0.000000,0.012000,-0.703000,0.000000,-0.524000,0.588000,-0.002000,0.000000,0.005000,-0.021000,0.015000,2.274000,0.031894,1.096200,-0.635512,-0.063257,-0.322994,0.034504
3.2442,64.7500,0.000000,0.012000,-0.703000,0.000000,-0.524000,0.588000,0.000000,0.001000,0.000000,0.023000,0.021000,2.274000,0.034256,1.089112,-0.636694,-0.085301,-0.332579,0.034504
3.2462,64.9970,0.000000,0.012000,-0.703000,0.000000,-0.524000,0.588000,0.000000,0.001000,0.000000,0.023000,0.021000,2.274000,0.034256,1.089112,-0.636694,-0.085301,-0.332579,0.034504
3.2484,65.2640,0.000000,0.012000,-0.703000,0.000000,-0.524000,0.588000,0.000000,0.001000,0.000000,0.023000,0.021000,2.274000,0.034256,1.089112,-0.636694,-0.085301,-0.332579,0.034504
3.2505,65.5100,0.000000,0.012000,-0.703000,0.000000,-0.524000,0.604000,0.000000,0.001000,0.000000,0.023000,0.030000,2.291000,0.034256,1.089112,-0.636694,-0.085301,-0.336412,0.070925
3.2526,65.7570,0.000000,0.012000,-0.703000,0.000000,-0.524000,0.604000,0.000000,0.001000,0.000000,0.023000,0.030000,2.291000,0.034256,1.089112,-0.636694,-0.085301,-0.336412,0.070925
3.2546,66.0030,0.000000,0.012000,-0.703000,0.000000,-0.524000,0.604000,-0.003000,-0.003000,-0.006000,-0.001000,0.030000,2.291000,0.030713,1.092656,-0.622519,-0.079551,-0.336412,0.070925
3.2567,66.2450,0.000000,0.012000,-0.703000,0.000000,-0.524000,0.620000,-0.003000,-0.003000,-0.006000,-0.001000,0.030000,2.237000,0.030713,1.092656,-0.622519,-0.079551,-0.336412,0.100636
3.2589,66.5040,0.000000,0.012000,-0.703000,0.000000,-0.524000,0.620000,-0.003000,-0.003000,-0.006000,-0.001000,0.030000,2.237000,0.030713,1.092656,-0.622519,-0.079551,-0.336412,0.100636
3.2609,66.7490,0.000000,0.012000,-0.703000,0.000000,-0.524000,0.620000,0.000000,-0.002000,0.000000,0.000000,0.013000,2.237000,0.034256,1.091475,-0.629606,-0.065174,-0.334496,0.100636
3.2631,67.0110,0.000000,0.012000,-0.703000,0.000000,-0.524000,0.620000,0.000000,-0.002000,0.000000,0.000000,0.013000,2.237000,0.034256,1.091475,-0.629606,-0.065174,-0.334496,0.100636
3.2652,67.2540,0.000000,0.012000,-0.703000,0.000000,-0.524000,0.635000,-0.001000,-0.002000,0.000000,0.000000,0.013000,2.274000,0.035438,1.091475,-0.629606,-0.065174,-0.332579,0.106387
3.2673,67.4970,0.000000,0.012000,-0.703000,0.000000,-0.524000,0.635000,-0.001000,-0.002000,0.000000,0.000000,0.013000,2.274000,0.035438,1.091475,-0.629606,-0.065174,-0.332579,0.106387
3.2697,67.7830,0.000000,0.012000,-0.703000,0.000000,-0.524000,0.635000,-0.001000,0.003000,0.000000,0.000000,0.013000,2.274000,0.035438,1.082025,-0.621337,-0.078592,-0.332579,0.106387
3.2718,68.0260,0.000000,0.012000,-0.703000,0.000000,-0.524000,0.651000,-0.001000,0.003000,0.000000,0.000000,0.013000,2.277000,0.035438,1.082025,-0.621337,-0.078592,-0.332579,0.066132
3.2739,68.2750,0.000000,0.012000,-0.703000,0.000000,-0.524000,0.651000,0.005000,0.000000,0.000000,0.000000,0.013000,2.277000,0.015356,1.090294,-0.631969,-0.078592,-0.332579,0.066132
3.2760,68.5170,0.000000,0.012000,-0.703000,0.000000,-0.524000,0.667000,0.005000,0.000000,0.000000,0.019000,0.011000,2.228000,0.015356,1.090294,-0.631969,-0.093927,-0.330662,0.071883
3.2783,68.7900,0.000000,0.012000,-0.703000,0.000000,-0.524000,0.667000,0.005000,0.000000,0.000000,0.019000,0.011000,2.228000,0.015356,1.090294,-0.631969,-0.093927,-0.330662,0.071883
3.2804,69.0300,0.000000,0.012000,-0.703000,0.000000,-0.524000,0.667000,0.000000,0.000000,0.001000,0.011000,-0.026000,2.228000,0.021263,1.084387,-0.630787,-0.081467,-0.325870,0.071883
3.2824,69.2700,0.000000,0.012000,-0.703000,0.000000,-0.524000,0.667000,0.000000,0.000000,0.001000,0.011000,-0.026000,2.228000,0.021263,1.084387,-0.630787,-0.081467,-0.325870,0.071883
3.2845,69.5090,0.000000,0.012000,-0.703000,0.000000,-0.524000,0.667000,0.000000,0.000000,0.001000,0.011000,-0.026000,2.228000,0.021263,1.084387,-0.630787,-0.081467,-0.325870,0.071883
3.2866,69.7480,0.000000,0.012000,-0.703000,0.000000,-0.524000,0.682000,0.000000,0.000000,0.001000,0.011000,-0.021000,2.251000,0.021263,1.084387,-0.630787,-0.081467,-0.326828,0.069008
3.2887,69.9980,0.000000,0.012000,-0.703000,0.000000,-0.524000,0.682000,-0.005000,0.000000,0.001000,0.011000,-0.021000,2.251000,0.029531,1.084387,-0.630787,-0.081467,-0.326828,0.069008
3.2908,70.2360,0.000000,0.012000,-0.703000,0.000000,-0.524000,0.698000,-0.005000,0.000000,-0.006000,-0.013000,-0.021000,2.231000,0.029531,1.087931,-0.622519,-0.067091,-0.326828,0.055590
3.2929,70.4730,0.000000,0.012000,-0.703000,0.000000,-0.524000,0.698000,-0.005000,0.000000,-0.006000,-0.013000,-0.021000,2.231000,0.029531,1.087931,-0.622519,-0.067091,-0.326828,0.055590
3.2950,70.7170,0.000000,0.012000,-0.703000,0.000000,-0.524000,0.698000,-0.002000,0.000000,0.000000,0.011000,0.005000,2.231000,0.027169,1.078481,-0.623700,-0.088176,-0.334496,0.055590
3.2971,70.9530,0.000000,0.012000,-0.703000,0.000000,-0.524000,0.698000,-0.002000,0.000000,0.000000,0.011000,0.005000,2.231000,0.027169,1.078481,-0.623700,-0.088176,-0.334496,0.055590
3.2992,71.1930,0.000000,0.012000,-0.703000,0.000000,-0.524000,0.713000,-0.009000,0.000000,0.000000,0.011000,-0.021000,2.199000,0.033075,1.078481,-0.623700,-0.088176,-0.332579,0.068049
3.3012,71.4280,0.000000,0.012000,-0.703000,0.000000,-0.524000,0.713000,-0.009000,0.000000,0.000000,0.011000,-0.021000,2.199000,0.033075,1.078481,-0.623700,-0.088176,-0.332579,0.068049
3.3034,71.6750,0.000000,0.012000,-0.703000,0.000000,-0.524000,0.713000,-0.009000,0.000000,0.000000,0.011000,-0.021000,2.199000,0.033075,1.078481,-0.623700,-0.088176,-0.332579,0.068049
3.3055,71.9090,0.000000,0.012000,-0.703000,0.000000,-0.524000,0.729000,-0.009000,0.003000,-0.003000,0.003000,-0.021000,2.197000,0.033075,1.085569,-0.643781,-0.087218,-0.332579,0.069966
3.3075,72.1430,0.000000,0.012000,-0.703000,0.000000,-0.524000,0.729000,-0.009000,0.003000,-0.003000,0.003000,-0.021000,2.197000,0.033075,1.085569,-0.643781,-0.087218,-0.332579,0.069966
3.3098,72.3920,0.000000,0.012000,-0.703000,0.000000,-0.524000,0.729000,-0.008000,0.000000,0.002000,0.026000,0.017000,2.197000,0.038981,1.090294,-0.643781,-0.097761,-0.328745,0.069966
3.3118,72.6240,0.000000,0.012000,-0.703000,0.000000,-0.524000,0.745000,-0.008000,0.000000,0.002000,0.026000,0.017000,2.283000,0.038981,1.090294,-0.643781,-0.097761,-0.328745,0.139932
3.3139,72.8560,0.000000,0.012000,-0.703000,0.000000,-0.524000,0.745000,0.005000,-0.001000,-0.002000,0.026000,0.017000,2.283000,-0.009450,1.093837,-0.620156,-0.097761,-0.328745,0.139932
3.3160,73.0860,0.000000,0.012000,-0.703000,0.000000,-0.524000,0.745000,0.005000,-0.001000,-0.002000,-0.007000,0.015000,2.283000,-0.009450,1.093837,-0.620156,-0.070925,-0.337371,0.139932
3.3184,73.3590,0.000000,0.012000,-0.703000,0.000000,-0.524000,0.745000,0.005000,-0.001000,-0.002000,-0.007000,0.015000,2.283000,-0.009450,1.093837,-0.620156,-0.070925,-0.337371,0.139932
3.3205,73.5880,0.000000,0.012000,-0.703000,0.000000,-0.524000,0.760000,0.005000,-0.001000,-0.002000,-0.007000,0.011000,2.145000,-0.009450,1.093837,-0.620156,-0.070925,-0.345038,0.078592
3.3225,73.8160,0.000000,0.012000,-0.703000,0.000000,-0.524000,0.760000,0.005000,-0.001000,-0.002000,-0.007000,0.011000,2.145000,-0.009450,1.093837,-0.620156,-0.070925,-0.345038,0.078592
3.3246,74.0470,0.000000,0.012000,-0.703000,0.000000,-0.524000,0.776000,0.015000,0.002000,0.001000,-0.067000,0.011000,2.281000,-0.011813,1.074938,-0.627244,-0.042171,-0.345038,0.058465
3.3267,74.2700,0.000000,0.012000,-0.703000,0.000000,-0.524000,0.776000,0.015000,0.002000,0.001000,-0.067000,0.011000,2.281000,-0.011813,1.074938,-0.627244,-0.042171,-0.345038,0.058465
3.3287,74.4970,0.000000,0.012000,-0.703000,0.000000,-0.524000,0.776000,0.015000,0.002000,0.001000,-0.067000,0.011000,2.281000,-0.011813,1.074938,-0.627244,-0.042171,-0.345038,0.058465
3.3308,74.7230,0.000000,0.012000,-0.703000,0.000000,-0.524000,0.776000,0.001000,-0.001000,0.001000,0.032000,0.001000,2.281000,0.016537,1.092656,-0.624881,-0.088176,-0.331620,0.058465
3.3329,74.9490,0.000000,0.012000,-0.703000,0.000000,-0.524000,0.776000,0.001000,-0.001000,0.001000,0.032000,0.001000,2.281000,0.016537,1.092656,-0.624881,-0.088176,-0.331620,0.058465
3.3350,75.1790,0.000000,0.012000,-0.703000,0.000000,-0.524000,0.791000,-0.003000,-0.001000,0.001000,0.032000,0.015000,2.182000,0.030713,1.092656,-0.624881,-0.088176,-0.354623,0.078592
3.3370,75.4020,0.000000,0.012000,-0.703000,0.000000,-0.524000,0.791000,-0.003000,-0.001000,0.001000,0.032000,0.015000,2.182000,0.030713,1.092656,-0.624881,-0.088176,-0.354623,0.078592
3.3391,75.6250,0.000000,0.012000,-0.703000,0.000000,-0.524000,0.791000,-0.003000,-0.005000,-0.001000,-0.023000,0.015000,2.182000,0.030713,1.085569,-0.630787,-0.085301,-0.354623,0.078592
3.3412,75.8480,0.000000,0.012000,-0.703000,0.000000,-0.524000,0.807000,-0.003000,-0.005000,-0.001000,-0.023000,0.015000,2.137000,0.030713,1.085569,-0.630787,-0.085301,-0.354623,0.112137
3.3433,76.0750,0.000000,0.012000,-0.703000,0.000000,-0.524000,0.807000,-0.003000,-0.005000,-0.001000,-0.023000,0.015000,2.137000,0.030713,1.085569,-0.630787,-0.085301,-0.354623,0.112137
3.3453,76.2950,0.000000,0.012000,-0.703000,0.000000,-0.524000,0.822000,0.000000,0.000000,0.004000,0.000000,-0.011000,2.212000,0.022444,1.089112,-0.623700,-0.082426,-0.335454,0.083384
3.3474,76.5140,0.000000,0.012000,-0.703000,0.000000,-0.524000,0.822000,0.000000,0.000000,0.004000,0.000000,-0.011000,2.212000,0.022444,1.089112,-0.623700,-0.082426,-0.335454,0.083384
3.3499,76.7850,0.000000,0.012000,-0.703000,0.000000,-0.524000,0.822000,-0.002000,0.000000,0.004000,0.026000,0.021000,2.212000,0.023625,1.095019,-0.650869,-0.083384,-0.323953,0.083384
3.3520,77.0040,0.000000,0.012000,-0.703000,0.000000,-0.524000,0.822000,-0.002000,0.000000,0.004000,0.026000,0.021000,2.212000,0.023625,1.095019,-0.650869,-0.083384,-0.323953,0.083384
3.3542,77.2400,0.000000,0.012000,-0.703000,0.000000,-0.524000,0.822000,-0.002000,0.000000,0.004000,0.026000,0.007000,2.212000,0.023625,1.095019,-0.650869,-0.083384,-0.350789,0.083384
3.3563,77.4570,0.000000,0.012000,-0.703000,0.000000,-0.524000,0.837000,-0.002000,0.000000,0.004000,0.026000,0.007000,2.224000,0.023625,1.095019,-0.650869,-0.083384,-0.350789,0.069008
3.3586,77.6940,0.000000,0.012000,-0.703000,0.000000,-0.524000,0.837000,-0.003000,0.000000,0.004000,0.026000,0.007000,2.224000,0.024806,1.095019,-0.650869,-0.083384,-0.350789,0.069008
3.3606,77.9100,0.000000,0.012000,-0.703000,0.000000,-0.524000,0.852000,-0.003000,-0.001000,0.002000,-0.003000,0.007000,2.162000,0.024806,1.087931,-0.633150,-0.082426,-0.350789,0.088176
3.3627,78.1210,0.000000,0.012000,-0.703000,0.000000,-0.524000,0.852000,-0.003000,-0.001000,0.002000,-0.003000,0.007000,2.162000,0.024806,1.087931,-0.633150,-0.082426,-0.350789,0.088176
3.3647,78.3360,0.000000,0.012000,-0.703000,0.000000,-0.524000,0.852000,-0.003000,-0.001000,0.000000,-0.028000,0.021000,2.162000,0.023625,1.093837,-0.631969,-0.065174,-0.339288,0.088176
3.3668,78.5500,0.000000,0.012000,-0.703000,0.000000,-0.524000,0.852000,-0.003000,-0.001000,0.000000,-0.028000,0.021000,2.162000,0.023625,1.093837,-0.631969,-0.065174,-0.339288,0.088176
3.3689,78.7630,0.000000,0.012000,-0.703000,0.000000,-0.524000,0.852000,0.000000,-0.001000,0.000000,-0.028000,0.021000,2.162000,0.020081,1.093837,-0.631969,-0.065174,-0.339288,0.088176
3.3709,78.9750,0.000000,0.012000,-0.703000,0.000000,-0.524000,0.868000,0.000000,-0.001000,0.000000,-0.028000,-0.019000,2.199000,0.020081,1.093837,-0.631969,-0.065174,-0.335454,0.092969
3.3730,79.1850,0.000000,0.012000,-0.703000,0.000000,-0.524000,0.868000,0.000000,-0.001000,0.000000,-0.028000,-0.019000,2.199000,0.020081,1.093837,-0.631969,-0.065174,-0.335454,0.092969
3.3754,79.4280,0.000000,0.012000,-0.703000,0.000000,-0.524000,0.884000,0.000000,-0.001000,0.001000,0.021000,-0.019000,2.216000,0.020081,1.105650,-0.640238,-0.088176,-0.335454,0.011501
3.3775,79.6380,0.000000,0.012000,-0.703000,0.000000,-0.524000,0.884000,0.000000,-0.001000,0.001000,0.021000,-0.019000,2.216000,0.020081,1.105650,-0.640238,-0.088176,-0.335454,0.011501
3.3795,79.8470,0.000000,0.012000,-0.703000,0.000000,-0.524000,0.884000,-0.001000,0.000000,-0.007000,0.015000,-0.001000,2.216000,0.016537,1.089112,-0.623700,-0.099678,-0.362290,0.011501
3.3816,80.0560,0.000000,0.012000,-0.703000,0.000000,-0.524000,0.898000,-0.001000,0.000000,-0.007000,0.015000,-0.001000,2.128000,0.016537,1.089112,-0.623700,-0.099678,-0.362290,0.104470
3.3837,80.2700,0.000000,0.012000,-0.703000,0.000000,-0.524000,0.898000,0.004000,0.000000,-0.004000,0.015000,-0.001000,2.128000,0.003544,1.090294,-0.618975,-0.099678,-0.362290,0.104470
3.3858,80.4760,0.000000,0.012000,-0.703000,0.000000,-0.524000,0.898000,0.004000,0.000000,-0.004000,-0.021000,0.015000,2.128000,0.003544,1.090294,-0.618975,-0.052714,-0.345997,0.104470
3.3879,80.6810,0.000000,0.012000,-0.703000,0.000000,-0.524000,0.898000,0.004000,0.000000,-0.004000,-0.021000,0.015000,2.128000,0.003544,1.090294,-0.618975,-0.052714,-0.345997,0.104470
3.3900,80.8910,0.000000,0.012000,-0.703000,0.000000,-0.524000,0.913000,0.004000,0.000000,-0.004000,-0.021000,-0.015000,2.176000,0.003544,1.090294,-0.618975,-0.052714,-0.335454,0.086260
3.3921,81.0950,0.000000,0.012000,-0.703000,0.000000,-0.524000,0.913000,0.004000,0.000000,-0.004000,-0.021000,-0.015000,2.176000,0.003544,1.090294,-0.618975,-0.052714,-0.335454,0.086260
3.3941,81.2970,0.000000,0.012000,-0.703000,0.000000,-0.524000,0.913000,0.002000,-0.002000,0.000000,-0.021000,-0.015000,2.176000,-0.002363,1.077300,-0.633150,-0.052714,-0.335454,0.086260
3.3962,81.4990,0.000000,0.012000,-0.703000,0.000000,-0.524000,0.929000,0.002000,-0.002000,0.000000,0.038000,-0.015000,2.137000,-0.002363,1.077300,-0.633150,-0.084343,-0.335454,0.076675
3.3983,81.7050,0.000000,0.012000,-0.703000,0.000000,-0.524000,0.929000,0.002000,-0.002000,0.000000,0.038000,-0.015000,2.137000,-0.002363,1.077300,-0.633150,-0.084343,-0.335454,0.076675
3.4004,81.9050,0.000000,0.012000,-0.703000,0.000000,-0.524000,0.929000,0.003000,0.002000,0.000000,-0.013000,0.028000,2.137000,0.005906,1.082025,-0.622519,-0.087218,-0.366124,0.076675
3.4024,82.1040,0.000000,0.012000,-0.703000,0.000000,-0.524000,0.929000,0.003000,0.002000,0.000000,-0.013000,0.028000,2.137000,0.005906,1.082025,-0.622519,-0.087218,-0.366124,0.076675
3.4046,82.3140,0.000000,0.012000,-0.703000,0.000000,-0.524000,0.944000,0.001000,0.002000,0.000000,-0.013000,-0.001000,2.141000,0.011813,1.082025,-0.622519,-0.087218,-0.361332,0.060382
3.4067,82.5140,0.000000,0.012000,-0.703000,0.000000,-0.524000,0.944000,0.001000,0.002000,0.000000,-0.013000,-0.001000,2.141000,0.011813,1.082025,-0.622519,-0.087218,-0.361332,0.060382
3.4094,82.7680,0.000000,0.012000,-0.703000,0.000000,-0.524000,0.959000,0.001000,-0.004000,0.003000,-0.019000,-0.001000,2.113000,0.011813,1.079662,-0.628425,-0.082426,-0.361332,0.085301
3.4114,82.9630,0.000000,0.012000,-0.703000,0.000000,-0.524000,0.959000,0.001000,-0.004000,0.003000,-0.019000,-0.001000,2.113000,0.011813,1.079662,-0.628425,-0.082426,-0.361332,0.085301
3.4135,83.1600,0.000000,0.012000,-0.703000,0.000000,-0.524000,0.959000,0.001000,-0.004000,0.003000,-0.019000,-0.001000,2.113000,0.011813,1.079662,-0.628425,-0.082426,-0.361332,0.085301
3.4156,83.3540,0.000000,0.012000,-0.703000,0.000000,-0.524000,0.974000,-0.003000,0.000000,0.000000,0.015000,0.019000,2.162000,0.028350,1.087931,-0.633150,-0.073800,-0.341205,0.094886
3.4176,83.5470,0.000000,0.012000,-0.703000,0.000000,-0.524000,0.974000,-0.003000,0.000000,0.000000,0.015000,0.019000,2.162000,0.028350,1.087931,-0.633150,-0.073800,-0.341205,0.094886
3.4198,83.7480,0.000000,0.012000,-0.703000,0.000000,-0.524000,0.974000,0.000000,0.000000,0.000000,0.000000,0.015000,2.162000,0.024806,1.093837,-0.636694,-0.068049,-0.355581,0.094886
3.4219,83.9390,0.000000,0.012000,-0.703000,0.000000,-0.524000,0.974000,0.000000,0.000000,0.000000,0.000000,0.015000,2.162000,0.024806,1.093837,-0.636694,-0.068049,-0.355581,0.094886
3.4240,84.1370,0.000000,0.012000,-0.703000,0.000000,-0.524000,0.974000,0.000000,0.000000,0.000000,0.000000,0.015000,2.162000,0.024806,1.093837,-0.636694,-0.068049,-0.355581,0.094886
3.4261,84.3260,0.000000,0.012000,-0.703000,0.000000,-0.524000,0.988000,0.000000,0.000000,0.000000,0.000000,0.023000,2.093000,0.024806,1.093837,-0.636694,-0.068049,-0.348872,0.072841
3.4283,84.5300,0.000000,0.012000,-0.703000,0.000000,-0.524000,0.988000,0.000000,0.000000,0.000000,0.000000,0.023000,2.093000,0.024806,1.093837,-0.636694,-0.068049,-0.348872,0.072841
3.4304,84.7170,0.000000,0.012000,-0.703000,0.000000,-0.524000,1.004000,-0.004000,0.000000,0.000000,0.013000,0.023000,2.159000,0.036619,1.080844,-0.636694,-0.077634,-0.348872,0.037379
3.4325,84.9040,0.000000,0.012000,-0.703000,0.000000,-0.524000,1.004000,-0.004000,0.000000,0.000000,0.013000,0.023000,2.159000,0.036619,1.080844,-0.636694,-0.077634,-0.348872,0.037379
3.4346,85.0970,0.000000,0.012000,-0.703000,0.000000,-0.524000,1.004000,-0.006000,-0.001000,-0.003000,0.005000,0.001000,2.159000,0.041344,1.096200,-0.635512,-0.071883,-0.345997,0.037379
3.4367,85.2810,0.000000,0.012000,-0.703000,0.000000,-0.524000,1.004000,-0.006000,-0.001000,-0.003000,0.005000,0.001000,2.159000,0.041344,1.096200,-0.635512,-0.071883,-0.345997,0.037379
3.4388,85.4720,0.000000,0.012000,-0.703000,0.000000,-0.524000,1.004000,-0.006000,-0.001000,-0.003000,0.005000,0.001000,2.159000,0.031894,1.096200,-0.635512,-0.071883,-0.345997,0.037379
3.4409,85.6550,0.000000,0.012000,-0.703000,0.000000,-0.524000,1.018000,-0.006000,0.000000,-0.003000,0.005000,-0.026000,2.095000,0.031894,1.097381,-0.635512,-0.071883,-0.340246,0.077634
3.4430,85.8370,0.000000,0.012000,-0.703000,0.000000,-0.524000,1.018000,-0.006000,0.000000,-0.003000,0.005000,-0.026000,2.095000,0.031894,1.097381,-0.635512,-0.071883,-0.340246,0.077634
3.4450,86.0160,0.000000,0.012000,-0.703000,0.000000,-0.524000,1.033000,-0.006000,0.000000,0.001000,0.001000,-0.026000,2.109000,0.031894,1.097381,-0.611887,-0.084343,-0.340246,0.062299
3.4471,86.1960,0.000000,0.012000,-0.703000,0.000000,-0.524000,1.033000,-0.006000,0.000000,0.001000,0.001000,-0.026000,2.109000,0.031894,1.097381,-0.611887,-0.084343,-0.340246,0.062299
3.4492,86.3830,0.000000,0.012000,-0.703000,0.000000,-0.524000,1.033000,-0.002000,0.000000,0.002000,0.011000,-0.026000,2.109000,0.036619,1.100925,-0.634331,-0.064215,-0.340246,0.062299
3.4513,86.5600,0.000000,0.012000,-0.703000,0.000000,-0.524000,1.048000,-0.002000,0.000000,0.002000,0.011000,-0.017000,2.107000,0.036619,1.100925,-0.634331,-0.064215,-0.344080,0.050797
3.4535,86.7510,0.000000,0.012000,-0.703000,0.000000,-0.524000,1.048000,-0.002000,0.000000,0.002000,0.011000,-0.017000,2.107000,0.036619,1.100925,-0.634331,-0.064215,-0.344080,0.050797
3.4556,86.9270,0.000000,0.012000,-0.703000,0.000000,-0.524000,1.048000,-0.002000,0.000000,0.004000,-0.001000,-0.015000,2.107000,0.027169,1.090294,-0.618975,-0.084343,-0.350789,0.050797
3.4577,87.1010,0.000000,0.012000,-0.703000,0.000000,-0.524000,1.048000,-0.002000,0.000000,0.004000,-0.001000,-0.015000,2.107000,0.027169,1.090294,-0.618975,-0.084343,-0.350789,0.050797
3.4598,87.2760,0.000000,0.012000,-0.703000,0.000000,-0.524000,1.063000,-0.002000,0.000000,0.004000,-0.001000,0.005000,2.074000,0.027169,1.090294,-0.618975,-0.084343,-0.365166,0.076675
3.4618,87.4480,0.000000,0.012000,-0.703000,0.000000,-0.524000,1.063000,-0.002000,0.000000,0.004000,-0.001000,0.005000,2.074000,0.027169,1.090294,-0.618975,-0.084343,-0.365166,0.076675
3.4640,87.6270,0.000000,0.012000,-0.703000,0.000000,-0.524000,1.063000,-0.008000,0.000000,0.004000,-0.001000,0.005000,2.074000,0.033075,1.090294,-0.618975,-0.084343,-0.365166,0.076675
3.4660,87.7970,0.000000,0.012000,-0.703000,0.000000,-0.524000,1.077000,-0.008000,-0.001000,0.002000,0.032000,0.005000,2.026000,0.033075,1.079662,-0.618975,-0.086260,-0.365166,0.110221
3.4684,87.9890,0.000000,0.012000,-0.703000,0.000000,-0.524000,1.077000,-0.008000,-0.001000,0.002000,0.032000,0.005000,2.026000,0.033075,1.079662,-0.618975,-0.086260,-0.365166,0.110221
3.4704,88.1570,0.000000,0.012000,-0.703000,0.000000,-0.524000,1.077000,0.004000,-0.001000,0.006000,-0.030000,-0.021000,2.026000,0.044887,1.085569,-0.637875,-0.054631,-0.356540,0.110221
3.4725,88.3240,0.000000,0.012000,-0.703000,0.000000,-0.524000,1.077000,0.004000,-0.001000,0.006000,-0.030000,-0.021000,2.026000,0.044887,1.085569,-0.637875,-0.054631,-0.356540,0.110221
3.4746,88.4920,0.000000,0.012000,-0.703000,0.000000,-0.524000,1.077000,-0.004000,0.000000,0.006000,-0.030000,-0.021000,2.026000,0.041344,1.089112,-0.637875,-0.054631,-0.356540,0.110221
3.4766,88.6560,0.000000,0.012000,-0.703000,0.000000,-0.524000,1.092000,-0.004000,0.000000,0.006000,-0.030000,-0.015000,2.118000,0.041344,1.089112,-0.637875,-0.054631,-0.345997,0.080509
3.4787,88.8170,0.000000,0.012000,-0.703000,0.000000,-0.524000,1.092000,-0.004000,0.000000,0.006000,-0.030000,-0.015000,2.118000,0.041344,1.089112,-0.637875,-0.054631,-0.345997,0.080509
3.4807,88.9800,0.000000,0.012000,-0.703000,0.000000,-0.524000,1.106000,-0.004000,0.000000,-0.005000,0.009000,-0.015000,2.093000,0.041344,1.089112,-0.634331,-0.075717,-0.345997,0.072841
3.4828,89.1420,0.000000,0.012000,-0.703000,0.000000,-0.524000,1.106000,-0.004000,0.000000,-0.005000,0.009000,-0.015000,2.093000,0.041344,1.089112,-0.634331,-0.075717,-0.345997,0.072841
3.4851,89.3220,0.000000,0.012000,-0.703000,0.000000,-0.524000,1.120000,0.000000,0.001000,0.006000,0.005000,0.028000,1.998000,0.027169,1.092656,-0.623700,-0.076675,-0.370916,0.092010
3.4872,89.4810,0.000000,0.012000,-0.703000,0.000000,-0.524000,1.120000,0.000000,0.001000,0.006000,0.005000,0.028000,1.998000,0.027169,1.092656,-0.623700,-0.076675,-0.370916,0.092010
3.4898,89.6800,0.000000,0.012000,-0.703000,0.000000,-0.524000,1.120000,-0.002000,0.000000,0.004000,-0.013000,-0.005000,1.998000,0.043706,1.089112,-0.636694,-0.084343,-0.362290,0.092010
3.4918,89.8370,0.000000,0.012000,-0.703000,0.000000,-0.524000,1.120000,-0.002000,0.000000,0.004000,-0.013000,-0.005000,1.998000,0.043706,1.089112,-0.636694,-0.084343,-0.362290,0.092010
3.4941,90.0110,0.000000,0.012000,-0.703000,0.000000,-0.524000,1.134000,-0.002000,0.000000,0.004000,-0.013000,0.017000,2.065000,0.043706,1.089112,-0.636694,-0.084343,-0.365166,0.088176
3.4962,90.1660,0.000000,0.012000,-0.703000,0.000000,-0.524000,1.134000,-0.002000,0.000000,0.004000,-0.013000,0.017000,2.065000,0.043706,1.089112,-0.636694,-0.084343,-0.365166,0.088176
3.4984,90.3300,0.000000,0.012000,-0.703000,0.000000,-0.524000,1.134000,-0.002000,0.000000,0.004000,-0.013000,0.017000,2.065000,0.043706,1.089112,-0.636694,-0.084343,-0.365166,0.088176
3.5004,90.4830,0.000000,0.012000,-0.703000,0.000000,-0.524000,1.149000,-0.002000,-0.001000,0.002000,0.015000,0.017000,2.005000,0.030713,1.096200,-0.616613,-0.073800,-0.365166,0.069008
3.5025,90.6340,0.000000,0.012000,-0.703000,0.000000,-0.524000,1.149000,-0.002000,-0.001000,0.002000,0.015000,0.017000,2.005000,0.030713,1.096200,-0.616613,-0.073800,-0.365166,0.069008
3.5046,90.7900,0.000000,0.012000,-0.703000,0.000000,-0.524000,1.149000,-0.001000,0.002000,0.000000,0.005000,0.007000,2.005000,0.025987,1.085569,-0.633150,-0.093927,-0.364207,0.069008
3.5067,90.9370,0.000000,0.012000,-0.703000,0.000000,-0.524000,1.149000,-0.001000,0.002000,0.000000,0.005000,0.007000,2.005000,0.025987,1.085569,-0.633150,-0.093927,-0.364207,0.069008
3.5089,91.0990,0.000000,0.012000,-0.703000,0.000000,-0.524000,1.149000,-0.001000,0.002000,0.000000,0.005000,0.007000,2.005000,0.025987,1.085569,-0.633150,-0.093927,-0.364207,0.069008
3.5110,91.2470,0.000000,0.012000,-0.703000,0.000000,-0.524000,1.163000,0.012000,-0.001000,0.000000,0.005000,0.009000,2.030000,0.018900,1.097381,-0.633150,-0.093927,-0.357498,0.069966
3.5131,91.3980,0.000000,0.012000,-0.703000,0.000000,-0.524000,1.163000,0.012000,-0.001000,0.000000,0.005000,0.009000,2.030000,0.018900,1.097381,-0.633150,-0.093927,-0.357498,0.069966
3.5152,91.5430,0.000000,0.012000,-0.703000,0.000000,-0.524000,1.177000,0.012000,-0.001000,0.007000,0.000000,0.009000,2.013000,0.018900,1.097381,-0.621337,-0.075717,-0.357498,0.030670
3.5173,91.6870,0.000000,0.012000,-0.703000,0.000000,-0.524000,1.177000,0.012000,-0.001000,0.007000,0.000000,0.009000,2.013000,0.018900,1.097381,-0.621337,-0.075717,-0.357498,0.030670
3.5195,91.8420,0.000000,0.012000,-0.703000,0.000000,-0.524000,1.191000,0.001000,0.000000,0.007000,-0.003000,0.005000,2.015000,0.029531,1.089112,-0.615431,-0.090093,-0.358457,0.023961
3.5216,91.9830,0.000000,0.012000,-0.703000,0.000000,-0.524000,1.191000,0.001000,0.000000,0.007000,-0.003000,0.005000,2.015000,0.029531,1.089112,-0.615431,-0.090093,-0.358457,0.023961
3.5237,92.1260,0.000000,0.012000,-0.703000,0.000000,-0.524000,1.191000,-0.001000,0.002000,0.007000,-0.003000,0.005000,2.015000,0.017719,1.102106,-0.615431,-0.090093,-0.358457,0.023961
3.5257,92.2650,0.000000,0.012000,-0.703000,0.000000,-0.524000,1.191000,-0.001000,0.002000,-0.001000,0.019000,-0.015000,2.015000,0.017719,1.102106,-0.624881,-0.100636,-0.375708,0.023961
3.5278,92.4030,0.000000,0.012000,-0.703000,0.000000,-0.524000,1.191000,-0.001000,0.002000,-0.001000,0.019000,-0.015000,2.015000,0.017719,1.102106,-0.624881,-0.100636,-0.375708,0.023961
3.5299,92.5410,0.000000,0.012000,-0.703000,0.000000,-0.524000,1.204000,-0.001000,0.002000,-0.001000,0.019000,0.003000,1.892000,0.017719,1.102106,-0.624881,-0.100636,-0.356540,0.146641
3.5319,92.6770,0.000000,0.012000,-0.703000,0.000000,-0.524000,1.204000,-0.001000,0.002000,-0.001000,0.019000,0.003000,1.892000,0.017719,1.102106,-0.624881,-0.100636,-0.356540,0.146641
3.5340,92.8110,0.000000,0.012000,-0.703000,0.000000,-0.524000,1.204000,-0.004000,0.002000,-0.001000,0.019000,0.003000,1.892000,0.031894,1.102106,-0.624881,-0.100636,-0.356540,0.146641
3.5361,92.9450,0.000000,0.012000,-0.703000,0.000000,-0.524000,1.218000,-0.004000,0.000000,0.005000,-0.036000,0.003000,2.059000,0.031894,1.079662,-0.631969,-0.051756,-0.356540,0.076675
3.5384,93.0920,0.000000,0.012000,-0.703000,0.000000,-0.524000,1.218000,-0.004000,0.000000,0.005000,-0.036000,0.003000,2.059000,0.031894,1.079662,-0.631969,-0.051756,-0.356540,0.076675
3.5404,93.2240,0.000000,0.012000,-0.703000,0.000000,-0.524000,1.218000,-0.008000,0.002000,0.001000,0.053000,-0.030000,2.059000,0.036619,1.113919,-0.636694,-0.115013,-0.353664,0.076675
3.5425,93.3540,0.000000,0.012000,-0.703000,0.000000,-0.524000,1.218000,-0.008000,0.002000,0.001000,0.053000,-0.030000,2.059000,0.036619,1.113919,-0.636694,-0.115013,-0.353664,0.076675
3.5446,93.4840,0.000000,0.012000,-0.703000,0.000000,-0.524000,1.218000,0.001000,0.002000,0.001000,0.053000,0.007000,2.059000,0.027169,1.096200,-0.636694,-0.115013,-0.368041,0.076675
3.5467,93.6110,0.000000,0.012000,-0.703000,0.000000,-0.524000,1.232000,0.001000,0.002000,0.001000,0.053000,0.007000,1.980000,0.027169,1.096200,-0.636694,-0.115013,-0.368041,0.120763
3.5489,93.7510,0.000000,0.012000,-0.703000,0.000000,-0.524000,1.232000,0.001000,0.002000,0.001000,0.053000,0.007000,1.980000,0.027169,1.096200,-0.636694,-0.115013,-0.368041,0.120763
3.5510,93.8760,0.000000,0.012000,-0.703000,0.000000,-0.524000,1.246000,0.001000,0.002000,0.000000,-0.011000,0.007000,1.904000,0.027169,1.096200,-0.628425,-0.078592,-0.368041,0.094886
3.5533,94.0130,0.000000,0.012000,-0.703000,0.000000,-0.524000,1.246000,0.001000,0.002000,0.000000,-0.011000,0.007000,1.904000,0.027169,1.096200,-0.628425,-0.078592,-0.368041,0.094886
3.5554,94.1360,0.000000,0.012000,-0.703000,0.000000,-0.524000,1.259000,0.001000,0.000000,0.004000,-0.011000,-0.028000,1.930000,0.021263,1.083206,-0.634331,-0.083384,-0.356540,0.070925
3.5574,94.2580,0.000000,0.012000,-0.703000,0.000000,-0.524000,1.259000,0.001000,0.000000,0.004000,-0.011000,-0.028000,1.930000,0.021263,1.083206,-0.634331,-0.083384,-0.356540,0.070925
3.5595,94.3770,0.000000,0.012000,-0.703000,0.000000,-0.524000,1.259000,0.008000,0.000000,-0.003000,-0.005000,-0.028000,1.930000,0.036619,1.097381,-0.615431,-0.064215,-0.356540,0.070925
3.5616,94.4960,0.000000,0.012000,-0.703000,0.000000,-0.524000,1.259000,0.008000,0.000000,-0.003000,-0.005000,-0.005000,1.930000,0.036619,1.097381,-0.615431,-0.064215,-0.363249,0.070925
3.5637,94.6160,0.000000,0.012000,-0.703000,0.000000,-0.524000,1.259000,0.008000,0.000000,-0.003000,-0.005000,-0.005000,1.930000,0.036619,1.097381,-0.615431,-0.064215,-0.363249,0.070925
3.5657,94.7330,0.000000,0.012000,-0.703000,0.000000,-0.524000,1.273000,0.008000,0.000000,-0.003000,-0.005000,0.001000,1.936000,0.036619,1.097381,-0.615431,-0.064215,-0.366124,0.063257
3.5678,94.8480,0.000000,0.012000,-0.703000,0.000000,-0.524000,1.273000,0.008000,0.000000,-0.003000,-0.005000,0.001000,1.936000,0.036619,1.097381,-0.615431,-0.064215,-0.366124,0.063257
3.5699,94.9620,0.000000,0.012000,-0.703000,0.000000,-0.524000,1.285000,-0.005000,0.000000,0.002000,0.046000,0.001000,1.800000,0.035438,1.093837,-0.647325,-0.130348,-0.366124,0.111179
3.5719,95.0750,0.000000,0.012000,-0.703000,0.000000,-0.524000,1.285000,-0.005000,0.000000,0.002000,0.046000,0.001000,1.800000,0.035438,1.093837,-0.647325,-0.130348,-0.366124,0.111179
3.5740,95.1890,0.000000,0.012000,-0.703000,0.000000,-0.524000,1.285000,-0.020000,-0.002000,-0.003000,-0.055000,0.001000,1.800000,0.051975,1.092656,-0.624881,-0.062299,-0.366124,0.111179
3.5761,95.3000,0.000000,0.012000,-0.703000,0.000000,-0.524000,1.299000,-0.020000,-0.002000,-0.003000,-0.055000,-0.001000,1.871000,0.051975,1.092656,-0.624881,-0.062299,-0.359415,0.088176
3.5784,95.4200,0.000000,0.012000,-0.703000,0.000000,-0.524000,1.299000,-0.020000,-0.002000,-0.003000,-0.055000,-0.001000,1.871000,0.051975,1.092656,-0.624881,-0.062299,-0.359415,0.088176
3.5804,95.5270,0.000000,0.012000,-0.703000,0.000000,-0.524000,1.299000,-0.005000,0.000000,-0.003000,-0.055000,0.003000,1.871000,0.035438,1.092656,-0.624881,-0.062299,-0.359415,0.088176
3.5825,95.6340,0.000000,0.012000,-0.703000,0.000000,-0.524000,1.299000,-0.005000,0.000000,-0.003000,-0.055000,0.003000,1.871000,0.035438,1.092656,-0.624881,-0.062299,-0.359415,0.088176
3.5846,95.7400,0.000000,0.012000,-0.703000,0.000000,-0.524000,1.299000,-0.005000,0.000000,0.002000,0.001000,0.003000,1.871000,0.035438,1.092656,-0.618975,-0.061340,-0.359415,0.088176
3.5866,95.8450,0.000000,0.012000,-0.703000,0.000000,-0.524000,1.312000,-0.005000,0.000000,0.002000,0.001000,0.003000,1.888000,0.035438,1.092656,-0.618975,-0.061340,-0.359415,0.008626
3.5887,95.9450,0.000000,0.012000,-0.703000,0.000000,-0.524000,1.312000,0.012000,0.000000,0.002000,0.001000,0.003000,1.888000,0.001181,1.092656,-0.618975,-0.061340,-0.359415,0.008626
3.5907,96.0470,0.000000,0.012000,-0.703000,0.000000,-0.524000,1.325000,0.012000,0.000000,0.005000,-0.009000,-0.007000,1.790000,0.001181,1.087931,-0.616613,-0.063257,-0.368999,0.054631
3.5928,96.1480,0.000000,0.012000,-0.703000,0.000000,-0.524000,1.325000,0.012000,0.000000,0.005000,-0.009000,-0.007000,1.790000,0.001181,1.087931,-0.616613,-0.063257,-0.368999,0.054631
3.5949,96.2480,0.000000,0.012000,-0.703000,0.000000,-0.524000,1.325000,0.013000,-0.002000,-0.003000,-0.007000,0.001000,1.790000,0.018900,1.091475,-0.631969,-0.078592,-0.365166,0.054631
3.5970,96.3460,0.000000,0.012000,-0.703000,0.000000,-0.524000,1.325000,0.013000,-0.002000,-0.003000,-0.007000,0.001000,1.790000,0.018900,1.091475,-0.631969,-0.078592,-0.365166,0.054631
3.5991,96.4470,0.000000,0.012000,-0.703000,0.000000,-0.524000,1.325000,0.013000,-0.002000,-0.003000,-0.007000,0.001000,1.790000,0.018900,1.091475,-0.631969,-0.078592,-0.365166,0.054631
3.6012,96.5430,0.000000,0.012000,-0.703000,0.000000,-0.524000,1.338000,0.013000,-0.002000,-0.003000,-0.007000,-0.003000,1.825000,0.018900,1.091475,-0.631969,-0.078592,-0.355581,0.092969
3.6033,96.6380,0.000000,0.012000,-0.703000,0.000000,-0.524000,1.338000,0.013000,-0.002000,-0.003000,-0.007000,-0.003000,1.825000,0.018900,1.091475,-0.631969,-0.078592,-0.355581,0.092969
3.6053,96.7300,0.000000,0.012000,-0.703000,0.000000,-0.524000,1.350000,0.000000,0.003000,-0.008000,-0.013000,-0.003000,1.773000,0.024806,1.078481,-0.626062,-0.076675,-0.355581,0.064215
3.6074,96.8220,0.000000,0.012000,-0.703000,0.000000,-0.524000,1.350000,0.000000,0.003000,-0.008000,-0.013000,-0.003000,1.773000,0.024806,1.078481,-0.626062,-0.076675,-0.355581,0.064215
3.6095,96.9120,0.000000,0.012000,-0.703000,0.000000,-0.524000,1.350000,-0.010000,0.000000,-0.001000,0.011000,-0.003000,1.773000,0.049612,1.087931,-0.639056,-0.085301,-0.355581,0.064215
3.6115,97.0020,0.000000,0.012000,-0.703000,0.000000,-0.524000,1.363000,-0.010000,0.000000,-0.001000,0.011000,-0.007000,1.767000,0.049612,1.087931,-0.639056,-0.085301,-0.368041,0.036421
3.6138,97.0990,0.000000,0.012000,-0.703000,0.000000,-0.524000,1.363000,-0.010000,0.000000,-0.001000,0.011000,-0.007000,1.767000,0.049612,1.087931,-0.639056,-0.085301,-0.368041,0.036421
3.6159,97.1850,0.000000,0.012000,-0.703000,0.000000,-0.524000,1.363000,0.002000,0.000000,-0.001000,-0.005000,0.001000,1.767000,0.027169,1.089112,-0.639056,-0.065174,-0.378584,0.036421
3.6179,97.2710,0.000000,0.012000,-0.703000,0.000000,-0.524000,1.363000,0.002000,0.000000,-0.001000,-0.005000,0.001000,1.767000,0.027169,1.089112,-0.639056,-0.065174,-0.378584,0.036421
3.6200,97.3540,0.000000,0.012000,-0.703000,0.000000,-0.524000,1.375000,0.002000,0.000000,0.000000,-0.005000,0.001000,1.702000,0.027169,1.089112,-0.630787,-0.065174,-0.378584,0.084343
3.6221,97.4370,0.000000,0.012000,-0.703000,0.000000,-0.524000,1.375000,0.002000,0.000000,0.000000,-0.005000,0.001000,1.702000,0.027169,1.089112,-0.630787,-0.065174,-0.378584,0.084343
3.6245,97.5340,0.000000,0.012000,-0.703000,0.000000,-0.524000,1.375000,0.004000,-0.003000,-0.001000,0.021000,0.013000,1.702000,0.020081,1.095019,-0.624881,-0.072841,-0.378584,0.084343
3.6266,97.6140,0.000000,0.012000,-0.703000,0.000000,-0.524000,1.387000,0.004000,-0.003000,-0.001000,0.021000,0.013000,1.733000,0.020081,1.095019,-0.624881,-0.072841,-0.378584,0.097761
3.6287,97.6930,0.000000,0.012000,-0.703000,0.000000,-0.524000,1.387000,-0.004000,0.002000,-0.001000,0.021000,0.013000,1.733000,0.036619,1.091475,-0.624881,-0.072841,-0.378584,0.097761
3.6307,97.7700,0.000000,0.012000,-0.703000,0.000000,-0.524000,1.387000,-0.004000,0.002000,0.007000,-0.047000,-0.047000,1.733000,0.036619,1.091475,-0.635512,-0.038338,-0.370916,0.097761
3.6328,97.8460,0.000000,0.012000,-0.703000,0.000000,-0.524000,1.387000,-0.004000,0.002000,0.007000,-0.047000,-0.047000,1.733000,0.036619,1.091475,-0.635512,-0.038338,-0.370916,0.097761
3.6349,97.9210,0.000000,0.012000,-0.703000,0.000000,-0.524000,1.400000,-0.004000,0.002000,0.007000,-0.047000,-0.040000,1.758000,0.036619,1.091475,-0.635512,-0.038338,-0.377625,0.009584
3.6369,97.9950,0.000000,0.012000,-0.703000,0.000000,-0.524000,1.400000,-0.004000,0.002000,0.007000,-0.047000,-0.040000,1.758000,0.036619,1.091475,-0.635512,-0.038338,-0.377625,0.009584
3.6392,98.0720,0.000000,0.012000,-0.703000,0.000000,-0.524000,1.412000,-0.008000,-0.003000,0.002000,0.023000,-0.040000,1.677000,0.028350,1.092656,-0.609525,-0.094886,-0.377625,0.085301
3.6412,98.1430,0.000000,0.012000,-0.703000,0.000000,-0.524000,1.412000,-0.008000,-0.003000,0.002000,0.023000,-0.040000,1.677000,0.028350,1.092656,-0.609525,-0.094886,-0.377625,0.085301
3.6434,98.2150,0.000000,0.012000,-0.703000,0.000000,-0.524000,1.412000,-0.008000,-0.003000,0.002000,0.023000,-0.040000,1.677000,0.028350,1.092656,-0.609525,-0.094886,-0.377625,0.085301
3.6454,98.2830,0.000000,0.012000,-0.703000,0.000000,-0.524000,1.423000,-0.002000,-0.001000,0.000000,-0.019000,-0.009000,1.679000,0.015356,1.091475,-0.626062,-0.066132,-0.370916,0.058465
3.6475,98.3500,0.000000,0.012000,-0.703000,0.000000,-0.524000,1.423000,-0.002000,-0.001000,0.000000,-0.019000,-0.009000,1.679000,0.015356,1.091475,-0.626062,-0.066132,-0.370916,0.058465
3.6496,98.4150,0.000000,0.012000,-0.703000,0.000000,-0.524000,1.423000,0.003000,0.000000,0.000000,0.013000,-0.009000,1.679000,0.012994,1.092656,-0.626062,-0.082426,-0.370916,0.058465
3.6516,98.4790,0.000000,0.012000,-0.703000,0.000000,-0.524000,1.423000,0.003000,0.000000,0.000000,0.013000,-0.001000,1.679000,0.012994,1.092656,-0.626062,-0.082426,-0.372833,0.058465
3.6537,98.5410,0.000000,0.012000,-0.703000,0.000000,-0.524000,1.423000,0.003000,0.000000,0.000000,0.013000,-0.001000,1.679000,0.012994,1.092656,-0.626062,-0.082426,-0.372833,0.058465
3.6557,98.6030,0.000000,0.012000,-0.703000,0.000000,-0.524000,1.435000,0.003000,0.000000,0.001000,0.013000,-0.001000,1.591000,0.012994,1.092656,-0.636694,-0.082426,-0.372833,0.117888
3.6578,98.6630,0.000000,0.012000,-0.703000,0.000000,-0.524000,1.435000,0.003000,0.000000,0.001000,0.013000,-0.001000,1.591000,0.012994,1.092656,-0.636694,-0.082426,-0.372833,0.117888
3.6600,98.7250,0.000000,0.012000,-0.703000,0.000000,-0.524000,1.447000,-0.002000,0.000000,-0.001000,-0.007000,0.015000,1.704000,0.015356,1.083206,-0.628425,-0.064215,-0.376667,0.025878
3.6620,98.7820,0.000000,0.012000,-0.703000,0.000000,-0.524000,1.447000,-0.002000,0.000000,-0.001000,-0.007000,0.015000,1.704000,0.015356,1.083206,-0.628425,-0.064215,-0.376667,0.025878
3.6642,98.8400,0.000000,0.012000,-0.703000,0.000000,-0.524000,1.447000,-0.005000,-0.005000,0.003000,-0.007000,0.015000,1.704000,0.049612,1.093837,-0.624881,-0.064215,-0.376667,0.025878
3.6662,98.8950,0.000000,0.012000,-0.703000,0.000000,-0.524000,1.447000,-0.005000,-0.005000,0.003000,0.019000,-0.017000,1.704000,0.049612,1.093837,-0.624881,-0.080509,-0.380501,0.025878
3.6684,98.9510,0.000000,0.012000,-0.703000,0.000000,-0.524000,1.447000,-0.005000,-0.005000,0.003000,0.019000,-0.017000,1.704000,0.049612,1.093837,-0.624881,-0.080509,-0.380501,0.025878
3.6704,99.0030,0.000000,0.012000,-0.703000,0.000000,-0.524000,1.458000,-0.005000,-0.005000,0.003000,0.019000,0.005000,1.637000,0.049612,1.093837,-0.624881,-0.080509,-0.371875,0.042171
3.6725,99.0540,0.000000,0.012000,-0.703000,0.000000,-0.524000,1.458000,-0.005000,-0.005000,0.003000,0.019000,0.005000,1.637000,0.049612,1.093837,-0.624881,-0.080509,-0.371875,0.042171
3.6745,99.1030,0.000000,0.012000,-0.703000,0.000000,-0.524000,1.469000,-0.008000,0.004000,0.000000,0.001000,0.005000,1.553000,0.038981,1.092656,-0.629606,-0.071883,-0.371875,0.049839
3.6766,99.1510,0.000000,0.012000,-0.703000,0.000000,-0.524000,1.469000,-0.008000,0.004000,0.000000,0.001000,0.005000,1.553000,0.038981,1.092656,-0.629606,-0.071883,-0.371875,0.049839
3.6787,99.1980,0.000000,0.012000,-0.703000,0.000000,-0.524000,1.469000,-0.006000,0.002000,0.000000,0.001000,0.005000,1.553000,0.027169,1.082025,-0.629606,-0.071883,-0.371875,0.049839
3.6807,99.2430,0.000000,0.012000,-0.703000,0.000000,-0.524000,1.480000,-0.006000,0.002000,-0.002000,-0.013000,0.015000,1.564000,0.027169,1.082025,-0.627244,-0.057506,-0.388168,0.091052
3.6828,99.2880,0.000000,0.012000,-0.703000,0.000000,-0.524000,1.480000,-0.006000,0.002000,-0.002000,-0.013000,0.015000,1.564000,0.027169,1.082025,-0.627244,-0.057506,-0.388168,0.091052
3.6851,99.3360,0.000000,0.012000,-0.703000,0.000000,-0.524000,1.480000,0.000000,0.000000,-0.002000,0.000000,0.015000,1.564000,0.036619,1.092656,-0.627244,-0.068049,-0.388168,0.091052
3.6872,99.3770,0.000000,0.012000,-0.703000,0.000000,-0.524000,1.480000,0.000000,0.000000,-0.002000,0.000000,0.007000,1.564000,0.036619,1.092656,-0.627244,-0.068049,-0.386251,0.091052
3.6893,99.4180,0.000000,0.012000,-0.703000,0.000000,-0.524000,1.480000,0.000000,0.000000,0.001000,0.000000,0.007000,1.564000,0.036619,1.092656,-0.636694,-0.068049,-0.386251,0.091052
3.6913,99.4570,0.000000,0.012000,-0.703000,0.000000,-0.524000,1.491000,0.000000,0.000000,0.001000,0.000000,0.007000,1.553000,0.036619,1.092656,-0.636694,-0.068049,-0.386251,0.023003
3.6935,99.4970,0.000000,0.012000,-0.703000,0.000000,-0.524000,1.491000,0.000000,0.000000,0.001000,0.000000,0.007000,1.553000,0.036619,1.092656,-0.636694,-0.068049,-0.386251,0.023003
3.6956,99.5320,0.000000,0.012000,-0.703000,0.000000,-0.524000,1.502000,-0.004000,-0.001000,0.000000,0.005000,0.007000,1.493000,0.036619,1.092656,-0.630787,-0.062299,-0.381459,0.059423
3.6976,99.5670,0.000000,0.012000,-0.703000,0.000000,-0.524000,1.502000,-0.004000,-0.001000,0.000000,0.005000,0.007000,1.493000,0.036619,1.092656,-0.630787,-0.062299,-0.381459,0.059423
3.6997,99.6000,0.000000,0.012000,-0.703000,0.000000,-0.524000,1.502000,-0.006000,-0.004000,-0.002000,0.001000,-0.011000,1.493000,0.034256,1.097381,-0.627244,-0.084343,-0.386251,0.059423
3.7018,99.6320,0.000000,0.012000,-0.703000,0.000000,-0.524000,1.502000,-0.006000,-0.004000,-0.002000,0.001000,-0.011000,1.493000,0.034256,1.097381,-0.627244,-0.084343,-0.386251,0.059423
3.7039,99.6640,0.000000,0.012000,-0.703000,0.000000,-0.524000,1.502000,-0.006000,-0.004000,-0.002000,0.001000,-0.011000,1.493000,0.034256,1.097381,-0.627244,-0.084343,-0.386251,0.059423
3.7059,99.6930,0.000000,0.012000,-0.703000,0.000000,-0.524000,1.512000,-0.006000,-0.004000,-0.002000,0.001000,-0.021000,1.415000,0.034256,1.097381,-0.627244,-0.084343,-0.379542,0.065174
3.7082,99.7240,0.000000,0.012000,-0.703000,0.000000,-0.524000,1.512000,-0.006000,-0.004000,-0.002000,0.001000,-0.021000,1.415000,0.034256,1.097381,-0.627244,-0.084343,-0.379542,0.065174
3.7102,99.7500,0.000000,0.012000,-0.703000,0.000000,-0.524000,1.522000,-0.001000,-0.001000,0.002000,-0.028000,-0.021000,1.457000,0.023625,1.095019,-0.630787,-0.062299,-0.379542,0.075717
3.7123,99.7750,0.000000,0.012000,-0.703000,0.000000,-0.524000,1.522000,-0.001000,-0.001000,0.002000,-0.028000,-0.021000,1.457000,0.023625,1.095019,-0.630787,-0.062299,-0.379542,0.075717
3.7146,99.8010,0.000000,0.012000,-0.703000,0.000000,-0.524000,1.532000,-0.001000,0.000000,-0.002000,0.009000,0.003000,1.457000,0.030713,1.091475,-0.616613,-0.069008,-0.380501,0.049839
3.7166,99.8240,0.000000,0.012000,-0.703000,0.000000,-0.524000,1.532000,-0.001000,0.000000,-0.002000,0.009000,0.003000,1.457000,0.030713,1.091475,-0.616613,-0.069008,-0.380501,0.049839
3.7188,99.8460,0.000000,0.012000,-0.703000,0.000000,-0.524000,1.532000,0.000000,0.000000,-0.002000,0.009000,0.003000,1.457000,0.022444,1.099744,-0.616613,-0.069008,-0.380501,0.049839
3.7208,99.8650,0.000000,0.012000,-0.703000,0.000000,-0.524000,1.532000,0.000000,0.000000,-0.002000,-0.013000,0.001000,1.457000,0.022444,1.099744,-0.616613,-0.072841,-0.385293,0.049839
3.7229,99.8840,0.000000,0.012000,-0.703000,0.000000,-0.524000,1.532000,0.000000,0.000000,-0.002000,-0.013000,0.001000,1.457000,0.022444,1.099744,-0.616613,-0.072841,-0.385293,0.049839
3.7252,99.9020,0.000000,0.012000,-0.703000,0.000000,-0.524000,1.542000,0.000000,0.000000,0.001000,-0.013000,0.001000,1.503000,0.022444,1.099744,-0.627244,-0.072841,-0.385293,0.046005
3.7272,99.9180,0.000000,0.012000,-0.703000,0.000000,-0.524000,1.542000,0.000000,0.000000,0.001000,-0.013000,0.001000,1.503000,0.022444,1.099744,-0.627244,-0.072841,-0.385293,0.046005
3.7293,99.9320,0.000000,0.012000,-0.703000,0.000000,-0.524000,1.542000,0.007000,-0.002000,0.002000,-0.001000,-0.005000,1.503000,0.024806,1.099744,-0.636694,-0.070925,-0.379542,0.046005
3.7314,99.9450,0.000000,0.012000,-0.703000,0.000000,-0.524000,1.552000,0.007000,-0.002000,0.002000,-0.001000,-0.005000,1.394000,0.024806,1.099744,-0.636694,-0.070925,-0.379542,0.056548
3.7336,99.9570,0.000000,0.012000,-0.703000,0.000000,-0.524000,1.552000,0.005000,-0.002000,0.002000,-0.001000,-0.005000,1.394000,0.009450,1.099744,-0.636694,-0.070925,-0.379542,0.056548
3.7356,99.9670,0.000000,0.012000,-0.703000,0.000000,-0.524000,1.552000,0.005000,0.000000,-0.003000,0.003000,0.011000,1.394000,0.009450,1.087931,-0.626062,-0.073800,-0.395836,0.056548
3.7377,99.9750,0.000000,0.012000,-0.703000,0.000000,-0.524000,1.552000,0.005000,0.000000,-0.003000,0.003000,0.011000,1.394000,0.009450,1.087931,-0.626062,-0.073800,-0.395836,0.056548
3.7398,99.9830,0.000000,0.012000,-0.703000,0.000000,-0.524000,1.561000,0.005000,0.000000,-0.003000,0.003000,0.005000,1.278000,0.009450,1.087931,-0.626062,-0.073800,-0.386251,0.070925
3.7418,99.9890,0.000000,0.012000,-0.703000,0.000000,-0.524000,1.561000,0.005000,0.000000,-0.003000,0.003000,0.005000,1.278000,0.009450,1.087931,-0.626062,-0.073800,-0.386251,0.070925
3.7439,99.9940,0.000000,0.012000,-0.703000,0.000000,-0.524000,1.561000,-0.004000,0.000000,-0.002000,0.003000,0.005000,1.278000,0.030713,1.103287,-0.627244,-0.073800,-0.386251,0.070925
3.7460,99.9970,0.000000,0.012000,-0.703000,0.000000,-0.524000,1.571000,-0.004000,0.000000,-0.002000,-0.011000,0.005000,1.315000,0.030713,1.103287,-0.627244,-0.061340,-0.386251,0.064215
3.7485,99.9990,0.000000,0.012000,-0.703000,0.000000,-0.524000,1.571000,-0.004000,0.000000,-0.002000,-0.011000,0.005000,1.315000,0.030713,1.103287,-0.627244,-0.061340,-0.386251,0.064215
3.7506,99.9990,0.000000,0.012000,-0.703000,0.000000,-0.524000,1.580000,0.004000,0.002000,-0.003000,-0.009000,0.021000,1.259000,0.033075,1.099744,-0.618975,-0.060382,-0.385293,0.000000
3.7526,99.9980,0.000000,0.012000,-0.703000,0.000000,-0.524000,1.580000,0.004000,0.002000,-0.003000,-0.009000,0.021000,1.259000,0.033075,1.099744,-0.618975,-0.060382,-0.385293,0.000000
3.7548,99.9960,0.000000,0.012000,-0.703000,0.000000,-0.524000,1.580000,0.005000,-0.002000,-0.003000,0.036000,-0.007000,1.259000,0.008269,1.083206,-0.618975,-0.091052,-0.381459,0.000000
3.7569,99.9920,0.000000,0.012000,-0.703000,0.000000,-0.524000,1.580000,0.005000,-0.002000,-0.003000,0.036000,-0.007000,1.259000,0.008269,1.083206,-0.618975,-0.091052,-0.381459,0.000000
3.7590,99.9870,0.000000,0.012000,-0.703000,0.000000,-0.524000,1.580000,0.005000,-0.002000,0.002000,0.036000,-0.007000,1.259000,0.008269,1.083206,-0.621337,-0.091052,-0.381459,0.000000
3.7611,99.9800,0.000000,0.012000,-0.703000,0.000000,-0.524000,1.589000,0.005000,-0.002000,0.002000,0.036000,-0.007000,1.240000,0.008269,1.083206,-0.621337,-0.091052,-0.381459,0.024919
3.7632,99.9720,0.000000,0.012000,-0.703000,0.000000,-0.524000,1.589000,0.005000,-0.002000,0.002000,0.036000,-0.007000,1.240000,0.008269,1.083206,-0.621337,-0.091052,-0.381459,0.024919
3.7653,99.9630,0.000000,0.012000,-0.703000,0.000000,-0.524000,1.597000,0.003000,-0.001000,-0.002000,0.001000,-0.023000,1.200000,0.020081,1.099744,-0.623700,-0.079551,-0.389127,0.172519
3.7674,99.9510,0.000000,0.012000,-0.703000,0.000000,-0.524000,1.597000,0.003000,-0.001000,-0.002000,0.001000,-0.023000,1.200000,0.020081,1.099744,-0.623700,-0.079551,-0.389127,0.172519
3.7696,99.9390,0.000000,0.012000,-0.703000,0.000000,-0.524000,1.597000,-0.002000,0.000000,0.005000,0.001000,0.000000,1.200000,0.021263,1.085569,-0.621337,-0.063257,-0.381459,0.172519
3.7717,99.9250,0.000000,0.012000,-0.703000,0.000000,-0.524000,1.597000,-0.002000,0.000000,0.005000,0.001000,0.000000,1.200000,0.021263,1.085569,-0.621337,-0.063257,-0.381459,0.172519
3.7739,99.9100,0.000000,0.012000,-0.703000,0.000000,-0.524000,1.597000,-0.002000,0.000000,0.005000,0.001000,0.000000,1.200000,0.021263,1.085569,-0.621337,-0.063257,-0.381459,0.172519
3.7759,99.8930,0.000000,0.012000,-0.703000,0.000000,-0.524000,1.605000,-0.002000,0.000000,0.005000,0.001000,-0.011000,1.146000,0.021263,1.085569,-0.621337,-0.063257,-0.377625,0.115013
3.7782,99.8740,0.000000,0.012000,-0.703000,0.000000,-0.524000,1.605000,-0.002000,0.000000,0.005000,0.001000,-0.011000,1.146000,0.021263,1.085569,-0.621337,-0.063257,-0.377625,0.115013
3.7803,99.8550,0.000000,0.012000,-0.703000,0.000000,-0.524000,1.613000,-0.003000,-0.002000,0.000000,-0.001000,-0.011000,1.255000,0.027169,1.096200,-0.631969,-0.056548,-0.377625,0.065174
3.7823,99.8350,0.000000,0.012000,-0.703000,0.000000,-0.524000,1.613000,-0.003000,-0.002000,0.000000,-0.001000,-0.011000,1.255000,0.027169,1.096200,-0.631969,-0.056548,-0.377625,0.065174
3.7847,99.8090,0.000000,0.012000,-0.703000,0.000000,-0.524000,1.621000,0.002000,0.000000,0.000000,0.015000,0.021000,1.148000,0.010631,1.086750,-0.617794,-0.079551,-0.382418,0.054631
3.7868,99.7860,0.000000,0.012000,-0.703000,0.000000,-0.524000,1.621000,0.002000,0.000000,0.000000,0.015000,0.021000,1.148000,0.010631,1.086750,-0.617794,-0.079551,-0.382418,0.054631
3.7893,99.7560,0.000000,0.012000,-0.703000,0.000000,-0.524000,1.621000,0.010000,-0.002000,0.000000,0.000000,0.024000,1.148000,0.015356,1.087931,-0.617794,-0.080509,-0.395836,0.054631
3.7914,99.7300,0.000000,0.012000,-0.703000,0.000000,-0.524000,1.621000,0.010000,-0.002000,0.000000,0.000000,0.024000,1.148000,0.015356,1.087931,-0.617794,-0.080509,-0.395836,0.054631
3.7935,99.7010,0.000000,0.012000,-0.703000,0.000000,-0.524000,1.621000,0.010000,-0.002000,0.000000,0.000000,0.024000,1.148000,0.015356,1.087931,-0.617794,-0.080509,-0.395836,0.054631
3.7956,99.6720,0.000000,0.012000,-0.703000,0.000000,-0.524000,1.629000,0.010000,-0.002000,0.001000,0.000000,0.024000,1.138000,0.015356,1.087931,-0.628425,-0.080509,-0.395836,0.027795
3.7977,99.6410,0.000000,0.012000,-0.703000,0.000000,-0.524000,1.629000,0.010000,-0.002000,0.001000,0.000000,0.024000,1.138000,0.015356,1.087931,-0.628425,-0.080509,-0.395836,0.027795
3.8000,99.6060,0.000000,0.012000,-0.703000,0.000000,-0.524000,1.636000,0.000000,0.003000,-0.002000,-0.005000,-0.003000,1.022000,0.021263,1.113919,-0.636694,-0.087218,-0.389127,0.028753
3.8020,99.5730,0.000000,0.012000,-0.703000,0.000000,-0.524000,1.636000,0.000000,0.003000,-0.002000,-0.005000,-0.003000,1.022000,0.021263,1.113919,-0.636694,-0.087218,-0.389127,0.028753
3.8041,99.5380,0.000000,0.012000,-0.703000,0.000000,-0.524000,1.636000,-0.002000,0.000000,0.000000,0.013000,0.009000,1.022000,0.011813,1.098563,-0.641419,-0.113096,-0.379542,0.028753
3.8062,99.5020,0.000000,0.012000,-0.703000,0.000000,-0.524000,1.636000,-0.002000,0.000000,0.000000,0.013000,0.009000,1.022000,0.011813,1.098563,-0.641419,-0.113096,-0.379542,0.028753
3.8083,99.4640,0.000000,0.012000,-0.703000,0.000000,-0.524000,1.636000,-0.002000,0.000000,0.000000,0.013000,0.009000,1.022000,0.011813,1.098563,-0.641419,-0.113096,-0.379542,0.028753
3.8103,99.4260,0.000000,0.012000,-0.703000,0.000000,-0.524000,1.643000,-0.002000,0.000000,0.000000,0.013000,0.005000,0.916000,0.011813,1.098563,-0.641419,-0.113096,-0.386251,0.115013
3.8124,99.3860,0.000000,0.012000,-0.703000,0.000000,-0.524000,1.643000,-0.002000,0.000000,0.000000,0.013000,0.005000,0.916000,0.011813,1.098563,-0.641419,-0.113096,-0.386251,0.115013
3.8145,99.3440,0.000000,0.012000,-0.703000,0.000000,-0.524000,1.643000,0.000000,-0.001000,0.004000,-0.017000,0.005000,0.916000,0.012994,1.100925,-0.611887,-0.081467,-0.386251,0.115013
3.8165,99.3020,0.000000,0.012000,-0.703000,0.000000,-0.524000,1.650000,0.000000,-0.001000,0.004000,-0.017000,0.005000,0.841000,0.012994,1.100925,-0.611887,-0.081467,-0.386251,0.067091
3.8186,99.2570,0.000000,0.012000,-0.703000,0.000000,-0.524000,1.650000,0.000000,-0.001000,0.004000,-0.017000,0.005000,0.841000,0.012994,1.100925,-0.611887,-0.081467,-0.386251,0.067091
3.8207,99.2130,0.000000,0.012000,-0.703000,0.000000,-0.524000,1.657000,-0.004000,0.001000,-0.001000,0.001000,-0.017000,0.974000,0.030713,1.102106,-0.621337,-0.085301,-0.386251,0.035462
3.8227,99.1660,0.000000,0.012000,-0.703000,0.000000,-0.524000,1.657000,-0.004000,0.001000,-0.001000,0.001000,-0.017000,0.974000,0.030713,1.102106,-0.621337,-0.085301,-0.386251,0.035462
3.8249,99.1170,0.000000,0.012000,-0.703000,0.000000,-0.524000,1.657000,-0.005000,0.000000,-0.001000,-0.007000,0.003000,0.974000,0.037800,1.110375,-0.621337,-0.093927,-0.392002,0.035462
3.8269,99.0680,0.000000,0.012000,-0.703000,0.000000,-0.524000,1.657000,-0.005000,0.000000,-0.001000,-0.007000,0.003000,0.974000,0.037800,1.110375,-0.621337,-0.093927,-0.392002,0.035462
3.8292,99.0130,0.000000,0.012000,-0.703000,0.000000,-0.524000,1.657000,-0.005000,0.000000,0.001000,-0.007000,0.003000,0.974000,0.037800,1.110375,-0.624881,-0.093927,-0.392002,0.035462
3.8312,98.9610,0.000000,0.012000,-0.703000,0.000000,-0.524000,1.663000,-0.005000,0.000000,0.001000,-0.007000,0.003000,0.887000,0.037800,1.110375,-0.624881,-0.093927,-0.392002,0.016293
3.8334,98.9060,0.000000,0.012000,-0.703000,0.000000,-0.524000,1.663000,-0.005000,0.000000,0.001000,-0.007000,0.003000,0.887000,0.037800,1.110375,-0.624881,-0.093927,-0.392002,0.016293
3.8354,98.8520,0.000000,0.012000,-0.703000,0.000000,-0.524000,1.670000,-0.001000,0.002000,0.008000,-0.007000,-0.001000,0.974000,0.034256,1.089112,-0.623700,-0.085301,-0.389127,0.010543
3.8375,98.7960,0.000000,0.012000,-0.703000,0.000000,-0.524000,1.670000,-0.001000,0.002000,0.008000,-0.007000,-0.001000,0.974000,0.034256,1.089112,-0.623700,-0.085301,-0.389127,0.010543
3.8399,98.7280,0.000000,0.012000,-0.703000,0.000000,-0.524000,1.670000,-0.002000,0.001000,0.000000,0.000000,-0.023000,0.974000,0.036619,1.098563,-0.618975,-0.077634,-0.395836,0.010543
3.8420,98.6700,0.000000,0.012000,-0.703000,0.000000,-0.524000,1.670000,-0.002000,0.001000,0.000000,0.000000,-0.023000,0.974000,0.036619,1.098563,-0.618975,-0.077634,-0.395836,0.010543
3.8440,98.6100,0.000000,0.012000,-0.703000,0.000000,-0.524000,1.670000,-0.002000,0.001000,0.000000,0.000000,-0.023000,0.974000,0.036619,1.098563,-0.618975,-0.077634,-0.395836,0.010543
3.8461,98.5490,0.000000,0.012000,-0.703000,0.000000,-0.524000,1.675000,-0.002000,0.001000,0.000000,0.000000,-0.005000,0.663000,0.036619,1.098563,-0.618975,-0.077634,-0.377625,0.054631
3.8484,98.4780,0.000000,0.012000,-0.703000,0.000000,-0.524000,1.675000,-0.002000,0.001000,0.000000,0.000000,-0.005000,0.663000,0.036619,1.098563,-0.618975,-0.077634,-0.377625,0.054631
3.8505,98.4130,0.000000,0.012000,-0.703000,0.000000,-0.524000,1.681000,-0.012000,-0.001000,0.000000,-0.003000,-0.005000,0.895000,0.037800,1.084387,-0.623700,-0.080509,-0.377625,0.058465
3.8526,98.3480,0.000000,0.012000,-0.703000,0.000000,-0.524000,1.681000,-0.012000,-0.001000,0.000000,-0.003000,-0.005000,0.895000,0.037800,1.084387,-0.623700,-0.080509,-0.377625,0.058465
3.8546,98.2810,0.000000,0.012000,-0.703000,0.000000,-0.524000,1.687000,0.001000,0.000000,-0.001000,0.021000,-0.005000,0.836000,0.020081,1.085569,-0.629606,-0.081467,-0.392002,0.003834
3.8567,98.2110,0.000000,0.012000,-0.703000,0.000000,-0.524000,1.687000,0.001000,0.000000,-0.001000,0.021000,-0.005000,0.836000,0.020081,1.085569,-0.629606,-0.081467,-0.392002,0.003834
3.8589,98.1370,0.000000,0.012000,-0.703000,0.000000,-0.524000,1.687000,-0.002000,-0.003000,-0.001000,0.001000,0.000000,0.836000,0.021263,1.099744,-0.629606,-0.086260,-0.398711,0.003834
3.8610,98.0670,0.000000,0.012000,-0.703000,0.000000,-0.524000,1.687000,-0.002000,-0.003000,-0.001000,0.001000,0.000000,0.836000,0.021263,1.099744,-0.629606,-0.086260,-0.398711,0.003834
3.8636,97.9760,0.000000,0.012000,-0.703000,0.000000,-0.524000,1.687000,-0.002000,-0.003000,-0.001000,0.001000,0.000000,0.836000,0.021263,1.099744,-0.629606,-0.086260,-0.398711,0.003834
3.8657,97.9020,0.000000,0.012000,-0.703000,0.000000,-0.524000,1.692000,-0.002000,-0.003000,0.001000,0.001000,0.000000,0.747000,0.021263,1.099744,-0.621337,-0.086260,-0.398711,0.057506
3.8677,97.8270,0.000000,0.012000,-0.703000,0.000000,-0.524000,1.692000,-0.002000,-0.003000,0.001000,0.001000,0.000000,0.747000,0.021263,1.099744,-0.621337,-0.086260,-0.398711,0.057506
3.8699,97.7460,0.000000,0.012000,-0.703000,0.000000,-0.524000,1.696000,0.008000,0.002000,0.000000,-0.026000,0.023000,0.699000,0.009450,1.080844,-0.637875,-0.077634,-0.395836,0.122680
3.8720,97.6690,0.000000,0.012000,-0.703000,0.000000,-0.524000,1.696000,0.008000,0.002000,0.000000,-0.026000,0.023000,0.699000,0.009450,1.080844,-0.637875,-0.077634,-0.395836,0.122680
3.8745,97.5720,0.000000,0.012000,-0.703000,0.000000,-0.524000,1.696000,0.005000,0.002000,0.002000,-0.013000,0.030000,0.699000,0.004725,1.097381,-0.626062,-0.074758,-0.397753,0.122680
3.8766,97.4920,0.000000,0.012000,-0.703000,0.000000,-0.524000,1.696000,0.005000,0.002000,0.002000,-0.013000,0.030000,0.699000,0.004725,1.097381,-0.626062,-0.074758,-0.397753,0.122680
3.8787,97.4070,0.000000,0.012000,-0.703000,0.000000,-0.524000,1.696000,0.005000,0.002000,0.002000,-0.013000,0.030000,0.699000,0.004725,1.097381,-0.626062,-0.074758,-0.397753,0.122680
3.8808,97.3240,0.000000,0.012000,-0.703000,0.000000,-0.524000,1.701000,0.005000,0.002000,0.002000,-0.013000,-0.001000,0.682000,0.004725,1.097381,-0.626062,-0.074758,-0.397753,0.050797
3.8828,97.2390,0.000000,0.012000,-0.703000,0.000000,-0.524000,1.701000,0.005000,0.002000,0.002000,-0.013000,-0.001000,0.682000,0.004725,1.097381,-0.626062,-0.074758,-0.397753,0.050797
3.8849,97.1540,0.000000,0.012000,-0.703000,0.000000,-0.524000,1.706000,0.003000,0.004000,-0.008000,0.026000,-0.001000,0.667000,0.011813,1.089112,-0.627244,-0.092010,-0.397753,0.013418
3.8870,97.0670,0.000000,0.012000,-0.703000,0.000000,-0.524000,1.706000,0.003000,0.004000,-0.008000,0.026000,-0.001000,0.667000,0.011813,1.089112,-0.627244,-0.092010,-0.397753,0.013418
3.8890,96.9790,0.000000,0.012000,-0.703000,0.000000,-0.524000,1.706000,-0.002000,0.000000,0.004000,0.026000,-0.001000,0.667000,0.038981,1.100925,-0.641419,-0.092010,-0.397753,0.013418
3.8911,96.8890,0.000000,0.012000,-0.703000,0.000000,-0.524000,1.710000,-0.002000,0.000000,0.004000,-0.026000,0.000000,0.636000,0.038981,1.100925,-0.641419,-0.059423,-0.401586,-0.024919
3.8932,96.7970,0.000000,0.012000,-0.703000,0.000000,-0.524000,1.710000,-0.002000,0.000000,0.004000,-0.026000,0.000000,0.636000,0.038981,1.100925,-0.641419,-0.059423,-0.401586,-0.024919
3.8952,96.7050,0.000000,0.012000,-0.703000,0.000000,-0.524000,1.710000,-0.002000,0.000000,0.004000,0.030000,-0.023000,0.636000,0.036619,1.089112,-0.641419,-0.099678,-0.387210,-0.024919
3.8973,96.6120,0.000000,0.012000,-0.703000,0.000000,-0.524000,1.710000,-0.002000,0.000000,0.004000,0.030000,-0.023000,0.636000,0.036619,1.089112,-0.641419,-0.099678,-0.387210,-0.024919
3.8994,96.5180,0.000000,0.012000,-0.703000,0.000000,-0.524000,1.710000,-0.002000,0.000000,0.002000,0.030000,-0.023000,0.636000,0.036619,1.089112,-0.637875,-0.099678,-0.387210,-0.024919
3.9014,96.4220,0.000000,0.012000,-0.703000,0.000000,-0.524000,1.714000,-0.002000,0.000000,0.002000,0.030000,-0.023000,0.627000,0.036619,1.089112,-0.637875,-0.099678,-0.387210,0.005751
3.9035,96.3250,0.000000,0.012000,-0.703000,0.000000,-0.524000,1.714000,-0.002000,0.000000,0.002000,0.030000,-0.023000,0.627000,0.036619,1.089112,-0.637875,-0.099678,-0.387210,0.005751
3.9056,96.2270,0.000000,0.012000,-0.703000,0.000000,-0.524000,1.718000,-0.005000,0.002000,-0.001000,-0.001000,-0.005000,0.492000,0.029531,1.110375,-0.636694,-0.082426,-0.409254,0.063257
3.9076,96.1270,0.000000,0.012000,-0.703000,0.000000,-0.524000,1.718000,-0.005000,0.002000,-0.001000,-0.001000,-0.005000,0.492000,0.029531,1.110375,-0.636694,-0.082426,-0.409254,0.063257
3.9097,96.0280,0.000000,0.012000,-0.703000,0.000000,-0.524000,1.718000,-0.001000,0.001000,0.003000,0.007000,-0.009000,0.492000,0.034256,1.106831,-0.631969,-0.072841,-0.406379,0.063257
3.9117,95.9260,0.000000,0.012000,-0.703000,0.000000,-0.524000,1.718000,-0.001000,0.001000,0.003000,0.007000,-0.009000,0.492000,0.034256,1.106831,-0.631969,-0.072841,-0.406379,0.063257
3.9138,95.8230,0.000000,0.012000,-0.703000,0.000000,-0.524000,1.718000,-0.001000,0.001000,0.003000,0.007000,-0.009000,0.492000,0.034256,1.106831,-0.631969,-0.072841,-0.406379,0.063257
3.9158,95.7180,0.000000,0.012000,-0.703000,0.000000,-0.524000,1.721000,-0.001000,0.001000,0.003000,0.007000,-0.015000,0.490000,0.034256,1.106831,-0.631969,-0.072841,-0.392960,0.086260
3.9179,95.6130,0.000000,0.012000,-0.703000,0.000000,-0.524000,1.721000,-0.001000,0.001000,0.003000,0.007000,-0.015000,0.490000,0.034256,1.106831,-0.631969,-0.072841,-0.392960,0.086260
3.9200,95.5040,0.000000,0.012000,-0.703000,0.000000,-0.524000,1.724000,-0.003000,0.000000,0.002000,0.011000,-0.015000,0.531000,0.020081,1.118644,-0.646144,-0.073800,-0.392960,0.009584
3.9221,95.3960,0.000000,0.012000,-0.703000,0.000000,-0.524000,1.724000,-0.003000,0.000000,0.002000,0.011000,-0.015000,0.531000,0.020081,1.118644,-0.646144,-0.073800,-0.392960,0.009584
3.9242,95.2850,0.000000,0.012000,-0.703000,0.000000,-0.524000,1.724000,0.012000,0.000000,0.002000,0.011000,-0.015000,0.531000,0.011813,1.118644,-0.646144,-0.073800,-0.392960,0.009584
3.9262,95.1740,0.000000,0.012000,-0.703000,0.000000,-0.524000,1.727000,0.012000,0.000000,-0.003000,0.009000,0.015000,0.421000,0.011813,1.084387,-0.640238,-0.074758,-0.414046,0.066132
3.9285,95.0540,0.000000,0.012000,-0.703000,0.000000,-0.524000,1.727000,0.012000,0.000000,-0.003000,0.009000,0.015000,0.421000,0.011813,1.084387,-0.640238,-0.074758,-0.414046,0.066132
3.9305,94.9410,0.000000,0.012000,-0.703000,0.000000,-0.524000,1.727000,0.011000,0.000000,-0.003000,0.011000,-0.019000,0.421000,0.009450,1.104469,-0.640238,-0.077634,-0.389127,0.066132
3.9326,94.8270,0.000000,0.012000,-0.703000,0.000000,-0.524000,1.727000,0.011000,0.000000,-0.003000,0.011000,-0.019000,0.421000,0.009450,1.104469,-0.640238,-0.077634,-0.389127,0.066132
3.9348,94.7010,0.000000,0.012000,-0.703000,0.000000,-0.524000,1.730000,0.011000,0.000000,0.007000,0.011000,-0.019000,0.308000,0.009450,1.104469,-0.652050,-0.077634,-0.389127,0.074758
3.9369,94.5850,0.000000,0.012000,-0.703000,0.000000,-0.524000,1.730000,0.011000,0.000000,0.007000,0.011000,-0.019000,0.308000,0.009450,1.104469,-0.652050,-0.077634,-0.389127,0.074758
3.9393,94.4470,0.000000,0.012000,-0.703000,0.000000,-0.524000,1.730000,0.005000,0.000000,0.004000,-0.023000,-0.019000,0.308000,0.000000,1.092656,-0.648506,-0.056548,-0.389127,0.074758
3.9414,94.3260,0.000000,0.012000,-0.703000,0.000000,-0.524000,1.733000,0.005000,0.000000,0.004000,-0.023000,0.003000,0.356000,0.000000,1.092656,-0.648506,-0.056548,-0.397753,0.046964
3.9435,94.2040,0.000000,0.012000,-0.703000,0.000000,-0.524000,1.733000,0.005000,0.000000,0.004000,-0.023000,0.003000,0.356000,0.000000,1.092656,-0.648506,-0.056548,-0.397753,0.046964
3.9455,94.0820,0.000000,0.012000,-0.703000,0.000000,-0.524000,1.733000,0.002000,0.000000,-0.004000,0.009000,0.000000,0.356000,0.008269,1.105650,-0.639056,-0.120763,-0.402545,0.046964
3.9476,93.9600,0.000000,0.012000,-0.703000,0.000000,-0.524000,1.733000,0.002000,0.000000,-0.004000,0.009000,0.000000,0.356000,0.008269,1.105650,-0.639056,-0.120763,-0.402545,0.046964
3.9497,93.8350,0.000000,0.012000,-0.703000,0.000000,-0.524000,1.733000,0.002000,0.000000,-0.004000,0.009000,-0.003000,0.356000,0.008269,1.105650,-0.639056,-0.120763,-0.388168,0.046964
3.9517,93.7110,0.000000,0.012000,-0.703000,0.000000,-0.524000,1.736000,0.002000,0.000000,-0.004000,0.009000,-0.003000,0.358000,0.008269,1.105650,-0.639056,-0.120763,-0.388168,-0.022044
3.9539,93.5770,0.000000,0.012000,-0.703000,0.000000,-0.524000,1.736000,-0.009000,0.000000,-0.004000,0.009000,-0.003000,0.358000,0.033075,1.105650,-0.639056,-0.120763,-0.388168,-0.022044
3.9560,93.4490,0.000000,0.012000,-0.703000,0.000000,-0.524000,1.737000,-0.009000,0.002000,-0.007000,0.042000,-0.003000,0.155000,0.033075,1.096200,-0.647325,-0.127473,-0.388168,0.093927
3.9581,93.3130,0.000000,0.012000,-0.703000,0.000000,-0.524000,1.737000,-0.009000,0.002000,-0.007000,0.042000,-0.003000,0.155000,0.033075,1.096200,-0.647325,-0.127473,-0.388168,0.093927
3.9602,93.1820,0.000000,0.012000,-0.703000,0.000000,-0.524000,1.739000,0.000000,0.000000,0.000000,-0.057000,0.003000,0.320000,0.022444,1.102106,-0.649687,-0.063257,-0.391044,0.079551
3.9623,93.0510,0.000000,0.012000,-0.703000,0.000000,-0.524000,1.739000,0.000000,0.000000,0.000000,-0.057000,0.003000,0.320000,0.022444,1.102106,-0.649687,-0.063257,-0.391044,0.079551
3.9645,92.9070,0.000000,0.012000,-0.703000,0.000000,-0.524000,1.739000,0.000000,0.000000,0.000000,0.000000,-0.011000,0.320000,0.014175,1.091475,-0.649687,-0.048880,-0.411171,0.079551
3.9666,92.7730,0.000000,0.012000,-0.703000,0.000000,-0.524000,1.739000,0.000000,0.000000,0.000000,0.000000,-0.011000,0.320000,0.014175,1.091475,-0.649687,-0.048880,-0.411171,0.079551
3.9687,92.6320,0.000000,0.012000,-0.703000,0.000000,-0.524000,1.739000,0.000000,0.000000,0.000000,0.000000,-0.011000,0.320000,0.014175,1.091475,-0.649687,-0.048880,-0.411171,0.079551
3.9708,92.4960,0.000000,0.012000,-0.703000,0.000000,-0.524000,1.740000,0.000000,0.000000,0.000000,0.000000,-0.011000,0.157000,0.014175,1.091475,-0.670950,-0.048880,-0.411171,0.106387
3.9729,92.3580,0.000000,0.012000,-0.703000,0.000000,-0.524000,1.740000,0.000000,0.000000,0.000000,0.000000,-0.011000,0.157000,0.014175,1.091475,-0.670950,-0.048880,-0.411171,0.106387
3.9751,92.2100,0.000000,0.012000,-0.703000,0.000000,-0.524000,1.742000,-0.002000,-0.003000,-0.004000,-0.013000,0.015000,0.266000,0.038981,1.099744,-0.655594,-0.074758,-0.404462,0.018210
3.9771,92.0710,0.000000,0.012000,-0.703000,0.000000,-0.524000,1.742000,-0.002000,-0.003000,-0.004000,-0.013000,0.015000,0.266000,0.038981,1.099744,-0.655594,-0.074758,-0.404462,0.018210
3.9792,91.9310,0.000000,0.012000,-0.703000,0.000000,-0.524000,1.742000,-0.007000,0.000000,-0.004000,0.019000,0.030000,0.266000,0.022444,1.100925,-0.649687,-0.063257,-0.392960,0.018210
3.9813,91.7890,0.000000,0.012000,-0.703000,0.000000,-0.524000,1.742000,-0.007000,0.000000,-0.004000,0.019000,0.030000,0.266000,0.022444,1.100925,-0.649687,-0.063257,-0.392960,0.018210
3.9841,91.5920,0.000000,0.012000,-0.703000,0.000000,-0.524000,1.742000,-0.007000,0.000000,-0.004000,0.019000,0.030000,0.266000,0.022444,1.100925,-0.649687,-0.063257,-0.392960,0.018210
3.9862,91.4470,0.000000,0.012000,-0.703000,0.000000,-0.524000,1.743000,-0.007000,0.000000,-0.004000,0.019000,-0.007000,0.105000,0.022444,1.100925,-0.649687,-0.063257,-0.394877,0.069966
3.9887,91.2680,0.000000,0.012000,-0.703000,0.000000,-0.524000,1.744000,0.000000,0.003000,-0.004000,-0.011000,-0.007000,0.212000,0.029531,1.092656,-0.659137,-0.065174,-0.394877,0.012460
3.9908,91.1210,0.000000,0.012000,-0.703000,0.000000,-0.524000,1.744000,0.000000,0.003000,-0.004000,-0.011000,-0.007000,0.212000,0.029531,1.092656,-0.659137,-0.065174,-0.394877,0.012460
3.9928,90.9730,0.000000,0.012000,-0.703000,0.000000,-0.524000,1.744000,0.000000,0.003000,-0.004000,-0.011000,-0.007000,0.212000,0.029531,1.092656,-0.659137,-0.065174,-0.394877,0.012460
3.9949,90.8240,0.000000,0.012000,-0.703000,0.000000,-0.524000,1.744000,0.001000,-0.001000,-0.004000,0.007000,-0.028000,0.030000,0.034256,1.099744,-0.641419,-0.076675,-0.394877,0.116930
3.9970,90.6730,0.000000,0.012000,-0.703000,0.000000,-0.524000,1.744000,0.001000,-0.001000,-0.004000,0.007000,-0.028000,0.030000,0.034256,1.099744,-0.641419,-0.076675,-0.394877,0.116930
3.9993,90.5060,0.000000,0.012000,-0.703000,0.000000,-0.524000,1.744000,0.000000,-0.001000,-0.004000,0.007000,-0.028000,0.030000,0.023625,1.099744,-0.641419,-0.076675,-0.394877,0.116930
4.0013,90.3530,0.000000,0.012000,-0.703000,0.000000,-0.524000,1.744000,0.000000,-0.003000,-0.004000,-0.019000,0.005000,0.030000,0.023625,1.086750,-0.641419,-0.048880,-0.408295,0.116930
4.0037,90.1780,0.000000,0.012000,-0.703000,0.000000,-0.524000,1.744000,0.000000,-0.003000,-0.004000,-0.019000,0.005000,0.030000,0.023625,1.086750,-0.641419,-0.048880,-0.408295,0.116930
4.0057,90.0230,0.000000,0.012000,-0.703000,0.000000,-0.524000,1.744000,0.000000,-0.003000,0.000000,-0.019000,0.005000,0.047000,0.023625,1.086750,-0.647325,-0.048880,-0.408295,0.092010
4.0078,89.8670,0.000000,0.012000,-0.703000,0.000000,-0.524000,1.744000,0.000000,-0.003000,0.000000,-0.019000,0.005000,0.047000,0.023625,1.086750,-0.647325,-0.048880,-0.408295,0.092010
4.0102,89.6870,0.000000,0.012000,-0.703000,0.000000,-0.524000,1.745000,0.004000,0.000000,0.003000,0.013000,-0.007000,0.049000,0.020081,1.100925,-0.646144,-0.070925,-0.402545,0.054631
4.0122,89.5280,0.000000,0.012000,-0.703000,0.000000,-0.524000,1.745000,0.004000,0.000000,0.003000,0.013000,-0.007000,0.049000,0.020081,1.100925,-0.646144,-0.070925,-0.402545,0.054631
4.0144,89.3590,0.000000,0.012000,-0.703000,0.000000,-0.524000,1.745000,0.005000,0.003000,0.003000,0.013000,-0.007000,0.049000,0.012994,1.105650,-0.646144,-0.070925,-0.402545,0.054631
4.0165,89.1990,0.000000,0.012000,-0.703000,0.000000,-0.524000,1.745000,0.005000,0.003000,0.005000,0.005000,0.001000,0.049000,0.012994,1.105650,-0.642600,-0.056548,-0.387210,0.054631
4.0186,89.0350,0.000000,0.012000,-0.703000,0.000000,-0.524000,1.745000,0.005000,0.003000,0.005000,0.005000,0.001000,0.049000,0.037800,1.105650,-0.642600,-0.056548,-0.387210,0.054631
4.0206,88.8720,0.000000,0.012000,-0.703000,0.000000,-0.524000,1.745000,0.005000,0.003000,0.005000,0.005000,0.013000,0.007000,0.037800,1.105650,-0.642600,-0.056548,-0.400628,0.053673
4.0227,88.7110,0.000000,0.012000,-0.703000,0.000000,-0.524000,1.745000,0.005000,0.003000,0.005000,0.005000,0.013000,0.007000,0.037800,1.105650,-0.642600,-0.056548,-0.400628,0.053673
4.0248,88.5450,0.000000,0.012000,-0.703000,0.000000,-0.524000,1.744000,0.005000,0.000000,0.000000,-0.011000,0.013000,-0.026000,0.037800,1.105650,-0.640238,-0.063257,-0.400628,0.040254
4.0268,88.3790,0.000000,0.012000,-0.703000,0.000000,-0.524000,1.744000,0.005000,0.000000,0.000000,-0.011000,0.013000,-0.026000,0.037800,1.105650,-0.640238,-0.063257,-0.400628,0.040254
4.0293,88.1820,0.000000,0.012000,-0.703000,0.000000,-0.524000,1.744000,-0.001000,0.000000,-0.003000,0.003000,0.019000,-0.092000,0.030713,1.113919,-0.643781,-0.074758,-0.392002,0.033545
4.0313,88.0140,0.000000,0.012000,-0.703000,0.000000,-0.524000,1.744000,-0.001000,0.000000,-0.003000,0.003000,0.019000,-0.092000,0.030713,1.113919,-0.643781,-0.074758,-0.392002,0.033545
4.0335,87.8360,0.000000,0.012000,-0.703000,0.000000,-0.524000,1.744000,0.001000,0.001000,-0.008000,0.003000,0.019000,-0.092000,0.036619,1.080844,-0.647325,-0.074758,-0.392002,0.033545
4.0356,87.6660,0.000000,0.012000,-0.703000,0.000000,-0.524000,1.744000,0.001000,0.001000,-0.008000,0.015000,0.001000,-0.092000,0.036619,1.080844,-0.647325,-0.085301,-0.388168,0.033545
4.0376,87.4950,0.000000,0.012000,-0.703000,0.000000,-0.524000,1.744000,0.001000,0.001000,-0.008000,0.015000,0.001000,-0.092000,0.036619,1.080844,-0.647325,-0.085301,-0.388168,0.033545
4.0399,87.3080,0.000000,0.012000,-0.703000,0.000000,-0.524000,1.744000,0.001000,0.001000,-0.008000,0.015000,0.001000,-0.092000,0.036619,1.080844,-0.647325,-0.085301,-0.388168,0.033545
4.0419,87.1340,0.000000,0.012000,-0.703000,0.000000,-0.524000,1.743000,0.001000,0.001000,-0.008000,0.015000,-0.005000,-0.122000,0.036619,1.080844,-0.647325,-0.085301,-0.413088,0.016293
4.0445,86.9170,0.000000,0.012000,-0.703000,0.000000,-0.524000,1.743000,-0.005000,-0.004000,-0.001000,0.017000,-0.005000,-0.122000,0.034256,1.103287,-0.643781,-0.063257,-0.413088,0.016293
4.0466,86.7420,0.000000,0.012000,-0.703000,0.000000,-0.524000,1.743000,-0.005000,-0.004000,-0.001000,0.017000,-0.005000,-0.070000,0.034256,1.103287,-0.643781,-0.063257,-0.413088,-0.053673
4.0489,86.5430,0.000000,0.012000,-0.703000,0.000000,-0.524000,1.743000,0.008000,-0.004000,-0.001000,0.017000,-0.005000,-0.070000,0.025987,1.103287,-0.643781,-0.063257,-0.413088,-0.053673
4.0510,86.3660,0.000000,0.012000,-0.703000,0.000000,-0.524000,1.743000,0.008000,-0.001000,0.002000,0.009000,-0.013000,-0.070000,0.025987,1.098563,-0.646144,-0.072841,-0.397753,-0.053673
4.0538,86.1220,0.000000,0.012000,-0.703000,0.000000,-0.524000,1.743000,0.008000,-0.001000,0.002000,0.009000,-0.013000,-0.070000,0.025987,1.098563,-0.646144,-0.072841,-0.397753,-0.053673
4.0558,85.9420,0.000000,0.012000,-0.703000,0.000000,-0.524000,1.742000,0.001000,-0.001000,0.002000,0.009000,0.023000,-0.197000,0.022444,1.098563,-0.646144,-0.072841,-0.406379,-0.078592
4.0579,85.7620,0.000000,0.012000,-0.703000,0.000000,-0.524000,1.742000,0.001000,-0.001000,0.002000,0.009000,0.023000,-0.197000,0.022444,1.098563,-0.646144,-0.072841,-0.406379,-0.078592
4.0600,85.5800,0.000000,0.012000,-0.703000,0.000000,-0.524000,1.740000,0.001000,-0.001000,0.003000,-0.017000,0.023000,-0.193000,0.022444,1.099744,-0.662681,-0.063257,-0.406379,-0.036421
4.0620,85.3970,0.000000,0.012000,-0.703000,0.000000,-0.524000,1.740000,0.001000,-0.001000,0.003000,-0.017000,0.023000,-0.193000,0.022444,1.099744,-0.662681,-0.063257,-0.406379,-0.036421
4.0642,85.2060,0.000000,0.012000,-0.703000,0.000000,-0.524000,1.740000,-0.014000,0.000000,0.003000,-0.017000,0.023000,-0.193000,0.033075,1.104469,-0.662681,-0.063257,-0.406379,-0.036421
4.0662,85.0210,0.000000,0.012000,-0.703000,0.000000,-0.524000,1.738000,-0.014000,0.000000,0.009000,0.001000,0.000000,-0.316000,0.033075,1.104469,-0.652050,-0.079551,-0.396794,-0.038338
4.0685,84.8200,0.000000,0.012000,-0.703000,0.000000,-0.524000,1.738000,-0.014000,0.000000,0.009000,0.001000,0.000000,-0.316000,0.033075,1.104469,-0.652050,-0.079551,-0.396794,-0.038338
4.0705,84.6330,0.000000,0.012000,-0.703000,0.000000,-0.524000,1.738000,-0.005000,0.001000,0.005000,-0.024000,-0.023000,-0.316000,0.029531,1.093837,-0.644962,-0.069966,-0.374750,-0.038338
4.0726,84.4470,0.000000,0.012000,-0.703000,0.000000,-0.524000,1.738000,-0.005000,0.001000,0.005000,-0.024000,-0.023000,-0.316000,0.029531,1.093837,-0.644962,-0.069966,-0.374750,-0.038338
4.0747,84.2530,0.000000,0.012000,-0.703000,0.000000,-0.524000,1.736000,-0.005000,0.001000,0.005000,-0.024000,-0.019000,-0.291000,0.029531,1.093837,-0.644962,-0.069966,-0.397753,-0.070925
4.0768,84.0630,0.000000,0.012000,-0.703000,0.000000,-0.524000,1.736000,-0.005000,0.001000,0.005000,-0.024000,-0.019000,-0.291000,0.029531,1.093837,-0.644962,-0.069966,-0.397753,-0.070925
4.0789,83.8690,0.000000,0.012000,-0.703000,0.000000,-0.524000,1.736000,0.002000,0.000000,0.005000,-0.024000,-0.019000,-0.291000,0.030713,1.103287,-0.644962,-0.069966,-0.397753,-0.070925
4.0810,83.6770,0.000000,0.012000,-0.703000,0.000000,-0.524000,1.734000,0.002000,0.000000,-0.001000,0.003000,-0.019000,-0.247000,0.030713,1.103287,-0.649687,-0.085301,-0.397753,-0.078592
4.0833,83.4630,0.000000,0.012000,-0.703000,0.000000,-0.524000,1.734000,0.003000,0.000000,-0.001000,0.003000,-0.019000,-0.247000,0.018900,1.091475,-0.649687,-0.085301,-0.397753,-0.078592
4.0853,83.2700,0.000000,0.012000,-0.703000,0.000000,-0.524000,1.734000,0.003000,0.000000,0.000000,0.011000,-0.003000,-0.247000,0.018900,1.091475,-0.660319,-0.063257,-0.405420,-0.078592
4.0874,83.0750,0.000000,0.012000,-0.703000,0.000000,-0.524000,1.734000,0.003000,0.000000,0.000000,0.011000,-0.003000,-0.247000,0.018900,1.091475,-0.660319,-0.063257,-0.405420,-0.078592
4.0895,82.8780,0.000000,0.012000,-0.703000,0.000000,-0.524000,1.734000,0.008000,0.000000,0.000000,0.011000,-0.019000,-0.247000,0.030713,1.091475,-0.660319,-0.063257,-0.392960,-0.078592
4.0916,82.6810,0.000000,0.012000,-0.703000,0.000000,-0.524000,1.731000,0.008000,0.000000,0.000000,0.011000,-0.019000,-0.356000,0.030713,1.091475,-0.660319,-0.063257,-0.392960,-0.076675
4.0937,82.4790,0.000000,0.012000,-0.703000,0.000000,-0.524000,1.731000,0.008000,0.000000,0.000000,0.011000,-0.019000,-0.356000,0.030713,1.091475,-0.660319,-0.063257,-0.392960,-0.076675
4.0957,82.2810,0.000000,0.012000,-0.703000,0.000000,-0.524000,1.729000,0.008000,-0.001000,0.001000,-0.005000,-0.019000,-0.341000,0.030713,1.102106,-0.648506,-0.077634,-0.392960,-0.095844
4.0978,82.0820,0.000000,0.012000,-0.703000,0.000000,-0.524000,1.729000,0.008000,-0.001000,0.001000,-0.005000,-0.019000,-0.341000,0.030713,1.102106,-0.648506,-0.077634,-0.392960,-0.095844
4.1000,81.8720,0.000000,0.012000,-0.703000,0.000000,-0.524000,1.726000,-0.002000,0.000000,0.000000,0.034000,-0.001000,-0.333000,0.034256,1.092656,-0.652050,-0.103512,-0.404462,-0.120763
4.1020,81.6720,0.000000,0.012000,-0.703000,0.000000,-0.524000,1.726000,-0.002000,0.000000,0.000000,0.034000,-0.001000,-0.333000,0.034256,1.092656,-0.652050,-0.103512,-0.404462,-0.120763
4.1041,81.4710,0.000000,0.012000,-0.703000,0.000000,-0.524000,1.726000,-0.004000,-0.001000,0.000000,0.003000,-0.001000,-0.333000,0.024806,1.098563,-0.655594,-0.088176,-0.404462,-0.120763
4.1062,81.2690,0.000000,0.012000,-0.703000,0.000000,-0.524000,1.726000,-0.004000,-0.001000,0.000000,0.003000,-0.013000,-0.333000,0.024806,1.098563,-0.655594,-0.088176,-0.398711,-0.120763
4.1084,81.0480,0.000000,0.012000,-0.703000,0.000000,-0.524000,1.726000,-0.004000,-0.001000,0.000000,0.003000,-0.013000,-0.333000,0.024806,1.098563,-0.655594,-0.088176,-0.398711,-0.120763
4.1105,80.8450,0.000000,0.012000,-0.703000,0.000000,-0.524000,1.723000,-0.004000,-0.001000,0.000000,0.003000,-0.007000,-0.492000,0.024806,1.098563,-0.655594,-0.088176,-0.391044,-0.099678
4.1125,80.6410,0.000000,0.012000,-0.703000,0.000000,-0.524000,1.723000,-0.004000,-0.001000,0.000000,0.003000,-0.007000,-0.492000,0.024806,1.098563,-0.655594,-0.088176,-0.391044,-0.099678
4.1146,80.4310,0.000000,0.012000,-0.703000,0.000000,-0.524000,1.723000,0.002000,0.000000,-0.003000,0.000000,-0.007000,-0.492000,0.018900,1.082025,-0.652050,-0.092969,-0.391044,-0.099678
4.1167,80.2300,0.000000,0.012000,-0.703000,0.000000,-0.524000,1.719000,0.002000,0.000000,-0.003000,0.000000,-0.007000,-0.517000,0.018900,1.082025,-0.652050,-0.092969,-0.391044,-0.062299
4.1188,80.0160,0.000000,0.012000,-0.703000,0.000000,-0.524000,1.719000,-0.001000,0.002000,-0.001000,0.000000,-0.007000,-0.517000,0.022444,1.115100,-0.663863,-0.092969,-0.391044,-0.062299
4.1209,79.8080,0.000000,0.012000,-0.703000,0.000000,-0.524000,1.719000,-0.001000,0.002000,-0.001000,-0.038000,-0.017000,-0.517000,0.022444,1.115100,-0.663863,-0.083384,-0.400628,-0.062299
4.1234,79.5530,0.000000,0.012000,-0.703000,0.000000,-0.524000,1.719000,-0.001000,0.002000,-0.001000,-0.038000,-0.017000,-0.517000,0.022444,1.115100,-0.663863,-0.083384,-0.400628,-0.062299
4.1255,79.3360,0.000000,0.012000,-0.703000,0.000000,-0.524000,1.715000,0.001000,0.002000,-0.001000,-0.038000,-0.007000,-0.582000,0.015356,1.115100,-0.663863,-0.083384,-0.392002,-0.063257
4.1276,79.1260,0.000000,0.012000,-0.703000,0.000000,-0.524000,1.715000,0.001000,0.002000,-0.001000,-0.038000,-0.007000,-0.582000,0.015356,1.115100,-0.663863,-0.083384,-0.392002,-0.063257
4.1296,78.9150,0.000000,0.012000,-0.703000,0.000000,-0.524000,1.715000,0.001000,0.001000,-0.004000,-0.001000,-0.007000,-0.582000,0.015356,1.090294,-0.659137,-0.082426,-0.392002,-0.063257
4.1317,78.7080,0.000000,0.012000,-0.703000,0.000000,-0.524000,1.711000,0.001000,0.001000,-0.004000,-0.001000,-0.007000,-0.510000,0.015356,1.090294,-0.659137,-0.082426,-0.392002,-0.121722
4.1337,78.4960,0.000000,0.012000,-0.703000,0.000000,-0.524000,1.711000,-0.003000,0.001000,-0.004000,-0.001000,-0.007000,-0.510000,0.023625,1.090294,-0.659137,-0.082426,-0.392002,-0.121722
4.1358,78.2830,0.000000,0.012000,-0.703000,0.000000,-0.524000,1.707000,-0.003000,0.000000,0.002000,-0.007000,0.003000,-0.588000,0.023625,1.105650,-0.667406,-0.091052,-0.395836,-0.138974
4.1382,78.0320,0.000000,0.012000,-0.703000,0.000000,-0.524000,1.707000,-0.004000,0.000000,-0.002000,-0.005000,0.003000,-0.588000,0.036619,1.099744,-0.656775,-0.073800,-0.395836,-0.138974
4.1403,77.8170,0.000000,0.012000,-0.703000,0.000000,-0.524000,1.707000,-0.004000,0.000000,-0.002000,-0.005000,0.021000,-0.588000,0.036619,1.099744,-0.656775,-0.073800,-0.402545,-0.138974
4.1423,77.6020,0.000000,0.012000,-0.703000,0.000000,-0.524000,1.707000,-0.004000,0.000000,-0.002000,-0.005000,0.021000,-0.588000,0.036619,1.099744,-0.656775,-0.073800,-0.402545,-0.138974
4.1451,77.3050,0.000000,0.012000,-0.703000,0.000000,-0.524000,1.703000,-0.004000,0.000000,-0.002000,-0.005000,0.001000,-0.648000,0.036619,1.099744,-0.656775,-0.073800,-0.391044,-0.158143
4.1472,77.0870,0.000000,0.012000,-0.703000,0.000000,-0.524000,1.703000,-0.004000,0.000000,-0.002000,-0.005000,0.001000,-0.648000,0.036619,1.099744,-0.656775,-0.073800,-0.391044,-0.158143
4.1493,76.8660,0.000000,0.012000,-0.703000,0.000000,-0.524000,1.703000,0.000000,0.002000,-0.002000,-0.005000,0.001000,-0.648000,0.024806,1.099744,-0.656775,-0.073800,-0.391044,-0.158143
4.1514,76.6460,0.000000,0.012000,-0.703000,0.000000,-0.524000,1.698000,0.000000,0.002000,0.000000,0.003000,0.001000,-0.742000,0.024806,1.099744,-0.657956,-0.090093,-0.391044,-0.057506
4.1537,76.3930,0.000000,0.012000,-0.703000,0.000000,-0.524000,1.698000,0.000000,-0.001000,0.000000,0.003000,0.001000,-0.742000,0.023625,1.102106,-0.657956,-0.090093,-0.391044,-0.057506
4.1558,76.1730,0.000000,0.012000,-0.703000,0.000000,-0.524000,1.698000,0.000000,-0.001000,-0.006000,-0.015000,0.019000,-0.742000,0.023625,1.102106,-0.659137,-0.079551,-0.410212,-0.057506
4.1579,75.9520,0.000000,0.012000,-0.703000,0.000000,-0.524000,1.698000,0.000000,-0.001000,-0.006000,-0.015000,0.019000,-0.742000,0.023625,1.102106,-0.659137,-0.079551,-0.410212,-0.057506
4.1600,75.7220,0.000000,0.012000,-0.703000,0.000000,-0.524000,1.693000,0.000000,-0.001000,-0.006000,-0.015000,-0.019000,-0.707000,0.031894,1.102106,-0.659137,-0.079551,-0.397753,-0.025878
4.1621,75.5000,0.000000,0.012000,-0.703000,0.000000,-0.524000,1.693000,0.000000,-0.001000,-0.006000,-0.015000,-0.019000,-0.707000,0.031894,1.102106,-0.659137,-0.079551,-0.397753,-0.025878
4.1642,75.2700,0.000000,0.012000,-0.703000,0.000000,-0.524000,1.688000,0.000000,-0.002000,0.000000,0.003000,-0.019000,-0.646000,0.031894,1.113919,-0.669769,-0.073800,-0.397753,-0.067091
4.1662,75.0470,0.000000,0.012000,-0.703000,0.000000,-0.524000,1.688000,0.000000,-0.002000,0.000000,0.003000,-0.019000,-0.646000,0.031894,1.113919,-0.669769,-0.073800,-0.397753,-0.067091
4.1684,74.8140,0.000000,0.012000,-0.703000,0.000000,-0.524000,1.688000,0.009000,-0.002000,0.000000,0.003000,-0.019000,-0.646000,0.021263,1.113919,-0.669769,-0.073800,-0.397753,-0.067091
4.1704,74.5880,0.000000,0.012000,-0.703000,0.000000,-0.524000,1.683000,0.009000,-0.002000,-0.007000,-0.017000,0.005000,-0.615000,0.021263,1.105650,-0.657956,-0.072841,-0.412129,-0.160059
4.1725,74.3610,0.000000,0.012000,-0.703000,0.000000,-0.524000,1.683000,0.009000,-0.002000,-0.007000,-0.017000,0.005000,-0.615000,0.021263,1.105650,-0.657956,-0.072841,-0.412129,-0.160059
4.1747,74.1230,0.000000,0.012000,-0.703000,0.000000,-0.524000,1.683000,-0.006000,0.000000,0.002000,0.005000,0.026000,-0.615000,0.050794,1.093837,-0.655594,-0.080509,-0.397753,-0.160059
4.1767,73.8960,0.000000,0.012000,-0.703000,0.000000,-0.524000,1.683000,-0.006000,0.000000,0.002000,0.005000,0.026000,-0.615000,0.050794,1.093837,-0.655594,-0.080509,-0.397753,-0.160059
4.1789,73.6620,0.000000,0.012000,-0.703000,0.000000,-0.524000,1.677000,-0.006000,0.000000,0.002000,0.005000,-0.005000,-0.905000,0.050794,1.093837,-0.655594,-0.080509,-0.392002,-0.139932
4.1809,73.4330,0.000000,0.012000,-0.703000,0.000000,-0.524000,1.677000,-0.006000,0.000000,0.002000,0.005000,-0.005000,-0.905000,0.050794,1.093837,-0.655594,-0.080509,-0.392002,-0.139932
4.1830,73.1980,0.000000,0.012000,-0.703000,0.000000,-0.524000,1.677000,-0.006000,0.000000,0.002000,0.005000,-0.005000,-0.905000,0.050794,1.093837,-0.655594,-0.080509,-0.392002,-0.139932
4.1851,72.9690,0.000000,0.012000,-0.703000,0.000000,-0.524000,1.671000,-0.007000,0.000000,0.001000,-0.001000,-0.005000,-0.836000,0.051975,1.100925,-0.656775,-0.068049,-0.392002,-0.060382
4.1872,72.7380,0.000000,0.012000,-0.703000,0.000000,-0.524000,1.671000,-0.007000,0.000000,0.001000,-0.001000,-0.005000,-0.836000,0.051975,1.100925,-0.656775,-0.068049,-0.392002,-0.060382
4.1893,72.5020,0.000000,0.012000,-0.703000,0.000000,-0.524000,1.671000,-0.005000,-0.001000,0.000000,-0.009000,-0.005000,-0.836000,0.043706,1.095019,-0.661500,-0.071883,-0.392002,-0.060382
4.1913,72.2700,0.000000,0.012000,-0.703000,0.000000,-0.524000,1.671000,-0.005000,-0.001000,0.000000,-0.009000,-0.026000,-0.836000,0.043706,1.095019,-0.661500,-0.071883,-0.395836,-0.060382
4.1936,72.0170,0.000000,0.012000,-0.703000,0.000000,-0.524000,1.671000,-0.005000,-0.001000,0.000000,-0.009000,-0.026000,-0.836000,0.043706,1.095019,-0.661500,-0.071883,-0.395836,-0.060382
4.1959,71.7550,0.000000,0.012000,-0.703000,0.000000,-0.524000,1.671000,-0.002000,-0.001000,0.000000,-0.009000,-0.026000,-0.836000,0.036619,1.095019,-0.661500,-0.071883,-0.395836,-0.060382
4.1981,71.5070,0.000000,0.012000,-0.703000,0.000000,-0.524000,1.665000,-0.002000,-0.001000,0.000000,-0.009000,0.015000,-0.903000,0.036619,1.095019,-0.661500,-0.071883,-0.395836,-0.121722
4.2001,71.2730,0.000000,0.012000,-0.703000,0.000000,-0.524000,1.658000,-0.002000,0.001000,0.005000,0.019000,0.015000,-1.010000,0.036619,1.099744,-0.662681,-0.077634,-0.395836,-0.054631
4.2022,71.0380,0.000000,0.012000,-0.703000,0.000000,-0.524000,1.658000,-0.002000,0.001000,0.005000,0.019000,0.015000,-1.010000,0.036619,1.099744,-0.662681,-0.077634,-0.395836,-0.054631
4.2043,70.8020,0.000000,0.012000,-0.703000,0.000000,-0.524000,1.658000,0.000000,-0.001000,-0.002000,-0.049000,0.000000,-1.010000,0.044887,1.109194,-0.654412,-0.042171,-0.408295,-0.054631
4.2063,70.5660,0.000000,0.012000,-0.703000,0.000000,-0.524000,1.652000,0.000000,-0.001000,-0.002000,-0.049000,0.000000,-0.897000,0.044887,1.109194,-0.654412,-0.042171,-0.408295,-0.156226
4.2088,70.2830,0.000000,0.012000,-0.703000,0.000000,-0.524000,1.652000,-0.002000,0.003000,-0.002000,-0.049000,0.000000,-0.897000,0.020081,1.099744,-0.654412,-0.042171,-0.408295,-0.156226
4.2109,70.0450,0.000000,0.012000,-0.703000,0.000000,-0.524000,1.652000,-0.002000,0.003000,0.000000,0.051000,-0.001000,-0.897000,0.020081,1.099744,-0.665044,-0.084343,-0.393919,-0.156226
4.2132,69.7730,0.000000,0.012000,-0.703000,0.000000,-0.524000,1.652000,-0.002000,0.003000,0.000000,0.051000,-0.001000,-0.897000,0.020081,1.099744,-0.665044,-0.084343,-0.393919,-0.156226
4.2153,69.5350,0.000000,0.012000,-0.703000,0.000000,-0.524000,1.645000,-0.002000,0.003000,0.000000,0.051000,0.023000,-0.908000,0.020081,1.099744,-0.665044,-0.084343,-0.396794,-0.089135
4.2174,69.2960,0.000000,0.012000,-0.703000,0.000000,-0.524000,1.645000,-0.002000,0.003000,0.000000,0.051000,0.023000,-0.908000,0.020081,1.099744,-0.665044,-0.084343,-0.396794,-0.089135
4.2195,69.0480,0.000000,0.012000,-0.703000,0.000000,-0.524000,1.645000,0.004000,0.000000,0.000000,-0.011000,0.023000,-0.908000,0.023625,1.109194,-0.673312,-0.086260,-0.396794,-0.089135
4.2216,68.8080,0.000000,0.012000,-0.703000,0.000000,-0.524000,1.638000,0.004000,0.000000,0.000000,-0.011000,0.023000,-1.058000,0.023625,1.109194,-0.673312,-0.086260,-0.396794,-0.059423
4.2236,68.5680,0.000000,0.012000,-0.703000,0.000000,-0.524000,1.638000,-0.006000,0.000000,0.000000,-0.011000,0.023000,-1.058000,0.031894,1.109194,-0.673312,-0.086260,-0.396794,-0.059423
4.2257,68.3270,0.000000,0.012000,-0.703000,0.000000,-0.524000,1.638000,-0.006000,-0.001000,0.005000,0.009000,-0.015000,-1.058000,0.031894,1.093837,-0.673312,-0.082426,-0.385293,-0.059423
4.2277,68.0850,0.000000,0.012000,-0.703000,0.000000,-0.524000,1.638000,-0.006000,-0.001000,0.005000,0.009000,-0.015000,-1.058000,0.031894,1.093837,-0.673312,-0.082426,-0.385293,-0.059423
4.2298,67.8440,0.000000,0.012000,-0.703000,0.000000,-0.524000,1.630000,0.003000,-0.001000,0.005000,0.009000,0.011000,-1.096000,0.037800,1.093837,-0.673312,-0.082426,-0.394877,-0.077634
4.2319,67.6010,0.000000,0.012000,-0.703000,0.000000,-0.524000,1.630000,0.003000,-0.001000,0.005000,0.009000,0.011000,-1.096000,0.037800,1.093837,-0.673312,-0.082426,-0.394877,-0.077634
4.2339,67.3590,0.000000,0.012000,-0.703000,0.000000,-0.524000,1.630000,0.003000,0.000000,0.002000,-0.007000,0.011000,-1.096000,0.037800,1.103287,-0.681581,-0.060382,-0.394877,-0.077634
4.2360,67.1150,0.000000,0.012000,-0.703000,0.000000,-0.524000,1.623000,0.003000,0.000000,0.002000,-0.007000,0.011000,-1.098000,0.037800,1.103287,-0.681581,-0.060382,-0.394877,-0.120763
4.2384,66.8280,0.000000,0.012000,-0.703000,0.000000,-0.524000,1.623000,0.003000,0.000000,0.002000,-0.007000,0.011000,-1.098000,0.037800,1.103287,-0.681581,-0.060382,-0.394877,-0.120763
4.2405,66.5830,0.000000,0.012000,-0.703000,0.000000,-0.524000,1.615000,-0.003000,0.000000,-0.011000,0.019000,0.005000,-1.198000,0.018900,1.097381,-0.669769,-0.080509,-0.402545,-0.111179
4.2426,66.3370,0.000000,0.012000,-0.703000,0.000000,-0.524000,1.615000,-0.003000,0.000000,-0.011000,0.019000,0.005000,-1.198000,0.018900,1.097381,-0.669769,-0.080509,-0.402545,-0.111179
4.2446,66.0930,0.000000,0.012000,-0.703000,0.000000,-0.524000,1.615000,-0.001000,0.000000,0.000000,-0.001000,0.021000,-1.198000,0.036619,1.097381,-0.670950,-0.071883,-0.408295,-0.111179
4.2467,65.8490,0.000000,0.012000,-0.703000,0.000000,-0.524000,1.615000,-0.001000,0.000000,0.000000,-0.001000,0.021000,-1.198000,0.036619,1.097381,-0.670950,-0.071883,-0.408295,-0.111179
4.2487,65.6010,0.000000,0.012000,-0.703000,0.000000,-0.524000,1.615000,-0.001000,0.000000,0.000000,-0.001000,0.021000,-1.198000,0.036619,1.097381,-0.670950,-0.071883,-0.408295,-0.111179
4.2508,65.3540,0.000000,0.012000,-0.703000,0.000000,-0.524000,1.607000,-0.001000,0.000000,0.000000,-0.001000,-0.015000,-1.186000,0.036619,1.097381,-0.670950,-0.071883,-0.397753,-0.071883
4.2529,65.1070,0.000000,0.012000,-0.703000,0.000000,-0.524000,1.607000,-0.001000,0.000000,0.000000,-0.001000,-0.015000,-1.186000,0.036619,1.097381,-0.670950,-0.071883,-0.397753,-0.071883
4.2550,64.8550,0.000000,0.012000,-0.703000,0.000000,-0.524000,1.599000,-0.005000,0.000000,-0.004000,-0.021000,-0.015000,-1.179000,0.030713,1.110375,-0.652050,-0.068049,-0.397753,-0.087218
4.2570,64.6070,0.000000,0.012000,-0.703000,0.000000,-0.524000,1.599000,-0.005000,0.000000,-0.004000,-0.021000,-0.015000,-1.179000,0.030713,1.110375,-0.652050,-0.068049,-0.397753,-0.087218
4.2592,64.3430,0.000000,0.012000,-0.703000,0.000000,-0.524000,1.599000,-0.005000,-0.001000,-0.001000,0.011000,-0.005000,-1.179000,0.012994,1.108012,-0.670950,-0.075717,-0.407337,-0.087218
4.2613,64.0940,0.000000,0.012000,-0.703000,0.000000,-0.524000,1.599000,-0.005000,-0.001000,-0.001000,0.011000,-0.005000,-1.179000,0.012994,1.108012,-0.670950,-0.075717,-0.407337,-0.087218
4.2634,63.8430,0.000000,0.012000,-0.703000,0.000000,-0.524000,1.599000,-0.005000,-0.001000,-0.001000,0.011000,-0.005000,-1.179000,0.012994,1.108012,-0.670950,-0.075717,-0.407337,-0.087218
4.2654,63.5940,0.000000,0.012000,-0.703000,0.000000,-0.524000,1.590000,0.013000,-0.001000,-0.001000,0.011000,0.003000,-1.225000,0.011813,1.108012,-0.670950,-0.075717,-0.412129,-0.097761
4.2675,63.3440,0.000000,0.012000,-0.703000,0.000000,-0.524000,1.590000,0.013000,-0.001000,-0.001000,0.011000,0.003000,-1.225000,0.011813,1.108012,-0.670950,-0.075717,-0.412129,-0.097761
4.2698,63.0680,0.000000,0.012000,-0.703000,0.000000,-0.524000,1.581000,0.013000,0.000000,0.004000,-0.013000,0.003000,-1.284000,0.011813,1.099744,-0.657956,-0.067091,-0.412129,-0.119805
4.2718,62.8190,0.000000,0.012000,-0.703000,0.000000,-0.524000,1.581000,0.013000,0.000000,0.004000,-0.013000,0.003000,-1.284000,0.011813,1.099744,-0.657956,-0.067091,-0.412129,-0.119805
4.2740,62.5570,0.000000,0.012000,-0.703000,0.000000,-0.524000,1.581000,0.000000,0.000000,0.004000,-0.013000,0.003000,-1.284000,0.015356,1.110375,-0.657956,-0.067091,-0.412129,-0.119805
4.2761,62.3060,0.000000,0.012000,-0.703000,0.000000,-0.524000,1.573000,0.000000,0.000000,0.006000,-0.009000,-0.015000,-1.227000,0.015356,1.110375,-0.678037,-0.039296,-0.394877,-0.125556
4.2784,62.0170,0.000000,0.012000,-0.703000,0.000000,-0.524000,1.573000,0.000000,0.000000,0.006000,-0.009000,-0.015000,-1.227000,0.015356,1.110375,-0.678037,-0.039296,-0.394877,-0.125556
4.2805,61.7640,0.000000,0.012000,-0.703000,0.000000,-0.524000,1.573000,0.005000,0.000000,-0.005000,0.007000,-0.003000,-1.227000,0.022444,1.104469,-0.666225,-0.086260,-0.409254,-0.125556
4.2826,61.5120,0.000000,0.012000,-0.703000,0.000000,-0.524000,1.573000,0.005000,0.000000,-0.005000,0.007000,-0.003000,-1.227000,0.022444,1.104469,-0.666225,-0.086260,-0.409254,-0.125556
4.2846,61.2600,0.000000,0.012000,-0.703000,0.000000,-0.524000,1.573000,0.005000,0.000000,-0.005000,0.007000,-0.019000,-1.227000,0.022444,1.104469,-0.666225,-0.086260,-0.399669,-0.125556
4.2867,61.0100,0.000000,0.012000,-0.703000,0.000000,-0.524000,1.564000,0.005000,0.000000,-0.005000,0.007000,-0.019000,-1.307000,0.022444,1.104469,-0.666225,-0.086260,-0.399669,-0.112137
4.2893,60.6860,0.000000,0.012000,-0.703000,0.000000,-0.524000,1.554000,0.004000,0.001000,-0.004000,0.015000,-0.019000,-1.369000,0.027169,1.096200,-0.668588,-0.099678,-0.399669,-0.077634
4.2914,60.4320,0.000000,0.012000,-0.703000,0.000000,-0.524000,1.554000,0.004000,0.001000,-0.004000,0.015000,-0.019000,-1.369000,0.027169,1.096200,-0.668588,-0.099678,-0.399669,-0.077634
4.2936,60.1620,0.000000,0.012000,-0.703000,0.000000,-0.524000,1.554000,0.004000,0.001000,-0.004000,0.015000,-0.019000,-1.369000,0.027169,1.096200,-0.668588,-0.099678,-0.399669,-0.077634
4.2956,59.9070,0.000000,0.012000,-0.703000,0.000000,-0.524000,1.554000,-0.003000,0.000000,0.000000,-0.009000,-0.017000,-1.369000,0.036619,1.103287,-0.659137,-0.069008,-0.415005,-0.077634
4.2977,59.6560,0.000000,0.012000,-0.703000,0.000000,-0.524000,1.554000,-0.003000,0.000000,0.000000,-0.009000,-0.017000,-1.369000,0.036619,1.103287,-0.659137,-0.069008,-0.415005,-0.077634
4.2997,59.4020,0.000000,0.012000,-0.703000,0.000000,-0.524000,1.544000,-0.006000,0.000000,0.000000,-0.009000,-0.005000,-1.453000,0.029531,1.103287,-0.659137,-0.069008,-0.401586,-0.096802
4.3018,59.1480,0.000000,0.012000,-0.703000,0.000000,-0.524000,1.544000,-0.006000,0.000000,0.000000,-0.009000,-0.005000,-1.453000,0.029531,1.103287,-0.659137,-0.069008,-0.401586,-0.096802
4.3040,58.8800,0.000000,0.012000,-0.703000,0.000000,-0.524000,1.544000,-0.006000,0.000000,0.005000,-0.009000,-0.005000,-1.453000,0.029531,1.096200,-0.689850,-0.069008,-0.401586,-0.096802
4.3060,58.6240,0.000000,0.012000,-0.703000,0.000000,-0.524000,1.534000,-0.006000,0.000000,0.005000,0.007000,-0.005000,-1.455000,0.029531,1.096200,-0.689850,-0.085301,-0.401586,-0.091052
4.3084,58.3260,0.000000,0.012000,-0.703000,0.000000,-0.524000,1.534000,-0.006000,0.000000,0.005000,0.007000,-0.005000,-1.455000,0.029531,1.096200,-0.689850,-0.085301,-0.401586,-0.091052
4.3105,58.0710,0.000000,0.012000,-0.703000,0.000000,-0.524000,1.524000,-0.008000,0.001000,-0.001000,-0.007000,-0.001000,-1.441000,0.027169,1.113919,-0.681581,-0.063257,-0.405420,-0.141849
4.3126,57.8140,0.000000,0.012000,-0.703000,0.000000,-0.524000,1.524000,-0.008000,0.001000,-0.001000,-0.007000,-0.001000,-1.441000,0.027169,1.113919,-0.681581,-0.063257,-0.405420,-0.141849
4.3146,57.5550,0.000000,0.012000,-0.703000,0.000000,-0.524000,1.524000,0.006000,-0.002000,-0.001000,0.003000,-0.003000,-1.441000,0.020081,1.097381,-0.659137,-0.076675,-0.400628,-0.141849
4.3167,57.3040,0.000000,0.012000,-0.703000,0.000000,-0.524000,1.524000,0.006000,-0.002000,-0.001000,0.003000,-0.003000,-1.441000,0.020081,1.097381,-0.659137,-0.076675,-0.400628,-0.141849
4.3188,57.0340,0.000000,0.012000,-0.703000,0.000000,-0.524000,1.524000,0.006000,-0.002000,-0.001000,0.003000,-0.003000,-1.441000,0.020081,1.097381,-0.659137,-0.076675,-0.400628,-0.141849
4.3209,56.7770,0.000000,0.012000,-0.703000,0.000000,-0.524000,1.514000,0.006000,-0.002000,-0.001000,0.003000,0.009000,-1.470000,0.020081,1.097381,-0.659137,-0.076675,-0.396794,-0.126514
4.3230,56.5200,0.000000,0.012000,-0.703000,0.000000,-0.524000,1.514000,0.006000,-0.002000,-0.001000,0.003000,0.009000,-1.470000,0.020081,1.097381,-0.659137,-0.076675,-0.396794,-0.126514
4.3250,56.2630,0.000000,0.012000,-0.703000,0.000000,-0.524000,1.502000,0.000000,0.000000,0.000000,-0.001000,0.009000,-1.670000,0.024806,1.089112,-0.692213,-0.090093,-0.396794,-0.018210
4.3271,56.0070,0.000000,0.012000,-0.703000,0.000000,-0.524000,1.502000,0.000000,0.000000,0.000000,-0.001000,0.009000,-1.670000,0.024806,1.089112,-0.692213,-0.090093,-0.396794,-0.018210
4.3293,55.7310,0.000000,0.012000,-0.703000,0.000000,-0.524000,1.502000,-0.005000,0.000000,0.002000,-0.059000,0.021000,-1.670000,0.024806,1.096200,-0.670950,-0.043130,-0.405420,-0.018210
4.3314,55.4720,0.000000,0.012000,-0.703000,0.000000,-0.524000,1.502000,-0.005000,0.000000,0.002000,-0.059000,0.021000,-1.670000,0.024806,1.096200,-0.670950,-0.043130,-0.405420,-0.018210
4.3340,55.1390,0.000000,0.012000,-0.703000,0.000000,-0.524000,1.502000,0.006000,-0.001000,0.002000,-0.059000,0.021000,-1.670000,0.023625,1.115100,-0.670950,-0.043130,-0.405420,-0.018210
4.3361,54.8820,0.000000,0.012000,-0.703000,0.000000,-0.524000,1.492000,0.006000,-0.001000,0.002000,-0.059000,-0.024000,-1.472000,0.023625,1.115100,-0.670950,-0.043130,-0.396794,-0.160059
4.3384,54.5910,0.000000,0.012000,-0.703000,0.000000,-0.524000,1.492000,0.006000,-0.001000,0.002000,-0.059000,-0.024000,-1.472000,0.023625,1.115100,-0.670950,-0.043130,-0.396794,-0.160059
4.3405,54.3320,0.000000,0.012000,-0.703000,0.000000,-0.524000,1.481000,0.006000,-0.001000,0.005000,0.051000,-0.024000,-1.599000,0.023625,1.115100,-0.682762,-0.080509,-0.396794,-0.115013
4.3426,54.0730,0.000000,0.012000,-0.703000,0.000000,-0.524000,1.481000,0.006000,-0.001000,0.005000,0.051000,-0.024000,-1.599000,0.023625,1.115100,-0.682762,-0.080509,-0.396794,-0.115013
4.3446,53.8150,0.000000,0.012000,-0.703000,0.000000,-0.524000,1.481000,0.000000,0.001000,0.000000,-0.030000,0.044000,-1.599000,0.024806,1.106831,-0.666225,-0.063257,-0.393919,-0.115013
4.3467,53.5570,0.000000,0.012000,-0.703000,0.000000,-0.524000,1.470000,0.000000,0.001000,0.000000,-0.030000,0.044000,-1.675000,0.024806,1.106831,-0.666225,-0.063257,-0.393919,-0.120763
4.3487,53.2970,0.000000,0.012000,-0.703000,0.000000,-0.524000,1.470000,0.000000,0.001000,0.000000,-0.030000,0.044000,-1.675000,0.024806,1.106831,-0.666225,-0.063257,-0.393919,-0.120763
4.3508,53.0390,0.000000,0.012000,-0.703000,0.000000,-0.524000,1.470000,-0.004000,0.002000,-0.003000,0.001000,-0.009000,-1.675000,0.035438,1.097381,-0.680400,-0.074758,-0.399669,-0.120763
4.3529,52.7810,0.000000,0.012000,-0.703000,0.000000,-0.524000,1.470000,-0.004000,0.002000,-0.003000,0.001000,-0.009000,-1.675000,0.035438,1.097381,-0.680400,-0.074758,-0.399669,-0.120763
4.3550,52.5120,0.000000,0.012000,-0.703000,0.000000,-0.524000,1.458000,-0.004000,0.002000,-0.003000,0.001000,-0.005000,-1.714000,0.035438,1.097381,-0.680400,-0.074758,-0.391044,-0.047922
4.3571,52.2530,0.000000,0.012000,-0.703000,0.000000,-0.524000,1.458000,-0.004000,0.002000,-0.003000,0.001000,-0.005000,-1.714000,0.035438,1.097381,-0.680400,-0.074758,-0.391044,-0.047922
4.3591,51.9940,0.000000,0.012000,-0.703000,0.000000,-0.524000,1.458000,-0.005000,0.000000,-0.009000,-0.015000,-0.005000,-1.714000,0.037800,1.122188,-0.682762,-0.056548,-0.391044,-0.047922
4.3612,51.7340,0.000000,0.012000,-0.703000,0.000000,-0.524000,1.446000,-0.005000,0.000000,-0.009000,-0.015000,-0.005000,-1.721000,0.037800,1.122188,-0.682762,-0.056548,-0.391044,-0.129389
4.3633,51.4680,0.000000,0.012000,-0.703000,0.000000,-0.524000,1.446000,-0.005000,0.000000,-0.009000,-0.015000,-0.005000,-1.721000,0.037800,1.122188,-0.682762,-0.056548,-0.391044,-0.129389
4.3654,51.2090,0.000000,0.012000,-0.703000,0.000000,-0.524000,1.446000,-0.004000,-0.001000,-0.004000,0.015000,-0.021000,-1.721000,0.021263,1.103287,-0.686306,-0.076675,-0.399669,-0.129389
4.3674,50.9490,0.000000,0.012000,-0.703000,0.000000,-0.524000,1.446000,-0.004000,-0.001000,-0.004000,0.015000,-0.021000,-1.721000,0.021263,1.103287,-0.686306,-0.076675,-0.399669,-0.129389
4.3696,50.6820,0.000000,0.012000,-0.703000,0.000000,-0.524000,1.446000,0.008000,0.002000,-0.004000,0.015000,-0.021000,-1.721000,0.009450,1.109194,-0.686306,-0.076675,-0.399669,-0.129389
4.3716,50.4220,0.000000,0.012000,-0.703000,0.000000,-0.524000,1.434000,0.008000,0.002000,-0.004000,0.015000,0.001000,-1.712000,0.009450,1.109194,-0.686306,-0.076675,-0.404462,-0.149517
4.3738,50.1500,0.000000,0.012000,-0.703000,0.000000,-0.524000,1.434000,0.008000,0.002000,-0.004000,0.015000,0.001000,-1.712000,0.009450,1.109194,-0.686306,-0.076675,-0.404462,-0.149517
4.3759,49.8900,0.000000,0.012000,-0.703000,0.000000,-0.524000,1.422000,0.008000,0.002000,0.004000,0.019000,0.001000,-1.804000,0.009450,1.109194,-0.665044,-0.084343,-0.404462,-0.067091
4.3781,49.6120,0.000000,0.012000,-0.703000,0.000000,-0.524000,1.422000,0.008000,0.002000,0.004000,0.019000,0.001000,-1.804000,0.009450,1.109194,-0.665044,-0.084343,-0.404462,-0.067091
4.3801,49.3530,0.000000,0.012000,-0.703000,0.000000,-0.524000,1.409000,0.003000,0.000000,0.003000,-0.032000,0.015000,-1.790000,0.011813,1.098563,-0.670950,-0.062299,-0.412129,-0.116930
4.3822,49.0940,0.000000,0.012000,-0.703000,0.000000,-0.524000,1.409000,0.003000,0.000000,0.003000,-0.032000,0.015000,-1.790000,0.011813,1.098563,-0.670950,-0.062299,-0.412129,-0.116930
4.3843,48.8350,0.000000,0.012000,-0.703000,0.000000,-0.524000,1.409000,0.009000,0.000000,0.002000,0.015000,0.015000,-1.790000,0.017719,1.100925,-0.686306,-0.055590,-0.412129,-0.116930
4.3863,48.5770,0.000000,0.012000,-0.703000,0.000000,-0.524000,1.409000,0.009000,0.000000,0.002000,0.015000,-0.009000,-1.790000,0.017719,1.100925,-0.686306,-0.055590,-0.401586,-0.116930
4.3886,48.2880,0.000000,0.012000,-0.703000,0.000000,-0.524000,1.409000,0.009000,0.000000,0.002000,0.015000,-0.009000,-1.790000,0.017719,1.100925,-0.686306,-0.055590,-0.401586,-0.116930
4.3907,48.0320,0.000000,0.012000,-0.703000,0.000000,-0.524000,1.396000,0.009000,0.000000,0.002000,0.015000,-0.005000,-1.838000,0.017719,1.100925,-0.686306,-0.055590,-0.394877,-0.149517
4.3927,47.7730,0.000000,0.012000,-0.703000,0.000000,-0.524000,1.396000,0.009000,0.000000,0.002000,0.015000,-0.005000,-1.838000,0.017719,1.100925,-0.686306,-0.055590,-0.394877,-0.149517
4.3949,47.5050,0.000000,0.012000,-0.703000,0.000000,-0.524000,1.383000,0.011000,0.000000,0.004000,-0.032000,-0.005000,-1.915000,0.022444,1.116281,-0.675675,-0.054631,-0.394877,-0.098719
4.3969,47.2460,0.000000,0.012000,-0.703000,0.000000,-0.524000,1.383000,0.011000,0.000000,0.004000,-0.032000,-0.005000,-1.915000,0.022444,1.116281,-0.675675,-0.054631,-0.394877,-0.098719
4.3993,46.9490,0.000000,0.012000,-0.703000,0.000000,-0.524000,1.383000,0.001000,-0.002000,0.002000,0.015000,-0.005000,-1.915000,0.029531,1.099744,-0.679219,-0.077634,-0.394877,-0.098719
4.4014,46.6900,0.000000,0.012000,-0.703000,0.000000,-0.524000,1.383000,0.001000,-0.002000,0.002000,0.015000,-0.005000,-1.915000,0.029531,1.099744,-0.679219,-0.077634,-0.404462,-0.098719
4.4036,46.4030,0.000000,0.012000,-0.703000,0.000000,-0.524000,1.383000,0.001000,-0.002000,0.002000,0.015000,-0.005000,-1.915000,0.029531,1.099744,-0.679219,-0.077634,-0.404462,-0.098719
4.4057,46.1500,0.000000,0.012000,-0.703000,0.000000,-0.524000,1.370000,0.000000,-0.002000,0.002000,0.015000,0.003000,-1.915000,0.030713,1.105650,-0.679219,-0.077634,-0.396794,-0.071883
4.4077,45.8910,0.000000,0.012000,-0.703000,0.000000,-0.524000,1.370000,0.000000,-0.002000,0.002000,0.015000,0.003000,-1.915000,0.030713,1.105650,-0.679219,-0.077634,-0.396794,-0.071883
4.4099,45.6170,0.000000,0.012000,-0.703000,0.000000,-0.524000,1.356000,0.000000,-0.002000,-0.001000,-0.040000,0.003000,-1.959000,0.030713,1.105650,-0.676856,-0.041213,-0.396794,-0.114054
4.4120,45.3590,0.000000,0.012000,-0.703000,0.000000,-0.524000,1.356000,0.000000,-0.002000,-0.001000,-0.040000,0.003000,-1.959000,0.030713,1.105650,-0.676856,-0.041213,-0.396794,-0.114054
4.4142,45.0840,0.000000,0.012000,-0.703000,0.000000,-0.524000,1.356000,-0.010000,-0.001000,0.000000,-0.040000,0.003000,-1.959000,0.033075,1.110375,-0.675675,-0.041213,-0.396794,-0.114054
4.4162,44.8250,0.000000,0.012000,-0.703000,0.000000,-0.524000,1.342000,-0.010000,-0.001000,0.000000,0.003000,0.003000,-1.969000,0.033075,1.110375,-0.675675,-0.068049,-0.405420,-0.141849
4.4186,44.5360,0.000000,0.012000,-0.703000,0.000000,-0.524000,1.342000,-0.010000,-0.001000,0.000000,0.003000,0.003000,-1.969000,0.033075,1.110375,-0.675675,-0.068049,-0.405420,-0.141849
4.4206,44.2780,0.000000,0.012000,-0.703000,0.000000,-0.524000,1.342000,0.008000,-0.001000,0.001000,0.007000,-0.011000,-1.969000,0.021263,1.110375,-0.688669,-0.069008,-0.401586,-0.141849
4.4227,44.0250,0.000000,0.012000,-0.703000,0.000000,-0.524000,1.342000,0.008000,-0.001000,0.001000,0.007000,-0.011000,-1.969000,0.021263,1.110375,-0.688669,-0.069008,-0.401586,-0.141849
4.4247,43.7680,0.000000,0.012000,-0.703000,0.000000,-0.524000,1.328000,0.008000,-0.001000,0.001000,0.007000,-0.030000,-2.049000,0.021263,1.110375,-0.688669,-0.069008,-0.393919,-0.138974
4.4268,43.5120,0.000000,0.012000,-0.703000,0.000000,-0.524000,1.328000,0.008000,-0.001000,0.001000,0.007000,-0.030000,-2.049000,0.021263,1.110375,-0.688669,-0.069008,-0.393919,-0.138974
4.4290,43.2340,0.000000,0.012000,-0.703000,0.000000,-0.524000,1.328000,0.008000,0.000000,0.001000,0.007000,-0.030000,-2.049000,0.020081,1.106831,-0.688669,-0.069008,-0.393919,-0.138974
4.4311,42.9770,0.000000,0.012000,-0.703000,0.000000,-0.524000,1.314000,0.008000,0.000000,0.002000,0.017000,-0.030000,-2.072000,0.020081,1.106831,-0.688669,-0.082426,-0.393919,-0.108304
4.4332,42.7130,0.000000,0.012000,-0.703000,0.000000,-0.524000,1.314000,0.008000,0.000000,0.002000,0.017000,-0.030000,-2.072000,0.020081,1.106831,-0.688669,-0.082426,-0.393919,-0.108304
4.4353,42.4560,0.000000,0.012000,-0.703000,0.000000,-0.524000,1.314000,0.012000,-0.002000,0.004000,-0.013000,0.001000,-2.072000,0.016537,1.105650,-0.679219,-0.068049,-0.400628,-0.108304
4.4373,42.2010,0.000000,0.012000,-0.703000,0.000000,-0.524000,1.314000,0.012000,-0.002000,0.004000,-0.013000,0.001000,-2.072000,0.016537,1.105650,-0.679219,-0.068049,-0.400628,-0.108304
4.4395,41.9340,0.000000,0.012000,-0.703000,0.000000,-0.524000,1.299000,0.002000,0.001000,0.004000,-0.013000,-0.005000,-2.086000,0.031894,1.117462,-0.679219,-0.068049,-0.396794,-0.137057
4.4415,41.6790,0.000000,0.012000,-0.703000,0.000000,-0.524000,1.299000,0.002000,0.001000,0.004000,-0.013000,-0.005000,-2.086000,0.031894,1.117462,-0.679219,-0.068049,-0.396794,-0.137057
4.4436,41.4210,0.000000,0.012000,-0.703000,0.000000,-0.524000,1.299000,0.002000,0.001000,0.004000,-0.013000,-0.005000,-2.086000,0.031894,1.117462,-0.679219,-0.068049,-0.396794,-0.137057
4.4457,41.1660,0.000000,0.012000,-0.703000,0.000000,-0.524000,1.285000,0.002000,0.001000,0.001000,-0.003000,-0.005000,-2.068000,0.031894,1.117462,-0.691031,-0.070925,-0.396794,-0.123639
4.4477,40.9110,0.000000,0.012000,-0.703000,0.000000,-0.524000,1.285000,0.002000,0.001000,0.001000,-0.003000,-0.005000,-2.068000,0.031894,1.117462,-0.691031,-0.070925,-0.396794,-0.123639
4.4501,40.6200,0.000000,0.012000,-0.703000,0.000000,-0.525000,1.270000,0.000000,0.000000,-0.002000,0.011000,-0.026000,-2.072000,0.023625,1.099744,-0.674494,-0.086260,-0.392960,-0.162935
4.4522,40.3650,0.000000,0.012000,-0.703000,0.000000,-0.525000,1.270000,0.000000,0.000000,-0.002000,0.011000,-0.026000,-2.072000,0.023625,1.099744,-0.674494,-0.086260,-0.392960,-0.162935
4.4543,40.1050,0.000000,0.012000,-0.703000,0.000000,-0.524000,1.270000,-0.002000,0.000000,-0.002000,0.059000,-0.009000,-2.072000,0.022444,1.106831,-0.693394,-0.119805,-0.402545,-0.162935
4.4563,39.8520,0.000000,0.012000,-0.703000,0.000000,-0.524000,1.270000,-0.002000,0.000000,-0.002000,0.059000,-0.009000,-2.072000,0.022444,1.106831,-0.693394,-0.119805,-0.402545,-0.162935
4.4584,39.5960,0.000000,0.012000,-0.703000,0.000000,-0.524000,1.270000,-0.002000,0.000000,-0.002000,0.059000,-0.009000,-2.072000,0.022444,1.106831,-0.693394,-0.119805,-0.402545,-0.162935
4.4605,39.3430,0.000000,0.012000,-0.703000,0.000000,-0.524000,1.255000,-0.002000,0.000000,-0.002000,0.059000,0.030000,-2.214000,0.022444,1.106831,-0.693394,-0.119805,-0.393919,-0.147600
4.4625,39.0890,0.000000,0.012000,-0.703000,0.000000,-0.524000,1.255000,-0.002000,0.000000,-0.002000,0.059000,0.030000,-2.214000,0.022444,1.106831,-0.693394,-0.119805,-0.393919,-0.147600
4.4646,38.8360,0.000000,0.012000,-0.703000,0.000000,-0.524000,1.255000,-0.002000,0.004000,-0.004000,-0.044000,0.030000,-2.214000,0.024806,1.098563,-0.674494,-0.069008,-0.393919,-0.147600
4.4667,38.5820,0.000000,0.012000,-0.703000,0.000000,-0.524000,1.239000,-0.002000,0.004000,-0.004000,-0.044000,0.030000,-2.270000,0.024806,1.098563,-0.674494,-0.069008,-0.393919,-0.091052
4.4687,38.3310,0.000000,0.012000,-0.703000,0.000000,-0.524000,1.239000,-0.004000,0.000000,-0.004000,-0.044000,0.030000,-2.270000,0.036619,1.092656,-0.674494,-0.069008,-0.393919,-0.091052
4.4708,38.0790,0.000000,0.012000,-0.703000,0.000000,-0.524000,1.239000,-0.004000,0.000000,-0.001000,0.011000,0.000000,-2.270000,0.036619,1.092656,-0.667406,-0.093927,-0.384334,-0.091052
4.4728,37.8280,0.000000,0.012000,-0.703000,0.000000,-0.524000,1.239000,-0.004000,0.000000,-0.001000,0.011000,0.000000,-2.270000,0.036619,1.092656,-0.667406,-0.093927,-0.384334,-0.091052
4.4749,37.5750,0.000000,0.012000,-0.703000,0.000000,-0.524000,1.223000,-0.006000,-0.002000,-0.001000,0.011000,-0.005000,-2.245000,0.035438,1.108012,-0.667406,-0.093927,-0.395836,-0.135140
4.4770,37.3240,0.000000,0.012000,-0.703000,0.000000,-0.524000,1.223000,-0.006000,-0.002000,-0.001000,0.011000,-0.005000,-2.245000,0.035438,1.108012,-0.667406,-0.093927,-0.395836,-0.135140
4.4792,37.0540,0.000000,0.012000,-0.703000,0.000000,-0.524000,1.223000,-0.006000,-0.002000,-0.004000,0.011000,-0.005000,-2.245000,0.035438,1.108012,-0.668588,-0.093927,-0.395836,-0.135140
4.4813,36.8030,0.000000,0.012000,-0.703000,0.000000,-0.524000,1.207000,-0.006000,-0.002000,-0.004000,0.049000,-0.005000,-2.266000,0.035438,1.108012,-0.668588,-0.098719,-0.395836,-0.156226
4.4836,36.5270,0.000000,0.012000,-0.703000,0.000000,-0.524000,1.207000,-0.006000,-0.002000,-0.004000,0.049000,-0.005000,-2.266000,0.035438,1.108012,-0.668588,-0.098719,-0.395836,-0.156226
4.4856,36.2770,0.000000,0.012000,-0.703000,0.000000,-0.524000,1.191000,-0.004000,0.003000,0.001000,-0.034000,0.005000,-2.346000,0.029531,1.102106,-0.681581,-0.073800,-0.385293,-0.142808
4.4877,36.0310,0.000000,0.012000,-0.703000,0.000000,-0.524000,1.191000,-0.004000,0.003000,0.001000,-0.034000,0.005000,-2.346000,0.029531,1.102106,-0.681581,-0.073800,-0.385293,-0.142808
4.4899,35.7650,0.000000,0.012000,-0.703000,0.000000,-0.524000,1.191000,0.008000,0.000000,-0.001000,-0.003000,0.017000,-2.346000,-0.005906,1.113919,-0.687487,-0.099678,-0.399669,-0.142808
4.4919,35.5160,0.000000,0.012000,-0.703000,0.000000,-0.524000,1.191000,0.008000,0.000000,-0.001000,-0.003000,0.017000,-2.346000,-0.005906,1.113919,-0.687487,-0.099678,-0.399669,-0.142808
4.4940,35.2670,0.000000,0.012000,-0.703000,0.000000,-0.524000,1.191000,0.008000,0.000000,-0.001000,-0.003000,0.028000,-2.346000,-0.005906,1.113919,-0.687487,-0.099678,-0.400628,-0.142808
4.4961,35.0190,0.000000,0.012000,-0.703000,0.000000,-0.524000,1.175000,0.008000,0.000000,-0.001000,-0.003000,0.028000,-2.329000,-0.005906,1.113919,-0.687487,-0.099678,-0.400628,-0.046964
4.4981,34.7710,0.000000,0.012000,-0.703000,0.000000,-0.524000,1.175000,0.008000,0.000000,-0.001000,-0.003000,0.028000,-2.329000,-0.005906,1.113919,-0.687487,-0.099678,-0.400628,-0.046964
4.5003,34.5140,0.000000,0.012000,-0.703000,0.000000,-0.524000,1.159000,0.005000,0.000000,0.001000,-0.003000,0.028000,-2.256000,0.023625,1.093837,-0.681581,-0.056548,-0.400628,-0.103512
4.5024,34.2680,0.000000,0.012000,-0.703000,0.000000,-0.524000,1.159000,0.005000,0.000000,0.001000,-0.003000,0.028000,-2.256000,0.023625,1.093837,-0.681581,-0.056548,-0.400628,-0.103512
4.5045,34.0130,0.000000,0.012000,-0.703000,0.000000,-0.524000,1.159000,0.002000,-0.001000,-0.001000,0.032000,0.011000,-2.256000,0.031894,1.111556,-0.685125,-0.090093,-0.389127,-0.103512
4.5066,33.7670,0.000000,0.012000,-0.703000,0.000000,-0.524000,1.159000,0.002000,-0.001000,-0.001000,0.032000,0.011000,-2.256000,0.031894,1.111556,-0.685125,-0.090093,-0.389127,-0.103512
4.5086,33.5230,0.000000,0.012000,-0.703000,0.000000,-0.524000,1.159000,-0.008000,-0.001000,-0.001000,0.032000,0.011000,-2.256000,0.030713,1.111556,-0.685125,-0.090093,-0.389127,-0.103512
4.5107,33.2800,0.000000,0.012000,-0.703000,0.000000,-0.524000,1.143000,-0.008000,0.000000,-0.001000,0.032000,0.007000,-2.304000,0.030713,1.091475,-0.685125,-0.090093,-0.392960,-0.122680
4.5127,33.0360,0.000000,0.012000,-0.703000,0.000000,-0.524000,1.143000,-0.008000,0.000000,-0.001000,0.032000,0.007000,-2.304000,0.030713,1.091475,-0.685125,-0.090093,-0.392960,-0.122680
4.5148,32.7930,0.000000,0.012000,-0.703000,0.000000,-0.524000,1.127000,-0.008000,0.000000,0.000000,0.000000,0.007000,-2.337000,0.030713,1.091475,-0.698119,-0.101595,-0.392960,-0.079551
4.5168,32.5490,0.000000,0.012000,-0.703000,0.000000,-0.524000,1.127000,-0.008000,0.000000,0.000000,0.000000,0.007000,-2.337000,0.030713,1.091475,-0.698119,-0.101595,-0.392960,-0.079551
4.5189,32.3060,0.000000,0.012000,-0.703000,0.000000,-0.524000,1.127000,0.007000,0.000000,0.000000,0.000000,0.007000,-2.337000,0.017719,1.097381,-0.698119,-0.101595,-0.392960,-0.079551
4.5210,32.0640,0.000000,0.012000,-0.703000,0.000000,-0.524000,1.111000,0.007000,0.000000,-0.002000,-0.007000,0.005000,-2.228000,0.017719,1.097381,-0.714656,-0.063257,-0.386251,-0.146641
4.5231,31.8210,0.000000,0.012000,-0.703000,0.000000,-0.524000,1.111000,0.007000,0.000000,-0.002000,-0.007000,0.005000,-2.228000,0.017719,1.097381,-0.714656,-0.063257,-0.386251,-0.146641
4.5253,31.5590,0.000000,0.012000,-0.703000,0.000000,-0.524000,1.111000,-0.003000,0.000000,0.000000,-0.007000,-0.015000,-2.228000,0.030713,1.116281,-0.680400,-0.067091,-0.382418,-0.146641
4.5274,31.3170,0.000000,0.012000,-0.703000,0.000000,-0.524000,1.111000,-0.003000,0.000000,0.000000,-0.007000,-0.015000,-2.228000,0.030713,1.116281,-0.680400,-0.067091,-0.382418,-0.146641
4.5294,31.0780,0.000000,0.012000,-0.703000,0.000000,-0.524000,1.095000,-0.003000,0.000000,0.000000,-0.007000,0.011000,-2.291000,0.030713,1.116281,-0.680400,-0.067091,-0.393919,-0.134182
4.5315,30.8390,0.000000,0.012000,-0.703000,0.000000,-0.524000,1.095000,-0.003000,0.000000,0.000000,-0.007000,0.011000,-2.291000,0.030713,1.116281,-0.680400,-0.067091,-0.393919,-0.134182
4.5336,30.5930,0.000000,0.012000,-0.703000,0.000000,-0.524000,1.095000,-0.007000,0.000000,0.000000,-0.007000,0.011000,-2.291000,0.034256,1.116281,-0.680400,-0.067091,-0.393919,-0.134182
4.5357,30.3540,0.000000,0.012000,-0.703000,0.000000,-0.524000,1.079000,-0.007000,0.000000,-0.003000,-0.003000,0.011000,-2.300000,0.034256,1.115100,-0.686306,-0.079551,-0.393919,-0.090093
4.5377,30.1150,0.000000,0.012000,-0.703000,0.000000,-0.524000,1.079000,-0.007000,0.000000,-0.003000,-0.003000,0.011000,-2.300000,0.034256,1.115100,-0.686306,-0.079551,-0.393919,-0.090093
4.5399,29.8700,0.000000,0.012000,-0.703000,0.000000,-0.524000,1.079000,-0.004000,-0.002000,-0.002000,0.007000,0.011000,-2.300000,0.034256,1.116281,-0.678037,-0.084343,-0.386251,-0.090093
4.5419,29.6330,0.000000,0.012000,-0.703000,0.000000,-0.524000,1.079000,-0.004000,-0.002000,-0.002000,0.007000,0.011000,-2.300000,0.034256,1.116281,-0.678037,-0.084343,-0.386251,-0.090093
4.5447,29.3160,0.000000,0.012000,-0.703000,0.000000,-0.525000,1.063000,-0.008000,-0.001000,-0.002000,-0.003000,0.001000,-2.247000,0.028350,1.103287,-0.678037,-0.069966,-0.388168,-0.082426
4.5468,29.0800,0.000000,0.012000,-0.703000,0.000000,-0.525000,1.063000,-0.008000,-0.001000,-0.002000,-0.003000,0.001000,-2.247000,0.028350,1.103287,-0.678037,-0.069966,-0.388168,-0.082426
4.5488,28.8460,0.000000,0.012000,-0.703000,0.000000,-0.525000,1.063000,-0.008000,-0.001000,-0.002000,-0.003000,0.001000,-2.247000,0.028350,1.103287,-0.678037,-0.069966,-0.388168,-0.082426
4.5509,28.6110,0.000000,0.012000,-0.703000,0.000000,-0.525000,1.047000,-0.008000,-0.001000,-0.004000,-0.003000,0.001000,-2.268000,0.028350,1.103287,-0.667406,-0.069966,-0.388168,-0.085301
4.5531,28.3570,0.000000,0.012000,-0.703000,0.000000,-0.525000,1.047000,-0.008000,-0.001000,-0.004000,-0.003000,0.001000,-2.268000,0.028350,1.103287,-0.667406,-0.069966,-0.388168,-0.085301
4.5553,28.1100,0.000000,0.012000,-0.703000,0.000000,-0.524000,1.031000,-0.006000,0.004000,-0.002000,0.017000,-0.003000,-2.260000,0.035438,1.123369,-0.686306,-0.083384,-0.394877,-0.130348
4.5574,27.8770,0.000000,0.012000,-0.703000,0.000000,-0.524000,1.031000,-0.006000,0.004000,-0.002000,0.017000,-0.003000,-2.260000,0.035438,1.123369,-0.686306,-0.083384,-0.394877,-0.130348
4.5599,27.5940,0.000000,0.012000,-0.703000,0.000000,-0.524000,1.031000,-0.002000,0.000000,-0.005000,-0.005000,0.003000,-2.260000,0.040162,1.113919,-0.686306,-0.074758,-0.393919,-0.130348
4.5619,27.3620,0.000000,0.012000,-0.703000,0.000000,-0.524000,1.031000,-0.002000,0.000000,-0.005000,-0.005000,0.003000,-2.260000,0.040162,1.113919,-0.686306,-0.074758,-0.393919,-0.130348
4.5640,27.1300,0.000000,0.012000,-0.703000,0.000000,-0.524000,1.031000,-0.002000,0.000000,-0.005000,-0.005000,0.003000,-2.260000,0.040162,1.113919,-0.686306,-0.074758,-0.393919,-0.130348
4.5661,26.8990,0.000000,0.012000,-0.703000,0.000000,-0.525000,1.015000,-0.002000,0.000000,-0.005000,-0.005000,-0.001000,-2.318000,0.040162,1.113919,-0.686306,-0.074758,-0.379542,-0.110221
4.5684,26.6370,0.000000,0.012000,-0.703000,0.000000,-0.525000,1.015000,-0.002000,0.000000,-0.005000,-0.005000,-0.001000,-2.318000,0.040162,1.113919,-0.686306,-0.074758,-0.379542,-0.110221
4.5705,26.4080,0.000000,0.012000,-0.703000,0.000000,-0.525000,1.000000,0.000000,-0.001000,0.003000,-0.009000,-0.001000,-2.272000,0.022444,1.100925,-0.694575,-0.093927,-0.379542,-0.120763
4.5726,26.1800,0.000000,0.012000,-0.703000,0.000000,-0.525000,1.000000,0.000000,-0.001000,0.003000,-0.009000,-0.001000,-2.272000,0.022444,1.100925,-0.694575,-0.093927,-0.379542,-0.120763
4.5746,25.9510,0.000000,0.012000,-0.703000,0.000000,-0.524000,1.000000,-0.005000,0.000000,0.002000,-0.003000,0.023000,-2.272000,0.033075,1.109194,-0.694575,-0.070925,-0.384334,-0.120763
4.5767,25.7290,0.000000,0.012000,-0.703000,0.000000,-0.524000,0.984000,-0.005000,0.000000,0.002000,-0.003000,0.023000,-2.222000,0.033075,1.109194,-0.694575,-0.070925,-0.384334,-0.173478
4.5789,25.4860,0.000000,0.012000,-0.703000,0.000000,-0.524000,0.984000,-0.001000,0.000000,0.002000,-0.003000,0.023000,-2.222000,0.022444,1.103287,-0.694575,-0.070925,-0.384334,-0.173478
4.5810,25.2590,0.000000,0.012000,-0.703000,0.000000,-0.525000,0.984000,-0.001000,0.000000,0.002000,0.051000,0.007000,-2.222000,0.022444,1.103287,-0.694575,-0.115013,-0.383376,-0.173478
4.5833,25.0080,0.000000,0.012000,-0.703000,0.000000,-0.525000,0.984000,-0.001000,0.000000,0.002000,0.051000,0.007000,-2.222000,0.022444,1.103287,-0.694575,-0.115013,-0.383376,-0.173478
4.5853,24.7840,0.000000,0.012000,-0.703000,0.000000,-0.525000,0.968000,-0.001000,0.000000,0.003000,0.051000,0.007000,-2.279000,0.022444,1.103287,-0.704025,-0.115013,-0.383376,-0.101595
4.5874,24.5610,0.000000,0.012000,-0.703000,0.000000,-0.525000,0.968000,-0.001000,0.000000,0.003000,0.051000,0.007000,-2.279000,0.022444,1.103287,-0.704025,-0.115013,-0.383376,-0.101595
4.5901,24.2700,0.000000,0.012000,-0.703000,0.000000,-0.525000,0.952000,0.006000,0.000000,0.002000,-0.034000,-0.019000,-2.283000,0.018900,1.108012,-0.685125,-0.077634,-0.380501,-0.049839
4.5921,24.0480,0.000000,0.012000,-0.703000,0.000000,-0.525000,0.952000,0.006000,0.000000,0.002000,-0.034000,-0.019000,-2.283000,0.018900,1.108012,-0.685125,-0.077634,-0.380501,-0.049839
4.5942,23.8240,0.000000,0.012000,-0.703000,0.000000,-0.525000,0.952000,-0.001000,-0.001000,-0.005000,0.032000,-0.005000,-2.283000,0.018900,1.109194,-0.704025,-0.095844,-0.378584,-0.049839
4.5963,23.6030,0.000000,0.012000,-0.703000,0.000000,-0.525000,0.952000,-0.001000,-0.001000,-0.005000,0.032000,-0.005000,-2.283000,0.018900,1.109194,-0.704025,-0.095844,-0.378584,-0.049839
4.5986,23.3580,0.000000,0.012000,-0.703000,0.000000,-0.525000,0.952000,-0.001000,-0.001000,-0.005000,0.032000,-0.005000,-2.283000,0.018900,1.109194,-0.704025,-0.095844,-0.378584,-0.049839
4.6007,23.1380,0.000000,0.012000,-0.703000,0.000000,-0.525000,0.936000,-0.001000,-0.001000,-0.005000,0.032000,-0.026000,-2.210000,0.018900,1.109194,-0.704025,-0.095844,-0.368999,-0.087218
4.6027,22.9190,0.000000,0.012000,-0.703000,0.000000,-0.525000,0.936000,-0.001000,-0.001000,-0.005000,0.032000,-0.026000,-2.210000,0.018900,1.109194,-0.704025,-0.095844,-0.368999,-0.087218
4.6049,22.6930,0.000000,0.012000,-0.703000,0.000000,-0.525000,0.921000,0.003000,-0.002000,0.002000,0.028000,-0.026000,-2.193000,0.025987,1.099744,-0.688669,-0.092010,-0.368999,-0.127473
4.6069,22.4760,0.000000,0.012000,-0.703000,0.000000,-0.525000,0.921000,0.003000,-0.002000,0.002000,0.028000,-0.026000,-2.193000,0.025987,1.099744,-0.688669,-0.092010,-0.368999,-0.127473
4.6090,22.2610,0.000000,0.012000,-0.703000,0.000000,-0.525000,0.921000,-0.008000,0.000000,0.001000,0.028000,-0.026000,-2.193000,0.018900,1.102106,-0.695756,-0.092010,-0.368999,-0.127473
4.6111,22.0450,0.000000,0.012000,-0.703000,0.000000,-0.524000,0.906000,-0.008000,0.000000,0.001000,-0.023000,0.036000,-2.247000,0.018900,1.102106,-0.695756,-0.088176,-0.393919,-0.124597
4.6133,21.8150,0.000000,0.012000,-0.703000,0.000000,-0.524000,0.906000,-0.008000,0.000000,0.001000,-0.023000,0.036000,-2.247000,0.018900,1.102106,-0.695756,-0.088176,-0.393919,-0.124597
4.6153,21.6010,0.000000,0.012000,-0.703000,0.000000,-0.525000,0.906000,-0.002000,0.000000,0.001000,0.001000,0.000000,-2.247000,0.025987,1.108012,-0.695756,-0.082426,-0.375708,-0.124597
4.6174,21.3880,0.000000,0.012000,-0.703000,0.000000,-0.525000,0.906000,-0.002000,0.000000,0.001000,0.001000,0.000000,-2.247000,0.025987,1.108012,-0.695756,-0.082426,-0.375708,-0.124597
4.6196,21.1570,0.000000,0.012000,-0.703000,0.000000,-0.525000,0.906000,-0.002000,0.000000,-0.001000,0.001000,0.000000,-2.247000,0.025987,1.108012,-0.679219,-0.082426,-0.375708,-0.124597
4.6217,20.9500,0.000000,0.012000,-0.703000,0.000000,-0.525000,0.890000,-0.002000,0.000000,-0.001000,0.001000,0.000000,-2.276000,0.025987,1.108012,-0.679219,-0.082426,-0.375708,-0.073800
4.6238,20.7330,0.000000,0.012000,-0.703000,0.000000,-0.525000,0.890000,-0.012000,0.000000,-0.001000,0.001000,0.000000,-2.276000,0.031894,1.108012,-0.679219,-0.082426,-0.375708,-0.073800
4.6259,20.5230,0.000000,0.012000,-0.703000,0.000000,-0.525000,0.874000,-0.012000,0.000000,-0.002000,-0.019000,-0.009000,-2.262000,0.031894,1.116281,-0.706387,-0.069008,-0.375708,-0.052714
4.6279,20.3140,0.000000,0.012000,-0.703000,0.000000,-0.525000,0.874000,-0.012000,0.000000,-0.002000,-0.019000,-0.009000,-2.262000,0.031894,1.116281,-0.706387,-0.069008,-0.375708,-0.052714
4.6300,20.1040,0.000000,0.012000,-0.703000,0.000000,-0.525000,0.874000,-0.005000,-0.001000,-0.002000,-0.034000,-0.011000,-2.262000,0.034256,1.105650,-0.686306,-0.069966,-0.365166,-0.052714
4.6321,19.8960,0.000000,0.012000,-0.703000,0.000000,-0.525000,0.874000,-0.005000,-0.001000,-0.002000,-0.034000,-0.011000,-2.262000,0.034256,1.105650,-0.686306,-0.069966,-0.365166,-0.052714
4.6343,19.6740,0.000000,0.012000,-0.703000,0.000000,-0.525000,0.874000,-0.005000,-0.001000,-0.002000,-0.034000,0.007000,-2.262000,0.034256,1.105650,-0.686306,-0.069966,-0.376667,-0.052714
4.6364,19.4680,0.000000,0.012000,-0.703000,0.000000,-0.525000,0.859000,-0.005000,-0.001000,-0.002000,-0.034000,0.007000,-2.137000,0.034256,1.105650,-0.686306,-0.069966,-0.376667,-0.142808
4.6385,19.2550,0.000000,0.012000,-0.703000,0.000000,-0.525000,0.859000,-0.005000,-0.001000,-0.002000,-0.034000,0.007000,-2.137000,0.034256,1.105650,-0.686306,-0.069966,-0.376667,-0.142808
4.6406,19.0510,0.000000,0.012000,-0.703000,0.000000,-0.525000,0.844000,0.001000,-0.001000,0.001000,0.026000,0.007000,-2.197000,0.024806,1.116281,-0.685125,-0.085301,-0.376667,-0.111179
4.6426,18.8470,0.000000,0.012000,-0.703000,0.000000,-0.525000,0.844000,0.001000,-0.001000,0.001000,0.026000,0.007000,-2.197000,0.024806,1.116281,-0.685125,-0.085301,-0.376667,-0.111179
4.6447,18.6480,0.000000,0.012000,-0.703000,0.000000,-0.525000,0.828000,0.007000,0.001000,0.002000,-0.044000,-0.019000,-2.220000,0.031894,1.105650,-0.700481,-0.069008,-0.369958,-0.087218
4.6467,18.4470,0.000000,0.012000,-0.703000,0.000000,-0.525000,0.828000,0.007000,0.001000,0.002000,-0.044000,-0.019000,-2.220000,0.031894,1.105650,-0.700481,-0.069008,-0.369958,-0.087218
4.6488,18.2460,0.000000,0.012000,-0.703000,0.000000,-0.525000,0.828000,0.005000,0.001000,0.002000,-0.044000,-0.019000,-2.220000,0.018900,1.105650,-0.700481,-0.069008,-0.369958,-0.087218
4.6508,18.0460,0.000000,0.012000,-0.703000,0.000000,-0.525000,0.828000,0.005000,0.000000,0.002000,0.019000,0.007000,-2.220000,0.018900,1.097381,-0.700481,-0.077634,-0.359415,-0.087218
4.6529,17.8470,0.000000,0.012000,-0.703000,0.000000,-0.525000,0.828000,0.005000,0.000000,0.002000,0.019000,0.007000,-2.220000,0.018900,1.097381,-0.700481,-0.077634,-0.359415,-0.087218
4.6550,17.6460,0.000000,0.012000,-0.703000,0.000000,-0.525000,0.813000,0.005000,0.000000,0.003000,0.019000,0.007000,-2.136000,0.018900,1.097381,-0.691031,-0.077634,-0.359415,-0.132265
4.6571,17.4490,0.000000,0.012000,-0.703000,0.000000,-0.525000,0.813000,0.005000,0.000000,0.003000,0.019000,0.007000,-2.136000,0.018900,1.097381,-0.691031,-0.077634,-0.359415,-0.132265
4.6591,17.2530,0.000000,0.012000,-0.703000,0.000000,-0.525000,0.813000,0.009000,-0.003000,0.009000,0.011000,0.007000,-2.136000,0.038981,1.102106,-0.688669,-0.084343,-0.359415,-0.132265
4.6612,17.0570,0.000000,0.012000,-0.703000,0.000000,-0.525000,0.798000,0.009000,-0.003000,0.009000,0.011000,0.000000,-2.168000,0.038981,1.102106,-0.688669,-0.084343,-0.366124,-0.152392
4.6633,16.8560,0.000000,0.012000,-0.703000,0.000000,-0.525000,0.798000,0.009000,-0.003000,0.009000,0.011000,0.000000,-2.168000,0.038981,1.102106,-0.688669,-0.084343,-0.366124,-0.152392
4.6654,16.6620,0.000000,0.012000,-0.703000,0.000000,-0.525000,0.798000,0.004000,0.002000,0.000000,0.030000,0.005000,-2.168000,0.050794,1.087931,-0.694575,-0.109262,-0.373792,-0.152392
4.6675,16.4690,0.000000,0.012000,-0.703000,0.000000,-0.525000,0.798000,0.004000,0.002000,0.000000,0.030000,0.005000,-2.168000,0.050794,1.087931,-0.694575,-0.109262,-0.373792,-0.152392
4.6696,16.2700,0.000000,0.012000,-0.703000,0.000000,-0.525000,0.798000,0.004000,0.002000,0.000000,0.030000,0.023000,-2.168000,0.050794,1.087931,-0.694575,-0.109262,-0.363249,-0.152392
4.6717,16.0800,0.000000,0.012000,-0.703000,0.000000,-0.525000,0.782000,0.004000,0.002000,0.000000,0.030000,0.023000,-2.216000,0.050794,1.087931,-0.694575,-0.109262,-0.363249,-0.089135
4.6738,15.8830,0.000000,0.012000,-0.703000,0.000000,-0.525000,0.782000,-0.002000,0.002000,0.000000,0.030000,0.023000,-2.216000,0.024806,1.087931,-0.694575,-0.109262,-0.363249,-0.089135
4.6759,15.6930,0.000000,0.012000,-0.703000,0.000000,-0.525000,0.767000,-0.002000,0.000000,0.000000,-0.024000,0.023000,-2.172000,0.024806,1.103287,-0.691031,-0.055590,-0.363249,-0.109262
4.6779,15.5050,0.000000,0.012000,-0.703000,0.000000,-0.525000,0.767000,-0.002000,0.000000,0.000000,-0.024000,0.023000,-2.172000,0.024806,1.103287,-0.691031,-0.055590,-0.363249,-0.109262
4.6800,15.3170,0.000000,0.012000,-0.703000,0.000000,-0.525000,0.752000,0.005000,0.002000,-0.002000,0.015000,-0.013000,-2.128000,0.009450,1.104469,-0.683944,-0.081467,-0.351747,-0.138015
4.6821,15.1300,0.000000,0.012000,-0.703000,0.000000,-0.525000,0.752000,0.005000,0.002000,-0.002000,0.015000,-0.013000,-2.128000,0.009450,1.104469,-0.683944,-0.081467,-0.351747,-0.138015
4.6843,14.9290,0.000000,0.012000,-0.703000,0.000000,-0.525000,0.752000,0.005000,-0.001000,-0.002000,0.015000,-0.013000,-2.128000,0.024806,1.111556,-0.683944,-0.091052,-0.351747,-0.138015
4.6864,14.7450,0.000000,0.012000,-0.703000,0.000000,-0.525000,0.752000,0.005000,-0.001000,-0.002000,0.015000,0.017000,-2.128000,0.024806,1.111556,-0.683944,-0.091052,-0.360373,-0.138015
4.6887,14.5370,0.000000,0.012000,-0.703000,0.000000,-0.525000,0.752000,0.005000,-0.001000,-0.002000,0.015000,0.017000,-2.128000,0.024806,1.111556,-0.683944,-0.091052,-0.360373,-0.138015
4.6908,14.3550,0.000000,0.012000,-0.703000,0.000000,-0.525000,0.737000,0.005000,-0.001000,0.000000,0.015000,0.017000,-2.151000,0.024806,1.111556,-0.696937,-0.091052,-0.360373,-0.131306
4.6928,14.1730,0.000000,0.012000,-0.703000,0.000000,-0.525000,0.737000,0.005000,-0.001000,0.000000,0.015000,0.017000,-2.151000,0.024806,1.111556,-0.696937,-0.091052,-0.360373,-0.131306
4.6950,13.9860,0.000000,0.012000,-0.703000,0.000000,-0.525000,0.722000,-0.006000,0.001000,-0.003000,-0.026000,-0.009000,-2.132000,0.033075,1.106831,-0.696937,-0.048880,-0.378584,-0.124597
4.6970,13.8070,0.000000,0.012000,-0.703000,0.000000,-0.525000,0.722000,-0.006000,0.001000,-0.003000,-0.026000,-0.009000,-2.132000,0.033075,1.106831,-0.696937,-0.048880,-0.378584,-0.124597
4.6991,13.6270,0.000000,0.012000,-0.703000,0.000000,-0.525000,0.722000,0.000000,0.003000,0.002000,-0.026000,-0.009000,-2.132000,0.018900,1.112737,-0.698119,-0.048880,-0.378584,-0.124597
4.7012,13.4500,0.000000,0.012000,-0.703000,0.000000,-0.525000,0.722000,0.000000,0.003000,0.002000,0.017000,0.001000,-2.132000,0.018900,1.112737,-0.698119,-0.064215,-0.356540,-0.124597
4.7034,13.2560,0.000000,0.012000,-0.703000,0.000000,-0.525000,0.722000,0.000000,0.003000,0.002000,0.017000,0.001000,-2.132000,0.018900,1.112737,-0.698119,-0.064215,-0.356540,-0.124597
4.7055,13.0810,0.000000,0.012000,-0.703000,0.000000,-0.525000,0.707000,0.000000,0.003000,0.002000,0.017000,0.026000,-2.237000,0.018900,1.112737,-0.698119,-0.064215,-0.369958,-0.073800
4.7076,12.9070,0.000000,0.012000,-0.703000,0.000000,-0.525000,0.707000,0.000000,0.003000,0.002000,0.017000,0.026000,-2.237000,0.018900,1.112737,-0.698119,-0.064215,-0.369958,-0.073800
4.7101,12.6970,0.000000,0.012000,-0.703000,0.000000,-0.525000,0.692000,0.008000,0.002000,-0.001000,-0.021000,0.026000,-2.120000,0.020081,1.102106,-0.683944,-0.066132,-0.369958,-0.092969
4.7121,12.5240,0.000000,0.012000,-0.703000,0.000000,-0.525000,0.692000,0.008000,0.002000,-0.001000,-0.021000,0.026000,-2.120000,0.020081,1.102106,-0.683944,-0.066132,-0.369958,-0.092969
4.7143,12.3460,0.000000,0.012000,-0.703000,0.000000,-0.525000,0.678000,0.001000,0.000000,-0.004000,0.017000,0.005000,-2.024000,0.017719,1.108012,-0.691031,-0.096802,-0.366124,-0.147600
4.7163,12.1760,0.000000,0.012000,-0.703000,0.000000,-0.525000,0.678000,0.001000,0.000000,-0.004000,0.017000,0.005000,-2.024000,0.017719,1.108012,-0.691031,-0.096802,-0.366124,-0.147600
4.7196,11.9140,0.000000,0.012000,-0.703000,0.000000,-0.525000,0.678000,-0.009000,0.000000,-0.004000,-0.005000,-0.019000,-2.024000,0.031894,1.096200,-0.691031,-0.068049,-0.359415,-0.147600
4.7216,11.7460,0.000000,0.012000,-0.703000,0.000000,-0.525000,0.678000,-0.009000,0.000000,-0.004000,-0.005000,-0.019000,-2.024000,0.031894,1.096200,-0.691031,-0.068049,-0.359415,-0.147600
4.7238,11.5720,0.000000,0.012000,-0.703000,0.000000,-0.525000,0.678000,-0.009000,0.000000,-0.004000,-0.005000,-0.019000,-2.024000,0.031894,1.096200,-0.691031,-0.068049,-0.359415,-0.147600
4.7258,11.4060,0.000000,0.012000,-0.703000,0.000000,-0.525000,0.663000,-0.009000,0.000000,0.003000,-0.005000,-0.019000,-2.122000,0.031894,1.096200,-0.705206,-0.068049,-0.359415,-0.106387
4.7279,11.2420,0.000000,0.012000,-0.703000,0.000000,-0.525000,0.663000,-0.009000,0.000000,0.003000,-0.005000,-0.019000,-2.122000,0.031894,1.096200,-0.705206,-0.068049,-0.359415,-0.106387
4.7300,11.0760,0.000000,0.012000,-0.703000,0.000000,-0.525000,0.648000,0.000000,-0.001000,-0.001000,0.003000,-0.015000,-2.124000,0.033075,1.108012,-0.691031,-0.074758,-0.366124,-0.096802
4.7321,10.9140,0.000000,0.012000,-0.703000,0.000000,-0.525000,0.648000,0.000000,-0.001000,-0.001000,0.003000,-0.015000,-2.124000,0.033075,1.108012,-0.691031,-0.074758,-0.366124,-0.096802
4.7341,10.7530,0.000000,0.012000,-0.703000,0.000000,-0.525000,0.648000,0.006000,-0.002000,0.005000,0.000000,-0.015000,-2.124000,0.015356,1.096200,-0.675675,-0.080509,-0.366124,-0.096802
4.7362,10.5930,0.000000,0.012000,-0.703000,0.000000,-0.525000,0.648000,0.006000,-0.002000,0.005000,0.000000,0.013000,-2.124000,0.015356,1.096200,-0.675675,-0.080509,-0.353664,-0.096802
4.7384,10.4240,0.000000,0.012000,-0.703000,0.000000,-0.525000,0.648000,0.006000,-0.002000,0.005000,0.000000,0.013000,-2.124000,0.015356,1.096200,-0.675675,-0.080509,-0.353664,-0.096802
4.7404,10.2660,0.000000,0.012000,-0.703000,0.000000,-0.525000,0.634000,0.006000,-0.002000,0.005000,0.000000,0.011000,-2.026000,0.015356,1.096200,-0.675675,-0.080509,-0.361332,-0.118847
4.7425,10.1090,0.000000,0.012000,-0.703000,0.000000,-0.525000,0.634000,0.006000,-0.002000,0.005000,0.000000,0.011000,-2.026000,0.015356,1.096200,-0.675675,-0.080509,-0.361332,-0.118847
4.7446,9.9530,0.000000,0.012000,-0.703000,0.000000,-0.525000,0.620000,0.003000,0.000000,0.004000,-0.013000,0.011000,-2.049000,0.024806,1.104469,-0.704025,-0.076675,-0.361332,-0.117888
4.7466,9.7980,0.000000,0.012000,-0.703000,0.000000,-0.525000,0.620000,0.003000,0.000000,0.004000,-0.013000,0.011000,-2.049000,0.024806,1.104469,-0.704025,-0.076675,-0.361332,-0.117888
4.7488,9.6400,0.000000,0.012000,-0.703000,0.000000,-0.525000,0.620000,0.007000,0.000000,0.004000,-0.013000,0.011000,-2.049000,0.016537,1.104469,-0.704025,-0.076675,-0.361332,-0.117888
4.7508,9.4880,0.000000,0.012000,-0.703000,0.000000,-0.525000,0.605000,0.007000,-0.001000,0.004000,0.001000,-0.003000,-2.107000,0.016537,1.105650,-0.694575,-0.081467,-0.354623,-0.057506
4.7529,9.3370,0.000000,0.012000,-0.703000,0.000000,-0.525000,0.605000,0.007000,-0.001000,0.004000,0.001000,-0.003000,-2.107000,0.016537,1.105650,-0.694575,-0.081467,-0.354623,-0.057506
4.7551,9.1770,0.000000,0.012000,-0.703000,0.000000,-0.525000,0.605000,0.000000,0.000000,0.004000,-0.003000,-0.019000,-2.107000,0.029531,1.103287,-0.694575,-0.073800,-0.354623,-0.057506
4.7571,9.0270,0.000000,0.012000,-0.703000,0.000000,-0.525000,0.605000,0.000000,0.000000,0.004000,-0.003000,-0.019000,-2.107000,0.029531,1.103287,-0.694575,-0.073800,-0.354623,-0.057506
4.7593,8.8730,0.000000,0.012000,-0.703000,0.000000,-0.525000,0.591000,0.000000,0.000000,0.002000,-0.003000,-0.019000,-1.973000,0.029531,1.103287,-0.705206,-0.073800,-0.354623,-0.115971
4.7614,8.7260,0.000000,0.012000,-0.703000,0.000000,-0.525000,0.591000,0.000000,0.000000,0.002000,-0.003000,-0.019000,-1.973000,0.029531,1.103287,-0.705206,-0.073800,-0.354623,-0.115971
4.7636,8.5710,0.000000,0.012000,-0.703000,0.000000,-0.525000,0.591000,0.000000,0.000000,0.002000,-0.003000,-0.019000,-1.973000,0.029531,1.103287,-0.705206,-0.073800,-0.354623,-0.115971
4.7656,8.4270,0.000000,0.012000,-0.703000,0.000000,-0.525000,0.576000,-0.003000,0.003000,-0.001000,0.009000,0.024000,-2.028000,0.038981,1.110375,-0.702844,-0.085301,-0.339288,-0.116930
4.7677,8.2840,0.000000,0.012000,-0.703000,0.000000,-0.525000,0.576000,-0.003000,0.003000,-0.001000,0.009000,0.024000,-2.028000,0.038981,1.110375,-0.702844,-0.085301,-0.339288,-0.116930
4.7697,8.1420,0.000000,0.012000,-0.703000,0.000000,-0.525000,0.576000,0.000000,0.004000,-0.002000,-0.015000,0.021000,-2.028000,0.031894,1.102106,-0.695756,-0.085301,-0.361332,-0.116930
4.7718,8.0010,0.000000,0.012000,-0.703000,0.000000,-0.525000,0.576000,0.000000,0.004000,-0.002000,-0.015000,0.021000,-2.028000,0.031894,1.102106,-0.695756,-0.085301,-0.361332,-0.116930
4.7739,7.8570,0.000000,0.012000,-0.703000,0.000000,-0.525000,0.576000,0.000000,0.004000,-0.002000,-0.015000,0.021000,-2.028000,0.031894,1.102106,-0.695756,-0.085301,-0.361332,-0.116930
4.7760,7.7190,0.000000,0.012000,-0.703000,0.000000,-0.525000,0.562000,0.000000,0.004000,-0.002000,-0.015000,0.023000,-2.067000,0.031894,1.102106,-0.695756,-0.085301,-0.356540,-0.085301
4.7784,7.5570,0.000000,0.012000,-0.703000,0.000000,-0.525000,0.562000,0.000000,0.004000,-0.002000,-0.015000,0.023000,-2.067000,0.031894,1.102106,-0.695756,-0.085301,-0.356540,-0.085301
4.7804,7.4200,0.000000,0.012000,-0.703000,0.000000,-0.525000,0.548000,0.000000,0.000000,-0.003000,-0.005000,0.023000,-1.976000,0.028350,1.099744,-0.700481,-0.089135,-0.356540,-0.086260
4.7825,7.2850,0.000000,0.012000,-0.703000,0.000000,-0.525000,0.548000,0.000000,0.000000,-0.003000,-0.005000,0.023000,-1.976000,0.028350,1.099744,-0.700481,-0.089135,-0.356540,-0.086260
4.7846,7.1490,0.000000,0.012000,-0.703000,0.000000,-0.525000,0.534000,-0.004000,0.000000,0.006000,0.000000,0.007000,-1.999000,0.041344,1.106831,-0.685125,-0.057506,-0.341205,-0.144724
4.7867,7.0160,0.000000,0.012000,-0.703000,0.000000,-0.525000,0.534000,-0.004000,0.000000,0.006000,0.000000,0.007000,-1.999000,0.041344,1.106831,-0.685125,-0.057506,-0.341205,-0.144724
4.7888,6.8770,0.000000,0.012000,-0.703000,0.000000,-0.525000,0.534000,-0.004000,0.000000,0.006000,0.000000,0.007000,-1.999000,0.041344,1.106831,-0.685125,-0.057506,-0.341205,-0.144724
4.7909,6.7470,0.000000,0.012000,-0.703000,0.000000,-0.525000,0.534000,-0.006000,0.000000,0.006000,0.017000,0.001000,-1.999000,0.041344,1.111556,-0.685125,-0.083384,-0.351747,-0.144724
4.7939,6.5600,0.000000,0.012000,-0.703000,0.000000,-0.525000,0.534000,-0.006000,0.000000,0.006000,0.017000,0.001000,-1.999000,0.041344,1.111556,-0.685125,-0.083384,-0.351747,-0.144724
4.7959,6.4320,0.000000,0.012000,-0.703000,0.000000,-0.525000,0.521000,-0.006000,0.000000,0.000000,0.017000,0.001000,-1.965000,0.041344,1.111556,-0.705206,-0.083384,-0.351747,-0.144724
4.7984,6.2800,0.000000,0.012000,-0.703000,0.000000,-0.525000,0.521000,-0.005000,0.000000,0.000000,0.017000,0.001000,-1.965000,0.037800,1.111556,-0.705206,-0.083384,-0.351747,-0.144724
4.8005,6.1550,0.000000,0.012000,-0.703000,0.000000,-0.525000,0.507000,-0.005000,0.001000,0.000000,0.021000,0.024000,-1.986000,0.037800,1.103287,-0.695756,-0.087218,-0.342163,-0.091052
4.8026,6.0300,0.000000,0.012000,-0.703000,0.000000,-0.525000,0.507000,-0.005000,0.001000,0.000000,0.021000,0.024000,-1.986000,0.037800,1.103287,-0.695756,-0.087218,-0.342163,-0.091052
4.8046,5.9080,0.000000,0.012000,-0.703000,0.000000,-0.525000,0.507000,-0.003000,0.000000,0.003000,-0.030000,0.000000,-1.986000,0.029531,1.109194,-0.698119,-0.066132,-0.360373,-0.091052
4.8067,5.7870,0.000000,0.012000,-0.703000,0.000000,-0.525000,0.507000,-0.003000,0.000000,0.003000,-0.030000,0.000000,-1.986000,0.029531,1.109194,-0.698119,-0.066132,-0.360373,-0.091052
4.8087,5.6670,0.000000,0.012000,-0.703000,0.000000,-0.525000,0.507000,-0.003000,0.000000,0.003000,-0.030000,0.000000,-1.986000,0.029531,1.109194,-0.698119,-0.066132,-0.360373,-0.091052
4.8108,5.5470,0.000000,0.012000,-0.703000,0.000000,-0.525000,0.493000,-0.003000,0.000000,0.003000,-0.030000,-0.007000,-1.898000,0.029531,1.109194,-0.698119,-0.066132,-0.360373,-0.138015
4.8129,5.4290,0.000000,0.012000,-0.703000,0.000000,-0.525000,0.493000,-0.003000,0.000000,0.003000,-0.030000,-0.007000,-1.898000,0.029531,1.109194,-0.698119,-0.066132,-0.360373,-0.138015
4.8151,5.3040,0.000000,0.012000,-0.703000,0.000000,-0.525000,0.480000,0.003000,0.001000,-0.006000,0.011000,-0.007000,-1.951000,0.016537,1.103287,-0.715838,-0.064215,-0.360373,-0.092010
4.8171,5.1880,0.000000,0.012000,-0.703000,0.000000,-0.525000,0.480000,0.003000,0.001000,-0.006000,0.011000,-0.007000,-1.951000,0.016537,1.103287,-0.715838,-0.064215,-0.360373,-0.092010
4.8193,5.0680,0.000000,0.012000,-0.703000,0.000000,-0.525000,0.480000,0.000000,0.000000,-0.005000,-0.001000,-0.007000,-1.951000,0.025987,1.112737,-0.706387,-0.080509,-0.360373,-0.092010
4.8214,4.9550,0.000000,0.012000,-0.703000,0.000000,-0.525000,0.466000,0.000000,0.000000,-0.005000,-0.001000,-0.009000,-1.965000,0.025987,1.112737,-0.706387,-0.080509,-0.349831,-0.103512
4.8234,4.8430,0.000000,0.012000,-0.703000,0.000000,-0.525000,0.466000,0.000000,0.000000,-0.005000,-0.001000,-0.009000,-1.965000,0.025987,1.112737,-0.706387,-0.080509,-0.349831,-0.103512
4.8255,4.7320,0.000000,0.012000,-0.703000,0.000000,-0.525000,0.466000,-0.009000,-0.003000,-0.005000,-0.001000,-0.019000,-1.965000,0.022444,1.103287,-0.706387,-0.078592,-0.350789,-0.103512
4.8276,4.6220,0.000000,0.012000,-0.703000,0.000000,-0.525000,0.466000,-0.009000,-0.003000,-0.005000,-0.001000,-0.019000,-1.965000,0.022444,1.103287,-0.706387,-0.078592,-0.350789,-0.103512
4.8297,4.5090,0.000000,0.012000,-0.703000,0.000000,-0.525000,0.466000,-0.009000,-0.003000,-0.003000,-0.001000,-0.019000,-1.965000,0.022444,1.103287,-0.722925,-0.078592,-0.350789,-0.103512
4.8318,4.4020,0.000000,0.012000,-0.703000,0.000000,-0.525000,0.453000,-0.009000,-0.003000,-0.003000,-0.001000,-0.019000,-1.890000,0.022444,1.103287,-0.722925,-0.078592,-0.350789,-0.102553
4.8339,4.2930,0.000000,0.012000,-0.703000,0.000000,-0.525000,0.453000,-0.001000,0.000000,0.008000,-0.023000,-0.019000,-1.890000,0.025987,1.103287,-0.718200,-0.078592,-0.350789,-0.102553
4.8360,4.1880,0.000000,0.012000,-0.703000,0.000000,-0.524000,0.440000,-0.001000,0.000000,0.008000,-0.023000,0.000000,-1.890000,0.025987,1.103287,-0.718200,-0.078592,-0.371875,-0.103512
4.8384,4.0690,0.000000,0.012000,-0.703000,0.000000,-0.524000,0.440000,-0.001000,0.000000,0.008000,-0.023000,0.000000,-1.890000,0.025987,1.103287,-0.718200,-0.078592,-0.371875,-0.103512
4.8404,3.9670,0.000000,0.012000,-0.703000,0.000000,-0.525000,0.440000,0.002000,-0.001000,0.001000,0.011000,-0.021000,-1.890000,0.016537,1.130456,-0.696937,-0.075717,-0.341205,-0.103512
4.8425,3.8660,0.000000,0.012000,-0.703000,0.000000,-0.525000,0.440000,0.002000,-0.001000,0.001000,0.011000,-0.021000,-1.890000,0.016537,1.130456,-0.696937,-0.075717,-0.341205,-0.103512
4.8446,3.7650,0.000000,0.012000,-0.703000,0.000000,-0.525000,0.440000,0.002000,-0.001000,0.001000,0.011000,0.003000,-1.890000,0.016537,1.130456,-0.696937,-0.075717,-0.360373,-0.103512
4.8466,3.6670,0.000000,0.012000,-0.703000,0.000000,-0.525000,0.426000,0.002000,-0.001000,0.001000,0.011000,0.003000,-1.865000,0.016537,1.130456,-0.696937,-0.075717,-0.360373,-0.054631
4.8487,3.5720,0.000000,0.012000,-0.703000,0.000000,-0.525000,0.426000,-0.001000,-0.001000,0.001000,0.011000,0.003000,-1.865000,0.022444,1.130456,-0.696937,-0.075717,-0.360373,-0.054631
4.8507,3.4770,0.000000,0.012000,-0.703000,0.000000,-0.525000,0.414000,-0.001000,-0.001000,0.002000,-0.009000,0.003000,-1.775000,0.022444,1.104469,-0.676856,-0.065174,-0.360373,-0.110221
4.8528,3.3830,0.000000,0.012000,-0.703000,0.000000,-0.525000,0.414000,-0.001000,-0.001000,0.002000,-0.009000,0.003000,-1.775000,0.022444,1.104469,-0.676856,-0.065174,-0.360373,-0.110221
4.8549,3.2890,0.000000,0.012000,-0.703000,0.000000,-0.525000,0.401000,0.000000,0.000000,-0.007000,0.007000,-0.007000,-1.783000,0.027169,1.104469,-0.722925,-0.086260,-0.352706,-0.142808
4.8569,3.1970,0.000000,0.012000,-0.703000,0.000000,-0.525000,0.401000,0.000000,0.000000,-0.007000,0.007000,-0.007000,-1.783000,0.027169,1.104469,-0.722925,-0.086260,-0.352706,-0.142808
4.8592,3.0980,0.000000,0.012000,-0.703000,0.000000,-0.525000,0.401000,-0.006000,0.000000,-0.007000,-0.001000,0.011000,-1.783000,0.030713,1.109194,-0.722925,-0.079551,-0.348872,-0.142808
4.8613,3.0090,0.000000,0.012000,-0.703000,0.000000,-0.525000,0.401000,-0.006000,0.000000,-0.007000,-0.001000,0.011000,-1.783000,0.030713,1.109194,-0.722925,-0.079551,-0.348872,-0.142808
4.8634,2.9170,0.000000,0.012000,-0.703000,0.000000,-0.525000,0.401000,-0.006000,0.000000,-0.007000,-0.001000,0.011000,-1.783000,0.030713,1.109194,-0.722925,-0.079551,-0.348872,-0.142808
4.8655,2.8300,0.000000,0.012000,-0.703000,0.000000,-0.525000,0.388000,-0.006000,0.000000,0.002000,-0.001000,0.011000,-1.859000,0.030713,1.109194,-0.718200,-0.079551,-0.348872,-0.051756
4.8675,2.7450,0.000000,0.012000,-0.703000,0.000000,-0.525000,0.388000,-0.006000,0.000000,0.002000,-0.001000,0.011000,-1.859000,0.030713,1.109194,-0.718200,-0.079551,-0.348872,-0.051756
4.8696,2.6590,0.000000,0.012000,-0.703000,0.000000,-0.524000,0.388000,0.002000,-0.002000,0.005000,-0.005000,0.026000,-1.859000,0.035438,1.106831,-0.688669,-0.064215,-0.353664,-0.051756
4.8717,2.5780,0.000000,0.012000,-0.703000,0.000000,-0.524000,0.375000,0.002000,-0.002000,0.005000,-0.005000,0.026000,-1.752000,0.035438,1.106831,-0.688669,-0.064215,-0.353664,-0.064215
4.8737,2.4960,0.000000,0.012000,-0.703000,0.000000,-0.524000,0.375000,-0.005000,-0.002000,0.005000,-0.005000,0.026000,-1.752000,0.035438,1.106831,-0.688669,-0.064215,-0.353664,-0.064215
4.8758,2.4160,0.000000,0.012000,-0.703000,0.000000,-0.525000,0.375000,-0.005000,0.002000,-0.004000,-0.003000,0.005000,-1.752000,0.035438,1.100925,-0.699300,-0.067091,-0.337371,-0.064215
4.8779,2.3360,0.000000,0.012000,-0.703000,0.000000,-0.525000,0.375000,-0.005000,0.002000,-0.004000,-0.003000,0.005000,-1.752000,0.035438,1.100925,-0.699300,-0.067091,-0.337371,-0.064215
4.8799,2.2590,0.000000,0.012000,-0.703000,0.000000,-0.525000,0.363000,0.000000,0.002000,-0.004000,-0.003000,0.000000,-1.714000,0.029531,1.100925,-0.699300,-0.067091,-0.350789,-0.119805
4.8820,2.1830,0.000000,0.012000,-0.703000,0.000000,-0.525000,0.363000,0.000000,0.002000,-0.004000,-0.003000,0.000000,-1.714000,0.029531,1.100925,-0.699300,-0.067091,-0.350789,-0.119805
4.8841,2.1050,0.000000,0.012000,-0.703000,0.000000,-0.525000,0.351000,0.000000,-0.002000,-0.002000,0.000000,0.000000,-1.771000,0.029531,1.110375,-0.711112,-0.068049,-0.350789,-0.094886
4.8862,2.0310,0.000000,0.012000,-0.703000,0.000000,-0.525000,0.351000,0.000000,-0.002000,-0.002000,0.000000,0.000000,-1.771000,0.029531,1.110375,-0.711112,-0.068049,-0.350789,-0.094886
4.8883,1.9560,0.000000,0.012000,-0.703000,0.000000,-0.525000,0.351000,0.000000,-0.002000,-0.002000,0.000000,0.000000,-1.771000,0.029531,1.110375,-0.711112,-0.068049,-0.350789,-0.094886
4.8904,1.8850,0.000000,0.012000,-0.703000,0.000000,-0.525000,0.339000,-0.004000,0.000000,-0.003000,-0.023000,0.009000,-1.750000,0.037800,1.109194,-0.696937,-0.081467,-0.342163,-0.071883
4.8924,1.8150,0.000000,0.012000,-0.703000,0.000000,-0.525000,0.339000,-0.004000,0.000000,-0.003000,-0.023000,0.009000,-1.750000,0.037800,1.109194,-0.696937,-0.081467,-0.342163,-0.071883
4.8946,1.7450,0.000000,0.012000,-0.703000,0.000000,-0.525000,0.339000,-0.002000,0.000000,-0.003000,0.007000,0.011000,-1.750000,0.034256,1.118644,-0.696937,-0.074758,-0.348872,-0.071883
4.8966,1.6770,0.000000,0.012000,-0.703000,0.000000,-0.525000,0.339000,-0.002000,0.000000,-0.003000,0.007000,0.011000,-1.750000,0.034256,1.118644,-0.696937,-0.074758,-0.348872,-0.071883
4.8987,1.6110,0.000000,0.012000,-0.703000,0.000000,-0.525000,0.339000,-0.002000,0.000000,-0.003000,0.007000,0.011000,-1.750000,0.034256,1.118644,-0.696937,-0.074758,-0.348872,-0.071883
4.9008,1.5470,0.000000,0.012000,-0.703000,0.000000,-0.525000,0.326000,-0.002000,0.000000,-0.004000,0.007000,0.021000,-1.727000,0.034256,1.118644,-0.709931,-0.074758,-0.350789,-0.069966
4.9030,1.4770,0.000000,0.012000,-0.703000,0.000000,-0.525000,0.326000,-0.002000,0.000000,-0.004000,0.007000,0.021000,-1.727000,0.034256,1.118644,-0.709931,-0.074758,-0.350789,-0.069966
4.9051,1.4160,0.000000,0.012000,-0.703000,0.000000,-0.525000,0.315000,-0.004000,0.000000,-0.001000,-0.021000,0.021000,-1.635000,0.042525,1.116281,-0.712294,-0.063257,-0.350789,-0.097761
4.9071,1.3550,0.000000,0.012000,-0.703000,0.000000,-0.525000,0.315000,-0.004000,0.000000,-0.001000,-0.021000,0.021000,-1.635000,0.042525,1.116281,-0.712294,-0.063257,-0.350789,-0.097761
4.9092,1.2950,0.000000,0.012000,-0.703000,0.000000,-0.525000,0.315000,0.001000,0.000000,0.005000,0.009000,-0.003000,-1.635000,0.036619,1.111556,-0.705206,-0.080509,-0.331620,-0.097761
4.9113,1.2370,0.000000,0.012000,-0.703000,0.000000,-0.525000,0.315000,0.001000,0.000000,0.005000,0.009000,-0.003000,-1.635000,0.036619,1.111556,-0.705206,-0.080509,-0.331620,-0.097761
4.9134,1.1790,0.000000,0.012000,-0.703000,0.000000,-0.525000,0.315000,0.004000,0.000000,0.005000,0.009000,-0.003000,-1.635000,0.034256,1.111556,-0.705206,-0.080509,-0.331620,-0.097761
4.9155,1.1240,0.000000,0.012000,-0.703000,0.000000,-0.525000,0.303000,0.004000,0.000000,0.005000,0.009000,0.003000,-1.700000,0.034256,1.111556,-0.705206,-0.080509,-0.345997,-0.111179
4.9175,1.0700,0.000000,0.012000,-0.703000,0.000000,-0.525000,0.303000,0.004000,0.000000,0.005000,0.009000,0.003000,-1.700000,0.034256,1.111556,-0.705206,-0.080509,-0.345997,-0.111179
4.9196,1.0170,0.000000,0.012000,-0.703000,0.000000,-0.525000,0.303000,0.004000,-0.002000,0.000000,0.000000,0.003000,-1.700000,0.034256,1.126912,-0.695756,-0.065174,-0.345997,-0.111179
4.9217,0.9650,0.000000,0.012000,-0.703000,0.000000,-0.525000,0.292000,0.004000,-0.002000,0.000000,0.000000,0.003000,-1.622000,0.034256,1.126912,-0.695756,-0.065174,-0.345997,-0.063257
4.9240,0.9090,0.000000,0.012000,-0.703000,0.000000,-0.525000,0.292000,-0.005000,0.000000,0.000000,0.000000,0.003000,-1.622000,0.033075,1.113919,-0.695756,-0.065174,-0.345997,-0.063257
4.9260,0.8610,0.000000,0.012000,-0.703000,0.000000,-0.525000,0.281000,-0.005000,0.000000,0.000000,-0.024000,-0.011000,-1.645000,0.033075,1.113919,-0.713475,-0.046005,-0.349831,-0.113096
4.9282,0.8100,0.000000,0.012000,-0.703000,0.000000,-0.525000,0.281000,-0.005000,0.000000,0.000000,-0.024000,-0.011000,-1.645000,0.033075,1.113919,-0.713475,-0.046005,-0.349831,-0.113096
4.9304,0.7620,0.000000,0.012000,-0.703000,0.000000,-0.525000,0.281000,-0.003000,-0.002000,0.008000,0.005000,-0.001000,-1.645000,0.025987,1.110375,-0.708750,-0.070925,-0.345997,-0.113096
4.9325,0.7180,0.000000,0.012000,-0.703000,0.000000,-0.525000,0.281000,-0.003000,-0.002000,0.008000,0.005000,-0.001000,-1.645000,0.025987,1.110375,-0.708750,-0.070925,-0.345997,-0.113096
4.9347,0.6700,0.000000,0.012000,-0.703000,0.000000,-0.525000,0.281000,-0.003000,-0.002000,0.008000,0.005000,-0.001000,-1.645000,0.025987,1.110375,-0.708750,-0.070925,-0.345997,-0.113096
4.9368,0.6290,0.000000,0.012000,-0.703000,0.000000,-0.525000,0.269000,-0.003000,-0.002000,0.008000,0.005000,0.023000,-1.633000,0.025987,1.110375,-0.708750,-0.070925,-0.345038,-0.078592
4.9389,0.5880,0.000000,0.012000,-0.703000,0.000000,-0.525000,0.269000,-0.001000,0.000000,0.005000,0.005000,0.023000,-1.633000,0.029531,1.096200,-0.705206,-0.070925,-0.345038,-0.078592
4.9410,0.5490,0.000000,0.012000,-0.703000,0.000000,-0.525000,0.259000,-0.001000,0.000000,0.005000,0.003000,0.023000,-1.551000,0.029531,1.096200,-0.705206,-0.068049,-0.345038,-0.106387
4.9432,0.5080,0.000000,0.012000,-0.703000,0.000000,-0.525000,0.259000,-0.001000,0.000000,0.005000,0.003000,0.023000,-1.551000,0.029531,1.096200,-0.705206,-0.068049,-0.345038,-0.106387
4.9453,0.4720,0.000000,0.012000,-0.703000,0.000000,-0.525000,0.259000,0.003000,-0.004000,0.000000,0.046000,0.001000,-1.551000,0.024806,1.109194,-0.709931,-0.086260,-0.336412,-0.106387
4.9473,0.4370,0.000000,0.012000,-0.703000,0.000000,-0.525000,0.259000,0.003000,-0.004000,0.000000,0.046000,0.001000,-1.551000,0.024806,1.109194,-0.709931,-0.086260,-0.336412,-0.106387
4.9494,0.4030,0.000000,0.012000,-0.703000,0.000000,-0.525000,0.259000,0.001000,-0.004000,0.000000,0.046000,0.001000,-1.551000,0.018900,1.109194,-0.709931,-0.086260,-0.336412,-0.106387
4.9515,0.3710,0.000000,0.012000,-0.703000,0.000000,-0.525000,0.248000,0.001000,-0.004000,0.000000,0.046000,0.011000,-1.510000,0.018900,1.109194,-0.709931,-0.086260,-0.343122,-0.020127
4.9535,0.3400,0.000000,0.012000,-0.703000,0.000000,-0.525000,0.248000,0.001000,-0.004000,0.000000,0.046000,0.011000,-1.510000,0.018900,1.109194,-0.709931,-0.086260,-0.343122,-0.020127
4.9556,0.3110,0.000000,0.012000,-0.703000,0.000000,-0.525000,0.237000,0.001000,-0.002000,0.002000,-0.026000,0.011000,-1.380000,0.018900,1.112737,-0.708750,-0.060382,-0.343122,-0.152392
4.9577,0.2820,0.000000,0.012000,-0.703000,0.000000,-0.525000,0.237000,0.001000,-0.002000,0.002000,-0.026000,0.011000,-1.380000,0.018900,1.112737,-0.708750,-0.060382,-0.343122,-0.152392
4.9598,0.2540,0.000000,0.012000,-0.703000,0.000000,-0.525000,0.227000,-0.006000,0.000000,-0.008000,0.036000,0.011000,-1.555000,0.040162,1.108012,-0.709931,-0.070925,-0.339288,-0.121722
4.9619,0.2290,0.000000,0.012000,-0.703000,0.000000,-0.525000,0.227000,-0.006000,0.000000,-0.008000,0.036000,0.011000,-1.555000,0.040162,1.108012,-0.709931,-0.070925,-0.339288,-0.121722
4.9641,0.2030,0.000000,0.012000,-0.703000,0.000000,-0.525000,0.227000,-0.005000,-0.001000,-0.003000,-0.053000,0.011000,-1.555000,0.042525,1.106831,-0.713475,-0.059423,-0.339288,-0.121722
4.9662,0.1800,0.000000,0.012000,-0.703000,0.000000,-0.525000,0.227000,-0.005000,-0.001000,-0.003000,-0.053000,0.001000,-1.555000,0.042525,1.106831,-0.713475,-0.059423,-0.327786,-0.121722
4.9684,0.1570,0.000000,0.012000,-0.703000,0.000000,-0.525000,0.227000,-0.005000,-0.001000,-0.003000,-0.053000,0.001000,-1.555000,0.042525,1.106831,-0.713475,-0.059423,-0.327786,-0.121722
4.9705,0.1370,0.000000,0.012000,-0.703000,0.000000,-0.524000,0.216000,-0.005000,-0.001000,-0.003000,-0.053000,0.021000,-1.455000,0.042525,1.106831,-0.713475,-0.059423,-0.359415,-0.066132
4.9725,0.1180,0.000000,0.012000,-0.703000,0.000000,-0.524000,0.216000,-0.005000,-0.001000,-0.003000,-0.053000,0.021000,-1.455000,0.042525,1.106831,-0.713475,-0.059423,-0.359415,-0.066132
4.9748,0.0990,0.000000,0.012000,-0.703000,0.000000,-0.524000,0.216000,-0.001000,0.000000,-0.007000,0.013000,0.021000,-1.455000,0.028350,1.097381,-0.713475,-0.070925,-0.359415,-0.066132
4.9769,0.0840,0.000000,0.012000,-0.703000,0.000000,-0.524000,0.206000,-0.001000,0.000000,-0.007000,0.013000,0.021000,-1.497000,0.028350,1.097381,-0.713475,-0.070925,-0.359415,-0.045047
4.9790,0.0690,0.000000,0.012000,-0.703000,0.000000,-0.525000,0.206000,0.003000,-0.002000,0.002000,-0.001000,0.013000,-1.497000,0.023625,1.100925,-0.683944,-0.071883,-0.325870,-0.045047
4.9811,0.0560,0.000000,0.012000,-0.703000,0.000000,-0.525000,0.206000,0.003000,-0.002000,0.002000,-0.001000,0.013000,-1.497000,0.023625,1.100925,-0.683944,-0.071883,-0.325870,-0.045047
4.9836,0.0420,0.000000,0.012000,-0.703000,0.000000,-0.525000,0.206000,-0.002000,-0.002000,0.002000,-0.001000,0.013000,-1.497000,0.023625,1.100925,-0.683944,-0.071883,-0.325870,-0.045047
4.9857,0.0320,0.000000,0.012000,-0.703000,0.000000,-0.525000,0.196000,-0.002000,-0.002000,0.002000,-0.001000,0.005000,-1.457000,0.023625,1.100925,-0.683944,-0.071883,-0.335454,-0.052714
4.9877,0.0230,0.000000,0.012000,-0.703000,0.000000,-0.525000,0.196000,-0.002000,-0.002000,0.002000,-0.001000,0.005000,-1.457000,0.023625,1.100925,-0.683944,-0.071883,-0.335454,-0.052714
4.9898,0.0160,0.000000,0.012000,-0.703000,0.000000,-0.525000,0.187000,-0.002000,-0.001000,-0.005000,0.001000,0.005000,-1.384000,0.023625,1.110375,-0.717019,-0.071883,-0.335454,-0.094886
4.9919,0.0100,0.000000,0.012000,-0.703000,0.000000,-0.525000,0.187000,-0.002000,-0.001000,-0.005000,0.001000,0.005000,-1.384000,0.023625,1.110375,-0.717019,-0.071883,-0.335454,-0.094886
4.9940,0.0050,0.000000,0.012000,-0.703000,0.000000,-0.525000,0.187000,0.003000,0.001000,-0.001000,0.001000,0.005000,-1.384000,0.025987,1.105650,-0.693394,-0.063257,-0.335454,-0.094886
4.9961,0.0020,0.000000,0.012000,-0.703000,0.000000,-0.525000,0.178000,0.003000,0.001000,-0.001000,0.001000,0.001000,-1.219000,0.025987,1.105650,-0.693394,-0.063257,-0.345997,-0.111179
4.9984,0.0000,0.000000,0.012000,-0.703000,0.000000,-0.525000,0.178000,0.003000,0.001000,-0.001000,0.001000,0.001000,-1.219000,0.025987,1.105650,-0.693394,-0.063257,-0.345997,-0.111179
5.0004,0.0000,0.000000,0.012000,-0.703000,0.000000,-0.525000,0.178000,0.001000,0.001000,-0.015000,0.023000,-0.009000,-1.219000,0.033075,1.109194,-0.702844,-0.092010,-0.327786,-0.111179
5.0025,0.0000,0.000000,0.012000,-0.703000,0.000000,-0.525000,0.178000,0.001000,0.001000,-0.015000,0.023000,-0.009000,-1.219000,0.033075,1.109194,-0.702844,-0.092010,-0.327786,-0.111179
5.0046,0.0030,0.000000,0.012000,-0.703000,0.000000,-0.525000,0.168000,0.001000,0.001000,-0.015000,0.023000,-0.005000,-1.353000,0.033075,1.109194,-0.702844,-0.092010,-0.341205,-0.054631
5.0067,0.0070,0.000000,0.012000,-0.703000,0.000000,-0.525000,0.168000,0.001000,0.001000,-0.015000,0.023000,-0.005000,-1.353000,0.033075,1.109194,-0.702844,-0.092010,-0.341205,-0.054631
5.0088,0.0120,0.000000,0.012000,-0.703000,0.000000,-0.525000,0.168000,-0.001000,-0.001000,-0.015000,0.023000,-0.005000,-1.353000,0.044887,1.118644,-0.702844,-0.092010,-0.341205,-0.054631
5.0109,0.0180,0.000000,0.012000,-0.703000,0.000000,-0.525000,0.159000,-0.001000,-0.001000,0.003000,-0.034000,-0.005000,-1.288000,0.044887,1.118644,-0.700481,-0.062299,-0.341205,-0.039296
5.0130,0.0260,0.000000,0.012000,-0.703000,0.000000,-0.525000,0.159000,-0.001000,-0.001000,0.003000,-0.034000,-0.005000,-1.288000,0.044887,1.118644,-0.700481,-0.062299,-0.341205,-0.039296
5.0150,0.0350,0.000000,0.012000,-0.703000,0.000000,-0.524000,0.159000,-0.015000,0.000000,-0.001000,0.007000,0.026000,-1.288000,0.046069,1.110375,-0.711112,-0.068049,-0.341205,-0.039296
5.0171,0.0460,0.000000,0.012000,-0.703000,0.000000,-0.524000,0.159000,-0.015000,0.000000,-0.001000,0.007000,0.026000,-1.288000,0.046069,1.110375,-0.711112,-0.068049,-0.341205,-0.039296
5.0192,0.0580,0.000000,0.012000,-0.703000,0.000000,-0.524000,0.159000,0.000000,0.000000,-0.001000,0.007000,0.026000,-1.288000,0.023625,1.110375,-0.711112,-0.068049,-0.341205,-0.039296
5.0213,0.0710,0.000000,0.012000,-0.703000,0.000000,-0.525000,0.151000,0.000000,0.000000,-0.001000,0.007000,0.013000,-1.188000,0.023625,1.110375,-0.711112,-0.068049,-0.310535,-0.072841
5.0234,0.0860,0.000000,0.012000,-0.703000,0.000000,-0.525000,0.151000,0.000000,0.000000,-0.001000,0.007000,0.013000,-1.188000,0.023625,1.110375,-0.711112,-0.068049,-0.310535,-0.072841
5.0255,0.1020,0.000000,0.012000,-0.703000,0.000000,-0.525000,0.143000,0.000000,-0.001000,0.004000,0.003000,0.013000,-1.223000,0.023625,1.104469,-0.705206,-0.079551,-0.310535,-0.063257
5.0275,0.1190,0.000000,0.012000,-0.703000,0.000000,-0.525000,0.143000,0.000000,-0.001000,0.004000,0.003000,0.013000,-1.223000,0.023625,1.104469,-0.705206,-0.079551,-0.310535,-0.063257
5.0297,0.1380,0.000000,0.012000,-0.703000,0.000000,-0.525000,0.134000,0.007000,0.000000,0.007000,0.003000,-0.009000,-1.171000,0.001181,1.113919,-0.721744,-0.074758,-0.329703,-0.132265
5.0317,0.1580,0.000000,0.012000,-0.703000,0.000000,-0.525000,0.134000,0.007000,0.000000,0.007000,0.003000,-0.009000,-1.171000,0.001181,1.113919,-0.721744,-0.074758,-0.329703,-0.132265
5.0338,0.1800,0.000000,0.012000,-0.703000,0.000000,-0.525000,0.134000,0.003000,-0.001000,0.007000,0.003000,-0.009000,-1.171000,0.022444,1.122188,-0.721744,-0.074758,-0.329703,-0.132265
5.0358,0.2020,0.000000,0.012000,-0.703000,0.000000,-0.525000,0.134000,0.003000,-0.001000,0.000000,0.005000,0.013000,-1.171000,0.022444,1.122188,-0.696937,-0.076675,-0.344080,-0.132265
5.0379,0.2260,0.000000,0.012000,-0.703000,0.000000,-0.525000,0.134000,0.003000,-0.001000,0.000000,0.005000,0.013000,-1.171000,0.022444,1.122188,-0.696937,-0.076675,-0.344080,-0.132265
5.0400,0.2520,0.000000,0.012000,-0.703000,0.000000,-0.525000,0.127000,0.003000,-0.001000,0.000000,0.005000,0.009000,-1.206000,0.022444,1.122188,-0.696937,-0.076675,-0.332579,-0.104470
5.0421,0.2790,0.000000,0.012000,-0.703000,0.000000,-0.525000,0.127000,0.003000,-0.001000,0.000000,0.005000,0.009000,-1.206000,0.022444,1.122188,-0.696937,-0.076675,-0.332579,-0.104470
5.0441,0.3070,0.000000,0.012000,-0.703000,0.000000,-0.525000,0.127000,0.000000,-0.002000,-0.001000,0.003000,0.009000,-1.206000,0.046069,1.119825,-0.702844,-0.063257,-0.332579,-0.104470
5.0462,0.3360,0.000000,0.012000,-0.703000,0.000000,-0.525000,0.119000,0.000000,-0.002000,-0.001000,0.003000,0.009000,-1.138000,0.046069,1.119825,-0.702844,-0.063257,-0.332579,-0.014377
5.0488,0.3750,0.000000,0.012000,-0.703000,0.000000,-0.525000,0.119000,-0.004000,-0.002000,-0.001000,0.003000,0.009000,-1.138000,0.055519,1.119825,-0.702844,-0.063257,-0.332579,-0.014377
5.0508,0.4070,0.000000,0.012000,-0.703000,0.000000,-0.525000,0.119000,-0.004000,-0.001000,0.001000,-0.021000,0.011000,-1.138000,0.055519,1.103287,-0.721744,-0.062299,-0.340246,-0.014377
5.0529,0.4410,0.000000,0.012000,-0.703000,0.000000,-0.525000,0.119000,-0.004000,-0.001000,0.001000,-0.021000,0.011000,-1.138000,0.055519,1.103287,-0.721744,-0.062299,-0.340246,-0.014377
5.0550,0.4760,0.000000,0.012000,-0.703000,0.000000,-0.525000,0.111000,-0.001000,-0.001000,0.001000,-0.021000,-0.028000,-1.008000,0.030713,1.103287,-0.721744,-0.062299,-0.317244,-0.010543
5.0571,0.5130,0.000000,0.012000,-0.703000,0.000000,-0.525000,0.111000,-0.001000,-0.001000,0.001000,-0.021000,-0.028000,-1.008000,0.030713,1.103287,-0.721744,-0.062299,-0.317244,-0.010543
5.0591,0.5510,0.000000,0.012000,-0.703000,0.000000,-0.525000,0.111000,-0.001000,-0.001000,-0.002000,0.000000,-0.028000,-1.008000,0.030713,1.125731,-0.706387,-0.057506,-0.317244,-0.010543
5.0612,0.5900,0.000000,0.012000,-0.703000,0.000000,-0.525000,0.104000,-0.001000,-0.001000,-0.002000,0.000000,-0.028000,-1.016000,0.030713,1.125731,-0.706387,-0.057506,-0.317244,-0.070925
5.0637,0.6390,0.000000,0.012000,-0.703000,0.000000,-0.525000,0.104000,0.005000,-0.001000,-0.002000,0.000000,-0.028000,-1.016000,0.012994,1.125731,-0.706387,-0.057506,-0.317244,-0.070925
5.0658,0.6810,0.000000,0.012000,-0.703000,0.000000,-0.525000,0.097000,0.005000,-0.001000,-0.004000,0.005000,-0.005000,-1.052000,0.012994,1.118644,-0.691031,-0.073800,-0.319161,-0.087218
5.0678,0.7240,0.000000,0.012000,-0.703000,0.000000,-0.525000,0.097000,0.005000,-0.001000,-0.004000,0.005000,-0.005000,-1.052000,0.012994,1.118644,-0.691031,-0.073800,-0.319161,-0.087218
5.0699,0.7690,0.000000,0.012000,-0.703000,0.000000,-0.525000,0.097000,0.002000,0.000000,0.000000,0.000000,0.021000,-1.052000,0.031894,1.097381,-0.693394,-0.077634,-0.332579,-0.087218
5.0719,0.8150,0.000000,0.012000,-0.703000,0.000000,-0.525000,0.097000,0.002000,0.000000,0.000000,0.000000,0.021000,-1.052000,0.031894,1.097381,-0.693394,-0.077634,-0.332579,-0.087218
5.0740,0.8620,0.000000,0.012000,-0.703000,0.000000,-0.525000,0.097000,0.002000,0.000000,0.000000,0.000000,0.021000,-1.052000,0.031894,1.097381,-0.693394,-0.077634,-0.332579,-0.087218
5.0761,0.9110,0.000000,0.012000,-0.703000,0.000000,-0.525000,0.090000,0.002000,0.000000,0.000000,0.000000,-0.040000,-1.000000,0.031894,1.097381,-0.693394,-0.077634,-0.316285,-0.045047
5.0783,0.9640,0.000000,0.012000,-0.703000,0.000000,-0.525000,0.090000,0.002000,0.000000,0.000000,0.000000,-0.040000,-1.000000,0.031894,1.097381,-0.693394,-0.077634,-0.316285,-0.045047
5.0803,1.0150,0.000000,0.012000,-0.703000,0.000000,-0.525000,0.084000,-0.002000,-0.003000,0.000000,-0.001000,-0.040000,-0.839000,0.036619,1.116281,-0.698119,-0.064215,-0.316285,-0.128431
5.0824,1.0680,0.000000,0.012000,-0.703000,0.000000,-0.525000,0.084000,-0.002000,-0.003000,0.000000,-0.001000,-0.040000,-0.839000,0.036619,1.116281,-0.698119,-0.064215,-0.316285,-0.128431
5.0845,1.1230,0.000000,0.012000,-0.703000,0.000000,-0.525000,0.084000,-0.003000,-0.002000,0.003000,0.023000,-0.040000,-0.839000,0.029531,1.116281,-0.698119,-0.079551,-0.316285,-0.128431
5.0866,1.1780,0.000000,0.012000,-0.703000,0.000000,-0.525000,0.084000,-0.003000,-0.002000,0.003000,0.023000,-0.011000,-0.839000,0.029531,1.116281,-0.698119,-0.079551,-0.332579,-0.128431
5.0887,1.2360,0.000000,0.012000,-0.703000,0.000000,-0.525000,0.084000,-0.003000,-0.002000,0.003000,0.023000,-0.011000,-0.839000,0.029531,1.116281,-0.698119,-0.079551,-0.332579,-0.128431
5.0907,1.2940,0.000000,0.012000,-0.703000,0.000000,-0.525000,0.078000,-0.002000,-0.002000,0.003000,0.023000,-0.003000,-0.862000,0.014175,1.116281,-0.698119,-0.079551,-0.334496,-0.076675
5.0928,1.3530,0.000000,0.012000,-0.703000,0.000000,-0.525000,0.078000,-0.002000,-0.002000,0.003000,0.023000,-0.003000,-0.862000,0.014175,1.116281,-0.698119,-0.079551,-0.334496,-0.076675
5.0948,1.4130,0.000000,0.012000,-0.703000,0.000000,-0.525000,0.071000,-0.002000,0.000000,0.006000,-0.017000,-0.003000,-1.031000,0.014175,1.123369,-0.711112,-0.071883,-0.334496,-0.042171
5.0969,1.4750,0.000000,0.012000,-0.703000,0.000000,-0.525000,0.071000,-0.002000,0.000000,0.006000,-0.017000,-0.003000,-1.031000,0.014175,1.123369,-0.711112,-0.071883,-0.334496,-0.042171
5.0994,1.5510,0.000000,0.012000,-0.703000,0.000000,-0.525000,0.066000,-0.001000,0.001000,0.003000,-0.005000,-0.015000,-0.696000,0.002363,1.109194,-0.711112,-0.064215,-0.320119,-0.037379
5.1015,1.6160,0.000000,0.012000,-0.703000,0.000000,-0.525000,0.066000,-0.001000,0.001000,0.003000,-0.005000,-0.015000,-0.696000,0.002363,1.109194,-0.711112,-0.064215,-0.320119,-0.037379
5.1035,1.6820,0.000000,0.012000,-0.703000,0.000000,-0.525000,0.066000,-0.001000,0.001000,0.003000,-0.005000,-0.015000,-0.696000,0.002363,1.109194,-0.711112,-0.064215,-0.320119,-0.037379
5.1056,1.7490,0.000000,0.012000,-0.703000,0.000000,-0.525000,0.066000,0.007000,0.001000,0.004000,0.000000,-0.003000,-0.696000,0.012994,1.103287,-0.705206,-0.069966,-0.328745,-0.037379
5.1076,1.8180,0.000000,0.012000,-0.703000,0.000000,-0.525000,0.066000,0.007000,0.001000,0.004000,0.000000,-0.003000,-0.696000,0.012994,1.103287,-0.705206,-0.069966,-0.328745,-0.037379
5.1097,1.8860,0.000000,0.012000,-0.703000,0.000000,-0.525000,0.060000,0.007000,0.001000,0.004000,0.000000,-0.005000,-0.742000,0.012994,1.103287,-0.705206,-0.069966,-0.323953,-0.084343
5.1117,1.9580,0.000000,0.012000,-0.703000,0.000000,-0.525000,0.060000,0.007000,0.001000,0.004000,0.000000,-0.005000,-0.742000,0.012994,1.103287,-0.705206,-0.069966,-0.323953,-0.084343
5.1138,2.0310,0.000000,0.012000,-0.703000,0.000000,-0.525000,0.060000,0.000000,0.000000,0.001000,0.000000,-0.005000,-0.742000,0.031894,1.113919,-0.689850,-0.069966,-0.323953,-0.084343
5.1159,2.1040,0.000000,0.012000,-0.703000,0.000000,-0.525000,0.055000,0.000000,0.000000,0.001000,-0.015000,-0.005000,-0.726000,0.031894,1.113919,-0.689850,-0.066132,-0.323953,-0.094886
5.1179,2.1790,0.000000,0.012000,-0.703000,0.000000,-0.525000,0.055000,0.000000,0.000000,0.001000,-0.015000,-0.005000,-0.726000,0.031894,1.113919,-0.689850,-0.066132,-0.323953,-0.094886
5.1200,2.2560,0.000000,0.012000,-0.703000,0.000000,-0.525000,0.055000,-0.013000,0.000000,0.000000,0.009000,-0.019000,-0.726000,0.042525,1.106831,-0.709931,-0.069008,-0.322994,-0.094886
5.1220,2.3330,0.000000,0.012000,-0.703000,0.000000,-0.525000,0.055000,-0.013000,0.000000,0.000000,0.009000,-0.019000,-0.726000,0.042525,1.106831,-0.709931,-0.069008,-0.322994,-0.094886
5.1241,2.4120,0.000000,0.012000,-0.703000,0.000000,-0.525000,0.055000,-0.002000,0.000000,0.000000,0.009000,-0.019000,-0.726000,0.029531,1.106831,-0.709931,-0.069008,-0.322994,-0.094886
5.1262,2.4930,0.000000,0.012000,-0.703000,0.000000,-0.525000,0.050000,-0.002000,0.000000,0.000000,0.009000,-0.011000,-0.674000,0.029531,1.106831,-0.709931,-0.069008,-0.310535,-0.064215
5.1284,2.5820,0.000000,0.012000,-0.703000,0.000000,-0.525000,0.050000,-0.002000,0.000000,0.000000,0.009000,-0.011000,-0.674000,0.029531,1.106831,-0.709931,-0.069008,-0.310535,-0.064215
5.1305,2.6650,0.000000,0.012000,-0.703000,0.000000,-0.525000,0.045000,-0.002000,-0.003000,-0.007000,-0.009000,-0.011000,-0.625000,0.029531,1.112737,-0.713475,-0.064215,-0.310535,-0.021086
5.1326,2.7490,0.000000,0.012000,-0.703000,0.000000,-0.525000,0.045000,-0.002000,-0.003000,-0.007000,-0.009000,-0.011000,-0.625000,0.029531,1.112737,-0.713475,-0.064215,-0.310535,-0.021086
5.1346,2.8350,0.000000,0.012000,-0.703000,0.000000,-0.525000,0.040000,-0.004000,0.001000,0.001000,-0.001000,0.009000,-0.602000,0.033075,1.113919,-0.700481,-0.056548,-0.314368,0.004792
5.1367,2.9200,0.000000,0.012000,-0.703000,0.000000,-0.525000,0.040000,-0.004000,0.001000,0.001000,-0.001000,0.009000,-0.602000,0.033075,1.113919,-0.700481,-0.056548,-0.314368,0.004792
5.1387,3.0090,0.000000,0.012000,-0.703000,0.000000,-0.525000,0.040000,-0.004000,0.001000,0.001000,-0.001000,0.009000,-0.602000,0.033075,1.113919,-0.700481,-0.056548,-0.314368,0.004792
5.1408,3.0980,0.000000,0.012000,-0.703000,0.000000,-0.525000,0.040000,0.000000,0.000000,0.000000,-0.003000,0.005000,-0.602000,0.031894,1.115100,-0.712294,-0.059423,-0.323953,0.004792
5.1429,3.1890,0.000000,0.012000,-0.703000,0.000000,-0.525000,0.040000,0.000000,0.000000,0.000000,-0.003000,0.005000,-0.602000,0.031894,1.115100,-0.712294,-0.059423,-0.323953,0.004792
5.1450,3.2840,0.000000,0.012000,-0.703000,0.000000,-0.525000,0.036000,0.000000,0.000000,0.000000,-0.003000,-0.007000,-0.661000,0.031894,1.115100,-0.712294,-0.059423,-0.327786,-0.064215
5.1471,3.3770,0.000000,0.012000,-0.703000,0.000000,-0.525000,0.036000,0.000000,0.000000,0.000000,-0.003000,-0.007000,-0.661000,0.031894,1.115100,-0.712294,-0.059423,-0.327786,-0.064215
5.1491,3.4710,0.000000,0.012000,-0.703000,0.000000,-0.525000,0.036000,0.000000,0.000000,0.002000,0.009000,-0.007000,-0.661000,0.041344,1.109194,-0.682762,-0.076675,-0.327786,-0.064215
5.1512,3.5660,0.000000,0.012000,-0.703000,0.000000,-0.525000,0.032000,0.000000,0.000000,0.002000,0.009000,-0.007000,-0.607000,0.041344,1.109194,-0.682762,-0.076675,-0.327786,-0.026836
5.1535,3.6740,0.000000,0.012000,-0.703000,0.000000,-0.525000,0.032000,0.000000,0.000000,0.002000,0.009000,-0.007000,-0.607000,0.041344,1.109194,-0.682762,-0.076675,-0.327786,-0.026836
5.1556,3.7730,0.000000,0.012000,-0.703000,0.000000,-0.525000,0.032000,-0.002000,0.000000,0.005000,0.017000,0.021000,-0.607000,0.037800,1.104469,-0.711112,-0.075717,-0.332579,-0.026836
5.1576,3.8720,0.000000,0.012000,-0.703000,0.000000,-0.525000,0.032000,-0.002000,0.000000,0.005000,0.017000,0.021000,-0.607000,0.037800,1.104469,-0.711112,-0.075717,-0.332579,-0.026836
5.1597,3.9710,0.000000,0.012000,-0.703000,0.000000,-0.525000,0.032000,0.000000,0.000000,0.005000,0.017000,0.011000,-0.607000,0.028350,1.104469,-0.711112,-0.075717,-0.320119,-0.026836
5.1617,4.0730,0.000000,0.012000,-0.703000,0.000000,-0.525000,0.028000,0.000000,0.000000,0.005000,0.017000,0.011000,-0.632000,0.028350,1.104469,-0.711112,-0.075717,-0.320119,-0.101595
5.1642,4.1960,0.000000,0.012000,-0.703000,0.000000,-0.525000,0.025000,0.000000,0.001000,0.005000,0.001000,0.011000,-0.425000,0.028350,1.118644,-0.721744,-0.076675,-0.320119,-0.016293
5.1662,4.3000,0.000000,0.012000,-0.703000,0.000000,-0.525000,0.025000,0.000000,0.001000,0.005000,0.001000,0.011000,-0.425000,0.028350,1.118644,-0.721744,-0.076675,-0.320119,-0.016293
5.1684,4.4110,0.000000,0.012000,-0.703000,0.000000,-0.525000,0.025000,0.000000,0.001000,0.005000,0.001000,0.011000,-0.425000,0.028350,1.118644,-0.721744,-0.076675,-0.320119,-0.016293
5.1705,4.5180,0.000000,0.012000,-0.703000,0.000000,-0.525000,0.022000,0.000000,0.002000,0.003000,0.003000,0.003000,-0.358000,0.029531,1.106831,-0.699300,-0.080509,-0.326828,-0.171561
5.1725,4.6260,0.000000,0.012000,-0.703000,0.000000,-0.525000,0.022000,0.000000,0.002000,0.003000,0.003000,0.003000,-0.358000,0.029531,1.106831,-0.699300,-0.080509,-0.326828,-0.171561
5.1749,4.7500,0.000000,0.012000,-0.703000,0.000000,-0.524000,0.022000,-0.005000,-0.001000,-0.005000,0.015000,0.030000,-0.358000,0.029531,1.124550,-0.698119,-0.082426,-0.326828,-0.171561
5.1769,4.8610,0.000000,0.012000,-0.703000,0.000000,-0.524000,0.022000,-0.005000,-0.001000,-0.005000,0.015000,0.030000,-0.358000,0.029531,1.124550,-0.698119,-0.082426,-0.326828,-0.171561
5.1794,4.9960,0.000000,0.012000,-0.703000,0.000000,-0.524000,0.018000,-0.005000,-0.001000,-0.005000,0.015000,0.021000,-0.569000,0.029531,1.124550,-0.698119,-0.082426,-0.334496,-0.025878
5.1815,5.1100,0.000000,0.012000,-0.703000,0.000000,-0.524000,0.018000,-0.005000,-0.001000,-0.005000,0.015000,0.021000,-0.569000,0.029531,1.124550,-0.698119,-0.082426,-0.334496,-0.025878
5.1836,5.2310,0.000000,0.012000,-0.703000,0.000000,-0.524000,0.015000,0.003000,0.000000,-0.002000,0.005000,0.021000,-0.391000,0.024806,1.113919,-0.704025,-0.074758,-0.334496,-0.061340
5.1857,5.3450,0.000000,0.012000,-0.703000,0.000000,-0.524000,0.015000,0.003000,0.000000,-0.002000,0.005000,0.021000,-0.391000,0.024806,1.113919,-0.704025,-0.074758,-0.334496,-0.061340
5.1877,5.4620,0.000000,0.012000,-0.703000,0.000000,-0.524000,0.015000,0.003000,0.000000,-0.002000,0.005000,0.021000,-0.391000,0.024806,1.113919,-0.704025,-0.074758,-0.334496,-0.061340
5.1899,5.5860,0.000000,0.012000,-0.703000,0.000000,-0.525000,0.015000,0.001000,0.002000,0.004000,-0.011000,0.009000,-0.391000,0.012994,1.119825,-0.699300,-0.073800,-0.317244,-0.061340
5.1919,5.7060,0.000000,0.012000,-0.703000,0.000000,-0.525000,0.015000,0.001000,0.002000,0.004000,-0.011000,0.009000,-0.391000,0.012994,1.119825,-0.699300,-0.073800,-0.317244,-0.061340
5.1940,5.8280,0.000000,0.012000,-0.703000,0.000000,-0.525000,0.015000,0.002000,0.002000,0.004000,-0.011000,0.009000,-0.391000,0.017719,1.119825,-0.699300,-0.073800,-0.317244,-0.061340
5.1961,5.9500,0.000000,0.012000,-0.703000,0.000000,-0.525000,0.013000,0.002000,0.002000,0.004000,-0.011000,-0.015000,-0.433000,0.017719,1.119825,-0.699300,-0.073800,-0.321077,-0.080509
5.1985,6.0920,0.000000,0.012000,-0.703000,0.000000,-0.525000,0.013000,0.002000,0.002000,0.004000,-0.011000,-0.015000,-0.433000,0.017719,1.119825,-0.699300,-0.073800,-0.321077,-0.080509
5.2005,6.2170,0.000000,0.012000,-0.703000,0.000000,-0.525000,0.010000,0.002000,0.000000,0.002000,-0.013000,-0.015000,-0.358000,0.017719,1.125731,-0.705206,-0.063257,-0.321077,-0.139932
5.2026,6.3430,0.000000,0.012000,-0.703000,0.000000,-0.525000,0.010000,0.002000,0.000000,0.002000,-0.013000,-0.015000,-0.358000,0.017719,1.125731,-0.705206,-0.063257,-0.321077,-0.139932
5.2047,6.4720,0.000000,0.012000,-0.703000,0.000000,-0.525000,0.009000,-0.003000,0.000000,0.000000,0.038000,-0.013000,-0.153000,0.040162,1.100925,-0.706387,-0.093927,-0.331620,-0.219483
5.2068,6.6000,0.000000,0.012000,-0.703000,0.000000,-0.525000,0.009000,-0.003000,0.000000,0.000000,0.038000,-0.013000,-0.153000,0.040162,1.100925,-0.706387,-0.093927,-0.331620,-0.219483
5.2090,6.7390,0.000000,0.012000,-0.703000,0.000000,-0.525000,0.009000,-0.008000,0.000000,0.007000,0.065000,-0.013000,-0.153000,0.041344,1.115100,-0.707569,-0.112137,-0.331620,-0.219483
5.2110,6.8700,0.000000,0.012000,-0.703000,0.000000,-0.525000,0.009000,-0.008000,0.000000,0.007000,0.065000,-0.011000,-0.153000,0.041344,1.115100,-0.707569,-0.112137,-0.310535,-0.219483
5.2132,7.0040,0.000000,0.012000,-0.703000,0.000000,-0.525000,0.009000,-0.008000,0.000000,0.007000,0.065000,-0.011000,-0.153000,0.041344,1.115100,-0.707569,-0.112137,-0.310535,-0.219483
5.2152,7.1380,0.000000,0.012000,-0.703000,0.000000,-0.524000,0.007000,-0.008000,0.000000,0.007000,0.065000,0.019000,-0.023000,0.041344,1.115100,-0.707569,-0.112137,-0.322994,-0.159101
5.2173,7.2720,0.000000,0.012000,-0.703000,0.000000,-0.524000,0.007000,-0.008000,0.000000,0.007000,0.065000,0.019000,-0.023000,0.041344,1.115100,-0.707569,-0.112137,-0.322994,-0.159101
5.2194,7.4130,0.000000,0.012000,-0.703000,0.000000,-0.524000,0.007000,-0.015000,0.000000,0.007000,0.065000,0.019000,-0.023000,0.042525,1.111556,-0.707569,-0.112137,-0.322994,-0.159101
5.2215,7.5500,0.000000,0.012000,-0.703000,0.000000,-0.524000,0.004000,-0.015000,0.000000,-0.005000,-0.044000,0.019000,-0.122000,0.042525,1.111556,-0.702844,-0.088176,-0.322994,-0.042171
5.2239,7.7100,0.000000,0.012000,-0.703000,0.000000,-0.524000,0.004000,0.006000,0.000000,-0.009000,-0.044000,0.019000,-0.122000,0.021263,1.125731,-0.678037,-0.088176,-0.322994,-0.042171
5.2260,7.8490,0.000000,0.012000,-0.703000,0.000000,-0.524000,0.004000,0.006000,0.000000,-0.009000,-0.042000,0.015000,-0.122000,0.021263,1.125731,-0.678037,-0.046964,-0.331620,-0.042171
5.2287,8.0370,0.000000,0.012000,-0.703000,0.000000,-0.524000,0.004000,0.006000,0.000000,-0.009000,-0.042000,0.015000,-0.122000,0.021263,1.125731,-0.678037,-0.046964,-0.331620,-0.042171
5.2308,8.1790,0.000000,0.012000,-0.703000,0.000000,-0.525000,0.004000,0.008000,0.000000,-0.009000,-0.042000,-0.023000,-0.038000,0.018900,1.125731,-0.678037,-0.046964,-0.311493,-0.289449
5.2329,8.3220,0.000000,0.012000,-0.703000,0.000000,-0.525000,0.004000,0.008000,0.000000,-0.009000,-0.042000,-0.023000,-0.038000,0.018900,1.125731,-0.678037,-0.046964,-0.311493,-0.289449
5.2350,8.4700,0.000000,0.012000,-0.703000,0.000000,-0.525000,0.002000,0.008000,0.000000,0.000000,0.115000,-0.023000,-0.145000,0.018900,1.115100,-0.698119,-0.148558,-0.311493,-0.012460
5.2371,8.6150,0.000000,0.012000,-0.703000,0.000000,-0.525000,0.002000,0.008000,0.000000,0.000000,0.115000,-0.023000,-0.145000,0.018900,1.115100,-0.698119,-0.148558,-0.311493,-0.012460
5.2393,8.7700,0.000000,0.012000,-0.703000,0.000000,-0.525000,0.002000,-0.002000,0.001000,0.000000,0.115000,-0.023000,-0.145000,0.041344,1.109194,-0.698119,-0.148558,-0.311493,-0.012460
5.2413,8.9170,0.000000,0.012000,-0.703000,0.000000,-0.525000,0.001000,-0.002000,0.001000,-0.003000,-0.082000,-0.015000,-0.141000,0.041344,1.109194,-0.691031,-0.061340,-0.312451,-0.153350
5.2435,9.0740,0.000000,0.012000,-0.703000,0.000000,-0.525000,0.001000,-0.002000,0.001000,-0.003000,-0.082000,-0.015000,-0.141000,0.041344,1.109194,-0.691031,-0.061340,-0.312451,-0.153350
5.2456,9.2230,0.000000,0.012000,-0.703000,0.000000,-0.524000,0.001000,-0.001000,0.005000,0.000000,0.092000,0.005000,-0.141000,0.040162,1.121006,-0.696937,-0.169644,-0.332579,-0.153350
5.2476,9.3740,0.000000,0.012000,-0.703000,0.000000,-0.524000,0.001000,-0.001000,0.005000,0.000000,0.092000,0.005000,-0.141000,0.040162,1.121006,-0.696937,-0.169644,-0.332579,-0.153350
5.2497,9.5270,0.000000,0.012000,-0.703000,0.000000,-0.524000,0.001000,-0.001000,0.005000,0.000000,0.092000,0.005000,-0.141000,0.040162,1.121006,-0.696937,-0.169644,-0.332579,-0.153350
5.2518,9.6800,0.000000,0.012000,-0.703000,0.000000,-0.524000,0.000000,-0.001000,0.005000,0.000000,0.092000,0.009000,-0.092000,0.040162,1.121006,-0.696937,-0.169644,-0.329703,-0.037379
5.2542,9.8590,0.000000,0.012000,-0.703000,0.000000,-0.524000,0.000000,-0.002000,-0.003000,-0.001000,-0.076000,0.009000,-0.092000,0.050794,1.125731,-0.683944,-0.043130,-0.329703,-0.037379
5.2562,10.0140,0.000000,0.012000,-0.703000,0.000000,-0.524000,0.000000,-0.002000,-0.003000,-0.001000,-0.076000,0.009000,-0.061000,0.050794,1.125731,-0.683944,-0.043130,-0.329703,-0.090093
5.2584,10.1780,0.000000,0.012000,-0.703000,0.000000,-0.524000,0.000000,-0.002000,-0.003000,-0.001000,-0.076000,0.009000,-0.061000,0.050794,1.125731,-0.683944,-0.043130,-0.329703,-0.090093
5.2605,10.3350,0.000000,0.012000,-0.703000,0.000000,-0.525000,0.000000,-0.001000,0.002000,-0.003000,0.034000,0.009000,-0.061000,0.018900,1.112737,-0.691031,-0.101595,-0.316285,-0.090093
5.2625,10.4930,0.000000,0.012000,-0.703000,0.000000,-0.525000,0.000000,-0.001000,0.002000,-0.003000,0.034000,0.009000,-0.061000,0.018900,1.112737,-0.691031,-0.101595,-0.316285,-0.090093
5.2646,10.6550,0.000000,0.012000,-0.703000,0.000000,-0.525000,0.000000,-0.002000,0.000000,-0.003000,0.034000,-0.011000,-0.023000,0.037800,1.116281,-0.691031,-0.101595,-0.322036,-0.081467
5.2667,10.8150,0.000000,0.012000,-0.703000,0.000000,-0.525000,0.000000,-0.002000,0.000000,-0.003000,0.034000,-0.011000,-0.023000,0.037800,1.116281,-0.691031,-0.101595,-0.322036,-0.081467
5.2688,10.9830,0.000000,0.012000,-0.703000,0.000000,-0.525000,0.000000,-0.002000,0.000000,-0.003000,-0.011000,-0.011000,-0.023000,0.037800,1.116281,-0.674494,-0.073800,-0.322036,-0.081467
5.2709,11.1450,0.000000,0.012000,-0.703000,0.000000,-0.525000,0.000000,-0.002000,0.000000,-0.003000,-0.011000,-0.011000,-0.030000,0.037800,1.116281,-0.674494,-0.073800,-0.322036,-0.040254
5.2733,11.3360,0.000000,0.012000,-0.703000,0.000000,-0.525000,0.000000,-0.002000,0.000000,-0.003000,-0.011000,-0.011000,-0.030000,0.037800,1.116281,-0.674494,-0.073800,-0.322036,-0.040254
5.2753,11.5010,0.000000,0.012000,-0.703000,0.000000,-0.525000,0.000000,-0.014000,-0.002000,0.001000,0.030000,0.007000,0.023000,0.043706,1.099744,-0.689850,-0.082426,-0.316285,-0.023003
5.2774,11.6680,0.000000,0.012000,-0.703000,0.000000,-0.525000,0.000000,-0.014000,-0.002000,0.001000,0.030000,0.007000,0.023000,0.043706,1.099744,-0.689850,-0.082426,-0.316285,-0.023003
5.2795,11.8370,0.000000,0.012000,-0.703000,0.000000,-0.524000,0.000000,0.004000,0.000000,0.006000,0.015000,0.032000,0.023000,0.012994,1.117462,-0.701662,-0.091052,-0.321077,-0.023003
5.2816,12.0050,0.000000,0.012000,-0.703000,0.000000,-0.524000,0.000000,0.004000,0.000000,0.006000,0.015000,0.032000,0.023000,0.012994,1.117462,-0.701662,-0.091052,-0.321077,-0.023003
5.2837,12.1800,0.000000,0.012000,-0.703000,0.000000,-0.524000,0.000000,0.004000,0.000000,0.006000,0.015000,0.032000,0.023000,0.012994,1.117462,-0.701662,-0.091052,-0.321077,-0.023003
5.2858,12.3510,0.000000,0.012000,-0.703000,0.000000,-0.525000,0.000000,0.004000,0.000000,0.006000,0.015000,-0.030000,0.026000,0.012994,1.117462,-0.701662,-0.091052,-0.309576,0.018210
5.2878,12.5220,0.000000,0.012000,-0.703000,0.000000,-0.525000,0.000000,0.004000,0.000000,0.006000,0.015000,-0.030000,0.026000,0.012994,1.117462,-0.701662,-0.091052,-0.309576,0.018210
5.2900,12.7010,0.000000,0.012000,-0.703000,0.000000,-0.525000,0.000000,0.010000,0.002000,-0.008000,0.000000,-0.030000,0.101000,0.015356,1.109194,-0.712294,-0.066132,-0.309576,0.043130
5.2921,12.8750,0.000000,0.012000,-0.703000,0.000000,-0.525000,0.000000,0.010000,0.002000,-0.008000,0.000000,-0.030000,0.101000,0.015356,1.109194,-0.712294,-0.066132,-0.309576,0.043130
5.2941,13.0490,0.000000,0.012000,-0.703000,0.000000,-0.525000,0.000000,0.009000,-0.001000,0.002000,0.000000,-0.030000,0.101000,0.034256,1.117462,-0.713475,-0.066132,-0.309576,0.043130
5.2962,13.2240,0.000000,0.012000,-0.703000,0.000000,-0.524000,0.000000,0.009000,-0.001000,0.002000,0.011000,0.023000,0.101000,0.034256,1.117462,-0.713475,-0.081467,-0.322036,0.043130
5.2983,13.4040,0.000000,0.012000,-0.703000,0.000000,-0.524000,0.000000,0.009000,-0.001000,0.002000,0.011000,0.023000,0.101000,0.034256,1.117462,-0.713475,-0.081467,-0.322036,0.043130
5.3003,13.5800,0.000000,0.012000,-0.703000,0.000000,-0.525000,0.001000,-0.008000,0.000000,0.002000,0.011000,-0.028000,0.141000,0.044887,1.098563,-0.713475,-0.081467,-0.318202,-0.022044
5.3024,13.7590,0.000000,0.012000,-0.703000,0.000000,-0.525000,0.001000,-0.008000,0.000000,0.002000,0.011000,-0.028000,0.141000,0.044887,1.098563,-0.713475,-0.081467,-0.318202,-0.022044
5.3047,13.9550,0.000000,0.012000,-0.703000,0.000000,-0.525000,0.001000,-0.008000,0.000000,0.002000,0.011000,-0.028000,0.141000,0.044887,1.098563,-0.713475,-0.081467,-0.318202,-0.022044
5.3067,14.1370,0.000000,0.012000,-0.703000,0.000000,-0.525000,0.002000,-0.008000,0.000000,-0.007000,-0.032000,-0.028000,0.065000,0.044887,1.098563,-0.683944,-0.074758,-0.318202,0.059423
5.3088,14.3170,0.000000,0.012000,-0.703000,0.000000,-0.525000,0.002000,0.000000,0.000000,-0.001000,-0.032000,-0.028000,0.065000,0.031894,1.122188,-0.707569,-0.074758,-0.318202,0.059423
5.3109,14.4990,0.000000,0.012000,-0.703000,0.000000,-0.525000,0.004000,0.000000,0.000000,-0.001000,0.009000,-0.019000,0.285000,0.031894,1.122188,-0.707569,-0.062299,-0.323953,-0.106387
5.3133,14.7140,0.000000,0.012000,-0.703000,0.000000,-0.525000,0.004000,0.000000,0.000000,-0.001000,0.009000,-0.019000,0.285000,0.031894,1.122188,-0.707569,-0.062299,-0.323953,-0.106387
5.3153,14.8980,0.000000,0.012000,-0.703000,0.000000,-0.525000,0.004000,0.006000,-0.001000,0.000000,0.055000,-0.009000,0.285000,0.020081,1.122188,-0.686306,-0.106387,-0.324911,-0.106387
5.3174,15.0830,0.000000,0.012000,-0.703000,0.000000,-0.525000,0.004000,0.006000,-0.001000,0.000000,0.055000,-0.009000,0.285000,0.020081,1.122188,-0.686306,-0.106387,-0.324911,-0.106387
5.3195,15.2730,0.000000,0.012000,-0.703000,0.000000,-0.524000,0.004000,0.006000,-0.001000,0.000000,0.055000,0.021000,0.285000,0.020081,1.122188,-0.686306,-0.106387,-0.332579,-0.106387
5.3216,15.4610,0.000000,0.012000,-0.703000,0.000000,-0.524000,0.005000,0.006000,-0.001000,0.000000,0.055000,0.021000,0.101000,0.020081,1.122188,-0.686306,-0.106387,-0.332579,0.168685
5.3237,15.6510,0.000000,0.012000,-0.703000,0.000000,-0.524000,0.005000,-0.003000,-0.001000,0.000000,0.055000,0.021000,0.101000,0.024806,1.122188,-0.686306,-0.106387,-0.332579,0.168685
5.3257,15.8390,0.000000,0.012000,-0.703000,0.000000,-0.524000,0.007000,-0.003000,0.002000,-0.002000,-0.090000,0.021000,0.042000,0.024806,1.102106,-0.698119,-0.003834,-0.332579,0.098719
5.3278,16.0300,0.000000,0.012000,-0.703000,0.000000,-0.524000,0.007000,-0.003000,0.002000,-0.002000,-0.090000,0.021000,0.042000,0.024806,1.102106,-0.698119,-0.003834,-0.332579,0.098719
5.3299,16.2200,0.000000,0.012000,-0.703000,0.000000,-0.525000,0.007000,0.000000,0.000000,-0.003000,0.017000,-0.005000,0.042000,0.021263,1.117462,-0.683944,-0.092010,-0.312451,0.098719
5.3319,16.4120,0.000000,0.012000,-0.703000,0.000000,-0.525000,0.007000,0.000000,0.000000,-0.003000,0.017000,-0.005000,0.042000,0.021263,1.117462,-0.683944,-0.092010,-0.312451,0.098719
5.3345,16.6480,0.000000,0.012000,-0.703000,0.000000,-0.525000,0.007000,-0.002000,0.002000,-0.003000,0.017000,-0.005000,0.042000,0.020081,1.110375,-0.683944,-0.092010,-0.312451,0.098719
5.3365,16.8430,0.000000,0.012000,-0.703000,0.000000,-0.525000,0.009000,-0.002000,0.002000,-0.003000,0.017000,0.005000,0.120000,0.020081,1.110375,-0.683944,-0.092010,-0.310535,0.045047
5.3389,17.0630,0.000000,0.012000,-0.703000,0.000000,-0.525000,0.009000,-0.002000,0.002000,-0.003000,0.017000,0.005000,0.120000,0.020081,1.110375,-0.683944,-0.092010,-0.310535,0.045047
5.3409,17.2600,0.000000,0.012000,-0.703000,0.000000,-0.525000,0.012000,-0.002000,0.002000,0.000000,0.028000,0.005000,0.170000,0.020081,1.110375,-0.701662,-0.049839,-0.310535,0.062299
5.3433,17.4810,0.000000,0.012000,-0.703000,0.000000,-0.525000,0.012000,-0.002000,0.002000,0.000000,0.028000,0.005000,0.170000,0.020081,1.110375,-0.701662,-0.049839,-0.310535,0.062299
5.3453,17.6800,0.000000,0.012000,-0.703000,0.000000,-0.525000,0.015000,-0.006000,0.001000,-0.002000,0.032000,-0.013000,0.414000,0.029531,1.116281,-0.686306,-0.070925,-0.309576,0.019169
5.3474,17.8770,0.000000,0.012000,-0.703000,0.000000,-0.525000,0.015000,-0.006000,0.001000,-0.002000,0.032000,-0.013000,0.414000,0.029531,1.116281,-0.686306,-0.070925,-0.309576,0.019169
5.3496,18.0860,0.000000,0.012000,-0.703000,0.000000,-0.524000,0.015000,-0.003000,-0.002000,0.000000,0.017000,-0.001000,0.414000,0.036619,1.111556,-0.700481,-0.067091,-0.316285,0.019169
5.3516,18.2870,0.000000,0.012000,-0.703000,0.000000,-0.524000,0.015000,-0.003000,-0.002000,0.000000,0.017000,-0.001000,0.414000,0.036619,1.111556,-0.700481,-0.067091,-0.316285,0.019169
5.3539,18.5070,0.000000,0.012000,-0.703000,0.000000,-0.524000,0.015000,-0.003000,-0.002000,0.000000,0.017000,-0.001000,0.414000,0.036619,1.111556,-0.700481,-0.067091,-0.316285,0.019169
5.3560,18.7100,0.000000,0.012000,-0.703000,0.000000,-0.525000,0.017000,-0.003000,-0.002000,0.000000,0.017000,-0.019000,0.442000,0.036619,1.111556,-0.700481,-0.067091,-0.322994,0.072841
5.3582,18.9310,0.000000,0.012000,-0.703000,0.000000,-0.525000,0.017000,-0.003000,-0.002000,0.000000,0.017000,-0.019000,0.442000,0.036619,1.111556,-0.700481,-0.067091,-0.322994,0.072841
5.3603,19.1350,0.000000,0.012000,-0.703000,0.000000,-0.525000,0.021000,-0.012000,-0.001000,0.001000,-0.046000,-0.019000,0.515000,0.037800,1.124550,-0.693394,-0.042171,-0.322994,-0.006709
5.3624,19.3400,0.000000,0.012000,-0.703000,0.000000,-0.525000,0.021000,-0.012000,-0.001000,0.001000,-0.046000,-0.019000,0.515000,0.037800,1.124550,-0.693394,-0.042171,-0.322994,-0.006709
5.3645,19.5550,0.000000,0.012000,-0.703000,0.000000,-0.525000,0.021000,0.000000,0.000000,0.000000,0.019000,-0.005000,0.515000,0.028350,1.115100,-0.689850,-0.068049,-0.318202,-0.006709
5.3666,19.7620,0.000000,0.012000,-0.703000,0.000000,-0.525000,0.021000,0.000000,0.000000,0.000000,0.019000,-0.005000,0.515000,0.028350,1.115100,-0.689850,-0.068049,-0.318202,-0.006709
5.3687,19.9720,0.000000,0.012000,-0.703000,0.000000,-0.525000,0.021000,0.009000,0.000000,0.000000,0.019000,-0.005000,0.515000,0.014175,1.115100,-0.689850,-0.068049,-0.318202,-0.006709
5.3708,20.1810,0.000000,0.012000,-0.703000,0.000000,-0.524000,0.023000,0.009000,0.005000,0.000000,-0.005000,0.021000,0.193000,0.014175,1.116281,-0.689850,-0.074758,-0.322994,0.172519
5.3728,20.3900,0.000000,0.012000,-0.703000,0.000000,-0.524000,0.023000,0.009000,0.005000,0.000000,-0.005000,0.021000,0.193000,0.014175,1.116281,-0.689850,-0.074758,-0.322994,0.172519
5.3749,20.6010,0.000000,0.012000,-0.703000,0.000000,-0.524000,0.028000,0.009000,0.005000,-0.004000,-0.005000,0.021000,0.736000,0.014175,1.116281,-0.679219,-0.074758,-0.322994,0.001917
5.3770,20.8110,0.000000,0.012000,-0.703000,0.000000,-0.524000,0.028000,0.009000,0.005000,-0.004000,-0.005000,0.021000,0.736000,0.014175,1.116281,-0.679219,-0.074758,-0.322994,0.001917
5.3791,21.0300,0.000000,0.012000,-0.703000,0.000000,-0.524000,0.028000,0.004000,0.000000,-0.004000,-0.005000,0.021000,0.736000,0.024806,1.117462,-0.679219,-0.074758,-0.322994,0.001917
5.3812,21.2430,0.000000,0.012000,-0.703000,0.000000,-0.525000,0.031000,0.004000,0.000000,-0.001000,0.047000,-0.005000,0.446000,0.024806,1.117462,-0.688669,-0.076675,-0.314368,0.128431
5.3834,21.4700,0.000000,0.012000,-0.703000,0.000000,-0.525000,0.031000,0.004000,0.000000,-0.001000,0.047000,-0.005000,0.446000,0.024806,1.117462,-0.688669,-0.076675,-0.314368,0.128431
5.3855,21.6840,0.000000,0.012000,-0.703000,0.000000,-0.525000,0.031000,-0.007000,0.000000,0.000000,-0.026000,-0.005000,0.446000,0.046069,1.117462,-0.683944,-0.050797,-0.307659,0.128431
5.3875,21.8990,0.000000,0.012000,-0.703000,0.000000,-0.525000,0.031000,-0.007000,0.000000,0.000000,-0.026000,-0.005000,0.446000,0.046069,1.117462,-0.683944,-0.050797,-0.307659,0.128431
5.3897,22.1210,0.000000,0.012000,-0.703000,0.000000,-0.525000,0.035000,-0.007000,0.000000,0.000000,-0.026000,-0.040000,0.621000,0.046069,1.117462,-0.683944,-0.050797,-0.304784,0.053673
5.3917,22.3370,0.000000,0.012000,-0.703000,0.000000,-0.525000,0.035000,-0.007000,0.000000,0.000000,-0.026000,-0.040000,0.621000,0.046069,1.117462,-0.683944,-0.050797,-0.304784,0.053673
5.3944,22.6150,0.000000,0.012000,-0.703000,0.000000,-0.525000,0.039000,-0.004000,-0.001000,-0.001000,0.007000,-0.040000,0.494000,0.054337,1.126912,-0.682762,-0.072841,-0.304784,0.095844
5.3965,22.8330,0.000000,0.012000,-0.703000,0.000000,-0.525000,0.039000,-0.004000,-0.001000,-0.001000,0.007000,-0.040000,0.494000,0.054337,1.126912,-0.682762,-0.072841,-0.304784,0.095844
5.3985,23.0510,0.000000,0.012000,-0.703000,0.000000,-0.525000,0.039000,-0.004000,-0.001000,-0.001000,0.007000,-0.040000,0.494000,0.054337,1.126912,-0.682762,-0.072841,-0.304784,0.095844
5.4006,23.2700,0.000000,0.012000,-0.703000,0.000000,-0.525000,0.039000,0.001000,0.000000,-0.001000,-0.007000,-0.009000,0.494000,0.025987,1.129275,-0.692213,-0.068049,-0.313410,0.095844
5.4026,23.4900,0.000000,0.012000,-0.703000,0.000000,-0.525000,0.039000,0.001000,0.000000,-0.001000,-0.007000,-0.009000,0.494000,0.025987,1.129275,-0.692213,-0.068049,-0.313410,0.095844
5.4048,23.7220,0.000000,0.012000,-0.703000,0.000000,-0.524000,0.044000,0.007000,0.000000,-0.001000,0.024000,0.007000,0.590000,0.025987,1.134000,-0.692213,-0.070925,-0.314368,0.027795
5.4069,23.9440,0.000000,0.012000,-0.703000,0.000000,-0.524000,0.044000,0.007000,0.000000,-0.001000,0.024000,0.007000,0.590000,0.025987,1.134000,-0.692213,-0.070925,-0.314368,0.027795
5.4090,24.1710,0.000000,0.012000,-0.703000,0.000000,-0.524000,0.044000,0.007000,0.000000,-0.001000,0.024000,0.007000,0.590000,0.025987,1.134000,-0.692213,-0.070925,-0.314368,0.027795
5.4111,24.3950,0.000000,0.012000,-0.703000,0.000000,-0.524000,0.049000,0.007000,0.000000,0.000000,0.024000,0.007000,0.604000,0.025987,1.134000,-0.688669,-0.070925,-0.314368,0.025878
5.4132,24.6270,0.000000,0.012000,-0.703000,0.000000,-0.524000,0.049000,0.007000,0.000000,0.000000,0.024000,0.007000,0.604000,0.025987,1.134000,-0.688669,-0.070925,-0.314368,0.025878
5.4153,24.8500,0.000000,0.012000,-0.703000,0.000000,-0.524000,0.054000,0.013000,0.000000,0.000000,0.011000,0.000000,0.669000,0.022444,1.122188,-0.687487,-0.069008,-0.309576,0.035462
5.4174,25.0750,0.000000,0.012000,-0.703000,0.000000,-0.524000,0.054000,0.013000,0.000000,0.000000,0.011000,0.000000,0.669000,0.022444,1.122188,-0.687487,-0.069008,-0.309576,0.035462
5.4194,25.3000,0.000000,0.012000,-0.703000,0.000000,-0.524000,0.054000,0.000000,-0.001000,0.002000,0.011000,0.000000,0.669000,0.029531,1.119825,-0.673312,-0.069008,-0.309576,0.035462
5.4215,25.5270,0.000000,0.012000,-0.703000,0.000000,-0.525000,0.054000,0.000000,-0.001000,0.002000,0.017000,-0.009000,0.669000,0.029531,1.119825,-0.673312,-0.062299,-0.311493,0.035462
5.4237,25.7650,0.000000,0.012000,-0.703000,0.000000,-0.525000,0.054000,0.000000,-0.001000,0.002000,0.017000,-0.009000,0.669000,0.029531,1.119825,-0.673312,-0.062299,-0.311493,0.035462
5.4257,25.9920,0.000000,0.012000,-0.703000,0.000000,-0.524000,0.060000,0.000000,-0.001000,0.002000,0.017000,-0.003000,0.770000,0.029531,1.119825,-0.673312,-0.062299,-0.314368,0.027795
5.4278,26.2200,0.000000,0.012000,-0.703000,0.000000,-0.524000,0.060000,0.000000,-0.001000,0.002000,0.017000,-0.003000,0.770000,0.029531,1.119825,-0.673312,-0.062299,-0.314368,0.027795
5.4300,26.4700,0.000000,0.012000,-0.703000,0.000000,-0.524000,0.065000,-0.003000,0.001000,0.005000,0.013000,-0.003000,0.709000,0.041344,1.119825,-0.682762,-0.069008,-0.314368,0.054631
5.4321,26.6990,0.000000,0.012000,-0.703000,0.000000,-0.524000,0.065000,-0.003000,0.001000,0.005000,0.013000,-0.003000,0.709000,0.041344,1.119825,-0.682762,-0.069008,-0.314368,0.054631
5.4342,26.9310,0.000000,0.012000,-0.703000,0.000000,-0.524000,0.065000,-0.001000,0.003000,-0.003000,-0.005000,-0.003000,0.709000,0.028350,1.121006,-0.688669,-0.071883,-0.314368,0.054631
5.4363,27.1620,0.000000,0.012000,-0.703000,0.000000,-0.525000,0.065000,-0.001000,0.003000,-0.003000,-0.005000,-0.009000,0.709000,0.028350,1.121006,-0.688669,-0.071883,-0.308618,0.054631
5.4385,27.4080,0.000000,0.012000,-0.703000,0.000000,-0.525000,0.065000,-0.001000,0.003000,-0.003000,-0.005000,-0.009000,0.709000,0.028350,1.121006,-0.688669,-0.071883,-0.308618,0.054631
5.4405,27.6390,0.000000,0.012000,-0.703000,0.000000,-0.525000,0.070000,-0.002000,-0.002000,-0.003000,-0.021000,-0.024000,0.663000,0.037800,1.105650,-0.688669,-0.057506,-0.304784,0.167727
5.4426,27.8720,0.000000,0.012000,-0.703000,0.000000,-0.525000,0.070000,-0.002000,-0.002000,-0.003000,-0.021000,-0.024000,0.663000,0.037800,1.105650,-0.688669,-0.057506,-0.304784,0.167727
5.4447,28.1120,0.000000,0.012000,-0.703000,0.000000,-0.525000,0.070000,-0.002000,-0.002000,0.000000,-0.021000,-0.024000,0.663000,0.037800,1.105650,-0.676856,-0.057506,-0.304784,0.167727
5.4468,28.3450,0.000000,0.012000,-0.703000,0.000000,-0.525000,0.077000,-0.002000,-0.002000,0.000000,-0.021000,-0.024000,0.991000,0.037800,1.105650,-0.676856,-0.057506,-0.304784,0.078592
5.4491,28.6110,0.000000,0.012000,-0.703000,0.000000,-0.524000,0.077000,0.000000,0.002000,0.000000,0.011000,-0.005000,0.991000,0.036619,1.116281,-0.694575,-0.070925,-0.324911,0.078592
5.4512,28.8470,0.000000,0.012000,-0.703000,0.000000,-0.524000,0.083000,0.000000,0.002000,0.000000,0.011000,-0.005000,0.859000,0.036619,1.116281,-0.694575,-0.070925,-0.324911,0.074758
5.4533,29.0870,0.000000,0.012000,-0.703000,0.000000,-0.524000,0.083000,0.000000,0.002000,0.000000,0.011000,-0.005000,0.859000,0.036619,1.116281,-0.694575,-0.070925,-0.324911,0.074758
5.4554,29.3240,0.000000,0.012000,-0.703000,0.000000,-0.525000,0.083000,0.005000,0.001000,-0.002000,-0.011000,-0.009000,0.859000,0.017719,1.121006,-0.689850,-0.067091,-0.310535,0.074758
5.4575,29.5610,0.000000,0.012000,-0.703000,0.000000,-0.525000,0.083000,0.005000,0.001000,-0.002000,-0.011000,-0.009000,0.859000,0.017719,1.121006,-0.689850,-0.067091,-0.310535,0.074758
5.4596,29.8060,0.000000,0.012000,-0.703000,0.000000,-0.525000,0.083000,0.005000,0.001000,-0.002000,-0.011000,-0.021000,0.859000,0.017719,1.121006,-0.689850,-0.067091,-0.312451,0.074758
5.4616,30.0430,0.000000,0.012000,-0.703000,0.000000,-0.525000,0.089000,0.005000,0.001000,-0.002000,-0.011000,-0.021000,0.929000,0.017719,1.121006,-0.689850,-0.067091,-0.312451,0.028753
5.4638,30.2940,0.000000,0.012000,-0.703000,0.000000,-0.525000,0.089000,0.004000,-0.001000,0.000000,0.011000,-0.021000,0.929000,0.033075,1.109194,-0.694575,-0.074758,-0.312451,0.028753
5.4659,30.5340,0.000000,0.012000,-0.703000,0.000000,-0.525000,0.096000,0.004000,-0.001000,0.000000,0.011000,-0.021000,0.922000,0.033075,1.109194,-0.694575,-0.074758,-0.312451,0.097761
5.4681,30.7940,0.000000,0.012000,-0.703000,0.000000,-0.525000,0.096000,0.004000,-0.001000,0.000000,0.011000,-0.021000,0.922000,0.033075,1.109194,-0.694575,-0.074758,-0.312451,0.097761
5.4702,31.0330,0.000000,0.012000,-0.703000,0.000000,-0.524000,0.096000,-0.005000,0.000000,0.004000,-0.005000,0.003000,0.922000,0.033075,1.121006,-0.683944,-0.069008,-0.312451,0.097761
5.4723,31.2730,0.000000,0.012000,-0.703000,0.000000,-0.524000,0.096000,-0.005000,0.000000,0.004000,-0.005000,0.003000,0.922000,0.033075,1.121006,-0.683944,-0.069008,-0.312451,0.097761
5.4744,31.5190,0.000000,0.012000,-0.703000,0.000000,-0.524000,0.096000,-0.004000,0.000000,0.004000,0.021000,0.003000,0.922000,0.025987,1.124550,-0.683944,-0.076675,-0.312451,0.097761
5.4764,31.7610,0.000000,0.012000,-0.703000,0.000000,-0.524000,0.103000,-0.004000,0.000000,0.004000,0.021000,-0.001000,0.937000,0.025987,1.124550,-0.683944,-0.076675,-0.319161,0.057506
5.4785,32.0080,0.000000,0.012000,-0.703000,0.000000,-0.524000,0.103000,-0.004000,0.000000,0.004000,0.021000,-0.001000,0.937000,0.025987,1.124550,-0.683944,-0.076675,-0.319161,0.057506
5.4806,32.2500,0.000000,0.012000,-0.703000,0.000000,-0.524000,0.110000,-0.004000,0.000000,0.003000,0.021000,-0.001000,1.020000,0.025987,1.124550,-0.678037,-0.076675,-0.319161,0.043130
5.4827,32.4920,0.000000,0.012000,-0.703000,0.000000,-0.524000,0.110000,-0.004000,0.000000,0.003000,0.021000,-0.001000,1.020000,0.025987,1.124550,-0.678037,-0.076675,-0.319161,0.043130
5.4848,32.7430,0.000000,0.012000,-0.703000,0.000000,-0.524000,0.118000,0.000000,0.000000,0.000000,-0.005000,-0.011000,0.989000,0.033075,1.124550,-0.687487,-0.063257,-0.317244,0.082426
5.4869,32.9870,0.000000,0.012000,-0.703000,0.000000,-0.524000,0.118000,0.000000,0.000000,0.000000,-0.005000,-0.011000,0.989000,0.033075,1.124550,-0.687487,-0.063257,-0.317244,0.082426
5.4891,33.2560,0.000000,0.012000,-0.703000,0.000000,-0.524000,0.118000,0.005000,-0.002000,0.004000,-0.005000,-0.011000,0.989000,0.022444,1.126912,-0.681581,-0.063257,-0.317244,0.082426
5.4912,33.5000,0.000000,0.012000,-0.703000,0.000000,-0.525000,0.118000,0.005000,-0.002000,0.004000,-0.009000,-0.015000,0.989000,0.022444,1.126912,-0.681581,-0.073800,-0.322036,0.082426
5.4933,33.7500,0.000000,0.012000,-0.703000,0.000000,-0.525000,0.118000,0.005000,-0.002000,0.004000,-0.009000,-0.015000,0.989000,0.022444,1.126912,-0.681581,-0.073800,-0.322036,0.082426
5.4954,33.9950,0.000000,0.012000,-0.703000,0.000000,-0.524000,0.125000,0.005000,-0.002000,0.004000,-0.009000,0.011000,1.073000,0.022444,1.126912,-0.681581,-0.073800,-0.336412,0.127473
5.4974,34.2420,0.000000,0.012000,-0.703000,0.000000,-0.524000,0.125000,0.005000,-0.002000,0.004000,-0.009000,0.011000,1.073000,0.022444,1.126912,-0.681581,-0.073800,-0.336412,0.127473
5.4996,34.4970,0.000000,0.012000,-0.703000,0.000000,-0.524000,0.125000,0.012000,0.000000,0.000000,-0.009000,0.011000,1.073000,0.018900,1.117462,-0.685125,-0.073800,-0.336412,0.127473
5.5016,34.7450,0.000000,0.012000,-0.703000,0.000000,-0.524000,0.133000,0.012000,0.000000,0.000000,0.001000,0.011000,1.148000,0.018900,1.117462,-0.685125,-0.050797,-0.336412,0.089135
5.5037,34.9870,0.000000,0.012000,-0.703000,0.000000,-0.525000,0.133000,-0.007000,0.001000,-0.002000,0.000000,-0.015000,1.148000,0.041344,1.115100,-0.673312,-0.061340,-0.306701,0.089135
5.5057,35.2360,0.000000,0.012000,-0.703000,0.000000,-0.525000,0.133000,-0.007000,0.001000,-0.002000,0.000000,-0.015000,1.148000,0.041344,1.115100,-0.673312,-0.061340,-0.306701,0.089135
5.5078,35.4840,0.000000,0.012000,-0.703000,0.000000,-0.525000,0.133000,-0.007000,0.001000,-0.002000,0.000000,-0.015000,1.148000,0.041344,1.115100,-0.673312,-0.061340,-0.306701,0.089135
5.5100,35.7500,0.000000,0.012000,-0.703000,0.000000,-0.524000,0.142000,-0.004000,0.003000,-0.002000,0.003000,0.000000,1.232000,0.029531,1.109194,-0.673312,-0.070925,-0.315327,0.052714
5.5121,36.0000,0.000000,0.012000,-0.703000,0.000000,-0.524000,0.142000,-0.004000,0.003000,-0.002000,0.003000,0.000000,1.232000,0.029531,1.109194,-0.673312,-0.070925,-0.315327,0.052714
5.5143,36.2630,0.000000,0.012000,-0.703000,0.000000,-0.524000,0.150000,-0.004000,0.003000,0.005000,0.003000,0.000000,1.169000,0.029531,1.109194,-0.694575,-0.070925,-0.315327,0.080509
5.5163,36.5130,0.000000,0.012000,-0.703000,0.000000,-0.524000,0.150000,-0.004000,0.003000,0.005000,0.003000,0.000000,1.169000,0.029531,1.109194,-0.694575,-0.070925,-0.315327,0.080509
5.5187,36.8000,0.000000,0.012000,-0.703000,0.000000,-0.524000,0.150000,-0.001000,0.003000,0.005000,0.003000,0.000000,1.169000,0.035438,1.109194,-0.694575,-0.070925,-0.315327,0.080509
5.5208,37.0500,0.000000,0.012000,-0.703000,0.000000,-0.524000,0.159000,-0.001000,-0.001000,0.002000,-0.023000,-0.015000,1.231000,0.035438,1.126912,-0.696937,-0.054631,-0.321077,0.082426
5.5228,37.3010,0.000000,0.012000,-0.703000,0.000000,-0.524000,0.159000,-0.001000,-0.001000,0.002000,-0.023000,-0.015000,1.231000,0.035438,1.126912,-0.696937,-0.054631,-0.321077,0.082426
5.5249,37.5520,0.000000,0.012000,-0.703000,0.000000,-0.524000,0.159000,0.007000,0.001000,0.000000,-0.005000,0.021000,1.231000,0.028350,1.122188,-0.686306,-0.064215,-0.313410,0.082426
5.5270,37.8040,0.000000,0.012000,-0.703000,0.000000,-0.524000,0.159000,0.007000,0.001000,0.000000,-0.005000,0.021000,1.231000,0.028350,1.122188,-0.686306,-0.064215,-0.313410,0.082426
5.5290,38.0550,0.000000,0.012000,-0.703000,0.000000,-0.524000,0.159000,0.007000,0.001000,0.000000,-0.005000,0.021000,1.231000,0.028350,1.122188,-0.686306,-0.064215,-0.313410,0.082426
5.5311,38.3080,0.000000,0.012000,-0.703000,0.000000,-0.524000,0.168000,0.007000,0.001000,0.000000,-0.005000,-0.009000,1.265000,0.028350,1.122188,-0.686306,-0.064215,-0.330662,0.040254
5.5332,38.5630,0.000000,0.012000,-0.703000,0.000000,-0.524000,0.168000,0.007000,0.001000,0.000000,-0.005000,-0.009000,1.265000,0.028350,1.122188,-0.686306,-0.064215,-0.330662,0.040254
5.5352,38.8150,0.000000,0.012000,-0.703000,0.000000,-0.524000,0.177000,-0.011000,-0.002000,-0.004000,0.013000,-0.009000,1.353000,0.036619,1.126912,-0.681581,-0.068049,-0.330662,0.115013
5.5373,39.0690,0.000000,0.012000,-0.703000,0.000000,-0.524000,0.177000,-0.011000,-0.002000,-0.004000,0.013000,-0.009000,1.353000,0.036619,1.126912,-0.681581,-0.068049,-0.330662,0.115013
5.5394,39.3210,0.000000,0.012000,-0.703000,0.000000,-0.524000,0.177000,-0.004000,0.002000,0.002000,-0.024000,0.001000,1.353000,0.023625,1.110375,-0.704025,-0.058465,-0.323953,0.115013
5.5414,39.5760,0.000000,0.012000,-0.703000,0.000000,-0.524000,0.186000,-0.004000,0.002000,0.002000,-0.024000,0.001000,1.332000,0.023625,1.110375,-0.704025,-0.058465,-0.323953,0.088176
5.5436,39.8440,0.000000,0.012000,-0.703000,0.000000,-0.524000,0.186000,-0.003000,0.002000,0.002000,-0.024000,0.001000,1.332000,0.028350,1.110375,-0.704025,-0.058465,-0.323953,0.088176
5.5458,40.1070,0.000000,0.012000,-0.703000,0.000000,-0.525000,0.186000,-0.003000,0.000000,0.002000,0.001000,-0.024000,1.332000,0.028350,1.130456,-0.704025,-0.052714,-0.309576,0.088176
5.5478,40.3620,0.000000,0.012000,-0.703000,0.000000,-0.525000,0.186000,-0.003000,0.000000,0.002000,0.001000,-0.024000,1.332000,0.028350,1.130456,-0.704025,-0.052714,-0.309576,0.088176
5.5499,40.6200,0.000000,0.012000,-0.703000,0.000000,-0.525000,0.196000,-0.003000,0.000000,-0.002000,0.001000,-0.024000,1.384000,0.028350,1.130456,-0.683944,-0.052714,-0.309576,0.031629
5.5520,40.8760,0.000000,0.012000,-0.703000,0.000000,-0.525000,0.196000,-0.003000,0.000000,-0.002000,0.001000,-0.024000,1.384000,0.028350,1.130456,-0.683944,-0.052714,-0.309576,0.031629
5.5541,41.1400,0.000000,0.012000,-0.703000,0.000000,-0.525000,0.196000,0.005000,-0.004000,0.000000,0.001000,-0.024000,1.384000,0.010631,1.121006,-0.681581,-0.052714,-0.309576,0.031629
5.5562,41.3950,0.000000,0.012000,-0.703000,0.000000,-0.524000,0.206000,0.005000,-0.004000,0.000000,0.005000,0.001000,1.357000,0.010631,1.121006,-0.681581,-0.076675,-0.331620,0.089135
5.5585,41.6800,0.000000,0.012000,-0.703000,0.000000,-0.524000,0.206000,0.005000,-0.004000,0.000000,0.005000,0.001000,1.357000,0.010631,1.121006,-0.681581,-0.076675,-0.331620,0.089135
5.5606,41.9380,0.000000,0.012000,-0.703000,0.000000,-0.524000,0.206000,0.001000,0.002000,0.001000,-0.003000,0.013000,1.357000,0.028350,1.104469,-0.681581,-0.049839,-0.328745,0.089135
5.5626,42.1940,0.000000,0.012000,-0.703000,0.000000,-0.524000,0.206000,0.001000,0.002000,0.001000,-0.003000,0.013000,1.357000,0.028350,1.104469,-0.681581,-0.049839,-0.328745,0.089135
5.5647,42.4540,0.000000,0.012000,-0.703000,0.000000,-0.525000,0.206000,0.001000,0.002000,0.001000,-0.003000,-0.032000,1.357000,0.028350,1.104469,-0.681581,-0.049839,-0.306701,0.089135
5.5668,42.7100,0.000000,0.012000,-0.703000,0.000000,-0.525000,0.215000,0.001000,0.002000,0.001000,-0.003000,-0.032000,1.361000,0.028350,1.104469,-0.681581,-0.049839,-0.306701,0.147600
5.5693,43.0200,0.000000,0.012000,-0.703000,0.000000,-0.525000,0.215000,-0.003000,0.002000,0.000000,-0.009000,-0.032000,1.361000,0.014175,1.113919,-0.706387,-0.023003,-0.306701,0.147600
5.5713,43.2780,0.000000,0.012000,-0.703000,0.000000,-0.525000,0.226000,-0.003000,0.002000,0.000000,-0.009000,-0.032000,1.543000,0.014175,1.113919,-0.706387,-0.023003,-0.306701,0.051756
5.5735,43.5500,0.000000,0.012000,-0.703000,0.000000,-0.525000,0.226000,-0.003000,0.002000,0.000000,-0.009000,-0.032000,1.543000,0.014175,1.113919,-0.706387,-0.023003,-0.306701,0.051756
5.5756,43.8090,0.000000,0.012000,-0.703000,0.000000,-0.524000,0.237000,0.007000,-0.002000,0.000000,-0.001000,-0.003000,1.509000,0.010631,1.128094,-0.692213,-0.046964,-0.314368,0.069008
5.5777,44.0660,0.000000,0.012000,-0.703000,0.000000,-0.524000,0.237000,0.007000,-0.002000,0.000000,-0.001000,-0.003000,1.509000,0.010631,1.128094,-0.692213,-0.046964,-0.314368,0.069008
5.5798,44.3290,0.000000,0.012000,-0.703000,0.000000,-0.524000,0.237000,0.000000,-0.008000,0.000000,0.013000,0.040000,1.509000,0.016537,1.135181,-0.692213,-0.081467,-0.333537,0.069008
5.5818,44.5870,0.000000,0.012000,-0.703000,0.000000,-0.524000,0.237000,0.000000,-0.008000,0.000000,0.013000,0.040000,1.509000,0.016537,1.135181,-0.692213,-0.081467,-0.333537,0.069008
5.5839,44.8450,0.000000,0.012000,-0.703000,0.000000,-0.524000,0.237000,0.000000,-0.008000,0.000000,0.013000,0.040000,1.509000,0.016537,1.135181,-0.670950,-0.081467,-0.333537,0.069008
5.5860,45.1040,0.000000,0.012000,-0.703000,0.000000,-0.524000,0.247000,0.000000,-0.008000,0.000000,0.013000,0.040000,1.497000,0.016537,1.135181,-0.670950,-0.081467,-0.333537,0.048880
5.5883,45.3920,0.000000,0.012000,-0.703000,0.000000,-0.524000,0.247000,0.000000,-0.008000,0.000000,0.013000,0.040000,1.497000,0.016537,1.135181,-0.670950,-0.081467,-0.333537,0.048880
5.5903,45.6500,0.000000,0.012000,-0.703000,0.000000,-0.524000,0.258000,-0.003000,0.003000,0.000000,0.001000,-0.005000,1.555000,0.029531,1.117462,-0.692213,-0.082426,-0.318202,0.105428
5.5924,45.9090,0.000000,0.012000,-0.703000,0.000000,-0.524000,0.258000,-0.003000,0.003000,0.000000,0.001000,-0.005000,1.555000,0.029531,1.117462,-0.692213,-0.082426,-0.318202,0.105428
5.5945,46.1710,0.000000,0.012000,-0.703000,0.000000,-0.524000,0.258000,0.000000,0.000000,0.000000,0.003000,-0.005000,1.555000,0.017719,1.122188,-0.694575,-0.060382,-0.318202,0.105428
5.5966,46.4290,0.000000,0.012000,-0.703000,0.000000,-0.524000,0.258000,0.000000,0.000000,0.000000,0.003000,0.005000,1.555000,0.017719,1.122188,-0.694575,-0.060382,-0.322036,0.105428
5.5987,46.6930,0.000000,0.012000,-0.703000,0.000000,-0.524000,0.258000,0.000000,0.000000,0.000000,0.003000,0.005000,1.555000,0.017719,1.122188,-0.694575,-0.060382,-0.322036,0.105428
5.6007,46.9530,0.000000,0.012000,-0.703000,0.000000,-0.524000,0.270000,0.000000,0.000000,0.000000,0.003000,-0.011000,1.654000,0.017719,1.122188,-0.694575,-0.060382,-0.322994,0.099678
5.6028,47.2130,0.000000,0.012000,-0.703000,0.000000,-0.524000,0.270000,0.000000,0.000000,0.000000,0.003000,-0.011000,1.654000,0.017719,1.122188,-0.694575,-0.060382,-0.322994,0.099678
5.6049,47.4720,0.000000,0.012000,-0.703000,0.000000,-0.524000,0.281000,0.005000,0.000000,-0.003000,-0.007000,-0.011000,1.614000,0.015356,1.128094,-0.688669,-0.050797,-0.322994,0.105428
5.6069,47.7300,0.000000,0.012000,-0.703000,0.000000,-0.524000,0.281000,0.005000,0.000000,-0.003000,-0.007000,-0.011000,1.614000,0.015356,1.128094,-0.688669,-0.050797,-0.322994,0.105428
5.6090,47.9890,0.000000,0.012000,-0.703000,0.000000,-0.524000,0.281000,-0.001000,0.000000,-0.012000,0.017000,-0.011000,1.614000,0.030713,1.097381,-0.687487,-0.056548,-0.322994,0.105428
5.6111,48.2490,0.000000,0.012000,-0.703000,0.000000,-0.524000,0.293000,-0.001000,0.000000,-0.012000,0.017000,0.015000,1.718000,0.030713,1.097381,-0.687487,-0.056548,-0.324911,0.064215
5.6132,48.5130,0.000000,0.012000,-0.703000,0.000000,-0.524000,0.293000,-0.001000,0.000000,-0.012000,0.017000,0.015000,1.718000,0.030713,1.097381,-0.687487,-0.056548,-0.324911,0.064215
5.6152,48.7710,0.000000,0.012000,-0.703000,0.000000,-0.524000,0.293000,-0.005000,0.001000,-0.012000,-0.001000,0.015000,1.718000,0.036619,1.123369,-0.687487,-0.074758,-0.333537,0.064215
5.6173,49.0310,0.000000,0.012000,-0.703000,0.000000,-0.524000,0.293000,-0.005000,0.001000,-0.012000,-0.001000,0.015000,1.718000,0.036619,1.123369,-0.687487,-0.074758,-0.333537,0.064215
5.6194,49.2900,0.000000,0.012000,-0.703000,0.000000,-0.524000,0.293000,-0.005000,0.001000,-0.002000,-0.001000,0.015000,1.718000,0.036619,1.123369,-0.679219,-0.074758,-0.333537,0.064215
5.6214,49.5490,0.000000,0.012000,-0.703000,0.000000,-0.524000,0.305000,-0.005000,0.001000,-0.002000,-0.001000,0.015000,1.689000,0.036619,1.123369,-0.679219,-0.074758,-0.333537,0.083384
5.6238,49.8430,0.000000,0.012000,-0.703000,0.000000,-0.524000,0.305000,-0.005000,0.001000,-0.002000,-0.001000,0.015000,1.689000,0.036619,1.123369,-0.679219,-0.074758,-0.333537,0.083384
5.6258,50.1030,0.000000,0.012000,-0.703000,0.000000,-0.524000,0.317000,0.002000,0.001000,-0.001000,0.001000,0.005000,1.790000,0.024806,1.117462,-0.682762,-0.076675,-0.324911,0.071883
5.6279,50.3640,0.000000,0.012000,-0.703000,0.000000,-0.524000,0.317000,0.002000,0.001000,-0.001000,0.001000,0.005000,1.790000,0.024806,1.117462,-0.682762,-0.076675,-0.324911,0.071883
5.6300,50.6310,0.000000,0.012000,-0.703000,0.000000,-0.524000,0.317000,0.005000,0.002000,-0.008000,-0.019000,-0.001000,1.790000,0.041344,1.125731,-0.676856,-0.051756,-0.322036,0.071883
5.6321,50.8890,0.000000,0.012000,-0.703000,0.000000,-0.524000,0.317000,0.005000,0.002000,-0.008000,-0.019000,-0.001000,1.790000,0.041344,1.125731,-0.676856,-0.051756,-0.322036,0.071883
5.6343,51.1690,0.000000,0.012000,-0.703000,0.000000,-0.524000,0.317000,0.005000,0.002000,-0.008000,-0.019000,-0.001000,1.790000,0.041344,1.125731,-0.676856,-0.051756,-0.322036,0.071883
5.6364,51.4290,0.000000,0.012000,-0.703000,0.000000,-0.524000,0.330000,0.005000,0.002000,-0.008000,-0.019000,0.019000,1.815000,0.041344,1.125731,-0.676856,-0.051756,-0.324911,0.055590
5.6385,51.6960,0.000000,0.012000,-0.703000,0.000000,-0.524000,0.330000,0.005000,0.002000,-0.008000,-0.019000,0.019000,1.815000,0.041344,1.125731,-0.676856,-0.051756,-0.324911,0.055590
5.6406,51.9550,0.000000,0.012000,-0.703000,0.000000,-0.524000,0.342000,-0.007000,0.000000,-0.001000,0.038000,0.019000,1.773000,0.042525,1.117462,-0.694575,-0.085301,-0.324911,0.184020
5.6426,52.2150,0.000000,0.012000,-0.703000,0.000000,-0.524000,0.342000,-0.007000,0.000000,-0.001000,0.038000,0.019000,1.773000,0.042525,1.117462,-0.694575,-0.085301,-0.324911,0.184020
5.6447,52.4730,0.000000,0.012000,-0.703000,0.000000,-0.524000,0.355000,-0.003000,0.000000,0.002000,0.000000,-0.015000,1.794000,0.054337,1.112737,-0.678037,-0.052714,-0.325870,0.107345
5.6468,52.7320,0.000000,0.012000,-0.703000,0.000000,-0.524000,0.355000,-0.003000,0.000000,0.002000,0.000000,-0.015000,1.794000,0.054337,1.112737,-0.678037,-0.052714,-0.325870,0.107345
5.6488,52.9920,0.000000,0.012000,-0.703000,0.000000,-0.524000,0.355000,-0.005000,0.003000,0.002000,0.000000,-0.015000,1.794000,0.033075,1.122188,-0.678037,-0.052714,-0.325870,0.107345
5.6509,53.2520,0.000000,0.012000,-0.703000,0.000000,-0.524000,0.355000,-0.005000,0.003000,0.002000,-0.011000,0.034000,1.794000,0.033075,1.122188,-0.678037,-0.054631,-0.322036,0.107345
5.6533,53.5510,0.000000,0.012000,-0.703000,0.000000,-0.524000,0.355000,-0.005000,0.003000,0.002000,-0.011000,0.034000,1.794000,0.033075,1.122188,-0.678037,-0.054631,-0.322036,0.107345
5.6553,53.8090,0.000000,0.012000,-0.703000,0.000000,-0.524000,0.369000,-0.005000,0.003000,-0.004000,-0.011000,0.034000,1.925000,0.033075,1.122188,-0.675675,-0.054631,-0.322036,0.064215
5.6574,54.0680,0.000000,0.012000,-0.703000,0.000000,-0.524000,0.369000,-0.005000,0.003000,-0.004000,-0.011000,0.034000,1.925000,0.033075,1.122188,-0.675675,-0.054631,-0.322036,0.064215
5.6595,54.3310,0.000000,0.012000,-0.703000,0.000000,-0.524000,0.369000,-0.002000,0.001000,-0.002000,0.001000,0.034000,1.925000,0.036619,1.116281,-0.678037,-0.058465,-0.322036,0.064215
5.6616,54.5900,0.000000,0.012000,-0.703000,0.000000,-0.524000,0.382000,-0.002000,0.001000,-0.002000,0.001000,0.019000,1.932000,0.036619,1.116281,-0.678037,-0.058465,-0.318202,0.070925
5.6636,54.8480,0.000000,0.012000,-0.703000,0.000000,-0.524000,0.382000,-0.002000,-0.003000,-0.002000,0.001000,0.019000,1.932000,0.037800,1.135181,-0.678037,-0.058465,-0.318202,0.070925
5.6657,55.1000,0.000000,0.012000,-0.703000,0.000000,-0.524000,0.382000,-0.002000,-0.003000,0.000000,0.001000,-0.003000,1.932000,0.037800,1.135181,-0.687487,-0.072841,-0.324911,0.070925
5.6677,55.3590,0.000000,0.012000,-0.703000,0.000000,-0.524000,0.382000,-0.002000,-0.003000,0.000000,0.001000,-0.003000,1.932000,0.037800,1.135181,-0.687487,-0.072841,-0.324911,0.070925
5.6699,55.6250,0.000000,0.012000,-0.703000,0.000000,-0.524000,0.382000,-0.002000,-0.003000,0.000000,0.001000,-0.003000,1.932000,0.037800,1.135181,-0.687487,-0.072841,-0.324911,0.070925
5.6719,55.8840,0.000000,0.012000,-0.703000,0.000000,-0.524000,0.396000,-0.002000,-0.003000,0.000000,0.001000,0.019000,1.898000,0.037800,1.135181,-0.687487,-0.072841,-0.329703,0.130348
5.6744,56.1880,0.000000,0.012000,-0.703000,0.000000,-0.524000,0.396000,0.002000,0.000000,0.000000,0.013000,0.019000,1.898000,0.020081,1.124550,-0.668588,-0.060382,-0.329703,0.130348
5.6764,56.4460,0.000000,0.012000,-0.703000,0.000000,-0.524000,0.410000,0.002000,0.000000,0.000000,0.013000,0.019000,1.994000,0.020081,1.124550,-0.668588,-0.060382,-0.329703,0.073800
5.6788,56.7410,0.000000,0.012000,-0.703000,0.000000,-0.524000,0.410000,0.002000,0.000000,0.000000,0.013000,0.019000,1.994000,0.020081,1.124550,-0.668588,-0.060382,-0.329703,0.073800
5.6809,56.9990,0.000000,0.012000,-0.703000,0.000000,-0.524000,0.424000,-0.005000,0.000000,-0.003000,-0.007000,0.001000,2.022000,0.033075,1.125731,-0.679219,-0.051756,-0.320119,0.079551
5.6830,57.2650,0.000000,0.012000,-0.703000,0.000000,-0.524000,0.424000,-0.005000,0.000000,-0.003000,-0.007000,0.001000,2.022000,0.033075,1.125731,-0.679219,-0.051756,-0.320119,0.079551
5.6852,57.5300,0.000000,0.012000,-0.703000,0.000000,-0.524000,0.424000,-0.005000,0.000000,-0.003000,-0.005000,-0.005000,2.022000,0.043706,1.112737,-0.679219,-0.058465,-0.318202,0.079551
5.6872,57.7860,0.000000,0.012000,-0.703000,0.000000,-0.524000,0.424000,-0.005000,0.000000,-0.003000,-0.005000,-0.005000,2.022000,0.043706,1.112737,-0.679219,-0.058465,-0.318202,0.079551
5.6899,58.1230,0.000000,0.012000,-0.703000,0.000000,-0.524000,0.439000,-0.005000,0.000000,-0.005000,-0.005000,0.011000,2.036000,0.043706,1.112737,-0.692213,-0.058465,-0.327786,0.091052
5.6920,58.3790,0.000000,0.012000,-0.703000,0.000000,-0.524000,0.439000,-0.005000,0.000000,-0.005000,-0.005000,0.011000,2.036000,0.043706,1.112737,-0.692213,-0.058465,-0.327786,0.091052
5.6941,58.6430,0.000000,0.012000,-0.703000,0.000000,-0.524000,0.439000,-0.003000,-0.001000,0.008000,-0.005000,0.011000,2.036000,0.036619,1.104469,-0.683944,-0.058465,-0.327786,0.091052
5.6962,58.8990,0.000000,0.012000,-0.703000,0.000000,-0.524000,0.453000,-0.003000,-0.001000,0.008000,0.036000,0.011000,2.072000,0.036619,1.104469,-0.683944,-0.075717,-0.327786,0.089135
5.6983,59.1560,0.000000,0.012000,-0.703000,0.000000,-0.524000,0.453000,-0.003000,-0.001000,0.008000,0.036000,0.011000,2.072000,0.036619,1.104469,-0.683944,-0.075717,-0.327786,0.089135
5.7003,59.4110,0.000000,0.012000,-0.703000,0.000000,-0.524000,0.453000,-0.004000,-0.001000,0.000000,-0.007000,-0.024000,2.072000,0.021263,1.119825,-0.682762,-0.049839,-0.308618,0.089135
5.7024,59.6660,0.000000,0.012000,-0.703000,0.000000,-0.524000,0.453000,-0.004000,-0.001000,0.000000,-0.007000,-0.024000,2.072000,0.021263,1.119825,-0.682762,-0.049839,-0.308618,0.089135
5.7045,59.9200,0.000000,0.012000,-0.703000,0.000000,-0.524000,0.453000,0.006000,-0.001000,0.000000,-0.007000,-0.003000,2.072000,0.015356,1.119825,-0.682762,-0.049839,-0.317244,0.089135
5.7065,60.1750,0.000000,0.012000,-0.703000,0.000000,-0.524000,0.468000,0.006000,-0.001000,0.000000,-0.007000,-0.003000,2.160000,0.015356,1.119825,-0.682762,-0.049839,-0.317244,0.088176
5.7088,60.4530,0.000000,0.012000,-0.703000,0.000000,-0.524000,0.468000,0.006000,-0.001000,0.000000,-0.007000,-0.003000,2.160000,0.015356,1.119825,-0.682762,-0.049839,-0.317244,0.088176
5.7109,60.7080,0.000000,0.012000,-0.703000,0.000000,-0.524000,0.483000,0.006000,-0.002000,0.000000,0.028000,-0.003000,2.222000,0.015356,1.121006,-0.670950,-0.083384,-0.317244,0.084343
5.7131,60.9810,0.000000,0.012000,-0.703000,0.000000,-0.524000,0.483000,0.006000,-0.002000,0.000000,0.028000,-0.003000,2.222000,0.015356,1.121006,-0.670950,-0.083384,-0.317244,0.084343
5.7152,61.2390,0.000000,0.012000,-0.703000,0.000000,-0.524000,0.499000,0.000000,0.000000,-0.004000,-0.005000,-0.024000,2.197000,0.038981,1.110375,-0.678037,-0.075717,-0.321077,0.085301
5.7173,61.4920,0.000000,0.012000,-0.703000,0.000000,-0.524000,0.499000,0.000000,0.000000,-0.004000,-0.005000,-0.024000,2.197000,0.038981,1.110375,-0.678037,-0.075717,-0.321077,0.085301
5.7194,61.7510,0.000000,0.012000,-0.703000,0.000000,-0.524000,0.499000,0.000000,-0.001000,-0.004000,-0.005000,-0.024000,2.197000,0.048431,1.130456,-0.678037,-0.075717,-0.321077,0.085301
5.7215,62.0040,0.000000,0.012000,-0.703000,0.000000,-0.524000,0.499000,0.000000,-0.001000,-0.004000,-0.023000,0.013000,2.197000,0.048431,1.130456,-0.678037,-0.074758,-0.326828,0.085301
5.7236,62.2640,0.000000,0.012000,-0.703000,0.000000,-0.524000,0.499000,0.000000,-0.001000,-0.004000,-0.023000,0.013000,2.197000,0.048431,1.130456,-0.678037,-0.074758,-0.326828,0.085301
5.7257,62.5170,0.000000,0.012000,-0.703000,0.000000,-0.524000,0.514000,0.000000,-0.001000,0.000000,-0.023000,-0.005000,2.228000,0.048431,1.130456,-0.692213,-0.074758,-0.326828,0.071883
5.7277,62.7680,0.000000,0.012000,-0.703000,0.000000,-0.524000,0.514000,0.000000,-0.001000,0.000000,-0.023000,-0.005000,2.228000,0.048431,1.130456,-0.692213,-0.074758,-0.326828,0.071883
5.7298,63.0180,0.000000,0.012000,-0.703000,0.000000,-0.524000,0.530000,0.005000,0.000000,-0.001000,-0.001000,-0.005000,2.233000,0.047250,1.122188,-0.691031,-0.066132,-0.326828,0.131306
5.7319,63.2690,0.000000,0.012000,-0.703000,0.000000,-0.524000,0.530000,0.005000,0.000000,-0.001000,-0.001000,-0.005000,2.233000,0.047250,1.122188,-0.691031,-0.066132,-0.326828,0.131306
5.7341,63.5440,0.000000,0.012000,-0.703000,0.000000,-0.524000,0.530000,0.000000,0.000000,0.002000,-0.001000,-0.005000,2.233000,0.034256,1.117462,-0.674494,-0.076675,-0.326828,0.131306
5.7362,63.7950,0.000000,0.012000,-0.703000,0.000000,-0.524000,0.530000,0.000000,0.000000,0.002000,-0.001000,-0.024000,2.233000,0.034256,1.117462,-0.674494,-0.076675,-0.329703,0.131306
5.7385,64.0740,0.000000,0.012000,-0.703000,0.000000,-0.524000,0.530000,0.000000,0.000000,0.002000,-0.001000,-0.024000,2.233000,0.034256,1.117462,-0.674494,-0.076675,-0.329703,0.131306
5.7406,64.3240,0.000000,0.012000,-0.703000,0.000000,-0.524000,0.546000,0.000000,0.000000,0.002000,-0.001000,0.021000,2.277000,0.031894,1.117462,-0.674494,-0.076675,-0.333537,0.103512
5.7427,64.5720,0.000000,0.012000,-0.703000,0.000000,-0.524000,0.546000,0.000000,0.000000,0.002000,-0.001000,0.021000,2.277000,0.031894,1.117462,-0.674494,-0.076675,-0.333537,0.103512
5.7447,64.8200,0.000000,0.012000,-0.703000,0.000000,-0.524000,0.546000,0.000000,0.000000,0.002000,0.001000,0.021000,2.277000,0.031894,1.116281,-0.683944,-0.079551,-0.333537,0.103512
5.7468,65.0680,0.000000,0.012000,-0.703000,0.000000,-0.524000,0.563000,0.000000,0.000000,0.002000,0.001000,0.021000,2.406000,0.031894,1.116281,-0.683944,-0.079551,-0.333537,0.024919
5.7490,65.3280,0.000000,0.012000,-0.703000,0.000000,-0.524000,0.563000,0.007000,0.000000,0.002000,0.001000,0.021000,2.406000,0.034256,1.116281,-0.683944,-0.079551,-0.333537,0.024919
5.7511,65.5760,0.000000,0.012000,-0.703000,0.000000,-0.524000,0.578000,0.007000,0.002000,0.002000,-0.007000,0.001000,2.231000,0.034256,1.134000,-0.680400,-0.064215,-0.325870,0.105428
5.7533,65.8460,0.000000,0.012000,-0.703000,0.000000,-0.524000,0.578000,0.007000,0.002000,0.002000,-0.007000,0.001000,2.231000,0.034256,1.134000,-0.680400,-0.064215,-0.325870,0.105428
5.7554,66.0910,0.000000,0.012000,-0.703000,0.000000,-0.524000,0.578000,0.000000,0.000000,0.002000,-0.009000,0.003000,2.231000,0.025987,1.112737,-0.680400,-0.057506,-0.328745,0.105428
5.7574,66.3370,0.000000,0.012000,-0.703000,0.000000,-0.524000,0.578000,0.000000,0.000000,0.002000,-0.009000,0.003000,2.231000,0.025987,1.112737,-0.680400,-0.057506,-0.328745,0.105428
5.7595,66.5820,0.000000,0.012000,-0.703000,0.000000,-0.524000,0.578000,0.000000,0.000000,0.003000,-0.009000,0.003000,2.231000,0.025987,1.112737,-0.673312,-0.057506,-0.328745,0.105428
5.7616,66.8350,0.000000,0.012000,-0.703000,0.000000,-0.524000,0.595000,0.000000,0.000000,0.003000,-0.009000,-0.011000,2.327000,0.025987,1.112737,-0.673312,-0.057506,-0.319161,0.065174
5.7638,67.0880,0.000000,0.012000,-0.703000,0.000000,-0.524000,0.595000,0.000000,0.000000,0.003000,-0.009000,-0.011000,2.327000,0.025987,1.112737,-0.673312,-0.057506,-0.319161,0.065174
5.7659,67.3330,0.000000,0.012000,-0.703000,0.000000,-0.524000,0.611000,0.000000,0.000000,-0.001000,0.021000,-0.011000,2.331000,0.030713,1.126912,-0.679219,-0.085301,-0.319161,0.092010
5.7683,67.6190,0.000000,0.012000,-0.703000,0.000000,-0.524000,0.611000,0.000000,0.000000,-0.001000,0.021000,-0.011000,2.331000,0.030713,1.126912,-0.679219,-0.085301,-0.319161,0.092010
5.7704,67.8610,0.000000,0.012000,-0.703000,0.000000,-0.524000,0.611000,0.002000,0.000000,-0.001000,-0.024000,0.007000,2.331000,0.024806,1.132819,-0.692213,-0.049839,-0.338329,0.092010
5.7724,68.1040,0.000000,0.012000,-0.703000,0.000000,-0.524000,0.611000,0.002000,0.000000,-0.001000,-0.024000,0.007000,2.331000,0.024806,1.132819,-0.692213,-0.049839,-0.338329,0.092010
5.7745,68.3480,0.000000,0.012000,-0.703000,0.000000,-0.524000,0.611000,0.008000,0.000000,-0.001000,-0.024000,-0.026000,2.331000,0.014175,1.132819,-0.692213,-0.049839,-0.322994,0.092010
5.7766,68.5900,0.000000,0.012000,-0.703000,0.000000,-0.524000,0.627000,0.008000,0.000000,-0.001000,-0.024000,-0.026000,2.272000,0.014175,1.132819,-0.692213,-0.049839,-0.322994,0.102553
5.7786,68.8300,0.000000,0.012000,-0.703000,0.000000,-0.524000,0.627000,0.008000,0.000000,-0.001000,-0.024000,-0.026000,2.272000,0.014175,1.132819,-0.692213,-0.049839,-0.322994,0.102553
5.7807,69.0670,0.000000,0.012000,-0.703000,0.000000,-0.524000,0.643000,0.008000,0.002000,-0.001000,-0.009000,-0.026000,2.341000,0.014175,1.106831,-0.669769,-0.063257,-0.322994,0.047922
5.7827,69.3070,0.000000,0.012000,-0.703000,0.000000,-0.524000,0.643000,0.008000,0.002000,-0.001000,-0.009000,-0.026000,2.341000,0.014175,1.106831,-0.669769,-0.063257,-0.322994,0.047922
5.7848,69.5460,0.000000,0.012000,-0.703000,0.000000,-0.524000,0.659000,0.007000,0.001000,0.001000,0.024000,-0.017000,2.235000,0.023625,1.109194,-0.680400,-0.079551,-0.327786,0.080509
5.7869,69.7850,0.000000,0.012000,-0.703000,0.000000,-0.524000,0.659000,0.007000,0.001000,0.001000,0.024000,-0.017000,2.235000,0.023625,1.109194,-0.680400,-0.079551,-0.327786,0.080509
5.7890,70.0340,0.000000,0.012000,-0.703000,0.000000,-0.524000,0.659000,-0.001000,-0.004000,0.001000,0.024000,-0.017000,2.235000,0.037800,1.130456,-0.680400,-0.079551,-0.327786,0.080509
5.7911,70.2720,0.000000,0.012000,-0.703000,0.000000,-0.524000,0.659000,-0.001000,-0.004000,0.001000,-0.015000,0.013000,2.235000,0.037800,1.130456,-0.680400,-0.067091,-0.333537,0.080509
5.7934,70.5300,0.000000,0.012000,-0.703000,0.000000,-0.524000,0.659000,-0.001000,-0.004000,0.001000,-0.015000,0.013000,2.235000,0.037800,1.130456,-0.680400,-0.067091,-0.333537,0.080509
5.7954,70.7680,0.000000,0.012000,-0.703000,0.000000,-0.524000,0.675000,-0.001000,-0.004000,0.000000,-0.015000,-0.017000,2.279000,0.037800,1.130456,-0.657956,-0.067091,-0.350789,0.072841
5.7975,71.0040,0.000000,0.012000,-0.703000,0.000000,-0.524000,0.675000,-0.001000,-0.004000,0.000000,-0.015000,-0.017000,2.279000,0.037800,1.130456,-0.657956,-0.067091,-0.350789,0.072841
5.7996,71.2390,0.000000,0.012000,-0.703000,0.000000,-0.524000,0.675000,-0.002000,-0.001000,0.005000,-0.005000,-0.017000,2.279000,0.020081,1.115100,-0.673312,-0.048880,-0.350789,0.072841
5.8016,71.4750,0.000000,0.012000,-0.703000,0.000000,-0.524000,0.692000,-0.002000,-0.001000,0.005000,-0.005000,-0.017000,2.323000,0.020081,1.115100,-0.673312,-0.048880,-0.350789,0.033545
5.8039,71.7270,0.000000,0.012000,-0.703000,0.000000,-0.524000,0.692000,-0.002000,-0.001000,0.005000,-0.005000,-0.017000,2.323000,0.020081,1.115100,-0.673312,-0.048880,-0.350789,0.033545
5.8059,71.9610,0.000000,0.012000,-0.703000,0.000000,-0.524000,0.692000,0.006000,0.002000,0.006000,-0.007000,-0.021000,2.323000,0.014175,1.128094,-0.682762,-0.068049,-0.322036,0.033545
5.8081,72.2020,0.000000,0.012000,-0.703000,0.000000,-0.524000,0.692000,0.006000,0.002000,0.006000,-0.007000,-0.021000,2.323000,0.014175,1.128094,-0.682762,-0.068049,-0.322036,0.033545
5.8101,72.4330,0.000000,0.012000,-0.703000,0.000000,-0.524000,0.708000,-0.001000,0.002000,0.006000,-0.007000,0.001000,2.308000,0.031894,1.128094,-0.682762,-0.068049,-0.345997,0.070925
5.8122,72.6660,0.000000,0.012000,-0.703000,0.000000,-0.524000,0.708000,-0.001000,0.002000,0.006000,-0.007000,0.001000,2.308000,0.031894,1.128094,-0.682762,-0.068049,-0.345997,0.070925
5.8143,72.8960,0.000000,0.012000,-0.703000,0.000000,-0.524000,0.708000,-0.001000,0.000000,-0.002000,-0.007000,0.001000,2.308000,0.031894,1.125731,-0.659137,-0.068049,-0.345997,0.070925
5.8163,73.1270,0.000000,0.012000,-0.703000,0.000000,-0.524000,0.724000,-0.001000,0.000000,-0.002000,-0.009000,0.001000,2.277000,0.031894,1.125731,-0.659137,-0.053673,-0.345997,0.089135
5.8187,73.3900,0.000000,0.012000,-0.703000,0.000000,-0.524000,0.724000,0.003000,0.000000,-0.002000,-0.009000,0.001000,2.277000,0.021263,1.125731,-0.659137,-0.053673,-0.345997,0.089135
5.8208,73.6200,0.000000,0.012000,-0.703000,0.000000,-0.524000,0.739000,0.003000,0.000000,0.002000,0.009000,-0.028000,2.310000,0.021263,1.123369,-0.662681,-0.061340,-0.321077,0.112137
5.8231,73.8730,0.000000,0.012000,-0.703000,0.000000,-0.524000,0.739000,0.003000,0.000000,0.002000,0.009000,-0.028000,2.310000,0.021263,1.123369,-0.662681,-0.061340,-0.321077,0.112137
5.8251,74.1010,0.000000,0.012000,-0.703000,0.000000,-0.524000,0.739000,-0.005000,-0.002000,0.002000,-0.013000,-0.003000,2.310000,0.033075,1.117462,-0.662681,-0.039296,-0.329703,0.112137
5.8272,74.3280,0.000000,0.012000,-0.703000,0.000000,-0.524000,0.739000,-0.005000,-0.002000,0.002000,-0.013000,-0.003000,2.310000,0.033075,1.117462,-0.662681,-0.039296,-0.329703,0.112137
5.8293,74.5570,0.000000,0.012000,-0.703000,0.000000,-0.524000,0.739000,-0.005000,-0.002000,0.003000,-0.013000,-0.003000,2.310000,0.033075,1.117462,-0.674494,-0.039296,-0.329703,0.112137
5.8313,74.7820,0.000000,0.012000,-0.703000,0.000000,-0.524000,0.755000,-0.005000,-0.002000,0.003000,-0.013000,-0.023000,2.241000,0.033075,1.117462,-0.674494,-0.039296,-0.334496,0.096802
5.8337,75.0400,0.000000,0.012000,-0.703000,0.000000,-0.524000,0.755000,0.001000,-0.002000,0.003000,-0.013000,-0.023000,2.241000,0.030713,1.117462,-0.674494,-0.039296,-0.334496,0.096802
5.8358,75.2630,0.000000,0.012000,-0.703000,0.000000,-0.524000,0.772000,0.001000,0.000000,0.003000,-0.001000,-0.023000,2.383000,0.030713,1.116281,-0.681581,-0.062299,-0.334496,0.007668
5.8378,75.4870,0.000000,0.012000,-0.703000,0.000000,-0.524000,0.772000,0.001000,0.000000,0.003000,-0.001000,-0.023000,2.383000,0.030713,1.116281,-0.681581,-0.062299,-0.334496,0.007668
5.8400,75.7240,0.000000,0.012000,-0.703000,0.000000,-0.524000,0.772000,0.001000,-0.001000,0.002000,0.017000,-0.003000,2.383000,0.023625,1.129275,-0.682762,-0.064215,-0.322994,0.007668
5.8421,75.9470,0.000000,0.012000,-0.703000,0.000000,-0.524000,0.772000,0.001000,-0.001000,0.002000,0.017000,-0.003000,2.383000,0.023625,1.129275,-0.682762,-0.064215,-0.322994,0.007668
5.8442,76.1770,0.000000,0.012000,-0.703000,0.000000,-0.524000,0.772000,-0.004000,-0.001000,0.002000,0.017000,-0.005000,2.383000,0.010631,1.129275,-0.682762,-0.064215,-0.337371,0.007668
5.8463,76.3980,0.000000,0.012000,-0.703000,0.000000,-0.524000,0.787000,-0.004000,-0.001000,0.002000,0.017000,-0.005000,2.218000,0.010631,1.129275,-0.682762,-0.064215,-0.337371,0.060382
5.8484,76.6180,0.000000,0.012000,-0.703000,0.000000,-0.524000,0.787000,-0.004000,-0.001000,0.002000,0.017000,-0.005000,2.218000,0.010631,1.129275,-0.682762,-0.064215,-0.337371,0.060382
5.8504,76.8370,0.000000,0.012000,-0.703000,0.000000,-0.524000,0.803000,-0.004000,0.003000,0.003000,0.019000,-0.005000,2.256000,0.010631,1.121006,-0.679219,-0.091052,-0.337371,0.077634
5.8525,77.0560,0.000000,0.012000,-0.703000,0.000000,-0.524000,0.803000,-0.004000,0.003000,0.003000,0.019000,-0.005000,2.256000,0.010631,1.121006,-0.679219,-0.091052,-0.337371,0.077634
5.8546,77.2750,0.000000,0.012000,-0.703000,0.000000,-0.524000,0.803000,0.006000,0.001000,0.000000,-0.007000,-0.005000,2.256000,0.030713,1.121006,-0.687487,-0.063257,-0.337371,0.077634
5.8566,77.4910,0.000000,0.012000,-0.703000,0.000000,-0.524000,0.819000,0.006000,0.001000,0.000000,-0.007000,-0.011000,2.247000,0.030713,1.121006,-0.687487,-0.063257,-0.355581,0.062299
5.8587,77.7110,0.000000,0.012000,-0.703000,0.000000,-0.524000,0.819000,0.000000,-0.003000,0.000000,-0.007000,-0.011000,2.247000,0.048431,1.121006,-0.687487,-0.063257,-0.355581,0.062299
5.8608,77.9260,0.000000,0.012000,-0.703000,0.000000,-0.524000,0.819000,0.000000,-0.003000,-0.001000,-0.013000,-0.011000,2.247000,0.048431,1.121006,-0.687487,-0.072841,-0.333537,0.062299
5.8629,78.1420,0.000000,0.012000,-0.703000,0.000000,-0.524000,0.819000,0.000000,-0.003000,-0.001000,-0.013000,-0.011000,2.247000,0.048431,1.121006,-0.687487,-0.072841,-0.333537,0.062299
5.8649,78.3560,0.000000,0.012000,-0.703000,0.000000,-0.524000,0.835000,0.000000,-0.003000,-0.001000,-0.013000,0.019000,2.274000,0.048431,1.121006,-0.687487,-0.072841,-0.335454,0.041213
5.8670,78.5700,0.000000,0.012000,-0.703000,0.000000,-0.524000,0.835000,0.000000,-0.003000,-0.001000,-0.013000,0.019000,2.274000,0.048431,1.121006,-0.687487,-0.072841,-0.335454,0.041213
5.8696,78.8400,0.000000,0.012000,-0.703000,0.000000,-0.524000,0.850000,-0.004000,0.000000,0.004000,-0.019000,0.019000,2.199000,0.037800,1.121006,-0.675675,-0.071883,-0.335454,0.082426
5.8717,79.0480,0.000000,0.012000,-0.703000,0.000000,-0.524000,0.850000,-0.004000,0.000000,0.004000,-0.019000,0.019000,2.199000,0.037800,1.121006,-0.675675,-0.071883,-0.335454,0.082426
5.8737,79.2590,0.000000,0.012000,-0.703000,0.000000,-0.524000,0.850000,-0.004000,0.000000,0.004000,-0.019000,0.019000,2.199000,0.037800,1.121006,-0.675675,-0.071883,-0.335454,0.082426
5.8758,79.4700,0.000000,0.012000,-0.703000,0.000000,-0.524000,0.850000,0.002000,-0.003000,0.000000,0.000000,0.003000,2.199000,0.030713,1.131637,-0.653231,-0.077634,-0.361332,0.082426
5.8779,79.6800,0.000000,0.012000,-0.703000,0.000000,-0.524000,0.850000,0.002000,-0.003000,0.000000,0.000000,0.003000,2.199000,0.030713,1.131637,-0.653231,-0.077634,-0.361332,0.082426
5.8801,79.9090,0.000000,0.012000,-0.703000,0.000000,-0.524000,0.865000,0.013000,-0.003000,0.000000,0.000000,-0.003000,2.199000,0.010631,1.131637,-0.653231,-0.077634,-0.344080,0.113096
5.8822,80.1170,0.000000,0.012000,-0.703000,0.000000,-0.524000,0.865000,0.013000,-0.003000,0.000000,0.000000,-0.003000,2.199000,0.010631,1.131637,-0.653231,-0.077634,-0.344080,0.113096
5.8843,80.3240,0.000000,0.012000,-0.703000,0.000000,-0.524000,0.865000,0.013000,0.000000,0.000000,0.000000,-0.003000,2.199000,0.010631,1.129275,-0.678037,-0.078592,-0.344080,0.113096
5.8863,80.5290,0.000000,0.012000,-0.703000,0.000000,-0.524000,0.881000,0.013000,0.000000,0.000000,0.000000,-0.003000,2.224000,0.010631,1.129275,-0.678037,-0.078592,-0.344080,0.068049
5.8884,80.7370,0.000000,0.012000,-0.703000,0.000000,-0.524000,0.881000,0.013000,0.000000,0.000000,0.000000,-0.003000,2.224000,0.010631,1.129275,-0.678037,-0.078592,-0.344080,0.068049
5.8905,80.9420,0.000000,0.012000,-0.703000,0.000000,-0.524000,0.897000,0.000000,-0.001000,-0.001000,0.072000,0.005000,2.122000,0.046069,1.135181,-0.672131,-0.138974,-0.358457,0.085301
5.8926,81.1460,0.000000,0.012000,-0.703000,0.000000,-0.524000,0.897000,0.000000,-0.001000,-0.001000,0.072000,0.005000,2.122000,0.046069,1.135181,-0.672131,-0.138974,-0.358457,0.085301
5.8948,81.3650,0.000000,0.012000,-0.703000,0.000000,-0.524000,0.897000,-0.012000,0.000000,-0.007000,-0.069000,0.005000,2.122000,0.041344,1.122188,-0.680400,-0.084343,-0.358457,0.085301
5.8969,81.5680,0.000000,0.012000,-0.703000,0.000000,-0.524000,0.897000,-0.012000,0.000000,-0.007000,-0.069000,0.013000,2.122000,0.041344,1.122188,-0.680400,-0.084343,-0.357498,0.085301
5.8990,81.7770,0.000000,0.012000,-0.703000,0.000000,-0.524000,0.897000,-0.012000,0.000000,-0.007000,-0.069000,0.013000,2.122000,0.041344,1.122188,-0.680400,-0.084343,-0.357498,0.085301
5.9011,81.9780,0.000000,0.012000,-0.703000,0.000000,-0.524000,0.912000,-0.012000,0.000000,-0.007000,-0.069000,0.011000,2.218000,0.041344,1.122188,-0.680400,-0.084343,-0.352706,0.106387
5.9033,82.1910,0.000000,0.012000,-0.703000,0.000000,-0.524000,0.912000,-0.012000,0.000000,-0.007000,-0.069000,0.011000,2.218000,0.041344,1.122188,-0.680400,-0.084343,-0.352706,0.106387
5.9054,82.3890,0.000000,0.012000,-0.703000,0.000000,-0.524000,0.927000,-0.004000,-0.001000,0.000000,-0.001000,0.011000,2.168000,0.014175,1.125731,-0.688669,-0.097761,-0.352706,0.098719
5.9075,82.5870,0.000000,0.012000,-0.703000,0.000000,-0.524000,0.927000,-0.004000,-0.001000,0.000000,-0.001000,0.011000,2.168000,0.014175,1.125731,-0.688669,-0.097761,-0.352706,0.098719
5.9098,82.8050,0.000000,0.012000,-0.703000,0.000000,-0.524000,0.927000,0.009000,-0.003000,0.005000,-0.005000,0.001000,2.168000,0.016537,1.128094,-0.661500,-0.104470,-0.345997,0.098719
5.9118,83.0010,0.000000,0.012000,-0.703000,0.000000,-0.524000,0.927000,0.009000,-0.003000,0.005000,-0.005000,0.001000,2.168000,0.016537,1.128094,-0.661500,-0.104470,-0.345997,0.098719
5.9139,83.1990,0.000000,0.012000,-0.703000,0.000000,-0.524000,0.927000,0.000000,-0.003000,0.005000,-0.005000,0.001000,2.168000,0.024806,1.128094,-0.661500,-0.104470,-0.345997,0.098719
5.9160,83.3920,0.000000,0.012000,-0.703000,0.000000,-0.524000,0.943000,0.000000,-0.003000,0.005000,-0.005000,0.013000,2.224000,0.024806,1.128094,-0.661500,-0.104470,-0.363249,0.085301
5.9182,83.5980,0.000000,0.012000,-0.703000,0.000000,-0.524000,0.943000,0.000000,-0.003000,0.005000,-0.005000,0.013000,2.224000,0.024806,1.128094,-0.661500,-0.104470,-0.363249,0.085301
5.9203,83.7900,0.000000,0.012000,-0.703000,0.000000,-0.524000,0.958000,0.000000,0.003000,0.000000,0.000000,0.013000,2.201000,0.024806,1.110375,-0.650869,-0.103512,-0.363249,0.070925
5.9223,83.9800,0.000000,0.012000,-0.703000,0.000000,-0.524000,0.958000,0.000000,0.003000,0.000000,0.000000,0.013000,2.201000,0.024806,1.110375,-0.650869,-0.103512,-0.363249,0.070925
5.9244,84.1690,0.000000,0.012000,-0.703000,0.000000,-0.524000,0.958000,-0.002000,-0.002000,0.003000,0.011000,0.013000,2.201000,0.030713,1.132819,-0.676856,-0.103512,-0.363249,0.070925
5.9264,84.3580,0.000000,0.012000,-0.703000,0.000000,-0.524000,0.973000,-0.002000,-0.002000,0.003000,0.011000,0.017000,2.126000,0.030713,1.132819,-0.676856,-0.103512,-0.350789,0.118847
5.9287,84.5650,0.000000,0.012000,-0.703000,0.000000,-0.524000,0.973000,-0.002000,-0.002000,0.003000,0.011000,0.017000,2.126000,0.030713,1.132819,-0.676856,-0.103512,-0.350789,0.118847
5.9308,84.7520,0.000000,0.012000,-0.703000,0.000000,-0.524000,0.973000,-0.008000,-0.002000,-0.005000,-0.047000,0.013000,2.126000,0.056700,1.134000,-0.659137,-0.061340,-0.360373,0.118847
5.9328,84.9390,0.000000,0.012000,-0.703000,0.000000,-0.524000,0.973000,-0.008000,-0.002000,-0.005000,-0.047000,0.013000,2.126000,0.056700,1.134000,-0.659137,-0.061340,-0.360373,0.118847
5.9350,85.1310,0.000000,0.012000,-0.703000,0.000000,-0.524000,0.988000,-0.008000,-0.002000,-0.005000,-0.047000,0.009000,2.180000,0.056700,1.134000,-0.659137,-0.061340,-0.365166,0.096802
5.9370,85.3150,0.000000,0.012000,-0.703000,0.000000,-0.524000,0.988000,-0.008000,-0.002000,-0.005000,-0.047000,0.009000,2.180000,0.056700,1.134000,-0.659137,-0.061340,-0.365166,0.096802
5.9391,85.5000,0.000000,0.012000,-0.703000,0.000000,-0.524000,0.988000,0.002000,-0.001000,0.000000,-0.015000,0.009000,2.180000,0.030713,1.130456,-0.679219,-0.066132,-0.365166,0.096802
5.9412,85.6820,0.000000,0.012000,-0.703000,0.000000,-0.524000,1.004000,0.002000,-0.001000,0.000000,-0.015000,0.009000,2.185000,0.030713,1.130456,-0.679219,-0.066132,-0.365166,0.027795
5.9433,85.8690,0.000000,0.012000,-0.703000,0.000000,-0.524000,1.004000,0.002000,-0.001000,0.000000,-0.015000,0.009000,2.185000,0.030713,1.130456,-0.679219,-0.066132,-0.365166,0.027795
5.9454,86.0490,0.000000,0.012000,-0.703000,0.000000,-0.524000,1.004000,0.005000,-0.001000,0.001000,0.019000,-0.003000,2.185000,0.043706,1.125731,-0.672131,-0.092010,-0.339288,0.027795
5.9475,86.2330,0.000000,0.012000,-0.703000,0.000000,-0.524000,1.004000,0.005000,-0.001000,0.001000,0.019000,-0.003000,2.185000,0.043706,1.125731,-0.672131,-0.092010,-0.339288,0.027795
5.9501,86.4550,0.000000,0.012000,-0.703000,0.000000,-0.524000,1.004000,-0.006000,-0.001000,0.001000,0.019000,-0.007000,2.185000,0.029531,1.125731,-0.672131,-0.092010,-0.364207,0.027795
5.9522,86.6330,0.000000,0.012000,-0.703000,0.000000,-0.524000,1.019000,-0.006000,-0.001000,0.001000,0.019000,-0.007000,2.109000,0.029531,1.125731,-0.672131,-0.092010,-0.364207,0.085301
5.9550,86.8770,0.000000,0.012000,-0.703000,0.000000,-0.524000,1.034000,-0.006000,0.002000,-0.001000,0.001000,-0.007000,2.141000,0.029531,1.125731,-0.669769,-0.086260,-0.364207,0.057506
5.9571,87.0520,0.000000,0.012000,-0.703000,0.000000,-0.524000,1.034000,-0.006000,0.002000,-0.001000,0.001000,-0.007000,2.141000,0.029531,1.125731,-0.669769,-0.086260,-0.364207,0.057506
5.9595,87.2550,0.000000,0.012000,-0.703000,0.000000,-0.524000,1.049000,0.000000,0.005000,0.000000,0.000000,-0.001000,2.143000,0.037800,1.130456,-0.662681,-0.097761,-0.355581,0.088176
5.9616,87.4280,0.000000,0.012000,-0.703000,0.000000,-0.524000,1.049000,0.000000,0.005000,0.000000,0.000000,-0.001000,2.143000,0.037800,1.130456,-0.662681,-0.097761,-0.355581,0.088176
5.9636,87.5990,0.000000,0.012000,-0.703000,0.000000,-0.524000,1.049000,0.002000,0.005000,0.000000,0.000000,-0.001000,2.143000,0.020081,1.130456,-0.662681,-0.097761,-0.355581,0.088176
5.9657,87.7670,0.000000,0.012000,-0.703000,0.000000,-0.524000,1.049000,0.002000,-0.001000,0.000000,0.001000,0.017000,2.143000,0.020081,1.118644,-0.655594,-0.094886,-0.350789,0.088176
5.9677,87.9360,0.000000,0.012000,-0.703000,0.000000,-0.524000,1.049000,0.002000,-0.001000,0.000000,0.001000,0.017000,2.143000,0.020081,1.118644,-0.655594,-0.094886,-0.350789,0.088176
5.9698,88.1050,0.000000,0.012000,-0.703000,0.000000,-0.524000,1.064000,0.002000,-0.001000,0.000000,0.001000,0.000000,2.113000,0.020081,1.118644,-0.655594,-0.094886,-0.354623,0.090093
5.9718,88.2720,0.000000,0.012000,-0.703000,0.000000,-0.524000,1.064000,0.002000,-0.001000,0.000000,0.001000,0.000000,2.113000,0.020081,1.118644,-0.655594,-0.094886,-0.354623,0.090093
5.9739,88.4380,0.000000,0.012000,-0.703000,0.000000,-0.524000,1.064000,0.002000,0.000000,0.000000,0.019000,0.000000,2.113000,0.035438,1.117462,-0.667406,-0.094886,-0.354623,0.090093
5.9760,88.6030,0.000000,0.012000,-0.703000,0.000000,-0.524000,1.078000,0.002000,0.000000,0.000000,0.019000,0.000000,2.109000,0.035438,1.117462,-0.667406,-0.094886,-0.354623,0.076675
5.9782,88.7810,0.000000,0.012000,-0.703000,0.000000,-0.524000,1.078000,0.002000,0.000000,0.000000,0.019000,0.000000,2.109000,0.035438,1.117462,-0.667406,-0.094886,-0.354623,0.076675
5.9803,88.9450,0.000000,0.012000,-0.703000,0.000000,-0.524000,1.078000,-0.004000,0.000000,0.000000,-0.003000,0.005000,2.109000,0.041344,1.128094,-0.657956,-0.079551,-0.353664,0.076675
5.9824,89.1090,0.000000,0.012000,-0.703000,0.000000,-0.524000,1.078000,-0.004000,0.000000,0.000000,-0.003000,0.005000,2.109000,0.041344,1.128094,-0.657956,-0.079551,-0.353664,0.076675
5.9845,89.2740,0.000000,0.012000,-0.703000,0.000000,-0.524000,1.078000,-0.005000,0.000000,0.000000,-0.003000,0.005000,2.109000,0.028350,1.128094,-0.657956,-0.079551,-0.353664,0.076675
5.9865,89.4340,0.000000,0.012000,-0.703000,0.000000,-0.524000,1.093000,-0.005000,0.000000,0.000000,-0.003000,0.009000,2.118000,0.028350,1.128094,-0.657956,-0.079551,-0.349831,0.070925
5.9887,89.5970,0.000000,0.012000,-0.703000,0.000000,-0.524000,1.093000,-0.005000,0.000000,0.000000,-0.003000,0.009000,2.118000,0.028350,1.128094,-0.657956,-0.079551,-0.349831,0.070925
5.9907,89.7550,0.000000,0.012000,-0.703000,0.000000,-0.524000,1.108000,-0.005000,-0.005000,0.000000,0.017000,0.009000,2.099000,0.028350,1.118644,-0.679219,-0.081467,-0.349831,0.055590
5.9928,89.9120,0.000000,0.012000,-0.703000,0.000000,-0.524000,1.108000,-0.005000,-0.005000,0.000000,0.017000,0.009000,2.099000,0.028350,1.118644,-0.679219,-0.081467,-0.349831,0.055590
5.9950,90.0800,0.000000,0.012000,-0.703000,0.000000,-0.524000,1.122000,-0.006000,0.000000,-0.002000,-0.034000,0.003000,2.019000,0.036619,1.119825,-0.676856,-0.089135,-0.371875,0.084343
5.9971,90.2350,0.000000,0.012000,-0.703000,0.000000,-0.524000,1.122000,-0.006000,0.000000,-0.002000,-0.034000,0.003000,2.019000,0.036619,1.119825,-0.676856,-0.089135,-0.371875,0.084343
5.9992,90.3880,0.000000,0.012000,-0.703000,0.000000,-0.524000,1.122000,0.000000,0.000000,-0.007000,-0.034000,0.003000,2.019000,0.031894,1.139906,-0.680400,-0.089135,-0.371875,0.084343
6.0012,90.5410,0.000000,0.012000,-0.703000,0.000000,-0.524000,1.122000,0.000000,0.000000,-0.007000,-0.007000,-0.013000,2.019000,0.031894,1.139906,-0.680400,-0.076675,-0.352706,0.084343
6.0040,90.7410,0.000000,0.012000,-0.703000,0.000000,-0.524000,1.122000,0.000000,0.000000,-0.007000,-0.007000,-0.013000,2.019000,0.031894,1.139906,-0.680400,-0.076675,-0.352706,0.084343
6.0060,90.8920,0.000000,0.012000,-0.703000,0.000000,-0.524000,1.137000,0.000000,0.000000,-0.007000,-0.007000,0.026000,2.130000,0.031894,1.139906,-0.680400,-0.076675,-0.363249,0.070925
6.0084,91.0650,0.000000,0.012000,-0.703000,0.000000,-0.524000,1.137000,0.000000,0.000000,-0.007000,-0.007000,0.026000,2.130000,0.031894,1.139906,-0.680400,-0.076675,-0.363249,0.070925
6.0105,91.2120,0.000000,0.012000,-0.703000,0.000000,-0.524000,1.151000,0.014000,0.000000,0.000000,0.007000,0.026000,1.988000,0.017719,1.116281,-0.670950,-0.086260,-0.363249,0.114054
6.0126,91.3580,0.000000,0.012000,-0.703000,0.000000,-0.524000,1.151000,0.014000,0.000000,0.000000,0.007000,0.026000,1.988000,0.017719,1.116281,-0.670950,-0.086260,-0.363249,0.114054
6.0146,91.5040,0.000000,0.012000,-0.703000,0.000000,-0.524000,1.151000,0.012000,-0.003000,-0.004000,-0.011000,0.021000,1.988000,0.030713,1.126912,-0.681581,-0.076675,-0.362290,0.114054
6.0167,91.6460,0.000000,0.012000,-0.703000,0.000000,-0.524000,1.151000,0.012000,-0.003000,-0.004000,-0.011000,0.021000,1.988000,0.030713,1.126912,-0.681581,-0.076675,-0.362290,0.114054
6.0192,91.8190,0.000000,0.012000,-0.703000,0.000000,-0.524000,1.151000,-0.009000,-0.003000,-0.004000,-0.011000,-0.003000,1.988000,0.049612,1.126912,-0.681581,-0.076675,-0.354623,0.114054
6.0212,91.9600,0.000000,0.012000,-0.703000,0.000000,-0.524000,1.165000,-0.009000,-0.003000,-0.004000,-0.011000,-0.003000,2.101000,0.049612,1.126912,-0.681581,-0.076675,-0.354623,0.122680
6.0234,92.1060,0.000000,0.012000,-0.703000,0.000000,-0.524000,1.165000,-0.009000,-0.003000,-0.004000,-0.011000,-0.003000,2.101000,0.049612,1.126912,-0.681581,-0.076675,-0.354623,0.122680
6.0254,92.2450,0.000000,0.012000,-0.703000,0.000000,-0.524000,1.180000,-0.009000,0.000000,-0.004000,0.005000,-0.003000,2.057000,0.049612,1.122188,-0.659137,-0.069966,-0.354623,0.066132
6.0275,92.3840,0.000000,0.012000,-0.703000,0.000000,-0.524000,1.180000,-0.009000,0.000000,-0.004000,0.005000,-0.003000,2.057000,0.049612,1.122188,-0.659137,-0.069966,-0.354623,0.066132
6.0297,92.5280,0.000000,0.012000,-0.703000,0.000000,-0.524000,1.180000,0.000000,0.000000,-0.005000,-0.021000,-0.001000,2.057000,0.035438,1.128094,-0.654412,-0.092010,-0.350789,0.066132
6.0318,92.6640,0.000000,0.012000,-0.703000,0.000000,-0.524000,1.194000,0.000000,0.000000,-0.005000,-0.021000,-0.001000,1.999000,0.035438,1.128094,-0.654412,-0.092010,-0.350789,0.063257
6.0340,92.8120,0.000000,0.012000,-0.703000,0.000000,-0.524000,1.194000,0.002000,0.000000,0.000000,0.028000,-0.001000,1.999000,0.030713,1.134000,-0.682762,-0.086260,-0.350789,0.063257
6.0361,92.9450,0.000000,0.012000,-0.703000,0.000000,-0.524000,1.194000,0.002000,0.000000,0.000000,0.028000,0.015000,1.999000,0.030713,1.134000,-0.682762,-0.086260,-0.366124,0.063257
6.0382,93.0820,0.000000,0.012000,-0.703000,0.000000,-0.524000,1.194000,0.002000,0.000000,0.000000,0.028000,0.015000,1.999000,0.030713,1.134000,-0.682762,-0.086260,-0.366124,0.063257
6.0403,93.2130,0.000000,0.012000,-0.703000,0.000000,-0.524000,1.208000,0.002000,0.000000,0.000000,0.028000,0.026000,1.934000,0.030713,1.134000,-0.682762,-0.086260,-0.353664,0.121722
6.0423,93.3430,0.000000,0.012000,-0.703000,0.000000,-0.524000,1.208000,0.002000,0.000000,0.000000,0.028000,0.026000,1.934000,0.030713,1.134000,-0.682762,-0.086260,-0.353664,0.121722
6.0444,93.4720,0.000000,0.012000,-0.703000,0.000000,-0.524000,1.208000,-0.002000,-0.001000,0.005000,-0.038000,0.026000,1.934000,0.020081,1.136362,-0.672131,-0.056548,-0.353664,0.121722
6.0465,93.6000,0.000000,0.012000,-0.703000,0.000000,-0.524000,1.222000,-0.002000,-0.001000,0.005000,-0.038000,0.026000,2.024000,0.020081,1.136362,-0.672131,-0.056548,-0.353664,0.013418
6.0486,93.7300,0.000000,0.012000,-0.703000,0.000000,-0.524000,1.222000,-0.002000,-0.001000,0.005000,-0.038000,0.026000,2.024000,0.020081,1.136362,-0.672131,-0.056548,-0.353664,0.013418
6.0507,93.8550,0.000000,0.012000,-0.703000,0.000000,-0.524000,1.222000,-0.002000,0.001000,-0.002000,0.038000,-0.003000,2.024000,0.030713,1.136362,-0.678037,-0.097761,-0.349831,0.013418
6.0527,93.9790,0.000000,0.012000,-0.703000,0.000000,-0.524000,1.222000,-0.002000,0.001000,-0.002000,0.038000,-0.003000,2.024000,0.030713,1.136362,-0.678037,-0.097761,-0.349831,0.013418
6.0548,94.1040,0.000000,0.012000,-0.703000,0.000000,-0.524000,1.236000,-0.004000,0.001000,-0.002000,0.038000,0.021000,1.973000,0.012994,1.136362,-0.678037,-0.097761,-0.375708,0.029712
6.0569,94.2260,0.000000,0.012000,-0.703000,0.000000,-0.524000,1.236000,-0.004000,0.001000,-0.002000,0.038000,0.021000,1.973000,0.012994,1.136362,-0.678037,-0.097761,-0.375708,0.029712
6.0591,94.3570,0.000000,0.012000,-0.703000,0.000000,-0.524000,1.236000,-0.004000,0.001000,0.003000,-0.030000,0.021000,1.973000,0.012994,1.126912,-0.687487,-0.085301,-0.375708,0.029712
6.0612,94.4760,0.000000,0.012000,-0.703000,0.000000,-0.524000,1.249000,-0.004000,0.001000,0.003000,-0.030000,0.021000,1.865000,0.012994,1.126912,-0.687487,-0.085301,-0.375708,0.112137
6.0638,94.6220,0.000000,0.012000,-0.703000,0.000000,-0.524000,1.249000,-0.004000,0.001000,0.003000,-0.030000,0.021000,1.865000,0.012994,1.126912,-0.687487,-0.085301,-0.375708,0.112137
6.0658,94.7380,0.000000,0.012000,-0.703000,0.000000,-0.524000,1.263000,0.003000,0.000000,-0.008000,-0.017000,0.003000,1.969000,0.000000,1.124550,-0.665044,-0.061340,-0.370916,0.079551
6.0683,94.8760,0.000000,0.012000,-0.703000,0.000000,-0.524000,1.263000,0.003000,0.000000,-0.008000,-0.017000,0.003000,1.969000,0.000000,1.124550,-0.665044,-0.061340,-0.370916,0.079551
6.0704,94.9920,0.000000,0.012000,-0.703000,0.000000,-0.524000,1.263000,0.000000,0.003000,0.001000,0.007000,0.003000,1.969000,-0.002363,1.130456,-0.661500,-0.082426,-0.370916,0.079551
6.0725,95.1050,0.000000,0.012000,-0.703000,0.000000,-0.524000,1.263000,0.000000,0.003000,0.001000,0.007000,0.009000,1.969000,-0.002363,1.130456,-0.661500,-0.082426,-0.371875,0.079551
6.0746,95.2190,0.000000,0.012000,-0.703000,0.000000,-0.524000,1.277000,0.000000,0.003000,0.001000,0.007000,0.003000,1.905000,-0.002363,1.130456,-0.661500,-0.082426,-0.362290,0.075717
6.0767,95.3300,0.000000,0.012000,-0.703000,0.000000,-0.524000,1.277000,0.000000,0.003000,0.001000,0.007000,0.003000,1.905000,-0.002363,1.130456,-0.661500,-0.082426,-0.362290,0.075717
6.0788,95.4410,0.000000,0.012000,-0.703000,0.000000,-0.524000,1.277000,0.000000,0.003000,0.001000,0.007000,0.003000,1.905000,-0.002363,1.130456,-0.661500,-0.082426,-0.362290,0.075717
6.0808,95.5490,0.000000,0.012000,-0.703000,0.000000,-0.524000,1.290000,0.000000,0.000000,0.001000,0.013000,0.003000,1.904000,0.017719,1.123369,-0.655594,-0.096802,-0.362290,0.040254
6.0833,95.6750,0.000000,0.012000,-0.703000,0.000000,-0.524000,1.290000,0.000000,0.000000,0.001000,0.013000,0.003000,1.904000,0.017719,1.123369,-0.655594,-0.096802,-0.362290,0.040254
6.0853,95.7790,0.000000,0.012000,-0.703000,0.000000,-0.524000,1.290000,0.000000,-0.002000,-0.001000,0.001000,0.000000,1.904000,0.028350,1.118644,-0.665044,-0.078592,-0.359415,0.040254
6.0874,95.8830,0.000000,0.012000,-0.703000,0.000000,-0.524000,1.290000,0.000000,-0.002000,-0.001000,0.001000,0.000000,1.904000,0.028350,1.118644,-0.665044,-0.078592,-0.359415,0.040254
6.0896,95.9930,0.000000,0.012000,-0.703000,0.000000,-0.524000,1.290000,0.000000,-0.002000,-0.001000,0.001000,0.000000,1.904000,0.023625,1.118644,-0.665044,-0.078592,-0.359415,0.040254
6.0917,96.0920,0.000000,0.012000,-0.703000,0.000000,-0.524000,1.303000,0.000000,-0.002000,-0.001000,0.001000,0.030000,1.934000,0.023625,1.118644,-0.665044,-0.078592,-0.369958,0.073800
6.0937,96.1930,0.000000,0.012000,-0.703000,0.000000,-0.524000,1.303000,0.000000,-0.001000,-0.001000,0.001000,0.030000,1.934000,0.023625,1.124550,-0.665044,-0.078592,-0.369958,0.073800
6.0958,96.2910,0.000000,0.012000,-0.703000,0.000000,-0.524000,1.317000,0.000000,-0.001000,0.000000,-0.005000,0.030000,1.902000,0.023625,1.124550,-0.662681,-0.080509,-0.369958,0.020127
6.0979,96.3890,0.000000,0.012000,-0.703000,0.000000,-0.524000,1.317000,0.000000,-0.001000,0.000000,-0.005000,0.030000,1.902000,0.023625,1.124550,-0.662681,-0.080509,-0.369958,0.020127
6.1001,96.4940,0.000000,0.012000,-0.703000,0.000000,-0.524000,1.329000,-0.003000,0.002000,-0.003000,0.005000,0.011000,1.779000,0.038981,1.130456,-0.662681,-0.081467,-0.359415,0.099678
6.1022,96.5890,0.000000,0.012000,-0.703000,0.000000,-0.524000,1.329000,-0.003000,0.002000,-0.003000,0.005000,0.011000,1.779000,0.038981,1.130456,-0.662681,-0.081467,-0.359415,0.099678
6.1044,96.6890,0.000000,0.012000,-0.703000,0.000000,-0.524000,1.329000,-0.002000,0.000000,-0.003000,0.005000,0.011000,1.779000,0.027169,1.129275,-0.662681,-0.081467,-0.359415,0.099678
6.1065,96.7820,0.000000,0.012000,-0.703000,0.000000,-0.524000,1.329000,-0.002000,0.000000,-0.006000,0.009000,0.007000,1.779000,0.027169,1.129275,-0.650869,-0.080509,-0.369958,0.099678
6.1085,96.8730,0.000000,0.012000,-0.703000,0.000000,-0.524000,1.329000,-0.002000,0.000000,-0.006000,0.009000,0.007000,1.779000,0.027169,1.129275,-0.650869,-0.080509,-0.369958,0.099678
6.1106,96.9630,0.000000,0.012000,-0.703000,0.000000,-0.524000,1.342000,-0.002000,0.000000,-0.006000,0.009000,-0.013000,1.833000,0.027169,1.129275,-0.650869,-0.080509,-0.358457,0.065174
6.1127,97.0510,0.000000,0.012000,-0.703000,0.000000,-0.524000,1.342000,-0.002000,0.000000,-0.006000,0.009000,-0.013000,1.833000,0.027169,1.129275,-0.650869,-0.080509,-0.358457,0.065174
6.1147,97.1380,0.000000,0.012000,-0.703000,0.000000,-0.524000,1.355000,0.000000,0.001000,0.004000,-0.005000,-0.013000,1.815000,0.041344,1.103287,-0.666225,-0.075717,-0.358457,0.051756
6.1168,97.2240,0.000000,0.012000,-0.703000,0.000000,-0.524000,1.355000,0.000000,0.001000,0.004000,-0.005000,-0.013000,1.815000,0.041344,1.103287,-0.666225,-0.075717,-0.358457,0.051756
6.1194,97.3310,0.000000,0.012000,-0.703000,0.000000,-0.524000,1.355000,-0.002000,-0.002000,-0.005000,0.019000,0.000000,1.815000,0.043706,1.136362,-0.679219,-0.087218,-0.382418,0.051756
6.1215,97.4140,0.000000,0.012000,-0.703000,0.000000,-0.524000,1.355000,-0.002000,-0.002000,-0.005000,0.019000,0.000000,1.815000,0.043706,1.136362,-0.679219,-0.087218,-0.382418,0.051756
6.1237,97.5030,0.000000,0.012000,-0.703000,0.000000,-0.524000,1.355000,-0.002000,-0.002000,-0.005000,0.019000,0.000000,1.815000,0.043706,1.136362,-0.679219,-0.087218,-0.382418,0.051756
6.1258,97.5840,0.000000,0.012000,-0.703000,0.000000,-0.524000,1.367000,-0.003000,-0.002000,-0.005000,0.019000,0.000000,1.798000,0.040162,1.136362,-0.679219,-0.087218,-0.363249,0.073800
6.1279,97.6630,0.000000,0.012000,-0.703000,0.000000,-0.524000,1.367000,-0.003000,-0.002000,-0.005000,0.019000,0.000000,1.798000,0.040162,1.136362,-0.679219,-0.087218,-0.363249,0.073800
6.1301,97.7470,0.000000,0.012000,-0.703000,0.000000,-0.524000,1.380000,-0.003000,0.000000,0.000000,0.023000,0.000000,1.645000,0.040162,1.128094,-0.655594,-0.093927,-0.363249,0.082426
6.1322,97.8230,0.000000,0.012000,-0.703000,0.000000,-0.524000,1.380000,-0.003000,0.000000,0.000000,0.023000,0.000000,1.645000,0.040162,1.128094,-0.655594,-0.093927,-0.363249,0.082426
6.1342,97.8980,0.000000,0.012000,-0.703000,0.000000,-0.524000,1.380000,0.000000,0.004000,0.000000,-0.007000,0.000000,1.645000,0.020081,1.129275,-0.653231,-0.097761,-0.363249,0.082426
6.1363,97.9720,0.000000,0.012000,-0.703000,0.000000,-0.524000,1.392000,0.000000,0.004000,0.000000,-0.007000,0.017000,1.767000,0.020081,1.129275,-0.653231,-0.097761,-0.368999,0.069966
6.1384,98.0460,0.000000,0.012000,-0.703000,0.000000,-0.524000,1.392000,0.000000,0.004000,0.000000,-0.007000,0.017000,1.767000,0.020081,1.129275,-0.653231,-0.097761,-0.368999,0.069966
6.1405,98.1180,0.000000,0.012000,-0.703000,0.000000,-0.524000,1.392000,0.003000,0.000000,0.007000,0.015000,-0.015000,1.767000,0.014175,1.117462,-0.679219,-0.091052,-0.368041,0.069966
6.1426,98.1880,0.000000,0.012000,-0.703000,0.000000,-0.524000,1.392000,0.003000,0.000000,0.007000,0.015000,-0.015000,1.767000,0.014175,1.117462,-0.679219,-0.091052,-0.368041,0.069966
6.1446,98.2560,0.000000,0.012000,-0.703000,0.000000,-0.524000,1.404000,0.003000,0.000000,0.007000,0.015000,0.005000,1.721000,0.014175,1.117462,-0.679219,-0.091052,-0.369958,0.073800
6.1467,98.3230,0.000000,0.012000,-0.703000,0.000000,-0.524000,1.404000,0.003000,0.000000,0.007000,0.015000,0.005000,1.721000,0.014175,1.117462,-0.679219,-0.091052,-0.369958,0.073800
6.1491,98.4000,0.000000,0.012000,-0.703000,0.000000,-0.524000,1.416000,0.008000,-0.002000,0.000000,-0.015000,0.005000,1.756000,0.011813,1.128094,-0.662681,-0.093927,-0.369958,0.053673
6.1511,98.4640,0.000000,0.012000,-0.703000,0.000000,-0.524000,1.416000,0.008000,-0.002000,0.000000,-0.015000,0.005000,1.756000,0.011813,1.128094,-0.662681,-0.093927,-0.369958,0.053673
6.1533,98.5300,0.000000,0.012000,-0.703000,0.000000,-0.524000,1.416000,0.008000,-0.002000,0.000000,-0.015000,0.005000,1.756000,0.011813,1.128094,-0.662681,-0.093927,-0.369958,0.053673
6.1554,98.5920,0.000000,0.012000,-0.703000,0.000000,-0.524000,1.416000,-0.001000,-0.001000,0.000000,0.028000,0.021000,1.756000,0.015356,1.115100,-0.661500,-0.084343,-0.392960,0.053673
6.1574,98.6520,0.000000,0.012000,-0.703000,0.000000,-0.524000,1.416000,-0.001000,-0.001000,0.000000,0.028000,0.021000,1.756000,0.015356,1.115100,-0.661500,-0.084343,-0.392960,0.053673
6.1603,98.7350,0.000000,0.012000,-0.703000,0.000000,-0.524000,1.428000,0.000000,-0.004000,0.000000,0.028000,-0.026000,1.649000,0.036619,1.115100,-0.661500,-0.084343,-0.367083,0.115013
6.1624,98.7920,0.000000,0.012000,-0.703000,0.000000,-0.524000,1.428000,0.000000,-0.004000,0.000000,0.028000,-0.026000,1.649000,0.036619,1.115100,-0.661500,-0.084343,-0.367083,0.115013
6.1645,98.8500,0.000000,0.012000,-0.703000,0.000000,-0.524000,1.428000,0.000000,-0.004000,0.004000,-0.026000,-0.026000,1.649000,0.036619,1.115100,-0.668588,-0.091052,-0.367083,0.115013
6.1666,98.9050,0.000000,0.012000,-0.703000,0.000000,-0.524000,1.440000,0.000000,-0.004000,0.004000,-0.026000,-0.026000,1.656000,0.036619,1.115100,-0.668588,-0.091052,-0.367083,0.046005
6.1686,98.9580,0.000000,0.012000,-0.703000,0.000000,-0.524000,1.440000,0.000000,-0.004000,0.004000,-0.026000,-0.026000,1.656000,0.036619,1.115100,-0.668588,-0.091052,-0.367083,0.046005
6.1707,99.0090,0.000000,0.012000,-0.703000,0.000000,-0.524000,1.452000,-0.003000,0.004000,0.010000,0.007000,0.021000,1.706000,0.030713,1.116281,-0.663863,-0.086260,-0.382418,0.015335
6.1727,99.0600,0.000000,0.012000,-0.703000,0.000000,-0.524000,1.452000,-0.003000,0.004000,0.010000,0.007000,0.021000,1.706000,0.030713,1.116281,-0.663863,-0.086260,-0.382418,0.015335
6.1755,99.1250,0.000000,0.012000,-0.703000,0.000000,-0.524000,1.452000,0.002000,0.002000,0.004000,0.021000,0.011000,1.706000,0.020081,1.125731,-0.644962,-0.100636,-0.391044,0.015335
6.1775,99.1730,0.000000,0.012000,-0.703000,0.000000,-0.524000,1.452000,0.002000,0.002000,0.004000,0.021000,0.011000,1.706000,0.020081,1.125731,-0.644962,-0.100636,-0.391044,0.015335
6.1796,99.2190,0.000000,0.012000,-0.703000,0.000000,-0.524000,1.452000,0.002000,0.002000,0.004000,0.021000,-0.011000,1.706000,0.020081,1.125731,-0.644962,-0.100636,-0.365166,0.015335
6.1817,99.2640,0.000000,0.012000,-0.703000,0.000000,-0.524000,1.463000,0.002000,0.002000,0.004000,0.021000,-0.011000,1.580000,0.020081,1.125731,-0.644962,-0.100636,-0.365166,0.083384
6.1842,99.3180,0.000000,0.012000,-0.703000,0.000000,-0.524000,1.463000,0.003000,0.000000,0.001000,0.021000,-0.011000,1.580000,0.029531,1.123369,-0.685125,-0.100636,-0.365166,0.083384
6.1863,99.3600,0.000000,0.012000,-0.703000,0.000000,-0.524000,1.474000,0.003000,0.000000,0.001000,-0.005000,-0.011000,1.533000,0.029531,1.123369,-0.685125,-0.085301,-0.365166,0.086260
6.1885,99.4020,0.000000,0.012000,-0.703000,0.000000,-0.524000,1.474000,0.003000,0.000000,0.001000,-0.005000,-0.011000,1.533000,0.029531,1.123369,-0.685125,-0.085301,-0.365166,0.086260
6.1905,99.4420,0.000000,0.012000,-0.703000,0.000000,-0.524000,1.474000,-0.008000,-0.002000,0.002000,-0.015000,0.017000,1.533000,0.027169,1.137544,-0.674494,-0.073800,-0.373792,0.086260
6.1926,99.4800,0.000000,0.012000,-0.703000,0.000000,-0.524000,1.474000,-0.008000,-0.002000,0.002000,-0.015000,0.017000,1.533000,0.027169,1.137544,-0.674494,-0.073800,-0.373792,0.086260
6.1948,99.5190,0.000000,0.012000,-0.703000,0.000000,-0.524000,1.474000,-0.008000,-0.002000,0.002000,-0.015000,0.017000,1.533000,0.027169,1.137544,-0.674494,-0.073800,-0.373792,0.086260
6.1971,99.5580,0.000000,0.012000,-0.703000,0.000000,-0.524000,1.485000,-0.004000,0.000000,0.002000,-0.015000,-0.003000,1.601000,0.035438,1.132819,-0.674494,-0.073800,-0.380501,0.085301
6.1994,99.5960,0.000000,0.012000,-0.703000,0.000000,-0.524000,1.485000,-0.004000,0.000000,0.002000,-0.015000,-0.003000,1.601000,0.035438,1.132819,-0.674494,-0.073800,-0.380501,0.085301
6.2017,99.6320,0.000000,0.012000,-0.703000,0.000000,-0.524000,1.496000,-0.004000,0.000000,0.006000,-0.003000,-0.003000,1.580000,0.035438,1.132819,-0.680400,-0.090093,-0.380501,0.068049
6.2040,99.6660,0.000000,0.012000,-0.703000,0.000000,-0.524000,1.496000,0.000000,0.002000,-0.004000,0.000000,0.007000,1.580000,0.036619,1.108012,-0.666225,-0.075717,-0.393919,0.068049
6.2061,99.6960,0.000000,0.012000,-0.703000,0.000000,-0.524000,1.507000,0.000000,0.002000,-0.004000,0.000000,0.007000,1.512000,0.036619,1.108012,-0.666225,-0.075717,-0.393919,0.009584
6.2082,99.7230,0.000000,0.012000,-0.703000,0.000000,-0.524000,1.507000,0.000000,0.002000,-0.004000,0.000000,0.007000,1.512000,0.036619,1.108012,-0.666225,-0.075717,-0.393919,0.009584
6.2102,99.7500,0.000000,0.012000,-0.703000,0.000000,-0.524000,1.507000,-0.005000,0.000000,-0.001000,0.036000,-0.001000,1.512000,0.040162,1.143450,-0.676856,-0.103512,-0.372833,0.009584
6.2123,99.7750,0.000000,0.012000,-0.703000,0.000000,-0.524000,1.507000,-0.005000,0.000000,-0.001000,0.036000,-0.001000,1.512000,0.040162,1.143450,-0.676856,-0.103512,-0.372833,0.009584
6.2144,99.7990,0.000000,0.012000,-0.703000,0.000000,-0.524000,1.507000,-0.005000,0.000000,-0.001000,0.036000,-0.001000,1.512000,0.040162,1.143450,-0.676856,-0.103512,-0.372833,0.009584
6.2165,99.8220,0.000000,0.012000,-0.703000,0.000000,-0.524000,1.517000,-0.005000,0.000000,-0.001000,0.036000,0.003000,1.509000,0.040162,1.143450,-0.676856,-0.103512,-0.398711,0.062299
6.2185,99.8430,0.000000,0.012000,-0.703000,0.000000,-0.524000,1.517000,-0.005000,0.000000,-0.001000,0.036000,0.003000,1.509000,0.040162,1.143450,-0.676856,-0.103512,-0.398711,0.062299
6.2206,99.8630,0.000000,0.012000,-0.703000,0.000000,-0.524000,1.527000,-0.004000,0.001000,0.005000,-0.055000,0.003000,1.441000,0.031894,1.131637,-0.674494,-0.062299,-0.398711,0.005751
6.2227,99.8820,0.000000,0.012000,-0.703000,0.000000,-0.524000,1.527000,-0.004000,0.001000,0.005000,-0.055000,0.003000,1.441000,0.031894,1.131637,-0.674494,-0.062299,-0.398711,0.005751
6.2247,99.8990,0.000000,0.012000,-0.703000,0.000000,-0.524000,1.527000,0.005000,0.000000,0.000000,0.021000,-0.001000,1.441000,0.023625,1.130456,-0.657956,-0.099678,-0.374750,0.005751
6.2268,99.9140,0.000000,0.012000,-0.703000,0.000000,-0.524000,1.527000,0.005000,0.000000,0.000000,0.021000,-0.001000,1.441000,0.023625,1.130456,-0.657956,-0.099678,-0.374750,0.005751
6.2289,99.9290,0.000000,0.012000,-0.703000,0.000000,-0.524000,1.527000,0.007000,0.000000,0.000000,0.021000,-0.001000,1.441000,0.010631,1.121006,-0.657956,-0.099678,-0.374750,0.005751
6.2310,99.9420,0.000000,0.012000,-0.703000,0.000000,-0.524000,1.537000,0.007000,0.000000,0.000000,0.021000,-0.021000,1.420000,0.010631,1.121006,-0.657956,-0.099678,-0.388168,0.052714
6.2331,99.9550,0.000000,0.012000,-0.703000,0.000000,-0.524000,1.537000,0.007000,0.000000,0.000000,0.021000,-0.021000,1.420000,0.010631,1.121006,-0.657956,-0.099678,-0.388168,0.052714
6.2352,99.9650,0.000000,0.012000,-0.703000,0.000000,-0.524000,1.547000,0.007000,0.000000,0.000000,0.024000,-0.021000,1.443000,0.010631,1.121006,-0.648506,-0.090093,-0.388168,0.069008
6.2373,99.9740,0.000000,0.012000,-0.703000,0.000000,-0.524000,1.547000,0.007000,0.000000,0.000000,0.024000,-0.021000,1.443000,0.010631,1.121006,-0.648506,-0.090093,-0.388168,0.069008
6.2397,99.9830,0.000000,0.012000,-0.703000,0.000000,-0.524000,1.556000,-0.002000,0.000000,-0.008000,-0.001000,-0.009000,1.315000,0.028350,1.128094,-0.663863,-0.082426,-0.384334,0.055590
6.2418,99.9890,0.000000,0.012000,-0.703000,0.000000,-0.524000,1.556000,-0.002000,0.000000,-0.008000,-0.001000,-0.009000,1.315000,0.028350,1.128094,-0.663863,-0.082426,-0.384334,0.055590
6.2439,99.9940,0.000000,0.012000,-0.703000,0.000000,-0.524000,1.556000,-0.005000,0.001000,0.003000,0.003000,-0.009000,1.315000,0.041344,1.126912,-0.669769,-0.089135,-0.384334,0.055590
6.2460,99.9970,0.000000,0.012000,-0.703000,0.000000,-0.524000,1.556000,-0.005000,0.001000,0.003000,0.003000,0.001000,1.315000,0.041344,1.126912,-0.669769,-0.089135,-0.385293,0.055590
6.2483,99.9990,0.000000,0.012000,-0.703000,0.000000,-0.524000,1.556000,-0.005000,0.001000,0.003000,0.003000,0.001000,1.315000,0.041344,1.126912,-0.669769,-0.089135,-0.385293,0.055590
6.2504,99.9990,0.000000,0.012000,-0.703000,0.000000,-0.524000,1.566000,-0.005000,0.001000,0.003000,0.003000,-0.007000,1.347000,0.041344,1.126912,-0.669769,-0.089135,-0.396794,0.059423
6.2524,99.9990,0.000000,0.012000,-0.703000,0.000000,-0.524000,1.566000,-0.005000,0.001000,0.003000,0.003000,-0.007000,1.347000,0.041344,1.126912,-0.669769,-0.089135,-0.396794,0.059423
6.2545,99.9960,0.000000,0.012000,-0.703000,0.000000,-0.524000,1.566000,-0.007000,0.000000,-0.002000,-0.013000,-0.007000,1.347000,0.046069,1.119825,-0.657956,-0.067091,-0.396794,0.059423
6.2566,99.9930,0.000000,0.012000,-0.703000,0.000000,-0.524000,1.575000,-0.007000,0.000000,-0.002000,-0.013000,-0.007000,1.240000,0.046069,1.119825,-0.657956,-0.067091,-0.396794,0.047922
6.2586,99.9880,0.000000,0.012000,-0.703000,0.000000,-0.524000,1.575000,-0.004000,0.000000,-0.002000,-0.013000,-0.007000,1.240000,0.030713,1.119825,-0.657956,-0.067091,-0.396794,0.047922
6.2607,99.9820,0.000000,0.012000,-0.703000,0.000000,-0.524000,1.575000,-0.004000,0.001000,0.000000,-0.005000,0.003000,1.240000,0.030713,1.126912,-0.654412,-0.071883,-0.391044,0.047922
6.2627,99.9740,0.000000,0.012000,-0.703000,0.000000,-0.524000,1.575000,-0.004000,0.001000,0.000000,-0.005000,0.003000,1.240000,0.030713,1.126912,-0.654412,-0.071883,-0.391044,0.047922
6.2649,99.9640,0.000000,0.012000,-0.703000,0.000000,-0.524000,1.584000,0.001000,0.000000,0.000000,-0.005000,-0.009000,1.305000,0.028350,1.117462,-0.654412,-0.071883,-0.384334,0.055590
6.2670,99.9540,0.000000,0.012000,-0.703000,0.000000,-0.524000,1.584000,0.001000,0.000000,0.000000,-0.005000,-0.009000,1.305000,0.028350,1.117462,-0.654412,-0.071883,-0.384334,0.055590
6.2691,99.9420,0.000000,0.012000,-0.703000,0.000000,-0.524000,1.584000,0.001000,0.000000,0.000000,-0.005000,-0.009000,1.305000,0.028350,1.117462,-0.654412,-0.071883,-0.384334,0.055590
6.2712,99.9290,0.000000,0.012000,-0.703000,0.000000,-0.524000,1.593000,0.001000,0.000000,0.003000,-0.021000,-0.009000,1.263000,0.028350,1.117462,-0.666225,-0.095844,-0.384334,0.053673
6.2734,99.9130,0.000000,0.012000,-0.703000,0.000000,-0.524000,1.593000,0.001000,0.000000,0.003000,-0.021000,-0.009000,1.263000,0.028350,1.117462,-0.666225,-0.095844,-0.384334,0.053673
6.2754,99.8970,0.000000,0.012000,-0.703000,0.000000,-0.524000,1.601000,-0.002000,0.001000,-0.002000,-0.003000,0.007000,1.125000,0.024806,1.126912,-0.679219,-0.081467,-0.382418,0.078592
6.2775,99.8800,0.000000,0.012000,-0.703000,0.000000,-0.524000,1.601000,-0.002000,0.001000,-0.002000,-0.003000,0.007000,1.125000,0.024806,1.126912,-0.679219,-0.081467,-0.382418,0.078592
6.2796,99.8610,0.000000,0.012000,-0.703000,0.000000,-0.524000,1.601000,-0.003000,0.000000,-0.004000,0.000000,0.013000,1.125000,0.014175,1.145813,-0.646144,-0.090093,-0.400628,0.078592
6.2817,99.8410,0.000000,0.012000,-0.703000,0.000000,-0.524000,1.601000,-0.003000,0.000000,-0.004000,0.000000,0.013000,1.125000,0.014175,1.145813,-0.646144,-0.090093,-0.400628,0.078592
6.2838,99.8190,0.000000,0.012000,-0.703000,0.000000,-0.524000,1.601000,-0.003000,0.000000,-0.004000,0.000000,0.013000,1.125000,0.014175,1.145813,-0.646144,-0.090093,-0.400628,0.078592
6.2859,99.7970,0.000000,0.012000,-0.703000,0.000000,-0.524000,1.609000,-0.003000,0.000000,-0.004000,0.000000,-0.005000,1.121000,0.014175,1.145813,-0.646144,-0.090093,-0.380501,0.062299
6.2879,99.7730,0.000000,0.012000,-0.703000,0.000000,-0.524000,1.609000,-0.003000,0.000000,-0.004000,0.000000,-0.005000,1.121000,0.014175,1.145813,-0.646144,-0.090093,-0.380501,0.062299
6.2900,99.7470,0.000000,0.012000,-0.703000,0.000000,-0.524000,1.617000,0.002000,0.000000,0.000000,-0.005000,-0.005000,1.133000,0.016537,1.128094,-0.660319,-0.079551,-0.380501,0.055590
6.2921,99.7200,0.000000,0.012000,-0.703000,0.000000,-0.524000,1.617000,0.002000,0.000000,0.000000,-0.005000,-0.005000,1.133000,0.016537,1.128094,-0.660319,-0.079551,-0.380501,0.055590
6.2942,99.6910,0.000000,0.012000,-0.703000,0.000000,-0.524000,1.617000,0.000000,-0.005000,-0.008000,-0.013000,-0.005000,1.133000,0.015356,1.137544,-0.659137,-0.082426,-0.380501,0.055590
6.2963,99.6620,0.000000,0.012000,-0.703000,0.000000,-0.524000,1.617000,0.000000,-0.005000,-0.008000,-0.013000,0.024000,1.133000,0.015356,1.137544,-0.659137,-0.082426,-0.392960,0.055590
6.2983,99.6310,0.000000,0.012000,-0.703000,0.000000,-0.524000,1.617000,0.000000,-0.005000,-0.008000,-0.013000,0.024000,1.133000,0.015356,1.137544,-0.659137,-0.082426,-0.392960,0.055590
6.3004,99.5990,0.000000,0.012000,-0.703000,0.000000,-0.524000,1.625000,-0.004000,-0.001000,-0.008000,0.015000,-0.003000,1.050000,0.030713,1.135181,-0.659137,-0.090093,-0.386251,0.025878
6.3025,99.5650,0.000000,0.012000,-0.703000,0.000000,-0.524000,1.625000,-0.004000,-0.001000,-0.008000,0.015000,-0.003000,1.050000,0.030713,1.135181,-0.659137,-0.090093,-0.386251,0.025878
6.3046,99.5290,0.000000,0.012000,-0.703000,0.000000,-0.524000,1.633000,-0.004000,-0.001000,0.002000,0.015000,-0.003000,1.094000,0.030713,1.135181,-0.662681,-0.090093,-0.386251,0.026836
6.3067,99.4930,0.000000,0.012000,-0.703000,0.000000,-0.524000,1.633000,-0.004000,-0.001000,0.002000,0.015000,-0.003000,1.094000,0.030713,1.135181,-0.662681,-0.090093,-0.386251,0.026836
6.3089,99.4530,0.000000,0.012000,-0.703000,0.000000,-0.524000,1.633000,-0.002000,0.000000,0.002000,0.015000,-0.003000,1.094000,0.021263,1.136362,-0.662681,-0.090093,-0.386251,0.026836
6.3109,99.4140,0.000000,0.012000,-0.703000,0.000000,-0.524000,1.640000,-0.002000,0.000000,-0.003000,0.000000,0.009000,0.974000,0.021263,1.136362,-0.655594,-0.087218,-0.392002,0.063257
6.3132,99.3700,0.000000,0.012000,-0.703000,0.000000,-0.524000,1.640000,-0.002000,0.000000,-0.003000,0.000000,0.009000,0.974000,0.021263,1.136362,-0.655594,-0.087218,-0.392002,0.063257
6.3153,99.3280,0.000000,0.012000,-0.703000,0.000000,-0.524000,1.640000,0.005000,0.000000,0.004000,-0.003000,0.007000,0.974000,0.012994,1.131637,-0.660319,-0.074758,-0.391044,0.063257
6.3174,99.2850,0.000000,0.012000,-0.703000,0.000000,-0.524000,1.640000,0.005000,0.000000,0.004000,-0.003000,0.007000,0.974000,0.012994,1.131637,-0.660319,-0.074758,-0.391044,0.063257
6.3195,99.2380,0.000000,0.012000,-0.703000,0.000000,-0.524000,1.640000,0.005000,0.000000,0.004000,-0.003000,0.007000,0.974000,0.012994,1.131637,-0.660319,-0.074758,-0.391044,0.063257
6.3216,99.1920,0.000000,0.012000,-0.703000,0.000000,-0.524000,1.647000,0.005000,0.000000,0.004000,-0.003000,0.007000,1.062000,0.012994,1.131637,-0.660319,-0.074758,-0.385293,0.099678
6.3237,99.1450,0.000000,0.012000,-0.703000,0.000000,-0.524000,1.647000,0.002000,0.000000,0.004000,-0.003000,0.007000,1.062000,0.030713,1.131637,-0.660319,-0.074758,-0.385293,0.099678
6.3257,99.0970,0.000000,0.012000,-0.703000,0.000000,-0.524000,1.653000,0.002000,0.000000,0.004000,-0.017000,0.007000,0.960000,0.030713,1.122188,-0.662681,-0.068049,-0.385293,0.104470
6.3278,99.0470,0.000000,0.012000,-0.703000,0.000000,-0.524000,1.653000,0.002000,0.000000,0.004000,-0.017000,0.007000,0.960000,0.030713,1.122188,-0.662681,-0.068049,-0.385293,0.104470
6.3299,98.9940,0.000000,0.012000,-0.703000,0.000000,-0.524000,1.653000,-0.002000,0.000000,0.007000,0.005000,0.005000,0.960000,0.047250,1.119825,-0.673312,-0.070925,-0.394877,0.104470
6.3320,98.9420,0.000000,0.012000,-0.703000,0.000000,-0.524000,1.653000,-0.002000,0.000000,0.007000,0.005000,0.005000,0.960000,0.047250,1.119825,-0.673312,-0.070925,-0.394877,0.104470
6.3340,98.8880,0.000000,0.012000,-0.703000,0.000000,-0.524000,1.653000,-0.010000,0.000000,0.007000,0.000000,0.005000,0.960000,0.044887,1.124550,-0.673312,-0.076675,-0.394877,0.104470
6.3361,98.8330,0.000000,0.012000,-0.703000,0.000000,-0.524000,1.660000,-0.010000,0.000000,0.007000,0.000000,-0.001000,0.908000,0.044887,1.124550,-0.673312,-0.076675,-0.381459,0.038338
6.3382,98.7750,0.000000,0.012000,-0.703000,0.000000,-0.524000,1.660000,-0.010000,0.000000,0.007000,0.000000,-0.001000,0.908000,0.044887,1.124550,-0.673312,-0.076675,-0.381459,0.038338
6.3403,98.7170,0.000000,0.012000,-0.703000,0.000000,-0.524000,1.667000,-0.010000,0.000000,0.003000,0.000000,-0.001000,1.004000,0.044887,1.124550,-0.646144,-0.076675,-0.381459,0.040254
6.3424,98.6580,0.000000,0.012000,-0.703000,0.000000,-0.524000,1.667000,-0.010000,0.000000,0.003000,0.000000,-0.001000,1.004000,0.044887,1.124550,-0.646144,-0.076675,-0.381459,0.040254
6.3447,98.5910,0.000000,0.012000,-0.703000,0.000000,-0.524000,1.667000,-0.002000,-0.003000,0.002000,0.000000,-0.001000,1.004000,0.034256,1.124550,-0.660319,-0.076675,-0.381459,0.040254
6.3467,98.5290,0.000000,0.012000,-0.703000,0.000000,-0.524000,1.673000,-0.002000,-0.003000,0.002000,-0.017000,0.000000,0.728000,0.034256,1.124550,-0.660319,-0.069008,-0.386251,-0.004792
6.3488,98.4650,0.000000,0.012000,-0.703000,0.000000,-0.524000,1.673000,-0.001000,-0.003000,0.002000,-0.017000,0.000000,0.728000,0.040162,1.124550,-0.660319,-0.069008,-0.386251,-0.004792
6.3509,98.4010,0.000000,0.012000,-0.703000,0.000000,-0.524000,1.673000,-0.001000,-0.002000,-0.002000,0.009000,0.005000,0.728000,0.040162,1.134000,-0.656775,-0.097761,-0.378584,-0.004792
6.3530,98.3340,0.000000,0.012000,-0.703000,0.000000,-0.524000,1.673000,-0.001000,-0.002000,-0.002000,0.009000,0.005000,0.728000,0.040162,1.134000,-0.656775,-0.097761,-0.378584,-0.004792
6.3550,98.2680,0.000000,0.012000,-0.703000,0.000000,-0.524000,1.678000,-0.001000,-0.002000,-0.002000,0.009000,0.005000,0.715000,0.040162,1.134000,-0.656775,-0.097761,-0.386251,0.090093
6.3571,98.2000,0.000000,0.012000,-0.703000,0.000000,-0.524000,1.678000,-0.001000,-0.002000,-0.002000,0.009000,0.005000,0.715000,0.040162,1.134000,-0.656775,-0.097761,-0.386251,0.090093
6.3595,98.1170,0.000000,0.012000,-0.703000,0.000000,-0.524000,1.684000,0.005000,0.005000,0.004000,-0.019000,0.005000,0.878000,0.036619,1.131637,-0.663863,-0.055590,-0.386251,0.056548
6.3616,98.0460,0.000000,0.012000,-0.703000,0.000000,-0.524000,1.684000,0.005000,0.005000,0.004000,-0.019000,0.005000,0.878000,0.036619,1.131637,-0.663863,-0.055590,-0.386251,0.056548
6.3638,97.9680,0.000000,0.012000,-0.703000,0.000000,-0.524000,1.684000,0.002000,0.005000,0.004000,-0.019000,0.005000,0.878000,0.042525,1.131637,-0.663863,-0.055590,-0.386251,0.056548
6.3659,97.8940,0.000000,0.012000,-0.703000,0.000000,-0.524000,1.684000,0.002000,-0.003000,0.000000,-0.001000,0.013000,0.878000,0.042525,1.146994,-0.646144,-0.069008,-0.404462,0.056548
6.3679,97.8190,0.000000,0.012000,-0.703000,0.000000,-0.524000,1.684000,0.002000,-0.003000,0.000000,-0.001000,0.013000,0.878000,0.042525,1.146994,-0.646144,-0.069008,-0.404462,0.056548
6.3700,97.7420,0.000000,0.012000,-0.703000,0.000000,-0.524000,1.689000,0.005000,0.000000,0.000000,0.011000,-0.009000,0.811000,0.024806,1.130456,-0.646144,-0.081467,-0.379542,-0.006709
6.3721,97.6640,0.000000,0.012000,-0.703000,0.000000,-0.524000,1.689000,0.005000,0.000000,0.000000,0.011000,-0.009000,0.811000,0.024806,1.130456,-0.646144,-0.081467,-0.379542,-0.006709
6.3743,97.5800,0.000000,0.012000,-0.703000,0.000000,-0.524000,1.689000,0.005000,0.000000,0.002000,0.011000,-0.009000,0.811000,0.024806,1.130456,-0.668588,-0.081467,-0.379542,-0.006709
6.3763,97.5000,0.000000,0.012000,-0.703000,0.000000,-0.524000,1.694000,0.005000,0.000000,0.002000,0.011000,-0.009000,0.657000,0.024806,1.130456,-0.668588,-0.081467,-0.379542,0.056548
6.3786,97.4120,0.000000,0.012000,-0.703000,0.000000,-0.524000,1.694000,0.005000,0.000000,0.002000,0.011000,-0.009000,0.657000,0.024806,1.130456,-0.668588,-0.081467,-0.379542,0.056548
6.3806,97.3290,0.000000,0.012000,-0.703000,0.000000,-0.524000,1.699000,0.002000,0.000000,-0.003000,-0.001000,-0.019000,0.705000,0.018900,1.124550,-0.663863,-0.078592,-0.390085,0.063257
6.3827,97.2460,0.000000,0.012000,-0.703000,0.000000,-0.524000,1.699000,0.002000,0.000000,-0.003000,-0.001000,-0.019000,0.705000,0.018900,1.124550,-0.663863,-0.078592,-0.390085,0.063257
6.3847,97.1600,0.000000,0.012000,-0.703000,0.000000,-0.524000,1.699000,0.000000,-0.002000,0.000000,0.015000,0.000000,0.705000,0.027169,1.128094,-0.668588,-0.080509,-0.392002,0.063257
6.3868,97.0730,0.000000,0.012000,-0.703000,0.000000,-0.524000,1.699000,0.000000,-0.002000,0.000000,0.015000,0.000000,0.705000,0.027169,1.128094,-0.668588,-0.080509,-0.392002,0.063257
6.3889,96.9820,0.000000,0.012000,-0.703000,0.000000,-0.524000,1.699000,0.000000,-0.002000,0.000000,0.015000,0.000000,0.705000,0.027169,1.128094,-0.668588,-0.080509,-0.392002,0.063257
6.3910,96.8930,0.000000,0.012000,-0.703000,0.000000,-0.524000,1.703000,0.000000,-0.002000,0.000000,0.015000,0.013000,0.684000,0.027169,1.128094,-0.668588,-0.080509,-0.385293,0.069966
6.3934,96.7880,0.000000,0.012000,-0.703000,0.000000,-0.524000,1.703000,0.000000,-0.002000,0.000000,0.015000,0.013000,0.684000,0.027169,1.128094,-0.668588,-0.080509,-0.385293,0.069966
6.3955,96.6960,0.000000,0.012000,-0.703000,0.000000,-0.524000,1.708000,-0.004000,0.002000,0.003000,-0.021000,0.013000,0.669000,0.047250,1.123369,-0.661500,-0.067091,-0.385293,0.009584
6.3975,96.6020,0.000000,0.012000,-0.703000,0.000000,-0.524000,1.708000,-0.004000,0.002000,0.003000,-0.021000,0.013000,0.669000,0.047250,1.123369,-0.661500,-0.067091,-0.385293,0.009584
6.3996,96.5080,0.000000,0.012000,-0.703000,0.000000,-0.524000,1.708000,-0.002000,0.000000,0.002000,0.015000,-0.007000,0.669000,0.035438,1.121006,-0.642600,-0.088176,-0.387210,0.009584
6.4017,96.4110,0.000000,0.012000,-0.703000,0.000000,-0.524000,1.708000,-0.002000,0.000000,0.002000,0.015000,-0.007000,0.669000,0.035438,1.121006,-0.642600,-0.088176,-0.387210,0.009584
6.4037,96.3130,0.000000,0.012000,-0.703000,0.000000,-0.524000,1.708000,-0.002000,0.000000,0.002000,0.015000,-0.007000,0.669000,0.035438,1.121006,-0.642600,-0.088176,-0.387210,0.009584
6.4058,96.2150,0.000000,0.012000,-0.703000,0.000000,-0.524000,1.712000,0.002000,0.000000,0.002000,-0.003000,0.042000,0.627000,0.022444,1.126912,-0.642600,-0.072841,-0.391044,0.004792
6.4079,96.1150,0.000000,0.012000,-0.703000,0.000000,-0.524000,1.712000,0.002000,0.000000,0.002000,-0.003000,0.042000,0.627000,0.022444,1.126912,-0.642600,-0.072841,-0.391044,0.004792
6.4099,96.0140,0.000000,0.012000,-0.703000,0.000000,-0.524000,1.716000,0.002000,0.000000,0.005000,-0.003000,0.042000,0.483000,0.022444,1.126912,-0.652050,-0.072841,-0.391044,0.057506
6.4120,95.9120,0.000000,0.012000,-0.703000,0.000000,-0.524000,1.716000,0.002000,0.000000,0.005000,-0.003000,0.042000,0.483000,0.022444,1.126912,-0.652050,-0.072841,-0.391044,0.057506
6.4142,95.8000,0.000000,0.012000,-0.703000,0.000000,-0.524000,1.716000,0.000000,0.002000,-0.003000,-0.001000,-0.013000,0.483000,0.041344,1.130456,-0.672131,-0.072841,-0.382418,0.057506
6.4163,95.6950,0.000000,0.012000,-0.703000,0.000000,-0.524000,1.719000,0.000000,0.002000,-0.003000,-0.001000,-0.013000,0.542000,0.041344,1.130456,-0.672131,-0.072841,-0.382418,0.057506
6.4184,95.5890,0.000000,0.012000,-0.703000,0.000000,-0.524000,1.719000,0.000000,0.002000,-0.003000,-0.001000,-0.013000,0.542000,0.041344,1.130456,-0.672131,-0.072841,-0.382418,0.057506
6.4204,95.4820,0.000000,0.012000,-0.703000,0.000000,-0.524000,1.719000,-0.001000,0.001000,0.005000,-0.009000,0.003000,0.542000,0.012994,1.137544,-0.663863,-0.078592,-0.378584,0.057506
6.4225,95.3730,0.000000,0.012000,-0.703000,0.000000,-0.524000,1.719000,-0.001000,0.001000,0.005000,-0.009000,0.003000,0.542000,0.012994,1.137544,-0.663863,-0.078592,-0.378584,0.057506
6.4248,95.2520,0.000000,0.012000,-0.703000,0.000000,-0.524000,1.719000,-0.001000,0.001000,0.005000,-0.009000,-0.009000,0.542000,0.012994,1.137544,-0.663863,-0.078592,-0.388168,0.057506
6.4269,95.1410,0.000000,0.012000,-0.703000,0.000000,-0.524000,1.723000,-0.001000,0.001000,0.005000,-0.009000,-0.009000,0.412000,0.012994,1.137544,-0.663863,-0.078592,-0.388168,0.062299
6.4290,95.0230,0.000000,0.012000,-0.703000,0.000000,-0.524000,1.723000,-0.002000,-0.001000,0.005000,-0.009000,-0.009000,0.412000,0.021263,1.136362,-0.663863,-0.078592,-0.388168,0.062299
6.4311,94.9090,0.000000,0.012000,-0.703000,0.000000,-0.524000,1.726000,-0.002000,-0.001000,0.005000,0.005000,-0.009000,0.408000,0.021263,1.136362,-0.654412,-0.084343,-0.388168,0.085301
6.4334,94.7820,0.000000,0.012000,-0.703000,0.000000,-0.524000,1.726000,-0.002000,-0.001000,0.005000,0.005000,-0.009000,0.408000,0.021263,1.136362,-0.654412,-0.084343,-0.388168,0.085301
6.4355,94.6660,0.000000,0.012000,-0.703000,0.000000,-0.524000,1.726000,-0.002000,0.000000,-0.005000,0.015000,-0.017000,0.408000,0.025987,1.128094,-0.656775,-0.075717,-0.400628,0.085301
6.4375,94.5490,0.000000,0.012000,-0.703000,0.000000,-0.524000,1.726000,-0.002000,0.000000,-0.005000,0.015000,-0.017000,0.408000,0.025987,1.128094,-0.656775,-0.075717,-0.400628,0.085301
6.4399,94.4140,0.000000,0.012000,-0.703000,0.000000,-0.524000,1.729000,0.000000,-0.001000,-0.005000,0.007000,-0.023000,0.487000,0.017719,1.124550,-0.656775,-0.081467,-0.392002,0.029712
6.4419,94.2940,0.000000,0.012000,-0.703000,0.000000,-0.524000,1.729000,0.000000,-0.001000,-0.005000,0.007000,-0.023000,0.487000,0.017719,1.124550,-0.656775,-0.081467,-0.392002,0.029712
6.4441,94.1660,0.000000,0.012000,-0.703000,0.000000,-0.524000,1.729000,0.000000,-0.001000,-0.002000,0.007000,-0.023000,0.487000,0.017719,1.124550,-0.669769,-0.081467,-0.392002,0.029712
6.4462,94.0430,0.000000,0.012000,-0.703000,0.000000,-0.524000,1.732000,0.000000,-0.001000,-0.002000,0.007000,-0.023000,0.454000,0.017719,1.124550,-0.669769,-0.081467,-0.392002,0.028753
6.4484,93.9110,0.000000,0.012000,-0.703000,0.000000,-0.524000,1.732000,0.000000,-0.001000,-0.002000,0.007000,-0.023000,0.454000,0.017719,1.124550,-0.669769,-0.081467,-0.392002,0.028753
6.4505,93.7870,0.000000,0.012000,-0.703000,0.000000,-0.524000,1.734000,0.008000,0.000000,0.007000,-0.028000,-0.019000,0.379000,0.002363,1.137544,-0.656775,-0.070925,-0.373792,0.027795
6.4525,93.6610,0.000000,0.012000,-0.703000,0.000000,-0.524000,1.734000,0.008000,0.000000,0.007000,-0.028000,-0.019000,0.379000,0.002363,1.137544,-0.656775,-0.070925,-0.373792,0.027795
6.4546,93.5330,0.000000,0.012000,-0.703000,0.000000,-0.524000,1.734000,0.011000,0.000000,-0.002000,0.005000,-0.023000,0.379000,0.004725,1.136362,-0.653231,-0.088176,-0.392960,0.027795
6.4567,93.4050,0.000000,0.012000,-0.703000,0.000000,-0.524000,1.734000,0.011000,0.000000,-0.002000,0.005000,-0.023000,0.379000,0.004725,1.136362,-0.653231,-0.088176,-0.392960,0.027795
6.4589,93.2650,0.000000,0.012000,-0.703000,0.000000,-0.524000,1.734000,0.011000,0.000000,-0.002000,0.005000,-0.023000,0.379000,0.004725,1.136362,-0.653231,-0.088176,-0.392960,0.027795
6.4610,93.1340,0.000000,0.012000,-0.703000,0.000000,-0.524000,1.736000,0.011000,0.000000,-0.002000,0.005000,-0.005000,0.320000,0.004725,1.136362,-0.653231,-0.088176,-0.392002,0.045047
6.4634,92.9760,0.000000,0.012000,-0.703000,0.000000,-0.524000,1.736000,0.011000,0.000000,-0.002000,0.005000,-0.005000,0.320000,0.004725,1.136362,-0.653231,-0.088176,-0.392002,0.045047
6.4655,92.8420,0.000000,0.012000,-0.703000,0.000000,-0.524000,1.738000,0.001000,0.002000,-0.002000,0.003000,-0.005000,0.255000,0.011813,1.130456,-0.668588,-0.080509,-0.392002,0.093927
6.4676,92.7080,0.000000,0.012000,-0.703000,0.000000,-0.524000,1.738000,0.001000,0.002000,-0.002000,0.003000,-0.005000,0.255000,0.011813,1.130456,-0.668588,-0.080509,-0.392002,0.093927
6.4697,92.5660,0.000000,0.012000,-0.703000,0.000000,-0.524000,1.738000,-0.010000,0.000000,0.001000,-0.040000,-0.005000,0.255000,0.044887,1.129275,-0.668588,-0.051756,-0.392960,0.093927
6.4718,92.4290,0.000000,0.012000,-0.703000,0.000000,-0.524000,1.738000,-0.010000,0.000000,0.001000,-0.040000,-0.005000,0.255000,0.044887,1.129275,-0.668588,-0.051756,-0.392960,0.093927
6.4739,92.2890,0.000000,0.012000,-0.703000,0.000000,-0.524000,1.738000,0.002000,0.000000,0.001000,-0.040000,-0.005000,0.255000,0.029531,1.137544,-0.668588,-0.051756,-0.392960,0.093927
6.4760,92.1500,0.000000,0.012000,-0.703000,0.000000,-0.524000,1.740000,0.002000,0.000000,0.001000,0.059000,-0.019000,0.235000,0.029531,1.137544,-0.668588,-0.106387,-0.388168,0.025878
6.4784,91.9880,0.000000,0.012000,-0.703000,0.000000,-0.524000,1.740000,0.002000,0.000000,0.001000,0.059000,-0.019000,0.235000,0.029531,1.137544,-0.668588,-0.106387,-0.388168,0.025878
6.4804,91.8470,0.000000,0.012000,-0.703000,0.000000,-0.524000,1.741000,0.002000,0.000000,-0.003000,0.059000,-0.019000,0.185000,0.029531,1.137544,-0.669769,-0.106387,-0.388168,0.104470
6.4825,91.7050,0.000000,0.012000,-0.703000,0.000000,-0.524000,1.741000,0.002000,0.000000,-0.003000,0.059000,-0.019000,0.185000,0.029531,1.137544,-0.669769,-0.106387,-0.388168,0.104470
6.4846,91.5560,0.000000,0.012000,-0.703000,0.000000,-0.524000,1.742000,0.000000,0.001000,-0.005000,-0.032000,0.024000,0.185000,0.022444,1.136362,-0.660319,-0.053673,-0.406379,0.055590
6.4867,91.4130,0.000000,0.012000,-0.703000,0.000000,-0.524000,1.742000,0.000000,0.001000,-0.005000,-0.032000,0.024000,0.185000,0.022444,1.136362,-0.660319,-0.053673,-0.406379,0.055590
6.4889,91.2560,0.000000,0.012000,-0.703000,0.000000,-0.524000,1.742000,0.001000,-0.002000,0.000000,-0.032000,0.024000,0.185000,0.011813,1.125731,-0.665044,-0.053673,-0.406379,0.055590
6.4909,91.1090,0.000000,0.012000,-0.703000,0.000000,-0.524000,1.742000,0.001000,-0.002000,0.000000,0.007000,0.013000,0.185000,0.011813,1.125731,-0.665044,-0.069008,-0.403503,0.055590
6.4935,90.9280,0.000000,0.012000,-0.703000,0.000000,-0.524000,1.742000,0.001000,-0.002000,0.000000,0.007000,0.013000,0.185000,0.011813,1.125731,-0.665044,-0.069008,-0.403503,0.055590
6.4955,90.7790,0.000000,0.012000,-0.703000,0.000000,-0.524000,1.743000,0.001000,-0.002000,0.000000,0.007000,0.032000,0.143000,0.011813,1.125731,-0.665044,-0.069008,-0.408295,0.090093
6.4976,90.6280,0.000000,0.012000,-0.703000,0.000000,-0.524000,1.743000,0.001000,-0.002000,0.000000,0.007000,0.032000,0.143000,0.011813,1.125731,-0.665044,-0.069008,-0.408295,0.090093
6.4997,90.4720,0.000000,0.012000,-0.703000,0.000000,-0.524000,1.743000,0.000000,0.001000,-0.004000,0.007000,0.032000,0.143000,0.023625,1.122188,-0.655594,-0.069008,-0.408295,0.090093
6.5018,90.3190,0.000000,0.012000,-0.703000,0.000000,-0.524000,1.744000,0.000000,0.001000,-0.004000,-0.007000,0.032000,0.026000,0.023625,1.122188,-0.655594,-0.081467,-0.408295,0.097761
6.5039,90.1630,0.000000,0.012000,-0.703000,0.000000,-0.524000,1.744000,0.000000,0.001000,-0.004000,-0.007000,0.032000,0.026000,0.023625,1.122188,-0.655594,-0.081467,-0.408295,0.097761
6.5059,90.0080,0.000000,0.012000,-0.703000,0.000000,-0.524000,1.744000,-0.004000,0.000000,0.003000,0.026000,-0.015000,0.026000,0.030713,1.126912,-0.666225,-0.086260,-0.398711,0.097761
6.5084,89.8220,0.000000,0.012000,-0.703000,0.000000,-0.524000,1.744000,-0.004000,0.000000,0.003000,0.026000,-0.015000,0.026000,0.030713,1.126912,-0.666225,-0.086260,-0.398711,0.097761
6.5105,89.6640,0.000000,0.012000,-0.703000,0.000000,-0.524000,1.744000,0.003000,0.000000,0.003000,-0.007000,0.024000,0.038000,0.029531,1.132819,-0.666225,-0.070925,-0.396794,0.119805
6.5125,89.5050,0.000000,0.012000,-0.703000,0.000000,-0.524000,1.744000,0.003000,0.000000,0.003000,-0.007000,0.024000,0.038000,0.029531,1.132819,-0.666225,-0.070925,-0.396794,0.119805
6.5146,89.3460,0.000000,0.012000,-0.703000,0.000000,-0.524000,1.744000,0.003000,0.000000,-0.005000,-0.007000,0.024000,0.038000,0.029531,1.132819,-0.652050,-0.070925,-0.396794,0.119805
6.5167,89.1850,0.000000,0.012000,-0.703000,0.000000,-0.524000,1.745000,0.003000,0.000000,-0.005000,-0.007000,0.024000,0.044000,0.029531,1.132819,-0.652050,-0.070925,-0.396794,0.080509
6.5191,88.9930,0.000000,0.012000,-0.703000,0.000000,-0.524000,1.745000,0.000000,0.001000,0.000000,-0.007000,0.024000,0.044000,0.038981,1.131637,-0.661500,-0.070925,-0.396794,0.080509
6.5212,88.8300,0.000000,0.012000,-0.703000,0.000000,-0.524000,1.745000,0.000000,0.001000,0.000000,0.007000,-0.009000,0.017000,0.038981,1.131637,-0.661500,-0.078592,-0.388168,0.047922
6.5236,88.6380,0.000000,0.012000,-0.703000,0.000000,-0.524000,1.745000,0.000000,0.001000,0.000000,0.007000,-0.009000,0.017000,0.038981,1.131637,-0.661500,-0.078592,-0.388168,0.047922
6.5256,88.4740,0.000000,0.012000,-0.703000,0.000000,-0.524000,1.745000,0.005000,0.001000,0.001000,-0.001000,-0.007000,0.017000,0.007087,1.134000,-0.655594,-0.071883,-0.397753,0.047922
6.5277,88.3110,0.000000,0.012000,-0.703000,0.000000,-0.524000,1.745000,0.005000,0.001000,0.001000,-0.001000,-0.007000,0.017000,0.007087,1.134000,-0.655594,-0.071883,-0.397753,0.047922
6.5300,88.1200,0.000000,0.012000,-0.703000,0.000000,-0.524000,1.745000,0.003000,0.001000,0.001000,-0.001000,-0.003000,-0.015000,0.010631,1.134000,-0.655594,-0.071883,-0.409254,0.044088
6.5321,87.9520,0.000000,0.012000,-0.703000,0.000000,-0.524000,1.745000,0.003000,0.001000,0.001000,-0.001000,-0.003000,-0.015000,0.010631,1.134000,-0.655594,-0.071883,-0.409254,0.044088
6.5341,87.7830,0.000000,0.012000,-0.703000,0.000000,-0.524000,1.745000,0.003000,0.000000,0.000000,0.011000,-0.003000,-0.015000,0.010631,1.128094,-0.659137,-0.119805,-0.409254,0.044088
6.5362,87.6120,0.000000,0.012000,-0.703000,0.000000,-0.524000,1.744000,0.003000,0.000000,0.000000,0.011000,-0.003000,-0.067000,0.010631,1.128094,-0.659137,-0.119805,-0.409254,0.035462
6.5384,87.4300,0.000000,0.012000,-0.703000,0.000000,-0.524000,1.744000,0.003000,0.000000,0.000000,0.011000,-0.003000,-0.067000,0.010631,1.128094,-0.659137,-0.119805,-0.409254,0.035462
6.5405,87.2570,0.000000,0.012000,-0.703000,0.000000,-0.524000,1.744000,-0.002000,-0.002000,0.000000,0.017000,0.009000,-0.067000,0.002363,1.129275,-0.661500,-0.091052,-0.380501,0.035462
6.5425,87.0830,0.000000,0.012000,-0.703000,0.000000,-0.524000,1.744000,-0.002000,-0.002000,0.000000,0.017000,0.009000,-0.067000,0.002363,1.129275,-0.661500,-0.091052,-0.380501,0.035462
6.5447,86.8980,0.000000,0.012000,-0.703000,0.000000,-0.524000,1.744000,-0.005000,0.002000,0.000000,0.017000,0.009000,-0.067000,0.021263,1.132819,-0.661500,-0.091052,-0.380501,0.035462
6.5468,86.7220,0.000000,0.012000,-0.703000,0.000000,-0.524000,1.744000,-0.005000,0.002000,0.000000,-0.017000,-0.001000,-0.086000,0.021263,1.132819,-0.661500,-0.065174,-0.394877,0.010543
6.5489,86.5400,0.000000,0.012000,-0.703000,0.000000,-0.524000,1.744000,-0.005000,0.002000,0.000000,-0.017000,-0.001000,-0.086000,0.021263,1.132819,-0.661500,-0.065174,-0.394877,0.010543
6.5510,86.3620,0.000000,0.012000,-0.703000,0.000000,-0.524000,1.743000,-0.005000,0.002000,0.001000,-0.017000,0.024000,-0.093000,0.021263,1.132819,-0.654412,-0.065174,-0.406379,0.003834
6.5531,86.1780,0.000000,0.012000,-0.703000,0.000000,-0.524000,1.743000,-0.005000,0.002000,0.001000,-0.017000,0.024000,-0.093000,0.021263,1.132819,-0.654412,-0.065174,-0.406379,0.003834
6.5552,85.9990,0.000000,0.012000,-0.703000,0.000000,-0.524000,1.742000,0.004000,-0.002000,0.000000,0.000000,0.024000,-0.086000,0.010631,1.149356,-0.659137,-0.075717,-0.406379,-0.116930
6.5573,85.8180,0.000000,0.012000,-0.703000,0.000000,-0.524000,1.742000,0.004000,-0.002000,0.000000,0.000000,0.024000,-0.086000,0.010631,1.149356,-0.659137,-0.075717,-0.406379,-0.116930
6.5594,85.6250,0.000000,0.012000,-0.703000,0.000000,-0.524000,1.742000,0.000000,0.000000,-0.002000,0.011000,0.024000,-0.086000,0.020081,1.138725,-0.652050,-0.084343,-0.406379,-0.116930
6.5615,85.4430,0.000000,0.012000,-0.703000,0.000000,-0.524000,1.742000,0.000000,0.000000,-0.002000,0.011000,0.024000,-0.086000,0.020081,1.138725,-0.652050,-0.084343,-0.397753,-0.116930
6.5637,85.2500,0.000000,0.012000,-0.703000,0.000000,-0.524000,1.742000,0.000000,0.000000,-0.002000,0.011000,0.024000,-0.086000,0.020081,1.138725,-0.652050,-0.084343,-0.397753,-0.116930
6.5657,85.0650,0.000000,0.012000,-0.703000,0.000000,-0.524000,1.741000,-0.005000,0.000000,-0.002000,0.011000,0.003000,-0.239000,0.025987,1.138725,-0.652050,-0.084343,-0.407337,-0.044088
6.5678,84.8800,0.000000,0.012000,-0.703000,0.000000,-0.524000,1.741000,-0.005000,0.000000,-0.002000,0.011000,0.003000,-0.239000,0.025987,1.138725,-0.652050,-0.084343,-0.407337,-0.044088
6.5699,84.6870,0.000000,0.012000,-0.703000,0.000000,-0.524000,1.739000,-0.005000,0.000000,0.001000,-0.011000,0.003000,-0.243000,0.025987,1.136362,-0.650869,-0.074758,-0.407337,-0.057506
6.5720,84.5000,0.000000,0.012000,-0.703000,0.000000,-0.524000,1.739000,-0.005000,0.000000,0.001000,-0.011000,0.003000,-0.243000,0.025987,1.136362,-0.650869,-0.074758,-0.407337,-0.057506
6.5742,84.3000,0.000000,0.012000,-0.703000,0.000000,-0.524000,1.739000,-0.002000,0.000000,0.001000,-0.011000,0.003000,-0.243000,0.027169,1.136362,-0.650869,-0.074758,-0.407337,-0.057506
6.5763,84.1110,0.000000,0.012000,-0.703000,0.000000,-0.524000,1.737000,-0.002000,0.000000,0.000000,0.003000,-0.009000,-0.191000,0.027169,1.129275,-0.672131,-0.070925,-0.402545,-0.085301
6.5784,83.9180,0.000000,0.012000,-0.703000,0.000000,-0.524000,1.737000,-0.002000,0.000000,0.000000,0.003000,-0.009000,-0.191000,0.027169,1.129275,-0.672131,-0.070925,-0.402545,-0.085301
6.5804,83.7280,0.000000,0.012000,-0.703000,0.000000,-0.524000,1.737000,0.003000,0.000000,0.000000,-0.007000,0.030000,-0.191000,0.028350,1.136362,-0.672131,-0.076675,-0.405420,-0.085301
6.5825,83.5350,0.000000,0.012000,-0.703000,0.000000,-0.524000,1.737000,0.003000,0.000000,0.000000,-0.007000,0.030000,-0.191000,0.028350,1.136362,-0.672131,-0.076675,-0.405420,-0.085301
6.5845,83.3430,0.000000,0.012000,-0.703000,0.000000,-0.524000,1.735000,0.003000,0.000000,-0.002000,-0.007000,-0.009000,-0.389000,0.028350,1.136362,-0.657956,-0.076675,-0.395836,-0.064215
6.5866,83.1490,0.000000,0.012000,-0.703000,0.000000,-0.524000,1.735000,0.003000,0.000000,-0.002000,-0.007000,-0.009000,-0.389000,0.028350,1.136362,-0.657956,-0.076675,-0.395836,-0.064215
6.5887,82.9540,0.000000,0.012000,-0.703000,0.000000,-0.524000,1.735000,0.003000,0.000000,-0.002000,-0.007000,-0.009000,-0.389000,0.028350,1.136362,-0.657956,-0.076675,-0.395836,-0.064215
6.5907,82.7590,0.000000,0.012000,-0.703000,0.000000,-0.524000,1.733000,-0.001000,-0.001000,-0.005000,0.000000,-0.009000,-0.404000,0.037800,1.134000,-0.662681,-0.069008,-0.395836,-0.116930
6.5928,82.5620,0.000000,0.012000,-0.703000,0.000000,-0.524000,1.733000,-0.001000,-0.001000,-0.005000,0.000000,-0.009000,-0.404000,0.037800,1.134000,-0.662681,-0.069008,-0.395836,-0.116930
6.5949,82.3610,0.000000,0.012000,-0.703000,0.000000,-0.524000,1.733000,0.000000,-0.003000,-0.001000,0.053000,-0.005000,-0.404000,0.040162,1.134000,-0.666225,-0.089135,-0.394877,-0.116930
6.5970,82.1620,0.000000,0.012000,-0.703000,0.000000,-0.524000,1.733000,0.000000,-0.003000,-0.001000,0.053000,-0.005000,-0.404000,0.040162,1.134000,-0.666225,-0.089135,-0.394877,-0.116930
6.5992,81.9510,0.000000,0.012000,-0.703000,0.000000,-0.524000,1.733000,-0.002000,-0.003000,-0.001000,0.053000,-0.005000,-0.404000,0.043706,1.134000,-0.666225,-0.089135,-0.394877,-0.116930
6.6012,81.7510,0.000000,0.012000,-0.703000,0.000000,-0.524000,1.730000,-0.002000,-0.003000,-0.001000,0.053000,-0.019000,-0.404000,0.043706,1.134000,-0.666225,-0.089135,-0.415005,-0.054631
6.6033,81.5490,0.000000,0.012000,-0.703000,0.000000,-0.524000,1.730000,-0.002000,-0.003000,-0.001000,0.053000,-0.019000,-0.404000,0.043706,1.134000,-0.666225,-0.089135,-0.415005,-0.054631
6.6054,81.3480,0.000000,0.012000,-0.703000,0.000000,-0.524000,1.727000,-0.002000,0.000000,-0.002000,-0.030000,-0.019000,-0.504000,0.043706,1.126912,-0.656775,-0.049839,-0.415005,-0.020127
6.6074,81.1450,0.000000,0.012000,-0.703000,0.000000,-0.524000,1.727000,-0.002000,0.000000,-0.002000,-0.030000,-0.019000,-0.504000,0.043706,1.126912,-0.656775,-0.049839,-0.415005,-0.020127
6.6095,80.9430,0.000000,0.012000,-0.703000,0.000000,-0.524000,1.727000,-0.011000,0.000000,0.000000,0.003000,-0.019000,-0.504000,0.042525,1.146994,-0.652050,-0.074758,-0.415005,-0.020127
6.6116,80.7380,0.000000,0.012000,-0.703000,0.000000,-0.524000,1.724000,-0.011000,0.000000,0.000000,0.003000,0.021000,-0.442000,0.042525,1.146994,-0.652050,-0.074758,-0.388168,-0.027795
6.6136,80.5320,0.000000,0.012000,-0.703000,0.000000,-0.524000,1.724000,-0.014000,0.000000,0.000000,0.003000,0.021000,-0.442000,0.046069,1.146994,-0.652050,-0.074758,-0.388168,-0.027795
6.6157,80.3300,0.000000,0.012000,-0.703000,0.000000,-0.524000,1.724000,-0.014000,0.000000,0.000000,0.015000,-0.013000,-0.442000,0.046069,1.123369,-0.652050,-0.074758,-0.402545,-0.027795
6.6177,80.1240,0.000000,0.012000,-0.703000,0.000000,-0.524000,1.724000,-0.014000,0.000000,0.000000,0.015000,-0.013000,-0.442000,0.046069,1.123369,-0.652050,-0.074758,-0.402545,-0.027795
6.6200,79.8990,0.000000,0.012000,-0.703000,0.000000,-0.524000,1.721000,-0.014000,0.000000,0.000000,0.015000,0.001000,-0.408000,0.046069,1.123369,-0.655594,-0.074758,-0.410212,-0.119805
6.6220,79.6910,0.000000,0.012000,-0.703000,0.000000,-0.524000,1.721000,-0.014000,0.000000,0.000000,0.015000,0.001000,-0.408000,0.046069,1.123369,-0.655594,-0.074758,-0.410212,-0.119805
6.6241,79.4790,0.000000,0.012000,-0.703000,0.000000,-0.524000,1.721000,-0.006000,0.000000,0.000000,0.015000,0.001000,-0.408000,0.023625,1.136362,-0.673312,-0.074758,-0.410212,-0.119805
6.6262,79.2690,0.000000,0.012000,-0.703000,0.000000,-0.524000,1.717000,-0.006000,0.000000,0.000000,0.024000,0.001000,-0.529000,0.023625,1.136362,-0.673312,-0.125556,-0.410212,-0.078592
6.6283,79.0510,0.000000,0.012000,-0.703000,0.000000,-0.524000,1.717000,-0.006000,0.000000,0.000000,0.024000,0.001000,-0.529000,0.023625,1.136362,-0.673312,-0.125556,-0.410212,-0.078592
6.6304,78.8400,0.000000,0.012000,-0.703000,0.000000,-0.524000,1.717000,0.009000,-0.001000,0.002000,-0.009000,-0.005000,-0.529000,0.005906,1.123369,-0.631969,-0.086260,-0.396794,-0.078592
6.6324,78.6270,0.000000,0.012000,-0.703000,0.000000,-0.524000,1.717000,0.009000,-0.001000,0.002000,-0.009000,-0.005000,-0.529000,0.005906,1.123369,-0.631969,-0.086260,-0.396794,-0.078592
6.6345,78.4150,0.000000,0.012000,-0.703000,0.000000,-0.524000,1.717000,0.000000,-0.001000,0.002000,-0.009000,-0.005000,-0.529000,0.020081,1.123369,-0.631969,-0.086260,-0.396794,-0.078592
6.6366,78.2010,0.000000,0.012000,-0.703000,0.000000,-0.524000,1.714000,0.000000,-0.001000,0.002000,-0.009000,0.009000,-0.471000,0.020081,1.123369,-0.631969,-0.086260,-0.399669,-0.121722
6.6386,77.9860,0.000000,0.012000,-0.703000,0.000000,-0.524000,1.714000,0.000000,-0.001000,0.002000,-0.009000,0.009000,-0.471000,0.020081,1.123369,-0.631969,-0.086260,-0.399669,-0.121722
6.6407,77.7740,0.000000,0.012000,-0.703000,0.000000,-0.524000,1.709000,0.000000,0.001000,0.000000,-0.005000,0.009000,-0.627000,0.020081,1.124550,-0.644962,-0.080509,-0.399669,-0.084343
6.6427,77.5580,0.000000,0.012000,-0.703000,0.000000,-0.524000,1.709000,0.000000,0.001000,0.000000,-0.005000,0.009000,-0.627000,0.020081,1.124550,-0.644962,-0.080509,-0.399669,-0.084343
6.6448,77.3390,0.000000,0.012000,-0.703000,0.000000,-0.524000,1.705000,-0.007000,0.000000,-0.002000,0.005000,0.021000,-0.625000,0.043706,1.128094,-0.657956,-0.104470,-0.406379,-0.100636
6.6469,77.1220,0.000000,0.012000,-0.703000,0.000000,-0.524000,1.705000,-0.007000,0.000000,-0.002000,0.005000,0.021000,-0.625000,0.043706,1.128094,-0.657956,-0.104470,-0.406379,-0.100636
6.6489,76.9040,0.000000,0.012000,-0.703000,0.000000,-0.524000,1.705000,-0.011000,0.000000,-0.002000,0.005000,0.021000,-0.625000,0.034256,1.122188,-0.657956,-0.104470,-0.406379,-0.100636
6.6510,76.6840,0.000000,0.012000,-0.703000,0.000000,-0.524000,1.705000,-0.011000,0.000000,-0.002000,0.007000,0.003000,-0.625000,0.034256,1.122188,-0.657956,-0.084343,-0.403503,-0.100636
6.6536,76.4060,0.000000,0.012000,-0.703000,0.000000,-0.524000,1.705000,-0.011000,0.000000,-0.002000,0.007000,0.003000,-0.625000,0.034256,1.122188,-0.657956,-0.084343,-0.403503,-0.100636
6.6557,76.1860,0.000000,0.012000,-0.703000,0.000000,-0.524000,1.700000,-0.011000,0.000000,0.000000,0.007000,-0.011000,-0.707000,0.034256,1.122188,-0.650869,-0.084343,-0.404462,-0.064215
6.6577,75.9640,0.000000,0.012000,-0.703000,0.000000,-0.524000,1.700000,-0.011000,0.000000,0.000000,0.007000,-0.011000,-0.707000,0.034256,1.122188,-0.650869,-0.084343,-0.404462,-0.064215
6.6598,75.7430,0.000000,0.012000,-0.703000,0.000000,-0.524000,1.695000,0.005000,0.000000,-0.002000,0.007000,-0.011000,-0.736000,0.007087,1.131637,-0.665044,-0.079551,-0.404462,-0.040254
6.6619,75.5200,0.000000,0.012000,-0.703000,0.000000,-0.524000,1.695000,0.005000,0.000000,-0.002000,0.007000,-0.011000,-0.736000,0.007087,1.131637,-0.665044,-0.079551,-0.404462,-0.040254
6.6643,75.2560,0.000000,0.012000,-0.703000,0.000000,-0.524000,1.695000,0.005000,0.000000,-0.002000,0.007000,-0.011000,-0.736000,0.011813,1.131637,-0.665044,-0.079551,-0.404462,-0.040254
6.6664,75.0320,0.000000,0.012000,-0.703000,0.000000,-0.524000,1.695000,0.005000,0.001000,-0.001000,-0.017000,-0.001000,-0.736000,0.011813,1.141087,-0.652050,-0.076675,-0.400628,-0.040254
6.6684,74.8070,0.000000,0.012000,-0.703000,0.000000,-0.524000,1.695000,0.005000,0.001000,-0.001000,-0.017000,-0.001000,-0.736000,0.011813,1.141087,-0.652050,-0.076675,-0.400628,-0.040254
6.6705,74.5820,0.000000,0.012000,-0.703000,0.000000,-0.524000,1.690000,-0.002000,0.001000,-0.001000,-0.017000,0.000000,-0.699000,0.040162,1.141087,-0.652050,-0.076675,-0.384334,-0.023961
6.6726,74.3560,0.000000,0.012000,-0.703000,0.000000,-0.524000,1.690000,-0.002000,0.001000,-0.001000,-0.017000,0.000000,-0.699000,0.040162,1.141087,-0.652050,-0.076675,-0.384334,-0.023961
6.6747,74.1170,0.000000,0.012000,-0.703000,0.000000,-0.524000,1.690000,-0.002000,-0.001000,0.007000,-0.017000,0.000000,-0.699000,0.040162,1.143450,-0.656775,-0.076675,-0.384334,-0.023961
6.6768,73.8890,0.000000,0.012000,-0.703000,0.000000,-0.524000,1.685000,-0.002000,-0.001000,0.007000,-0.007000,0.000000,-0.667000,0.040162,1.143450,-0.656775,-0.079551,-0.384334,-0.068049
6.6791,73.6330,0.000000,0.012000,-0.703000,0.000000,-0.524000,1.685000,-0.005000,0.000000,0.000000,-0.007000,0.000000,-0.667000,0.036619,1.132819,-0.655594,-0.079551,-0.384334,-0.068049
6.6812,73.4040,0.000000,0.012000,-0.703000,0.000000,-0.524000,1.680000,-0.005000,0.000000,0.000000,-0.019000,-0.001000,-0.839000,0.036619,1.132819,-0.655594,-0.066132,-0.392960,-0.123639
6.6833,73.1670,0.000000,0.012000,-0.703000,0.000000,-0.524000,1.680000,-0.005000,0.000000,0.000000,-0.019000,-0.001000,-0.839000,0.036619,1.132819,-0.655594,-0.066132,-0.392960,-0.123639
6.6854,72.9380,0.000000,0.012000,-0.703000,0.000000,-0.524000,1.680000,-0.004000,-0.001000,0.000000,0.011000,-0.007000,-0.839000,0.030713,1.129275,-0.655594,-0.091052,-0.398711,-0.123639
6.6874,72.7070,0.000000,0.012000,-0.703000,0.000000,-0.524000,1.680000,-0.004000,-0.001000,0.000000,0.011000,-0.007000,-0.839000,0.030713,1.129275,-0.655594,-0.091052,-0.398711,-0.123639
6.6896,72.4660,0.000000,0.012000,-0.703000,0.000000,-0.524000,1.680000,-0.004000,-0.001000,-0.001000,0.011000,-0.007000,-0.839000,0.030713,1.129275,-0.652050,-0.091052,-0.398711,-0.123639
6.6916,72.2340,0.000000,0.012000,-0.703000,0.000000,-0.524000,1.674000,-0.004000,-0.001000,-0.001000,0.011000,-0.013000,-0.908000,0.030713,1.129275,-0.652050,-0.091052,-0.406379,-0.060382
6.6938,71.9950,0.000000,0.012000,-0.703000,0.000000,-0.524000,1.674000,0.014000,0.000000,-0.001000,0.011000,-0.013000,-0.908000,0.007087,1.135181,-0.652050,-0.091052,-0.406379,-0.060382
6.6958,71.7620,0.000000,0.012000,-0.703000,0.000000,-0.524000,1.668000,0.014000,0.000000,-0.002000,-0.001000,-0.013000,-0.719000,0.007087,1.135181,-0.650869,-0.072841,-0.406379,-0.118847
6.6979,71.5280,0.000000,0.012000,-0.703000,0.000000,-0.524000,1.668000,0.014000,0.000000,-0.002000,-0.001000,-0.013000,-0.719000,0.007087,1.135181,-0.650869,-0.072841,-0.406379,-0.118847
6.7000,71.2850,0.000000,0.012000,-0.703000,0.000000,-0.524000,1.668000,0.009000,0.000000,0.002000,-0.005000,0.021000,-0.719000,0.007087,1.138725,-0.660319,-0.081467,-0.400628,-0.118847
6.7021,71.0500,0.000000,0.012000,-0.703000,0.000000,-0.524000,1.668000,0.009000,0.000000,0.002000,-0.005000,0.021000,-0.719000,0.007087,1.138725,-0.660319,-0.081467,-0.400628,-0.118847
6.7042,70.8150,0.000000,0.012000,-0.703000,0.000000,-0.524000,1.668000,0.002000,0.000000,0.002000,-0.005000,0.001000,-0.719000,0.023625,1.138725,-0.660319,-0.081467,-0.388168,-0.118847
6.7062,70.5790,0.000000,0.012000,-0.703000,0.000000,-0.524000,1.662000,0.002000,0.000000,0.002000,-0.005000,0.001000,-0.935000,0.023625,1.138725,-0.660319,-0.081467,-0.388168,-0.068049
6.7083,70.3390,0.000000,0.012000,-0.703000,0.000000,-0.524000,1.662000,0.002000,0.000000,0.002000,-0.005000,0.001000,-0.935000,0.023625,1.138725,-0.660319,-0.081467,-0.388168,-0.068049
6.7104,70.1020,0.000000,0.012000,-0.703000,0.000000,-0.524000,1.655000,0.002000,-0.002000,0.004000,-0.013000,0.001000,-0.916000,0.023625,1.136362,-0.669769,-0.074758,-0.388168,-0.079551
6.7124,69.8650,0.000000,0.012000,-0.703000,0.000000,-0.524000,1.655000,0.002000,-0.002000,0.004000,-0.013000,0.001000,-0.916000,0.023625,1.136362,-0.669769,-0.074758,-0.388168,-0.079551
6.7145,69.6240,0.000000,0.012000,-0.703000,0.000000,-0.524000,1.655000,0.000000,-0.005000,0.000000,0.013000,-0.013000,-0.916000,0.036619,1.121006,-0.668588,-0.083384,-0.412129,-0.079551
6.7166,69.3850,0.000000,0.012000,-0.703000,0.000000,-0.524000,1.648000,0.000000,-0.005000,0.000000,0.013000,-0.013000,-1.075000,0.036619,1.121006,-0.668588,-0.083384,-0.412129,-0.067091
6.7188,69.1340,0.000000,0.012000,-0.703000,0.000000,-0.524000,1.648000,-0.001000,0.000000,0.000000,0.013000,-0.013000,-1.075000,0.020081,1.134000,-0.668588,-0.083384,-0.412129,-0.067091
6.7208,68.8940,0.000000,0.012000,-0.703000,0.000000,-0.524000,1.648000,-0.001000,0.000000,0.000000,0.009000,0.021000,-1.075000,0.020081,1.134000,-0.668588,-0.073800,-0.415005,-0.067091
6.7229,68.6530,0.000000,0.012000,-0.703000,0.000000,-0.524000,1.648000,-0.001000,0.000000,0.000000,0.009000,0.021000,-1.075000,0.020081,1.134000,-0.668588,-0.073800,-0.415005,-0.067091
6.7249,68.4130,0.000000,0.012000,-0.703000,0.000000,-0.524000,1.641000,-0.001000,0.000000,0.000000,0.009000,-0.017000,-1.064000,0.020081,1.134000,-0.663863,-0.073800,-0.392002,-0.060382
6.7270,68.1710,0.000000,0.012000,-0.703000,0.000000,-0.524000,1.641000,-0.001000,0.000000,0.000000,0.009000,-0.017000,-1.064000,0.020081,1.134000,-0.663863,-0.073800,-0.392002,-0.060382
6.7291,67.9210,0.000000,0.012000,-0.703000,0.000000,-0.524000,1.641000,0.008000,0.001000,-0.003000,0.009000,-0.017000,-1.064000,0.005906,1.150537,-0.667406,-0.075717,-0.392002,-0.060382
6.7312,67.6790,0.000000,0.012000,-0.703000,0.000000,-0.524000,1.634000,0.008000,0.001000,-0.003000,0.009000,-0.017000,-0.985000,0.005906,1.150537,-0.667406,-0.075717,-0.392002,-0.087218
6.7334,67.4220,0.000000,0.012000,-0.703000,0.000000,-0.524000,1.634000,0.008000,0.001000,-0.003000,0.009000,-0.017000,-0.985000,0.005906,1.150537,-0.667406,-0.075717,-0.392002,-0.087218
6.7354,67.1790,0.000000,0.012000,-0.703000,0.000000,-0.524000,1.634000,-0.001000,0.002000,-0.002000,-0.040000,0.007000,-0.985000,0.023625,1.131637,-0.650869,-0.058465,-0.405420,-0.087218
6.7375,66.9350,0.000000,0.012000,-0.703000,0.000000,-0.524000,1.634000,-0.001000,0.002000,-0.002000,-0.040000,0.007000,-0.985000,0.023625,1.131637,-0.650869,-0.058465,-0.405420,-0.087218
6.7396,66.6910,0.000000,0.012000,-0.703000,0.000000,-0.524000,1.634000,0.000000,0.002000,-0.002000,-0.040000,0.007000,-0.985000,0.020081,1.131637,-0.650869,-0.058465,-0.405420,-0.087218
6.7416,66.4460,0.000000,0.012000,-0.703000,0.000000,-0.524000,1.627000,0.000000,0.002000,-0.002000,-0.040000,-0.007000,-0.924000,0.020081,1.131637,-0.650869,-0.058465,-0.404462,-0.127473
6.7440,66.1670,0.000000,0.012000,-0.703000,0.000000,-0.524000,1.627000,0.000000,-0.005000,0.010000,-0.040000,-0.007000,-0.924000,0.020081,1.129275,-0.676856,-0.058465,-0.404462,-0.127473
6.7461,65.9210,0.000000,0.012000,-0.703000,0.000000,-0.524000,1.620000,0.000000,-0.005000,0.010000,0.023000,-0.007000,-1.085000,0.020081,1.129275,-0.676856,-0.067091,-0.404462,-0.137057
6.7485,65.6320,0.000000,0.012000,-0.703000,0.000000,-0.524000,1.620000,0.000000,-0.005000,0.010000,0.023000,-0.007000,-1.085000,0.020081,1.129275,-0.676856,-0.067091,-0.404462,-0.137057
6.7506,65.3850,0.000000,0.012000,-0.703000,0.000000,-0.524000,1.612000,0.007000,0.000000,-0.006000,0.000000,0.009000,-1.056000,0.028350,1.130456,-0.649687,-0.073800,-0.403503,-0.090093
6.7526,65.1370,0.000000,0.012000,-0.703000,0.000000,-0.524000,1.612000,0.007000,0.000000,-0.006000,0.000000,0.009000,-1.056000,0.028350,1.130456,-0.649687,-0.073800,-0.403503,-0.090093
6.7547,64.8880,0.000000,0.012000,-0.703000,0.000000,-0.524000,1.612000,0.004000,0.001000,-0.003000,0.001000,0.007000,-1.056000,0.025987,1.138725,-0.663863,-0.070925,-0.405420,-0.090093
6.7568,64.6400,0.000000,0.012000,-0.703000,0.000000,-0.524000,1.612000,0.004000,0.001000,-0.003000,0.001000,0.007000,-1.056000,0.025987,1.138725,-0.663863,-0.070925,-0.405420,-0.090093
6.7588,64.3930,0.000000,0.012000,-0.703000,0.000000,-0.524000,1.612000,0.004000,0.001000,-0.003000,0.001000,0.007000,-1.056000,0.025987,1.138725,-0.663863,-0.070925,-0.405420,-0.090093
6.7609,64.1440,0.000000,0.012000,-0.703000,0.000000,-0.524000,1.603000,0.004000,0.001000,-0.003000,0.001000,0.011000,-1.206000,0.025987,1.138725,-0.663863,-0.070925,-0.403503,-0.067091
6.7629,63.8960,0.000000,0.012000,-0.703000,0.000000,-0.524000,1.603000,0.004000,0.001000,-0.003000,0.001000,0.011000,-1.206000,0.025987,1.138725,-0.663863,-0.070925,-0.403503,-0.067091
6.7651,63.6400,0.000000,0.012000,-0.703000,0.000000,-0.524000,1.595000,0.002000,0.001000,-0.001000,0.001000,0.011000,-1.263000,0.015356,1.141087,-0.669769,-0.068049,-0.403503,-0.107345
6.7671,63.3900,0.000000,0.012000,-0.703000,0.000000,-0.524000,1.595000,0.002000,0.001000,-0.001000,0.001000,0.011000,-1.263000,0.015356,1.141087,-0.669769,-0.068049,-0.403503,-0.107345
6.7692,63.1330,0.000000,0.012000,-0.703000,0.000000,-0.524000,1.595000,0.014000,0.001000,0.005000,0.001000,0.011000,-1.263000,0.007087,1.136362,-0.668588,-0.068049,-0.403503,-0.107345
6.7713,62.8820,0.000000,0.012000,-0.703000,0.000000,-0.524000,1.595000,0.014000,0.001000,0.005000,0.023000,-0.007000,-1.263000,0.007087,1.136362,-0.668588,-0.078592,-0.401586,-0.107345
6.7735,62.6160,0.000000,0.012000,-0.703000,0.000000,-0.524000,1.595000,0.014000,0.001000,0.005000,0.023000,-0.007000,-1.263000,0.007087,1.136362,-0.668588,-0.078592,-0.401586,-0.107345
6.7756,62.3650,0.000000,0.012000,-0.703000,0.000000,-0.524000,1.586000,0.005000,0.001000,0.005000,0.023000,-0.001000,-1.252000,0.034256,1.136362,-0.668588,-0.078592,-0.405420,-0.087218
6.7776,62.1140,0.000000,0.012000,-0.703000,0.000000,-0.524000,1.586000,0.005000,0.001000,0.005000,0.023000,-0.001000,-1.252000,0.034256,1.136362,-0.668588,-0.078592,-0.405420,-0.087218
6.7797,61.8570,0.000000,0.012000,-0.703000,0.000000,-0.524000,1.586000,0.005000,0.000000,0.000000,-0.015000,-0.001000,-1.252000,0.034256,1.137544,-0.652050,-0.059423,-0.405420,-0.087218
6.7818,61.6050,0.000000,0.012000,-0.703000,0.000000,-0.524000,1.578000,0.005000,0.000000,0.000000,-0.015000,-0.001000,-1.175000,0.034256,1.137544,-0.652050,-0.059423,-0.405420,-0.109262
6.7842,61.3140,0.000000,0.012000,-0.703000,0.000000,-0.524000,1.568000,-0.006000,0.000000,0.000000,0.001000,0.007000,-1.280000,0.024806,1.148175,-0.659137,-0.073800,-0.397753,-0.156226
6.7862,61.0610,0.000000,0.012000,-0.703000,0.000000,-0.524000,1.568000,-0.006000,0.000000,0.000000,0.001000,0.007000,-1.280000,0.024806,1.148175,-0.659137,-0.073800,-0.397753,-0.156226
6.7886,60.7700,0.000000,0.012000,-0.703000,0.000000,-0.524000,1.568000,-0.006000,0.000000,0.000000,0.001000,0.007000,-1.280000,0.024806,1.148175,-0.659137,-0.073800,-0.397753,-0.156226
6.7907,60.5160,0.000000,0.012000,-0.703000,0.000000,-0.524000,1.568000,-0.005000,-0.002000,0.001000,0.009000,0.013000,-1.280000,0.030713,1.142269,-0.654412,-0.084343,-0.400628,-0.156226
6.7927,60.2620,0.000000,0.012000,-0.703000,0.000000,-0.524000,1.568000,-0.005000,-0.002000,0.001000,0.009000,0.013000,-1.280000,0.030713,1.142269,-0.654412,-0.084343,-0.400628,-0.156226
6.7948,60.0060,0.000000,0.012000,-0.703000,0.000000,-0.524000,1.559000,-0.005000,-0.002000,0.001000,0.009000,-0.013000,-1.319000,0.030713,1.142269,-0.654412,-0.084343,-0.405420,-0.103512
6.7969,59.7520,0.000000,0.012000,-0.703000,0.000000,-0.524000,1.559000,-0.005000,-0.002000,0.001000,0.009000,-0.013000,-1.319000,0.030713,1.142269,-0.654412,-0.084343,-0.405420,-0.103512
6.7991,59.4750,0.000000,0.012000,-0.703000,0.000000,-0.524000,1.559000,0.002000,0.000000,-0.003000,0.009000,-0.013000,-1.319000,0.011813,1.139906,-0.637875,-0.084343,-0.405420,-0.103512
6.8012,59.2200,0.000000,0.012000,-0.703000,0.000000,-0.524000,1.549000,0.002000,0.000000,-0.003000,-0.007000,-0.013000,-1.440000,0.011813,1.139906,-0.637875,-0.071883,-0.405420,-0.049839
6.8033,58.9580,0.000000,0.012000,-0.703000,0.000000,-0.524000,1.549000,0.002000,0.000000,-0.003000,-0.007000,-0.013000,-1.440000,0.011813,1.139906,-0.637875,-0.071883,-0.405420,-0.049839
6.8054,58.7020,0.000000,0.012000,-0.703000,0.000000,-0.524000,1.549000,-0.002000,-0.002000,-0.003000,-0.007000,0.000000,-1.440000,0.034256,1.136362,-0.647325,-0.062299,-0.399669,-0.049839
6.8075,58.4470,0.000000,0.012000,-0.703000,0.000000,-0.524000,1.549000,-0.002000,-0.002000,-0.003000,-0.007000,0.000000,-1.440000,0.034256,1.136362,-0.647325,-0.062299,-0.399669,-0.049839
6.8095,58.1910,0.000000,0.012000,-0.703000,0.000000,-0.524000,1.549000,0.005000,-0.002000,-0.003000,-0.007000,-0.001000,-1.440000,0.012994,1.136362,-0.647325,-0.062299,-0.404462,-0.049839
6.8116,57.9350,0.000000,0.012000,-0.703000,0.000000,-0.524000,1.539000,0.005000,-0.002000,-0.003000,-0.007000,-0.001000,-1.461000,0.012994,1.136362,-0.647325,-0.062299,-0.404462,-0.093927
6.8137,57.6710,0.000000,0.012000,-0.703000,0.000000,-0.524000,1.539000,0.005000,-0.002000,-0.003000,-0.007000,-0.001000,-1.461000,0.012994,1.136362,-0.647325,-0.062299,-0.404462,-0.093927
6.8158,57.4150,0.000000,0.012000,-0.703000,0.000000,-0.524000,1.529000,0.005000,-0.003000,-0.003000,0.001000,-0.001000,-1.403000,0.012994,1.136362,-0.656775,-0.069008,-0.404462,-0.124597
6.8178,57.1580,0.000000,0.012000,-0.703000,0.000000,-0.524000,1.529000,0.005000,-0.003000,-0.003000,0.001000,-0.001000,-1.403000,0.012994,1.136362,-0.656775,-0.069008,-0.404462,-0.124597
6.8199,56.8970,0.000000,0.012000,-0.703000,0.000000,-0.524000,1.519000,0.008000,0.001000,-0.002000,0.013000,0.005000,-1.503000,0.022444,1.135181,-0.662681,-0.076675,-0.399669,-0.122680
6.8220,56.6390,0.000000,0.012000,-0.703000,0.000000,-0.524000,1.519000,0.008000,0.001000,-0.002000,0.013000,0.005000,-1.503000,0.022444,1.135181,-0.662681,-0.076675,-0.399669,-0.122680
6.8241,56.3760,0.000000,0.012000,-0.703000,0.000000,-0.524000,1.519000,-0.002000,-0.001000,0.005000,0.013000,0.005000,-1.503000,0.038981,1.130456,-0.669769,-0.076675,-0.399669,-0.122680
6.8262,56.1180,0.000000,0.012000,-0.703000,0.000000,-0.524000,1.519000,-0.002000,-0.001000,0.005000,0.003000,-0.021000,-1.503000,0.038981,1.130456,-0.669769,-0.074758,-0.403503,-0.122680
6.8283,55.8570,0.000000,0.012000,-0.703000,0.000000,-0.524000,1.519000,-0.002000,-0.001000,0.005000,0.003000,-0.021000,-1.503000,0.038981,1.130456,-0.669769,-0.074758,-0.403503,-0.122680
6.8303,55.6000,0.000000,0.012000,-0.703000,0.000000,-0.524000,1.509000,-0.002000,-0.001000,0.005000,0.003000,-0.005000,-1.566000,0.038981,1.130456,-0.669769,-0.074758,-0.402545,-0.088176
6.8324,55.3420,0.000000,0.012000,-0.703000,0.000000,-0.524000,1.509000,-0.002000,-0.001000,0.005000,0.003000,-0.005000,-1.566000,0.038981,1.130456,-0.669769,-0.074758,-0.402545,-0.088176
6.8348,55.0410,0.000000,0.012000,-0.703000,0.000000,-0.524000,1.509000,-0.008000,-0.003000,-0.002000,-0.015000,-0.005000,-1.566000,0.054337,1.146994,-0.673312,-0.070925,-0.402545,-0.088176
6.8369,54.7830,0.000000,0.012000,-0.703000,0.000000,-0.524000,1.497000,-0.008000,-0.003000,-0.002000,-0.015000,-0.005000,-1.589000,0.054337,1.146994,-0.673312,-0.070925,-0.402545,-0.077634
6.8390,54.5230,0.000000,0.012000,-0.703000,0.000000,-0.524000,1.497000,-0.010000,0.000000,-0.002000,0.013000,-0.005000,-1.589000,0.029531,1.137544,-0.663863,-0.065174,-0.402545,-0.077634
6.8410,54.2650,0.000000,0.012000,-0.703000,0.000000,-0.524000,1.497000,-0.010000,0.000000,-0.002000,0.013000,-0.023000,-1.589000,0.029531,1.137544,-0.663863,-0.065174,-0.401586,-0.077634
6.8433,53.9750,0.000000,0.012000,-0.703000,0.000000,-0.524000,1.497000,0.007000,0.000000,-0.002000,0.013000,-0.023000,-1.589000,0.005906,1.137544,-0.663863,-0.065174,-0.401586,-0.077634
6.8454,53.7160,0.000000,0.012000,-0.703000,0.000000,-0.524000,1.487000,0.007000,0.000000,-0.002000,0.013000,0.000000,-1.572000,0.005906,1.137544,-0.663863,-0.065174,-0.403503,-0.135140
6.8475,53.4570,0.000000,0.012000,-0.703000,0.000000,-0.524000,1.487000,0.007000,0.000000,-0.002000,0.013000,0.000000,-1.572000,0.005906,1.137544,-0.663863,-0.065174,-0.403503,-0.135140
6.8497,53.1760,0.000000,0.012000,-0.703000,0.000000,-0.524000,1.487000,0.007000,0.001000,0.001000,0.005000,0.000000,-1.572000,0.005906,1.136362,-0.649687,-0.090093,-0.403503,-0.135140
6.8518,52.9160,0.000000,0.012000,-0.703000,0.000000,-0.524000,1.476000,0.007000,0.001000,0.001000,0.005000,0.000000,-1.578000,0.005906,1.136362,-0.649687,-0.090093,-0.403503,-0.137057
6.8540,52.6410,0.000000,0.012000,-0.703000,0.000000,-0.524000,1.476000,0.006000,0.001000,0.001000,0.005000,0.000000,-1.578000,0.021263,1.136362,-0.649687,-0.090093,-0.403503,-0.137057
6.8560,52.3810,0.000000,0.012000,-0.703000,0.000000,-0.524000,1.464000,0.006000,0.000000,0.000000,0.011000,-0.007000,-1.662000,0.021263,1.143450,-0.687487,-0.067091,-0.399669,-0.082426
6.8582,52.1130,0.000000,0.012000,-0.703000,0.000000,-0.524000,1.464000,0.006000,0.000000,0.000000,0.011000,-0.007000,-1.662000,0.021263,1.143450,-0.687487,-0.067091,-0.399669,-0.082426
6.8602,51.8540,0.000000,0.012000,-0.703000,0.000000,-0.524000,1.464000,0.002000,0.000000,-0.002000,0.013000,-0.017000,-1.662000,0.034256,1.135181,-0.650869,-0.054631,-0.392960,-0.082426
6.8623,51.5940,0.000000,0.012000,-0.703000,0.000000,-0.524000,1.464000,0.002000,0.000000,-0.002000,0.013000,-0.017000,-1.662000,0.034256,1.135181,-0.650869,-0.054631,-0.392960,-0.082426
6.8645,51.3240,0.000000,0.012000,-0.703000,0.000000,-0.524000,1.464000,0.002000,0.000000,-0.002000,0.013000,-0.011000,-1.662000,0.034256,1.135181,-0.650869,-0.054631,-0.409254,-0.082426
6.8665,51.0640,0.000000,0.012000,-0.703000,0.000000,-0.524000,1.452000,0.002000,0.000000,-0.002000,0.013000,-0.011000,-1.673000,0.034256,1.135181,-0.650869,-0.054631,-0.409254,-0.056548
6.8686,50.8010,0.000000,0.012000,-0.703000,0.000000,-0.524000,1.452000,0.002000,0.000000,-0.002000,0.013000,-0.011000,-1.673000,0.034256,1.135181,-0.650869,-0.054631,-0.409254,-0.056548
6.8707,50.5440,0.000000,0.012000,-0.703000,0.000000,-0.524000,1.440000,-0.011000,0.000000,-0.001000,-0.011000,-0.011000,-1.696000,0.036619,1.125731,-0.678037,-0.061340,-0.409254,-0.141849
6.8727,50.2840,0.000000,0.012000,-0.703000,0.000000,-0.524000,1.440000,-0.011000,0.000000,-0.001000,-0.011000,-0.011000,-1.696000,0.036619,1.125731,-0.678037,-0.061340,-0.409254,-0.141849
6.8748,50.0200,0.000000,0.012000,-0.703000,0.000000,-0.524000,1.440000,-0.007000,0.001000,-0.001000,0.013000,0.011000,-1.696000,0.038981,1.146994,-0.662681,-0.076675,-0.396794,-0.141849
6.8769,49.7610,0.000000,0.012000,-0.703000,0.000000,-0.524000,1.440000,-0.007000,0.001000,-0.001000,0.013000,0.011000,-1.696000,0.038981,1.146994,-0.662681,-0.076675,-0.396794,-0.141849
6.8792,49.4770,0.000000,0.012000,-0.703000,0.000000,-0.524000,1.440000,0.005000,0.001000,-0.001000,0.013000,0.011000,-1.696000,0.010631,1.146994,-0.662681,-0.076675,-0.396794,-0.141849
6.8812,49.2180,0.000000,0.012000,-0.703000,0.000000,-0.524000,1.428000,0.005000,0.001000,-0.001000,0.013000,0.019000,-1.781000,0.010631,1.146994,-0.662681,-0.076675,-0.404462,-0.104470
6.8836,48.9220,0.000000,0.012000,-0.703000,0.000000,-0.524000,1.428000,0.005000,0.001000,-0.001000,0.013000,0.019000,-1.781000,0.010631,1.146994,-0.662681,-0.076675,-0.404462,-0.104470
6.8856,48.6620,0.000000,0.012000,-0.703000,0.000000,-0.524000,1.415000,0.005000,-0.002000,0.002000,0.013000,0.019000,-1.790000,0.010631,1.125731,-0.668588,-0.076675,-0.404462,-0.112137
6.8877,48.4090,0.000000,0.012000,-0.703000,0.000000,-0.524000,1.415000,0.005000,-0.002000,0.002000,0.013000,0.019000,-1.790000,0.010631,1.125731,-0.668588,-0.076675,-0.404462,-0.112137
6.8898,48.1380,0.000000,0.012000,-0.703000,0.000000,-0.524000,1.403000,0.002000,0.000000,-0.003000,-0.021000,-0.034000,-1.812000,0.018900,1.132819,-0.660319,-0.060382,-0.393919,-0.138974
6.8919,47.8780,0.000000,0.012000,-0.703000,0.000000,-0.524000,1.403000,0.002000,0.000000,-0.003000,-0.021000,-0.034000,-1.812000,0.018900,1.132819,-0.660319,-0.060382,-0.393919,-0.138974
6.8939,47.6200,0.000000,0.012000,-0.703000,0.000000,-0.524000,1.403000,0.002000,0.000000,-0.003000,-0.021000,-0.034000,-1.812000,0.018900,1.132819,-0.660319,-0.060382,-0.393919,-0.138974
6.8960,47.3610,0.000000,0.012000,-0.703000,0.000000,-0.524000,1.403000,0.000000,-0.001000,-0.006000,-0.003000,0.005000,-1.812000,0.028350,1.138725,-0.656775,-0.082426,-0.393919,-0.138974
6.8984,47.0670,0.000000,0.012000,-0.703000,0.000000,-0.524000,1.403000,0.000000,-0.001000,-0.006000,-0.003000,0.005000,-1.812000,0.028350,1.138725,-0.656775,-0.082426,-0.393919,-0.138974
6.9004,46.8090,0.000000,0.012000,-0.703000,0.000000,-0.524000,1.390000,0.000000,-0.001000,-0.006000,-0.003000,-0.003000,-1.796000,0.028350,1.138725,-0.656775,-0.082426,-0.391044,-0.130348
6.9025,46.5510,0.000000,0.012000,-0.703000,0.000000,-0.524000,1.390000,0.000000,-0.001000,-0.006000,-0.003000,-0.003000,-1.796000,0.028350,1.138725,-0.656775,-0.082426,-0.391044,-0.130348
6.9047,46.2750,0.000000,0.012000,-0.703000,0.000000,-0.524000,1.390000,0.000000,0.000000,0.002000,0.007000,-0.003000,-1.796000,0.029531,1.126912,-0.679219,-0.069008,-0.391044,-0.130348
6.9067,46.0160,0.000000,0.012000,-0.703000,0.000000,-0.524000,1.377000,0.000000,0.000000,0.002000,0.007000,-0.003000,-1.923000,0.029531,1.126912,-0.679219,-0.069008,-0.391044,-0.066132
6.9088,45.7520,0.000000,0.012000,-0.703000,0.000000,-0.524000,1.377000,0.000000,0.000000,0.002000,0.007000,-0.003000,-1.923000,0.029531,1.126912,-0.679219,-0.069008,-0.391044,-0.066132
6.9109,45.4940,0.000000,0.012000,-0.703000,0.000000,-0.524000,1.377000,-0.003000,-0.003000,0.002000,0.017000,-0.015000,-1.923000,0.027169,1.144631,-0.653231,-0.089135,-0.385293,-0.066132
6.9134,45.1860,0.000000,0.012000,-0.703000,0.000000,-0.524000,1.377000,-0.003000,-0.003000,0.002000,0.017000,-0.015000,-1.923000,0.027169,1.144631,-0.653231,-0.089135,-0.385293,-0.066132
6.9154,44.9270,0.000000,0.012000,-0.703000,0.000000,-0.524000,1.363000,0.002000,-0.003000,0.002000,0.017000,-0.011000,-1.963000,0.021263,1.144631,-0.653231,-0.089135,-0.412129,-0.080509
6.9175,44.6690,0.000000,0.012000,-0.703000,0.000000,-0.524000,1.363000,0.002000,-0.003000,0.002000,0.017000,-0.011000,-1.963000,0.021263,1.144631,-0.653231,-0.089135,-0.412129,-0.080509
6.9196,44.4030,0.000000,0.012000,-0.703000,0.000000,-0.524000,1.363000,0.002000,0.001000,-0.002000,-0.001000,-0.011000,-1.963000,0.021263,1.128094,-0.666225,-0.061340,-0.412129,-0.080509
6.9217,44.1490,0.000000,0.012000,-0.703000,0.000000,-0.524000,1.349000,0.002000,0.001000,-0.002000,-0.001000,-0.011000,-1.919000,0.021263,1.128094,-0.666225,-0.061340,-0.412129,-0.130348
6.9240,43.8580,0.000000,0.012000,-0.703000,0.000000,-0.524000,1.349000,0.006000,0.006000,-0.002000,-0.001000,-0.011000,-1.919000,0.010631,1.136362,-0.666225,-0.061340,-0.412129,-0.130348
6.9261,43.6000,0.000000,0.012000,-0.703000,0.000000,-0.524000,1.336000,0.006000,0.006000,0.005000,0.001000,0.017000,-1.982000,0.010631,1.136362,-0.659137,-0.068049,-0.404462,-0.151434
6.9283,43.3180,0.000000,0.012000,-0.703000,0.000000,-0.524000,1.336000,0.006000,0.006000,0.005000,0.001000,0.017000,-1.982000,0.010631,1.136362,-0.659137,-0.068049,-0.404462,-0.151434
6.9304,43.0610,0.000000,0.012000,-0.703000,0.000000,-0.524000,1.336000,0.000000,0.000000,-0.005000,-0.007000,0.001000,-1.982000,0.002363,1.139906,-0.670950,-0.078592,-0.395836,-0.151434
6.9325,42.7930,0.000000,0.012000,-0.703000,0.000000,-0.524000,1.336000,0.000000,0.000000,-0.005000,-0.007000,0.001000,-1.982000,0.002363,1.139906,-0.670950,-0.078592,-0.395836,-0.151434
6.9349,42.5030,0.000000,0.012000,-0.703000,0.000000,-0.524000,1.321000,0.000000,0.000000,-0.005000,-0.007000,0.003000,-2.026000,0.002363,1.139906,-0.670950,-0.078592,-0.401586,-0.123639
6.9370,42.2460,0.000000,0.012000,-0.703000,0.000000,-0.524000,1.321000,0.000000,0.000000,-0.005000,-0.007000,0.003000,-2.026000,0.002363,1.139906,-0.670950,-0.078592,-0.401586,-0.123639
6.9392,41.9710,0.000000,0.012000,-0.703000,0.000000,-0.524000,1.321000,0.010000,0.000000,0.005000,-0.007000,0.003000,-2.026000,0.011813,1.146994,-0.667406,-0.078592,-0.401586,-0.123639
6.9412,41.7130,0.000000,0.012000,-0.703000,0.000000,-0.524000,1.307000,0.010000,0.000000,0.005000,-0.015000,0.003000,-2.082000,0.011813,1.146994,-0.667406,-0.071883,-0.401586,-0.125556
6.9433,41.4570,0.000000,0.012000,-0.703000,0.000000,-0.524000,1.307000,0.010000,0.000000,0.005000,-0.015000,0.003000,-2.082000,0.011813,1.146994,-0.667406,-0.071883,-0.401586,-0.125556
6.9454,41.2010,0.000000,0.012000,-0.703000,0.000000,-0.524000,1.307000,0.007000,0.000000,0.005000,-0.013000,-0.005000,-2.082000,0.010631,1.136362,-0.670950,-0.081467,-0.409254,-0.125556
6.9475,40.9450,0.000000,0.012000,-0.703000,0.000000,-0.524000,1.307000,0.007000,0.000000,0.005000,-0.013000,-0.005000,-2.082000,0.010631,1.136362,-0.670950,-0.081467,-0.409254,-0.125556
6.9495,40.6910,0.000000,0.012000,-0.703000,0.000000,-0.524000,1.307000,0.006000,0.000000,0.005000,-0.013000,-0.005000,-2.082000,0.025987,1.136362,-0.670950,-0.081467,-0.409254,-0.125556
6.9516,40.4350,0.000000,0.012000,-0.703000,0.000000,-0.524000,1.292000,0.006000,0.000000,0.005000,-0.013000,0.000000,-2.072000,0.025987,1.136362,-0.670950,-0.081467,-0.394877,-0.120763
6.9537,40.1750,0.000000,0.012000,-0.703000,0.000000,-0.524000,1.292000,0.006000,0.000000,0.005000,-0.013000,0.000000,-2.072000,0.025987,1.136362,-0.670950,-0.081467,-0.394877,-0.120763
6.9557,39.9220,0.000000,0.012000,-0.703000,0.000000,-0.524000,1.278000,0.006000,-0.001000,0.000000,0.023000,0.000000,-2.141000,0.025987,1.126912,-0.661500,-0.081467,-0.394877,-0.121722
6.9578,39.6680,0.000000,0.012000,-0.703000,0.000000,-0.524000,1.278000,0.006000,-0.001000,0.000000,0.023000,0.000000,-2.141000,0.025987,1.126912,-0.661500,-0.081467,-0.394877,-0.121722
6.9599,39.4080,0.000000,0.012000,-0.703000,0.000000,-0.524000,1.262000,0.000000,0.000000,0.000000,-0.007000,0.001000,-2.157000,0.025987,1.130456,-0.657956,-0.073800,-0.394877,-0.122680
6.9620,39.1550,0.000000,0.012000,-0.703000,0.000000,-0.524000,1.262000,0.000000,0.000000,0.000000,-0.007000,0.001000,-2.157000,0.025987,1.130456,-0.657956,-0.073800,-0.394877,-0.122680
6.9645,38.8520,0.000000,0.012000,-0.703000,0.000000,-0.524000,1.262000,0.003000,0.002000,0.000000,-0.007000,0.001000,-2.157000,0.004725,1.139906,-0.666225,-0.073800,-0.394877,-0.122680
6.9665,38.5990,0.000000,0.012000,-0.703000,0.000000,-0.524000,1.262000,0.003000,0.002000,0.000000,-0.011000,-0.015000,-2.157000,0.004725,1.139906,-0.666225,-0.067091,-0.393919,-0.122680
6.9686,38.3400,0.000000,0.012000,-0.703000,0.000000,-0.524000,1.262000,0.003000,0.002000,0.000000,-0.011000,-0.015000,-2.157000,0.004725,1.139906,-0.666225,-0.067091,-0.393919,-0.122680
6.9707,38.0940,0.000000,0.012000,-0.703000,0.000000,-0.524000,1.247000,0.003000,0.002000,0.000000,-0.011000,0.005000,-2.235000,0.004725,1.139906,-0.666225,-0.067091,-0.392960,-0.128431
6.9727,37.8430,0.000000,0.012000,-0.703000,0.000000,-0.524000,1.247000,0.003000,0.002000,0.000000,-0.011000,0.005000,-2.235000,0.004725,1.139906,-0.666225,-0.067091,-0.392960,-0.128431
6.9749,37.5770,0.000000,0.012000,-0.703000,0.000000,-0.524000,1.231000,0.004000,0.000000,0.001000,0.024000,0.005000,-2.258000,0.016537,1.144631,-0.661500,-0.093927,-0.392960,-0.106387
6.9770,37.3270,0.000000,0.012000,-0.703000,0.000000,-0.524000,1.231000,0.004000,0.000000,0.001000,0.024000,0.005000,-2.258000,0.016537,1.144631,-0.661500,-0.093927,-0.392960,-0.106387
6.9796,37.0110,0.000000,0.012000,-0.703000,0.000000,-0.524000,1.231000,-0.008000,-0.001000,0.000000,-0.026000,-0.005000,-2.258000,0.037800,1.134000,-0.652050,-0.043130,-0.388168,-0.106387
6.9816,36.7600,0.000000,0.012000,-0.703000,0.000000,-0.524000,1.231000,-0.008000,-0.001000,0.000000,-0.026000,-0.005000,-2.258000,0.037800,1.134000,-0.652050,-0.043130,-0.388168,-0.106387
6.9837,36.5140,0.000000,0.012000,-0.703000,0.000000,-0.524000,1.231000,-0.002000,-0.001000,0.000000,-0.026000,-0.005000,-2.258000,0.034256,1.134000,-0.652050,-0.043130,-0.388168,-0.106387
6.9857,36.2640,0.000000,0.012000,-0.703000,0.000000,-0.524000,1.215000,-0.002000,-0.001000,0.000000,-0.026000,-0.003000,-2.295000,0.034256,1.134000,-0.652050,-0.043130,-0.394877,-0.136098
6.9878,36.0140,0.000000,0.012000,-0.703000,0.000000,-0.524000,1.215000,-0.002000,-0.001000,0.000000,-0.026000,-0.003000,-2.295000,0.034256,1.134000,-0.652050,-0.043130,-0.394877,-0.136098
6.9903,35.7110,0.000000,0.012000,-0.703000,0.000000,-0.524000,1.200000,-0.002000,0.004000,0.000000,0.005000,-0.003000,-2.239000,0.034256,1.130456,-0.659137,-0.081467,-0.394877,-0.178270
6.9924,35.4630,0.000000,0.012000,-0.703000,0.000000,-0.524000,1.200000,-0.002000,0.004000,0.000000,0.005000,-0.003000,-2.239000,0.034256,1.130456,-0.659137,-0.081467,-0.394877,-0.178270
6.9944,35.2160,0.000000,0.012000,-0.703000,0.000000,-0.524000,1.200000,-0.002000,0.000000,0.002000,0.005000,-0.003000,-2.239000,0.033075,1.138725,-0.648506,-0.081467,-0.394877,-0.178270
6.9965,34.9680,0.000000,0.012000,-0.703000,0.000000,-0.524000,1.183000,-0.002000,0.000000,0.002000,0.019000,0.011000,-2.462000,0.033075,1.138725,-0.648506,-0.090093,-0.393919,-0.084343
6.9986,34.7210,0.000000,0.012000,-0.703000,0.000000,-0.524000,1.183000,-0.002000,0.000000,0.002000,0.019000,0.011000,-2.462000,0.033075,1.138725,-0.648506,-0.090093,-0.393919,-0.084343
7.0006,34.4740,0.000000,0.012000,-0.703000,0.000000,-0.524000,1.183000,0.000000,-0.001000,0.003000,-0.063000,-0.001000,-2.462000,0.017719,1.144631,-0.687487,-0.056548,-0.396794,-0.084343
7.0027,34.2290,0.000000,0.012000,-0.703000,0.000000,-0.524000,1.183000,0.000000,-0.001000,0.003000,-0.063000,-0.001000,-2.462000,0.017719,1.144631,-0.687487,-0.056548,-0.396794,-0.084343
7.0047,33.9840,0.000000,0.012000,-0.703000,0.000000,-0.525000,1.167000,0.000000,-0.001000,0.003000,-0.063000,-0.007000,-2.314000,0.017719,1.144631,-0.687487,-0.056548,-0.386251,-0.091052
7.0068,33.7390,0.000000,0.012000,-0.703000,0.000000,-0.525000,1.167000,0.000000,-0.001000,0.003000,-0.063000,-0.007000,-2.314000,0.017719,1.144631,-0.687487,-0.056548,-0.386251,-0.091052
7.0090,33.4790,0.000000,0.012000,-0.703000,0.000000,-0.525000,1.167000,-0.004000,0.000000,0.003000,-0.063000,-0.007000,-2.314000,0.034256,1.135181,-0.687487,-0.056548,-0.386251,-0.091052
7.0110,33.2340,0.000000,0.012000,-0.703000,0.000000,-0.525000,1.151000,-0.004000,0.000000,0.000000,0.034000,-0.007000,-2.281000,0.034256,1.135181,-0.662681,-0.076675,-0.386251,-0.141849
7.0135,32.9500,0.000000,0.012000,-0.703000,0.000000,-0.525000,1.151000,-0.004000,0.000000,0.000000,0.034000,-0.007000,-2.281000,0.034256,1.135181,-0.662681,-0.076675,-0.386251,-0.141849
7.0155,32.7070,0.000000,0.012000,-0.703000,0.000000,-0.524000,1.151000,-0.006000,-0.001000,0.000000,0.019000,-0.001000,-2.281000,0.027169,1.132819,-0.661500,-0.103512,-0.394877,-0.141849
7.0176,32.4640,0.000000,0.012000,-0.703000,0.000000,-0.524000,1.151000,-0.006000,-0.001000,0.000000,0.019000,-0.001000,-2.281000,0.027169,1.132819,-0.661500,-0.103512,-0.394877,-0.141849
7.0196,32.2220,0.000000,0.012000,-0.703000,0.000000,-0.524000,1.151000,-0.002000,-0.001000,0.000000,0.019000,-0.001000,-2.281000,0.011813,1.132819,-0.661500,-0.103512,-0.389127,-0.141849
7.0217,31.9830,0.000000,0.012000,-0.703000,0.000000,-0.524000,1.134000,-0.002000,-0.001000,0.000000,0.019000,-0.001000,-2.406000,0.011813,1.132819,-0.661500,-0.103512,-0.389127,-0.092010
7.0237,31.7410,0.000000,0.012000,-0.703000,0.000000,-0.524000,1.134000,-0.002000,-0.001000,0.000000,0.019000,-0.001000,-2.406000,0.011813,1.132819,-0.661500,-0.103512,-0.389127,-0.092010
7.0258,31.5010,0.000000,0.012000,-0.703000,0.000000,-0.524000,1.118000,-0.002000,0.000000,0.003000,-0.026000,-0.001000,-2.254000,0.011813,1.145813,-0.660319,-0.049839,-0.389127,-0.130348
7.0279,31.2600,0.000000,0.012000,-0.703000,0.000000,-0.524000,1.118000,-0.002000,0.000000,0.003000,-0.026000,-0.001000,-2.254000,0.011813,1.145813,-0.660319,-0.049839,-0.389127,-0.130348
7.0299,31.0210,0.000000,0.012000,-0.703000,0.000000,-0.525000,1.102000,0.011000,-0.002000,0.004000,0.013000,-0.019000,-2.270000,-0.001181,1.129275,-0.685125,-0.072841,-0.392960,-0.143766
7.0320,30.7810,0.000000,0.012000,-0.703000,0.000000,-0.525000,1.102000,0.011000,-0.002000,0.004000,0.013000,-0.019000,-2.270000,-0.001181,1.129275,-0.685125,-0.072841,-0.392960,-0.143766
7.0341,30.5400,0.000000,0.012000,-0.703000,0.000000,-0.525000,1.102000,0.005000,0.000000,-0.002000,-0.001000,-0.019000,-2.270000,0.000000,1.143450,-0.653231,-0.080509,-0.392960,-0.143766
7.0361,30.3010,0.000000,0.012000,-0.703000,0.000000,-0.524000,1.102000,0.005000,0.000000,-0.002000,-0.001000,0.009000,-2.270000,0.000000,1.143450,-0.653231,-0.080509,-0.401586,-0.143766
7.0383,30.0470,0.000000,0.012000,-0.703000,0.000000,-0.524000,1.102000,0.005000,0.000000,-0.002000,-0.001000,0.009000,-2.270000,0.000000,1.143450,-0.653231,-0.080509,-0.401586,-0.143766
7.0404,29.8080,0.000000,0.012000,-0.703000,0.000000,-0.525000,1.086000,0.005000,0.000000,-0.002000,-0.001000,-0.019000,-2.352000,0.000000,1.143450,-0.653231,-0.080509,-0.366124,-0.092969
7.0425,29.5710,0.000000,0.012000,-0.703000,0.000000,-0.525000,1.086000,0.005000,0.000000,-0.002000,-0.001000,-0.019000,-2.352000,0.000000,1.143450,-0.653231,-0.080509,-0.366124,-0.092969
7.0451,29.2710,0.000000,0.012000,-0.703000,0.000000,-0.525000,1.086000,0.000000,-0.001000,0.008000,0.001000,-0.019000,-2.352000,0.010631,1.134000,-0.650869,-0.082426,-0.366124,-0.092969
7.0472,29.0350,0.000000,0.012000,-0.703000,0.000000,-0.525000,1.070000,0.000000,-0.001000,0.008000,0.001000,-0.019000,-2.304000,0.010631,1.134000,-0.650869,-0.082426,-0.366124,-0.079551
7.0494,28.7800,0.000000,0.012000,-0.703000,0.000000,-0.525000,1.070000,0.002000,0.002000,0.008000,0.001000,-0.019000,-2.304000,0.016537,1.136362,-0.650869,-0.082426,-0.366124,-0.079551
7.0515,28.5450,0.000000,0.012000,-0.703000,0.000000,-0.524000,1.070000,0.002000,0.002000,0.006000,-0.001000,0.021000,-2.304000,0.016537,1.136362,-0.682762,-0.079551,-0.395836,-0.079551
7.0536,28.2970,0.000000,0.012000,-0.703000,0.000000,-0.524000,1.070000,-0.001000,0.002000,0.006000,-0.001000,0.021000,-2.304000,0.025987,1.136362,-0.682762,-0.079551,-0.395836,-0.079551
7.0557,28.0700,0.000000,0.012000,-0.703000,0.000000,-0.525000,1.053000,-0.001000,0.002000,0.006000,-0.001000,-0.011000,-2.299000,0.025987,1.136362,-0.682762,-0.079551,-0.376667,-0.091052
7.0577,27.8360,0.000000,0.012000,-0.703000,0.000000,-0.525000,1.053000,-0.001000,0.002000,0.006000,-0.001000,-0.011000,-2.299000,0.025987,1.136362,-0.682762,-0.079551,-0.376667,-0.091052
7.0598,27.6040,0.000000,0.012000,-0.703000,0.000000,-0.525000,1.037000,-0.001000,0.001000,-0.008000,-0.026000,-0.011000,-2.270000,0.025987,1.129275,-0.652050,-0.059423,-0.376667,-0.125556
7.0619,27.3720,0.000000,0.012000,-0.703000,0.000000,-0.525000,1.037000,-0.001000,0.001000,-0.008000,-0.026000,-0.011000,-2.270000,0.025987,1.129275,-0.652050,-0.059423,-0.376667,-0.125556
7.0640,27.1290,0.000000,0.012000,-0.703000,0.000000,-0.525000,1.037000,-0.001000,0.001000,-0.008000,-0.026000,-0.011000,-2.270000,0.025987,1.129275,-0.652050,-0.059423,-0.376667,-0.125556
7.0661,26.8990,0.000000,0.012000,-0.703000,0.000000,-0.524000,1.021000,0.005000,0.000000,-0.002000,0.024000,0.026000,-2.237000,0.015356,1.138725,-0.672131,-0.080509,-0.391044,-0.124597
7.0683,26.6540,0.000000,0.012000,-0.703000,0.000000,-0.524000,1.021000,0.005000,0.000000,-0.002000,0.024000,0.026000,-2.237000,0.015356,1.138725,-0.672131,-0.080509,-0.391044,-0.124597
7.0703,26.4260,0.000000,0.012000,-0.703000,0.000000,-0.525000,1.021000,0.005000,0.000000,0.000000,0.001000,0.011000,-2.237000,0.033075,1.135181,-0.653231,-0.072841,-0.373792,-0.124597
7.0724,26.1980,0.000000,0.012000,-0.703000,0.000000,-0.525000,1.021000,0.005000,0.000000,0.000000,0.001000,0.011000,-2.237000,0.033075,1.135181,-0.653231,-0.072841,-0.373792,-0.124597
7.0745,25.9620,0.000000,0.012000,-0.703000,0.000000,-0.525000,1.005000,0.005000,0.000000,0.000000,0.001000,-0.001000,-2.285000,0.033075,1.135181,-0.653231,-0.072841,-0.378584,-0.106387
7.0766,25.7350,0.000000,0.012000,-0.703000,0.000000,-0.525000,1.005000,0.005000,0.000000,0.000000,0.001000,-0.001000,-2.285000,0.033075,1.135181,-0.653231,-0.072841,-0.378584,-0.106387
7.0787,25.5050,0.000000,0.012000,-0.703000,0.000000,-0.525000,1.005000,0.004000,0.000000,0.000000,0.001000,-0.001000,-2.285000,0.033075,1.135181,-0.653231,-0.072841,-0.378584,-0.106387
7.0808,25.2790,0.000000,0.012000,-0.703000,0.000000,-0.525000,0.989000,0.004000,0.005000,0.000000,-0.005000,-0.001000,-2.302000,0.033075,1.124550,-0.668588,-0.081467,-0.378584,-0.086260
7.0828,25.0530,0.000000,0.012000,-0.703000,0.000000,-0.525000,0.989000,0.004000,0.005000,0.000000,-0.005000,-0.001000,-2.302000,0.033075,1.124550,-0.668588,-0.081467,-0.378584,-0.086260
7.0854,24.7790,0.000000,0.012000,-0.703000,0.000000,-0.524000,0.989000,-0.006000,0.002000,0.000000,-0.003000,0.001000,-2.302000,0.051975,1.143450,-0.672131,-0.069966,-0.385293,-0.086260
7.0874,24.5540,0.000000,0.012000,-0.703000,0.000000,-0.524000,0.989000,-0.006000,0.002000,0.000000,-0.003000,0.001000,-2.302000,0.051975,1.143450,-0.672131,-0.069966,-0.385293,-0.086260
7.0898,24.2970,0.000000,0.012000,-0.703000,0.000000,-0.524000,0.989000,-0.008000,0.000000,0.000000,-0.003000,0.001000,-2.302000,0.051975,1.136362,-0.672131,-0.069966,-0.385293,-0.086260
7.0919,24.0750,0.000000,0.012000,-0.703000,0.000000,-0.525000,0.973000,-0.008000,0.000000,0.000000,-0.003000,0.000000,-2.264000,0.051975,1.136362,-0.672131,-0.069966,-0.376667,-0.094886
7.0942,23.8280,0.000000,0.012000,-0.703000,0.000000,-0.525000,0.973000,-0.008000,0.000000,0.000000,-0.003000,0.000000,-2.264000,0.051975,1.136362,-0.672131,-0.069966,-0.376667,-0.094886
7.0963,23.6070,0.000000,0.012000,-0.703000,0.000000,-0.525000,0.957000,-0.008000,0.000000,0.004000,-0.007000,0.000000,-2.308000,0.051975,1.136362,-0.652050,-0.081467,-0.376667,-0.041213
7.0984,23.3830,0.000000,0.012000,-0.703000,0.000000,-0.525000,0.957000,-0.008000,0.000000,0.004000,-0.007000,0.000000,-2.308000,0.051975,1.136362,-0.652050,-0.081467,-0.376667,-0.041213
7.1004,23.1640,0.000000,0.012000,-0.703000,0.000000,-0.525000,0.941000,-0.011000,0.000000,0.000000,0.015000,-0.023000,-2.230000,0.043706,1.138725,-0.669769,-0.077634,-0.381459,-0.055590
7.1025,22.9440,0.000000,0.012000,-0.703000,0.000000,-0.525000,0.941000,-0.011000,0.000000,0.000000,0.015000,-0.023000,-2.230000,0.043706,1.138725,-0.669769,-0.077634,-0.381459,-0.055590
7.1046,22.7230,0.000000,0.012000,-0.703000,0.000000,-0.524000,0.941000,0.000000,0.000000,0.002000,-0.023000,0.005000,-2.230000,0.024806,1.142269,-0.666225,-0.055590,-0.383376,-0.055590
7.1067,22.5050,0.000000,0.012000,-0.703000,0.000000,-0.524000,0.941000,0.000000,0.000000,0.002000,-0.023000,0.005000,-2.230000,0.024806,1.142269,-0.666225,-0.055590,-0.383376,-0.055590
7.1088,22.2840,0.000000,0.012000,-0.703000,0.000000,-0.524000,0.941000,0.000000,0.000000,0.002000,-0.023000,0.005000,-2.230000,0.024806,1.142269,-0.666225,-0.055590,-0.383376,-0.055590
7.1108,22.0690,0.000000,0.012000,-0.703000,0.000000,-0.525000,0.926000,0.000000,0.000000,0.002000,-0.023000,-0.007000,-2.201000,0.024806,1.142269,-0.666225,-0.055590,-0.377625,-0.127473
7.1129,21.8540,0.000000,0.012000,-0.703000,0.000000,-0.525000,0.926000,0.000000,0.000000,0.002000,-0.023000,-0.007000,-2.201000,0.024806,1.142269,-0.666225,-0.055590,-0.377625,-0.127473
7.1150,21.6380,0.000000,0.012000,-0.703000,0.000000,-0.525000,0.910000,0.007000,-0.002000,-0.001000,0.019000,-0.007000,-2.233000,0.014175,1.154081,-0.648506,-0.108304,-0.377625,-0.142808
7.1170,21.4250,0.000000,0.012000,-0.703000,0.000000,-0.525000,0.910000,0.007000,-0.002000,-0.001000,0.019000,-0.007000,-2.233000,0.014175,1.154081,-0.648506,-0.108304,-0.377625,-0.142808
7.1191,21.2120,0.000000,0.012000,-0.703000,0.000000,-0.525000,0.910000,0.007000,-0.002000,-0.001000,0.019000,-0.007000,-2.233000,0.014175,1.154081,-0.648506,-0.108304,-0.377625,-0.142808
7.1212,21.0000,0.000000,0.012000,-0.703000,0.000000,-0.524000,0.910000,0.006000,-0.002000,0.002000,-0.013000,-0.003000,-2.233000,0.018900,1.135181,-0.678037,-0.084343,-0.385293,-0.142808
7.1233,20.7780,0.000000,0.012000,-0.703000,0.000000,-0.524000,0.910000,0.006000,-0.002000,0.002000,-0.013000,-0.003000,-2.233000,0.018900,1.135181,-0.678037,-0.084343,-0.385293,-0.142808
7.1254,20.5680,0.000000,0.012000,-0.703000,0.000000,-0.525000,0.894000,-0.001000,0.000000,0.002000,-0.013000,-0.042000,-2.262000,0.033075,1.138725,-0.678037,-0.084343,-0.367083,-0.121722
7.1275,20.3590,0.000000,0.012000,-0.703000,0.000000,-0.525000,0.894000,-0.001000,0.000000,0.002000,-0.013000,-0.042000,-2.262000,0.033075,1.138725,-0.678037,-0.084343,-0.367083,-0.121722
7.1299,20.1180,0.000000,0.012000,-0.703000,0.000000,-0.525000,0.894000,-0.001000,0.000000,0.008000,-0.013000,-0.042000,-2.262000,0.033075,1.138725,-0.657956,-0.069008,-0.367083,-0.121722
7.1319,19.9100,0.000000,0.012000,-0.703000,0.000000,-0.525000,0.878000,-0.001000,0.000000,0.008000,-0.013000,-0.042000,-2.272000,0.033075,1.138725,-0.657956,-0.069008,-0.367083,-0.056548
7.1340,19.7030,0.000000,0.012000,-0.703000,0.000000,-0.525000,0.863000,-0.001000,0.003000,-0.004000,0.009000,0.011000,-2.214000,0.028350,1.139906,-0.653231,-0.086260,-0.384334,-0.122680
7.1361,19.4970,0.000000,0.012000,-0.703000,0.000000,-0.525000,0.863000,-0.001000,0.003000,-0.004000,0.009000,0.011000,-2.214000,0.028350,1.139906,-0.653231,-0.086260,-0.384334,-0.122680
7.1385,19.2590,0.000000,0.012000,-0.703000,0.000000,-0.525000,0.863000,-0.001000,0.003000,-0.004000,0.009000,0.011000,-2.214000,0.028350,1.139906,-0.653231,-0.086260,-0.384334,-0.122680
7.1405,19.0560,0.000000,0.012000,-0.703000,0.000000,-0.524000,0.863000,0.000000,0.001000,-0.002000,-0.003000,0.011000,-2.214000,0.037800,1.125731,-0.652050,-0.071883,-0.381459,-0.122680
7.1426,18.8520,0.000000,0.012000,-0.703000,0.000000,-0.524000,0.863000,0.000000,0.001000,-0.002000,-0.003000,0.011000,-2.214000,0.037800,1.125731,-0.652050,-0.071883,-0.381459,-0.122680
7.1447,18.6470,0.000000,0.012000,-0.703000,0.000000,-0.525000,0.863000,0.000000,0.001000,-0.002000,-0.003000,-0.009000,-2.214000,0.037800,1.125731,-0.652050,-0.071883,-0.368041,-0.122680
7.1467,18.4460,0.000000,0.012000,-0.703000,0.000000,-0.525000,0.848000,0.000000,0.001000,-0.002000,-0.003000,-0.009000,-2.199000,0.037800,1.125731,-0.652050,-0.071883,-0.368041,-0.118847
7.1489,18.2330,0.000000,0.012000,-0.703000,0.000000,-0.525000,0.848000,-0.005000,0.001000,-0.002000,-0.003000,-0.009000,-2.199000,0.031894,1.136362,-0.652050,-0.071883,-0.368041,-0.118847
7.1510,18.0330,0.000000,0.012000,-0.703000,0.000000,-0.525000,0.832000,-0.005000,0.001000,0.000000,-0.013000,-0.009000,-2.230000,0.031894,1.136362,-0.665044,-0.085301,-0.368041,-0.090093
7.1532,17.8220,0.000000,0.012000,-0.703000,0.000000,-0.525000,0.832000,-0.005000,0.001000,0.000000,-0.013000,-0.009000,-2.230000,0.031894,1.136362,-0.665044,-0.085301,-0.368041,-0.090093
7.1552,17.6250,0.000000,0.012000,-0.703000,0.000000,-0.525000,0.832000,-0.002000,-0.001000,0.000000,0.011000,0.007000,-2.230000,0.033075,1.148175,-0.665044,-0.072841,-0.379542,-0.090093
7.1573,17.4270,0.000000,0.012000,-0.703000,0.000000,-0.525000,0.832000,-0.002000,-0.001000,0.000000,0.011000,0.007000,-2.230000,0.033075,1.148175,-0.665044,-0.072841,-0.379542,-0.090093
7.1594,17.2290,0.000000,0.012000,-0.703000,0.000000,-0.525000,0.832000,0.002000,0.000000,0.000000,-0.013000,0.007000,-2.230000,0.033075,1.132819,-0.665044,-0.071883,-0.379542,-0.090093
7.1614,17.0330,0.000000,0.012000,-0.703000,0.000000,-0.525000,0.816000,0.002000,0.000000,0.000000,-0.013000,-0.005000,-2.176000,0.033075,1.132819,-0.665044,-0.071883,-0.376667,-0.079551
7.1636,16.8320,0.000000,0.012000,-0.703000,0.000000,-0.525000,0.816000,0.002000,0.000000,0.000000,-0.013000,-0.005000,-2.176000,0.033075,1.132819,-0.665044,-0.071883,-0.376667,-0.079551
7.1657,16.6340,0.000000,0.012000,-0.703000,0.000000,-0.525000,0.801000,0.002000,0.000000,-0.002000,-0.013000,-0.005000,-2.153000,0.033075,1.132819,-0.688669,-0.071883,-0.376667,-0.113096
7.1678,16.4410,0.000000,0.012000,-0.703000,0.000000,-0.525000,0.801000,0.002000,0.000000,-0.002000,-0.013000,-0.005000,-2.153000,0.033075,1.132819,-0.688669,-0.071883,-0.376667,-0.113096
7.1698,16.2500,0.000000,0.012000,-0.703000,0.000000,-0.524000,0.786000,0.005000,0.001000,0.001000,0.013000,0.044000,-2.207000,0.017719,1.142269,-0.685125,-0.092010,-0.382418,-0.055590
7.1719,16.0590,0.000000,0.012000,-0.703000,0.000000,-0.524000,0.786000,0.005000,0.001000,0.001000,0.013000,0.044000,-2.207000,0.017719,1.142269,-0.685125,-0.092010,-0.382418,-0.055590
7.1740,15.8610,0.000000,0.012000,-0.703000,0.000000,-0.524000,0.786000,0.004000,0.000000,-0.002000,0.013000,0.044000,-2.207000,0.031894,1.142269,-0.667406,-0.092010,-0.382418,-0.055590
7.1761,15.6710,0.000000,0.012000,-0.703000,0.000000,-0.525000,0.786000,0.004000,0.000000,-0.002000,-0.026000,-0.007000,-2.207000,0.031894,1.142269,-0.667406,-0.065174,-0.370916,-0.055590
7.1787,15.4360,0.000000,0.012000,-0.703000,0.000000,-0.525000,0.786000,0.004000,0.000000,-0.002000,-0.026000,-0.007000,-2.207000,0.031894,1.142269,-0.667406,-0.065174,-0.370916,-0.055590
7.1807,15.2500,0.000000,0.012000,-0.703000,0.000000,-0.525000,0.770000,0.004000,0.000000,-0.002000,-0.026000,-0.009000,-2.201000,0.031894,1.142269,-0.667406,-0.065174,-0.375708,-0.075717
7.1828,15.0640,0.000000,0.012000,-0.703000,0.000000,-0.525000,0.770000,0.004000,0.000000,-0.002000,-0.026000,-0.009000,-2.201000,0.031894,1.142269,-0.667406,-0.065174,-0.375708,-0.075717
7.1849,14.8790,0.000000,0.012000,-0.703000,0.000000,-0.525000,0.755000,-0.008000,-0.002000,-0.002000,0.042000,-0.009000,-2.184000,0.053156,1.142269,-0.654412,-0.117888,-0.375708,-0.076675
7.1869,14.6960,0.000000,0.012000,-0.703000,0.000000,-0.525000,0.755000,-0.008000,-0.002000,-0.002000,0.042000,-0.009000,-2.184000,0.053156,1.142269,-0.654412,-0.117888,-0.375708,-0.076675
7.1890,14.5080,0.000000,0.012000,-0.703000,0.000000,-0.525000,0.755000,-0.007000,0.000000,-0.003000,0.024000,-0.009000,-2.184000,0.033075,1.148175,-0.660319,-0.101595,-0.375708,-0.076675
7.1911,14.3260,0.000000,0.012000,-0.703000,0.000000,-0.525000,0.755000,-0.007000,0.000000,-0.003000,0.024000,-0.013000,-2.184000,0.033075,1.148175,-0.660319,-0.101595,-0.359415,-0.076675
7.1935,14.1190,0.000000,0.012000,-0.703000,0.000000,-0.525000,0.755000,-0.007000,0.000000,-0.003000,0.024000,-0.013000,-2.184000,0.033075,1.148175,-0.660319,-0.101595,-0.359415,-0.076675
7.1955,13.9380,0.000000,0.012000,-0.703000,0.000000,-0.524000,0.740000,0.003000,0.000000,-0.003000,-0.055000,0.026000,-2.178000,0.016537,1.137544,-0.660319,-0.069008,-0.384334,-0.108304
7.1976,13.7590,0.000000,0.012000,-0.703000,0.000000,-0.524000,0.740000,0.003000,0.000000,-0.003000,-0.055000,0.026000,-2.178000,0.016537,1.137544,-0.660319,-0.069008,-0.384334,-0.108304
7.1997,13.5780,0.000000,0.012000,-0.703000,0.000000,-0.524000,0.740000,0.003000,0.000000,0.000000,-0.055000,0.026000,-2.178000,0.016537,1.137544,-0.644962,-0.069008,-0.384334,-0.108304
7.2018,13.4010,0.000000,0.012000,-0.703000,0.000000,-0.524000,0.725000,0.003000,0.000000,0.000000,-0.055000,0.026000,-2.162000,0.016537,1.137544,-0.644962,-0.069008,-0.384334,-0.099678
7.2038,13.2220,0.000000,0.012000,-0.703000,0.000000,-0.524000,0.725000,-0.002000,0.002000,-0.005000,-0.015000,0.026000,-2.162000,0.029531,1.137544,-0.667406,-0.055590,-0.384334,-0.099678
7.2059,13.0470,0.000000,0.012000,-0.703000,0.000000,-0.525000,0.710000,-0.002000,0.002000,-0.005000,-0.015000,-0.019000,-2.145000,0.029531,1.137544,-0.667406,-0.055590,-0.367083,-0.092969
7.2080,12.8660,0.000000,0.012000,-0.703000,0.000000,-0.525000,0.710000,-0.002000,0.002000,-0.005000,-0.015000,-0.019000,-2.145000,0.029531,1.137544,-0.667406,-0.055590,-0.367083,-0.092969
7.2101,12.6940,0.000000,0.012000,-0.703000,0.000000,-0.525000,0.710000,0.000000,-0.001000,0.002000,-0.005000,-0.015000,-2.145000,0.028350,1.148175,-0.667406,-0.075717,-0.354623,-0.092969
7.2122,12.5210,0.000000,0.012000,-0.703000,0.000000,-0.525000,0.710000,0.000000,-0.001000,0.002000,-0.005000,-0.015000,-2.145000,0.028350,1.148175,-0.667406,-0.075717,-0.354623,-0.092969
7.2145,12.3270,0.000000,0.012000,-0.703000,0.000000,-0.525000,0.710000,0.000000,-0.001000,0.002000,-0.005000,-0.015000,-2.145000,0.028350,1.148175,-0.667406,-0.075717,-0.354623,-0.092969
7.2166,12.1570,0.000000,0.012000,-0.703000,0.000000,-0.525000,0.695000,0.000000,-0.001000,0.002000,-0.005000,-0.013000,-2.143000,0.028350,1.148175,-0.667406,-0.075717,-0.367083,-0.096802
7.2187,11.9800,0.000000,0.012000,-0.703000,0.000000,-0.525000,0.695000,0.000000,-0.001000,0.002000,-0.005000,-0.013000,-2.143000,0.028350,1.148175,-0.667406,-0.075717,-0.367083,-0.096802
7.2208,11.8120,0.000000,0.012000,-0.703000,0.000000,-0.525000,0.680000,0.009000,-0.005000,0.008000,0.028000,-0.013000,-2.118000,0.012994,1.138725,-0.653231,-0.086260,-0.367083,-0.010543
7.2229,11.6450,0.000000,0.012000,-0.703000,0.000000,-0.525000,0.680000,0.009000,-0.005000,0.008000,0.028000,-0.013000,-2.118000,0.012994,1.138725,-0.653231,-0.086260,-0.367083,-0.010543
7.2250,11.4730,0.000000,0.012000,-0.703000,0.000000,-0.525000,0.680000,0.002000,0.000000,0.002000,-0.028000,-0.015000,-2.118000,0.031894,1.126912,-0.680400,-0.062299,-0.377625,-0.010543
7.2271,11.3090,0.000000,0.012000,-0.703000,0.000000,-0.525000,0.680000,0.002000,0.000000,0.002000,-0.028000,-0.015000,-2.118000,0.031894,1.126912,-0.680400,-0.062299,-0.377625,-0.010543
7.2294,11.1200,0.000000,0.012000,-0.703000,0.000000,-0.525000,0.680000,-0.001000,0.000000,0.002000,-0.028000,0.032000,-2.118000,0.028350,1.138725,-0.680400,-0.046964,-0.371875,-0.010543
7.2315,10.9570,0.000000,0.012000,-0.703000,0.000000,-0.525000,0.665000,-0.001000,0.000000,0.002000,-0.028000,0.032000,-2.120000,0.028350,1.138725,-0.680400,-0.046964,-0.371875,-0.047922
7.2337,10.7880,0.000000,0.012000,-0.703000,0.000000,-0.525000,0.665000,-0.001000,0.000000,0.002000,-0.028000,0.032000,-2.120000,0.028350,1.138725,-0.680400,-0.046964,-0.371875,-0.047922
7.2357,10.6270,0.000000,0.012000,-0.703000,0.000000,-0.525000,0.650000,-0.001000,0.000000,0.000000,-0.028000,0.032000,-2.084000,0.028350,1.138725,-0.663863,-0.046964,-0.371875,-0.092969
7.2378,10.4680,0.000000,0.012000,-0.703000,0.000000,-0.525000,0.650000,-0.001000,0.000000,0.000000,-0.028000,0.032000,-2.084000,0.028350,1.138725,-0.663863,-0.046964,-0.371875,-0.092969
7.2399,10.3060,0.000000,0.012000,-0.703000,0.000000,-0.525000,0.636000,-0.002000,0.000000,-0.006000,0.011000,0.015000,-2.059000,0.022444,1.156444,-0.673312,-0.069966,-0.380501,-0.082426
7.2420,10.1490,0.000000,0.012000,-0.703000,0.000000,-0.525000,0.636000,-0.002000,0.000000,-0.006000,0.011000,0.015000,-2.059000,0.022444,1.156444,-0.673312,-0.069966,-0.380501,-0.082426
7.2440,9.9930,0.000000,0.012000,-0.703000,0.000000,-0.525000,0.636000,-0.001000,0.002000,0.005000,0.011000,0.015000,-2.059000,0.015356,1.134000,-0.662681,-0.069966,-0.380501,-0.082426
7.2461,9.8380,0.000000,0.012000,-0.703000,0.000000,-0.525000,0.636000,-0.001000,0.002000,0.005000,0.047000,0.003000,-2.059000,0.015356,1.134000,-0.662681,-0.108304,-0.356540,-0.082426
7.2484,9.6700,0.000000,0.012000,-0.703000,0.000000,-0.525000,0.636000,-0.001000,0.002000,0.005000,0.047000,0.003000,-2.059000,0.015356,1.134000,-0.662681,-0.108304,-0.356540,-0.082426
7.2504,9.5170,0.000000,0.012000,-0.703000,0.000000,-0.525000,0.621000,-0.001000,0.002000,0.005000,0.047000,-0.013000,-2.047000,0.015356,1.134000,-0.662681,-0.108304,-0.371875,-0.133223
7.2525,9.3650,0.000000,0.012000,-0.703000,0.000000,-0.525000,0.621000,-0.001000,0.002000,0.005000,0.047000,-0.013000,-2.047000,0.015356,1.134000,-0.662681,-0.108304,-0.371875,-0.133223
7.2546,9.2100,0.000000,0.012000,-0.703000,0.000000,-0.525000,0.607000,0.005000,0.000000,-0.001000,-0.009000,-0.013000,-2.109000,0.014175,1.129275,-0.663863,-0.072841,-0.371875,-0.092010
7.2567,9.0620,0.000000,0.012000,-0.703000,0.000000,-0.525000,0.607000,0.005000,0.000000,-0.001000,-0.009000,-0.013000,-2.109000,0.014175,1.129275,-0.663863,-0.072841,-0.371875,-0.092010
7.2588,8.9110,0.000000,0.012000,-0.703000,0.000000,-0.525000,0.607000,0.005000,0.000000,-0.001000,-0.009000,-0.013000,-2.109000,0.014175,1.129275,-0.663863,-0.072841,-0.371875,-0.092010
7.2608,8.7640,0.000000,0.012000,-0.703000,0.000000,-0.525000,0.607000,0.005000,0.001000,0.006000,-0.032000,-0.017000,-2.109000,0.018900,1.141087,-0.655594,-0.071883,-0.349831,-0.092010
7.2629,8.6170,0.000000,0.012000,-0.703000,0.000000,-0.525000,0.607000,0.005000,0.001000,0.006000,-0.032000,-0.017000,-2.109000,0.018900,1.141087,-0.655594,-0.071883,-0.349831,-0.092010
7.2650,8.4730,0.000000,0.012000,-0.703000,0.000000,-0.525000,0.592000,0.003000,0.000000,0.006000,0.009000,-0.007000,-2.070000,0.010631,1.137544,-0.655594,-0.091052,-0.359415,-0.098719
7.2670,8.3290,0.000000,0.012000,-0.703000,0.000000,-0.525000,0.592000,0.003000,0.000000,0.006000,0.009000,-0.007000,-2.070000,0.010631,1.137544,-0.655594,-0.091052,-0.359415,-0.098719
7.2694,8.1630,0.000000,0.012000,-0.703000,0.000000,-0.525000,0.578000,0.003000,0.000000,0.006000,0.009000,-0.007000,-2.045000,0.010631,1.137544,-0.668588,-0.091052,-0.359415,-0.128431
7.2715,8.0210,0.000000,0.012000,-0.703000,0.000000,-0.525000,0.578000,0.003000,0.000000,0.006000,0.009000,-0.007000,-2.045000,0.010631,1.137544,-0.668588,-0.091052,-0.359415,-0.128431
7.2736,7.8780,0.000000,0.012000,-0.703000,0.000000,-0.525000,0.578000,0.003000,0.000000,0.006000,0.009000,-0.007000,-2.045000,0.010631,1.137544,-0.668588,-0.091052,-0.359415,-0.128431
7.2757,7.7380,0.000000,0.012000,-0.703000,0.000000,-0.525000,0.564000,0.000000,0.003000,0.000000,0.003000,0.015000,-2.045000,0.012994,1.142269,-0.659137,-0.090093,-0.353664,-0.117888
7.2777,7.6000,0.000000,0.012000,-0.703000,0.000000,-0.525000,0.564000,0.000000,0.003000,0.000000,0.003000,0.015000,-2.045000,0.012994,1.142269,-0.659137,-0.090093,-0.353664,-0.117888
7.2798,7.4640,0.000000,0.012000,-0.703000,0.000000,-0.525000,0.564000,-0.003000,0.000000,-0.001000,-0.011000,0.040000,-2.045000,0.009450,1.141087,-0.669769,-0.087218,-0.360373,-0.117888
7.2819,7.3280,0.000000,0.012000,-0.703000,0.000000,-0.525000,0.564000,-0.003000,0.000000,-0.001000,-0.011000,0.040000,-2.045000,0.009450,1.141087,-0.669769,-0.087218,-0.360373,-0.117888
7.2842,7.1770,0.000000,0.012000,-0.703000,0.000000,-0.525000,0.564000,-0.003000,0.000000,-0.001000,-0.011000,0.040000,-2.045000,0.009450,1.141087,-0.669769,-0.087218,-0.360373,-0.117888
7.2862,7.0430,0.000000,0.012000,-0.703000,0.000000,-0.525000,0.549000,-0.003000,0.000000,-0.001000,-0.011000,-0.003000,-2.051000,0.009450,1.141087,-0.669769,-0.087218,-0.340246,-0.088176
7.2884,6.9040,0.000000,0.012000,-0.703000,0.000000,-0.525000,0.549000,-0.003000,0.000000,-0.001000,-0.011000,-0.003000,-2.051000,0.009450,1.141087,-0.669769,-0.087218,-0.340246,-0.088176
7.2905,6.7730,0.000000,0.012000,-0.703000,0.000000,-0.525000,0.535000,0.003000,-0.001000,0.004000,-0.026000,-0.003000,-1.948000,0.011813,1.137544,-0.667406,-0.069966,-0.340246,-0.124597
7.2925,6.6430,0.000000,0.012000,-0.703000,0.000000,-0.525000,0.535000,0.003000,-0.001000,0.004000,-0.026000,-0.003000,-1.948000,0.011813,1.137544,-0.667406,-0.069966,-0.340246,-0.124597
7.2946,6.5130,0.000000,0.012000,-0.703000,0.000000,-0.525000,0.535000,0.000000,0.003000,0.004000,0.009000,0.017000,-1.948000,0.021263,1.141087,-0.674494,-0.097761,-0.365166,-0.124597
7.2967,6.3880,0.000000,0.012000,-0.703000,0.000000,-0.525000,0.535000,0.000000,0.003000,0.004000,0.009000,0.017000,-1.948000,0.021263,1.141087,-0.674494,-0.097761,-0.365166,-0.124597
7.2989,6.2530,0.000000,0.012000,-0.703000,0.000000,-0.525000,0.535000,0.000000,0.000000,0.004000,0.009000,0.017000,-1.948000,0.030713,1.141087,-0.674494,-0.097761,-0.365166,-0.124597
7.3009,6.1280,0.000000,0.012000,-0.703000,0.000000,-0.525000,0.522000,0.000000,0.000000,0.004000,0.021000,-0.005000,-1.934000,0.030713,1.141087,-0.674494,-0.111179,-0.357498,-0.141849
7.3032,5.9920,0.000000,0.012000,-0.703000,0.000000,-0.525000,0.522000,0.000000,0.000000,0.004000,0.021000,-0.005000,-1.934000,0.030713,1.141087,-0.674494,-0.111179,-0.357498,-0.141849
7.3053,5.8650,0.000000,0.012000,-0.703000,0.000000,-0.525000,0.507000,0.000000,0.000000,0.000000,0.021000,-0.005000,-2.057000,0.030713,1.141087,-0.668588,-0.111179,-0.357498,-0.050797
7.3074,5.7430,0.000000,0.012000,-0.703000,0.000000,-0.525000,0.507000,0.000000,0.000000,0.000000,0.021000,-0.005000,-2.057000,0.030713,1.141087,-0.668588,-0.111179,-0.357498,-0.050797
7.3097,5.6090,0.000000,0.012000,-0.703000,0.000000,-0.525000,0.507000,0.001000,-0.001000,-0.003000,0.021000,-0.005000,-2.057000,0.038981,1.155262,-0.657956,-0.111179,-0.357498,-0.050797
7.3118,5.4910,0.000000,0.012000,-0.703000,0.000000,-0.525000,0.494000,0.001000,-0.001000,-0.003000,-0.015000,-0.007000,-1.884000,0.038981,1.155262,-0.657956,-0.101595,-0.356540,-0.108304
7.3139,5.3720,0.000000,0.012000,-0.703000,0.000000,-0.525000,0.494000,0.001000,-0.001000,-0.003000,-0.015000,-0.007000,-1.884000,0.038981,1.155262,-0.657956,-0.101595,-0.356540,-0.108304
7.3159,5.2550,0.000000,0.012000,-0.703000,0.000000,-0.525000,0.494000,-0.011000,0.005000,-0.006000,0.011000,-0.019000,-1.884000,0.051975,1.144631,-0.675675,-0.078592,-0.338329,-0.108304
7.3180,5.1400,0.000000,0.012000,-0.703000,0.000000,-0.525000,0.494000,-0.011000,0.005000,-0.006000,0.011000,-0.019000,-1.884000,0.051975,1.144631,-0.675675,-0.078592,-0.338329,-0.108304
7.3201,5.0260,0.000000,0.012000,-0.703000,0.000000,-0.525000,0.480000,-0.011000,0.005000,-0.006000,0.011000,-0.011000,-1.976000,0.051975,1.144631,-0.675675,-0.078592,-0.346955,-0.059423
7.3221,4.9130,0.000000,0.012000,-0.703000,0.000000,-0.525000,0.480000,-0.011000,0.005000,-0.006000,0.011000,-0.011000,-1.976000,0.051975,1.144631,-0.675675,-0.078592,-0.346955,-0.059423
7.3245,4.7850,0.000000,0.012000,-0.703000,0.000000,-0.525000,0.480000,-0.005000,-0.001000,0.003000,0.000000,-0.011000,-1.976000,0.042525,1.142269,-0.661500,-0.077634,-0.346955,-0.059423
7.3266,4.6750,0.000000,0.012000,-0.703000,0.000000,-0.525000,0.467000,-0.005000,-0.001000,0.003000,0.000000,-0.011000,-1.927000,0.042525,1.142269,-0.661500,-0.077634,-0.346955,-0.099678
7.3289,4.5510,0.000000,0.012000,-0.703000,0.000000,-0.525000,0.467000,-0.005000,-0.001000,0.003000,0.000000,-0.011000,-1.927000,0.042525,1.142269,-0.661500,-0.077634,-0.346955,-0.099678
7.3310,4.4430,0.000000,0.012000,-0.703000,0.000000,-0.525000,0.467000,-0.001000,0.000000,-0.003000,0.026000,-0.015000,-1.927000,0.035438,1.142269,-0.676856,-0.105428,-0.344080,-0.099678
7.3333,4.3220,0.000000,0.012000,-0.703000,0.000000,-0.525000,0.467000,-0.001000,0.000000,-0.003000,0.026000,-0.015000,-1.927000,0.035438,1.142269,-0.676856,-0.105428,-0.344080,-0.099678
7.3354,4.2170,0.000000,0.012000,-0.703000,0.000000,-0.525000,0.453000,0.000000,0.002000,-0.003000,-0.030000,0.013000,-1.917000,0.033075,1.131637,-0.676856,-0.075717,-0.364207,-0.120763
7.3375,4.1140,0.000000,0.012000,-0.703000,0.000000,-0.525000,0.453000,0.000000,0.002000,-0.003000,-0.030000,0.013000,-1.917000,0.033075,1.131637,-0.676856,-0.075717,-0.364207,-0.120763
7.3395,4.0120,0.000000,0.012000,-0.703000,0.000000,-0.525000,0.453000,0.000000,0.002000,0.000000,-0.030000,-0.001000,-1.917000,0.033075,1.131637,-0.660319,-0.075717,-0.340246,-0.120763
7.3416,3.9100,0.000000,0.012000,-0.703000,0.000000,-0.525000,0.440000,0.000000,0.002000,0.000000,-0.030000,-0.001000,-1.854000,0.033075,1.131637,-0.660319,-0.075717,-0.340246,-0.118847
7.3439,3.7990,0.000000,0.012000,-0.703000,0.000000,-0.525000,0.440000,0.000000,0.002000,0.000000,-0.030000,-0.001000,-1.854000,0.033075,1.131637,-0.660319,-0.075717,-0.340246,-0.118847
7.3460,3.7000,0.000000,0.012000,-0.703000,0.000000,-0.525000,0.427000,-0.002000,0.001000,0.007000,-0.021000,-0.001000,-1.980000,0.034256,1.144631,-0.676856,-0.066132,-0.340246,0.067091
7.3480,3.6020,0.000000,0.012000,-0.703000,0.000000,-0.525000,0.427000,-0.002000,0.001000,0.007000,-0.021000,-0.001000,-1.980000,0.034256,1.144631,-0.676856,-0.066132,-0.340246,0.067091
7.3502,3.5020,0.000000,0.012000,-0.703000,0.000000,-0.525000,0.427000,0.004000,0.001000,-0.001000,-0.007000,-0.005000,-1.980000,0.021263,1.151719,-0.637875,-0.073800,-0.336412,0.067091
7.3523,3.4070,0.000000,0.012000,-0.703000,0.000000,-0.525000,0.427000,0.004000,0.001000,-0.001000,-0.007000,-0.005000,-1.980000,0.021263,1.151719,-0.637875,-0.073800,-0.336412,0.067091
7.3546,3.2990,0.000000,0.012000,-0.703000,0.000000,-0.525000,0.427000,0.004000,0.001000,-0.001000,-0.007000,-0.003000,-1.980000,0.023625,1.151719,-0.637875,-0.073800,-0.331620,0.067091
7.3567,3.2090,0.000000,0.012000,-0.703000,0.000000,-0.525000,0.414000,0.004000,0.001000,-0.001000,-0.007000,-0.003000,-1.794000,0.023625,1.151719,-0.637875,-0.073800,-0.331620,-0.056548
7.3587,3.1170,0.000000,0.012000,-0.703000,0.000000,-0.525000,0.414000,0.004000,0.000000,-0.001000,-0.007000,-0.003000,-1.794000,0.023625,1.139906,-0.637875,-0.073800,-0.331620,-0.056548
7.3608,3.0280,0.000000,0.012000,-0.703000,0.000000,-0.525000,0.401000,0.004000,0.000000,-0.002000,-0.009000,-0.003000,-1.752000,0.023625,1.139906,-0.666225,-0.055590,-0.331620,-0.161018
7.3629,2.9390,0.000000,0.012000,-0.703000,0.000000,-0.525000,0.401000,0.004000,0.000000,-0.002000,-0.009000,-0.003000,-1.752000,0.023625,1.139906,-0.666225,-0.055590,-0.331620,-0.161018
7.3651,2.8460,0.000000,0.012000,-0.703000,0.000000,-0.525000,0.401000,0.004000,0.001000,0.000000,0.021000,0.015000,-1.752000,0.014175,1.146994,-0.668588,-0.087218,-0.355581,-0.161018
7.3672,2.7600,0.000000,0.012000,-0.703000,0.000000,-0.525000,0.401000,0.004000,0.001000,0.000000,0.021000,0.015000,-1.752000,0.014175,1.146994,-0.668588,-0.087218,-0.355581,-0.161018
7.3694,2.6680,0.000000,0.012000,-0.703000,0.000000,-0.525000,0.401000,0.005000,0.000000,0.000000,0.001000,-0.019000,-1.752000,0.014175,1.143450,-0.668588,-0.088176,-0.336412,-0.161018
7.3715,2.5850,0.000000,0.012000,-0.703000,0.000000,-0.525000,0.389000,0.005000,0.000000,0.000000,0.001000,-0.019000,-1.821000,0.014175,1.143450,-0.668588,-0.088176,-0.336412,-0.110221
7.3737,2.4990,0.000000,0.012000,-0.703000,0.000000,-0.525000,0.389000,0.005000,0.000000,0.000000,0.001000,-0.019000,-1.821000,0.014175,1.143450,-0.668588,-0.088176,-0.336412,-0.110221
7.3757,2.4180,0.000000,0.012000,-0.703000,0.000000,-0.525000,0.376000,0.005000,0.000000,-0.002000,0.001000,-0.021000,-1.831000,0.014175,1.143450,-0.663863,-0.088176,-0.343122,-0.044088
7.3778,2.3390,0.000000,0.012000,-0.703000,0.000000,-0.525000,0.376000,0.005000,0.000000,-0.002000,0.001000,-0.021000,-1.831000,0.014175,1.143450,-0.663863,-0.088176,-0.343122,-0.044088
7.3800,2.2570,0.000000,0.012000,-0.703000,0.000000,-0.525000,0.363000,0.002000,0.004000,0.001000,-0.007000,-0.021000,-1.750000,0.021263,1.136362,-0.659137,-0.064215,-0.343122,-0.102553
7.3821,2.1800,0.000000,0.012000,-0.703000,0.000000,-0.525000,0.363000,0.002000,0.004000,0.001000,-0.007000,-0.021000,-1.750000,0.021263,1.136362,-0.659137,-0.064215,-0.343122,-0.102553
7.3842,2.1010,0.000000,0.012000,-0.703000,0.000000,-0.525000,0.363000,0.000000,0.000000,0.001000,-0.007000,-0.021000,-1.750000,0.029531,1.158806,-0.659137,-0.064215,-0.343122,-0.102553
7.3863,2.0270,0.000000,0.012000,-0.703000,0.000000,-0.525000,0.363000,0.000000,0.000000,-0.001000,-0.011000,-0.019000,-1.750000,0.029531,1.158806,-0.669769,-0.069008,-0.343122,-0.102553
7.3884,1.9540,0.000000,0.012000,-0.703000,0.000000,-0.525000,0.363000,0.000000,0.000000,-0.001000,-0.011000,-0.019000,-1.750000,0.029531,1.158806,-0.669769,-0.069008,-0.343122,-0.102553
7.3904,1.8830,0.000000,0.012000,-0.703000,0.000000,-0.525000,0.351000,0.000000,0.000000,-0.001000,-0.011000,0.017000,-1.764000,0.030713,1.158806,-0.669769,-0.069008,-0.336412,-0.108304
7.3925,1.8130,0.000000,0.012000,-0.703000,0.000000,-0.525000,0.351000,0.000000,0.000000,-0.001000,-0.011000,0.017000,-1.764000,0.030713,1.158806,-0.669769,-0.069008,-0.336412,-0.108304
7.3946,1.7430,0.000000,0.012000,-0.703000,0.000000,-0.525000,0.351000,0.000000,0.004000,0.005000,0.007000,0.017000,-1.764000,0.030713,1.131637,-0.675675,-0.074758,-0.336412,-0.108304
7.3967,1.6770,0.000000,0.012000,-0.703000,0.000000,-0.525000,0.339000,0.000000,0.004000,0.005000,0.007000,0.017000,-1.714000,0.030713,1.131637,-0.675675,-0.074758,-0.336412,-0.071883
7.3987,1.6100,0.000000,0.012000,-0.703000,0.000000,-0.525000,0.339000,0.003000,0.004000,0.005000,0.007000,0.017000,-1.714000,0.018900,1.131637,-0.675675,-0.074758,-0.336412,-0.071883
7.4008,1.5450,0.000000,0.012000,-0.703000,0.000000,-0.525000,0.339000,0.003000,0.000000,0.000000,0.005000,0.021000,-1.714000,0.018900,1.135181,-0.676856,-0.074758,-0.357498,-0.071883
7.4029,1.4800,0.000000,0.012000,-0.703000,0.000000,-0.525000,0.339000,0.003000,0.000000,0.000000,0.005000,0.021000,-1.714000,0.018900,1.135181,-0.676856,-0.074758,-0.357498,-0.071883
7.4050,1.4180,0.000000,0.012000,-0.703000,0.000000,-0.525000,0.327000,-0.004000,-0.001000,0.000000,-0.021000,-0.001000,-1.729000,0.021263,1.145813,-0.676856,-0.068049,-0.334496,-0.093927
7.4071,1.3560,0.000000,0.012000,-0.703000,0.000000,-0.525000,0.327000,-0.004000,-0.001000,0.000000,-0.021000,-0.001000,-1.729000,0.021263,1.145813,-0.676856,-0.068049,-0.334496,-0.093927
7.4092,1.2960,0.000000,0.012000,-0.703000,0.000000,-0.525000,0.327000,-0.004000,-0.001000,-0.008000,-0.021000,0.024000,-1.729000,0.021263,1.145813,-0.656775,-0.068049,-0.335454,-0.093927
7.4113,1.2380,0.000000,0.012000,-0.703000,0.000000,-0.525000,0.315000,-0.004000,-0.001000,-0.008000,-0.021000,0.024000,-1.645000,0.021263,1.145813,-0.656775,-0.068049,-0.335454,-0.105428
7.4134,1.1790,0.000000,0.012000,-0.703000,0.000000,-0.525000,0.315000,-0.004000,-0.001000,-0.008000,-0.021000,0.024000,-1.645000,0.021263,1.145813,-0.656775,-0.068049,-0.335454,-0.105428
7.4155,1.1230,0.000000,0.012000,-0.703000,0.000000,-0.525000,0.303000,0.001000,-0.002000,-0.004000,0.001000,0.024000,-1.733000,0.015356,1.143450,-0.657956,-0.064215,-0.335454,-0.096802
7.4176,1.0690,0.000000,0.012000,-0.703000,0.000000,-0.525000,0.303000,0.001000,-0.002000,-0.004000,0.001000,0.024000,-1.733000,0.015356,1.143450,-0.657956,-0.064215,-0.335454,-0.096802
7.4196,1.0160,0.000000,0.012000,-0.703000,0.000000,-0.525000,0.303000,0.003000,0.000000,-0.001000,0.009000,0.007000,-1.733000,0.021263,1.146994,-0.656775,-0.074758,-0.337371,-0.096802
7.4217,0.9660,0.000000,0.012000,-0.703000,0.000000,-0.525000,0.303000,0.003000,0.000000,-0.001000,0.009000,0.007000,-1.733000,0.021263,1.146994,-0.656775,-0.074758,-0.337371,-0.096802
7.4240,0.9090,0.000000,0.012000,-0.703000,0.000000,-0.525000,0.303000,0.004000,0.000000,-0.001000,0.009000,0.007000,-1.733000,0.020081,1.146994,-0.656775,-0.074758,-0.337371,-0.096802
7.4260,0.8610,0.000000,0.012000,-0.703000,0.000000,-0.525000,0.292000,0.004000,0.000000,-0.001000,0.009000,0.019000,-1.639000,0.020081,1.146994,-0.656775,-0.074758,-0.342163,-0.071883
7.4283,0.8090,0.000000,0.012000,-0.703000,0.000000,-0.525000,0.292000,0.004000,0.000000,-0.001000,0.009000,0.019000,-1.639000,0.020081,1.146994,-0.656775,-0.074758,-0.342163,-0.071883
7.4304,0.7630,0.000000,0.012000,-0.703000,0.000000,-0.525000,0.280000,0.004000,0.000000,0.003000,0.000000,0.019000,-1.654000,0.020081,1.143450,-0.689850,-0.069966,-0.342163,-0.106387
7.4324,0.7190,0.000000,0.012000,-0.703000,0.000000,-0.525000,0.280000,0.004000,0.000000,0.003000,0.000000,0.019000,-1.654000,0.020081,1.143450,-0.689850,-0.069966,-0.342163,-0.106387
7.4345,0.6750,0.000000,0.012000,-0.703000,0.000000,-0.525000,0.280000,0.000000,-0.001000,-0.005000,-0.001000,0.019000,-1.654000,0.031894,1.149356,-0.668588,-0.074758,-0.345038,-0.106387
7.4366,0.6330,0.000000,0.012000,-0.703000,0.000000,-0.525000,0.280000,0.000000,-0.001000,-0.005000,-0.001000,0.019000,-1.654000,0.031894,1.149356,-0.668588,-0.074758,-0.345038,-0.106387
7.4387,0.5930,0.000000,0.012000,-0.703000,0.000000,-0.525000,0.280000,-0.007000,-0.001000,-0.005000,-0.001000,0.019000,-1.654000,0.036619,1.149356,-0.668588,-0.074758,-0.345038,-0.106387
7.4407,0.5530,0.000000,0.012000,-0.703000,0.000000,-0.525000,0.269000,-0.007000,0.000000,-0.005000,-0.023000,0.011000,-1.612000,0.036619,1.139906,-0.668588,-0.051756,-0.341205,-0.108304
7.4428,0.5150,0.000000,0.012000,-0.703000,0.000000,-0.525000,0.269000,-0.007000,0.000000,-0.005000,-0.023000,0.011000,-1.612000,0.036619,1.139906,-0.668588,-0.051756,-0.341205,-0.108304
7.4449,0.4780,0.000000,0.012000,-0.703000,0.000000,-0.525000,0.258000,-0.007000,0.000000,-0.002000,-0.023000,-0.003000,-1.547000,0.036619,1.139906,-0.662681,-0.051756,-0.342163,-0.099678
7.4469,0.4430,0.000000,0.012000,-0.703000,0.000000,-0.525000,0.258000,-0.007000,0.000000,-0.002000,-0.023000,-0.003000,-1.547000,0.036619,1.139906,-0.662681,-0.051756,-0.342163,-0.099678
7.4492,0.4070,0.000000,0.012000,-0.703000,0.000000,-0.525000,0.258000,-0.010000,0.000000,-0.002000,-0.023000,-0.003000,-1.547000,0.041344,1.139906,-0.662681,-0.051756,-0.342163,-0.099678
7.4512,0.3750,0.000000,0.012000,-0.703000,0.000000,-0.525000,0.248000,-0.010000,0.002000,0.003000,-0.001000,-0.003000,-1.491000,0.041344,1.135181,-0.670950,-0.075717,-0.342163,-0.030670
7.4534,0.3420,0.000000,0.012000,-0.703000,0.000000,-0.525000,0.248000,-0.001000,0.002000,0.003000,-0.001000,-0.003000,-1.491000,0.023625,1.135181,-0.670950,-0.075717,-0.342163,-0.030670
7.4554,0.3130,0.000000,0.012000,-0.703000,0.000000,-0.525000,0.248000,-0.001000,0.000000,-0.002000,-0.013000,0.019000,-1.491000,0.023625,1.146994,-0.670950,-0.064215,-0.342163,-0.030670
7.4575,0.2840,0.000000,0.012000,-0.703000,0.000000,-0.525000,0.248000,-0.001000,0.000000,-0.002000,-0.013000,0.019000,-1.491000,0.023625,1.146994,-0.670950,-0.064215,-0.342163,-0.030670
7.4596,0.2560,0.000000,0.012000,-0.703000,0.000000,-0.525000,0.248000,-0.003000,0.000000,-0.002000,-0.013000,0.009000,-1.491000,0.031894,1.146994,-0.670950,-0.064215,-0.345997,-0.030670
7.4617,0.2310,0.000000,0.012000,-0.703000,0.000000,-0.525000,0.237000,-0.003000,0.000000,-0.002000,-0.013000,0.009000,-1.474000,0.031894,1.146994,-0.670950,-0.064215,-0.345997,-0.112137
7.4638,0.2070,0.000000,0.012000,-0.703000,0.000000,-0.525000,0.237000,-0.003000,-0.001000,-0.001000,-0.013000,0.009000,-1.474000,0.031894,1.136362,-0.654412,-0.064215,-0.345997,-0.112137
7.4658,0.1840,0.000000,0.012000,-0.703000,0.000000,-0.525000,0.227000,-0.003000,-0.001000,-0.001000,0.009000,0.009000,-1.486000,0.031894,1.136362,-0.654412,-0.078592,-0.345997,-0.037379
7.4679,0.1620,0.000000,0.012000,-0.703000,0.000000,-0.525000,0.227000,-0.003000,-0.001000,-0.001000,0.009000,0.009000,-1.486000,0.031894,1.136362,-0.654412,-0.078592,-0.345997,-0.037379
7.4700,0.1420,0.000000,0.012000,-0.703000,0.000000,-0.525000,0.227000,0.003000,0.001000,-0.002000,0.000000,0.011000,-1.486000,0.020081,1.152900,-0.663863,-0.077634,-0.349831,-0.037379
7.4720,0.1230,0.000000,0.012000,-0.703000,0.000000,-0.525000,0.227000,0.003000,0.001000,-0.002000,0.000000,0.011000,-1.486000,0.020081,1.152900,-0.663863,-0.077634,-0.349831,-0.037379
7.4742,0.1050,0.000000,0.012000,-0.703000,0.000000,-0.525000,0.227000,0.002000,0.000000,-0.002000,-0.003000,0.001000,-1.486000,0.031894,1.136362,-0.663863,-0.067091,-0.328745,-0.037379
7.4762,0.0890,0.000000,0.012000,-0.703000,0.000000,-0.525000,0.216000,0.002000,0.000000,-0.002000,-0.003000,0.001000,-1.453000,0.031894,1.136362,-0.663863,-0.067091,-0.328745,-0.035462
7.4783,0.0740,0.000000,0.012000,-0.703000,0.000000,-0.525000,0.216000,0.002000,0.000000,-0.002000,-0.003000,0.001000,-1.453000,0.031894,1.136362,-0.663863,-0.067091,-0.328745,-0.035462
7.4804,0.0600,0.000000,0.012000,-0.703000,0.000000,-0.525000,0.206000,0.002000,0.000000,-0.002000,-0.003000,0.001000,-1.474000,0.031894,1.136362,-0.672131,-0.067091,-0.335454,-0.076675
7.4825,0.0480,0.000000,0.012000,-0.703000,0.000000,-0.525000,0.206000,0.002000,0.000000,-0.002000,-0.003000,0.001000,-1.474000,0.031894,1.136362,-0.672131,-0.067091,-0.335454,-0.076675
7.4846,0.0370,0.000000,0.012000,-0.703000,0.000000,-0.525000,0.206000,0.001000,0.000000,0.002000,0.007000,0.001000,-1.474000,0.033075,1.141087,-0.679219,-0.071883,-0.335454,-0.076675
7.4867,0.0280,0.000000,0.012000,-0.703000,0.000000,-0.525000,0.196000,0.001000,0.000000,0.002000,0.007000,0.001000,-1.418000,0.033075,1.141087,-0.679219,-0.071883,-0.335454,-0.082426
7.4888,0.0190,0.000000,0.012000,-0.703000,0.000000,-0.525000,0.196000,-0.002000,0.002000,-0.004000,0.007000,0.001000,-1.418000,0.034256,1.138725,-0.655594,-0.071883,-0.335454,-0.082426
7.4908,0.0130,0.000000,0.012000,-0.703000,0.000000,-0.525000,0.196000,-0.002000,0.002000,-0.004000,0.000000,-0.013000,-1.418000,0.034256,1.138725,-0.655594,-0.060382,-0.342163,-0.082426
7.4929,0.0070,0.000000,0.012000,-0.703000,0.000000,-0.525000,0.196000,-0.002000,0.002000,-0.004000,0.000000,-0.013000,-1.418000,0.034256,1.138725,-0.655594,-0.060382,-0.342163,-0.082426
7.4949,0.0040,0.000000,0.012000,-0.703000,0.000000,-0.525000,0.187000,0.000000,0.002000,-0.004000,0.000000,0.013000,-1.397000,0.025987,1.138725,-0.655594,-0.060382,-0.344080,-0.124597
7.4970,0.0010,0.000000,0.012000,-0.703000,0.000000,-0.525000,0.187000,0.000000,0.002000,-0.004000,0.000000,0.013000,-1.397000,0.025987,1.138725,-0.655594,-0.060382,-0.344080,-0.124597
7.4992,0.0000,0.000000,0.012000,-0.703000,0.000000,-0.525000,0.178000,0.000000,0.000000,-0.002000,-0.001000,0.013000,-1.278000,0.025987,1.143450,-0.685125,-0.070925,-0.344080,-0.123639
7.5012,0.0000,0.000000,0.012000,-0.703000,0.000000,-0.525000,0.178000,0.000000,0.000000,-0.002000,-0.001000,0.013000,-1.278000,0.025987,1.143450,-0.685125,-0.070925,-0.344080,-0.123639
7.5033,0.0010,0.000000,0.012000,-0.703000,0.000000,-0.525000,0.178000,0.000000,0.000000,-0.002000,-0.001000,0.013000,-1.278000,0.025987,1.143450,-0.685125,-0.070925,-0.344080,-0.123639
7.5054,0.0040,0.000000,0.012000,-0.703000,0.000000,-0.525000,0.178000,-0.005000,0.002000,0.000000,0.011000,0.017000,-1.278000,0.024806,1.141087,-0.673312,-0.066132,-0.333537,-0.123639
7.5074,0.0080,0.000000,0.012000,-0.703000,0.000000,-0.525000,0.178000,-0.005000,0.002000,0.000000,0.011000,0.017000,-1.278000,0.024806,1.141087,-0.673312,-0.066132,-0.333537,-0.123639
7.5095,0.0140,0.000000,0.012000,-0.703000,0.000000,-0.525000,0.168000,0.002000,0.000000,0.000000,0.000000,-0.032000,-1.303000,0.007087,1.142269,-0.673312,-0.055590,-0.330662,-0.059423
7.5116,0.0210,0.000000,0.012000,-0.703000,0.000000,-0.525000,0.168000,0.002000,0.000000,0.000000,0.000000,-0.032000,-1.303000,0.007087,1.142269,-0.673312,-0.055590,-0.330662,-0.059423
7.5139,0.0300,0.000000,0.012000,-0.703000,0.000000,-0.525000,0.168000,0.002000,0.000000,0.000000,0.000000,-0.032000,-1.303000,0.007087,1.142269,-0.673312,-0.055590,-0.330662,-0.059423
7.5159,0.0400,0.000000,0.012000,-0.703000,0.000000,-0.525000,0.159000,0.002000,0.000000,-0.002000,0.000000,0.013000,-1.303000,0.007087,1.142269,-0.667406,-0.055590,-0.333537,-0.061340
7.5180,0.0510,0.000000,0.012000,-0.703000,0.000000,-0.525000,0.159000,0.002000,0.000000,-0.002000,0.000000,0.013000,-1.303000,0.007087,1.142269,-0.667406,-0.055590,-0.333537,-0.061340
7.5200,0.0630,0.000000,0.012000,-0.703000,0.000000,-0.525000,0.151000,0.010000,0.000000,-0.002000,-0.005000,0.013000,-1.232000,0.000000,1.161169,-0.675675,-0.069966,-0.333537,-0.041213
7.5221,0.0770,0.000000,0.012000,-0.703000,0.000000,-0.525000,0.151000,0.010000,0.000000,-0.002000,-0.005000,0.013000,-1.232000,0.000000,1.161169,-0.675675,-0.069966,-0.333537,-0.041213
7.5242,0.0920,0.000000,0.012000,-0.703000,0.000000,-0.525000,0.151000,0.009000,0.000000,0.000000,0.024000,0.013000,-1.232000,0.007087,1.150537,-0.669769,-0.087218,-0.333537,-0.041213
7.5262,0.1080,0.000000,0.012000,-0.703000,0.000000,-0.525000,0.151000,0.009000,0.000000,0.000000,0.024000,-0.013000,-1.232000,0.007087,1.150537,-0.669769,-0.087218,-0.334496,-0.041213
7.5284,0.1270,0.000000,0.012000,-0.703000,0.000000,-0.525000,0.151000,0.009000,0.000000,0.000000,0.024000,-0.013000,-1.232000,0.007087,1.150537,-0.669769,-0.087218,-0.334496,-0.041213
7.5304,0.1460,0.000000,0.012000,-0.703000,0.000000,-0.525000,0.142000,0.005000,0.000000,0.000000,0.024000,0.007000,-1.177000,0.015356,1.150537,-0.669769,-0.087218,-0.340246,-0.065174
7.5325,0.1660,0.000000,0.012000,-0.703000,0.000000,-0.525000,0.142000,0.005000,0.000000,0.000000,0.024000,0.007000,-1.177000,0.015356,1.150537,-0.669769,-0.087218,-0.340246,-0.065174
7.5346,0.1890,0.000000,0.012000,-0.703000,0.000000,-0.525000,0.134000,0.005000,0.002000,0.000000,-0.015000,0.007000,-1.179000,0.015356,1.143450,-0.670950,-0.080509,-0.340246,-0.096802
7.5367,0.2120,0.000000,0.012000,-0.703000,0.000000,-0.525000,0.134000,0.005000,0.002000,0.000000,-0.015000,0.007000,-1.179000,0.015356,1.143450,-0.670950,-0.080509,-0.340246,-0.096802
7.5387,0.2360,0.000000,0.012000,-0.703000,0.000000,-0.525000,0.134000,0.005000,0.000000,0.000000,-0.015000,0.007000,-1.179000,0.020081,1.132819,-0.670950,-0.080509,-0.340246,-0.096802
7.5408,0.2620,0.000000,0.012000,-0.703000,0.000000,-0.525000,0.134000,0.005000,0.000000,-0.001000,-0.015000,-0.015000,-1.179000,0.020081,1.132819,-0.669769,-0.070925,-0.338329,-0.096802
7.5428,0.2890,0.000000,0.012000,-0.703000,0.000000,-0.525000,0.134000,0.005000,0.000000,-0.001000,-0.015000,-0.015000,-1.179000,0.020081,1.132819,-0.669769,-0.070925,-0.338329,-0.096802
7.5453,0.3230,0.000000,0.012000,-0.703000,0.000000,-0.525000,0.126000,0.001000,-0.001000,-0.001000,-0.023000,0.001000,-1.165000,0.022444,1.145813,-0.669769,-0.071883,-0.328745,-0.101595
7.5474,0.3530,0.000000,0.012000,-0.703000,0.000000,-0.525000,0.126000,0.001000,-0.001000,-0.001000,-0.023000,0.001000,-1.165000,0.022444,1.145813,-0.669769,-0.071883,-0.328745,-0.101595
7.5498,0.3910,0.000000,0.012000,-0.703000,0.000000,-0.525000,0.126000,0.001000,-0.001000,0.001000,-0.023000,0.013000,-1.165000,0.022444,1.145813,-0.673312,-0.071883,-0.326828,-0.101595
7.5519,0.4240,0.000000,0.012000,-0.703000,0.000000,-0.525000,0.119000,0.001000,-0.001000,0.001000,-0.023000,0.013000,-1.112000,0.022444,1.145813,-0.673312,-0.071883,-0.326828,-0.007668
7.5539,0.4580,0.000000,0.012000,-0.703000,0.000000,-0.525000,0.119000,-0.003000,0.002000,0.000000,-0.007000,0.013000,-1.112000,0.024806,1.154081,-0.667406,-0.054631,-0.326828,-0.007668
7.5560,0.4940,0.000000,0.012000,-0.703000,0.000000,-0.525000,0.111000,-0.003000,0.002000,0.000000,-0.007000,0.013000,-0.979000,0.024806,1.154081,-0.667406,-0.054631,-0.326828,-0.034504
7.5584,0.5380,0.000000,0.012000,-0.703000,0.000000,-0.525000,0.111000,-0.003000,0.002000,0.000000,-0.007000,0.013000,-0.979000,0.024806,1.154081,-0.667406,-0.054631,-0.326828,-0.034504
7.5605,0.5760,0.000000,0.012000,-0.703000,0.000000,-0.525000,0.111000,0.007000,0.001000,-0.005000,-0.013000,0.013000,-0.979000,0.018900,1.141087,-0.673312,-0.048880,-0.331620,-0.034504
7.5626,0.6160,0.000000,0.012000,-0.703000,0.000000,-0.525000,0.111000,0.007000,0.001000,-0.005000,-0.013000,0.013000,-0.979000,0.018900,1.141087,-0.673312,-0.048880,-0.331620,-0.034504
7.5647,0.6580,0.000000,0.012000,-0.703000,0.000000,-0.525000,0.111000,0.001000,0.001000,-0.005000,-0.013000,0.011000,-0.979000,0.056700,1.141087,-0.673312,-0.048880,-0.327786,-0.034504
7.5667,0.7010,0.000000,0.012000,-0.703000,0.000000,-0.525000,0.104000,0.001000,0.001000,-0.005000,-0.013000,0.011000,-0.989000,0.056700,1.141087,-0.673312,-0.048880,-0.327786,-0.068049
7.5688,0.7450,0.000000,0.012000,-0.703000,0.000000,-0.525000,0.104000,0.001000,0.000000,-0.005000,-0.013000,0.011000,-0.989000,0.056700,1.154081,-0.673312,-0.048880,-0.327786,-0.068049
7.5709,0.7900,0.000000,0.012000,-0.703000,0.000000,-0.525000,0.097000,0.001000,0.000000,0.001000,0.028000,0.011000,-1.062000,0.056700,1.154081,-0.673312,-0.074758,-0.327786,-0.071883
7.5729,0.8370,0.000000,0.012000,-0.703000,0.000000,-0.525000,0.097000,0.001000,0.000000,0.001000,0.028000,0.011000,-1.062000,0.056700,1.154081,-0.673312,-0.074758,-0.327786,-0.071883
7.5750,0.8850,0.000000,0.012000,-0.703000,0.000000,-0.525000,0.090000,-0.014000,-0.003000,0.002000,-0.007000,0.024000,-0.981000,0.063787,1.148175,-0.665044,-0.071883,-0.320119,-0.091052
7.5771,0.9350,0.000000,0.012000,-0.703000,0.000000,-0.525000,0.090000,-0.014000,-0.003000,0.002000,-0.007000,0.024000,-0.981000,0.063787,1.148175,-0.665044,-0.071883,-0.320119,-0.091052
7.5791,0.9850,0.000000,0.012000,-0.703000,0.000000,-0.525000,0.090000,0.001000,0.002000,0.002000,-0.003000,0.024000,-0.981000,0.022444,1.141087,-0.665044,-0.066132,-0.320119,-0.091052
7.5812,1.0370,0.000000,0.012000,-0.703000,0.000000,-0.525000,0.090000,0.001000,0.002000,0.002000,-0.003000,-0.040000,-0.981000,0.022444,1.141087,-0.665044,-0.066132,-0.305742,-0.091052
7.5833,1.0910,0.000000,0.012000,-0.703000,0.000000,-0.525000,0.090000,0.001000,0.002000,0.002000,-0.003000,-0.040000,-0.981000,0.022444,1.141087,-0.665044,-0.066132,-0.305742,-0.091052
7.5855,1.1490,0.000000,0.012000,-0.703000,0.000000,-0.525000,0.084000,0.001000,0.002000,-0.003000,-0.003000,0.017000,-0.960000,0.022444,1.141087,-0.655594,-0.066132,-0.330662,-0.106387
7.5876,1.2050,0.000000,0.012000,-0.703000,0.000000,-0.525000,0.084000,0.001000,0.002000,-0.003000,-0.003000,0.017000,-0.960000,0.022444,1.141087,-0.655594,-0.066132,-0.330662,-0.106387
7.5896,1.2630,0.000000,0.012000,-0.703000,0.000000,-0.525000,0.084000,0.003000,0.000000,0.003000,0.028000,0.017000,-0.960000,0.004725,1.144631,-0.657956,-0.077634,-0.330662,-0.106387
7.5917,1.3210,0.000000,0.012000,-0.703000,0.000000,-0.525000,0.078000,0.003000,0.000000,0.003000,0.028000,0.017000,-0.801000,0.004725,1.144631,-0.657956,-0.077634,-0.330662,-0.076675
7.5937,1.3810,0.000000,0.012000,-0.703000,0.000000,-0.525000,0.078000,0.002000,0.000000,0.003000,0.028000,0.017000,-0.801000,0.022444,1.146994,-0.657956,-0.077634,-0.330662,-0.076675
7.5958,1.4420,0.000000,0.012000,-0.703000,0.000000,-0.525000,0.078000,0.002000,0.000000,-0.002000,0.017000,-0.009000,-0.801000,0.022444,1.146994,-0.656775,-0.071883,-0.329703,-0.076675
7.5979,1.5050,0.000000,0.012000,-0.703000,0.000000,-0.525000,0.078000,0.002000,0.000000,-0.002000,0.017000,-0.009000,-0.801000,0.022444,1.146994,-0.656775,-0.071883,-0.329703,-0.076675
7.5999,1.5680,0.000000,0.012000,-0.703000,0.000000,-0.525000,0.071000,-0.002000,0.000000,-0.002000,0.017000,-0.011000,-1.031000,0.034256,1.146994,-0.656775,-0.071883,-0.330662,0.123639
7.6020,1.6330,0.000000,0.012000,-0.703000,0.000000,-0.525000,0.071000,-0.002000,0.000000,-0.002000,0.017000,-0.011000,-1.031000,0.034256,1.146994,-0.656775,-0.071883,-0.330662,0.123639
7.6045,1.7140,0.000000,0.012000,-0.703000,0.000000,-0.525000,0.065000,-0.002000,0.001000,0.000000,0.017000,-0.011000,-0.742000,0.034256,1.142269,-0.668588,-0.069966,-0.330662,-0.031629
7.6066,1.7820,0.000000,0.012000,-0.703000,0.000000,-0.525000,0.065000,-0.002000,0.001000,0.000000,0.017000,-0.011000,-0.742000,0.034256,1.142269,-0.668588,-0.069966,-0.330662,-0.031629
7.6087,1.8530,0.000000,0.012000,-0.703000,0.000000,-0.525000,0.065000,-0.002000,0.001000,0.000000,0.017000,-0.011000,-0.742000,0.034256,1.142269,-0.668588,-0.069966,-0.330662,-0.031629
7.6107,1.9230,0.000000,0.012000,-0.703000,0.000000,-0.525000,0.060000,0.001000,0.000000,-0.001000,-0.040000,-0.011000,-0.680000,0.024806,1.141087,-0.670950,-0.037379,-0.327786,-0.111179
7.6128,1.9950,0.000000,0.012000,-0.703000,0.000000,-0.525000,0.060000,0.001000,0.000000,-0.001000,-0.040000,-0.011000,-0.680000,0.024806,1.141087,-0.670950,-0.037379,-0.327786,-0.111179
7.6149,2.0680,0.000000,0.012000,-0.703000,0.000000,-0.525000,0.060000,0.002000,0.001000,-0.001000,0.009000,-0.021000,-0.680000,0.037800,1.146994,-0.670950,-0.068049,-0.327786,-0.111179
7.6169,2.1430,0.000000,0.012000,-0.703000,0.000000,-0.525000,0.060000,0.002000,0.001000,-0.001000,0.009000,-0.021000,-0.680000,0.037800,1.146994,-0.670950,-0.068049,-0.327786,-0.111179
7.6190,2.2200,0.000000,0.012000,-0.703000,0.000000,-0.525000,0.060000,0.002000,0.001000,-0.006000,0.009000,-0.021000,-0.680000,0.037800,1.146994,-0.674494,-0.068049,-0.327786,-0.111179
7.6211,2.2980,0.000000,0.012000,-0.703000,0.000000,-0.525000,0.055000,0.002000,0.001000,-0.006000,0.009000,0.011000,-0.694000,0.037800,1.146994,-0.674494,-0.068049,-0.320119,-0.113096
7.6234,2.3860,0.000000,0.012000,-0.703000,0.000000,-0.525000,0.055000,0.002000,0.001000,-0.006000,0.009000,0.011000,-0.694000,0.037800,1.146994,-0.674494,-0.068049,-0.320119,-0.113096
7.6255,2.4650,0.000000,0.012000,-0.703000,0.000000,-0.525000,0.050000,0.001000,0.000000,0.004000,-0.009000,0.011000,-0.688000,0.025987,1.145813,-0.670950,-0.061340,-0.320119,-0.070925
7.6275,2.5470,0.000000,0.012000,-0.703000,0.000000,-0.525000,0.050000,0.001000,0.000000,0.004000,-0.009000,0.011000,-0.688000,0.025987,1.145813,-0.670950,-0.061340,-0.320119,-0.070925
7.6296,2.6300,0.000000,0.012000,-0.703000,0.000000,-0.525000,0.050000,-0.001000,0.004000,-0.008000,0.017000,-0.013000,-0.688000,0.027169,1.143450,-0.673312,-0.072841,-0.326828,-0.070925
7.6317,2.7120,0.000000,0.012000,-0.703000,0.000000,-0.525000,0.050000,-0.001000,0.004000,-0.008000,0.017000,-0.013000,-0.688000,0.027169,1.143450,-0.673312,-0.072841,-0.326828,-0.070925
7.6338,2.8020,0.000000,0.012000,-0.703000,0.000000,-0.525000,0.050000,0.005000,0.004000,-0.008000,0.017000,-0.013000,-0.688000,0.029531,1.143450,-0.673312,-0.072841,-0.326828,-0.070925
7.6359,2.8880,0.000000,0.012000,-0.703000,0.000000,-0.525000,0.045000,0.005000,0.004000,-0.008000,0.017000,-0.007000,-0.592000,0.029531,1.143450,-0.673312,-0.072841,-0.321077,-0.029712
7.6381,2.9810,0.000000,0.012000,-0.703000,0.000000,-0.525000,0.045000,0.005000,0.004000,-0.008000,0.017000,-0.007000,-0.592000,0.029531,1.143450,-0.673312,-0.072841,-0.321077,-0.029712
7.6402,3.0700,0.000000,0.012000,-0.703000,0.000000,-0.525000,0.040000,0.005000,0.000000,0.001000,-0.021000,-0.007000,-0.655000,0.029531,1.151719,-0.657956,-0.030670,-0.321077,-0.015335
7.6422,3.1600,0.000000,0.012000,-0.703000,0.000000,-0.525000,0.040000,0.005000,0.000000,0.001000,-0.021000,-0.007000,-0.655000,0.029531,1.151719,-0.657956,-0.030670,-0.321077,-0.015335
7.6443,3.2510,0.000000,0.012000,-0.703000,0.000000,-0.525000,0.040000,0.002000,0.000000,0.000000,0.019000,-0.007000,-0.655000,0.034256,1.146994,-0.659137,-0.052714,-0.321077,-0.015335
7.6464,3.3440,0.000000,0.012000,-0.703000,0.000000,-0.525000,0.036000,0.002000,0.000000,0.000000,0.019000,-0.019000,-0.673000,0.034256,1.146994,-0.659137,-0.052714,-0.316285,-0.054631
7.6486,3.4460,0.000000,0.012000,-0.703000,0.000000,-0.525000,0.036000,-0.003000,0.000000,0.000000,0.019000,-0.019000,-0.673000,0.029531,1.146994,-0.659137,-0.052714,-0.316285,-0.054631
7.6507,3.5410,0.000000,0.012000,-0.703000,0.000000,-0.525000,0.036000,-0.003000,-0.001000,0.001000,0.011000,-0.026000,-0.673000,0.029531,1.142269,-0.668588,-0.060382,-0.338329,-0.054631
7.6527,3.6380,0.000000,0.012000,-0.703000,0.000000,-0.525000,0.036000,-0.003000,-0.001000,0.001000,0.011000,-0.026000,-0.673000,0.029531,1.142269,-0.668588,-0.060382,-0.338329,-0.054631
7.6549,3.7390,0.000000,0.012000,-0.703000,0.000000,-0.525000,0.032000,-0.003000,-0.001000,0.001000,0.011000,-0.001000,-0.579000,0.029531,1.142269,-0.668588,-0.060382,-0.315327,-0.026836
7.6569,3.8380,0.000000,0.012000,-0.703000,0.000000,-0.525000,0.032000,-0.003000,-0.001000,0.001000,0.011000,-0.001000,-0.579000,0.029531,1.142269,-0.668588,-0.060382,-0.315327,-0.026836
7.6590,3.9380,0.000000,0.012000,-0.703000,0.000000,-0.525000,0.032000,-0.004000,0.000000,-0.001000,-0.005000,-0.001000,-0.579000,0.049612,1.152900,-0.655594,-0.058465,-0.315327,-0.026836
7.6610,4.0390,0.000000,0.012000,-0.703000,0.000000,-0.525000,0.028000,-0.004000,0.000000,-0.001000,-0.005000,-0.001000,-0.646000,0.049612,1.152900,-0.655594,-0.058465,-0.315327,-0.109262
7.6633,4.1540,0.000000,0.012000,-0.703000,0.000000,-0.525000,0.028000,-0.004000,0.000000,-0.001000,-0.005000,-0.001000,-0.646000,0.049612,1.152900,-0.655594,-0.058465,-0.315327,-0.109262
7.6655,4.2610,0.000000,0.012000,-0.703000,0.000000,-0.525000,0.028000,0.002000,0.001000,-0.001000,0.015000,-0.003000,-0.646000,0.021263,1.146994,-0.675675,-0.065174,-0.314368,-0.109262
7.6675,4.3670,0.000000,0.012000,-0.703000,0.000000,-0.525000,0.028000,0.002000,0.001000,-0.001000,0.015000,-0.003000,-0.646000,0.021263,1.146994,-0.675675,-0.065174,-0.314368,-0.109262
7.6697,4.4770,0.000000,0.012000,-0.703000,0.000000,-0.525000,0.025000,0.004000,0.001000,-0.001000,0.015000,-0.003000,-0.456000,0.031894,1.146994,-0.675675,-0.065174,-0.330662,-0.000958
7.6717,4.5840,0.000000,0.012000,-0.703000,0.000000,-0.525000,0.025000,0.004000,0.001000,-0.001000,0.015000,-0.003000,-0.456000,0.031894,1.146994,-0.675675,-0.065174,-0.330662,-0.000958
7.6738,4.6930,0.000000,0.012000,-0.703000,0.000000,-0.525000,0.025000,0.004000,0.001000,-0.001000,0.015000,-0.003000,-0.456000,0.031894,1.146994,-0.675675,-0.065174,-0.330662,-0.000958
7.6758,4.8040,0.000000,0.012000,-0.703000,0.000000,-0.525000,0.021000,0.004000,-0.001000,0.002000,0.007000,-0.003000,-0.437000,0.031894,1.138725,-0.669769,-0.062299,-0.330662,-0.136098
7.6779,4.9160,0.000000,0.012000,-0.703000,0.000000,-0.525000,0.021000,0.004000,-0.001000,0.002000,0.007000,-0.003000,-0.437000,0.031894,1.138725,-0.669769,-0.062299,-0.330662,-0.136098
7.6800,5.0310,0.000000,0.012000,-0.703000,0.000000,-0.525000,0.018000,-0.003000,0.001000,0.001000,0.026000,0.000000,-0.531000,0.037800,1.151719,-0.666225,-0.065174,-0.325870,-0.009584
7.6821,5.1450,0.000000,0.012000,-0.703000,0.000000,-0.525000,0.018000,-0.003000,0.001000,0.001000,0.026000,0.000000,-0.531000,0.037800,1.151719,-0.666225,-0.065174,-0.325870,-0.009584
7.6843,5.2680,0.000000,0.012000,-0.703000,0.000000,-0.525000,0.018000,-0.006000,0.000000,0.001000,-0.007000,0.013000,-0.531000,0.037800,1.151719,-0.662681,-0.071883,-0.334496,-0.009584
7.6864,5.3850,0.000000,0.012000,-0.703000,0.000000,-0.525000,0.018000,-0.006000,0.000000,0.001000,-0.007000,0.013000,-0.531000,0.037800,1.151719,-0.662681,-0.071883,-0.334496,-0.009584
7.6886,5.5110,0.000000,0.012000,-0.703000,0.000000,-0.525000,0.018000,-0.006000,0.000000,0.001000,-0.007000,0.013000,-0.531000,0.037800,1.151719,-0.662681,-0.071883,-0.334496,-0.009584
7.6906,5.6300,0.000000,0.012000,-0.703000,0.000000,-0.525000,0.015000,-0.006000,0.000000,0.001000,-0.007000,0.017000,-0.385000,0.037800,1.151719,-0.662681,-0.071883,-0.309576,-0.077634
7.6927,5.7480,0.000000,0.012000,-0.703000,0.000000,-0.525000,0.015000,-0.006000,0.000000,0.001000,-0.007000,0.017000,-0.385000,0.037800,1.151719,-0.662681,-0.071883,-0.309576,-0.077634
7.6948,5.8730,0.000000,0.012000,-0.703000,0.000000,-0.525000,0.013000,0.001000,-0.002000,-0.003000,0.001000,0.017000,-0.446000,0.030713,1.152900,-0.682762,-0.064215,-0.309576,-0.087218
7.6969,5.9960,0.000000,0.012000,-0.703000,0.000000,-0.525000,0.013000,0.001000,-0.002000,-0.003000,0.001000,0.017000,-0.446000,0.030713,1.152900,-0.682762,-0.064215,-0.309576,-0.087218
7.6990,6.1260,0.000000,0.012000,-0.703000,0.000000,-0.525000,0.013000,-0.004000,-0.002000,-0.003000,0.001000,0.017000,-0.446000,0.027169,1.152900,-0.682762,-0.064215,-0.309576,-0.087218
7.7011,6.2510,0.000000,0.012000,-0.703000,0.000000,-0.525000,0.013000,-0.004000,-0.003000,0.002000,-0.017000,-0.007000,-0.446000,0.027169,1.145813,-0.660319,-0.046964,-0.322994,-0.087218
7.7036,6.4040,0.000000,0.012000,-0.703000,0.000000,-0.525000,0.013000,-0.004000,-0.003000,0.002000,-0.017000,-0.007000,-0.446000,0.027169,1.145813,-0.660319,-0.046964,-0.322994,-0.087218
7.7057,6.5320,0.000000,0.012000,-0.703000,0.000000,-0.525000,0.010000,0.004000,-0.003000,0.002000,-0.017000,-0.021000,-0.348000,0.029531,1.145813,-0.660319,-0.046964,-0.331620,-0.128431
7.7077,6.6610,0.000000,0.012000,-0.703000,0.000000,-0.525000,0.010000,0.004000,-0.003000,0.002000,-0.017000,-0.021000,-0.348000,0.029531,1.145813,-0.660319,-0.046964,-0.331620,-0.128431
7.7098,6.7910,0.000000,0.012000,-0.703000,0.000000,-0.525000,0.009000,0.004000,-0.001000,0.002000,0.063000,-0.021000,-0.136000,0.029531,1.143450,-0.661500,-0.076675,-0.331620,-0.214691
7.7119,6.9250,0.000000,0.012000,-0.703000,0.000000,-0.525000,0.009000,0.004000,-0.001000,0.002000,0.063000,-0.021000,-0.136000,0.029531,1.143450,-0.661500,-0.076675,-0.331620,-0.214691
7.7140,7.0620,0.000000,0.012000,-0.703000,0.000000,-0.525000,0.009000,-0.001000,0.000000,0.002000,0.063000,-0.021000,-0.136000,0.038981,1.151719,-0.668588,-0.076675,-0.331620,-0.214691
7.7161,7.1950,0.000000,0.012000,-0.703000,0.000000,-0.525000,0.007000,-0.001000,0.000000,0.002000,0.044000,0.011000,-0.021000,0.038981,1.151719,-0.668588,-0.085301,-0.328745,-0.151434
7.7185,7.3500,0.000000,0.012000,-0.703000,0.000000,-0.525000,0.007000,-0.001000,0.000000,0.002000,0.044000,0.011000,-0.021000,0.038981,1.151719,-0.668588,-0.085301,-0.328745,-0.151434
7.7205,7.4860,0.000000,0.012000,-0.703000,0.000000,-0.525000,0.007000,-0.005000,0.001000,-0.002000,-0.034000,0.013000,-0.021000,0.046069,1.144631,-0.661500,-0.058465,-0.316285,-0.151434
7.7226,7.6230,0.000000,0.012000,-0.703000,0.000000,-0.525000,0.007000,-0.005000,0.001000,-0.002000,-0.034000,0.013000,-0.021000,0.046069,1.144631,-0.661500,-0.058465,-0.316285,-0.151434
7.7247,7.7600,0.000000,0.012000,-0.703000,0.000000,-0.525000,0.004000,-0.005000,0.001000,-0.002000,-0.034000,0.011000,-0.205000,0.046069,1.144631,-0.661500,-0.058465,-0.315327,0.130348
7.7267,7.9000,0.000000,0.012000,-0.703000,0.000000,-0.525000,0.004000,-0.005000,0.001000,-0.002000,-0.034000,0.011000,-0.205000,0.046069,1.144631,-0.661500,-0.058465,-0.315327,0.130348
7.7290,8.0560,0.000000,0.012000,-0.703000,0.000000,-0.525000,0.004000,0.000000,0.000000,-0.002000,-0.034000,0.011000,-0.205000,0.030713,1.144631,-0.656775,-0.058465,-0.315327,0.130348
7.7311,8.1980,0.000000,0.012000,-0.703000,0.000000,-0.525000,0.004000,0.000000,0.000000,-0.002000,-0.053000,0.011000,-0.174000,0.030713,1.144631,-0.656775,-0.051756,-0.315327,-0.237693
7.7335,8.3620,0.000000,0.012000,-0.703000,0.000000,-0.525000,0.004000,0.000000,0.000000,-0.002000,-0.053000,0.011000,-0.174000,0.030713,1.144631,-0.656775,-0.051756,-0.315327,-0.237693
7.7355,8.5080,0.000000,0.012000,-0.703000,0.000000,-0.525000,0.004000,-0.002000,0.000000,0.000000,0.078000,0.000000,-0.174000,0.040162,1.150537,-0.670950,-0.118847,-0.318202,-0.237693
7.7376,8.6530,0.000000,0.012000,-0.703000,0.000000,-0.525000,0.004000,-0.002000,0.000000,0.000000,0.078000,0.000000,-0.174000,0.040162,1.150537,-0.670950,-0.118847,-0.318202,-0.237693
7.7397,8.8010,0.000000,0.012000,-0.703000,0.000000,-0.525000,0.002000,-0.004000,0.000000,0.000000,0.078000,-0.019000,-0.051000,0.033075,1.150537,-0.670950,-0.118847,-0.322994,-0.069966
7.7418,8.9490,0.000000,0.012000,-0.703000,0.000000,-0.525000,0.002000,-0.004000,0.000000,0.000000,0.078000,-0.019000,-0.051000,0.033075,1.150537,-0.670950,-0.118847,-0.322994,-0.069966
7.7440,9.1070,0.000000,0.012000,-0.703000,0.000000,-0.525000,0.002000,-0.004000,0.000000,0.000000,0.078000,-0.019000,-0.051000,0.033075,1.150537,-0.670950,-0.118847,-0.322994,-0.069966
7.7460,9.2580,0.000000,0.012000,-0.703000,0.000000,-0.525000,0.001000,-0.004000,-0.002000,-0.001000,-0.046000,-0.019000,-0.138000,0.033075,1.138725,-0.674494,-0.019169,-0.322994,-0.150475
7.7484,9.4270,0.000000,0.012000,-0.703000,0.000000,-0.525000,0.001000,-0.004000,-0.002000,-0.001000,-0.046000,-0.019000,-0.138000,0.033075,1.138725,-0.674494,-0.019169,-0.322994,-0.150475
7.7504,9.5800,0.000000,0.012000,-0.703000,0.000000,-0.525000,0.000000,-0.004000,0.000000,0.000000,0.036000,-0.013000,-0.107000,0.014175,1.144631,-0.685125,-0.096802,-0.318202,-0.036421
7.7525,9.7330,0.000000,0.012000,-0.703000,0.000000,-0.525000,0.000000,-0.004000,0.000000,0.000000,0.036000,-0.013000,-0.107000,0.014175,1.144631,-0.685125,-0.096802,-0.318202,-0.036421
7.7545,9.8870,0.000000,0.012000,-0.703000,0.000000,-0.525000,0.000000,0.000000,0.004000,0.002000,-0.017000,0.007000,-0.107000,0.020081,1.144631,-0.673312,-0.049839,-0.322994,-0.036421
7.7566,10.0430,0.000000,0.012000,-0.703000,0.000000,-0.525000,0.000000,0.000000,0.004000,0.002000,-0.017000,0.007000,-0.107000,0.020081,1.144631,-0.673312,-0.049839,-0.322994,-0.036421
7.7588,10.2110,0.000000,0.012000,-0.703000,0.000000,-0.525000,0.000000,0.000000,0.004000,0.002000,-0.017000,0.007000,-0.107000,0.020081,1.144631,-0.673312,-0.049839,-0.322994,-0.036421
7.7609,10.3690,0.000000,0.012000,-0.703000,0.000000,-0.525000,0.000000,0.000000,0.004000,0.002000,-0.017000,-0.007000,-0.082000,0.020081,1.144631,-0.673312,-0.049839,-0.330662,-0.071883
7.7634,10.5590,0.000000,0.012000,-0.703000,0.000000,-0.525000,0.000000,0.000000,0.004000,0.002000,-0.017000,-0.007000,-0.082000,0.020081,1.144631,-0.673312,-0.049839,-0.330662,-0.071883
7.7654,10.7200,0.000000,0.012000,-0.703000,0.000000,-0.525000,0.000000,0.002000,-0.003000,0.001000,-0.011000,-0.007000,-0.046000,0.018900,1.138725,-0.666225,-0.069966,-0.330662,-0.067091
7.7675,10.8810,0.000000,0.012000,-0.703000,0.000000,-0.525000,0.000000,0.002000,-0.003000,0.001000,-0.011000,-0.007000,-0.046000,0.018900,1.138725,-0.666225,-0.069966,-0.330662,-0.067091
7.7697,11.0530,0.000000,0.012000,-0.703000,0.000000,-0.525000,0.000000,0.002000,0.000000,-0.002000,-0.005000,-0.007000,-0.046000,0.025987,1.162350,-0.680400,-0.049839,-0.330662,-0.067091
7.7718,11.2160,0.000000,0.012000,-0.703000,0.000000,-0.524000,0.000000,0.002000,0.000000,-0.002000,-0.005000,0.015000,-0.046000,0.025987,1.162350,-0.680400,-0.049839,-0.318202,-0.067091
7.7738,11.3800,0.000000,0.012000,-0.703000,0.000000,-0.524000,0.000000,0.002000,0.000000,-0.002000,-0.005000,0.015000,-0.046000,0.025987,1.162350,-0.680400,-0.049839,-0.318202,-0.067091
7.7759,11.5460,0.000000,0.012000,-0.703000,0.000000,-0.525000,0.000000,-0.003000,0.000000,-0.002000,-0.005000,-0.009000,0.005000,0.034256,1.162350,-0.680400,-0.049839,-0.324911,-0.033545
7.7780,11.7120,0.000000,0.012000,-0.703000,0.000000,-0.525000,0.000000,-0.003000,0.000000,-0.002000,-0.005000,-0.009000,0.005000,0.034256,1.162350,-0.680400,-0.049839,-0.324911,-0.033545
7.7800,11.8810,0.000000,0.012000,-0.703000,0.000000,-0.525000,0.000000,-0.003000,0.000000,0.000000,-0.019000,-0.009000,0.042000,0.034256,1.125731,-0.661500,-0.047922,-0.324911,-0.024919
7.7821,12.0490,0.000000,0.012000,-0.703000,0.000000,-0.525000,0.000000,-0.003000,0.000000,0.000000,-0.019000,-0.009000,0.042000,0.034256,1.125731,-0.661500,-0.047922,-0.324911,-0.024919
7.7842,12.2200,0.000000,0.012000,-0.703000,0.000000,-0.525000,0.000000,-0.005000,0.000000,-0.001000,0.017000,-0.009000,0.042000,0.043706,1.148175,-0.674494,-0.068049,-0.324911,-0.024919
7.7863,12.3910,0.000000,0.012000,-0.703000,0.000000,-0.525000,0.000000,-0.005000,0.000000,-0.001000,0.017000,-0.024000,0.030000,0.043706,1.148175,-0.674494,-0.068049,-0.322994,0.031629
7.7884,12.5690,0.000000,0.012000,-0.703000,0.000000,-0.525000,0.000000,-0.005000,0.000000,-0.001000,0.017000,-0.024000,0.030000,0.043706,1.148175,-0.674494,-0.068049,-0.322994,0.031629
7.7905,12.7410,0.000000,0.012000,-0.703000,0.000000,-0.524000,0.000000,0.008000,-0.001000,0.010000,-0.032000,0.013000,0.030000,0.029531,1.151719,-0.679219,-0.047922,-0.332579,0.031629
7.7925,12.9140,0.000000,0.012000,-0.703000,0.000000,-0.524000,0.000000,0.008000,-0.001000,0.010000,-0.032000,0.013000,0.030000,0.029531,1.151719,-0.679219,-0.047922,-0.332579,0.031629
7.7946,13.0930,0.000000,0.012000,-0.703000,0.000000,-0.524000,0.000000,0.008000,-0.001000,0.010000,-0.032000,0.011000,0.126000,0.029531,1.151719,-0.679219,-0.047922,-0.324911,0.029712
7.7967,13.2650,0.000000,0.012000,-0.703000,0.000000,-0.524000,0.000000,0.008000,-0.001000,0.010000,-0.032000,0.011000,0.126000,0.029531,1.151719,-0.679219,-0.047922,-0.324911,0.029712
7.7990,13.4620,0.000000,0.012000,-0.703000,0.000000,-0.524000,0.000000,0.008000,-0.001000,0.010000,-0.032000,0.011000,0.126000,0.029531,1.151719,-0.679219,-0.047922,-0.324911,0.029712
7.8010,13.6400,0.000000,0.012000,-0.703000,0.000000,-0.524000,0.001000,0.000000,-0.003000,-0.001000,-0.001000,0.011000,0.203000,0.033075,1.139906,-0.650869,-0.057506,-0.324911,-0.048880
7.8032,13.8290,0.000000,0.012000,-0.703000,0.000000,-0.524000,0.001000,0.000000,-0.003000,-0.001000,-0.001000,0.011000,0.203000,0.033075,1.139906,-0.650869,-0.057506,-0.324911,-0.048880
7.8053,14.0080,0.000000,0.012000,-0.703000,0.000000,-0.524000,0.001000,-0.007000,0.001000,-0.003000,-0.007000,-0.005000,0.203000,0.049612,1.141087,-0.666225,-0.068049,-0.327786,-0.048880
7.8073,14.1890,0.000000,0.012000,-0.703000,0.000000,-0.524000,0.001000,-0.007000,0.001000,-0.003000,-0.007000,-0.005000,0.203000,0.049612,1.141087,-0.666225,-0.068049,-0.327786,-0.048880
7.8094,14.3710,0.000000,0.012000,-0.703000,0.000000,-0.525000,0.001000,-0.006000,0.001000,-0.003000,-0.007000,-0.019000,0.203000,0.028350,1.141087,-0.666225,-0.068049,-0.322994,-0.048880
7.8115,14.5540,0.000000,0.012000,-0.703000,0.000000,-0.525000,0.002000,-0.006000,0.001000,-0.003000,-0.007000,-0.019000,0.069000,0.028350,1.141087,-0.666225,-0.068049,-0.322994,0.076675
7.8139,14.7690,0.000000,0.012000,-0.703000,0.000000,-0.525000,0.002000,-0.006000,0.001000,-0.003000,-0.007000,-0.019000,0.069000,0.028350,1.141087,-0.666225,-0.068049,-0.322994,0.076675
7.8160,14.9540,0.000000,0.012000,-0.703000,0.000000,-0.525000,0.004000,-0.006000,0.000000,0.000000,-0.011000,-0.019000,0.191000,0.028350,1.137544,-0.668588,-0.054631,-0.322994,-0.060382
7.8181,15.1490,0.000000,0.012000,-0.703000,0.000000,-0.525000,0.004000,-0.006000,0.000000,0.000000,-0.011000,-0.019000,0.191000,0.028350,1.137544,-0.668588,-0.054631,-0.322994,-0.060382
7.8202,15.3350,0.000000,0.012000,-0.703000,0.000000,-0.525000,0.005000,0.005000,0.001000,-0.003000,0.072000,-0.003000,0.065000,0.018900,1.151719,-0.675675,-0.115971,-0.322036,0.201272
7.8223,15.5220,0.000000,0.012000,-0.703000,0.000000,-0.525000,0.005000,0.005000,0.001000,-0.003000,0.072000,-0.003000,0.065000,0.018900,1.151719,-0.675675,-0.115971,-0.322036,0.201272
7.8243,15.7100,0.000000,0.012000,-0.703000,0.000000,-0.524000,0.005000,0.011000,0.003000,0.000000,-0.090000,0.000000,0.065000,0.005906,1.157625,-0.646144,-0.038338,-0.328745,0.201272
7.8264,15.8990,0.000000,0.012000,-0.703000,0.000000,-0.524000,0.005000,0.011000,0.003000,0.000000,-0.090000,0.000000,0.065000,0.005906,1.157625,-0.646144,-0.038338,-0.328745,0.201272
7.8287,16.1090,0.000000,0.012000,-0.703000,0.000000,-0.524000,0.005000,0.011000,0.003000,0.000000,-0.090000,0.000000,0.065000,0.005906,1.157625,-0.646144,-0.038338,-0.328745,0.201272
7.8307,16.3010,0.000000,0.012000,-0.703000,0.000000,-0.524000,0.007000,0.011000,0.003000,0.000000,-0.090000,-0.011000,0.070000,0.005906,1.157625,-0.646144,-0.038338,-0.322994,0.093927
7.8328,16.4930,0.000000,0.012000,-0.703000,0.000000,-0.524000,0.007000,0.011000,0.003000,0.000000,-0.090000,-0.011000,0.070000,0.005906,1.157625,-0.646144,-0.038338,-0.322994,0.093927
7.8349,16.6850,0.000000,0.012000,-0.703000,0.000000,-0.524000,0.009000,-0.002000,0.004000,0.004000,0.151000,-0.011000,0.136000,0.043706,1.143450,-0.686306,-0.155267,-0.322994,0.035462
7.8369,16.8790,0.000000,0.012000,-0.703000,0.000000,-0.524000,0.009000,-0.002000,0.004000,0.004000,0.151000,-0.011000,0.136000,0.043706,1.143450,-0.686306,-0.155267,-0.322994,0.035462
7.8391,17.0800,0.000000,0.012000,-0.703000,0.000000,-0.524000,0.009000,-0.005000,0.004000,0.004000,0.151000,-0.011000,0.136000,0.042525,1.143450,-0.686306,-0.155267,-0.322994,0.035462
7.8411,17.2760,0.000000,0.012000,-0.703000,0.000000,-0.525000,0.009000,-0.005000,0.001000,-0.001000,-0.026000,-0.001000,0.136000,0.042525,1.141087,-0.666225,-0.048880,-0.317244,0.035462
7.8433,17.4800,0.000000,0.012000,-0.703000,0.000000,-0.525000,0.009000,-0.005000,0.001000,-0.001000,-0.026000,-0.001000,0.136000,0.042525,1.141087,-0.666225,-0.048880,-0.317244,0.035462
7.8453,17.6780,0.000000,0.012000,-0.703000,0.000000,-0.525000,0.012000,-0.006000,0.001000,-0.001000,-0.026000,-0.030000,0.297000,0.033075,1.141087,-0.666225,-0.048880,-0.309576,0.021086
7.8474,17.8760,0.000000,0.012000,-0.703000,0.000000,-0.525000,0.012000,-0.006000,0.001000,-0.001000,-0.026000,-0.030000,0.297000,0.033075,1.141087,-0.666225,-0.048880,-0.309576,0.021086
7.8496,18.0900,0.000000,0.012000,-0.703000,0.000000,-0.525000,0.012000,-0.006000,0.002000,-0.003000,0.047000,-0.030000,0.297000,0.033075,1.144631,-0.668588,-0.093927,-0.309576,0.021086
7.8517,18.2900,0.000000,0.012000,-0.703000,0.000000,-0.525000,0.015000,-0.006000,0.002000,-0.003000,0.047000,-0.030000,0.385000,0.033075,1.144631,-0.668588,-0.093927,-0.309576,0.062299
7.8537,18.4910,0.000000,0.012000,-0.703000,0.000000,-0.525000,0.015000,-0.002000,0.001000,-0.002000,0.047000,-0.030000,0.385000,0.024806,1.138725,-0.674494,-0.093927,-0.309576,0.062299
7.8558,18.6930,0.000000,0.012000,-0.703000,0.000000,-0.525000,0.017000,-0.002000,0.001000,-0.002000,-0.034000,-0.001000,0.404000,0.024806,1.138725,-0.674494,-0.063257,-0.312451,0.113096
7.8579,18.8960,0.000000,0.012000,-0.703000,0.000000,-0.525000,0.017000,-0.002000,0.001000,-0.002000,-0.034000,-0.001000,0.404000,0.024806,1.138725,-0.674494,-0.063257,-0.312451,0.113096
7.8601,19.1160,0.000000,0.012000,-0.703000,0.000000,-0.524000,0.017000,0.000000,0.002000,-0.003000,-0.026000,0.024000,0.404000,0.037800,1.138725,-0.659137,-0.040254,-0.327786,0.113096
7.8622,19.3210,0.000000,0.012000,-0.703000,0.000000,-0.524000,0.017000,0.000000,0.002000,-0.003000,-0.026000,0.024000,0.404000,0.037800,1.138725,-0.659137,-0.040254,-0.327786,0.113096
7.8643,19.5350,0.000000,0.012000,-0.703000,0.000000,-0.524000,0.017000,0.000000,0.002000,-0.003000,-0.026000,0.024000,0.404000,0.037800,1.138725,-0.659137,-0.040254,-0.327786,0.113096
7.8664,19.7410,0.000000,0.012000,-0.703000,0.000000,-0.524000,0.020000,0.000000,0.002000,-0.003000,-0.026000,0.003000,0.546000,0.037800,1.138725,-0.659137,-0.040254,-0.318202,0.033545
7.8687,19.9720,0.000000,0.012000,-0.703000,0.000000,-0.524000,0.020000,0.000000,0.002000,-0.003000,-0.026000,0.003000,0.546000,0.037800,1.138725,-0.659137,-0.040254,-0.318202,0.033545
7.8708,20.1800,0.000000,0.012000,-0.703000,0.000000,-0.524000,0.023000,0.000000,-0.005000,0.002000,0.023000,0.003000,0.260000,0.031894,1.145813,-0.652050,-0.080509,-0.318202,0.097761
7.8728,20.3880,0.000000,0.012000,-0.703000,0.000000,-0.524000,0.023000,0.000000,-0.005000,0.002000,0.023000,0.003000,0.260000,0.031894,1.145813,-0.652050,-0.080509,-0.318202,0.097761
7.8751,20.6240,0.000000,0.012000,-0.703000,0.000000,-0.524000,0.023000,0.001000,-0.002000,-0.005000,0.001000,0.005000,0.260000,0.031894,1.135181,-0.649687,-0.069008,-0.321077,0.097761
7.8772,20.8340,0.000000,0.012000,-0.703000,0.000000,-0.524000,0.023000,0.001000,-0.002000,-0.005000,0.001000,0.005000,0.260000,0.031894,1.135181,-0.649687,-0.069008,-0.321077,0.097761
7.8794,21.0620,0.000000,0.012000,-0.703000,0.000000,-0.524000,0.023000,0.000000,-0.002000,-0.005000,0.001000,0.003000,0.260000,0.035438,1.135181,-0.649687,-0.069008,-0.324911,0.097761
7.8815,21.2730,0.000000,0.012000,-0.703000,0.000000,-0.524000,0.028000,0.000000,-0.002000,-0.005000,0.001000,0.003000,0.696000,0.035438,1.135181,-0.649687,-0.069008,-0.324911,-0.011501
7.8836,21.4910,0.000000,0.012000,-0.703000,0.000000,-0.524000,0.028000,0.000000,-0.002000,-0.005000,0.001000,0.003000,0.696000,0.035438,1.135181,-0.649687,-0.069008,-0.324911,-0.011501
7.8857,21.7050,0.000000,0.012000,-0.703000,0.000000,-0.524000,0.031000,0.000000,-0.002000,-0.001000,0.021000,0.003000,0.435000,0.035438,1.138725,-0.661500,-0.067091,-0.324911,0.141849
7.8877,21.9200,0.000000,0.012000,-0.703000,0.000000,-0.524000,0.031000,0.000000,-0.002000,-0.001000,0.021000,0.003000,0.435000,0.035438,1.138725,-0.661500,-0.067091,-0.324911,0.141849
7.8899,22.1490,0.000000,0.012000,-0.703000,0.000000,-0.525000,0.035000,-0.005000,0.003000,0.006000,-0.032000,-0.017000,0.596000,0.034256,1.136362,-0.667406,-0.054631,-0.320119,0.069966
7.8920,22.3650,0.000000,0.012000,-0.703000,0.000000,-0.525000,0.035000,-0.005000,0.003000,0.006000,-0.032000,-0.017000,0.596000,0.034256,1.136362,-0.667406,-0.054631,-0.320119,0.069966
7.8942,22.5940,0.000000,0.012000,-0.703000,0.000000,-0.525000,0.035000,-0.005000,0.003000,0.006000,-0.032000,-0.017000,0.596000,0.034256,1.136362,-0.667406,-0.054631,-0.320119,0.069966
7.8962,22.8110,0.000000,0.012000,-0.703000,0.000000,-0.524000,0.035000,-0.001000,0.000000,0.005000,0.019000,-0.001000,0.596000,0.028350,1.149356,-0.678037,-0.063257,-0.317244,0.069966
7.8984,23.0350,0.000000,0.012000,-0.703000,0.000000,-0.524000,0.035000,-0.001000,0.000000,0.005000,0.019000,-0.001000,0.596000,0.028350,1.149356,-0.678037,-0.063257,-0.317244,0.069966
7.9004,23.2530,0.000000,0.012000,-0.703000,0.000000,-0.524000,0.039000,-0.001000,0.000000,0.005000,0.019000,-0.001000,0.519000,0.028350,1.149356,-0.678037,-0.063257,-0.315327,0.087218
7.9025,23.4720,0.000000,0.012000,-0.703000,0.000000,-0.524000,0.039000,-0.001000,0.000000,0.005000,0.019000,-0.001000,0.519000,0.028350,1.149356,-0.678037,-0.063257,-0.315327,0.087218
7.9045,23.6920,0.000000,0.012000,-0.703000,0.000000,-0.524000,0.039000,0.005000,0.000000,0.005000,0.001000,-0.001000,0.519000,0.012994,1.156444,-0.663863,-0.058465,-0.315327,0.087218
7.9066,23.9130,0.000000,0.012000,-0.703000,0.000000,-0.524000,0.044000,0.005000,0.000000,0.005000,0.001000,-0.001000,0.504000,0.012994,1.156444,-0.663863,-0.058465,-0.315327,0.067091
7.9088,24.1510,0.000000,0.012000,-0.703000,0.000000,-0.524000,0.044000,0.005000,0.000000,0.005000,0.001000,-0.001000,0.504000,0.012994,1.156444,-0.663863,-0.058465,-0.315327,0.067091
7.9109,24.3730,0.000000,0.012000,-0.703000,0.000000,-0.524000,0.044000,-0.002000,0.000000,0.002000,0.001000,0.011000,0.504000,0.042525,1.142269,-0.669769,-0.064215,-0.320119,0.067091
7.9131,24.6140,0.000000,0.012000,-0.703000,0.000000,-0.524000,0.044000,-0.002000,0.000000,0.002000,0.001000,0.011000,0.504000,0.042525,1.142269,-0.669769,-0.064215,-0.320119,0.067091
7.9152,24.8380,0.000000,0.012000,-0.703000,0.000000,-0.524000,0.049000,-0.006000,0.000000,0.002000,0.001000,-0.001000,0.617000,0.017719,1.142269,-0.669769,-0.064215,-0.327786,0.067091
7.9172,25.0610,0.000000,0.012000,-0.703000,0.000000,-0.524000,0.049000,-0.006000,0.000000,0.002000,0.001000,-0.001000,0.617000,0.017719,1.142269,-0.669769,-0.064215,-0.327786,0.067091
7.9194,25.2960,0.000000,0.012000,-0.703000,0.000000,-0.524000,0.049000,-0.006000,0.000000,0.002000,-0.015000,-0.001000,0.617000,0.017719,1.154081,-0.661500,-0.057506,-0.327786,0.067091
7.9214,25.5220,0.000000,0.012000,-0.703000,0.000000,-0.524000,0.054000,-0.006000,0.000000,0.002000,-0.015000,-0.001000,0.673000,0.017719,1.154081,-0.661500,-0.057506,-0.327786,0.049839
7.9237,25.7650,0.000000,0.012000,-0.703000,0.000000,-0.524000,0.054000,-0.002000,0.000000,0.002000,-0.015000,-0.001000,0.673000,0.027169,1.154081,-0.661500,-0.057506,-0.327786,0.049839
7.9257,25.9930,0.000000,0.012000,-0.703000,0.000000,-0.524000,0.060000,-0.002000,0.002000,-0.004000,-0.007000,-0.001000,0.776000,0.027169,1.159987,-0.667406,-0.061340,-0.326828,0.029712
7.9278,26.2210,0.000000,0.012000,-0.703000,0.000000,-0.524000,0.060000,-0.002000,0.002000,-0.004000,-0.007000,-0.001000,0.776000,0.027169,1.159987,-0.667406,-0.061340,-0.326828,0.029712
7.9299,26.4570,0.000000,0.012000,-0.703000,0.000000,-0.524000,0.060000,0.005000,0.002000,-0.002000,0.019000,-0.013000,0.776000,0.018900,1.152900,-0.663863,-0.071883,-0.330662,0.029712
7.9320,26.6870,0.000000,0.012000,-0.703000,0.000000,-0.524000,0.060000,0.005000,0.002000,-0.002000,0.019000,-0.013000,0.776000,0.018900,1.152900,-0.663863,-0.071883,-0.330662,0.029712
7.9341,26.9160,0.000000,0.012000,-0.703000,0.000000,-0.524000,0.060000,0.005000,0.002000,-0.002000,0.019000,-0.013000,0.776000,0.018900,1.152900,-0.663863,-0.071883,-0.330662,0.029712
7.9362,27.1530,0.000000,0.012000,-0.703000,0.000000,-0.524000,0.065000,0.005000,0.002000,-0.002000,0.019000,0.019000,0.709000,0.018900,1.152900,-0.663863,-0.071883,-0.332579,0.055590
7.9386,27.4220,0.000000,0.012000,-0.703000,0.000000,-0.524000,0.065000,0.005000,0.002000,-0.002000,0.019000,0.019000,0.709000,0.018900,1.152900,-0.663863,-0.071883,-0.332579,0.055590
7.9407,27.6550,0.000000,0.012000,-0.703000,0.000000,-0.524000,0.071000,0.001000,-0.002000,0.000000,0.000000,0.019000,0.768000,0.037800,1.154081,-0.683944,-0.064215,-0.332579,0.177311
7.9427,27.8880,0.000000,0.012000,-0.703000,0.000000,-0.524000,0.071000,0.001000,-0.002000,0.000000,0.000000,0.019000,0.768000,0.037800,1.154081,-0.683944,-0.064215,-0.332579,0.177311
7.9450,28.1460,0.000000,0.012000,-0.703000,0.000000,-0.524000,0.071000,-0.001000,0.000000,0.001000,0.003000,-0.001000,0.768000,0.036619,1.150537,-0.655594,-0.063257,-0.322994,0.177311
7.9471,28.3800,0.000000,0.012000,-0.703000,0.000000,-0.524000,0.071000,-0.001000,0.000000,0.001000,0.003000,-0.001000,0.768000,0.036619,1.150537,-0.655594,-0.063257,-0.322994,0.177311
7.9492,28.6150,0.000000,0.012000,-0.703000,0.000000,-0.524000,0.071000,-0.006000,0.000000,0.001000,0.003000,-0.001000,0.768000,0.043706,1.150537,-0.655594,-0.063257,-0.322994,0.177311
7.9512,28.8500,0.000000,0.012000,-0.703000,0.000000,-0.524000,0.077000,-0.006000,0.000000,0.001000,0.003000,-0.011000,0.928000,0.043706,1.150537,-0.655594,-0.063257,-0.319161,0.079551
7.9534,29.0920,0.000000,0.012000,-0.703000,0.000000,-0.524000,0.077000,-0.006000,0.000000,0.001000,0.003000,-0.011000,0.928000,0.043706,1.150537,-0.655594,-0.063257,-0.319161,0.079551
7.9554,29.3290,0.000000,0.012000,-0.703000,0.000000,-0.524000,0.083000,-0.006000,0.000000,0.001000,-0.003000,-0.011000,0.928000,0.043706,1.143450,-0.657956,-0.069966,-0.319161,0.075717
7.9575,29.5660,0.000000,0.012000,-0.703000,0.000000,-0.524000,0.083000,-0.006000,0.000000,0.001000,-0.003000,-0.011000,0.928000,0.043706,1.143450,-0.657956,-0.069966,-0.319161,0.075717
7.9595,29.8020,0.000000,0.012000,-0.703000,0.000000,-0.524000,0.083000,-0.003000,0.002000,-0.002000,0.007000,-0.011000,0.928000,0.037800,1.148175,-0.668588,-0.061340,-0.319161,0.075717
7.9616,30.0400,0.000000,0.012000,-0.703000,0.000000,-0.524000,0.090000,-0.003000,0.002000,-0.002000,0.007000,0.015000,0.974000,0.037800,1.148175,-0.668588,-0.061340,-0.313410,0.043130
7.9637,30.2830,0.000000,0.012000,-0.703000,0.000000,-0.524000,0.090000,-0.003000,0.002000,-0.002000,0.007000,0.015000,0.974000,0.036619,1.148175,-0.668588,-0.061340,-0.313410,0.043130
7.9658,30.5210,0.000000,0.012000,-0.703000,0.000000,-0.524000,0.090000,-0.003000,0.000000,0.001000,-0.007000,0.032000,0.974000,0.036619,1.151719,-0.652050,-0.070925,-0.315327,0.043130
7.9678,30.7610,0.000000,0.012000,-0.703000,0.000000,-0.524000,0.090000,-0.003000,0.000000,0.001000,-0.007000,0.032000,0.974000,0.036619,1.151719,-0.652050,-0.070925,-0.315327,0.043130
7.9699,31.0000,0.000000,0.012000,-0.703000,0.000000,-0.525000,0.096000,-0.003000,0.000000,0.001000,-0.007000,-0.028000,0.929000,0.036619,1.151719,-0.652050,-0.070925,-0.314368,0.078592
7.9720,31.2390,0.000000,0.012000,-0.703000,0.000000,-0.525000,0.096000,-0.003000,0.000000,0.001000,-0.007000,-0.028000,0.929000,0.036619,1.151719,-0.652050,-0.070925,-0.314368,0.078592
7.9740,31.4820,0.000000,0.012000,-0.703000,0.000000,-0.525000,0.096000,0.006000,0.000000,0.005000,-0.011000,-0.028000,0.929000,0.024806,1.144631,-0.682762,-0.072841,-0.314368,0.078592
7.9761,31.7230,0.000000,0.012000,-0.703000,0.000000,-0.525000,0.103000,0.006000,0.000000,0.005000,-0.011000,-0.028000,0.910000,0.024806,1.144631,-0.682762,-0.072841,-0.314368,0.078592
7.9783,31.9840,0.000000,0.012000,-0.703000,0.000000,-0.525000,0.103000,0.006000,0.000000,0.005000,-0.011000,-0.028000,0.910000,0.024806,1.144631,-0.682762,-0.072841,-0.314368,0.078592
7.9804,32.2270,0.000000,0.012000,-0.703000,0.000000,-0.524000,0.103000,0.011000,0.000000,0.005000,0.003000,0.007000,0.910000,0.003544,1.154081,-0.665044,-0.066132,-0.314368,0.078592
7.9825,32.4690,0.000000,0.012000,-0.703000,0.000000,-0.524000,0.103000,0.011000,0.000000,0.005000,0.003000,0.007000,0.910000,0.003544,1.154081,-0.665044,-0.066132,-0.314368,0.078592
7.9847,32.7270,0.000000,0.012000,-0.703000,0.000000,-0.524000,0.103000,0.007000,0.000000,0.005000,0.003000,0.007000,0.910000,0.004725,1.154081,-0.665044,-0.066132,-0.314368,0.078592
7.9867,32.9710,0.000000,0.012000,-0.703000,0.000000,-0.524000,0.111000,0.007000,0.000000,0.005000,0.003000,-0.003000,0.966000,0.004725,1.154081,-0.665044,-0.066132,-0.322994,0.053673
7.9889,33.2290,0.000000,0.012000,-0.703000,0.000000,-0.524000,0.111000,0.007000,-0.001000,0.000000,0.003000,-0.003000,0.966000,0.004725,1.148175,-0.666225,-0.066132,-0.322994,0.053673
7.9910,33.4740,0.000000,0.012000,-0.703000,0.000000,-0.524000,0.118000,0.007000,-0.001000,0.000000,0.000000,-0.003000,0.943000,0.004725,1.148175,-0.666225,-0.076675,-0.322994,0.103512
7.9931,33.7240,0.000000,0.012000,-0.703000,0.000000,-0.524000,0.118000,0.007000,-0.001000,0.000000,0.000000,-0.003000,0.943000,0.004725,1.148175,-0.666225,-0.076675,-0.322994,0.103512
7.9955,34.0090,0.000000,0.012000,-0.703000,0.000000,-0.524000,0.125000,0.013000,-0.001000,-0.001000,-0.015000,0.019000,1.050000,0.002363,1.150537,-0.662681,-0.067091,-0.322994,0.131306
7.9975,34.2550,0.000000,0.012000,-0.703000,0.000000,-0.524000,0.125000,0.013000,-0.001000,-0.001000,-0.015000,0.019000,1.050000,0.002363,1.150537,-0.662681,-0.067091,-0.322994,0.131306
7.9996,34.5010,0.000000,0.012000,-0.703000,0.000000,-0.524000,0.125000,0.006000,-0.002000,-0.002000,-0.013000,0.000000,1.050000,0.030713,1.152900,-0.661500,-0.063257,-0.314368,0.131306
8.0017,34.7480,0.000000,0.012000,-0.703000,0.000000,-0.524000,0.125000,0.006000,-0.002000,-0.002000,-0.013000,0.000000,1.050000,0.030713,1.152900,-0.661500,-0.063257,-0.314368,0.131306
8.0037,34.9960,0.000000,0.012000,-0.703000,0.000000,-0.524000,0.125000,0.006000,-0.002000,-0.002000,-0.013000,0.000000,1.050000,0.030713,1.152900,-0.661500,-0.063257,-0.314368,0.131306
8.0058,35.2430,0.000000,0.012000,-0.703000,0.000000,-0.524000,0.133000,0.006000,-0.002000,-0.002000,-0.013000,0.003000,1.150000,0.030713,1.152900,-0.661500,-0.063257,-0.317244,0.094886
8.0079,35.4920,0.000000,0.012000,-0.703000,0.000000,-0.524000,0.133000,0.006000,-0.002000,-0.002000,-0.013000,0.003000,1.150000,0.030713,1.152900,-0.661500,-0.063257,-0.317244,0.094886
8.0099,35.7410,0.000000,0.012000,-0.703000,0.000000,-0.524000,0.142000,-0.004000,0.000000,-0.008000,-0.005000,0.003000,1.271000,0.033075,1.142269,-0.665044,-0.066132,-0.317244,0.046005
8.0120,35.9900,0.000000,0.012000,-0.703000,0.000000,-0.524000,0.142000,-0.004000,0.000000,-0.008000,-0.005000,0.003000,1.271000,0.033075,1.142269,-0.665044,-0.066132,-0.317244,0.046005
8.0142,36.2540,0.000000,0.012000,-0.703000,0.000000,-0.524000,0.142000,0.003000,0.000000,0.004000,0.000000,0.003000,1.271000,0.001181,1.177706,-0.670950,-0.074758,-0.317244,0.046005
8.0163,36.5040,0.000000,0.012000,-0.703000,0.000000,-0.524000,0.142000,0.003000,0.000000,0.004000,0.000000,0.032000,1.271000,0.001181,1.177706,-0.670950,-0.074758,-0.323953,0.046005
8.0184,36.7690,0.000000,0.012000,-0.703000,0.000000,-0.524000,0.142000,0.003000,0.000000,0.004000,0.000000,0.032000,1.271000,0.001181,1.177706,-0.670950,-0.074758,-0.323953,0.046005
8.0205,37.0190,0.000000,0.012000,-0.703000,0.000000,-0.524000,0.150000,0.006000,-0.004000,0.004000,0.000000,0.007000,1.156000,0.009450,1.141087,-0.670950,-0.074758,-0.306701,0.081467
8.0226,37.2700,0.000000,0.012000,-0.703000,0.000000,-0.524000,0.150000,0.006000,-0.004000,0.004000,0.000000,0.007000,1.156000,0.009450,1.141087,-0.670950,-0.074758,-0.306701,0.081467
8.0246,37.5200,0.000000,0.012000,-0.703000,0.000000,-0.524000,0.150000,0.006000,-0.004000,0.002000,-0.021000,0.007000,1.156000,0.009450,1.141087,-0.672131,-0.074758,-0.306701,0.081467
8.0267,37.7680,0.000000,0.012000,-0.703000,0.000000,-0.524000,0.159000,0.006000,-0.004000,0.002000,-0.021000,0.007000,1.255000,0.009450,1.141087,-0.672131,-0.074758,-0.306701,0.111179
8.0288,38.0280,0.000000,0.012000,-0.703000,0.000000,-0.524000,0.159000,-0.006000,-0.004000,0.002000,-0.021000,0.007000,1.255000,0.036619,1.141087,-0.672131,-0.074758,-0.306701,0.111179
8.0309,38.2800,0.000000,0.012000,-0.703000,0.000000,-0.524000,0.168000,-0.006000,-0.001000,0.002000,0.047000,-0.005000,1.248000,0.036619,1.143450,-0.682762,-0.127473,-0.313410,0.081467
8.0329,38.5330,0.000000,0.012000,-0.703000,0.000000,-0.524000,0.168000,-0.006000,-0.001000,0.002000,0.047000,-0.005000,1.248000,0.036619,1.143450,-0.682762,-0.127473,-0.313410,0.081467
8.0350,38.7910,0.000000,0.012000,-0.703000,0.000000,-0.524000,0.168000,-0.005000,0.001000,-0.006000,0.005000,0.005000,1.248000,0.030713,1.146994,-0.654412,-0.102553,-0.325870,0.081467
8.0371,39.0440,0.000000,0.012000,-0.703000,0.000000,-0.524000,0.168000,-0.005000,0.001000,-0.006000,0.005000,0.005000,1.248000,0.030713,1.146994,-0.654412,-0.102553,-0.325870,0.081467
8.0392,39.2960,0.000000,0.012000,-0.703000,0.000000,-0.524000,0.168000,-0.005000,0.001000,-0.006000,0.005000,0.005000,1.248000,0.030713,1.146994,-0.654412,-0.102553,-0.325870,0.081467
8.0412,39.5500,0.000000,0.012000,-0.703000,0.000000,-0.524000,0.177000,-0.005000,0.001000,-0.006000,0.005000,0.026000,1.384000,0.030713,1.146994,-0.654412,-0.102553,-0.318202,0.094886
8.0434,39.8130,0.000000,0.012000,-0.703000,0.000000,-0.524000,0.177000,-0.005000,0.001000,-0.006000,0.005000,0.026000,1.384000,0.030713,1.146994,-0.654412,-0.102553,-0.318202,0.094886
8.0454,40.0660,0.000000,0.012000,-0.703000,0.000000,-0.524000,0.187000,0.001000,0.001000,0.000000,-0.017000,0.026000,1.459000,0.030713,1.150537,-0.649687,-0.082426,-0.318202,0.046964
8.0475,40.3210,0.000000,0.012000,-0.703000,0.000000,-0.524000,0.187000,0.001000,0.001000,0.000000,-0.017000,0.026000,1.459000,0.030713,1.150537,-0.649687,-0.082426,-0.318202,0.046964
8.0496,40.5820,0.000000,0.012000,-0.703000,0.000000,-0.524000,0.187000,-0.002000,0.001000,0.000000,0.015000,0.026000,1.459000,0.037800,1.149356,-0.659137,-0.104470,-0.318202,0.046964
8.0517,40.8360,0.000000,0.012000,-0.703000,0.000000,-0.524000,0.187000,-0.002000,0.001000,0.000000,0.015000,-0.001000,1.459000,0.037800,1.149356,-0.659137,-0.104470,-0.318202,0.046964
8.0537,41.0900,0.000000,0.012000,-0.703000,0.000000,-0.524000,0.187000,-0.002000,0.001000,0.000000,0.015000,-0.001000,1.459000,0.037800,1.149356,-0.659137,-0.104470,-0.318202,0.046964
8.0558,41.3460,0.000000,0.012000,-0.703000,0.000000,-0.524000,0.197000,0.002000,0.000000,0.000000,0.015000,-0.003000,1.426000,0.030713,1.152900,-0.659137,-0.104470,-0.322994,0.039296
8.0579,41.6020,0.000000,0.012000,-0.703000,0.000000,-0.524000,0.197000,0.002000,0.000000,0.000000,0.015000,-0.003000,1.426000,0.030713,1.152900,-0.659137,-0.104470,-0.322994,0.039296
8.0599,41.8600,0.000000,0.012000,-0.703000,0.000000,-0.524000,0.206000,0.002000,0.000000,0.002000,0.007000,-0.003000,1.342000,0.030713,1.152900,-0.669769,-0.076675,-0.322994,0.116930
8.0620,42.1160,0.000000,0.012000,-0.703000,0.000000,-0.524000,0.206000,0.002000,0.000000,0.002000,0.007000,-0.003000,1.342000,0.030713,1.152900,-0.669769,-0.076675,-0.322994,0.116930
8.0642,42.3840,0.000000,0.012000,-0.703000,0.000000,-0.524000,0.206000,0.002000,0.001000,0.000000,0.007000,-0.003000,1.342000,0.028350,1.161169,-0.663863,-0.076675,-0.322994,0.116930
8.0662,42.6410,0.000000,0.012000,-0.703000,0.000000,-0.524000,0.216000,0.002000,0.001000,0.000000,-0.026000,0.003000,1.480000,0.028350,1.161169,-0.663863,-0.067091,-0.318202,0.122680
8.0683,42.9020,0.000000,0.012000,-0.703000,0.000000,-0.524000,0.216000,0.002000,0.001000,0.000000,-0.026000,0.003000,1.480000,0.028350,1.161169,-0.663863,-0.067091,-0.318202,0.122680
8.0704,43.1580,0.000000,0.012000,-0.703000,0.000000,-0.524000,0.216000,-0.002000,0.000000,0.001000,-0.001000,0.005000,1.480000,0.033075,1.157625,-0.667406,-0.065174,-0.314368,0.122680
8.0725,43.4160,0.000000,0.012000,-0.703000,0.000000,-0.524000,0.216000,-0.002000,0.000000,0.001000,-0.001000,0.005000,1.480000,0.033075,1.157625,-0.667406,-0.065174,-0.314368,0.122680
8.0745,43.6740,0.000000,0.012000,-0.703000,0.000000,-0.524000,0.216000,-0.002000,0.000000,0.001000,-0.001000,-0.003000,1.480000,0.033075,1.157625,-0.667406,-0.065174,-0.309576,0.122680
8.0766,43.9320,0.000000,0.012000,-0.703000,0.000000,-0.524000,0.226000,-0.002000,0.000000,0.001000,-0.001000,-0.003000,1.499000,0.033075,1.157625,-0.667406,-0.065174,-0.309576,0.070925
8.0787,44.2000,0.000000,0.012000,-0.703000,0.000000,-0.524000,0.226000,-0.002000,0.000000,0.001000,-0.001000,-0.003000,1.499000,0.033075,1.157625,-0.667406,-0.065174,-0.309576,0.070925
8.0808,44.4580,0.000000,0.012000,-0.703000,0.000000,-0.524000,0.237000,0.004000,0.000000,0.000000,0.019000,-0.003000,1.524000,0.038981,1.155262,-0.669769,-0.075717,-0.309576,0.079551
8.0829,44.7170,0.000000,0.012000,-0.703000,0.000000,-0.524000,0.237000,0.004000,0.000000,0.000000,0.019000,-0.003000,1.524000,0.038981,1.155262,-0.669769,-0.075717,-0.309576,0.079551
8.0849,44.9740,0.000000,0.012000,-0.703000,0.000000,-0.524000,0.237000,-0.001000,0.002000,0.002000,0.000000,-0.003000,1.524000,0.040162,1.152900,-0.657956,-0.072841,-0.310535,0.079551
8.0870,45.2320,0.000000,0.012000,-0.703000,0.000000,-0.524000,0.237000,-0.001000,0.002000,0.002000,0.000000,-0.003000,1.524000,0.040162,1.152900,-0.657956,-0.072841,-0.310535,0.079551
8.0891,45.4900,0.000000,0.012000,-0.703000,0.000000,-0.524000,0.237000,-0.003000,0.000000,0.002000,0.013000,-0.003000,1.524000,0.020081,1.154081,-0.657956,-0.096802,-0.310535,0.079551
8.0911,45.7490,0.000000,0.012000,-0.703000,0.000000,-0.524000,0.248000,-0.003000,0.000000,0.002000,0.013000,-0.001000,1.512000,0.020081,1.154081,-0.657956,-0.096802,-0.320119,0.036421
8.0935,46.0490,0.000000,0.012000,-0.703000,0.000000,-0.524000,0.248000,-0.003000,0.000000,0.002000,0.013000,-0.001000,1.512000,0.020081,1.154081,-0.657956,-0.096802,-0.320119,0.036421
8.0956,46.3080,0.000000,0.012000,-0.703000,0.000000,-0.524000,0.259000,-0.003000,0.000000,-0.002000,0.013000,-0.001000,1.510000,0.020081,1.154081,-0.670950,-0.096802,-0.320119,0.124597
8.0977,46.5680,0.000000,0.012000,-0.703000,0.000000,-0.524000,0.259000,-0.003000,0.000000,-0.002000,0.013000,-0.001000,1.510000,0.020081,1.154081,-0.670950,-0.096802,-0.320119,0.124597
8.0998,46.8310,0.000000,0.012000,-0.703000,0.000000,-0.524000,0.270000,-0.002000,-0.002000,0.001000,-0.040000,0.021000,1.672000,0.041344,1.150537,-0.669769,-0.068049,-0.327786,0.015335
8.1018,47.0900,0.000000,0.012000,-0.703000,0.000000,-0.524000,0.270000,-0.002000,-0.002000,0.001000,-0.040000,0.021000,1.672000,0.041344,1.150537,-0.669769,-0.068049,-0.327786,0.015335
8.1040,47.3610,0.000000,0.012000,-0.703000,0.000000,-0.524000,0.270000,-0.001000,0.000000,0.001000,-0.040000,0.021000,1.672000,0.031894,1.150537,-0.669769,-0.068049,-0.327786,0.015335
8.1061,47.6200,0.000000,0.012000,-0.703000,0.000000,-0.524000,0.270000,-0.001000,0.000000,0.007000,-0.015000,0.007000,1.672000,0.031894,1.150537,-0.653231,-0.055590,-0.322036,0.015335
8.1088,47.9600,0.000000,0.012000,-0.703000,0.000000,-0.524000,0.270000,-0.001000,0.000000,0.007000,-0.015000,0.007000,1.672000,0.031894,1.150537,-0.653231,-0.055590,-0.322036,0.015335
8.1108,48.2190,0.000000,0.012000,-0.703000,0.000000,-0.524000,0.282000,-0.001000,0.000000,0.007000,-0.015000,0.013000,1.673000,0.031894,1.150537,-0.653231,-0.055590,-0.312451,0.028753
8.1129,48.4790,0.000000,0.012000,-0.703000,0.000000,-0.524000,0.282000,-0.001000,0.000000,0.007000,-0.015000,0.013000,1.673000,0.031894,1.150537,-0.653231,-0.055590,-0.312451,0.028753
8.1151,48.7500,0.000000,0.012000,-0.703000,0.000000,-0.524000,0.294000,0.003000,-0.003000,0.002000,0.044000,0.013000,1.660000,0.029531,1.143450,-0.662681,-0.092010,-0.312451,0.062299
8.1171,49.0100,0.000000,0.012000,-0.703000,0.000000,-0.524000,0.294000,0.003000,-0.003000,0.002000,0.044000,0.013000,1.660000,0.029531,1.143450,-0.662681,-0.092010,-0.312451,0.062299
8.1192,49.2690,0.000000,0.012000,-0.703000,0.000000,-0.524000,0.294000,0.008000,0.000000,0.000000,0.044000,0.013000,1.660000,0.027169,1.144631,-0.660319,-0.092010,-0.312451,0.062299
8.1213,49.5280,0.000000,0.012000,-0.703000,0.000000,-0.524000,0.294000,0.008000,0.000000,0.000000,-0.034000,-0.005000,1.660000,0.027169,1.144631,-0.660319,-0.071883,-0.322036,0.062299
8.1234,49.7980,0.000000,0.012000,-0.703000,0.000000,-0.524000,0.294000,0.008000,0.000000,0.000000,-0.034000,-0.005000,1.660000,0.027169,1.144631,-0.660319,-0.071883,-0.322036,0.062299
8.1255,50.0570,0.000000,0.012000,-0.703000,0.000000,-0.524000,0.305000,0.003000,0.001000,0.000000,0.005000,-0.001000,1.654000,0.024806,1.138725,-0.660319,-0.082426,-0.325870,0.118847
8.1275,50.3170,0.000000,0.012000,-0.703000,0.000000,-0.524000,0.305000,0.003000,0.001000,0.000000,0.005000,-0.001000,1.654000,0.024806,1.138725,-0.660319,-0.082426,-0.325870,0.118847
8.1298,50.6050,0.000000,0.012000,-0.703000,0.000000,-0.524000,0.318000,0.003000,0.001000,-0.001000,0.005000,-0.001000,1.817000,0.024806,1.138725,-0.672131,-0.082426,-0.325870,0.051756
8.1319,50.8650,0.000000,0.012000,-0.703000,0.000000,-0.524000,0.318000,0.003000,0.001000,-0.001000,0.005000,-0.001000,1.817000,0.024806,1.138725,-0.672131,-0.082426,-0.325870,0.051756
8.1340,51.1240,0.000000,0.012000,-0.703000,0.000000,-0.524000,0.318000,0.001000,0.001000,0.003000,-0.032000,-0.001000,1.817000,0.028350,1.157625,-0.672131,-0.053673,-0.325870,0.051756
8.1360,51.3840,0.000000,0.012000,-0.703000,0.000000,-0.524000,0.330000,0.001000,0.001000,0.003000,-0.032000,-0.013000,1.829000,0.028350,1.157625,-0.672131,-0.053673,-0.321077,0.057506
8.1382,51.6610,0.000000,0.012000,-0.703000,0.000000,-0.524000,0.330000,0.001000,0.001000,0.003000,-0.032000,-0.013000,1.829000,0.028350,1.157625,-0.672131,-0.053673,-0.321077,0.057506
8.1403,51.9190,0.000000,0.012000,-0.703000,0.000000,-0.524000,0.330000,0.000000,-0.002000,0.002000,0.000000,0.026000,1.829000,0.031894,1.142269,-0.674494,-0.064215,-0.339288,0.057506
8.1423,52.1790,0.000000,0.012000,-0.703000,0.000000,-0.524000,0.330000,0.000000,-0.002000,0.002000,0.000000,0.026000,1.829000,0.031894,1.142269,-0.674494,-0.064215,-0.339288,0.057506
8.1445,52.4440,0.000000,0.012000,-0.703000,0.000000,-0.524000,0.330000,0.000000,-0.002000,0.002000,0.000000,0.026000,1.829000,0.031894,1.142269,-0.674494,-0.064215,-0.339288,0.057506
8.1465,52.7030,0.000000,0.012000,-0.703000,0.000000,-0.524000,0.343000,0.000000,-0.002000,0.002000,0.000000,0.023000,1.800000,0.031894,1.142269,-0.674494,-0.064215,-0.335454,0.139932
8.1493,53.0530,0.000000,0.012000,-0.703000,0.000000,-0.524000,0.343000,-0.005000,-0.002000,0.001000,0.000000,0.023000,1.800000,0.043706,1.152900,-0.670950,-0.064215,-0.335454,0.139932
8.1514,53.3120,0.000000,0.012000,-0.703000,0.000000,-0.524000,0.356000,-0.005000,-0.002000,0.001000,0.017000,0.023000,1.844000,0.043706,1.152900,-0.670950,-0.077634,-0.335454,0.105428
8.1537,53.6040,0.000000,0.012000,-0.703000,0.000000,-0.524000,0.356000,-0.002000,-0.002000,0.001000,0.017000,0.023000,1.844000,0.048431,1.152900,-0.670950,-0.077634,-0.335454,0.105428
8.1558,53.8630,0.000000,0.012000,-0.703000,0.000000,-0.524000,0.356000,-0.002000,-0.002000,0.005000,-0.024000,-0.011000,1.844000,0.048431,1.144631,-0.680400,-0.046964,-0.322036,0.105428
8.1578,54.1230,0.000000,0.012000,-0.703000,0.000000,-0.524000,0.356000,-0.002000,-0.002000,0.005000,-0.024000,-0.011000,1.844000,0.048431,1.144631,-0.680400,-0.046964,-0.322036,0.105428
8.1599,54.3830,0.000000,0.012000,-0.703000,0.000000,-0.524000,0.369000,0.000000,-0.001000,0.005000,-0.024000,-0.009000,1.896000,0.041344,1.157625,-0.680400,-0.061340,-0.325870,0.089135
8.1620,54.6420,0.000000,0.012000,-0.703000,0.000000,-0.524000,0.369000,0.000000,-0.001000,0.005000,-0.024000,-0.009000,1.896000,0.041344,1.157625,-0.680400,-0.061340,-0.325870,0.089135
8.1641,54.9000,0.000000,0.012000,-0.703000,0.000000,-0.524000,0.369000,0.000000,-0.001000,-0.001000,-0.024000,-0.009000,1.896000,0.041344,1.157625,-0.649687,-0.061340,-0.325870,0.089135
8.1661,55.1580,0.000000,0.012000,-0.703000,0.000000,-0.524000,0.383000,0.000000,-0.001000,-0.001000,-0.024000,-0.034000,1.948000,0.041344,1.157625,-0.649687,-0.061340,-0.322036,0.092010
8.1682,55.4170,0.000000,0.012000,-0.703000,0.000000,-0.524000,0.383000,0.000000,-0.001000,-0.001000,-0.024000,-0.034000,1.948000,0.041344,1.157625,-0.649687,-0.061340,-0.322036,0.092010
8.1703,55.6750,0.000000,0.012000,-0.703000,0.000000,-0.524000,0.396000,-0.001000,-0.002000,0.000000,0.009000,-0.034000,1.882000,0.035438,1.142269,-0.666225,-0.072841,-0.322036,0.139932
8.1723,55.9330,0.000000,0.012000,-0.703000,0.000000,-0.524000,0.396000,-0.001000,-0.002000,0.000000,0.009000,-0.034000,1.882000,0.035438,1.142269,-0.666225,-0.072841,-0.322036,0.139932
8.1744,56.1940,0.000000,0.012000,-0.703000,0.000000,-0.524000,0.396000,0.007000,0.001000,0.000000,0.009000,-0.034000,1.882000,0.034256,1.161169,-0.674494,-0.072841,-0.322036,0.139932
8.1765,56.4510,0.000000,0.012000,-0.703000,0.000000,-0.524000,0.396000,0.007000,0.001000,0.000000,0.007000,-0.009000,1.882000,0.034256,1.161169,-0.674494,-0.075717,-0.324911,0.139932
8.1785,56.7080,0.000000,0.012000,-0.703000,0.000000,-0.524000,0.396000,0.007000,0.001000,0.000000,0.007000,-0.009000,1.882000,0.034256,1.161169,-0.674494,-0.075717,-0.324911,0.139932
8.1806,56.9650,0.000000,0.012000,-0.703000,0.000000,-0.524000,0.410000,-0.003000,0.001000,0.000000,0.007000,0.005000,2.059000,0.049612,1.161169,-0.674494,-0.075717,-0.327786,0.088176
8.1827,57.2210,0.000000,0.012000,-0.703000,0.000000,-0.524000,0.410000,-0.003000,0.001000,0.000000,0.007000,0.005000,2.059000,0.049612,1.161169,-0.674494,-0.075717,-0.327786,0.088176
8.1848,57.4870,0.000000,0.012000,-0.703000,0.000000,-0.524000,0.424000,-0.003000,0.000000,0.002000,0.005000,0.005000,2.026000,0.049612,1.158806,-0.648506,-0.075717,-0.327786,0.090093
8.1869,57.7430,0.000000,0.012000,-0.703000,0.000000,-0.524000,0.424000,-0.003000,0.000000,0.002000,0.005000,0.005000,2.026000,0.049612,1.158806,-0.648506,-0.075717,-0.327786,0.090093
8.1890,58.0120,0.000000,0.012000,-0.703000,0.000000,-0.524000,0.424000,-0.005000,-0.003000,0.001000,0.005000,0.005000,2.026000,0.050794,1.154081,-0.663863,-0.075717,-0.327786,0.090093
8.1911,58.2690,0.000000,0.012000,-0.703000,0.000000,-0.524000,0.424000,-0.005000,-0.003000,0.001000,0.000000,0.007000,2.026000,0.050794,1.154081,-0.663863,-0.079551,-0.324911,0.090093
8.1933,58.5420,0.000000,0.012000,-0.703000,0.000000,-0.524000,0.424000,-0.005000,-0.003000,0.001000,0.000000,0.007000,2.026000,0.050794,1.154081,-0.663863,-0.079551,-0.324911,0.090093
8.1954,58.7970,0.000000,0.012000,-0.703000,0.000000,-0.524000,0.439000,-0.001000,0.002000,0.001000,0.001000,0.026000,2.055000,0.025987,1.134000,-0.663863,-0.063257,-0.330662,0.094886
8.1974,59.0520,0.000000,0.012000,-0.703000,0.000000,-0.524000,0.439000,-0.001000,0.002000,0.001000,0.001000,0.026000,2.055000,0.025987,1.134000,-0.663863,-0.063257,-0.330662,0.094886
8.2001,59.3810,0.000000,0.012000,-0.703000,0.000000,-0.524000,0.453000,-0.001000,0.002000,-0.007000,0.001000,0.000000,2.084000,0.025987,1.134000,-0.678037,-0.063257,-0.322036,0.095844
8.2022,59.6360,0.000000,0.012000,-0.703000,0.000000,-0.524000,0.453000,-0.001000,0.002000,-0.007000,0.001000,0.000000,2.084000,0.025987,1.134000,-0.678037,-0.063257,-0.322036,0.095844
8.2047,59.9470,0.000000,0.012000,-0.703000,0.000000,-0.524000,0.453000,0.005000,0.001000,0.000000,-0.028000,0.000000,2.084000,0.037800,1.143450,-0.665044,-0.060382,-0.322036,0.095844
8.2068,60.2020,0.000000,0.012000,-0.703000,0.000000,-0.524000,0.468000,0.005000,0.001000,0.000000,-0.028000,0.000000,2.139000,0.037800,1.143450,-0.665044,-0.060382,-0.322036,0.084343
8.2088,60.4550,0.000000,0.012000,-0.703000,0.000000,-0.524000,0.468000,0.000000,0.001000,-0.010000,-0.028000,0.000000,2.139000,0.038981,1.148175,-0.650869,-0.060382,-0.322036,0.084343
8.2109,60.7090,0.000000,0.012000,-0.703000,0.000000,-0.524000,0.468000,0.000000,0.001000,-0.010000,0.023000,-0.007000,2.139000,0.038981,1.148175,-0.650869,-0.083384,-0.328745,0.084343
8.2130,60.9620,0.000000,0.012000,-0.703000,0.000000,-0.524000,0.468000,0.000000,0.001000,-0.010000,0.023000,-0.007000,2.139000,0.038981,1.148175,-0.650869,-0.083384,-0.328745,0.084343
8.2151,61.2280,0.000000,0.012000,-0.703000,0.000000,-0.524000,0.483000,0.002000,0.001000,-0.010000,0.023000,-0.015000,2.157000,0.033075,1.148175,-0.650869,-0.083384,-0.332579,0.102553
8.2172,61.4810,0.000000,0.012000,-0.703000,0.000000,-0.524000,0.483000,0.002000,0.001000,-0.010000,0.023000,-0.015000,2.157000,0.033075,1.148175,-0.650869,-0.083384,-0.332579,0.102553
8.2193,61.7340,0.000000,0.012000,-0.703000,0.000000,-0.524000,0.483000,0.002000,0.000000,0.012000,-0.011000,-0.015000,2.157000,0.033075,1.146994,-0.661500,-0.065174,-0.332579,0.102553
8.2213,61.9860,0.000000,0.012000,-0.703000,0.000000,-0.524000,0.499000,0.002000,0.000000,0.012000,-0.011000,-0.015000,2.222000,0.033075,1.146994,-0.661500,-0.065174,-0.332579,0.106387
8.2235,62.2560,0.000000,0.012000,-0.703000,0.000000,-0.524000,0.499000,0.002000,0.000000,0.012000,-0.011000,-0.015000,2.222000,0.033075,1.146994,-0.661500,-0.065174,-0.332579,0.106387
8.2256,62.5070,0.000000,0.012000,-0.703000,0.000000,-0.524000,0.499000,0.000000,0.000000,0.000000,0.003000,0.024000,2.222000,0.031894,1.157625,-0.656775,-0.072841,-0.340246,0.106387
8.2277,62.7580,0.000000,0.012000,-0.703000,0.000000,-0.524000,0.499000,0.000000,0.000000,0.000000,0.003000,0.024000,2.222000,0.031894,1.157625,-0.656775,-0.072841,-0.340246,0.106387
8.2297,63.0100,0.000000,0.012000,-0.703000,0.000000,-0.524000,0.515000,0.002000,-0.004000,0.000000,0.007000,0.001000,2.210000,0.025987,1.126912,-0.656775,-0.076675,-0.321077,0.077634
8.2318,63.2610,0.000000,0.012000,-0.703000,0.000000,-0.524000,0.515000,0.002000,-0.004000,0.000000,0.007000,0.001000,2.210000,0.025987,1.126912,-0.656775,-0.076675,-0.321077,0.077634
8.2339,63.5110,0.000000,0.012000,-0.703000,0.000000,-0.524000,0.515000,0.002000,-0.004000,0.000000,0.007000,0.001000,2.210000,0.025987,1.126912,-0.656775,-0.076675,-0.321077,0.077634
8.2359,63.7610,0.000000,0.012000,-0.703000,0.000000,-0.524000,0.531000,0.002000,-0.004000,0.003000,0.007000,-0.013000,2.299000,0.025987,1.126912,-0.669769,-0.076675,-0.318202,0.072841
8.2383,64.0490,0.000000,0.012000,-0.703000,0.000000,-0.524000,0.531000,0.002000,-0.004000,0.003000,0.007000,-0.013000,2.299000,0.025987,1.126912,-0.669769,-0.076675,-0.318202,0.072841
8.2404,64.2970,0.000000,0.012000,-0.703000,0.000000,-0.524000,0.547000,-0.005000,0.003000,0.003000,0.003000,-0.013000,2.312000,0.038981,1.143450,-0.665044,-0.086260,-0.318202,0.086260
8.2425,64.5460,0.000000,0.012000,-0.703000,0.000000,-0.524000,0.547000,-0.005000,0.003000,0.003000,0.003000,-0.013000,2.312000,0.038981,1.143450,-0.665044,-0.086260,-0.318202,0.086260
8.2446,64.8090,0.000000,0.012000,-0.703000,0.000000,-0.524000,0.547000,0.004000,0.000000,0.003000,0.003000,-0.013000,2.312000,0.002363,1.145813,-0.665044,-0.086260,-0.318202,0.086260
8.2467,65.0500,0.000000,0.012000,-0.703000,0.000000,-0.524000,0.547000,0.004000,0.000000,0.002000,-0.023000,-0.009000,2.312000,0.002363,1.145813,-0.662681,-0.080509,-0.313410,0.086260
8.2493,65.3660,0.000000,0.012000,-0.703000,0.000000,-0.524000,0.547000,0.011000,0.000000,0.002000,-0.023000,-0.009000,2.312000,-0.001181,1.145813,-0.662681,-0.080509,-0.313410,0.086260
8.2514,65.6130,0.000000,0.012000,-0.703000,0.000000,-0.524000,0.563000,0.011000,0.000000,0.002000,-0.023000,0.040000,2.375000,-0.001181,1.145813,-0.662681,-0.080509,-0.338329,0.080509
8.2535,65.8630,0.000000,0.012000,-0.703000,0.000000,-0.524000,0.563000,0.011000,0.000000,0.002000,-0.023000,0.040000,2.375000,-0.001181,1.145813,-0.662681,-0.080509,-0.338329,0.080509
8.2555,66.1090,0.000000,0.012000,-0.703000,0.000000,-0.524000,0.579000,0.011000,0.000000,0.002000,0.017000,0.040000,2.256000,-0.001181,1.139906,-0.649687,-0.081467,-0.338329,0.131306
8.2576,66.3550,0.000000,0.012000,-0.703000,0.000000,-0.524000,0.579000,0.011000,0.000000,0.002000,0.017000,0.040000,2.256000,-0.001181,1.139906,-0.649687,-0.081467,-0.338329,0.131306
8.2597,66.6080,0.000000,0.012000,-0.703000,0.000000,-0.524000,0.579000,0.002000,-0.001000,0.002000,-0.017000,0.003000,2.256000,0.030713,1.149356,-0.665044,-0.056548,-0.336412,0.131306
8.2618,66.8530,0.000000,0.012000,-0.703000,0.000000,-0.524000,0.579000,0.002000,-0.001000,0.002000,-0.017000,0.003000,2.256000,0.030713,1.149356,-0.665044,-0.056548,-0.336412,0.131306
8.2639,67.0960,0.000000,0.012000,-0.703000,0.000000,-0.524000,0.579000,-0.002000,-0.002000,0.002000,-0.017000,0.003000,2.256000,0.051975,1.145813,-0.665044,-0.056548,-0.336412,0.131306
8.2659,67.3390,0.000000,0.012000,-0.703000,0.000000,-0.524000,0.596000,-0.002000,-0.002000,0.002000,0.057000,-0.030000,2.366000,0.051975,1.145813,-0.665044,-0.115013,-0.308618,0.071883
8.2682,67.6070,0.000000,0.012000,-0.703000,0.000000,-0.524000,0.596000,-0.002000,-0.002000,0.002000,0.057000,-0.030000,2.366000,0.051975,1.145813,-0.665044,-0.115013,-0.308618,0.071883
8.2703,67.8500,0.000000,0.012000,-0.703000,0.000000,-0.524000,0.612000,-0.002000,-0.002000,0.005000,0.057000,0.005000,2.385000,0.051975,1.145813,-0.660319,-0.115013,-0.338329,0.061340
8.2723,68.0910,0.000000,0.012000,-0.703000,0.000000,-0.524000,0.612000,-0.002000,-0.002000,0.005000,0.057000,0.005000,2.385000,0.051975,1.145813,-0.660319,-0.115013,-0.338329,0.061340
8.2744,68.3320,0.000000,0.012000,-0.703000,0.000000,-0.524000,0.612000,0.002000,0.000000,0.006000,-0.040000,0.005000,2.385000,0.033075,1.161169,-0.663863,-0.075717,-0.338329,0.061340
8.2764,68.5740,0.000000,0.012000,-0.703000,0.000000,-0.524000,0.628000,0.002000,0.000000,0.006000,-0.040000,0.005000,2.283000,0.033075,1.161169,-0.663863,-0.075717,-0.338329,0.098719
8.2785,68.8140,0.000000,0.012000,-0.703000,0.000000,-0.524000,0.628000,0.002000,0.000000,0.006000,-0.040000,0.005000,2.283000,0.033075,1.161169,-0.663863,-0.075717,-0.338329,0.098719
8.2806,69.0560,0.000000,0.012000,-0.703000,0.000000,-0.524000,0.628000,0.006000,0.000000,0.005000,-0.015000,0.023000,2.283000,0.020081,1.138725,-0.667406,-0.072841,-0.348872,0.098719
8.2826,69.2960,0.000000,0.012000,-0.703000,0.000000,-0.524000,0.628000,0.006000,0.000000,0.005000,-0.015000,0.023000,2.283000,0.020081,1.138725,-0.667406,-0.072841,-0.348872,0.098719
8.2848,69.5400,0.000000,0.012000,-0.703000,0.000000,-0.524000,0.644000,-0.002000,0.000000,0.005000,-0.015000,0.023000,2.364000,0.025987,1.138725,-0.667406,-0.072841,-0.345997,0.033545
8.2868,69.7780,0.000000,0.012000,-0.703000,0.000000,-0.524000,0.644000,-0.002000,0.000000,0.005000,-0.015000,0.023000,2.364000,0.025987,1.138725,-0.667406,-0.072841,-0.345997,0.033545
8.2890,70.0260,0.000000,0.012000,-0.703000,0.000000,-0.524000,0.644000,-0.002000,0.000000,0.005000,-0.015000,0.023000,2.364000,0.025987,1.138725,-0.667406,-0.072841,-0.345997,0.033545
8.2910,70.2650,0.000000,0.012000,-0.703000,0.000000,-0.524000,0.660000,-0.002000,-0.001000,-0.001000,0.038000,0.023000,2.270000,0.025987,1.141087,-0.672131,-0.099678,-0.345997,0.061340
8.2933,70.5280,0.000000,0.012000,-0.703000,0.000000,-0.524000,0.660000,-0.002000,-0.001000,-0.001000,0.038000,0.023000,2.270000,0.025987,1.141087,-0.672131,-0.099678,-0.345997,0.061340
8.2954,70.7630,0.000000,0.012000,-0.703000,0.000000,-0.524000,0.660000,-0.009000,0.000000,0.002000,-0.028000,-0.011000,2.270000,0.035438,1.134000,-0.674494,-0.081467,-0.322036,0.061340
8.2975,70.9990,0.000000,0.012000,-0.703000,0.000000,-0.524000,0.660000,-0.009000,0.000000,0.002000,-0.028000,-0.011000,2.270000,0.035438,1.134000,-0.674494,-0.081467,-0.322036,0.061340
8.2997,71.2510,0.000000,0.012000,-0.703000,0.000000,-0.524000,0.676000,-0.001000,0.001000,0.002000,0.005000,0.005000,2.314000,0.025987,1.165894,-0.674494,-0.093927,-0.356540,0.076675
8.3017,71.4860,0.000000,0.012000,-0.703000,0.000000,-0.524000,0.676000,-0.001000,0.001000,0.002000,0.005000,0.005000,2.314000,0.025987,1.165894,-0.674494,-0.093927,-0.356540,0.076675
8.3038,71.7190,0.000000,0.012000,-0.703000,0.000000,-0.524000,0.676000,-0.001000,0.001000,-0.007000,0.005000,0.005000,2.314000,0.025987,1.165894,-0.667406,-0.093927,-0.356540,0.076675
8.3059,71.9520,0.000000,0.012000,-0.703000,0.000000,-0.524000,0.693000,-0.001000,0.001000,-0.007000,0.005000,-0.009000,2.322000,0.025987,1.165894,-0.667406,-0.093927,-0.326828,0.069008
8.3079,72.1860,0.000000,0.012000,-0.703000,0.000000,-0.524000,0.693000,-0.001000,0.001000,-0.007000,0.005000,-0.009000,2.322000,0.025987,1.165894,-0.667406,-0.093927,-0.326828,0.069008
8.3101,72.4350,0.000000,0.012000,-0.703000,0.000000,-0.524000,0.709000,0.008000,0.001000,0.004000,0.013000,-0.009000,2.274000,0.028350,1.155262,-0.687487,-0.085301,-0.326828,0.085301
8.3122,72.6670,0.000000,0.012000,-0.703000,0.000000,-0.524000,0.709000,0.008000,0.001000,0.004000,0.013000,-0.009000,2.274000,0.028350,1.155262,-0.687487,-0.085301,-0.326828,0.085301
8.3143,72.9010,0.000000,0.012000,-0.703000,0.000000,-0.524000,0.709000,-0.009000,0.000000,-0.005000,-0.013000,-0.001000,2.274000,0.044887,1.157625,-0.672131,-0.099678,-0.333537,0.085301
8.3164,73.1310,0.000000,0.012000,-0.703000,0.000000,-0.524000,0.709000,-0.009000,0.000000,-0.005000,-0.013000,-0.001000,2.274000,0.044887,1.157625,-0.672131,-0.099678,-0.333537,0.085301
8.3186,73.3760,0.000000,0.012000,-0.703000,0.000000,-0.524000,0.709000,-0.009000,0.000000,-0.005000,-0.013000,-0.001000,2.274000,0.044887,1.157625,-0.672131,-0.099678,-0.333537,0.085301
8.3206,73.6050,0.000000,0.012000,-0.703000,0.000000,-0.524000,0.725000,-0.002000,0.000000,-0.005000,-0.013000,-0.011000,2.277000,0.030713,1.157625,-0.672131,-0.099678,-0.328745,0.085301
8.3227,73.8300,0.000000,0.012000,-0.703000,0.000000,-0.524000,0.725000,-0.002000,0.000000,-0.005000,-0.013000,-0.011000,2.277000,0.030713,1.157625,-0.672131,-0.099678,-0.328745,0.085301
8.3248,74.0650,0.000000,0.012000,-0.703000,0.000000,-0.524000,0.741000,-0.002000,0.000000,0.008000,0.009000,-0.011000,2.348000,0.030713,1.152900,-0.682762,-0.093927,-0.328745,0.055590
8.3269,74.2920,0.000000,0.012000,-0.703000,0.000000,-0.524000,0.741000,-0.002000,0.000000,0.008000,0.009000,-0.011000,2.348000,0.030713,1.152900,-0.682762,-0.093927,-0.328745,0.055590
8.3290,74.5220,0.000000,0.012000,-0.703000,0.000000,-0.524000,0.741000,0.004000,0.000000,0.000000,-0.011000,0.007000,2.348000,0.034256,1.154081,-0.654412,-0.082426,-0.343122,0.055590
8.3310,74.7480,0.000000,0.012000,-0.703000,0.000000,-0.524000,0.741000,0.004000,0.000000,0.000000,-0.011000,0.007000,2.348000,0.034256,1.154081,-0.654412,-0.082426,-0.343122,0.055590
8.3334,75.0070,0.000000,0.012000,-0.703000,0.000000,-0.524000,0.741000,0.004000,0.000000,0.000000,-0.011000,0.007000,2.348000,0.034256,1.154081,-0.654412,-0.082426,-0.343122,0.055590
8.3355,75.2300,0.000000,0.012000,-0.703000,0.000000,-0.524000,0.757000,-0.006000,0.000000,0.000000,0.009000,0.013000,2.262000,0.030713,1.155262,-0.654412,-0.092969,-0.352706,0.069966
8.3375,75.4540,0.000000,0.012000,-0.703000,0.000000,-0.524000,0.757000,-0.006000,0.000000,0.000000,0.009000,0.013000,2.262000,0.030713,1.155262,-0.654412,-0.092969,-0.352706,0.069966
8.3398,75.7020,0.000000,0.012000,-0.703000,0.000000,-0.524000,0.757000,-0.006000,0.000000,-0.002000,0.009000,0.013000,2.262000,0.030713,1.155262,-0.660319,-0.092969,-0.352706,0.069966
8.3419,75.9240,0.000000,0.012000,-0.703000,0.000000,-0.524000,0.773000,-0.006000,0.000000,-0.002000,0.009000,-0.015000,2.320000,0.030713,1.155262,-0.660319,-0.092969,-0.343122,0.034504
8.3445,76.2070,0.000000,0.012000,-0.703000,0.000000,-0.524000,0.773000,-0.005000,0.001000,0.000000,-0.007000,-0.015000,2.320000,0.036619,1.141087,-0.670950,-0.083384,-0.343122,0.034504
8.3466,76.4270,0.000000,0.012000,-0.703000,0.000000,-0.524000,0.789000,-0.005000,0.001000,0.000000,-0.007000,-0.015000,2.245000,0.036619,1.141087,-0.670950,-0.083384,-0.343122,0.065174
8.3487,76.6530,0.000000,0.012000,-0.703000,0.000000,-0.524000,0.789000,-0.005000,0.001000,0.000000,-0.007000,-0.015000,2.245000,0.036619,1.141087,-0.670950,-0.083384,-0.343122,0.065174
8.3508,76.8710,0.000000,0.012000,-0.703000,0.000000,-0.524000,0.789000,0.002000,-0.002000,0.002000,0.001000,0.042000,2.245000,0.009450,1.151719,-0.662681,-0.092969,-0.345997,0.065174
8.3528,77.0900,0.000000,0.012000,-0.703000,0.000000,-0.524000,0.789000,0.002000,-0.002000,0.002000,0.001000,0.042000,2.245000,0.009450,1.151719,-0.662681,-0.092969,-0.345997,0.065174
8.3550,77.3150,0.000000,0.012000,-0.703000,0.000000,-0.524000,0.805000,0.000000,-0.002000,0.002000,0.001000,-0.013000,2.258000,0.023625,1.151719,-0.662681,-0.092969,-0.353664,0.061340
8.3570,77.5320,0.000000,0.012000,-0.703000,0.000000,-0.524000,0.805000,0.000000,-0.002000,0.002000,0.001000,-0.013000,2.258000,0.023625,1.151719,-0.662681,-0.092969,-0.353664,0.061340
8.3591,77.7470,0.000000,0.012000,-0.703000,0.000000,-0.524000,0.805000,0.000000,0.000000,0.002000,0.003000,-0.013000,2.258000,0.023625,1.130456,-0.679219,-0.090093,-0.353664,0.061340
8.3611,77.9630,0.000000,0.012000,-0.703000,0.000000,-0.524000,0.821000,0.000000,0.000000,0.002000,0.003000,-0.013000,2.381000,0.023625,1.130456,-0.679219,-0.090093,-0.353664,0.026836
8.3633,78.1820,0.000000,0.012000,-0.703000,0.000000,-0.524000,0.821000,0.000000,0.000000,0.002000,0.003000,-0.013000,2.381000,0.023625,1.130456,-0.679219,-0.090093,-0.353664,0.026836
8.3653,78.3950,0.000000,0.012000,-0.703000,0.000000,-0.524000,0.821000,-0.001000,-0.001000,0.000000,-0.011000,0.007000,2.381000,0.024806,1.143450,-0.660319,-0.084343,-0.348872,0.026836
8.3674,78.6080,0.000000,0.012000,-0.703000,0.000000,-0.524000,0.821000,-0.001000,-0.001000,0.000000,-0.011000,0.007000,2.381000,0.024806,1.143450,-0.660319,-0.084343,-0.348872,0.026836
8.3698,78.8530,0.000000,0.012000,-0.703000,0.000000,-0.524000,0.837000,0.008000,-0.003000,0.000000,-0.021000,-0.007000,2.168000,0.018900,1.144631,-0.660319,-0.102553,-0.343122,0.095844
8.3718,79.0640,0.000000,0.012000,-0.703000,0.000000,-0.524000,0.837000,0.008000,-0.003000,0.000000,-0.021000,-0.007000,2.168000,0.018900,1.144631,-0.660319,-0.102553,-0.343122,0.095844
8.3740,79.2830,0.000000,0.012000,-0.703000,0.000000,-0.524000,0.837000,0.008000,-0.003000,0.000000,-0.021000,-0.007000,2.168000,0.018900,1.144631,-0.660319,-0.102553,-0.343122,0.095844
8.3760,79.4930,0.000000,0.012000,-0.703000,0.000000,-0.524000,0.852000,0.008000,-0.003000,-0.003000,-0.021000,0.007000,2.228000,0.018900,1.144631,-0.661500,-0.102553,-0.348872,0.142808
8.3782,79.7120,0.000000,0.012000,-0.703000,0.000000,-0.524000,0.852000,0.008000,-0.003000,-0.003000,-0.021000,0.007000,2.228000,0.018900,1.144631,-0.661500,-0.102553,-0.348872,0.142808
8.3802,79.9200,0.000000,0.012000,-0.703000,0.000000,-0.524000,0.867000,-0.005000,0.001000,0.000000,-0.019000,0.007000,2.239000,0.033075,1.156444,-0.665044,-0.034504,-0.348872,0.103512
8.3823,80.1270,0.000000,0.012000,-0.703000,0.000000,-0.524000,0.867000,-0.005000,0.001000,0.000000,-0.019000,0.007000,2.239000,0.033075,1.156444,-0.665044,-0.034504,-0.348872,0.103512
8.3844,80.3380,0.000000,0.012000,-0.703000,0.000000,-0.524000,0.867000,-0.007000,0.003000,0.002000,0.038000,0.007000,2.239000,0.021263,1.144631,-0.666225,-0.092010,-0.348872,0.103512
8.3865,80.5440,0.000000,0.012000,-0.703000,0.000000,-0.524000,0.867000,-0.007000,0.003000,0.002000,0.038000,-0.007000,2.239000,0.021263,1.144631,-0.666225,-0.092010,-0.337371,0.103512
8.3887,80.7670,0.000000,0.012000,-0.703000,0.000000,-0.524000,0.867000,-0.003000,0.003000,0.002000,0.038000,-0.007000,2.239000,0.021263,1.144631,-0.666225,-0.092010,-0.337371,0.103512
8.3908,80.9710,0.000000,0.012000,-0.703000,0.000000,-0.524000,0.884000,-0.003000,0.003000,0.002000,0.038000,0.038000,2.304000,0.021263,1.144631,-0.666225,-0.092010,-0.358457,0.016293
8.3929,81.1750,0.000000,0.012000,-0.703000,0.000000,-0.524000,0.884000,-0.003000,0.003000,0.002000,0.038000,0.038000,2.304000,0.021263,1.144631,-0.666225,-0.092010,-0.358457,0.016293
8.3949,81.3760,0.000000,0.012000,-0.703000,0.000000,-0.524000,0.899000,-0.003000,0.000000,-0.001000,0.030000,0.038000,2.168000,0.021263,1.156444,-0.667406,-0.113096,-0.358457,0.065174
8.3970,81.5780,0.000000,0.012000,-0.703000,0.000000,-0.524000,0.899000,-0.003000,0.000000,-0.001000,0.030000,0.038000,2.168000,0.021263,1.156444,-0.667406,-0.113096,-0.358457,0.065174
8.3991,81.7800,0.000000,0.012000,-0.703000,0.000000,-0.524000,0.899000,0.013000,0.002000,0.006000,0.030000,0.038000,2.168000,-0.001181,1.144631,-0.661500,-0.113096,-0.358457,0.065174
8.4011,81.9800,0.000000,0.012000,-0.703000,0.000000,-0.524000,0.899000,0.013000,0.002000,0.006000,-0.042000,0.001000,2.168000,-0.001181,1.144631,-0.661500,-0.044088,-0.366124,0.065174
8.4035,82.2130,0.000000,0.012000,-0.703000,0.000000,-0.524000,0.899000,0.004000,0.002000,0.006000,-0.042000,0.001000,2.168000,0.010631,1.144631,-0.661500,-0.044088,-0.366124,0.065174
8.4056,82.4110,0.000000,0.012000,-0.703000,0.000000,-0.524000,0.914000,0.004000,0.000000,0.006000,0.036000,-0.015000,2.235000,0.010631,1.167075,-0.661500,-0.084343,-0.331620,0.072841
8.4077,82.6070,0.000000,0.012000,-0.703000,0.000000,-0.524000,0.914000,0.004000,0.000000,0.006000,0.036000,-0.015000,2.235000,0.010631,1.167075,-0.661500,-0.084343,-0.331620,0.072841
8.4098,82.8100,0.000000,0.012000,-0.703000,0.000000,-0.524000,0.930000,0.004000,0.000000,0.002000,0.036000,0.001000,2.195000,0.010631,1.167075,-0.679219,-0.084343,-0.356540,0.080509
8.4119,83.0060,0.000000,0.012000,-0.703000,0.000000,-0.524000,0.930000,0.004000,0.000000,0.002000,0.036000,0.001000,2.195000,0.010631,1.167075,-0.679219,-0.084343,-0.356540,0.080509
8.4139,83.1990,0.000000,0.012000,-0.703000,0.000000,-0.524000,0.930000,0.000000,0.002000,-0.001000,0.036000,0.001000,2.195000,0.034256,1.150537,-0.646144,-0.084343,-0.356540,0.080509
8.4160,83.3930,0.000000,0.012000,-0.703000,0.000000,-0.524000,0.946000,0.000000,0.002000,-0.001000,0.003000,0.001000,2.241000,0.034256,1.150537,-0.646144,-0.081467,-0.356540,0.021086
8.4184,83.6190,0.000000,0.012000,-0.703000,0.000000,-0.524000,0.946000,-0.003000,-0.002000,-0.001000,0.003000,0.001000,2.241000,0.037800,1.155262,-0.646144,-0.081467,-0.356540,0.021086
8.4205,83.8110,0.000000,0.012000,-0.703000,0.000000,-0.524000,0.946000,-0.003000,-0.002000,0.000000,-0.015000,0.005000,2.241000,0.037800,1.155262,-0.663863,-0.072841,-0.368041,0.021086
8.4226,84.0020,0.000000,0.012000,-0.703000,0.000000,-0.524000,0.946000,-0.003000,-0.002000,0.000000,-0.015000,0.005000,2.241000,0.037800,1.155262,-0.663863,-0.072841,-0.368041,0.021086
8.4247,84.1990,0.000000,0.012000,-0.703000,0.000000,-0.524000,0.961000,-0.005000,-0.002000,0.000000,-0.015000,-0.009000,2.164000,0.041344,1.155262,-0.663863,-0.072841,-0.343122,0.079551
8.4268,84.3880,0.000000,0.012000,-0.703000,0.000000,-0.524000,0.961000,-0.005000,-0.002000,0.000000,-0.015000,-0.009000,2.164000,0.041344,1.155262,-0.663863,-0.072841,-0.343122,0.079551
8.4289,84.5870,0.000000,0.012000,-0.703000,0.000000,-0.524000,0.961000,-0.005000,-0.001000,0.000000,-0.015000,-0.009000,2.164000,0.041344,1.156444,-0.663863,-0.072841,-0.343122,0.079551
8.4310,84.7740,0.000000,0.012000,-0.703000,0.000000,-0.524000,0.976000,-0.005000,-0.001000,0.001000,-0.001000,-0.009000,2.120000,0.041344,1.156444,-0.665044,-0.076675,-0.343122,0.092969
8.4334,84.9900,0.000000,0.012000,-0.703000,0.000000,-0.524000,0.976000,-0.005000,-0.001000,0.001000,-0.001000,-0.009000,2.120000,0.041344,1.156444,-0.665044,-0.076675,-0.343122,0.092969
8.4355,85.1740,0.000000,0.012000,-0.703000,0.000000,-0.524000,0.976000,-0.004000,0.002000,-0.001000,0.001000,0.007000,2.120000,0.036619,1.152900,-0.655594,-0.058465,-0.361332,0.092969
8.4375,85.3590,0.000000,0.012000,-0.703000,0.000000,-0.524000,0.976000,-0.004000,0.002000,-0.001000,0.001000,0.007000,2.120000,0.036619,1.152900,-0.655594,-0.058465,-0.361332,0.092969
8.4396,85.5440,0.000000,0.012000,-0.703000,0.000000,-0.524000,0.976000,0.003000,0.000000,-0.001000,0.003000,0.001000,2.120000,0.027169,1.149356,-0.655594,-0.072841,-0.363249,0.092969
8.4417,85.7230,0.000000,0.012000,-0.703000,0.000000,-0.524000,0.991000,0.003000,0.000000,-0.001000,0.003000,0.001000,2.193000,0.027169,1.149356,-0.655594,-0.072841,-0.363249,0.062299
8.4440,85.9310,0.000000,0.012000,-0.703000,0.000000,-0.524000,0.991000,0.003000,0.000000,-0.001000,0.003000,0.001000,2.193000,0.027169,1.149356,-0.655594,-0.072841,-0.363249,0.062299
8.4461,86.1110,0.000000,0.012000,-0.703000,0.000000,-0.524000,1.007000,0.003000,0.000000,-0.001000,0.003000,-0.019000,2.222000,0.027169,1.149356,-0.655594,-0.072841,-0.352706,0.016293
8.4483,86.3010,0.000000,0.012000,-0.703000,0.000000,-0.524000,1.007000,0.003000,0.000000,-0.001000,0.003000,-0.019000,2.222000,0.027169,1.149356,-0.655594,-0.072841,-0.352706,0.016293
8.4504,86.4780,0.000000,0.012000,-0.703000,0.000000,-0.524000,1.022000,0.001000,-0.001000,-0.003000,-0.013000,-0.019000,2.120000,0.036619,1.143450,-0.675675,-0.070925,-0.352706,0.070925
8.4524,86.6550,0.000000,0.012000,-0.703000,0.000000,-0.524000,1.022000,0.001000,-0.001000,-0.003000,-0.013000,-0.019000,2.120000,0.036619,1.143450,-0.675675,-0.070925,-0.352706,0.070925
8.4546,86.8380,0.000000,0.012000,-0.703000,0.000000,-0.524000,1.022000,-0.002000,0.000000,0.000000,-0.028000,0.015000,2.120000,0.046069,1.145813,-0.662681,-0.070925,-0.347914,0.070925
8.4566,87.0130,0.000000,0.012000,-0.703000,0.000000,-0.524000,1.022000,-0.002000,0.000000,0.000000,-0.028000,0.015000,2.120000,0.046069,1.145813,-0.662681,-0.070925,-0.347914,0.070925
8.4587,87.1840,0.000000,0.012000,-0.703000,0.000000,-0.524000,1.022000,-0.003000,0.000000,0.000000,-0.028000,0.015000,2.120000,0.031894,1.145813,-0.662681,-0.070925,-0.347914,0.070925
8.4607,87.3570,0.000000,0.012000,-0.703000,0.000000,-0.524000,1.037000,-0.003000,0.000000,0.000000,-0.028000,0.042000,2.164000,0.031894,1.145813,-0.662681,-0.070925,-0.362290,0.092010
8.4629,87.5350,0.000000,0.012000,-0.703000,0.000000,-0.524000,1.037000,-0.003000,0.000000,0.000000,-0.028000,0.042000,2.164000,0.031894,1.145813,-0.662681,-0.070925,-0.362290,0.092010
8.4650,87.7090,0.000000,0.012000,-0.703000,0.000000,-0.524000,1.052000,-0.003000,0.003000,0.005000,0.017000,0.042000,2.201000,0.031894,1.151719,-0.672131,-0.073800,-0.362290,0.040254
8.4670,87.8790,0.000000,0.012000,-0.703000,0.000000,-0.524000,1.052000,-0.003000,0.003000,0.005000,0.017000,0.042000,2.201000,0.031894,1.151719,-0.672131,-0.073800,-0.362290,0.040254
8.4691,88.0510,0.000000,0.012000,-0.703000,0.000000,-0.524000,1.052000,0.007000,0.002000,0.005000,0.003000,0.042000,2.201000,0.012994,1.146994,-0.637875,-0.087218,-0.362290,0.040254
8.4712,88.2180,0.000000,0.012000,-0.703000,0.000000,-0.524000,1.052000,0.007000,0.002000,0.005000,0.003000,-0.003000,2.201000,0.012994,1.146994,-0.637875,-0.087218,-0.348872,0.040254
8.4733,88.3900,0.000000,0.012000,-0.703000,0.000000,-0.524000,1.052000,0.007000,0.002000,0.005000,0.003000,-0.003000,2.201000,0.012994,1.146994,-0.637875,-0.087218,-0.348872,0.040254
8.4754,88.5570,0.000000,0.012000,-0.703000,0.000000,-0.524000,1.067000,0.008000,0.000000,0.005000,0.055000,0.005000,2.120000,0.010631,1.152900,-0.637875,-0.124597,-0.361332,0.080509
8.4775,88.7220,0.000000,0.012000,-0.703000,0.000000,-0.524000,1.067000,0.008000,0.000000,0.005000,0.055000,0.005000,2.120000,0.010631,1.152900,-0.637875,-0.124597,-0.361332,0.080509
8.4802,88.9360,0.000000,0.012000,-0.703000,0.000000,-0.524000,1.081000,0.008000,0.000000,-0.004000,0.055000,-0.028000,2.065000,0.010631,1.152900,-0.665044,-0.124597,-0.349831,0.072841
8.4822,89.0980,0.000000,0.012000,-0.703000,0.000000,-0.524000,1.081000,0.008000,0.000000,-0.004000,0.055000,-0.028000,2.065000,0.010631,1.152900,-0.665044,-0.124597,-0.349831,0.072841
8.4843,89.2590,0.000000,0.012000,-0.703000,0.000000,-0.524000,1.096000,0.002000,0.000000,0.003000,-0.028000,-0.028000,2.099000,0.009450,1.149356,-0.680400,-0.072841,-0.349831,0.080509
8.4864,89.4190,0.000000,0.012000,-0.703000,0.000000,-0.524000,1.096000,0.002000,0.000000,0.003000,-0.028000,-0.028000,2.099000,0.009450,1.149356,-0.680400,-0.072841,-0.349831,0.080509
8.4887,89.5970,0.000000,0.012000,-0.703000,0.000000,-0.524000,1.096000,0.002000,0.000000,0.003000,-0.028000,-0.028000,2.099000,0.009450,1.149356,-0.680400,-0.072841,-0.349831,0.080509
8.4907,89.7550,0.000000,0.012000,-0.703000,0.000000,-0.524000,1.096000,0.001000,0.000000,-0.001000,-0.005000,-0.003000,2.099000,0.008269,1.157625,-0.665044,-0.091052,-0.360373,0.080509
8.4928,89.9120,0.000000,0.012000,-0.703000,0.000000,-0.524000,1.096000,0.001000,0.000000,-0.001000,-0.005000,-0.003000,2.099000,0.008269,1.157625,-0.665044,-0.091052,-0.360373,0.080509
8.4949,90.0680,0.000000,0.012000,-0.703000,0.000000,-0.524000,1.111000,-0.005000,0.000000,-0.001000,-0.005000,-0.005000,2.111000,0.023625,1.157625,-0.665044,-0.091052,-0.362290,0.060382
8.4969,90.2220,0.000000,0.012000,-0.703000,0.000000,-0.524000,1.111000,-0.005000,0.000000,-0.001000,-0.005000,-0.005000,2.111000,0.023625,1.157625,-0.665044,-0.091052,-0.362290,0.060382
8.4993,90.3990,0.000000,0.012000,-0.703000,0.000000,-0.524000,1.111000,-0.005000,0.000000,-0.002000,-0.003000,-0.005000,2.111000,0.023625,1.158806,-0.662681,-0.087218,-0.362290,0.060382
8.5014,90.5510,0.000000,0.012000,-0.703000,0.000000,-0.524000,1.125000,-0.005000,0.000000,-0.002000,-0.003000,-0.005000,2.097000,0.023625,1.158806,-0.662681,-0.087218,-0.362290,0.052714
8.5041,90.7510,0.000000,0.012000,-0.703000,0.000000,-0.524000,1.125000,-0.003000,-0.001000,-0.003000,-0.019000,-0.005000,2.097000,0.017719,1.163531,-0.686306,-0.076675,-0.362290,0.052714
8.5062,90.9010,0.000000,0.012000,-0.703000,0.000000,-0.524000,1.125000,-0.003000,-0.001000,-0.003000,-0.019000,0.005000,2.097000,0.017719,1.163531,-0.686306,-0.076675,-0.362290,0.052714
8.5082,91.0490,0.000000,0.012000,-0.703000,0.000000,-0.524000,1.125000,-0.003000,-0.001000,-0.003000,-0.019000,0.005000,2.097000,0.017719,1.163531,-0.686306,-0.076675,-0.362290,0.052714
8.5106,91.2180,0.000000,0.012000,-0.703000,0.000000,-0.524000,1.140000,0.004000,0.002000,-0.003000,0.007000,0.026000,2.109000,0.030713,1.150537,-0.686306,-0.096802,-0.364207,0.025878
8.5127,91.3650,0.000000,0.012000,-0.703000,0.000000,-0.524000,1.140000,0.004000,0.002000,-0.003000,0.007000,0.026000,2.109000,0.030713,1.150537,-0.686306,-0.096802,-0.364207,0.025878
8.5148,91.5120,0.000000,0.012000,-0.703000,0.000000,-0.524000,1.154000,0.004000,0.002000,0.002000,0.007000,0.017000,2.034000,0.030713,1.150537,-0.668588,-0.096802,-0.362290,0.085301
8.5168,91.6560,0.000000,0.012000,-0.703000,0.000000,-0.524000,1.154000,0.004000,0.002000,0.002000,0.007000,0.017000,2.034000,0.030713,1.150537,-0.668588,-0.096802,-0.362290,0.085301
8.5191,91.8130,0.000000,0.012000,-0.703000,0.000000,-0.524000,1.154000,0.001000,-0.003000,0.000000,0.007000,0.017000,2.034000,0.021263,1.144631,-0.655594,-0.096802,-0.362290,0.085301
8.5211,91.9550,0.000000,0.012000,-0.703000,0.000000,-0.524000,1.169000,0.001000,-0.003000,0.000000,-0.003000,0.017000,2.024000,0.021263,1.144631,-0.655594,-0.082426,-0.362290,0.068049
8.5234,92.1100,0.000000,0.012000,-0.703000,0.000000,-0.524000,1.169000,0.001000,-0.003000,0.000000,-0.003000,0.017000,2.024000,0.021263,1.144631,-0.655594,-0.082426,-0.362290,0.068049
8.5255,92.2500,0.000000,0.012000,-0.703000,0.000000,-0.524000,1.169000,0.002000,-0.003000,-0.003000,0.007000,0.017000,2.024000,0.023625,1.148175,-0.669769,-0.096802,-0.367083,0.068049
8.5276,92.3880,0.000000,0.012000,-0.703000,0.000000,-0.524000,1.169000,0.002000,-0.003000,-0.003000,0.007000,0.017000,2.024000,0.023625,1.148175,-0.669769,-0.096802,-0.367083,0.068049
8.5296,92.5260,0.000000,0.012000,-0.703000,0.000000,-0.524000,1.169000,0.004000,-0.003000,-0.003000,0.007000,-0.028000,2.024000,0.031894,1.148175,-0.669769,-0.096802,-0.353664,0.068049
8.5317,92.6590,0.000000,0.012000,-0.703000,0.000000,-0.524000,1.183000,0.004000,-0.003000,-0.003000,0.007000,-0.028000,2.051000,0.031894,1.148175,-0.669769,-0.096802,-0.353664,0.040254
8.5337,92.7940,0.000000,0.012000,-0.703000,0.000000,-0.524000,1.183000,0.004000,0.000000,-0.003000,0.007000,-0.028000,2.051000,0.031894,1.162350,-0.669769,-0.096802,-0.353664,0.040254
8.5358,92.9280,0.000000,0.012000,-0.703000,0.000000,-0.524000,1.197000,0.004000,0.000000,0.000000,-0.021000,-0.028000,1.986000,0.031894,1.162350,-0.656775,-0.092010,-0.353664,0.068049
8.5379,93.0600,0.000000,0.012000,-0.703000,0.000000,-0.524000,1.197000,0.004000,0.000000,0.000000,-0.021000,-0.028000,1.986000,0.031894,1.162350,-0.656775,-0.092010,-0.353664,0.068049
8.5399,93.1910,0.000000,0.012000,-0.703000,0.000000,-0.524000,1.197000,0.004000,-0.001000,-0.002000,-0.005000,0.017000,1.986000,0.031894,1.154081,-0.652050,-0.084343,-0.368999,0.068049
8.5420,93.3220,0.000000,0.012000,-0.703000,0.000000,-0.524000,1.197000,0.004000,-0.001000,-0.002000,-0.005000,0.017000,1.986000,0.031894,1.154081,-0.652050,-0.084343,-0.368999,0.068049
8.5443,93.4620,0.000000,0.012000,-0.703000,0.000000,-0.524000,1.197000,-0.002000,-0.002000,-0.002000,-0.005000,0.017000,1.986000,0.037800,1.152900,-0.652050,-0.084343,-0.368999,0.068049
8.5463,93.5900,0.000000,0.012000,-0.703000,0.000000,-0.524000,1.211000,-0.002000,-0.002000,-0.002000,-0.051000,-0.024000,2.038000,0.037800,1.152900,-0.652050,-0.046964,-0.365166,0.100636
8.5492,93.7650,0.000000,0.012000,-0.703000,0.000000,-0.524000,1.211000,-0.002000,-0.002000,-0.001000,-0.051000,0.007000,2.038000,0.037800,1.152900,-0.656775,-0.046964,-0.360373,0.100636
8.5513,93.8900,0.000000,0.012000,-0.703000,0.000000,-0.524000,1.225000,-0.002000,-0.002000,-0.001000,-0.051000,0.007000,2.026000,0.037800,1.152900,-0.656775,-0.046964,-0.360373,0.043130
8.5537,94.0370,0.000000,0.012000,-0.703000,0.000000,-0.524000,1.225000,-0.002000,-0.002000,-0.001000,-0.051000,0.007000,2.026000,0.037800,1.152900,-0.656775,-0.046964,-0.360373,0.043130
8.5558,94.1590,0.000000,0.012000,-0.703000,0.000000,-0.524000,1.239000,-0.004000,0.002000,-0.004000,0.032000,0.007000,1.967000,0.033075,1.165894,-0.686306,-0.107345,-0.360373,0.086260
8.5578,94.2800,0.000000,0.012000,-0.703000,0.000000,-0.524000,1.239000,-0.004000,0.002000,-0.004000,0.032000,0.007000,1.967000,0.033075,1.165894,-0.686306,-0.107345,-0.360373,0.086260
8.5601,94.4130,0.000000,0.012000,-0.703000,0.000000,-0.524000,1.239000,0.003000,-0.001000,0.004000,-0.026000,0.005000,1.967000,0.024806,1.161169,-0.656775,-0.080509,-0.366124,0.086260
8.5622,94.5320,0.000000,0.012000,-0.703000,0.000000,-0.524000,1.239000,0.003000,-0.001000,0.004000,-0.026000,0.005000,1.967000,0.024806,1.161169,-0.656775,-0.080509,-0.366124,0.086260
8.5642,94.6490,0.000000,0.012000,-0.703000,0.000000,-0.524000,1.239000,0.002000,-0.001000,0.004000,-0.026000,0.005000,1.967000,0.035438,1.161169,-0.656775,-0.080509,-0.366124,0.086260
8.5663,94.7650,0.000000,0.012000,-0.703000,0.000000,-0.524000,1.252000,0.002000,-0.001000,0.004000,-0.026000,-0.003000,1.936000,0.035438,1.161169,-0.656775,-0.080509,-0.358457,0.093927
8.5686,94.8930,0.000000,0.012000,-0.703000,0.000000,-0.524000,1.252000,0.002000,-0.001000,0.004000,-0.026000,-0.003000,1.936000,0.035438,1.161169,-0.656775,-0.080509,-0.358457,0.093927
8.5707,95.0070,0.000000,0.012000,-0.703000,0.000000,-0.524000,1.266000,0.002000,0.001000,0.003000,-0.015000,-0.003000,2.036000,0.035438,1.154081,-0.648506,-0.077634,-0.358457,0.025878
8.5727,95.1190,0.000000,0.012000,-0.703000,0.000000,-0.524000,1.266000,0.002000,0.001000,0.003000,-0.015000,-0.003000,2.036000,0.035438,1.154081,-0.648506,-0.077634,-0.358457,0.025878
8.5750,95.2410,0.000000,0.012000,-0.703000,0.000000,-0.524000,1.266000,-0.001000,0.000000,0.000000,-0.003000,0.017000,2.036000,0.050794,1.156444,-0.660319,-0.084343,-0.366124,0.025878
8.5771,95.3510,0.000000,0.012000,-0.703000,0.000000,-0.524000,1.266000,-0.001000,0.000000,0.000000,-0.003000,0.017000,2.036000,0.050794,1.156444,-0.660319,-0.084343,-0.366124,0.025878
8.5792,95.4610,0.000000,0.012000,-0.703000,0.000000,-0.524000,1.266000,-0.002000,-0.003000,0.000000,-0.009000,0.017000,2.036000,0.044887,1.139906,-0.660319,-0.081467,-0.366124,0.025878
8.5812,95.5690,0.000000,0.012000,-0.703000,0.000000,-0.524000,1.280000,-0.002000,-0.003000,0.000000,-0.009000,-0.023000,1.953000,0.044887,1.139906,-0.660319,-0.081467,-0.369958,0.051756
8.5837,95.6950,0.000000,0.012000,-0.703000,0.000000,-0.524000,1.280000,-0.002000,-0.003000,0.000000,-0.009000,-0.023000,1.953000,0.044887,1.139906,-0.660319,-0.081467,-0.369958,0.051756
8.5858,95.8000,0.000000,0.012000,-0.703000,0.000000,-0.524000,1.293000,-0.002000,-0.003000,0.000000,-0.009000,-0.003000,1.892000,0.044887,1.139906,-0.660319,-0.081467,-0.353664,0.092010
8.5878,95.9030,0.000000,0.012000,-0.703000,0.000000,-0.524000,1.293000,-0.002000,-0.003000,0.000000,-0.009000,-0.003000,1.892000,0.044887,1.139906,-0.660319,-0.081467,-0.353664,0.092010
8.5899,96.0050,0.000000,0.012000,-0.703000,0.000000,-0.524000,1.306000,0.002000,0.000000,0.003000,-0.005000,-0.003000,1.863000,0.023625,1.159987,-0.672131,-0.065174,-0.353664,0.075717
8.5919,96.1060,0.000000,0.012000,-0.703000,0.000000,-0.524000,1.306000,0.002000,0.000000,0.003000,-0.005000,-0.003000,1.863000,0.023625,1.159987,-0.672131,-0.065174,-0.353664,0.075717
8.5941,96.2110,0.000000,0.012000,-0.703000,0.000000,-0.524000,1.306000,0.008000,-0.001000,0.000000,-0.015000,-0.003000,1.863000,0.009450,1.154081,-0.676856,-0.069966,-0.353664,0.075717
8.5962,96.3100,0.000000,0.012000,-0.703000,0.000000,-0.524000,1.306000,0.008000,-0.001000,0.000000,-0.015000,0.024000,1.863000,0.009450,1.154081,-0.676856,-0.069966,-0.365166,0.075717
8.5985,96.4190,0.000000,0.012000,-0.703000,0.000000,-0.524000,1.306000,0.008000,-0.001000,0.000000,-0.015000,0.024000,1.863000,0.009450,1.154081,-0.676856,-0.069966,-0.365166,0.075717
8.6006,96.5150,0.000000,0.012000,-0.703000,0.000000,-0.524000,1.320000,0.005000,-0.001000,0.000000,-0.015000,-0.003000,1.905000,0.020081,1.154081,-0.676856,-0.069966,-0.364207,0.002875
8.6026,96.6090,0.000000,0.012000,-0.703000,0.000000,-0.524000,1.320000,0.005000,-0.001000,0.000000,-0.015000,-0.003000,1.905000,0.020081,1.154081,-0.676856,-0.069966,-0.364207,0.002875
8.6048,96.7070,0.000000,0.012000,-0.703000,0.000000,-0.524000,1.320000,0.005000,0.000000,-0.002000,-0.015000,-0.003000,1.905000,0.020081,1.142269,-0.654412,-0.069966,-0.364207,0.002875
8.6069,96.7990,0.000000,0.012000,-0.703000,0.000000,-0.524000,1.332000,0.005000,0.000000,-0.002000,0.015000,-0.003000,1.823000,0.020081,1.142269,-0.654412,-0.063257,-0.364207,0.049839
8.6094,96.9110,0.000000,0.012000,-0.703000,0.000000,-0.524000,1.332000,0.003000,0.000000,0.004000,-0.001000,0.007000,1.823000,0.033075,1.157625,-0.657956,-0.063257,-0.363249,0.049839
8.6115,97.0000,0.000000,0.012000,-0.703000,0.000000,-0.524000,1.345000,0.003000,0.000000,0.004000,-0.001000,0.007000,1.823000,0.033075,1.157625,-0.657956,-0.063257,-0.363249,0.067091
8.6136,97.0910,0.000000,0.012000,-0.703000,0.000000,-0.524000,1.345000,0.003000,0.000000,0.004000,-0.001000,0.007000,1.823000,0.033075,1.157625,-0.657956,-0.063257,-0.363249,0.067091
8.6157,97.1770,0.000000,0.012000,-0.703000,0.000000,-0.524000,1.345000,-0.002000,0.000000,-0.007000,0.003000,0.013000,1.823000,0.021263,1.152900,-0.670950,-0.080509,-0.368041,0.067091
8.6177,97.2620,0.000000,0.012000,-0.703000,0.000000,-0.524000,1.345000,-0.002000,0.000000,-0.007000,0.003000,0.013000,1.823000,0.021263,1.152900,-0.670950,-0.080509,-0.368041,0.067091
8.6199,97.3520,0.000000,0.012000,-0.703000,0.000000,-0.524000,1.358000,-0.002000,0.000000,-0.007000,0.003000,-0.005000,1.804000,0.021263,1.152900,-0.670950,-0.080509,-0.355581,0.053673
8.6220,97.4340,0.000000,0.012000,-0.703000,0.000000,-0.524000,1.358000,-0.002000,0.000000,-0.007000,0.003000,-0.005000,1.804000,0.021263,1.152900,-0.670950,-0.080509,-0.355581,0.053673
8.6241,97.5180,0.000000,0.012000,-0.703000,0.000000,-0.524000,1.358000,0.001000,0.000000,-0.004000,0.003000,-0.005000,1.804000,0.027169,1.141087,-0.683944,-0.080509,-0.355581,0.053673
8.6262,97.5980,0.000000,0.012000,-0.703000,0.000000,-0.524000,1.371000,0.001000,0.000000,-0.004000,-0.005000,-0.005000,1.796000,0.027169,1.141087,-0.683944,-0.069008,-0.355581,0.045047
8.6285,97.6850,0.000000,0.012000,-0.703000,0.000000,-0.524000,1.371000,0.001000,0.000000,-0.004000,-0.005000,-0.005000,1.796000,0.027169,1.141087,-0.683944,-0.069008,-0.355581,0.045047
8.6305,97.7620,0.000000,0.012000,-0.703000,0.000000,-0.524000,1.371000,-0.004000,0.000000,0.001000,0.000000,-0.007000,1.796000,0.025987,1.161169,-0.680400,-0.069966,-0.382418,0.045047
8.6326,97.8380,0.000000,0.012000,-0.703000,0.000000,-0.524000,1.371000,-0.004000,0.000000,0.001000,0.000000,-0.007000,1.796000,0.025987,1.161169,-0.680400,-0.069966,-0.382418,0.045047
8.6346,97.9130,0.000000,0.012000,-0.703000,0.000000,-0.524000,1.371000,-0.001000,0.000000,0.001000,0.000000,0.036000,1.796000,0.012994,1.161169,-0.680400,-0.069966,-0.386251,0.045047
8.6367,97.9850,0.000000,0.012000,-0.703000,0.000000,-0.524000,1.383000,-0.001000,0.000000,0.001000,0.000000,0.036000,1.681000,0.012994,1.161169,-0.680400,-0.069966,-0.386251,0.124597
8.6391,98.0700,0.000000,0.012000,-0.703000,0.000000,-0.524000,1.383000,-0.001000,0.001000,0.001000,0.000000,0.036000,1.681000,0.012994,1.138725,-0.662681,-0.069966,-0.386251,0.124597
8.6412,98.1410,0.000000,0.012000,-0.703000,0.000000,-0.524000,1.395000,-0.001000,0.001000,0.001000,-0.011000,0.036000,1.767000,0.012994,1.138725,-0.662681,-0.054631,-0.386251,0.049839
8.6433,98.2130,0.000000,0.012000,-0.703000,0.000000,-0.524000,1.395000,-0.001000,0.001000,0.001000,-0.011000,0.036000,1.767000,0.012994,1.138725,-0.662681,-0.054631,-0.386251,0.049839
8.6454,98.2810,0.000000,0.012000,-0.703000,0.000000,-0.524000,1.407000,0.004000,0.000000,-0.004000,0.007000,0.021000,1.716000,0.024806,1.155262,-0.669769,-0.070925,-0.379542,0.034504
8.6474,98.3480,0.000000,0.012000,-0.703000,0.000000,-0.524000,1.407000,0.004000,0.000000,-0.004000,0.007000,0.021000,1.716000,0.024806,1.155262,-0.669769,-0.070925,-0.379542,0.034504
8.6495,98.4130,0.000000,0.012000,-0.703000,0.000000,-0.524000,1.407000,0.002000,0.000000,0.004000,0.021000,0.021000,1.716000,0.030713,1.159987,-0.655594,-0.072841,-0.379542,0.034504
8.6516,98.4770,0.000000,0.012000,-0.703000,0.000000,-0.524000,1.407000,0.002000,0.000000,0.004000,0.021000,-0.007000,1.716000,0.030713,1.159987,-0.655594,-0.072841,-0.370916,0.034504
8.6539,98.5480,0.000000,0.012000,-0.703000,0.000000,-0.524000,1.407000,0.002000,0.000000,0.004000,0.021000,-0.007000,1.716000,0.030713,1.159987,-0.655594,-0.072841,-0.370916,0.034504
8.6559,98.6090,0.000000,0.012000,-0.703000,0.000000,-0.524000,1.419000,0.002000,0.000000,0.004000,0.021000,-0.001000,1.658000,0.030713,1.159987,-0.655594,-0.072841,-0.373792,0.074758
8.6582,98.6760,0.000000,0.012000,-0.703000,0.000000,-0.524000,1.419000,0.000000,0.001000,0.004000,0.021000,-0.001000,1.658000,0.036619,1.148175,-0.655594,-0.072841,-0.373792,0.074758
8.6603,98.7340,0.000000,0.012000,-0.703000,0.000000,-0.524000,1.431000,0.000000,0.001000,-0.004000,0.000000,-0.001000,1.685000,0.036619,1.148175,-0.661500,-0.063257,-0.373792,0.079551
8.6624,98.7910,0.000000,0.012000,-0.703000,0.000000,-0.524000,1.431000,0.000000,0.001000,-0.004000,0.000000,-0.001000,1.685000,0.036619,1.148175,-0.661500,-0.063257,-0.373792,0.079551
8.6646,98.8520,0.000000,0.012000,-0.703000,0.000000,-0.524000,1.431000,-0.006000,-0.001000,-0.004000,0.000000,-0.001000,1.685000,0.038981,1.161169,-0.661500,-0.063257,-0.373792,0.079551
8.6667,98.9070,0.000000,0.012000,-0.703000,0.000000,-0.524000,1.431000,-0.006000,-0.001000,-0.007000,0.003000,0.011000,1.685000,0.038981,1.161169,-0.667406,-0.070925,-0.368041,0.079551
8.6687,98.9600,0.000000,0.012000,-0.703000,0.000000,-0.524000,1.431000,-0.006000,-0.001000,-0.007000,0.003000,0.011000,1.685000,0.042525,1.161169,-0.667406,-0.070925,-0.368041,0.079551
8.6708,99.0120,0.000000,0.012000,-0.703000,0.000000,-0.524000,1.443000,-0.006000,-0.001000,-0.007000,0.003000,-0.007000,1.675000,0.042525,1.161169,-0.667406,-0.070925,-0.370916,0.067091
8.6729,99.0630,0.000000,0.012000,-0.703000,0.000000,-0.524000,1.443000,-0.006000,-0.001000,-0.007000,0.003000,-0.007000,1.675000,0.042525,1.161169,-0.667406,-0.070925,-0.370916,0.067091
8.6750,99.1130,0.000000,0.012000,-0.703000,0.000000,-0.524000,1.455000,-0.006000,0.000000,0.005000,0.009000,-0.007000,1.639000,0.042525,1.144631,-0.674494,-0.067091,-0.370916,0.005751
8.6770,99.1610,0.000000,0.012000,-0.703000,0.000000,-0.524000,1.455000,-0.006000,0.000000,0.005000,0.009000,-0.007000,1.639000,0.042525,1.144631,-0.674494,-0.067091,-0.370916,0.005751
8.6796,99.2190,0.000000,0.012000,-0.703000,0.000000,-0.524000,1.455000,-0.003000,0.000000,-0.003000,0.032000,-0.007000,1.639000,0.037800,1.165894,-0.655594,-0.103512,-0.370916,0.005751
8.6817,99.2640,0.000000,0.012000,-0.703000,0.000000,-0.524000,1.466000,-0.003000,0.000000,-0.003000,0.032000,-0.013000,1.604000,0.037800,1.165894,-0.655594,-0.103512,-0.367083,0.065174
8.6837,99.3070,0.000000,0.012000,-0.703000,0.000000,-0.524000,1.466000,0.004000,0.000000,-0.003000,0.032000,-0.013000,1.604000,0.003544,1.157625,-0.655594,-0.103512,-0.367083,0.065174
8.6858,99.3500,0.000000,0.012000,-0.703000,0.000000,-0.524000,1.466000,0.004000,0.000000,0.004000,-0.003000,-0.001000,1.604000,0.003544,1.157625,-0.670950,-0.075717,-0.382418,0.065174
8.6879,99.3910,0.000000,0.012000,-0.703000,0.000000,-0.524000,1.466000,0.004000,0.000000,0.004000,-0.003000,-0.001000,1.604000,0.003544,1.157625,-0.670950,-0.075717,-0.382418,0.065174
8.6899,99.4300,0.000000,0.012000,-0.703000,0.000000,-0.524000,1.477000,0.004000,0.000000,0.004000,-0.003000,0.003000,1.568000,0.003544,1.157625,-0.670950,-0.075717,-0.375708,0.069966
8.6920,99.4690,0.000000,0.012000,-0.703000,0.000000,-0.524000,1.477000,0.004000,0.000000,0.004000,-0.003000,0.003000,1.568000,0.003544,1.157625,-0.670950,-0.075717,-0.375708,0.069966
8.6945,99.5150,0.000000,0.012000,-0.703000,0.000000,-0.524000,1.488000,0.000000,0.002000,0.000000,-0.003000,0.003000,1.566000,0.029531,1.161169,-0.665044,-0.080509,-0.375708,0.043130
8.6966,99.5500,0.000000,0.012000,-0.703000,0.000000,-0.524000,1.488000,0.000000,0.002000,0.000000,-0.003000,0.003000,1.566000,0.029531,1.161169,-0.665044,-0.080509,-0.375708,0.043130
8.6987,99.5840,0.000000,0.012000,-0.703000,0.000000,-0.524000,1.488000,-0.001000,0.002000,0.000000,-0.003000,0.003000,1.566000,0.040162,1.161169,-0.665044,-0.080509,-0.375708,0.043130
8.7008,99.6170,0.000000,0.012000,-0.703000,0.000000,-0.524000,1.488000,-0.001000,-0.003000,0.002000,-0.013000,0.017000,1.566000,0.040162,1.155262,-0.661500,-0.068049,-0.378584,0.043130
8.7028,99.6490,0.000000,0.012000,-0.703000,0.000000,-0.524000,1.488000,-0.001000,-0.003000,0.002000,-0.013000,0.017000,1.566000,0.040162,1.155262,-0.661500,-0.068049,-0.378584,0.043130
8.7049,99.6790,0.000000,0.012000,-0.703000,0.000000,-0.524000,1.499000,0.000000,-0.003000,0.002000,-0.013000,0.001000,1.568000,0.023625,1.155262,-0.661500,-0.068049,-0.371875,0.007668
8.7070,99.7080,0.000000,0.012000,-0.703000,0.000000,-0.524000,1.499000,0.000000,-0.003000,0.002000,-0.013000,0.001000,1.568000,0.023625,1.155262,-0.661500,-0.068049,-0.371875,0.007668
8.7091,99.7350,0.000000,0.012000,-0.703000,0.000000,-0.524000,1.499000,0.000000,-0.001000,0.001000,0.028000,0.001000,1.568000,0.023625,1.146994,-0.670950,-0.094886,-0.371875,0.007668
8.7111,99.7610,0.000000,0.012000,-0.703000,0.000000,-0.524000,1.509000,0.000000,-0.001000,0.001000,0.028000,0.001000,1.449000,0.023625,1.146994,-0.670950,-0.094886,-0.371875,0.055590
8.7132,99.7860,0.000000,0.012000,-0.703000,0.000000,-0.524000,1.509000,0.000000,-0.001000,0.001000,0.028000,0.001000,1.449000,0.023625,1.146994,-0.670950,-0.094886,-0.371875,0.055590
8.7153,99.8090,0.000000,0.012000,-0.703000,0.000000,-0.524000,1.519000,0.003000,-0.002000,0.005000,0.007000,-0.009000,1.443000,0.015356,1.145813,-0.655594,-0.111179,-0.368999,0.093927
8.7173,99.8310,0.000000,0.012000,-0.703000,0.000000,-0.524000,1.519000,0.003000,-0.002000,0.005000,0.007000,-0.009000,1.443000,0.015356,1.145813,-0.655594,-0.111179,-0.368999,0.093927
8.7194,99.8520,0.000000,0.012000,-0.703000,0.000000,-0.524000,1.519000,0.000000,-0.005000,0.003000,-0.007000,0.017000,1.443000,0.023625,1.155262,-0.672131,-0.069008,-0.387210,0.093927
8.7215,99.8710,0.000000,0.012000,-0.703000,0.000000,-0.524000,1.519000,0.000000,-0.005000,0.003000,-0.007000,0.017000,1.443000,0.023625,1.155262,-0.672131,-0.069008,-0.387210,0.093927
8.7235,99.8890,0.000000,0.012000,-0.703000,0.000000,-0.524000,1.519000,0.000000,-0.005000,0.003000,-0.007000,0.017000,1.443000,0.023625,1.155262,-0.672131,-0.069008,-0.387210,0.093927
8.7256,99.9050,0.000000,0.012000,-0.703000,0.000000,-0.524000,1.530000,0.000000,-0.005000,0.003000,-0.007000,-0.023000,1.461000,0.023625,1.155262,-0.672131,-0.069008,-0.369958,0.038338
8.7277,99.9210,0.000000,0.012000,-0.703000,0.000000,-0.524000,1.530000,0.000000,-0.005000,0.003000,-0.007000,-0.023000,1.461000,0.023625,1.155262,-0.672131,-0.069008,-0.369958,0.038338
8.7298,99.9350,0.000000,0.012000,-0.703000,0.000000,-0.524000,1.540000,-0.002000,0.000000,-0.006000,0.011000,-0.023000,1.510000,0.028350,1.152900,-0.669769,-0.068049,-0.369958,0.052714
8.7318,99.9470,0.000000,0.012000,-0.703000,0.000000,-0.524000,1.540000,-0.002000,0.000000,-0.006000,0.011000,-0.023000,1.510000,0.028350,1.152900,-0.669769,-0.068049,-0.369958,0.052714
8.7339,99.9590,0.000000,0.012000,-0.703000,0.000000,-0.524000,1.540000,-0.002000,-0.006000,0.001000,-0.007000,0.036000,1.510000,0.025987,1.158806,-0.652050,-0.081467,-0.378584,0.052714
8.7360,99.9680,0.000000,0.012000,-0.703000,0.000000,-0.524000,1.540000,-0.002000,-0.006000,0.001000,-0.007000,0.036000,1.510000,0.025987,1.158806,-0.652050,-0.081467,-0.378584,0.052714
8.7381,99.9770,0.000000,0.012000,-0.703000,0.000000,-0.524000,1.540000,-0.002000,-0.006000,0.001000,-0.007000,0.036000,1.510000,0.025987,1.158806,-0.652050,-0.081467,-0.378584,0.052714
8.7402,99.9840,0.000000,0.012000,-0.703000,0.000000,-0.524000,1.550000,0.000000,-0.006000,0.001000,-0.007000,0.005000,1.474000,0.021263,1.158806,-0.652050,-0.081467,-0.381459,0.042171
8.7422,99.9900,0.000000,0.012000,-0.703000,0.000000,-0.524000,1.550000,0.000000,-0.006000,0.001000,-0.007000,0.005000,1.474000,0.021263,1.158806,-0.652050,-0.081467,-0.381459,0.042171
8.7443,99.9940,0.000000,0.012000,-0.703000,0.000000,-0.524000,1.550000,0.000000,0.003000,0.003000,-0.003000,0.005000,1.474000,0.021263,1.152900,-0.675675,-0.083384,-0.381459,0.042171
8.7464,99.9970,0.000000,0.012000,-0.703000,0.000000,-0.524000,1.559000,0.000000,0.003000,0.003000,-0.003000,0.005000,1.244000,0.021263,1.152900,-0.675675,-0.083384,-0.381459,0.072841
8.7485,99.9990,0.000000,0.012000,-0.703000,0.000000,-0.524000,1.559000,0.004000,0.003000,0.003000,-0.003000,0.005000,1.244000,0.017719,1.152900,-0.675675,-0.083384,-0.381459,0.072841
8.7506,99.9990,0.000000,0.012000,-0.703000,0.000000,-0.524000,1.568000,0.004000,-0.003000,0.005000,-0.021000,-0.028000,1.361000,0.017719,1.169438,-0.669769,-0.055590,-0.374750,0.077634
8.7527,99.9980,0.000000,0.012000,-0.703000,0.000000,-0.524000,1.568000,0.004000,-0.003000,0.005000,-0.021000,-0.028000,1.361000,0.017719,1.169438,-0.669769,-0.055590,-0.374750,0.077634
8.7548,99.9960,0.000000,0.012000,-0.703000,0.000000,-0.524000,1.568000,0.004000,0.002000,0.000000,-0.036000,0.015000,1.361000,0.018900,1.157625,-0.678037,-0.036421,-0.374750,0.077634
8.7568,99.9920,0.000000,0.012000,-0.703000,0.000000,-0.524000,1.568000,0.004000,0.002000,0.000000,-0.036000,0.015000,1.361000,0.018900,1.157625,-0.678037,-0.036421,-0.374750,0.077634
8.7590,99.9870,0.000000,0.012000,-0.703000,0.000000,-0.524000,1.568000,0.004000,0.002000,0.000000,-0.036000,0.015000,1.361000,0.018900,1.157625,-0.678037,-0.036421,-0.374750,0.077634
8.7610,99.9800,0.000000,0.012000,-0.703000,0.000000,-0.524000,1.577000,0.004000,0.002000,0.000000,-0.036000,-0.007000,1.250000,0.018900,1.157625,-0.678037,-0.036421,-0.371875,0.045047
8.7632,99.9720,0.000000,0.012000,-0.703000,0.000000,-0.524000,1.577000,0.004000,0.002000,0.000000,-0.036000,-0.007000,1.250000,0.018900,1.157625,-0.678037,-0.036421,-0.371875,0.045047
8.7653,99.9630,0.000000,0.012000,-0.703000,0.000000,-0.524000,1.586000,0.003000,0.000000,-0.001000,0.009000,-0.007000,1.263000,0.031894,1.151719,-0.657956,-0.067091,-0.371875,0.036421
8.7673,99.9520,0.000000,0.012000,-0.703000,0.000000,-0.524000,1.586000,0.003000,0.000000,-0.001000,0.009000,-0.007000,1.263000,0.031894,1.151719,-0.657956,-0.067091,-0.371875,0.036421
8.7695,99.9400,0.000000,0.012000,-0.703000,0.000000,-0.524000,1.586000,0.001000,0.000000,0.000000,0.011000,0.019000,1.263000,0.037800,1.144631,-0.661500,-0.077634,-0.382418,0.036421
8.7715,99.9260,0.000000,0.012000,-0.703000,0.000000,-0.524000,1.586000,0.001000,0.000000,0.000000,0.011000,0.019000,1.263000,0.037800,1.144631,-0.661500,-0.077634,-0.382418,0.036421
8.7736,99.9120,0.000000,0.012000,-0.703000,0.000000,-0.524000,1.586000,0.001000,0.000000,0.000000,0.011000,0.019000,1.263000,0.037800,1.144631,-0.661500,-0.077634,-0.382418,0.036421
8.7756,99.8960,0.000000,0.012000,-0.703000,0.000000,-0.524000,1.595000,-0.009000,0.000000,0.000000,0.011000,0.023000,1.292000,0.037800,1.144631,-0.661500,-0.077634,-0.378584,0.046005
8.7777,99.8790,0.000000,0.012000,-0.703000,0.000000,-0.524000,1.595000,-0.009000,0.000000,0.000000,0.011000,0.023000,1.292000,0.037800,1.144631,-0.661500,-0.077634,-0.378584,0.046005
8.7798,99.8600,0.000000,0.012000,-0.703000,0.000000,-0.524000,1.603000,-0.009000,0.003000,-0.005000,0.000000,0.023000,1.146000,0.037800,1.145813,-0.661500,-0.072841,-0.378584,0.065174
8.7818,99.8400,0.000000,0.012000,-0.703000,0.000000,-0.524000,1.603000,-0.009000,0.003000,-0.005000,0.000000,0.023000,1.146000,0.037800,1.145813,-0.661500,-0.072841,-0.378584,0.065174
8.7840,99.8180,0.000000,0.012000,-0.703000,0.000000,-0.524000,1.603000,-0.002000,0.000000,0.005000,-0.003000,0.023000,1.146000,0.034256,1.154081,-0.666225,-0.056548,-0.378584,0.065174
8.7860,99.7950,0.000000,0.012000,-0.703000,0.000000,-0.524000,1.611000,-0.002000,0.000000,0.005000,-0.003000,-0.023000,1.146000,0.034256,1.154081,-0.666225,-0.056548,-0.384334,0.037379
8.7882,99.7690,0.000000,0.012000,-0.703000,0.000000,-0.524000,1.611000,-0.002000,0.000000,0.005000,-0.003000,-0.023000,1.146000,0.034256,1.154081,-0.666225,-0.056548,-0.384334,0.037379
8.7903,99.7440,0.000000,0.012000,-0.703000,0.000000,-0.524000,1.611000,0.000000,0.000000,-0.002000,-0.005000,-0.007000,1.146000,0.033075,1.155262,-0.656775,-0.069008,-0.382418,0.037379
8.7923,99.7170,0.000000,0.012000,-0.703000,0.000000,-0.524000,1.611000,0.000000,0.000000,-0.002000,-0.005000,-0.007000,1.146000,0.033075,1.155262,-0.656775,-0.069008,-0.382418,0.037379
8.7945,99.6880,0.000000,0.012000,-0.703000,0.000000,-0.524000,1.619000,0.000000,0.000000,-0.002000,-0.005000,0.005000,1.091000,0.033075,1.155262,-0.656775,-0.069008,-0.365166,0.067091
8.7965,99.6580,0.000000,0.012000,-0.703000,0.000000,-0.524000,1.619000,0.000000,0.000000,-0.002000,-0.005000,0.005000,1.091000,0.033075,1.155262,-0.656775,-0.069008,-0.365166,0.067091
8.7986,99.6260,0.000000,0.012000,-0.703000,0.000000,-0.524000,1.619000,0.000000,0.000000,-0.002000,-0.005000,0.005000,1.091000,0.033075,1.155262,-0.656775,-0.069008,-0.365166,0.067091
8.8007,99.5950,0.000000,0.012000,-0.703000,0.000000,-0.524000,1.627000,0.004000,-0.001000,-0.005000,-0.019000,0.005000,1.083000,0.014175,1.152900,-0.678037,-0.051756,-0.365166,0.007668
8.8028,99.5600,0.000000,0.012000,-0.703000,0.000000,-0.524000,1.627000,0.004000,-0.001000,-0.005000,-0.019000,0.005000,1.083000,0.014175,1.152900,-0.678037,-0.051756,-0.365166,0.007668
8.8049,99.5240,0.000000,0.012000,-0.703000,0.000000,-0.524000,1.627000,0.005000,0.000000,0.000000,0.000000,0.011000,1.083000,0.023625,1.146994,-0.673312,-0.057506,-0.389127,0.007668
8.8070,99.4870,0.000000,0.012000,-0.703000,0.000000,-0.524000,1.627000,0.005000,0.000000,0.000000,0.000000,0.011000,1.083000,0.023625,1.146994,-0.673312,-0.057506,-0.389127,0.007668
8.8091,99.4500,0.000000,0.012000,-0.703000,0.000000,-0.524000,1.627000,0.010000,0.000000,0.000000,0.000000,0.000000,1.083000,0.028350,1.146994,-0.673312,-0.057506,-0.389127,0.007668
8.8111,99.4110,0.000000,0.012000,-0.703000,0.000000,-0.524000,1.635000,0.010000,0.000000,0.000000,0.000000,0.000000,0.949000,0.028350,1.146994,-0.673312,-0.057506,-0.389127,0.010543
8.8132,99.3700,0.000000,0.012000,-0.703000,0.000000,-0.524000,1.635000,0.010000,0.000000,0.000000,0.000000,0.000000,0.949000,0.028350,1.146994,-0.673312,-0.057506,-0.389127,0.010543
8.8153,99.3290,0.000000,0.012000,-0.703000,0.000000,-0.524000,1.642000,0.010000,0.002000,0.000000,0.017000,0.000000,1.027000,0.028350,1.149356,-0.666225,-0.074758,-0.389127,0.066132
8.8173,99.2860,0.000000,0.012000,-0.703000,0.000000,-0.524000,1.642000,0.010000,0.002000,0.000000,0.017000,0.000000,1.027000,0.028350,1.149356,-0.666225,-0.074758,-0.389127,0.066132
8.8194,99.2400,0.000000,0.012000,-0.703000,0.000000,-0.524000,1.648000,-0.006000,0.001000,0.001000,0.023000,0.003000,0.947000,0.038981,1.154081,-0.661500,-0.064215,-0.382418,0.114054
8.8215,99.1940,0.000000,0.012000,-0.703000,0.000000,-0.524000,1.648000,-0.006000,0.001000,0.001000,0.023000,0.003000,0.947000,0.038981,1.154081,-0.661500,-0.064215,-0.382418,0.114054
8.8236,99.1470,0.000000,0.012000,-0.703000,0.000000,-0.524000,1.648000,-0.006000,0.001000,0.001000,0.023000,0.003000,0.947000,0.038981,1.154081,-0.661500,-0.064215,-0.382418,0.114054
8.8256,99.0990,0.000000,0.012000,-0.703000,0.000000,-0.524000,1.648000,-0.005000,-0.001000,-0.001000,-0.007000,-0.017000,0.947000,0.043706,1.142269,-0.660319,-0.066132,-0.383376,0.114054
8.8277,99.0500,0.000000,0.012000,-0.703000,0.000000,-0.524000,1.648000,-0.005000,-0.001000,-0.001000,-0.007000,-0.017000,0.947000,0.043706,1.142269,-0.660319,-0.066132,-0.383376,0.114054
8.8298,98.9970,0.000000,0.012000,-0.703000,0.000000,-0.524000,1.655000,-0.005000,-0.001000,-0.001000,-0.007000,0.017000,0.918000,0.043706,1.142269,-0.660319,-0.066132,-0.382418,0.061340
8.8319,98.9440,0.000000,0.012000,-0.703000,0.000000,-0.524000,1.655000,-0.005000,-0.001000,-0.001000,-0.007000,0.017000,0.918000,0.043706,1.142269,-0.660319,-0.066132,-0.382418,0.061340
8.8340,98.8890,0.000000,0.012000,-0.703000,0.000000,-0.524000,1.655000,0.000000,0.000000,0.003000,0.001000,0.017000,0.918000,0.029531,1.149356,-0.666225,-0.069008,-0.382418,0.061340
8.8361,98.8340,0.000000,0.012000,-0.703000,0.000000,-0.524000,1.662000,0.000000,0.000000,0.003000,0.001000,0.017000,0.929000,0.029531,1.149356,-0.666225,-0.069008,-0.382418,0.047922
8.8384,98.7690,0.000000,0.012000,-0.703000,0.000000,-0.524000,1.662000,0.005000,0.000000,0.003000,0.001000,0.017000,0.929000,0.022444,1.149356,-0.666225,-0.069008,-0.382418,0.047922
8.8405,98.7120,0.000000,0.012000,-0.703000,0.000000,-0.524000,1.662000,0.005000,-0.004000,0.002000,0.005000,-0.015000,0.929000,0.022444,1.164712,-0.656775,-0.069966,-0.382418,0.047922
8.8426,98.6530,0.000000,0.012000,-0.703000,0.000000,-0.524000,1.662000,0.005000,-0.004000,0.002000,0.005000,-0.015000,0.929000,0.022444,1.164712,-0.656775,-0.069966,-0.382418,0.047922
8.8446,98.5920,0.000000,0.012000,-0.703000,0.000000,-0.524000,1.668000,0.000000,-0.004000,0.002000,0.005000,0.017000,0.834000,0.022444,1.164712,-0.656775,-0.069966,-0.383376,0.021086
8.8467,98.5310,0.000000,0.012000,-0.703000,0.000000,-0.524000,1.668000,0.000000,-0.004000,0.002000,0.005000,0.017000,0.834000,0.022444,1.164712,-0.656775,-0.069966,-0.383376,0.021086
8.8487,98.4690,0.000000,0.012000,-0.703000,0.000000,-0.524000,1.668000,0.000000,-0.004000,0.002000,0.005000,0.017000,0.834000,0.022444,1.164712,-0.656775,-0.069966,-0.383376,0.021086
8.8508,98.4040,0.000000,0.012000,-0.703000,0.000000,-0.524000,1.674000,0.000000,0.000000,-0.002000,0.015000,0.017000,0.962000,0.022444,1.151719,-0.674494,-0.071883,-0.383376,0.090093
8.8528,98.3390,0.000000,0.012000,-0.703000,0.000000,-0.524000,1.674000,0.000000,0.000000,-0.002000,0.015000,0.017000,0.962000,0.022444,1.151719,-0.674494,-0.071883,-0.383376,0.090093
8.8549,98.2710,0.000000,0.012000,-0.703000,0.000000,-0.524000,1.680000,-0.003000,0.000000,0.006000,-0.009000,-0.005000,0.803000,0.028350,1.152900,-0.679219,-0.069008,-0.390085,-0.017252
8.8570,98.2030,0.000000,0.012000,-0.703000,0.000000,-0.524000,1.680000,-0.003000,0.000000,0.006000,-0.009000,-0.005000,0.803000,0.028350,1.152900,-0.679219,-0.069008,-0.390085,-0.017252
8.8591,98.1330,0.000000,0.012000,-0.703000,0.000000,-0.524000,1.680000,0.004000,-0.002000,-0.004000,0.015000,-0.005000,0.803000,0.023625,1.158806,-0.665044,-0.078592,-0.390085,-0.017252
8.8611,98.0630,0.000000,0.012000,-0.703000,0.000000,-0.524000,1.680000,0.004000,-0.002000,-0.004000,0.015000,0.001000,0.803000,0.023625,1.158806,-0.665044,-0.078592,-0.392960,-0.017252
8.8632,97.9890,0.000000,0.012000,-0.703000,0.000000,-0.524000,1.680000,0.004000,-0.002000,-0.004000,0.015000,0.001000,0.803000,0.023625,1.158806,-0.665044,-0.078592,-0.392960,-0.017252
8.8653,97.9160,0.000000,0.012000,-0.703000,0.000000,-0.524000,1.685000,0.004000,-0.002000,-0.004000,0.015000,0.009000,0.559000,0.023625,1.158806,-0.665044,-0.078592,-0.369958,0.061340
8.8673,97.8420,0.000000,0.012000,-0.703000,0.000000,-0.524000,1.685000,0.004000,-0.002000,-0.004000,0.015000,0.009000,0.559000,0.023625,1.158806,-0.665044,-0.078592,-0.369958,0.061340
8.8695,97.7630,0.000000,0.012000,-0.703000,0.000000,-0.524000,1.690000,0.000000,0.002000,0.005000,0.007000,0.009000,0.659000,0.029531,1.151719,-0.676856,-0.068049,-0.369958,0.122680
8.8715,97.6860,0.000000,0.012000,-0.703000,0.000000,-0.524000,1.690000,0.000000,0.002000,0.005000,0.007000,0.009000,0.659000,0.029531,1.151719,-0.676856,-0.068049,-0.369958,0.122680
8.8736,97.6050,0.000000,0.012000,-0.703000,0.000000,-0.524000,1.690000,-0.007000,0.002000,0.005000,0.007000,0.009000,0.659000,0.044887,1.151719,-0.676856,-0.068049,-0.369958,0.122680
8.8757,97.5270,0.000000,0.012000,-0.703000,0.000000,-0.524000,1.690000,-0.007000,0.003000,0.000000,-0.005000,-0.003000,0.659000,0.044887,1.159987,-0.660319,-0.066132,-0.388168,0.122680
8.8777,97.4460,0.000000,0.012000,-0.703000,0.000000,-0.524000,1.690000,-0.007000,0.003000,0.000000,-0.005000,-0.003000,0.659000,0.044887,1.159987,-0.660319,-0.066132,-0.388168,0.122680
8.8798,97.3630,0.000000,0.012000,-0.703000,0.000000,-0.524000,1.695000,0.002000,0.003000,0.000000,0.001000,0.019000,0.663000,0.021263,1.159987,-0.660319,-0.075717,-0.377625,0.122680
8.8818,97.2800,0.000000,0.012000,-0.703000,0.000000,-0.524000,1.695000,0.002000,0.003000,0.000000,0.001000,0.019000,0.663000,0.021263,1.159987,-0.660319,-0.075717,-0.377625,0.122680
8.8840,97.1930,0.000000,0.012000,-0.703000,0.000000,-0.524000,1.695000,0.002000,-0.001000,0.004000,0.001000,0.019000,0.663000,0.021263,1.150537,-0.686306,-0.075717,-0.377625,0.122680
8.8860,97.1070,0.000000,0.012000,-0.703000,0.000000,-0.524000,1.700000,0.002000,-0.001000,0.004000,0.001000,0.019000,0.707000,0.021263,1.150537,-0.686306,-0.075717,-0.377625,0.064215
8.8881,97.0170,0.000000,0.012000,-0.703000,0.000000,-0.524000,1.700000,0.002000,-0.001000,0.004000,0.001000,0.019000,0.707000,0.021263,1.150537,-0.686306,-0.075717,-0.377625,0.064215
8.8902,96.9280,0.000000,0.012000,-0.703000,0.000000,-0.524000,1.705000,0.001000,0.000000,-0.003000,0.003000,-0.003000,0.717000,0.017719,1.167075,-0.663863,-0.068049,-0.386251,0.018210
8.8922,96.8380,0.000000,0.012000,-0.703000,0.000000,-0.524000,1.705000,0.001000,0.000000,-0.003000,0.003000,-0.003000,0.717000,0.017719,1.167075,-0.663863,-0.068049,-0.386251,0.018210
8.8943,96.7470,0.000000,0.012000,-0.703000,0.000000,-0.524000,1.705000,-0.006000,0.000000,-0.008000,-0.021000,0.005000,0.717000,0.046069,1.149356,-0.669769,-0.056548,-0.405420,0.018210
8.8964,96.6540,0.000000,0.012000,-0.703000,0.000000,-0.524000,1.705000,-0.006000,0.000000,-0.008000,-0.021000,0.005000,0.717000,0.046069,1.149356,-0.669769,-0.056548,-0.405420,0.018210
8.8985,96.5600,0.000000,0.012000,-0.703000,0.000000,-0.524000,1.705000,-0.006000,0.000000,-0.008000,-0.021000,0.005000,0.717000,0.046069,1.149356,-0.669769,-0.056548,-0.405420,0.018210
8.9005,96.4640,0.000000,0.012000,-0.703000,0.000000,-0.524000,1.709000,-0.006000,0.000000,-0.008000,-0.021000,0.017000,0.590000,0.046069,1.149356,-0.669769,-0.056548,-0.402545,-0.001917
8.9026,96.3680,0.000000,0.012000,-0.703000,0.000000,-0.524000,1.709000,-0.006000,0.000000,-0.008000,-0.021000,0.017000,0.590000,0.046069,1.149356,-0.669769,-0.056548,-0.402545,-0.001917
8.9047,96.2700,0.000000,0.012000,-0.703000,0.000000,-0.524000,1.713000,-0.008000,0.003000,0.001000,-0.007000,0.017000,0.464000,0.040162,1.158806,-0.673312,-0.073800,-0.402545,0.041213
8.9067,96.1710,0.000000,0.012000,-0.703000,0.000000,-0.524000,1.713000,-0.008000,0.003000,0.001000,-0.007000,0.017000,0.464000,0.040162,1.158806,-0.673312,-0.073800,-0.402545,0.041213
8.9088,96.0700,0.000000,0.012000,-0.703000,0.000000,-0.524000,1.713000,-0.005000,-0.003000,0.001000,-0.007000,0.017000,0.464000,0.048431,1.148175,-0.673312,-0.073800,-0.402545,0.041213
8.9109,95.9690,0.000000,0.012000,-0.703000,0.000000,-0.524000,1.713000,-0.005000,-0.003000,-0.002000,0.005000,-0.023000,0.464000,0.048431,1.148175,-0.662681,-0.067091,-0.382418,0.041213
8.9130,95.8600,0.000000,0.012000,-0.703000,0.000000,-0.524000,1.713000,-0.005000,-0.003000,-0.002000,0.005000,-0.023000,0.464000,0.048431,1.148175,-0.662681,-0.067091,-0.382418,0.041213
8.9151,95.7570,0.000000,0.012000,-0.703000,0.000000,-0.524000,1.717000,-0.001000,-0.003000,-0.002000,0.003000,-0.007000,0.556000,0.030713,1.148175,-0.662681,-0.078592,-0.382418,0.053673
8.9172,95.6520,0.000000,0.012000,-0.703000,0.000000,-0.524000,1.717000,-0.001000,-0.003000,-0.002000,0.003000,-0.007000,0.556000,0.030713,1.148175,-0.662681,-0.078592,-0.382418,0.053673
8.9193,95.5430,0.000000,0.012000,-0.703000,0.000000,-0.524000,1.717000,-0.001000,0.001000,0.000000,0.003000,-0.007000,0.556000,0.030713,1.154081,-0.667406,-0.078592,-0.382418,0.053673
8.9213,95.4350,0.000000,0.012000,-0.703000,0.000000,-0.524000,1.720000,-0.001000,0.001000,0.000000,0.003000,-0.007000,0.452000,0.030713,1.154081,-0.667406,-0.078592,-0.382418,0.067091
8.9234,95.3260,0.000000,0.012000,-0.703000,0.000000,-0.524000,1.720000,-0.005000,0.001000,0.000000,0.003000,-0.007000,0.452000,0.049612,1.154081,-0.667406,-0.078592,-0.382418,0.067091
8.9255,95.2160,0.000000,0.012000,-0.703000,0.000000,-0.524000,1.723000,-0.005000,0.001000,-0.002000,-0.019000,-0.030000,0.433000,0.049612,1.149356,-0.670950,-0.065174,-0.385293,0.075717
8.9275,95.1060,0.000000,0.012000,-0.703000,0.000000,-0.524000,1.723000,-0.005000,0.001000,-0.002000,-0.019000,-0.030000,0.433000,0.049612,1.149356,-0.670950,-0.065174,-0.385293,0.075717
8.9297,94.9890,0.000000,0.012000,-0.703000,0.000000,-0.524000,1.723000,0.000000,0.004000,-0.007000,-0.001000,-0.023000,0.433000,0.023625,1.157625,-0.686306,-0.058465,-0.387210,0.075717
8.9317,94.8750,0.000000,0.012000,-0.703000,0.000000,-0.524000,1.723000,0.000000,0.004000,-0.007000,-0.001000,-0.023000,0.433000,0.023625,1.157625,-0.686306,-0.058465,-0.387210,0.075717
8.9338,94.7610,0.000000,0.012000,-0.703000,0.000000,-0.524000,1.723000,0.000000,0.004000,-0.007000,-0.001000,-0.023000,0.433000,0.023625,1.157625,-0.686306,-0.058465,-0.387210,0.075717
8.9358,94.6450,0.000000,0.012000,-0.703000,0.000000,-0.524000,1.727000,0.000000,0.004000,-0.007000,-0.001000,-0.001000,0.492000,0.023625,1.157625,-0.686306,-0.058465,-0.387210,0.029712
8.9379,94.5280,0.000000,0.012000,-0.703000,0.000000,-0.524000,1.727000,0.000000,0.004000,-0.007000,-0.001000,-0.001000,0.492000,0.023625,1.157625,-0.686306,-0.058465,-0.387210,0.029712
8.9402,94.3960,0.000000,0.012000,-0.703000,0.000000,-0.524000,1.730000,0.002000,0.000000,0.001000,0.019000,-0.001000,0.396000,0.014175,1.169438,-0.667406,-0.062299,-0.387210,0.007668
8.9422,94.2760,0.000000,0.012000,-0.703000,0.000000,-0.524000,1.730000,0.002000,0.000000,0.001000,0.019000,-0.001000,0.396000,0.014175,1.169438,-0.667406,-0.062299,-0.387210,0.007668
8.9452,94.1030,0.000000,0.012000,-0.703000,0.000000,-0.524000,1.730000,-0.004000,-0.002000,0.000000,0.007000,-0.013000,0.396000,0.035438,1.161169,-0.669769,-0.069008,-0.396794,0.007668
8.9472,93.9810,0.000000,0.012000,-0.703000,0.000000,-0.524000,1.730000,-0.004000,-0.002000,0.000000,0.007000,-0.013000,0.396000,0.035438,1.161169,-0.669769,-0.069008,-0.396794,0.007668
8.9494,93.8540,0.000000,0.012000,-0.703000,0.000000,-0.524000,1.732000,-0.005000,0.006000,0.000000,-0.005000,-0.009000,0.375000,0.023625,1.155262,-0.669769,-0.068049,-0.395836,0.025878
8.9514,93.7290,0.000000,0.012000,-0.703000,0.000000,-0.524000,1.732000,-0.005000,0.006000,0.000000,-0.005000,-0.009000,0.375000,0.023625,1.155262,-0.669769,-0.068049,-0.395836,0.025878
8.9535,93.5990,0.000000,0.012000,-0.703000,0.000000,-0.524000,1.732000,-0.005000,0.006000,0.000000,-0.005000,-0.009000,0.375000,0.023625,1.155262,-0.669769,-0.068049,-0.395836,0.025878
8.9556,93.4720,0.000000,0.012000,-0.703000,0.000000,-0.524000,1.735000,-0.005000,0.006000,-0.005000,-0.005000,-0.009000,0.272000,0.023625,1.155262,-0.686306,-0.068049,-0.395836,0.034504
8.9577,93.3430,0.000000,0.012000,-0.703000,0.000000,-0.524000,1.735000,-0.005000,0.006000,-0.005000,-0.005000,-0.009000,0.272000,0.023625,1.155262,-0.686306,-0.068049,-0.395836,0.034504
8.9598,93.2100,0.000000,0.012000,-0.703000,0.000000,-0.524000,1.737000,-0.001000,-0.002000,-0.003000,-0.017000,0.009000,0.274000,0.022444,1.143450,-0.657956,-0.062299,-0.401586,0.049839
8.9618,93.0790,0.000000,0.012000,-0.703000,0.000000,-0.524000,1.737000,-0.001000,-0.002000,-0.003000,-0.017000,0.009000,0.274000,0.022444,1.143450,-0.657956,-0.062299,-0.401586,0.049839
8.9639,92.9440,0.000000,0.012000,-0.703000,0.000000,-0.524000,1.737000,0.005000,0.000000,0.000000,0.009000,0.000000,0.274000,0.021263,1.163531,-0.675675,-0.079551,-0.395836,0.049839
8.9660,92.8110,0.000000,0.012000,-0.703000,0.000000,-0.524000,1.737000,0.005000,0.000000,0.000000,0.009000,0.000000,0.274000,0.021263,1.163531,-0.675675,-0.079551,-0.395836,0.049839
8.9685,92.6470,0.000000,0.012000,-0.703000,0.000000,-0.524000,1.737000,0.005000,0.000000,0.000000,0.009000,0.000000,0.274000,0.021263,1.163531,-0.675675,-0.079551,-0.395836,0.049839
8.9706,92.5110,0.000000,0.012000,-0.703000,0.000000,-0.524000,1.738000,0.005000,0.000000,0.000000,0.009000,0.021000,0.216000,0.021263,1.163531,-0.675675,-0.079551,-0.386251,0.112137
8.9726,92.3750,0.000000,0.012000,-0.703000,0.000000,-0.524000,1.738000,0.005000,0.000000,0.000000,0.009000,0.021000,0.216000,0.021263,1.163531,-0.675675,-0.079551,-0.386251,0.112137
8.9749,92.2240,0.000000,0.012000,-0.703000,0.000000,-0.524000,1.740000,-0.007000,-0.002000,0.008000,-0.021000,0.021000,0.220000,0.037800,1.157625,-0.662681,-0.049839,-0.386251,0.047922
8.9770,92.0840,0.000000,0.012000,-0.703000,0.000000,-0.524000,1.740000,-0.007000,-0.002000,0.008000,-0.021000,0.021000,0.220000,0.037800,1.157625,-0.662681,-0.049839,-0.386251,0.047922
8.9791,91.9390,0.000000,0.012000,-0.703000,0.000000,-0.524000,1.740000,-0.002000,0.000000,-0.001000,0.046000,-0.047000,0.220000,0.030713,1.139906,-0.679219,-0.110221,-0.390085,0.047922
8.9811,91.7970,0.000000,0.012000,-0.703000,0.000000,-0.524000,1.740000,-0.002000,0.000000,-0.001000,0.046000,-0.047000,0.220000,0.030713,1.139906,-0.679219,-0.110221,-0.390085,0.047922
8.9832,91.6540,0.000000,0.012000,-0.703000,0.000000,-0.524000,1.740000,-0.002000,0.000000,-0.001000,0.046000,-0.047000,0.220000,0.030713,1.139906,-0.679219,-0.110221,-0.390085,0.047922
8.9853,91.5110,0.000000,0.012000,-0.703000,0.000000,-0.524000,1.741000,0.002000,0.000000,-0.001000,-0.040000,-0.003000,0.255000,0.014175,1.139906,-0.679219,-0.061340,-0.397753,0.063257
8.9873,91.3650,0.000000,0.012000,-0.703000,0.000000,-0.524000,1.741000,0.002000,0.000000,-0.001000,-0.040000,-0.003000,0.255000,0.014175,1.139906,-0.679219,-0.061340,-0.397753,0.063257
8.9895,91.2150,0.000000,0.012000,-0.703000,0.000000,-0.524000,1.741000,0.002000,-0.002000,-0.002000,-0.040000,-0.003000,0.255000,0.014175,1.162350,-0.661500,-0.061340,-0.397753,0.063257
8.9915,91.0680,0.000000,0.012000,-0.703000,0.000000,-0.524000,1.743000,0.002000,-0.002000,-0.002000,-0.040000,-0.011000,0.136000,0.014175,1.162350,-0.661500,-0.061340,-0.392960,0.036421
8.9936,90.9190,0.000000,0.012000,-0.703000,0.000000,-0.524000,1.743000,0.002000,-0.002000,-0.002000,-0.040000,-0.011000,0.136000,0.014175,1.162350,-0.661500,-0.061340,-0.392960,0.036421
8.9956,90.7700,0.000000,0.012000,-0.703000,0.000000,-0.524000,1.744000,0.000000,0.001000,0.000000,0.019000,-0.011000,0.212000,0.036619,1.146994,-0.670950,-0.107345,-0.392960,0.060382
8.9977,90.6220,0.000000,0.012000,-0.703000,0.000000,-0.524000,1.744000,0.000000,0.001000,0.000000,0.019000,-0.011000,0.212000,0.036619,1.146994,-0.670950,-0.107345,-0.392960,0.060382
9.0003,90.4280,0.000000,0.012000,-0.703000,0.000000,-0.524000,1.744000,-0.006000,-0.001000,0.002000,0.015000,0.023000,0.212000,0.042525,1.162350,-0.679219,-0.080509,-0.392960,0.060382
9.0024,90.2740,0.000000,0.012000,-0.703000,0.000000,-0.524000,1.744000,-0.006000,-0.001000,0.002000,0.015000,0.023000,0.212000,0.042525,1.162350,-0.679219,-0.080509,-0.392960,0.060382
9.0044,90.1200,0.000000,0.012000,-0.703000,0.000000,-0.524000,1.744000,-0.006000,-0.001000,0.002000,0.015000,0.013000,0.212000,0.042525,1.162350,-0.679219,-0.080509,-0.396794,0.060382
9.0065,89.9650,0.000000,0.012000,-0.703000,0.000000,-0.524000,1.744000,-0.006000,-0.001000,0.002000,0.015000,0.013000,0.007000,0.042525,1.162350,-0.679219,-0.080509,-0.396794,0.102553
9.0092,89.7580,0.000000,0.012000,-0.703000,0.000000,-0.524000,1.744000,-0.001000,0.000000,0.002000,-0.003000,0.013000,0.049000,0.035438,1.157625,-0.673312,-0.069966,-0.396794,0.104470
9.0113,89.6000,0.000000,0.012000,-0.703000,0.000000,-0.524000,1.744000,-0.001000,0.000000,0.002000,-0.003000,0.013000,0.049000,0.035438,1.157625,-0.673312,-0.069966,-0.396794,0.104470
9.0137,89.4140,0.000000,0.012000,-0.703000,0.000000,-0.524000,1.744000,-0.001000,0.000000,0.002000,-0.003000,0.013000,0.049000,0.035438,1.157625,-0.673312,-0.069966,-0.396794,0.104470
9.0158,89.2540,0.000000,0.012000,-0.703000,0.000000,-0.524000,1.744000,0.006000,0.000000,-0.002000,0.017000,-0.030000,0.049000,0.027169,1.152900,-0.649687,-0.062299,-0.389127,0.104470
9.0178,89.0930,0.000000,0.012000,-0.703000,0.000000,-0.524000,1.744000,0.006000,0.000000,-0.002000,0.017000,-0.030000,0.049000,0.027169,1.152900,-0.649687,-0.062299,-0.389127,0.104470
9.0199,88.9270,0.000000,0.012000,-0.703000,0.000000,-0.524000,1.745000,-0.006000,0.001000,-0.002000,-0.015000,-0.013000,0.024000,0.046069,1.164712,-0.649687,-0.051756,-0.388168,0.070925
9.0221,88.7580,0.000000,0.012000,-0.703000,0.000000,-0.524000,1.745000,-0.006000,0.001000,-0.002000,-0.015000,-0.013000,0.024000,0.046069,1.164712,-0.649687,-0.051756,-0.388168,0.070925
9.0245,88.5630,0.000000,0.012000,-0.703000,0.000000,-0.524000,1.745000,-0.006000,0.001000,-0.002000,-0.015000,0.009000,-0.001000,0.046069,1.164712,-0.661500,-0.051756,-0.391044,0.067091
9.0266,88.3970,0.000000,0.012000,-0.703000,0.000000,-0.524000,1.745000,-0.006000,0.001000,-0.002000,-0.015000,0.009000,-0.001000,0.046069,1.164712,-0.661500,-0.051756,-0.391044,0.067091
9.0291,88.1940,0.000000,0.012000,-0.703000,0.000000,-0.524000,1.745000,-0.004000,0.000000,0.000000,-0.003000,0.009000,-0.001000,0.030713,1.162350,-0.660319,-0.059423,-0.391044,0.067091
9.0312,88.0260,0.000000,0.012000,-0.703000,0.000000,-0.524000,1.745000,-0.004000,0.000000,0.000000,-0.003000,0.009000,-0.063000,0.030713,1.162350,-0.660319,-0.059423,-0.391044,0.051756
9.0337,87.8170,0.000000,0.012000,-0.703000,0.000000,-0.524000,1.745000,-0.004000,0.000000,0.000000,-0.003000,0.009000,-0.063000,0.030713,1.162350,-0.660319,-0.059423,-0.391044,0.051756
9.0358,87.6470,0.000000,0.012000,-0.703000,0.000000,-0.524000,1.745000,0.005000,0.000000,0.000000,0.003000,0.019000,-0.063000,0.005906,1.161169,-0.665044,-0.069008,-0.403503,0.051756
9.0379,87.4760,0.000000,0.012000,-0.703000,0.000000,-0.524000,1.745000,0.005000,0.000000,0.000000,0.003000,0.019000,-0.063000,0.005906,1.161169,-0.665044,-0.069008,-0.403503,0.051756
9.0400,87.3000,0.000000,0.012000,-0.703000,0.000000,-0.524000,1.744000,0.018000,0.000000,0.000000,0.003000,0.003000,-0.024000,0.000000,1.161169,-0.665044,-0.069008,-0.398711,-0.007668
9.0420,87.1270,0.000000,0.012000,-0.703000,0.000000,-0.524000,1.744000,0.018000,0.000000,0.000000,0.003000,0.003000,-0.024000,0.000000,1.161169,-0.665044,-0.069008,-0.398711,-0.007668
9.0441,86.9520,0.000000,0.012000,-0.703000,0.000000,-0.524000,1.744000,0.018000,0.000000,-0.003000,0.003000,0.003000,-0.024000,0.000000,1.152900,-0.666225,-0.069008,-0.398711,-0.007668
9.0462,86.7770,0.000000,0.012000,-0.703000,0.000000,-0.524000,1.744000,0.018000,0.000000,-0.003000,0.005000,0.003000,-0.070000,0.000000,1.152900,-0.666225,-0.073800,-0.398711,-0.002875
9.0487,86.5570,0.000000,0.012000,-0.703000,0.000000,-0.524000,1.744000,0.018000,0.000000,-0.003000,0.005000,0.003000,-0.070000,0.000000,1.152900,-0.666225,-0.073800,-0.398711,-0.002875
9.0508,86.3800,0.000000,0.012000,-0.703000,0.000000,-0.524000,1.744000,-0.001000,0.000000,-0.003000,-0.013000,-0.019000,-0.070000,0.049612,1.156444,-0.672131,-0.066132,-0.394877,-0.002875
9.0529,86.2010,0.000000,0.012000,-0.703000,0.000000,-0.524000,1.744000,-0.013000,0.000000,-0.003000,0.001000,0.009000,-0.070000,0.056700,1.169438,-0.672131,-0.068049,-0.406379,-0.002875
9.0549,86.0220,0.000000,0.012000,-0.703000,0.000000,-0.524000,1.743000,-0.013000,0.000000,-0.003000,0.001000,0.009000,-0.093000,0.056700,1.169438,-0.672131,-0.068049,-0.406379,-0.029712
9.0570,85.8410,0.000000,0.012000,-0.703000,0.000000,-0.524000,1.743000,-0.013000,0.000000,-0.003000,0.001000,0.009000,-0.093000,0.056700,1.169438,-0.672131,-0.068049,-0.406379,-0.029712
9.0594,85.6280,0.000000,0.012000,-0.703000,0.000000,-0.524000,1.742000,-0.013000,0.000000,0.002000,0.001000,0.024000,-0.149000,0.056700,1.169438,-0.670950,-0.068049,-0.410212,-0.088176
9.0615,85.4450,0.000000,0.012000,-0.703000,0.000000,-0.524000,1.742000,-0.013000,0.000000,0.002000,0.001000,0.024000,-0.149000,0.056700,1.169438,-0.670950,-0.068049,-0.410212,-0.088176
9.0635,85.2620,0.000000,0.012000,-0.703000,0.000000,-0.524000,1.742000,0.000000,-0.001000,0.002000,0.001000,0.024000,-0.149000,0.024806,1.158806,-0.670950,-0.068049,-0.410212,-0.088176
9.0656,85.0780,0.000000,0.012000,-0.703000,0.000000,-0.524000,1.740000,0.000000,-0.001000,0.001000,-0.005000,0.024000,-0.285000,0.024806,1.158806,-0.650869,-0.069008,-0.410212,-0.011501
9.0677,84.8920,0.000000,0.012000,-0.703000,0.000000,-0.524000,1.740000,0.000000,-0.001000,0.001000,-0.005000,0.024000,-0.285000,0.024806,1.158806,-0.650869,-0.069008,-0.410212,-0.011501
9.0698,84.7050,0.000000,0.012000,-0.703000,0.000000,-0.524000,1.740000,0.003000,0.000000,0.000000,0.001000,-0.001000,-0.285000,0.021263,1.165894,-0.660319,-0.059423,-0.404462,-0.011501
9.0718,84.5170,0.000000,0.012000,-0.703000,0.000000,-0.524000,1.740000,0.003000,0.000000,0.000000,0.001000,-0.001000,-0.285000,0.021263,1.165894,-0.660319,-0.059423,-0.404462,-0.011501
9.0743,84.2900,0.000000,0.012000,-0.703000,0.000000,-0.524000,1.740000,0.006000,0.000000,0.000000,0.001000,0.003000,-0.285000,0.017719,1.165894,-0.660319,-0.059423,-0.399669,-0.011501
9.0764,84.1010,0.000000,0.012000,-0.703000,0.000000,-0.524000,1.739000,0.006000,0.000000,0.000000,0.001000,0.003000,-0.249000,0.017719,1.165894,-0.660319,-0.059423,-0.399669,-0.051756
9.0784,83.9110,0.000000,0.012000,-0.703000,0.000000,-0.524000,1.739000,0.006000,0.000000,0.000000,0.001000,0.003000,-0.249000,0.017719,1.165894,-0.660319,-0.059423,-0.399669,-0.051756
9.0805,83.7200,0.000000,0.012000,-0.703000,0.000000,-0.524000,1.737000,0.006000,-0.003000,0.000000,-0.007000,0.003000,-0.222000,0.017719,1.156444,-0.666225,-0.061340,-0.399669,-0.104470
9.0826,83.5280,0.000000,0.012000,-0.703000,0.000000,-0.524000,1.737000,0.006000,-0.003000,0.000000,-0.007000,0.003000,-0.222000,0.017719,1.156444,-0.666225,-0.061340,-0.399669,-0.104470
9.0846,83.3330,0.000000,0.012000,-0.703000,0.000000,-0.524000,1.737000,-0.006000,0.000000,-0.006000,0.030000,0.000000,-0.222000,0.047250,1.139906,-0.662681,-0.082426,-0.407337,-0.104470
9.0867,83.1450,0.000000,0.012000,-0.703000,0.000000,-0.524000,1.737000,-0.006000,0.000000,-0.006000,0.030000,0.000000,-0.222000,0.047250,1.139906,-0.662681,-0.082426,-0.407337,-0.104470
9.0888,82.9440,0.000000,0.012000,-0.703000,0.000000,-0.524000,1.737000,-0.008000,0.000000,-0.006000,0.030000,0.000000,-0.222000,0.042525,1.157625,-0.662681,-0.082426,-0.407337,-0.104470
9.0908,82.7490,0.000000,0.012000,-0.703000,0.000000,-0.524000,1.734000,-0.008000,0.000000,-0.006000,-0.047000,-0.009000,-0.327000,0.042525,1.157625,-0.662681,-0.052714,-0.394877,-0.051756
9.0929,82.5520,0.000000,0.012000,-0.703000,0.000000,-0.524000,1.734000,-0.008000,0.000000,-0.006000,-0.047000,-0.009000,-0.327000,0.042525,1.157625,-0.662681,-0.052714,-0.394877,-0.051756
9.0950,82.3550,0.000000,0.012000,-0.703000,0.000000,-0.524000,1.732000,-0.008000,0.000000,0.001000,-0.047000,0.001000,-0.366000,0.042525,1.157625,-0.663863,-0.052714,-0.400628,-0.072841
9.0970,82.1570,0.000000,0.012000,-0.703000,0.000000,-0.524000,1.732000,-0.008000,0.000000,0.001000,-0.047000,0.001000,-0.366000,0.042525,1.157625,-0.663863,-0.052714,-0.400628,-0.072841
9.0994,81.9250,0.000000,0.012000,-0.703000,0.000000,-0.524000,1.732000,-0.003000,0.001000,0.002000,-0.047000,0.001000,-0.366000,0.043706,1.156444,-0.673312,-0.052714,-0.400628,-0.072841
9.1015,81.7250,0.000000,0.012000,-0.703000,0.000000,-0.524000,1.729000,-0.003000,0.001000,0.002000,0.023000,0.001000,-0.437000,0.043706,1.156444,-0.673312,-0.080509,-0.400628,-0.048880
9.1039,81.4880,0.000000,0.012000,-0.703000,0.000000,-0.524000,1.729000,-0.003000,0.001000,0.002000,0.023000,0.001000,-0.437000,0.043706,1.156444,-0.673312,-0.080509,-0.400628,-0.048880
9.1060,81.2860,0.000000,0.012000,-0.703000,0.000000,-0.524000,1.729000,0.000000,0.000000,-0.003000,-0.011000,-0.001000,-0.437000,0.025987,1.163531,-0.650869,-0.066132,-0.396794,-0.048880
9.1084,81.0470,0.000000,0.012000,-0.703000,0.000000,-0.524000,1.729000,0.000000,0.000000,-0.003000,-0.011000,-0.001000,-0.437000,0.025987,1.163531,-0.650869,-0.066132,-0.396794,-0.048880
9.1105,80.8430,0.000000,0.012000,-0.703000,0.000000,-0.524000,1.726000,0.000000,0.000000,-0.003000,-0.011000,-0.003000,-0.429000,0.043706,1.163531,-0.650869,-0.066132,-0.404462,-0.047922
9.1126,80.6390,0.000000,0.012000,-0.703000,0.000000,-0.524000,1.726000,0.000000,0.000000,-0.003000,-0.011000,-0.003000,-0.429000,0.043706,1.163531,-0.650869,-0.066132,-0.404462,-0.047922
9.1146,80.4330,0.000000,0.012000,-0.703000,0.000000,-0.524000,1.726000,0.000000,-0.002000,0.005000,0.001000,-0.003000,-0.429000,0.043706,1.152900,-0.678037,-0.078592,-0.404462,-0.047922
9.1167,80.2300,0.000000,0.012000,-0.703000,0.000000,-0.524000,1.723000,0.000000,-0.002000,0.005000,0.001000,-0.003000,-0.529000,0.043706,1.152900,-0.678037,-0.078592,-0.404462,-0.080509
9.1188,80.0200,0.000000,0.012000,-0.703000,0.000000,-0.524000,1.723000,-0.009000,-0.002000,0.005000,0.001000,-0.003000,-0.529000,0.044887,1.152900,-0.678037,-0.078592,-0.404462,-0.080509
9.1208,79.8120,0.000000,0.012000,-0.703000,0.000000,-0.524000,1.723000,-0.009000,-0.002000,0.002000,0.005000,-0.015000,-0.529000,0.044887,1.161169,-0.659137,-0.093927,-0.398711,-0.080509
9.1229,79.6030,0.000000,0.012000,-0.703000,0.000000,-0.524000,1.723000,-0.009000,-0.002000,0.002000,0.005000,-0.015000,-0.529000,0.044887,1.161169,-0.659137,-0.093927,-0.398711,-0.080509
9.1249,79.3940,0.000000,0.012000,-0.703000,0.000000,-0.524000,1.719000,-0.004000,0.000000,0.002000,0.034000,-0.024000,-0.550000,0.028350,1.151719,-0.659137,-0.084343,-0.390085,-0.041213
9.1270,79.1840,0.000000,0.012000,-0.703000,0.000000,-0.524000,1.719000,-0.004000,0.000000,0.002000,0.034000,-0.024000,-0.550000,0.028350,1.151719,-0.659137,-0.084343,-0.390085,-0.041213
9.1291,78.9730,0.000000,0.012000,-0.703000,0.000000,-0.524000,1.719000,-0.004000,0.000000,-0.002000,0.034000,-0.007000,-0.550000,0.028350,1.151719,-0.663863,-0.084343,-0.391044,-0.041213
9.1311,78.7600,0.000000,0.012000,-0.703000,0.000000,-0.524000,1.716000,-0.004000,0.000000,-0.002000,0.034000,-0.007000,-0.446000,0.028350,1.151719,-0.663863,-0.084343,-0.391044,-0.078592
9.1336,78.5060,0.000000,0.012000,-0.703000,0.000000,-0.524000,1.713000,0.008000,0.004000,-0.002000,-0.017000,-0.007000,-0.567000,0.015356,1.150537,-0.673312,-0.064215,-0.391044,-0.137057
9.1357,78.2930,0.000000,0.012000,-0.703000,0.000000,-0.524000,1.713000,0.008000,0.004000,-0.002000,-0.017000,-0.007000,-0.567000,0.015356,1.150537,-0.673312,-0.064215,-0.391044,-0.137057
9.1377,78.0780,0.000000,0.012000,-0.703000,0.000000,-0.524000,1.713000,0.008000,0.004000,-0.002000,-0.017000,-0.007000,-0.567000,0.015356,1.150537,-0.673312,-0.064215,-0.391044,-0.137057
9.1399,77.8570,0.000000,0.012000,-0.703000,0.000000,-0.524000,1.713000,0.013000,0.000000,0.003000,0.023000,-0.009000,-0.567000,0.028350,1.150537,-0.663863,-0.081467,-0.395836,-0.137057
9.1419,77.6410,0.000000,0.012000,-0.703000,0.000000,-0.524000,1.713000,0.013000,0.000000,0.003000,0.023000,-0.009000,-0.567000,0.028350,1.150537,-0.663863,-0.081467,-0.395836,-0.137057
9.1440,77.4250,0.000000,0.012000,-0.703000,0.000000,-0.524000,1.713000,0.013000,0.000000,0.003000,0.023000,-0.009000,-0.567000,0.028350,1.150537,-0.663863,-0.081467,-0.395836,-0.137057
9.1461,77.2080,0.000000,0.012000,-0.703000,0.000000,-0.524000,1.708000,0.000000,0.000000,0.003000,0.023000,-0.024000,-0.604000,0.033075,1.150537,-0.663863,-0.081467,-0.396794,-0.116930
9.1484,76.9630,0.000000,0.012000,-0.703000,0.000000,-0.524000,1.708000,0.000000,0.000000,0.003000,0.023000,-0.024000,-0.604000,0.033075,1.150537,-0.663863,-0.081467,-0.396794,-0.116930
9.1504,76.7440,0.000000,0.012000,-0.703000,0.000000,-0.524000,1.704000,0.000000,0.000000,-0.006000,-0.001000,-0.024000,-0.561000,0.033075,1.161169,-0.669769,-0.066132,-0.396794,-0.153350
9.1525,76.5240,0.000000,0.012000,-0.703000,0.000000,-0.524000,1.704000,0.000000,0.000000,-0.006000,-0.001000,-0.024000,-0.561000,0.033075,1.161169,-0.669769,-0.066132,-0.396794,-0.153350
9.1546,76.2960,0.000000,0.012000,-0.703000,0.000000,-0.524000,1.704000,0.005000,-0.001000,0.008000,0.015000,0.001000,-0.561000,0.023625,1.152900,-0.663863,-0.085301,-0.398711,-0.153350
9.1567,76.0800,0.000000,0.012000,-0.703000,0.000000,-0.524000,1.704000,0.005000,-0.001000,0.008000,0.015000,0.001000,-0.561000,0.023625,1.152900,-0.663863,-0.085301,-0.398711,-0.153350
9.1588,75.8540,0.000000,0.012000,-0.703000,0.000000,-0.524000,1.704000,0.007000,0.000000,0.008000,0.015000,0.001000,-0.561000,0.027169,1.159987,-0.663863,-0.085301,-0.398711,-0.153350
9.1608,75.6310,0.000000,0.012000,-0.703000,0.000000,-0.524000,1.699000,0.007000,0.000000,0.008000,-0.015000,0.009000,-0.715000,0.027169,1.159987,-0.663863,-0.075717,-0.410212,-0.086260
9.1629,75.4090,0.000000,0.012000,-0.703000,0.000000,-0.524000,1.699000,0.007000,0.000000,0.008000,-0.015000,0.009000,-0.715000,0.027169,1.159987,-0.663863,-0.075717,-0.410212,-0.086260
9.1650,75.1840,0.000000,0.012000,-0.703000,0.000000,-0.524000,1.694000,0.007000,0.000000,-0.004000,-0.015000,-0.017000,-0.776000,0.027169,1.159987,-0.661500,-0.075717,-0.402545,-0.042171
9.1670,74.9590,0.000000,0.012000,-0.703000,0.000000,-0.524000,1.694000,0.007000,0.000000,-0.004000,-0.015000,-0.017000,-0.776000,0.027169,1.159987,-0.661500,-0.075717,-0.402545,-0.042171
9.1691,74.7350,0.000000,0.012000,-0.703000,0.000000,-0.524000,1.694000,-0.005000,0.002000,0.002000,-0.015000,-0.017000,-0.776000,0.030713,1.148175,-0.666225,-0.075717,-0.402545,-0.042171
9.1712,74.5090,0.000000,0.012000,-0.703000,0.000000,-0.524000,1.689000,-0.005000,0.002000,0.002000,0.005000,-0.017000,-0.847000,0.030713,1.148175,-0.666225,-0.069008,-0.402545,-0.044088
9.1732,74.2800,0.000000,0.012000,-0.703000,0.000000,-0.524000,1.689000,-0.005000,0.002000,0.002000,0.005000,-0.017000,-0.847000,0.030713,1.148175,-0.666225,-0.069008,-0.402545,-0.044088
9.1753,74.0530,0.000000,0.012000,-0.703000,0.000000,-0.524000,1.689000,0.001000,0.001000,-0.002000,0.007000,0.000000,-0.847000,0.031894,1.157625,-0.669769,-0.062299,-0.388168,-0.044088
9.1774,73.8180,0.000000,0.012000,-0.703000,0.000000,-0.524000,1.689000,0.001000,0.001000,-0.002000,0.007000,0.000000,-0.847000,0.031894,1.157625,-0.669769,-0.062299,-0.388168,-0.044088
9.1795,73.5860,0.000000,0.012000,-0.703000,0.000000,-0.524000,1.689000,0.002000,0.001000,-0.002000,0.007000,-0.026000,-0.847000,0.017719,1.157625,-0.669769,-0.062299,-0.395836,-0.044088
9.1816,73.3560,0.000000,0.012000,-0.703000,0.000000,-0.524000,1.684000,0.002000,0.001000,-0.002000,0.007000,-0.026000,-0.824000,0.017719,1.157625,-0.669769,-0.062299,-0.395836,-0.055590
9.1837,73.1280,0.000000,0.012000,-0.703000,0.000000,-0.524000,1.684000,0.002000,0.001000,-0.002000,0.007000,-0.026000,-0.824000,0.017719,1.157625,-0.669769,-0.062299,-0.395836,-0.055590
9.1857,72.8970,0.000000,0.012000,-0.703000,0.000000,-0.524000,1.678000,0.002000,0.001000,-0.002000,0.009000,-0.026000,-0.724000,0.017719,1.157625,-0.657956,-0.077634,-0.395836,-0.073800
9.1878,72.6660,0.000000,0.012000,-0.703000,0.000000,-0.524000,1.678000,0.002000,0.001000,-0.002000,0.009000,-0.026000,-0.724000,0.017719,1.157625,-0.657956,-0.077634,-0.395836,-0.073800
9.1899,72.4340,0.000000,0.012000,-0.703000,0.000000,-0.524000,1.678000,0.002000,-0.004000,-0.002000,0.000000,-0.032000,-0.724000,0.029531,1.152900,-0.668588,-0.082426,-0.408295,-0.073800
9.1919,72.2020,0.000000,0.012000,-0.703000,0.000000,-0.524000,1.678000,0.002000,-0.004000,-0.002000,0.000000,-0.032000,-0.724000,0.029531,1.152900,-0.668588,-0.082426,-0.408295,-0.073800
9.1941,71.9600,0.000000,0.012000,-0.703000,0.000000,-0.524000,1.673000,0.000000,0.000000,-0.002000,0.001000,-0.017000,-0.832000,0.033075,1.150537,-0.668588,-0.072841,-0.399669,-0.153350
9.1961,71.7270,0.000000,0.012000,-0.703000,0.000000,-0.524000,1.673000,0.000000,0.000000,-0.002000,0.001000,-0.017000,-0.832000,0.033075,1.150537,-0.668588,-0.072841,-0.399669,-0.153350
9.1983,71.4760,0.000000,0.012000,-0.703000,0.000000,-0.524000,1.673000,0.000000,0.000000,-0.002000,0.001000,-0.017000,-0.832000,0.033075,1.150537,-0.668588,-0.072841,-0.399669,-0.153350
9.2004,71.2420,0.000000,0.012000,-0.703000,0.000000,-0.524000,1.666000,0.000000,0.000000,-0.003000,0.001000,-0.009000,-0.878000,0.033075,1.150537,-0.675675,-0.072841,-0.412129,-0.069966
9.2025,71.0070,0.000000,0.012000,-0.703000,0.000000,-0.524000,1.666000,0.000000,0.000000,-0.003000,0.001000,-0.009000,-0.878000,0.033075,1.150537,-0.675675,-0.072841,-0.412129,-0.069966
9.2045,70.7710,0.000000,0.012000,-0.703000,0.000000,-0.524000,1.666000,-0.001000,-0.003000,-0.001000,0.017000,-0.009000,-0.878000,0.029531,1.170619,-0.656775,-0.079551,-0.412129,-0.069966
9.2066,70.5350,0.000000,0.012000,-0.703000,0.000000,-0.524000,1.660000,-0.001000,-0.003000,-0.001000,0.017000,-0.009000,-0.882000,0.029531,1.170619,-0.656775,-0.079551,-0.412129,-0.107345
9.2091,70.2520,0.000000,0.012000,-0.703000,0.000000,-0.524000,1.660000,0.008000,-0.003000,-0.001000,0.017000,-0.009000,-0.882000,0.017719,1.170619,-0.656775,-0.079551,-0.412129,-0.107345
9.2111,70.0140,0.000000,0.012000,-0.703000,0.000000,-0.524000,1.660000,0.008000,0.000000,0.000000,0.011000,0.003000,-0.882000,0.017719,1.152900,-0.663863,-0.073800,-0.399669,-0.107345
9.2133,69.7650,0.000000,0.012000,-0.703000,0.000000,-0.524000,1.660000,0.008000,0.000000,0.000000,0.011000,0.003000,-0.882000,0.017719,1.152900,-0.663863,-0.073800,-0.399669,-0.107345
9.2154,69.5260,0.000000,0.012000,-0.703000,0.000000,-0.524000,1.653000,0.005000,0.000000,0.000000,0.011000,0.023000,-1.010000,0.005906,1.152900,-0.663863,-0.073800,-0.405420,-0.115013
9.2174,69.2870,0.000000,0.012000,-0.703000,0.000000,-0.524000,1.653000,0.005000,0.000000,0.000000,0.011000,0.023000,-1.010000,0.005906,1.152900,-0.663863,-0.073800,-0.405420,-0.115013
9.2195,69.0450,0.000000,0.012000,-0.703000,0.000000,-0.524000,1.653000,0.005000,0.000000,0.000000,0.007000,0.023000,-1.010000,0.005906,1.156444,-0.663863,-0.078592,-0.405420,-0.115013
9.2216,68.8040,0.000000,0.012000,-0.703000,0.000000,-0.524000,1.647000,0.005000,0.000000,0.000000,0.007000,0.023000,-1.062000,0.005906,1.156444,-0.663863,-0.078592,-0.405420,-0.099678
9.2239,68.5360,0.000000,0.012000,-0.703000,0.000000,-0.524000,1.647000,0.005000,0.000000,0.000000,0.007000,0.023000,-1.062000,0.005906,1.156444,-0.663863,-0.078592,-0.405420,-0.099678
9.2259,68.2950,0.000000,0.012000,-0.703000,0.000000,-0.524000,1.647000,-0.005000,0.004000,-0.002000,0.019000,-0.007000,-1.062000,0.034256,1.149356,-0.654412,-0.078592,-0.396794,-0.099678
9.2283,68.0170,0.000000,0.012000,-0.703000,0.000000,-0.524000,1.647000,-0.005000,0.004000,-0.002000,0.019000,-0.007000,-1.062000,0.034256,1.149356,-0.654412,-0.078592,-0.396794,-0.099678
9.2304,67.7750,0.000000,0.012000,-0.703000,0.000000,-0.524000,1.639000,0.000000,-0.001000,-0.002000,-0.003000,-0.003000,-1.043000,0.028350,1.162350,-0.654412,-0.073800,-0.401586,-0.060382
9.2325,67.5230,0.000000,0.012000,-0.703000,0.000000,-0.524000,1.639000,0.000000,-0.001000,-0.002000,-0.003000,-0.003000,-1.043000,0.028350,1.162350,-0.654412,-0.073800,-0.401586,-0.060382
9.2346,67.2730,0.000000,0.012000,-0.703000,0.000000,-0.524000,1.639000,0.000000,-0.001000,0.002000,-0.003000,0.005000,-1.043000,0.028350,1.162350,-0.654412,-0.073800,-0.405420,-0.060382
9.2367,67.0350,0.000000,0.012000,-0.703000,0.000000,-0.524000,1.632000,0.000000,-0.001000,0.002000,-0.003000,0.005000,-0.943000,0.028350,1.162350,-0.654412,-0.073800,-0.405420,-0.075717
9.2390,66.7540,0.000000,0.012000,-0.703000,0.000000,-0.524000,1.632000,0.000000,-0.001000,0.002000,-0.003000,0.005000,-0.943000,0.028350,1.162350,-0.654412,-0.073800,-0.405420,-0.075717
9.2411,66.5100,0.000000,0.012000,-0.703000,0.000000,-0.524000,1.625000,0.005000,-0.001000,0.008000,-0.003000,0.005000,-1.008000,0.010631,1.156444,-0.669769,-0.075717,-0.405420,-0.091052
9.2433,66.2540,0.000000,0.012000,-0.703000,0.000000,-0.524000,1.625000,0.005000,-0.001000,0.008000,-0.003000,0.005000,-1.008000,0.010631,1.156444,-0.669769,-0.075717,-0.405420,-0.091052
9.2453,66.0090,0.000000,0.012000,-0.703000,0.000000,-0.524000,1.625000,0.003000,-0.001000,0.005000,0.021000,-0.013000,-1.008000,0.010631,1.159987,-0.670950,-0.072841,-0.411171,-0.091052
9.2474,65.7640,0.000000,0.012000,-0.703000,0.000000,-0.524000,1.625000,0.003000,-0.001000,0.005000,0.021000,-0.013000,-1.008000,0.010631,1.159987,-0.670950,-0.072841,-0.411171,-0.091052
9.2494,65.5180,0.000000,0.012000,-0.703000,0.000000,-0.524000,1.625000,0.002000,-0.001000,0.005000,0.021000,-0.013000,-1.008000,0.031894,1.159987,-0.670950,-0.072841,-0.411171,-0.091052
9.2515,65.2710,0.000000,0.012000,-0.703000,0.000000,-0.524000,1.617000,0.002000,-0.001000,0.005000,0.021000,0.001000,-1.121000,0.031894,1.159987,-0.670950,-0.072841,-0.396794,-0.116930
9.2537,65.0080,0.000000,0.012000,-0.703000,0.000000,-0.524000,1.617000,0.002000,-0.001000,0.005000,0.021000,0.001000,-1.121000,0.031894,1.159987,-0.670950,-0.072841,-0.396794,-0.116930
9.2558,64.7600,0.000000,0.012000,-0.703000,0.000000,-0.524000,1.610000,0.002000,0.004000,-0.002000,0.017000,0.001000,-1.050000,0.031894,1.170619,-0.650869,-0.065174,-0.396794,-0.082426
9.2578,64.5120,0.000000,0.012000,-0.703000,0.000000,-0.524000,1.610000,0.002000,0.004000,-0.002000,0.017000,0.001000,-1.050000,0.031894,1.170619,-0.650869,-0.065174,-0.396794,-0.082426
9.2601,64.2340,0.000000,0.012000,-0.703000,0.000000,-0.524000,1.610000,-0.002000,-0.001000,0.000000,0.007000,0.007000,-1.050000,0.029531,1.167075,-0.659137,-0.074758,-0.419797,-0.082426
9.2622,63.9840,0.000000,0.012000,-0.703000,0.000000,-0.524000,1.610000,-0.002000,-0.001000,0.000000,0.007000,0.007000,-1.050000,0.029531,1.167075,-0.659137,-0.074758,-0.419797,-0.082426
9.2643,63.7360,0.000000,0.012000,-0.703000,0.000000,-0.524000,1.610000,-0.002000,-0.001000,0.000000,0.007000,0.007000,-1.050000,0.037800,1.163531,-0.659137,-0.074758,-0.419797,-0.082426
9.2663,63.4860,0.000000,0.012000,-0.703000,0.000000,-0.524000,1.601000,-0.002000,-0.001000,0.000000,-0.009000,0.001000,-1.194000,0.037800,1.163531,-0.659137,-0.065174,-0.392960,-0.052714
9.2685,63.2210,0.000000,0.012000,-0.703000,0.000000,-0.524000,1.601000,-0.002000,-0.001000,0.000000,-0.009000,0.001000,-1.194000,0.037800,1.163531,-0.659137,-0.065174,-0.392960,-0.052714
9.2706,62.9700,0.000000,0.012000,-0.703000,0.000000,-0.524000,1.592000,-0.002000,-0.001000,-0.002000,-0.009000,0.009000,-1.326000,0.037800,1.163531,-0.661500,-0.065174,-0.408295,-0.063257
9.2726,62.7210,0.000000,0.012000,-0.703000,0.000000,-0.524000,1.592000,-0.002000,-0.001000,-0.002000,-0.009000,0.009000,-1.326000,0.037800,1.163531,-0.661500,-0.065174,-0.408295,-0.063257
9.2747,62.4710,0.000000,0.012000,-0.703000,0.000000,-0.524000,1.592000,-0.002000,0.000000,-0.002000,-0.003000,0.009000,-1.326000,0.034256,1.155262,-0.670950,-0.067091,-0.408295,-0.063257
9.2768,62.2210,0.000000,0.012000,-0.703000,0.000000,-0.524000,1.584000,-0.002000,0.000000,-0.002000,-0.003000,0.009000,-1.263000,0.034256,1.155262,-0.670950,-0.067091,-0.408295,-0.096802
9.2789,61.9610,0.000000,0.012000,-0.703000,0.000000,-0.524000,1.584000,-0.006000,-0.001000,-0.002000,-0.003000,0.009000,-1.263000,0.031894,1.168256,-0.673312,-0.067091,-0.408295,-0.096802
9.2809,61.7090,0.000000,0.012000,-0.703000,0.000000,-0.524000,1.584000,-0.006000,-0.001000,-0.002000,-0.005000,-0.001000,-1.263000,0.031894,1.168256,-0.673312,-0.067091,-0.396794,-0.096802
9.2835,61.3930,0.000000,0.012000,-0.703000,0.000000,-0.524000,1.584000,-0.006000,-0.001000,-0.002000,-0.005000,-0.001000,-1.263000,0.031894,1.168256,-0.673312,-0.067091,-0.396794,-0.096802
9.2856,61.1400,0.000000,0.012000,-0.703000,0.000000,-0.524000,1.575000,0.000000,-0.001000,-0.002000,-0.005000,0.000000,-1.150000,0.030713,1.168256,-0.673312,-0.067091,-0.401586,-0.135140
9.2877,60.8860,0.000000,0.012000,-0.703000,0.000000,-0.524000,1.575000,0.000000,-0.001000,-0.002000,-0.005000,0.000000,-1.150000,0.030713,1.168256,-0.673312,-0.067091,-0.401586,-0.135140
9.2897,60.6330,0.000000,0.012000,-0.703000,0.000000,-0.524000,1.566000,0.000000,0.000000,0.000000,-0.009000,0.000000,-1.307000,0.030713,1.156444,-0.678037,-0.072841,-0.401586,-0.120763
9.2918,60.3790,0.000000,0.012000,-0.703000,0.000000,-0.524000,1.566000,0.000000,0.000000,0.000000,-0.009000,0.000000,-1.307000,0.030713,1.156444,-0.678037,-0.072841,-0.401586,-0.120763
9.2939,60.1260,0.000000,0.012000,-0.703000,0.000000,-0.524000,1.566000,0.005000,0.001000,0.000000,-0.009000,0.000000,-1.307000,0.017719,1.169438,-0.661500,-0.072841,-0.401586,-0.120763
9.2959,59.8710,0.000000,0.012000,-0.703000,0.000000,-0.524000,1.566000,0.005000,0.001000,0.000000,-0.015000,-0.013000,-1.307000,0.017719,1.169438,-0.661500,-0.076675,-0.399669,-0.120763
9.2980,59.6170,0.000000,0.012000,-0.703000,0.000000,-0.524000,1.566000,0.005000,0.001000,0.000000,-0.015000,-0.013000,-1.307000,0.017719,1.169438,-0.661500,-0.076675,-0.399669,-0.120763
9.3000,59.3630,0.000000,0.012000,-0.703000,0.000000,-0.524000,1.556000,0.000000,0.000000,0.000000,-0.019000,0.007000,-1.330000,0.018900,1.150537,-0.661500,-0.069966,-0.411171,-0.064215
9.3021,59.1070,0.000000,0.012000,-0.703000,0.000000,-0.524000,1.556000,0.000000,0.000000,0.000000,-0.019000,0.007000,-1.330000,0.018900,1.150537,-0.661500,-0.069966,-0.411171,-0.064215
9.3042,58.8530,0.000000,0.012000,-0.703000,0.000000,-0.524000,1.556000,0.000000,0.000000,0.000000,-0.019000,-0.005000,-1.330000,0.018900,1.150537,-0.680400,-0.069966,-0.394877,-0.064215
9.3062,58.5970,0.000000,0.012000,-0.703000,0.000000,-0.524000,1.546000,0.000000,0.000000,0.000000,-0.019000,-0.005000,-1.424000,0.018900,1.150537,-0.680400,-0.069966,-0.394877,-0.109262
9.3083,58.3360,0.000000,0.012000,-0.703000,0.000000,-0.524000,1.546000,0.000000,0.000000,0.000000,-0.019000,-0.005000,-1.424000,0.018900,1.150537,-0.680400,-0.069966,-0.394877,-0.109262
9.3104,58.0790,0.000000,0.012000,-0.703000,0.000000,-0.524000,1.537000,-0.008000,0.001000,0.005000,0.000000,-0.005000,-1.434000,0.033075,1.137544,-0.674494,-0.071883,-0.394877,-0.120763
9.3125,57.8220,0.000000,0.012000,-0.703000,0.000000,-0.524000,1.537000,-0.008000,0.001000,0.005000,0.000000,-0.005000,-1.434000,0.033075,1.137544,-0.674494,-0.071883,-0.394877,-0.120763
9.3146,57.5640,0.000000,0.012000,-0.703000,0.000000,-0.524000,1.537000,-0.014000,0.000000,-0.007000,0.003000,-0.005000,-1.434000,0.051975,1.154081,-0.661500,-0.077634,-0.394877,-0.120763
9.3166,57.3080,0.000000,0.012000,-0.703000,0.000000,-0.524000,1.537000,-0.014000,0.000000,-0.007000,0.003000,-0.011000,-1.434000,0.051975,1.154081,-0.661500,-0.077634,-0.392960,-0.120763
9.3188,57.0390,0.000000,0.012000,-0.703000,0.000000,-0.524000,1.537000,-0.013000,0.000000,-0.007000,0.003000,-0.011000,-1.434000,0.046069,1.154081,-0.661500,-0.077634,-0.392960,-0.120763
9.3209,56.7820,0.000000,0.012000,-0.703000,0.000000,-0.524000,1.527000,-0.013000,0.000000,-0.007000,0.003000,0.005000,-1.451000,0.046069,1.154081,-0.661500,-0.077634,-0.408295,-0.105428
9.3229,56.5250,0.000000,0.012000,-0.703000,0.000000,-0.524000,1.527000,-0.013000,0.000000,-0.007000,0.003000,0.005000,-1.451000,0.046069,1.154081,-0.661500,-0.077634,-0.408295,-0.105428
9.3250,56.2690,0.000000,0.012000,-0.703000,0.000000,-0.524000,1.516000,-0.013000,0.002000,-0.002000,-0.009000,0.005000,-1.487000,0.046069,1.157625,-0.669769,-0.075717,-0.408295,-0.154309
9.3270,56.0120,0.000000,0.012000,-0.703000,0.000000,-0.524000,1.516000,-0.013000,0.002000,-0.002000,-0.009000,0.005000,-1.487000,0.046069,1.157625,-0.669769,-0.075717,-0.408295,-0.154309
9.3292,55.7440,0.000000,0.012000,-0.703000,0.000000,-0.524000,1.516000,-0.001000,0.002000,0.000000,0.030000,0.009000,-1.487000,0.029531,1.175344,-0.683944,-0.093927,-0.403503,-0.154309
9.3313,55.4860,0.000000,0.012000,-0.703000,0.000000,-0.524000,1.516000,-0.001000,0.002000,0.000000,0.030000,0.009000,-1.487000,0.029531,1.175344,-0.683944,-0.093927,-0.403503,-0.154309
9.3333,55.2270,0.000000,0.012000,-0.703000,0.000000,-0.524000,1.516000,-0.001000,0.002000,0.000000,0.030000,0.009000,-1.487000,0.029531,1.175344,-0.683944,-0.093927,-0.403503,-0.154309
9.3354,54.9700,0.000000,0.012000,-0.703000,0.000000,-0.524000,1.505000,-0.001000,0.001000,0.000000,-0.030000,-0.009000,-1.633000,0.029531,1.157625,-0.683944,-0.048880,-0.408295,-0.058465
9.3374,54.7120,0.000000,0.012000,-0.703000,0.000000,-0.524000,1.505000,-0.001000,0.001000,0.000000,-0.030000,-0.009000,-1.633000,0.029531,1.157625,-0.683944,-0.048880,-0.408295,-0.058465
9.3395,54.4490,0.000000,0.012000,-0.703000,0.000000,-0.524000,1.505000,-0.001000,0.001000,0.002000,-0.030000,-0.007000,-1.633000,0.029531,1.157625,-0.667406,-0.048880,-0.404462,-0.058465
9.3416,54.1900,0.000000,0.012000,-0.703000,0.000000,-0.524000,1.495000,-0.001000,0.001000,0.002000,-0.030000,-0.007000,-1.545000,0.029531,1.157625,-0.667406,-0.048880,-0.404462,-0.109262
9.3437,53.9340,0.000000,0.012000,-0.703000,0.000000,-0.524000,1.495000,0.009000,0.001000,0.002000,-0.030000,-0.007000,-1.545000,0.017719,1.157625,-0.667406,-0.048880,-0.404462,-0.109262
9.3457,53.6750,0.000000,0.012000,-0.703000,0.000000,-0.524000,1.484000,0.009000,0.001000,0.001000,0.017000,-0.007000,-1.627000,0.017719,1.151719,-0.673312,-0.091052,-0.404462,-0.137057
9.3478,53.4160,0.000000,0.012000,-0.703000,0.000000,-0.524000,1.484000,0.009000,0.001000,0.001000,0.017000,-0.007000,-1.627000,0.017719,1.151719,-0.673312,-0.091052,-0.404462,-0.137057
9.3499,53.1560,0.000000,0.012000,-0.703000,0.000000,-0.524000,1.484000,0.009000,0.000000,-0.007000,0.023000,0.007000,-1.627000,0.014175,1.159987,-0.669769,-0.075717,-0.417880,-0.137057
9.3519,52.8970,0.000000,0.012000,-0.703000,0.000000,-0.524000,1.484000,0.009000,0.000000,-0.007000,0.023000,0.007000,-1.627000,0.014175,1.159987,-0.669769,-0.075717,-0.417880,-0.137057
9.3541,52.6300,0.000000,0.012000,-0.703000,0.000000,-0.524000,1.484000,0.006000,0.000000,-0.007000,0.023000,-0.007000,-1.627000,0.015356,1.159987,-0.669769,-0.075717,-0.407337,-0.137057
9.3561,52.3710,0.000000,0.012000,-0.703000,0.000000,-0.524000,1.472000,0.006000,0.000000,-0.007000,0.023000,-0.007000,-1.649000,0.015356,1.159987,-0.669769,-0.075717,-0.407337,-0.113096
9.3583,52.0950,0.000000,0.012000,-0.703000,0.000000,-0.524000,1.472000,0.006000,0.000000,-0.007000,0.023000,-0.007000,-1.649000,0.015356,1.159987,-0.669769,-0.075717,-0.407337,-0.113096
9.3604,51.8370,0.000000,0.012000,-0.703000,0.000000,-0.524000,1.461000,0.006000,0.002000,-0.008000,0.000000,-0.007000,-1.708000,0.015356,1.165894,-0.654412,-0.088176,-0.407337,-0.099678
9.3624,51.5770,0.000000,0.012000,-0.703000,0.000000,-0.524000,1.461000,0.006000,0.002000,-0.008000,0.000000,-0.007000,-1.708000,0.015356,1.165894,-0.654412,-0.088176,-0.407337,-0.099678
9.3647,51.2930,0.000000,0.012000,-0.703000,0.000000,-0.524000,1.461000,0.000000,0.000000,-0.005000,0.009000,-0.011000,-1.708000,0.014175,1.161169,-0.659137,-0.078592,-0.387210,-0.099678
9.3668,51.0340,0.000000,0.012000,-0.703000,0.000000,-0.524000,1.461000,0.000000,0.000000,-0.005000,0.009000,-0.011000,-1.708000,0.014175,1.161169,-0.659137,-0.078592,-0.387210,-0.099678
9.3689,50.7720,0.000000,0.012000,-0.703000,0.000000,-0.524000,1.461000,0.000000,0.002000,-0.005000,0.009000,-0.011000,-1.708000,0.020081,1.156444,-0.659137,-0.078592,-0.387210,-0.099678
9.3709,50.5120,0.000000,0.012000,-0.703000,0.000000,-0.524000,1.449000,0.000000,0.002000,-0.005000,-0.009000,-0.019000,-1.744000,0.020081,1.156444,-0.659137,-0.072841,-0.395836,-0.103512
9.3734,50.2010,0.000000,0.012000,-0.703000,0.000000,-0.524000,1.449000,0.000000,0.002000,-0.005000,-0.009000,-0.019000,-1.744000,0.020081,1.156444,-0.659137,-0.072841,-0.395836,-0.103512
9.3755,49.9420,0.000000,0.012000,-0.703000,0.000000,-0.524000,1.437000,0.000000,0.002000,0.000000,-0.009000,0.001000,-1.635000,0.020081,1.156444,-0.665044,-0.072841,-0.404462,-0.105428
9.3775,49.6840,0.000000,0.012000,-0.703000,0.000000,-0.524000,1.437000,0.000000,0.002000,0.000000,-0.009000,0.001000,-1.635000,0.020081,1.156444,-0.665044,-0.072841,-0.404462,-0.105428
9.3797,49.4120,0.000000,0.012000,-0.703000,0.000000,-0.524000,1.437000,0.002000,0.001000,-0.001000,0.017000,0.001000,-1.635000,0.025987,1.158806,-0.674494,-0.074758,-0.404462,-0.105428
9.3817,49.1530,0.000000,0.012000,-0.703000,0.000000,-0.524000,1.425000,0.002000,0.001000,-0.001000,0.017000,0.001000,-1.748000,0.025987,1.158806,-0.674494,-0.074758,-0.404462,-0.116930
9.3839,48.8800,0.000000,0.012000,-0.703000,0.000000,-0.524000,1.425000,0.001000,0.001000,-0.001000,0.017000,0.001000,-1.748000,0.025987,1.158806,-0.674494,-0.074758,-0.404462,-0.116930
9.3860,48.6210,0.000000,0.012000,-0.703000,0.000000,-0.524000,1.425000,0.001000,0.000000,0.006000,-0.015000,0.028000,-1.748000,0.025987,1.146994,-0.673312,-0.079551,-0.415963,-0.116930
9.3884,48.3140,0.000000,0.012000,-0.703000,0.000000,-0.524000,1.425000,0.001000,0.000000,0.006000,-0.015000,0.028000,-1.748000,0.025987,1.146994,-0.673312,-0.079551,-0.415963,-0.116930
9.3905,48.0540,0.000000,0.012000,-0.703000,0.000000,-0.524000,1.412000,0.000000,0.000000,0.006000,-0.015000,0.003000,-1.769000,0.017719,1.146994,-0.673312,-0.079551,-0.398711,-0.111179
9.3926,47.7950,0.000000,0.012000,-0.703000,0.000000,-0.524000,1.412000,0.000000,0.000000,0.006000,-0.015000,0.003000,-1.769000,0.017719,1.146994,-0.673312,-0.079551,-0.398711,-0.111179
9.3947,47.5190,0.000000,0.012000,-0.703000,0.000000,-0.524000,1.399000,0.000000,0.000000,0.000000,0.005000,0.003000,-1.812000,0.017719,1.171800,-0.669769,-0.069966,-0.398711,-0.102553
9.3968,47.2600,0.000000,0.012000,-0.703000,0.000000,-0.524000,1.399000,0.000000,0.000000,0.000000,0.005000,0.003000,-1.812000,0.017719,1.171800,-0.669769,-0.069966,-0.398711,-0.102553
9.3990,46.9880,0.000000,0.012000,-0.703000,0.000000,-0.524000,1.399000,0.008000,0.000000,0.000000,0.005000,0.003000,-1.812000,0.011813,1.171800,-0.669769,-0.069966,-0.398711,-0.102553
9.4010,46.7290,0.000000,0.012000,-0.703000,0.000000,-0.524000,1.399000,0.008000,0.000000,-0.002000,-0.021000,0.009000,-1.812000,0.011813,1.168256,-0.673312,-0.084343,-0.404462,-0.102553
9.4036,46.4080,0.000000,0.012000,-0.703000,0.000000,-0.524000,1.399000,0.008000,0.000000,-0.002000,-0.021000,0.009000,-1.812000,0.011813,1.168256,-0.673312,-0.084343,-0.404462,-0.102553
9.4057,46.1490,0.000000,0.012000,-0.703000,0.000000,-0.524000,1.386000,0.008000,-0.002000,-0.002000,0.047000,-0.021000,-1.796000,0.020081,1.149356,-0.673312,-0.091052,-0.411171,-0.161018
9.4077,45.8900,0.000000,0.012000,-0.703000,0.000000,-0.524000,1.386000,0.008000,-0.002000,-0.002000,0.047000,-0.021000,-1.796000,0.020081,1.149356,-0.673312,-0.091052,-0.411171,-0.161018
9.4100,45.6060,0.000000,0.012000,-0.703000,0.000000,-0.524000,1.373000,0.008000,-0.002000,0.001000,0.047000,0.003000,-1.942000,0.020081,1.149356,-0.665044,-0.091052,-0.390085,-0.115971
9.4121,45.3480,0.000000,0.012000,-0.703000,0.000000,-0.524000,1.373000,0.008000,-0.002000,0.001000,0.047000,0.003000,-1.942000,0.020081,1.149356,-0.665044,-0.091052,-0.390085,-0.115971
9.4142,45.0840,0.000000,0.012000,-0.703000,0.000000,-0.524000,1.373000,0.000000,-0.004000,0.006000,0.047000,0.003000,-1.942000,0.034256,1.168256,-0.659137,-0.091052,-0.390085,-0.115971
9.4162,44.8260,0.000000,0.012000,-0.703000,0.000000,-0.524000,1.359000,0.000000,-0.004000,0.006000,-0.023000,0.003000,-1.946000,0.034256,1.168256,-0.659137,-0.081467,-0.390085,-0.086260
9.4186,44.5340,0.000000,0.012000,-0.703000,0.000000,-0.524000,1.359000,0.000000,-0.004000,0.006000,-0.023000,0.003000,-1.946000,0.034256,1.168256,-0.659137,-0.081467,-0.390085,-0.086260
9.4206,44.2770,0.000000,0.012000,-0.703000,0.000000,-0.524000,1.359000,-0.004000,0.004000,0.000000,-0.001000,0.005000,-1.946000,0.037800,1.149356,-0.669769,-0.075717,-0.411171,-0.086260
9.4227,44.0250,0.000000,0.012000,-0.703000,0.000000,-0.524000,1.359000,-0.004000,0.004000,0.000000,-0.001000,0.005000,-1.946000,0.037800,1.149356,-0.669769,-0.075717,-0.411171,-0.086260
9.4247,43.7650,0.000000,0.012000,-0.703000,0.000000,-0.524000,1.346000,0.004000,0.004000,0.000000,-0.001000,-0.007000,-1.975000,0.014175,1.149356,-0.669769,-0.075717,-0.395836,-0.091052
9.4268,43.5080,0.000000,0.012000,-0.703000,0.000000,-0.524000,1.346000,0.004000,0.004000,0.000000,-0.001000,-0.007000,-1.975000,0.014175,1.149356,-0.669769,-0.075717,-0.395836,-0.091052
9.4291,43.2270,0.000000,0.012000,-0.703000,0.000000,-0.524000,1.346000,0.004000,0.000000,-0.012000,-0.001000,-0.007000,-1.975000,0.014175,1.144631,-0.659137,-0.075717,-0.395836,-0.091052
9.4311,42.9690,0.000000,0.012000,-0.703000,0.000000,-0.524000,1.332000,0.004000,0.000000,-0.012000,0.009000,-0.007000,-1.951000,0.014175,1.144631,-0.659137,-0.084343,-0.395836,-0.108304
9.4333,42.7050,0.000000,0.012000,-0.703000,0.000000,-0.524000,1.332000,0.004000,0.000000,-0.012000,0.009000,-0.007000,-1.951000,0.014175,1.144631,-0.659137,-0.084343,-0.395836,-0.108304
9.4353,42.4480,0.000000,0.012000,-0.703000,0.000000,-0.524000,1.332000,0.000000,-0.004000,0.003000,0.042000,0.007000,-1.951000,0.036619,1.157625,-0.656775,-0.104470,-0.404462,-0.108304
9.4374,42.1910,0.000000,0.012000,-0.703000,0.000000,-0.524000,1.332000,0.000000,-0.004000,0.003000,0.042000,0.007000,-1.951000,0.036619,1.157625,-0.656775,-0.104470,-0.404462,-0.108304
9.4395,41.9340,0.000000,0.012000,-0.703000,0.000000,-0.524000,1.332000,0.000000,-0.001000,0.003000,-0.024000,0.007000,-1.951000,0.017719,1.151719,-0.656775,-0.078592,-0.404462,-0.108304
9.4415,41.6780,0.000000,0.012000,-0.703000,0.000000,-0.524000,1.317000,0.000000,-0.001000,0.003000,-0.024000,-0.003000,-2.065000,0.017719,1.151719,-0.656775,-0.078592,-0.393919,-0.096802
9.4436,41.4220,0.000000,0.012000,-0.703000,0.000000,-0.524000,1.317000,0.000000,-0.001000,0.003000,-0.024000,-0.003000,-2.065000,0.017719,1.151719,-0.656775,-0.078592,-0.393919,-0.096802
9.4457,41.1650,0.000000,0.012000,-0.703000,0.000000,-0.524000,1.303000,0.000000,-0.001000,-0.008000,-0.024000,0.000000,-2.034000,0.017719,1.151719,-0.695756,-0.078592,-0.382418,-0.101595
9.4477,40.9100,0.000000,0.012000,-0.703000,0.000000,-0.524000,1.303000,0.000000,-0.001000,-0.008000,-0.024000,0.000000,-2.034000,0.017719,1.151719,-0.695756,-0.078592,-0.382418,-0.101595
9.4498,40.6530,0.000000,0.012000,-0.703000,0.000000,-0.524000,1.288000,0.007000,0.000000,-0.006000,-0.015000,0.000000,-2.107000,0.014175,1.143450,-0.654412,-0.042171,-0.382418,-0.138974
9.4519,40.3980,0.000000,0.012000,-0.703000,0.000000,-0.524000,1.288000,0.007000,0.000000,-0.006000,-0.015000,0.000000,-2.107000,0.014175,1.143450,-0.654412,-0.042171,-0.382418,-0.138974
9.4544,40.0830,0.000000,0.012000,-0.703000,0.000000,-0.524000,1.288000,0.004000,0.000000,0.002000,-0.028000,0.011000,-2.107000,0.008269,1.163531,-0.662681,-0.061340,-0.396794,-0.138974
9.4565,39.8290,0.000000,0.012000,-0.703000,0.000000,-0.524000,1.288000,0.004000,0.000000,0.002000,-0.028000,0.011000,-2.107000,0.008269,1.163531,-0.662681,-0.061340,-0.396794,-0.138974
9.4586,39.5760,0.000000,0.012000,-0.703000,0.000000,-0.524000,1.288000,0.004000,0.000000,0.002000,-0.028000,0.011000,-2.107000,0.008269,1.163531,-0.662681,-0.061340,-0.396794,-0.138974
9.4606,39.3220,0.000000,0.012000,-0.703000,0.000000,-0.524000,1.273000,0.007000,0.000000,0.002000,-0.028000,0.026000,-2.201000,0.009450,1.163531,-0.662681,-0.061340,-0.394877,-0.101595
9.4627,39.0710,0.000000,0.012000,-0.703000,0.000000,-0.524000,1.273000,0.007000,0.000000,0.002000,-0.028000,0.026000,-2.201000,0.009450,1.163531,-0.662681,-0.061340,-0.394877,-0.101595
9.4647,38.8190,0.000000,0.012000,-0.703000,0.000000,-0.524000,1.273000,0.007000,0.000000,-0.001000,0.017000,0.026000,-2.201000,0.009450,1.156444,-0.678037,-0.099678,-0.394877,-0.101595
9.4668,38.5660,0.000000,0.012000,-0.703000,0.000000,-0.524000,1.258000,0.007000,0.000000,-0.001000,0.017000,0.026000,-2.170000,0.009450,1.156444,-0.678037,-0.099678,-0.394877,-0.138015
9.4690,38.2950,0.000000,0.012000,-0.703000,0.000000,-0.524000,1.258000,0.011000,-0.003000,-0.001000,0.017000,0.026000,-2.170000,0.003544,1.161169,-0.678037,-0.099678,-0.394877,-0.138015
9.4711,38.0440,0.000000,0.012000,-0.703000,0.000000,-0.524000,1.258000,0.011000,-0.003000,-0.008000,-0.030000,0.007000,-2.170000,0.003544,1.161169,-0.662681,-0.069008,-0.391044,-0.138015
9.4732,37.7810,0.000000,0.012000,-0.703000,0.000000,-0.524000,1.258000,0.011000,-0.003000,-0.008000,-0.030000,0.007000,-2.170000,0.003544,1.161169,-0.662681,-0.069008,-0.391044,-0.138015
9.4754,37.5200,0.000000,0.012000,-0.703000,0.000000,-0.524000,1.243000,0.000000,0.000000,-0.002000,0.038000,0.015000,-2.243000,0.018900,1.159987,-0.673312,-0.097761,-0.398711,-0.115971
9.4775,37.2640,0.000000,0.012000,-0.703000,0.000000,-0.524000,1.243000,0.000000,0.000000,-0.002000,0.038000,0.015000,-2.243000,0.018900,1.159987,-0.673312,-0.097761,-0.398711,-0.115971
9.4795,37.0140,0.000000,0.012000,-0.703000,0.000000,-0.524000,1.243000,0.000000,0.000000,-0.002000,0.038000,0.000000,-2.243000,0.018900,1.159987,-0.673312,-0.097761,-0.397753,-0.115971
9.4816,36.7640,0.000000,0.012000,-0.703000,0.000000,-0.524000,1.227000,0.000000,0.000000,-0.002000,0.038000,0.000000,-2.212000,0.018900,1.159987,-0.673312,-0.097761,-0.397753,-0.112137
9.4837,36.5110,0.000000,0.012000,-0.703000,0.000000,-0.524000,1.227000,-0.005000,-0.001000,-0.002000,0.038000,0.000000,-2.212000,0.029531,1.151719,-0.673312,-0.097761,-0.397753,-0.112137
9.4857,36.2620,0.000000,0.012000,-0.703000,0.000000,-0.524000,1.211000,-0.005000,-0.001000,-0.005000,-0.001000,0.000000,-2.277000,0.029531,1.151719,-0.659137,-0.070925,-0.397753,-0.128431
9.4878,36.0130,0.000000,0.012000,-0.703000,0.000000,-0.524000,1.211000,-0.005000,-0.001000,-0.005000,-0.001000,0.000000,-2.277000,0.029531,1.151719,-0.659137,-0.070925,-0.397753,-0.128431
9.4899,35.7630,0.000000,0.012000,-0.703000,0.000000,-0.524000,1.211000,-0.001000,0.002000,-0.007000,0.001000,-0.005000,-2.277000,0.022444,1.159987,-0.660319,-0.083384,-0.390085,-0.128431
9.4919,35.5150,0.000000,0.012000,-0.703000,0.000000,-0.524000,1.211000,-0.001000,0.002000,-0.007000,0.001000,-0.005000,-2.277000,0.022444,1.159987,-0.660319,-0.083384,-0.390085,-0.128431
9.4941,35.2560,0.000000,0.012000,-0.703000,0.000000,-0.524000,1.211000,0.007000,0.002000,-0.007000,0.001000,-0.005000,-2.277000,0.017719,1.159987,-0.660319,-0.083384,-0.390085,-0.128431
9.4962,35.0090,0.000000,0.012000,-0.703000,0.000000,-0.524000,1.195000,0.007000,0.002000,-0.007000,0.001000,-0.013000,-2.264000,0.017719,1.159987,-0.660319,-0.083384,-0.390085,-0.138974
9.4985,34.7230,0.000000,0.012000,-0.703000,0.000000,-0.524000,1.195000,0.007000,0.002000,-0.007000,0.001000,-0.013000,-2.264000,0.017719,1.159987,-0.660319,-0.083384,-0.390085,-0.138974
9.5006,34.4760,0.000000,0.012000,-0.703000,0.000000,-0.524000,1.179000,0.007000,0.000000,0.000000,0.015000,-0.013000,-2.404000,0.017719,1.163531,-0.668588,-0.090093,-0.390085,-0.101595
9.5027,34.2310,0.000000,0.012000,-0.703000,0.000000,-0.524000,1.179000,0.007000,0.000000,0.000000,0.015000,-0.013000,-2.404000,0.017719,1.163531,-0.668588,-0.090093,-0.390085,-0.101595
9.5048,33.9800,0.000000,0.012000,-0.703000,0.000000,-0.525000,1.179000,0.000000,0.002000,0.003000,-0.036000,-0.021000,-2.404000,0.041344,1.161169,-0.661500,-0.049839,-0.389127,-0.101595
9.5068,33.7350,0.000000,0.012000,-0.703000,0.000000,-0.525000,1.179000,0.000000,0.002000,0.003000,-0.036000,-0.021000,-2.404000,0.041344,1.161169,-0.661500,-0.049839,-0.389127,-0.101595
9.5090,33.4820,0.000000,0.012000,-0.703000,0.000000,-0.525000,1.179000,-0.014000,0.000000,-0.001000,0.032000,-0.021000,-2.404000,0.049612,1.165894,-0.670950,-0.082426,-0.389127,-0.101595
9.5110,33.2370,0.000000,0.012000,-0.703000,0.000000,-0.525000,1.162000,-0.014000,0.000000,-0.001000,0.032000,-0.024000,-2.343000,0.049612,1.165894,-0.670950,-0.082426,-0.386251,-0.120763
9.5132,32.9830,0.000000,0.012000,-0.703000,0.000000,-0.525000,1.162000,-0.014000,0.000000,-0.001000,0.032000,-0.024000,-2.343000,0.049612,1.165894,-0.670950,-0.082426,-0.386251,-0.120763
9.5152,32.7390,0.000000,0.012000,-0.703000,0.000000,-0.524000,1.146000,-0.014000,0.000000,-0.001000,0.032000,0.015000,-2.331000,0.049612,1.165894,-0.670950,-0.082426,-0.392960,-0.120763
9.5173,32.4970,0.000000,0.012000,-0.703000,0.000000,-0.524000,1.146000,-0.014000,0.000000,-0.001000,0.032000,0.015000,-2.331000,0.049612,1.165894,-0.670950,-0.082426,-0.392960,-0.120763
9.5194,32.2550,0.000000,0.012000,-0.703000,0.000000,-0.524000,1.146000,0.006000,-0.002000,-0.007000,-0.005000,0.015000,-2.331000,0.017719,1.162350,-0.686306,-0.086260,-0.392960,-0.120763
9.5214,32.0130,0.000000,0.012000,-0.703000,0.000000,-0.524000,1.129000,0.006000,-0.002000,-0.007000,-0.005000,0.015000,-2.370000,0.017719,1.162350,-0.686306,-0.086260,-0.392960,-0.069008
9.5236,31.7620,0.000000,0.012000,-0.703000,0.000000,-0.524000,1.129000,0.008000,-0.002000,-0.007000,-0.005000,0.015000,-2.370000,0.010631,1.162350,-0.686306,-0.086260,-0.392960,-0.069008
9.5256,31.5220,0.000000,0.012000,-0.703000,0.000000,-0.525000,1.129000,0.008000,0.002000,-0.005000,-0.003000,-0.011000,-2.370000,0.010631,1.183612,-0.657956,-0.069966,-0.384334,-0.069008
9.5277,31.2810,0.000000,0.012000,-0.703000,0.000000,-0.525000,1.129000,0.008000,0.002000,-0.005000,-0.003000,-0.011000,-2.370000,0.010631,1.183612,-0.657956,-0.069966,-0.384334,-0.069008
9.5300,31.0160,0.000000,0.012000,-0.703000,0.000000,-0.525000,1.129000,-0.004000,0.002000,-0.005000,-0.003000,0.011000,-2.370000,0.051975,1.183612,-0.657956,-0.069966,-0.386251,-0.069008
9.5320,30.7760,0.000000,0.012000,-0.703000,0.000000,-0.525000,1.114000,-0.004000,0.002000,-0.005000,-0.003000,0.011000,-2.266000,0.051975,1.183612,-0.657956,-0.069966,-0.386251,-0.113096
9.5341,30.5370,0.000000,0.012000,-0.703000,0.000000,-0.525000,1.114000,-0.004000,0.002000,0.000000,0.019000,0.011000,-2.266000,0.051975,1.165894,-0.687487,-0.086260,-0.386251,-0.113096
9.5362,30.2980,0.000000,0.012000,-0.703000,0.000000,-0.525000,1.097000,-0.004000,0.002000,0.000000,0.019000,0.011000,-2.322000,0.051975,1.165894,-0.687487,-0.086260,-0.386251,-0.137057
9.5384,30.0420,0.000000,0.012000,-0.703000,0.000000,-0.525000,1.097000,-0.004000,0.002000,0.000000,0.019000,0.011000,-2.322000,0.051975,1.165894,-0.687487,-0.086260,-0.386251,-0.137057
9.5404,29.8050,0.000000,0.012000,-0.703000,0.000000,-0.525000,1.097000,-0.006000,0.000000,0.000000,-0.007000,-0.001000,-2.322000,0.030713,1.170619,-0.665044,-0.082426,-0.385293,-0.137057
9.5425,29.5670,0.000000,0.012000,-0.703000,0.000000,-0.525000,1.097000,-0.006000,0.000000,0.000000,-0.007000,-0.001000,-2.322000,0.030713,1.170619,-0.665044,-0.082426,-0.385293,-0.137057
9.5446,29.3310,0.000000,0.012000,-0.703000,0.000000,-0.525000,1.097000,0.002000,0.001000,0.000000,0.003000,-0.019000,-2.322000,0.021263,1.159987,-0.673312,-0.083384,-0.368999,-0.137057
9.5466,29.0950,0.000000,0.012000,-0.703000,0.000000,-0.525000,1.081000,0.002000,0.001000,0.000000,0.003000,-0.019000,-2.331000,0.021263,1.159987,-0.673312,-0.083384,-0.368999,-0.124597
9.5487,28.8620,0.000000,0.012000,-0.703000,0.000000,-0.525000,1.081000,0.002000,0.001000,0.000000,0.003000,-0.019000,-2.331000,0.021263,1.159987,-0.673312,-0.083384,-0.368999,-0.124597
9.5507,28.6280,0.000000,0.012000,-0.703000,0.000000,-0.525000,1.065000,0.002000,0.001000,0.000000,0.003000,0.007000,-2.329000,0.021263,1.159987,-0.673312,-0.083384,-0.383376,-0.081467
9.5529,28.3840,0.000000,0.012000,-0.703000,0.000000,-0.525000,1.065000,0.002000,0.001000,0.000000,0.003000,0.007000,-2.329000,0.021263,1.159987,-0.673312,-0.083384,-0.383376,-0.081467
9.5550,28.1470,0.000000,0.012000,-0.703000,0.000000,-0.525000,1.049000,-0.005000,0.000000,-0.003000,0.005000,0.007000,-2.295000,0.014175,1.162350,-0.665044,-0.081467,-0.383376,-0.105428
9.5570,27.9150,0.000000,0.012000,-0.703000,0.000000,-0.525000,1.049000,-0.005000,0.000000,-0.003000,0.005000,0.007000,-2.295000,0.014175,1.162350,-0.665044,-0.081467,-0.383376,-0.105428
9.5591,27.6810,0.000000,0.012000,-0.703000,0.000000,-0.525000,1.049000,-0.001000,0.000000,-0.006000,0.019000,-0.021000,-2.295000,0.017719,1.154081,-0.669769,-0.083384,-0.384334,-0.105428
9.5612,27.4480,0.000000,0.012000,-0.703000,0.000000,-0.525000,1.049000,-0.001000,0.000000,-0.006000,0.019000,-0.021000,-2.295000,0.017719,1.154081,-0.669769,-0.083384,-0.384334,-0.105428
9.5633,27.2130,0.000000,0.012000,-0.703000,0.000000,-0.525000,1.049000,-0.001000,0.000000,-0.006000,0.019000,-0.021000,-2.295000,0.017719,1.154081,-0.669769,-0.083384,-0.384334,-0.105428
9.5653,26.9830,0.000000,0.012000,-0.703000,0.000000,-0.525000,1.033000,-0.002000,0.000000,-0.006000,0.019000,-0.030000,-2.300000,0.043706,1.154081,-0.669769,-0.083384,-0.373792,-0.090093
9.5674,26.7530,0.000000,0.012000,-0.703000,0.000000,-0.525000,1.033000,-0.002000,0.000000,-0.006000,0.019000,-0.030000,-2.300000,0.043706,1.154081,-0.669769,-0.083384,-0.373792,-0.090093
9.5695,26.5240,0.000000,0.012000,-0.703000,0.000000,-0.525000,1.033000,-0.002000,0.000000,0.000000,-0.005000,-0.030000,-2.300000,0.043706,1.162350,-0.685125,-0.081467,-0.373792,-0.090093
9.5715,26.2940,0.000000,0.012000,-0.703000,0.000000,-0.525000,1.017000,-0.002000,0.000000,0.000000,-0.005000,-0.030000,-2.299000,0.043706,1.162350,-0.685125,-0.081467,-0.373792,-0.089135
9.5736,26.0670,0.000000,0.012000,-0.703000,0.000000,-0.525000,1.017000,-0.002000,0.000000,0.000000,-0.005000,-0.030000,-2.299000,0.043706,1.162350,-0.685125,-0.081467,-0.373792,-0.089135
9.5757,25.8370,0.000000,0.012000,-0.703000,0.000000,-0.524000,1.017000,-0.002000,0.000000,0.005000,0.009000,0.013000,-2.299000,0.034256,1.157625,-0.679219,-0.085301,-0.386251,-0.089135
9.5777,25.6100,0.000000,0.012000,-0.703000,0.000000,-0.524000,1.017000,-0.002000,0.000000,0.005000,0.009000,0.013000,-2.299000,0.034256,1.157625,-0.679219,-0.085301,-0.386251,-0.089135
9.5801,25.3550,0.000000,0.012000,-0.703000,0.000000,-0.524000,1.001000,-0.004000,0.000000,0.005000,-0.015000,0.001000,-2.258000,0.037800,1.159987,-0.673312,-0.074758,-0.385293,-0.123639
9.5822,25.1280,0.000000,0.012000,-0.703000,0.000000,-0.524000,1.001000,-0.004000,0.000000,0.005000,-0.015000,0.001000,-2.258000,0.037800,1.159987,-0.673312,-0.074758,-0.385293,-0.123639
9.5843,24.8910,0.000000,0.012000,-0.703000,0.000000,-0.524000,1.001000,-0.004000,0.000000,0.005000,-0.015000,0.015000,-2.258000,0.037800,1.159987,-0.673312,-0.074758,-0.385293,-0.123639
9.5864,24.6670,0.000000,0.012000,-0.703000,0.000000,-0.524000,0.984000,-0.004000,0.000000,0.005000,-0.015000,0.015000,-2.274000,0.037800,1.159987,-0.673312,-0.074758,-0.385293,-0.131306
9.5888,24.4020,0.000000,0.012000,-0.703000,0.000000,-0.524000,0.984000,-0.004000,0.000000,0.005000,-0.015000,0.015000,-2.274000,0.037800,1.159987,-0.673312,-0.074758,-0.385293,-0.131306
9.5909,24.1790,0.000000,0.012000,-0.703000,0.000000,-0.524000,0.968000,-0.002000,0.002000,0.000000,0.011000,0.015000,-2.279000,0.040162,1.156444,-0.662681,-0.090093,-0.385293,-0.120763
9.5934,23.9160,0.000000,0.012000,-0.703000,0.000000,-0.524000,0.968000,-0.002000,0.002000,0.000000,0.011000,0.015000,-2.279000,0.040162,1.156444,-0.662681,-0.090093,-0.385293,-0.120763
9.5954,23.6960,0.000000,0.012000,-0.703000,0.000000,-0.525000,0.968000,0.000000,0.000000,-0.002000,0.013000,-0.017000,-2.279000,0.031894,1.163531,-0.681581,-0.076675,-0.381459,-0.120763
9.5975,23.4750,0.000000,0.012000,-0.703000,0.000000,-0.525000,0.968000,0.000000,0.000000,-0.002000,0.013000,-0.017000,-2.279000,0.031894,1.163531,-0.681581,-0.076675,-0.381459,-0.120763
9.5996,23.2490,0.000000,0.012000,-0.703000,0.000000,-0.525000,0.968000,0.001000,0.000000,-0.002000,0.013000,-0.019000,-2.279000,0.034256,1.163531,-0.681581,-0.076675,-0.365166,-0.120763
9.6017,23.0320,0.000000,0.012000,-0.703000,0.000000,-0.525000,0.952000,0.001000,0.000000,-0.002000,0.013000,-0.019000,-2.335000,0.034256,1.163531,-0.681581,-0.076675,-0.365166,-0.062299
9.6038,22.8090,0.000000,0.012000,-0.703000,0.000000,-0.525000,0.952000,0.001000,0.000000,-0.002000,0.013000,-0.019000,-2.335000,0.034256,1.169438,-0.681581,-0.076675,-0.365166,-0.062299
9.6058,22.5910,0.000000,0.012000,-0.703000,0.000000,-0.525000,0.937000,0.001000,0.000000,-0.002000,-0.009000,-0.019000,-2.249000,0.034256,1.169438,-0.686306,-0.063257,-0.365166,-0.108304
9.6079,22.3740,0.000000,0.012000,-0.703000,0.000000,-0.525000,0.937000,0.001000,0.000000,-0.002000,-0.009000,-0.019000,-2.249000,0.034256,1.169438,-0.686306,-0.063257,-0.365166,-0.108304
9.6100,22.1590,0.000000,0.012000,-0.703000,0.000000,-0.524000,0.921000,-0.001000,-0.002000,-0.001000,0.001000,0.003000,-2.226000,0.027169,1.167075,-0.669769,-0.076675,-0.384334,-0.112137
9.6120,21.9440,0.000000,0.012000,-0.703000,0.000000,-0.524000,0.921000,-0.001000,-0.002000,-0.001000,0.001000,0.003000,-2.226000,0.027169,1.167075,-0.669769,-0.076675,-0.384334,-0.112137
9.6141,21.7280,0.000000,0.012000,-0.703000,0.000000,-0.524000,0.921000,0.002000,-0.001000,0.000000,0.000000,0.003000,-2.226000,0.018900,1.168256,-0.648506,-0.092969,-0.384334,-0.112137
9.6162,21.5140,0.000000,0.012000,-0.703000,0.000000,-0.525000,0.921000,0.002000,-0.001000,0.000000,0.000000,-0.001000,-2.226000,0.018900,1.168256,-0.648506,-0.092969,-0.386251,-0.112137
9.6186,21.2650,0.000000,0.012000,-0.703000,0.000000,-0.525000,0.921000,0.002000,-0.001000,0.000000,0.000000,-0.034000,-2.226000,0.018900,1.168256,-0.648506,-0.092969,-0.373792,-0.112137
9.6207,21.0520,0.000000,0.012000,-0.703000,0.000000,-0.525000,0.905000,0.002000,-0.001000,0.000000,0.000000,-0.034000,-2.285000,0.018900,1.168256,-0.648506,-0.092969,-0.373792,-0.090093
9.6227,20.8410,0.000000,0.012000,-0.703000,0.000000,-0.525000,0.905000,0.002000,-0.001000,0.000000,0.000000,-0.034000,-2.285000,0.018900,1.168256,-0.648506,-0.092969,-0.373792,-0.090093
9.6249,20.6240,0.000000,0.012000,-0.703000,0.000000,-0.525000,0.889000,-0.002000,0.000000,0.006000,-0.026000,-0.034000,-2.258000,0.025987,1.154081,-0.669769,-0.074758,-0.373792,-0.069966
9.6269,20.4140,0.000000,0.012000,-0.703000,0.000000,-0.525000,0.889000,-0.002000,0.000000,0.006000,-0.026000,-0.034000,-2.258000,0.025987,1.154081,-0.669769,-0.074758,-0.373792,-0.069966
9.6290,20.2040,0.000000,0.012000,-0.703000,0.000000,-0.525000,0.889000,0.000000,-0.001000,0.000000,-0.003000,-0.011000,-2.258000,0.033075,1.157625,-0.653231,-0.069008,-0.369958,-0.069966
9.6311,19.9960,0.000000,0.012000,-0.703000,0.000000,-0.525000,0.889000,0.000000,-0.001000,0.000000,-0.003000,-0.011000,-2.258000,0.033075,1.157625,-0.653231,-0.069008,-0.369958,-0.069966
9.6332,19.7830,0.000000,0.012000,-0.703000,0.000000,-0.525000,0.889000,0.000000,-0.001000,0.000000,-0.003000,-0.011000,-2.258000,0.033075,1.157625,-0.653231,-0.069008,-0.369958,-0.069966
9.6354,19.5590,0.000000,0.012000,-0.703000,0.000000,-0.525000,0.873000,0.001000,-0.001000,0.000000,-0.003000,0.013000,-2.264000,0.015356,1.157625,-0.653231,-0.069008,-0.370916,-0.064215
9.6375,19.3530,0.000000,0.012000,-0.703000,0.000000,-0.525000,0.873000,0.001000,-0.001000,0.000000,-0.003000,0.013000,-2.264000,0.015356,1.157625,-0.653231,-0.069008,-0.370916,-0.064215
9.6397,19.1330,0.000000,0.012000,-0.703000,0.000000,-0.525000,0.873000,0.001000,0.002000,0.001000,-0.017000,0.013000,-2.264000,0.015356,1.155262,-0.662681,-0.069966,-0.370916,-0.064215
9.6418,18.9290,0.000000,0.012000,-0.703000,0.000000,-0.525000,0.858000,0.001000,0.002000,0.001000,-0.017000,0.013000,-2.193000,0.015356,1.155262,-0.662681,-0.069966,-0.370916,-0.170602
9.6443,18.6880,0.000000,0.012000,-0.703000,0.000000,-0.525000,0.858000,0.003000,0.002000,0.001000,0.011000,0.003000,-2.193000,0.023625,1.138725,-0.661500,-0.080509,-0.373792,-0.170602
9.6463,18.4860,0.000000,0.012000,-0.703000,0.000000,-0.525000,0.843000,0.003000,0.002000,0.001000,0.011000,0.003000,-2.220000,0.023625,1.138725,-0.661500,-0.080509,-0.373792,-0.126514
9.6486,18.2620,0.000000,0.012000,-0.703000,0.000000,-0.525000,0.843000,0.003000,0.002000,0.001000,0.011000,0.003000,-2.220000,0.023625,1.138725,-0.661500,-0.080509,-0.373792,-0.126514
9.6507,18.0650,0.000000,0.012000,-0.703000,0.000000,-0.525000,0.843000,-0.004000,0.003000,0.001000,-0.024000,0.007000,-2.220000,0.035438,1.164712,-0.676856,-0.060382,-0.372833,-0.126514
9.6527,17.8650,0.000000,0.012000,-0.703000,0.000000,-0.525000,0.843000,-0.004000,0.003000,0.001000,-0.024000,0.007000,-2.220000,0.035438,1.164712,-0.676856,-0.060382,-0.372833,-0.126514
9.6548,17.6670,0.000000,0.012000,-0.703000,0.000000,-0.525000,0.827000,-0.004000,0.003000,0.001000,-0.024000,-0.019000,-2.258000,0.035438,1.164712,-0.676856,-0.060382,-0.369958,-0.087218
9.6569,17.4700,0.000000,0.012000,-0.703000,0.000000,-0.525000,0.827000,-0.004000,0.003000,0.001000,-0.024000,-0.019000,-2.258000,0.035438,1.164712,-0.676856,-0.060382,-0.369958,-0.087218
9.6597,17.2010,0.000000,0.012000,-0.703000,0.000000,-0.525000,0.811000,0.005000,0.002000,-0.005000,0.005000,-0.019000,-2.118000,0.030713,1.159987,-0.665044,-0.076675,-0.369958,-0.148558
9.6617,17.0050,0.000000,0.012000,-0.703000,0.000000,-0.525000,0.811000,0.005000,0.002000,-0.005000,0.005000,-0.019000,-2.118000,0.030713,1.159987,-0.665044,-0.076675,-0.369958,-0.148558
9.6639,16.8040,0.000000,0.012000,-0.703000,0.000000,-0.525000,0.811000,0.000000,0.000000,-0.002000,0.005000,-0.019000,-2.118000,0.024806,1.163531,-0.649687,-0.076675,-0.369958,-0.148558
9.6660,16.6100,0.000000,0.012000,-0.703000,0.000000,-0.525000,0.811000,0.000000,0.000000,-0.002000,0.007000,0.024000,-2.118000,0.024806,1.163531,-0.649687,-0.069008,-0.375708,-0.148558
9.6681,16.4100,0.000000,0.012000,-0.703000,0.000000,-0.525000,0.811000,0.000000,0.000000,-0.002000,0.007000,0.024000,-2.118000,0.024806,1.163531,-0.649687,-0.069008,-0.375708,-0.148558
9.6703,16.2080,0.000000,0.012000,-0.703000,0.000000,-0.524000,0.796000,0.006000,0.000000,-0.002000,0.007000,0.009000,-2.185000,0.017719,1.163531,-0.649687,-0.069008,-0.382418,-0.135140
9.6723,16.0170,0.000000,0.012000,-0.703000,0.000000,-0.524000,0.796000,0.006000,0.000000,-0.002000,0.007000,0.009000,-2.185000,0.017719,1.163531,-0.649687,-0.069008,-0.382418,-0.135140
9.6749,15.7860,0.000000,0.012000,-0.703000,0.000000,-0.524000,0.781000,0.006000,0.000000,0.002000,0.005000,0.009000,-2.203000,0.017719,1.164712,-0.673312,-0.085301,-0.382418,-0.103512
9.6769,15.5970,0.000000,0.012000,-0.703000,0.000000,-0.524000,0.781000,0.006000,0.000000,0.002000,0.005000,0.009000,-2.203000,0.017719,1.164712,-0.673312,-0.085301,-0.382418,-0.103512
9.6792,15.3910,0.000000,0.012000,-0.703000,0.000000,-0.525000,0.781000,0.000000,0.003000,-0.005000,-0.007000,-0.001000,-2.203000,0.028350,1.156444,-0.667406,-0.063257,-0.372833,-0.103512
9.6812,15.2040,0.000000,0.012000,-0.703000,0.000000,-0.525000,0.765000,0.000000,0.003000,-0.005000,-0.007000,-0.001000,-2.191000,0.028350,1.156444,-0.667406,-0.063257,-0.372833,-0.095844
9.6834,15.0150,0.000000,0.012000,-0.703000,0.000000,-0.525000,0.765000,0.000000,0.001000,0.000000,0.003000,-0.001000,-2.191000,0.024806,1.172981,-0.668588,-0.074758,-0.372833,-0.095844
9.6854,14.8300,0.000000,0.012000,-0.703000,0.000000,-0.525000,0.765000,0.000000,0.001000,0.000000,0.003000,-0.015000,-2.191000,0.024806,1.172981,-0.668588,-0.074758,-0.375708,-0.095844
9.6875,14.6450,0.000000,0.012000,-0.703000,0.000000,-0.525000,0.765000,0.000000,0.001000,0.000000,0.003000,-0.015000,-2.191000,0.024806,1.172981,-0.668588,-0.074758,-0.375708,-0.095844
9.6896,14.4560,0.000000,0.012000,-0.703000,0.000000,-0.525000,0.750000,0.000000,0.001000,0.000000,0.003000,-0.040000,-2.162000,0.024806,1.172981,-0.668588,-0.074758,-0.363249,-0.129389
9.6917,14.2760,0.000000,0.012000,-0.703000,0.000000,-0.525000,0.750000,0.000000,0.001000,0.000000,0.003000,-0.040000,-2.162000,0.024806,1.172981,-0.668588,-0.074758,-0.363249,-0.129389
9.6938,14.0920,0.000000,0.012000,-0.703000,0.000000,-0.525000,0.750000,-0.002000,0.000000,0.000000,0.003000,-0.040000,-2.162000,0.028350,1.156444,-0.668588,-0.074758,-0.363249,-0.129389
9.6958,13.9130,0.000000,0.012000,-0.703000,0.000000,-0.525000,0.735000,-0.002000,0.000000,-0.008000,0.028000,-0.040000,-2.231000,0.028350,1.156444,-0.660319,-0.100636,-0.363249,-0.089135
9.6979,13.7340,0.000000,0.012000,-0.703000,0.000000,-0.525000,0.735000,-0.002000,0.000000,-0.008000,0.028000,-0.040000,-2.231000,0.028350,1.156444,-0.660319,-0.100636,-0.363249,-0.089135
9.6999,13.5560,0.000000,0.012000,-0.703000,0.000000,-0.524000,0.735000,-0.002000,-0.001000,0.002000,-0.038000,0.003000,-2.231000,0.029531,1.169438,-0.650869,-0.055590,-0.373792,-0.089135
9.7020,13.3790,0.000000,0.012000,-0.703000,0.000000,-0.524000,0.735000,-0.002000,-0.001000,0.002000,-0.038000,0.003000,-2.231000,0.029531,1.169438,-0.650869,-0.055590,-0.373792,-0.089135
9.7041,13.2020,0.000000,0.012000,-0.703000,0.000000,-0.525000,0.735000,-0.003000,-0.001000,0.002000,-0.038000,-0.030000,-2.231000,0.030713,1.169438,-0.650869,-0.055590,-0.348872,-0.089135
9.7061,13.0270,0.000000,0.012000,-0.703000,0.000000,-0.525000,0.720000,-0.003000,-0.001000,0.002000,-0.038000,-0.030000,-2.166000,0.030713,1.169438,-0.650869,-0.055590,-0.348872,-0.095844
9.7082,12.8500,0.000000,0.012000,-0.703000,0.000000,-0.525000,0.720000,-0.003000,-0.001000,0.002000,-0.038000,-0.030000,-2.166000,0.030713,1.169438,-0.650869,-0.055590,-0.348872,-0.095844
9.7105,12.6640,0.000000,0.012000,-0.703000,0.000000,-0.525000,0.705000,-0.003000,0.000000,-0.005000,0.026000,-0.030000,-2.111000,0.030713,1.157625,-0.662681,-0.066132,-0.348872,-0.101595
9.7125,12.4910,0.000000,0.012000,-0.703000,0.000000,-0.525000,0.705000,-0.003000,0.000000,-0.005000,0.026000,-0.030000,-2.111000,0.030713,1.157625,-0.662681,-0.066132,-0.348872,-0.101595
9.7146,12.3180,0.000000,0.012000,-0.703000,0.000000,-0.525000,0.690000,0.001000,-0.001000,0.006000,-0.001000,0.013000,-2.178000,0.008269,1.159987,-0.657956,-0.074758,-0.375708,-0.089135
9.7167,12.1500,0.000000,0.012000,-0.703000,0.000000,-0.525000,0.690000,0.001000,-0.001000,0.006000,-0.001000,0.013000,-2.178000,0.008269,1.159987,-0.657956,-0.074758,-0.375708,-0.089135
9.7187,11.9810,0.000000,0.012000,-0.703000,0.000000,-0.525000,0.690000,0.002000,0.000000,0.006000,-0.001000,0.013000,-2.178000,0.027169,1.167075,-0.657956,-0.074758,-0.375708,-0.089135
9.7208,11.8130,0.000000,0.012000,-0.703000,0.000000,-0.525000,0.690000,0.002000,0.000000,-0.003000,-0.007000,0.009000,-2.178000,0.027169,1.167075,-0.681581,-0.081467,-0.379542,-0.089135
9.7229,11.6460,0.000000,0.012000,-0.703000,0.000000,-0.525000,0.690000,0.002000,0.000000,-0.003000,-0.007000,0.009000,-2.178000,0.027169,1.167075,-0.681581,-0.081467,-0.379542,-0.089135
9.7254,11.4440,0.000000,0.012000,-0.703000,0.000000,-0.525000,0.675000,0.002000,0.000000,-0.003000,-0.007000,-0.003000,-2.080000,0.027169,1.167075,-0.681581,-0.081467,-0.360373,-0.092969
9.7274,11.2790,0.000000,0.012000,-0.703000,0.000000,-0.525000,0.675000,0.002000,0.000000,-0.003000,-0.007000,-0.003000,-2.080000,0.027169,1.167075,-0.681581,-0.081467,-0.360373,-0.092969
9.7295,11.1150,0.000000,0.012000,-0.703000,0.000000,-0.525000,0.675000,-0.003000,0.001000,0.000000,0.005000,-0.003000,-2.080000,0.040162,1.158806,-0.673312,-0.066132,-0.360373,-0.092969
9.7316,10.9520,0.000000,0.012000,-0.703000,0.000000,-0.525000,0.660000,-0.003000,0.001000,0.000000,0.005000,-0.003000,-2.147000,0.040162,1.158806,-0.673312,-0.066132,-0.360373,-0.077634
9.7337,10.7880,0.000000,0.012000,-0.703000,0.000000,-0.525000,0.660000,-0.005000,0.000000,-0.005000,0.005000,-0.003000,-2.147000,0.035438,1.158806,-0.665044,-0.066132,-0.360373,-0.077634
9.7357,10.6270,0.000000,0.012000,-0.703000,0.000000,-0.525000,0.660000,-0.005000,0.000000,-0.005000,-0.023000,0.034000,-2.147000,0.035438,1.158806,-0.665044,-0.057506,-0.356540,-0.077634
9.7378,10.4680,0.000000,0.012000,-0.703000,0.000000,-0.525000,0.660000,-0.005000,0.000000,-0.005000,-0.023000,0.034000,-2.147000,0.035438,1.158806,-0.665044,-0.057506,-0.356540,-0.077634
9.7399,10.3100,0.000000,0.012000,-0.703000,0.000000,-0.525000,0.645000,-0.004000,0.000000,-0.005000,0.038000,-0.013000,-2.088000,0.029531,1.158806,-0.665044,-0.103512,-0.366124,-0.104470
9.7419,10.1520,0.000000,0.012000,-0.703000,0.000000,-0.525000,0.645000,-0.004000,0.000000,-0.005000,0.038000,-0.013000,-2.088000,0.029531,1.158806,-0.665044,-0.103512,-0.366124,-0.104470
9.7446,9.9520,0.000000,0.012000,-0.703000,0.000000,-0.525000,0.630000,-0.004000,0.001000,-0.001000,0.038000,-0.013000,-2.118000,0.029531,1.167075,-0.689850,-0.103512,-0.366124,-0.095844
9.7467,9.7960,0.000000,0.012000,-0.703000,0.000000,-0.525000,0.630000,-0.004000,0.001000,-0.001000,0.038000,-0.013000,-2.118000,0.029531,1.167075,-0.689850,-0.103512,-0.366124,-0.095844
9.7487,9.6430,0.000000,0.012000,-0.703000,0.000000,-0.525000,0.630000,0.001000,-0.001000,-0.001000,0.038000,-0.013000,-2.118000,0.011813,1.157625,-0.689850,-0.103512,-0.366124,-0.095844
9.7508,9.4900,0.000000,0.012000,-0.703000,0.000000,-0.525000,0.616000,0.001000,-0.001000,-0.010000,-0.005000,0.001000,-2.074000,0.011813,1.157625,-0.679219,-0.083384,-0.366124,-0.105428
9.7529,9.3380,0.000000,0.012000,-0.703000,0.000000,-0.525000,0.616000,0.001000,-0.001000,-0.010000,-0.005000,0.001000,-2.074000,0.011813,1.157625,-0.679219,-0.083384,-0.366124,-0.105428
9.7550,9.1850,0.000000,0.012000,-0.703000,0.000000,-0.525000,0.616000,0.007000,0.000000,0.001000,-0.005000,0.011000,-2.074000,0.024806,1.162350,-0.675675,-0.078592,-0.370916,-0.105428
9.7570,9.0360,0.000000,0.012000,-0.703000,0.000000,-0.525000,0.616000,0.007000,0.000000,0.001000,-0.005000,0.011000,-2.074000,0.024806,1.162350,-0.675675,-0.078592,-0.370916,-0.105428
9.7595,8.8610,0.000000,0.012000,-0.703000,0.000000,-0.525000,0.601000,0.007000,0.000000,0.001000,-0.005000,0.001000,-2.034000,0.024806,1.162350,-0.675675,-0.078592,-0.358457,-0.073800
9.7615,8.7150,0.000000,0.012000,-0.703000,0.000000,-0.525000,0.601000,0.007000,0.000000,0.001000,-0.005000,0.001000,-2.034000,0.024806,1.162350,-0.675675,-0.078592,-0.358457,-0.073800
9.7636,8.5700,0.000000,0.012000,-0.703000,0.000000,-0.525000,0.601000,0.007000,0.000000,0.001000,-0.005000,0.001000,-2.034000,0.024806,1.162350,-0.675675,-0.078592,-0.358457,-0.073800
9.7656,8.4250,0.000000,0.012000,-0.703000,0.000000,-0.525000,0.587000,0.005000,-0.002000,0.002000,0.000000,0.001000,-2.103000,0.025987,1.146994,-0.665044,-0.070925,-0.358457,-0.119805
9.7677,8.2840,0.000000,0.012000,-0.703000,0.000000,-0.525000,0.587000,0.005000,-0.002000,0.002000,0.000000,0.001000,-2.103000,0.025987,1.146994,-0.665044,-0.070925,-0.358457,-0.119805
9.7699,8.1310,0.000000,0.012000,-0.703000,0.000000,-0.525000,0.587000,-0.002000,-0.002000,0.000000,0.042000,0.017000,-2.103000,0.041344,1.168256,-0.678037,-0.115971,-0.366124,-0.119805
9.7720,7.9890,0.000000,0.012000,-0.703000,0.000000,-0.525000,0.587000,-0.002000,-0.002000,0.000000,0.042000,0.017000,-2.103000,0.041344,1.168256,-0.678037,-0.115971,-0.366124,-0.119805
9.7742,7.8390,0.000000,0.012000,-0.703000,0.000000,-0.524000,0.587000,0.008000,-0.002000,0.000000,0.023000,0.042000,-2.103000,0.030713,1.168256,-0.678037,-0.118847,-0.357498,-0.119805
9.7762,7.7000,0.000000,0.012000,-0.703000,0.000000,-0.524000,0.573000,0.008000,-0.002000,0.000000,0.023000,0.042000,-2.019000,0.030713,1.168256,-0.678037,-0.118847,-0.357498,-0.151434
9.7784,7.5540,0.000000,0.012000,-0.703000,0.000000,-0.524000,0.573000,0.008000,-0.002000,0.000000,0.023000,0.042000,-2.019000,0.030713,1.168256,-0.678037,-0.118847,-0.357498,-0.151434
9.7805,7.4170,0.000000,0.012000,-0.703000,0.000000,-0.525000,0.559000,0.008000,-0.002000,-0.001000,0.023000,0.013000,-2.040000,0.030713,1.154081,-0.662681,-0.118847,-0.357498,-0.099678
9.7826,7.2810,0.000000,0.012000,-0.703000,0.000000,-0.525000,0.559000,0.008000,-0.002000,-0.001000,0.023000,0.013000,-2.040000,0.030713,1.154081,-0.662681,-0.118847,-0.357498,-0.099678
9.7846,7.1470,0.000000,0.012000,-0.703000,0.000000,-0.525000,0.559000,0.007000,0.002000,-0.001000,-0.028000,0.013000,-2.040000,0.041344,1.155262,-0.662681,-0.072841,-0.357498,-0.099678
9.7867,7.0150,0.000000,0.012000,-0.703000,0.000000,-0.525000,0.544000,0.007000,0.002000,-0.001000,-0.028000,0.013000,-2.011000,0.041344,1.155262,-0.662681,-0.072841,-0.357498,-0.093927
9.7892,6.8560,0.000000,0.012000,-0.703000,0.000000,-0.525000,0.544000,0.000000,0.000000,0.002000,-0.028000,0.013000,-2.011000,0.041344,1.161169,-0.669769,-0.072841,-0.357498,-0.093927
9.7912,6.7250,0.000000,0.012000,-0.703000,0.000000,-0.525000,0.544000,0.000000,0.000000,0.002000,0.005000,-0.013000,-2.011000,0.041344,1.161169,-0.669769,-0.067091,-0.345997,-0.093927
9.7934,6.5920,0.000000,0.012000,-0.703000,0.000000,-0.525000,0.544000,0.000000,0.000000,0.002000,0.005000,-0.013000,-2.011000,0.041344,1.161169,-0.669769,-0.067091,-0.345997,-0.093927
9.7954,6.4630,0.000000,0.012000,-0.703000,0.000000,-0.525000,0.531000,0.000000,0.000000,0.002000,0.005000,0.013000,-1.930000,0.041344,1.161169,-0.669769,-0.067091,-0.354623,-0.126514
9.7975,6.3360,0.000000,0.012000,-0.703000,0.000000,-0.525000,0.531000,0.000000,0.000000,0.002000,0.005000,0.013000,-1.930000,0.041344,1.161169,-0.669769,-0.067091,-0.354623,-0.126514
9.7999,6.1880,0.000000,0.012000,-0.703000,0.000000,-0.525000,0.517000,0.002000,0.000000,0.002000,0.001000,0.013000,-1.996000,0.027169,1.155262,-0.668588,-0.091052,-0.354623,-0.086260
9.8020,6.0630,0.000000,0.012000,-0.703000,0.000000,-0.525000,0.517000,0.002000,0.000000,0.002000,0.001000,0.013000,-1.996000,0.027169,1.155262,-0.668588,-0.091052,-0.354623,-0.086260
9.8041,5.9400,0.000000,0.012000,-0.703000,0.000000,-0.525000,0.517000,0.007000,0.000000,-0.002000,0.023000,0.005000,-1.996000,0.025987,1.154081,-0.672131,-0.103512,-0.359415,-0.086260
9.8061,5.8180,0.000000,0.012000,-0.703000,0.000000,-0.525000,0.517000,0.007000,0.000000,-0.002000,0.023000,0.005000,-1.996000,0.025987,1.154081,-0.672131,-0.103512,-0.359415,-0.086260
9.8084,5.6830,0.000000,0.012000,-0.703000,0.000000,-0.525000,0.517000,0.007000,0.000000,-0.002000,0.023000,0.005000,-1.996000,0.025987,1.154081,-0.672131,-0.103512,-0.359415,-0.086260
9.8105,5.5640,0.000000,0.012000,-0.703000,0.000000,-0.525000,0.502000,0.005000,0.000000,-0.002000,-0.026000,-0.005000,-2.003000,0.040162,1.154081,-0.672131,-0.064215,-0.359415,-0.076675
9.8126,5.4450,0.000000,0.012000,-0.703000,0.000000,-0.525000,0.502000,0.005000,0.000000,-0.002000,-0.026000,-0.005000,-2.003000,0.040162,1.154081,-0.672131,-0.064215,-0.359415,-0.076675
9.8147,5.3270,0.000000,0.012000,-0.703000,0.000000,-0.525000,0.489000,0.005000,0.000000,-0.001000,-0.026000,-0.007000,-1.930000,0.040162,1.168256,-0.683944,-0.064215,-0.346955,-0.118847
9.8167,5.2110,0.000000,0.012000,-0.703000,0.000000,-0.525000,0.489000,0.005000,0.000000,-0.001000,-0.026000,-0.007000,-1.930000,0.040162,1.168256,-0.683944,-0.064215,-0.346955,-0.118847
9.8192,5.0750,0.000000,0.012000,-0.703000,0.000000,-0.525000,0.489000,-0.003000,0.000000,0.003000,-0.003000,-0.007000,-1.930000,0.046069,1.170619,-0.678037,-0.069966,-0.346955,-0.118847
9.8212,4.9610,0.000000,0.012000,-0.703000,0.000000,-0.525000,0.475000,-0.003000,0.000000,0.003000,-0.003000,-0.007000,-1.950000,0.046069,1.170619,-0.678037,-0.069966,-0.346955,-0.112137
9.8236,4.8360,0.000000,0.012000,-0.703000,0.000000,-0.525000,0.475000,-0.003000,0.000000,0.003000,-0.003000,-0.007000,-1.950000,0.046069,1.170619,-0.678037,-0.069966,-0.346955,-0.112137
9.8256,4.7250,0.000000,0.012000,-0.703000,0.000000,-0.525000,0.475000,0.000000,-0.001000,-0.002000,0.001000,0.011000,-1.950000,0.035438,1.155262,-0.680400,-0.092969,-0.351747,-0.112137
9.8277,4.6160,0.000000,0.012000,-0.703000,0.000000,-0.525000,0.475000,0.000000,-0.001000,-0.002000,0.001000,0.011000,-1.950000,0.035438,1.155262,-0.680400,-0.092969,-0.351747,-0.112137
9.8298,4.5070,0.000000,0.012000,-0.703000,0.000000,-0.525000,0.462000,0.000000,-0.001000,-0.002000,0.001000,-0.007000,-1.905000,0.035438,1.155262,-0.680400,-0.092969,-0.350789,-0.109262
9.8318,4.4000,0.000000,0.012000,-0.703000,0.000000,-0.525000,0.462000,0.000000,-0.001000,-0.002000,0.001000,-0.007000,-1.905000,0.035438,1.155262,-0.680400,-0.092969,-0.350789,-0.109262
9.8339,4.2940,0.000000,0.012000,-0.703000,0.000000,-0.525000,0.462000,0.010000,0.000000,0.002000,0.001000,-0.007000,-1.905000,0.014175,1.171800,-0.668588,-0.092969,-0.350789,-0.109262
9.8360,4.1890,0.000000,0.012000,-0.703000,0.000000,-0.525000,0.449000,0.010000,0.000000,0.002000,0.009000,-0.007000,-1.852000,0.014175,1.171800,-0.668588,-0.100636,-0.350789,-0.104470
9.8388,4.0460,0.000000,0.012000,-0.703000,0.000000,-0.525000,0.449000,0.002000,0.000000,0.002000,0.009000,-0.007000,-1.852000,0.020081,1.171800,-0.668588,-0.100636,-0.350789,-0.104470
9.8409,3.9450,0.000000,0.012000,-0.703000,0.000000,-0.525000,0.449000,0.002000,-0.001000,-0.004000,-0.019000,-0.013000,-1.852000,0.020081,1.155262,-0.679219,-0.060382,-0.364207,-0.104470
9.8434,3.8240,0.000000,0.012000,-0.703000,0.000000,-0.525000,0.449000,0.005000,-0.001000,-0.004000,-0.019000,-0.013000,-1.852000,0.018900,1.155262,-0.679219,-0.060382,-0.364207,-0.104470
9.8454,3.7250,0.000000,0.012000,-0.703000,0.000000,-0.525000,0.435000,0.005000,-0.001000,-0.004000,0.000000,-0.007000,-1.911000,0.018900,1.155262,-0.679219,-0.068049,-0.336412,-0.054631
9.8475,3.6280,0.000000,0.012000,-0.703000,0.000000,-0.525000,0.435000,0.005000,-0.001000,-0.004000,0.000000,-0.007000,-1.911000,0.018900,1.155262,-0.679219,-0.068049,-0.336412,-0.054631
9.8500,3.5110,0.000000,0.012000,-0.703000,0.000000,-0.525000,0.435000,0.005000,-0.002000,0.002000,0.000000,-0.015000,-1.911000,0.018900,1.169438,-0.693394,-0.068049,-0.353664,-0.054631
9.8521,3.4160,0.000000,0.012000,-0.703000,0.000000,-0.525000,0.422000,0.005000,-0.002000,0.002000,0.000000,-0.015000,-1.909000,0.018900,1.169438,-0.693394,-0.068049,-0.353664,-0.085301
9.8542,3.3200,0.000000,0.012000,-0.703000,0.000000,-0.525000,0.422000,0.005000,0.001000,0.002000,-0.005000,-0.015000,-1.909000,0.023625,1.157625,-0.669769,-0.048880,-0.353664,-0.085301
9.8562,3.2270,0.000000,0.012000,-0.703000,0.000000,-0.525000,0.409000,0.005000,0.001000,0.002000,-0.005000,-0.015000,-1.817000,0.023625,1.157625,-0.669769,-0.048880,-0.353664,-0.130348
9.8584,3.1330,0.000000,0.012000,-0.703000,0.000000,-0.525000,0.409000,0.005000,0.001000,0.002000,-0.005000,-0.015000,-1.817000,0.023625,1.157625,-0.669769,-0.048880,-0.353664,-0.130348
9.8605,3.0430,0.000000,0.012000,-0.703000,0.000000,-0.525000,0.409000,-0.001000,0.000000,0.000000,0.024000,-0.001000,-1.817000,0.033075,1.180069,-0.662681,-0.073800,-0.358457,-0.130348
9.8625,2.9540,0.000000,0.012000,-0.703000,0.000000,-0.525000,0.409000,-0.001000,0.000000,0.000000,0.024000,-0.001000,-1.817000,0.033075,1.180069,-0.662681,-0.073800,-0.358457,-0.130348
9.8650,2.8520,0.000000,0.012000,-0.703000,0.000000,-0.525000,0.397000,0.000000,0.000000,0.000000,0.024000,-0.023000,-1.833000,0.031894,1.180069,-0.662681,-0.073800,-0.344080,-0.119805
9.8670,2.7670,0.000000,0.012000,-0.703000,0.000000,-0.525000,0.397000,0.000000,0.000000,0.000000,0.024000,-0.023000,-1.833000,0.031894,1.180069,-0.662681,-0.073800,-0.344080,-0.119805
9.8694,2.6670,0.000000,0.012000,-0.703000,0.000000,-0.525000,0.384000,0.000000,0.003000,0.000000,0.000000,-0.023000,-1.859000,0.031894,1.156444,-0.674494,-0.076675,-0.344080,-0.023003
9.8715,2.5840,0.000000,0.012000,-0.703000,0.000000,-0.525000,0.384000,0.000000,0.003000,0.000000,0.000000,-0.023000,-1.859000,0.031894,1.156444,-0.674494,-0.076675,-0.344080,-0.023003
9.8743,2.4740,0.000000,0.012000,-0.703000,0.000000,-0.525000,0.384000,-0.001000,0.002000,0.000000,0.024000,0.009000,-1.859000,0.038981,1.158806,-0.662681,-0.084343,-0.356540,-0.023003
9.8764,2.3940,0.000000,0.012000,-0.703000,0.000000,-0.525000,0.384000,-0.001000,0.002000,0.000000,0.024000,0.009000,-1.859000,0.038981,1.158806,-0.662681,-0.084343,-0.356540,-0.023003
9.8785,2.3120,0.000000,0.012000,-0.703000,0.000000,-0.525000,0.384000,0.002000,0.002000,0.000000,0.024000,0.009000,-1.859000,0.047250,1.158806,-0.662681,-0.084343,-0.356540,-0.023003
9.8806,2.2350,0.000000,0.012000,-0.703000,0.000000,-0.525000,0.371000,0.002000,-0.003000,0.000000,-0.067000,0.005000,-1.773000,0.047250,1.161169,-0.662681,-0.016293,-0.342163,-0.036421
9.8826,2.1590,0.000000,0.012000,-0.703000,0.000000,-0.525000,0.371000,0.002000,-0.003000,0.000000,-0.067000,0.005000,-1.773000,0.047250,1.161169,-0.662681,-0.016293,-0.342163,-0.036421
9.8847,2.0860,0.000000,0.012000,-0.703000,0.000000,-0.525000,0.359000,0.002000,-0.003000,0.005000,-0.067000,0.011000,-1.693000,0.047250,1.161169,-0.674494,-0.016293,-0.349831,-0.132265
9.8867,2.0120,0.000000,0.012000,-0.703000,0.000000,-0.525000,0.359000,0.002000,-0.003000,0.005000,-0.067000,0.011000,-1.693000,0.047250,1.161169,-0.674494,-0.016293,-0.349831,-0.132265
9.8888,1.9400,0.000000,0.012000,-0.703000,0.000000,-0.525000,0.359000,-0.002000,0.002000,-0.002000,-0.067000,0.011000,-1.693000,0.048431,1.156444,-0.672131,-0.016293,-0.349831,-0.132265
9.8908,1.8690,0.000000,0.012000,-0.703000,0.000000,-0.525000,0.347000,-0.002000,0.002000,-0.002000,0.044000,0.011000,-1.754000,0.048431,1.156444,-0.672131,-0.084343,-0.349831,-0.084343
9.8929,1.8000,0.000000,0.012000,-0.703000,0.000000,-0.525000,0.347000,-0.002000,0.002000,-0.002000,0.044000,0.011000,-1.754000,0.048431,1.156444,-0.672131,-0.084343,-0.349831,-0.084343
9.8950,1.7310,0.000000,0.012000,-0.703000,0.000000,-0.525000,0.347000,-0.004000,0.001000,-0.003000,-0.003000,-0.009000,-1.754000,0.042525,1.164712,-0.666225,-0.076675,-0.351747,-0.084343
9.8971,1.6640,0.000000,0.012000,-0.703000,0.000000,-0.525000,0.347000,-0.004000,0.001000,-0.003000,-0.003000,-0.009000,-1.754000,0.042525,1.164712,-0.666225,-0.076675,-0.351747,-0.084343
9.8995,1.5870,0.000000,0.012000,-0.703000,0.000000,-0.525000,0.347000,-0.005000,0.001000,-0.003000,-0.003000,-0.009000,-1.754000,0.021263,1.164712,-0.666225,-0.076675,-0.351747,-0.084343
9.9016,1.5220,0.000000,0.012000,-0.703000,0.000000,-0.525000,0.334000,-0.005000,0.001000,-0.003000,-0.003000,-0.001000,-1.719000,0.021263,1.164712,-0.666225,-0.076675,-0.345997,-0.082426
9.9038,1.4550,0.000000,0.012000,-0.703000,0.000000,-0.525000,0.334000,-0.005000,0.001000,-0.003000,-0.003000,-0.001000,-1.719000,0.021263,1.164712,-0.666225,-0.076675,-0.345997,-0.082426
9.9058,1.3940,0.000000,0.012000,-0.703000,0.000000,-0.525000,0.322000,-0.005000,0.000000,0.002000,0.030000,-0.001000,-1.746000,0.021263,1.170619,-0.672131,-0.101595,-0.345997,-0.049839
9.9079,1.3330,0.000000,0.012000,-0.703000,0.000000,-0.525000,0.322000,-0.005000,0.000000,0.002000,0.030000,-0.001000,-1.746000,0.021263,1.170619,-0.672131,-0.101595,-0.345997,-0.049839
9.9101,1.2710,0.000000,0.012000,-0.703000,0.000000,-0.525000,0.322000,0.001000,0.000000,0.000000,-0.021000,-0.007000,-1.746000,0.018900,1.168256,-0.656775,-0.069008,-0.339288,-0.049839
9.9121,1.2130,0.000000,0.012000,-0.703000,0.000000,-0.525000,0.322000,0.001000,0.000000,0.000000,-0.021000,-0.007000,-1.746000,0.018900,1.168256,-0.656775,-0.069008,-0.339288,-0.049839
9.9143,1.1550,0.000000,0.012000,-0.703000,0.000000,-0.525000,0.322000,0.008000,0.000000,0.000000,-0.021000,-0.007000,-1.746000,0.012994,1.162350,-0.656775,-0.069008,-0.339288,-0.049839
9.9163,1.1010,0.000000,0.012000,-0.703000,0.000000,-0.525000,0.311000,0.008000,0.000000,0.000000,0.000000,0.028000,-1.633000,0.012994,1.162350,-0.656775,-0.077634,-0.356540,-0.145683
9.9186,1.0420,0.000000,0.012000,-0.703000,0.000000,-0.525000,0.311000,0.008000,0.000000,0.000000,0.000000,0.028000,-1.633000,0.012994,1.162350,-0.656775,-0.077634,-0.356540,-0.145683
9.9207,0.9900,0.000000,0.012000,-0.703000,0.000000,-0.525000,0.299000,0.008000,0.000000,0.000000,0.000000,0.003000,-1.712000,0.012994,1.162350,-0.674494,-0.077634,-0.342163,-0.055590
9.9227,0.9390,0.000000,0.012000,-0.703000,0.000000,-0.525000,0.299000,0.008000,0.000000,0.000000,0.000000,0.003000,-1.712000,0.012994,1.162350,-0.674494,-0.077634,-0.342163,-0.055590
9.9248,0.8900,0.000000,0.012000,-0.703000,0.000000,-0.525000,0.299000,0.005000,-0.003000,0.000000,0.000000,0.003000,-1.712000,0.022444,1.149356,-0.656775,-0.077634,-0.342163,-0.055590
9.9269,0.8420,0.000000,0.012000,-0.703000,0.000000,-0.525000,0.288000,0.005000,-0.003000,0.000000,0.001000,0.003000,-1.658000,0.022444,1.149356,-0.656775,-0.092969,-0.342163,-0.115013
9.9294,0.7850,0.000000,0.012000,-0.703000,0.000000,-0.525000,0.288000,0.000000,0.001000,0.000000,0.000000,0.001000,-1.658000,0.035438,1.159987,-0.654412,-0.092010,-0.346955,-0.115013
9.9315,0.7400,0.000000,0.012000,-0.703000,0.000000,-0.525000,0.288000,0.000000,0.001000,0.000000,0.000000,0.001000,-1.658000,0.035438,1.159987,-0.654412,-0.092010,-0.346955,-0.115013
9.9335,0.6950,0.000000,0.012000,-0.703000,0.000000,-0.525000,0.288000,0.000000,0.001000,0.000000,0.000000,0.001000,-1.658000,0.035438,1.159987,-0.654412,-0.092010,-0.346955,-0.115013
9.9356,0.6530,0.000000,0.012000,-0.703000,0.000000,-0.525000,0.276000,-0.002000,0.001000,0.000000,0.000000,-0.023000,-1.581000,0.023625,1.159987,-0.654412,-0.092010,-0.328745,-0.080509
9.9377,0.6120,0.000000,0.012000,-0.703000,0.000000,-0.525000,0.276000,-0.002000,0.001000,0.000000,0.000000,-0.023000,-1.581000,0.023625,1.159987,-0.654412,-0.092010,-0.328745,-0.080509
9.9398,0.5710,0.000000,0.012000,-0.703000,0.000000,-0.525000,0.265000,-0.002000,0.000000,0.000000,-0.005000,-0.023000,-1.512000,0.023625,1.159987,-0.667406,-0.090093,-0.328745,-0.128431
9.9418,0.5330,0.000000,0.012000,-0.703000,0.000000,-0.525000,0.265000,-0.002000,0.000000,0.000000,-0.005000,-0.023000,-1.512000,0.023625,1.159987,-0.667406,-0.090093,-0.328745,-0.128431
9.9439,0.4950,0.000000,0.012000,-0.703000,0.000000,-0.525000,0.265000,-0.004000,0.002000,0.003000,-0.009000,0.011000,-1.512000,0.029531,1.161169,-0.673312,-0.068049,-0.341205,-0.128431
9.9460,0.4590,0.000000,0.012000,-0.703000,0.000000,-0.525000,0.265000,-0.004000,0.002000,0.003000,-0.009000,0.011000,-1.512000,0.029531,1.161169,-0.673312,-0.068049,-0.341205,-0.128431
9.9484,0.4200,0.000000,0.012000,-0.703000,0.000000,-0.525000,0.265000,-0.004000,0.002000,0.003000,-0.009000,0.011000,-1.512000,0.029531,1.161169,-0.673312,-0.068049,-0.341205,-0.128431
9.9504,0.3870,0.000000,0.012000,-0.703000,0.000000,-0.525000,0.254000,-0.011000,0.004000,0.003000,0.005000,0.005000,-1.597000,0.043706,1.159987,-0.673312,-0.094886,-0.344080,-0.079551
9.9525,0.3550,0.000000,0.012000,-0.703000,0.000000,-0.525000,0.254000,-0.011000,0.004000,0.003000,0.005000,0.005000,-1.597000,0.043706,1.159987,-0.673312,-0.094886,-0.344080,-0.079551
9.9550,0.3180,0.000000,0.012000,-0.703000,0.000000,-0.525000,0.243000,-0.011000,0.004000,-0.002000,0.005000,-0.030000,-1.549000,0.043706,1.159987,-0.663863,-0.094886,-0.349831,-0.101595
9.9571,0.2900,0.000000,0.012000,-0.703000,0.000000,-0.525000,0.243000,-0.011000,0.004000,-0.002000,0.005000,-0.030000,-1.549000,0.043706,1.159987,-0.663863,-0.094886,-0.349831,-0.101595
9.9592,0.2620,0.000000,0.012000,-0.703000,0.000000,-0.525000,0.243000,-0.002000,0.000000,-0.002000,0.005000,-0.030000,-1.549000,0.034256,1.164712,-0.663863,-0.094886,-0.349831,-0.101595
9.9612,0.2370,0.000000,0.012000,-0.703000,0.000000,-0.525000,0.233000,-0.002000,0.000000,0.006000,-0.021000,-0.030000,-1.441000,0.034256,1.164712,-0.666225,-0.062299,-0.349831,-0.137057
9.9633,0.2110,0.000000,0.012000,-0.703000,0.000000,-0.525000,0.233000,-0.002000,0.000000,0.006000,-0.021000,-0.030000,-1.441000,0.034256,1.164712,-0.666225,-0.062299,-0.349831,-0.137057
9.9654,0.1880,0.000000,0.012000,-0.703000,0.000000,-0.525000,0.233000,0.007000,-0.003000,-0.001000,0.036000,-0.007000,-1.441000,0.035438,1.164712,-0.672131,-0.096802,-0.335454,-0.137057
9.9675,0.1660,0.000000,0.012000,-0.703000,0.000000,-0.525000,0.233000,0.007000,-0.003000,-0.001000,0.036000,-0.007000,-1.441000,0.035438,1.164712,-0.672131,-0.096802,-0.335454,-0.137057
9.9695,0.1460,0.000000,0.012000,-0.703000,0.000000,-0.525000,0.233000,-0.010000,-0.003000,-0.001000,0.036000,-0.007000,-1.441000,0.056700,1.164712,-0.672131,-0.096802,-0.335454,-0.137057
9.9716,0.1270,0.000000,0.012000,-0.703000,0.000000,-0.525000,0.223000,-0.010000,-0.003000,-0.001000,0.036000,0.009000,-1.510000,0.056700,1.164712,-0.672131,-0.096802,-0.352706,-0.102553
9.9743,0.1040,0.000000,0.012000,-0.703000,0.000000,-0.525000,0.212000,-0.010000,0.000000,0.002000,-0.036000,0.009000,-1.440000,0.056700,1.139906,-0.655594,-0.054631,-0.352706,-0.078592
9.9764,0.0870,0.000000,0.012000,-0.703000,0.000000,-0.525000,0.212000,-0.010000,0.000000,0.002000,-0.036000,0.009000,-1.440000,0.056700,1.139906,-0.655594,-0.054631,-0.352706,-0.078592
9.9785,0.0730,0.000000,0.012000,-0.703000,0.000000,-0.525000,0.212000,-0.010000,0.000000,0.002000,-0.036000,0.009000,-1.440000,0.056700,1.139906,-0.655594,-0.054631,-0.352706,-0.078592
9.9805,0.0590,0.000000,0.012000,-0.703000,0.000000,-0.525000,0.212000,-0.020000,0.000000,0.000000,0.001000,-0.011000,-1.440000,0.054337,1.165894,-0.659137,-0.071883,-0.341205,-0.078592
9.9826,0.0470,0.000000,0.012000,-0.703000,0.000000,-0.525000,0.212000,-0.020000,0.000000,0.000000,0.001000,-0.011000,-1.440000,0.054337,1.165894,-0.659137,-0.071883,-0.341205,-0.078592
9.9849,0.0360,0.000000,0.012000,-0.703000,0.000000,-0.525000,0.212000,0.000000,-0.004000,0.000000,0.000000,-0.011000,-1.440000,0.025987,1.159987,-0.659137,-0.067091,-0.341205,-0.078592
9.9870,0.0260,0.000000,0.012000,-0.703000,0.000000,-0.525000,0.202000,0.000000,-0.004000,0.000000,0.000000,-0.013000,-1.426000,0.025987,1.159987,-0.659137,-0.067091,-0.336412,-0.046964
9.9891,0.0180,0.000000,0.012000,-0.703000,0.000000,-0.525000,0.202000,0.000000,-0.004000,-0.007000,0.000000,-0.013000,-1.426000,0.025987,1.159987,-0.674494,-0.067091,-0.336412,-0.046964
9.9912,0.0120,0.000000,0.012000,-0.703000,0.000000,-0.525000,0.193000,0.000000,-0.004000,-0.007000,0.000000,-0.001000,-1.330000,0.025987,1.159987,-0.674494,-0.067091,-0.336412,-0.075717
9.9936,0.0060,0.000000,0.012000,-0.703000,0.000000,-0.525000,0.193000,0.000000,-0.004000,-0.007000,0.000000,-0.001000,-1.330000,0.025987,1.159987,-0.674494,-0.067091,-0.336412,-0.075717
9.9957,0.0020,0.000000,0.012000,-0.703000,0.000000,-0.525000,0.193000,0.006000,-0.004000,-0.007000,0.000000,-0.001000,-1.330000,0.033075,1.159987,-0.674494,-0.067091,-0.336412,-0.075717
9.9978,0.0000,0.000000,0.012000,-0.703000,0.000000,-0.525000,0.183000,0.006000,0.000000,0.002000,-0.007000,-0.001000,-1.292000,0.033075,1.171800,-0.670950,-0.056548,-0.336412,-0.046005
