time_s,joint1_target_angle_rad,joint2_target_angle_rad,joint3_target_angle_rad,joint4_target_angle_rad,joint5_target_angle_rad,joint6_target_angle_rad,joint1_angle_rad,joint2_angle_rad,joint3_angle_rad,joint4_angle_rad,joint5_angle_rad,joint6_angle_rad,joint1_velocity_rad_s,joint2_velocity_rad_s,joint3_velocity_rad_s,joint4_velocity_rad_s,joint5_velocity_rad_s,joint6_velocity_rad_s,joint1_torque_nm,joint2_torque_nm,joint3_torque_nm,joint4_torque_nm,joint5_torque_nm,joint6_torque_nm,mode,excited_joint,freq_hz,amp_deg
0,0,0,-0.523599,0,0,0,0,-0.049,-0.483,0,0.3,0.003,-0.002,-0.004,0,0.003,0.04,-0.005,-0.005906,0.683944,-0.641419,0.033545,-1.00732,0.001917,single_joint_sine,1,0.3,30
0,0.000001,0,-0.523599,0,0,0,0,-0.049,-0.483,0,0.3,0.003,-0.002,0.002,-0.007,0.003,0.04,-0.013,-0.005906,0.6615,-0.635512,0.033545,-1.00732,0,single_joint_sine,1,0.3,30
0.0034,0.003356,0,-0.523599,0,0,0,0,-0.049,-0.483,0,0.301,0.003,-0.002,0,0,-0.007,0.019,0.019,-0.005906,0.681581,-0.643781,0.016293,-0.991985,-0.001917,single_joint_sine,1,0.3,30
0.0068,0.006706,0,-0.523599,0,0,0,0.002,-0.049,-0.483,0,0.301,0.003,0.662,0.003,-0.003,-0.013,0.019,0.019,0.653231,0.666225,-0.636694,0.020127,-0.991985,-0.001917,single_joint_sine,1,0.3,30
0.0102,0.010111,0,-0.523599,0,0,0,0.002,-0.049,-0.483,0,0.301,0.003,0.662,0.003,-0.003,-0.013,0.009,-0.015,0.653231,0.666225,-0.636694,0.020127,-0.987193,0.1476,single_joint_sine,1,0.3,30
0.0136,0.013466,0,-0.523599,0,0,0,0.007,-0.049,-0.483,0,0.301,0.003,0.673,0.003,-0.003,-0.013,0.021,-0.015,1.226137,0.666225,-0.636694,0.020127,-0.97665,0.1476,single_joint_sine,1,0.3,30
0.017,0.016812,0,-0.523599,0,0,0,0.007,-0.049,-0.483,0,0.301,0.003,0.673,0.033,-0.005,-0.059,0.021,-0.015,1.226137,0.59535,-0.631969,0.06134,-0.97665,0.1476,single_joint_sine,1,0.3,30
0.0205,0.020212,0,-0.523599,0,0,0,0.007,-0.049,-0.483,0,0.301,0.003,0.673,0.033,-0.005,-0.059,0.021,0.009,1.226137,0.59535,-0.631969,0.06134,-0.97665,-0.006709,single_joint_sine,1,0.3,30
0.024,0.023677,0,-0.523599,0,0,0,0.011,-0.049,-0.483,-0.001,0.301,0.003,0.583,0.008,0,-0.224,0.059,-0.107,1.513181,0.648506,-0.637875,0.217566,-0.995819,0.042171,single_joint_sine,1,0.3,30
0.0274,0.027021,0,-0.523599,0,0,0,0.016,-0.049,-0.483,-0.003,0.301,0.003,0.769,0.008,0,-0.174,0.028,-0.107,0.952087,0.648506,-0.637875,0.162935,-0.987193,0.042171,single_joint_sine,1,0.3,30
0.0308,0.030419,0,-0.523599,0,0,0,0.016,-0.049,-0.483,-0.003,0.301,0.003,0.769,0.008,0,-0.174,0.028,-0.107,0.952087,0.648506,-0.637875,0.162935,-0.987193,0.042171,single_joint_sine,1,0.3,30
0.0344,0.033964,0,-0.523599,0,0,0,0.016,-0.049,-0.483,-0.003,0.301,0.003,0.769,0.011,-0.001,-0.174,0.028,0.011,0.952087,0.648506,-0.6426,0.162935,-0.987193,0.063257,single_joint_sine,1,0.3,30
0.0378,0.037303,0,-0.523599,0,0,0,0.022,-0.049,-0.483,-0.003,0.301,0.003,0.857,0.012,-0.005,0.042,0.019,-0.011,0.721744,0.649687,-0.629606,0.037379,-0.979526,0.034504,single_joint_sine,1,0.3,30
0.0413,0.040688,0,-0.523599,0,0,0,0.022,-0.049,-0.483,-0.003,0.301,0.003,0.857,0.012,-0.005,0.042,0.019,-0.011,0.721744,0.649687,-0.629606,0.037379,-0.979526,0.034504,single_joint_sine,1,0.3,30
0.0448,0.044189,0,-0.523599,0,0,0,0.029,-0.048,-0.483,-0.002,0.301,0.003,0.988,0.005,0,0.113,-0.032,0.141,0.305944,0.654412,-0.628425,-0.026836,-0.960357,-0.054631,single_joint_sine,1,0.3,30
0.0482,0.047532,0,-0.523599,0,0,0,0.036,-0.048,-0.483,-0.002,0.301,0.003,0.974,0.005,0,0.113,-0.028,0.141,0.275231,0.654412,-0.628425,-0.026836,-0.952689,-0.054631,single_joint_sine,1,0.3,30
0.0516,0.05087,0,-0.523599,0,0,0,0.036,-0.048,-0.483,-0.002,0.301,0.003,0.974,0.003,0,0.113,-0.028,0.141,0.275231,0.6804,-0.628425,-0.026836,-0.952689,-0.054631,single_joint_sine,1,0.3,30
0.0551,0.054264,0,-0.523599,0,0,0,0.036,-0.048,-0.483,-0.002,0.301,0.003,0.974,0.003,0.002,0.03,-0.028,-0.036,0.275231,0.6804,-0.637875,0.002875,-0.952689,0.023961,single_joint_sine,1,0.3,30
0.0585,0.057598,0,-0.523599,0,0,0,0.043,-0.049,-0.483,-0.002,0.301,0.003,1.014,-0.009,0.003,0.038,0.036,0.003,0.216169,0.700481,-0.639056,-0.011501,-0.997736,0.013418,single_joint_sine,1,0.3,30
0.0619,0.060923,0,-0.523599,0,0,0,0.05,-0.049,-0.483,-0.001,0.301,0.003,0.985,-0.009,0,0.074,0.036,0.003,0.314213,0.700481,-0.631969,-0.015335,-0.997736,0.013418,single_joint_sine,1,0.3,30
0.0653,0.06432,0,-0.523599,0,0,0,0.05,-0.049,-0.483,-0.001,0.301,0.003,0.985,-0.009,0,0.074,0.044,0.003,0.314213,0.700481,-0.631969,-0.015335,-1.024572,0.013418,single_joint_sine,1,0.3,30
0.0687,0.067649,0,-0.523599,0,0,0,0.05,-0.049,-0.483,-0.001,0.301,0.003,0.985,-0.019,0,0.074,0.044,0.013,0.314213,0.741825,-0.631969,-0.015335,-1.024572,0.024919,single_joint_sine,1,0.3,30
0.0721,0.070974,0,-0.523599,0,0,0,0.057,-0.049,-0.483,-0.001,0.302,0.003,0.997,-0.017,0,0.026,0.095,-0.013,0.189,0.730012,-0.640238,0.001917,-1.045658,0.054631,single_joint_sine,1,0.3,30
0.0759,0.074666,0,-0.523599,0,0,0,0.057,-0.049,-0.483,-0.001,0.302,0.003,0.997,-0.017,0,0.026,0.095,-0.013,0.189,0.730012,-0.640238,0.001917,-1.045658,0.054631,single_joint_sine,1,0.3,30
0.0795,0.078169,0,-0.523599,0,0,0,0.064,-0.049,-0.483,-0.001,0.303,0.003,0.99,-0.012,-0.005,0.007,0.184,-0.013,0.174825,0.72765,-0.631969,0.026836,-1.105081,0,single_joint_sine,1,0.3,30
0.0829,0.081492,0,-0.523599,0,0,0,0.071,-0.049,-0.483,-0.001,0.304,0.003,0.962,-0.012,-0.005,0.007,0.08,-0.013,0.23625,0.72765,-0.631969,0.026836,-1.054284,0,single_joint_sine,1,0.3,30
0.0863,0.084796,0,-0.523599,0,0,0,0.071,-0.049,-0.483,-0.001,0.304,0.003,0.962,-0.012,-0.005,0.007,0.08,-0.013,0.23625,0.72765,-0.631969,0.026836,-1.054284,0,single_joint_sine,1,0.3,30
0.0898,0.088188,0,-0.523599,0,0,0,0.071,-0.049,-0.483,-0.001,0.304,0.003,0.962,-0.011,0,-0.053,0.08,0.026,0.23625,0.722925,-0.626062,0.095844,-1.054284,-0.023003,single_joint_sine,1,0.3,30
0.0932,0.091492,0,-0.523599,0,0,0,0.078,-0.049,-0.483,-0.002,0.304,0.003,1.043,-0.001,0.002,-0.034,0.005,0.021,0.0189,0.681581,-0.653231,0.027795,-0.947897,0.006709,single_joint_sine,1,0.3,30
0.0966,0.094785,0,-0.523599,0,0,0,0.085,-0.049,-0.483,-0.002,0.304,0.003,0.98,-0.001,0.002,-0.034,0.005,0.021,0.184275,0.681581,-0.653231,0.027795,-0.947897,0.006709,single_joint_sine,1,0.3,30
0.1001,0.098185,0,-0.523599,0,0,0,0.085,-0.049,-0.483,-0.002,0.303,0.003,0.98,-0.001,0,-0.005,-0.046,0.021,0.184275,0.681581,-0.621337,0.067091,-1.083037,0.006709,single_joint_sine,1,0.3,30
0.1035,0.101478,0,-0.523599,0,0,0,0.085,-0.049,-0.483,-0.002,0.303,0.003,0.98,-0.001,0,-0.005,-0.046,-0.023,0.184275,0.6804,-0.621337,0.067091,-1.083037,0.035462,single_joint_sine,1,0.3,30
0.1069,0.104759,0,-0.523599,0,0,0,0.092,-0.049,-0.483,-0.002,0.303,0.003,0.993,0,0.002,-0.005,-0.046,-0.023,0.154744,0.679219,-0.636694,0.067091,-1.083037,0.035462,single_joint_sine,1,0.3,30
0.1104,0.108136,0,-0.523599,0,0,0,0.092,-0.049,-0.483,-0.002,0.303,0.003,0.993,0,0.002,-0.032,-0.019,0.021,0.154744,0.679219,-0.636694,0.046005,-0.969941,-0.006709,single_joint_sine,1,0.3,30
0.1138,0.111416,0,-0.523599,0,0,0,0.099,-0.049,-0.483,-0.002,0.304,0.003,1.026,0,0.002,-0.044,0.03,0.023,0.043706,0.681581,-0.629606,0.065174,-0.975692,0,single_joint_sine,1,0.3,30
0.1172,0.11469,0,-0.523599,0,0,0,0.106,-0.049,-0.483,-0.002,0.304,0.003,0.97,0,0.002,-0.044,0.019,0.023,0.171281,0.681581,-0.629606,0.065174,-1.006362,0,single_joint_sine,1,0.3,30
0.1206,0.118009,0,-0.523599,0,0,0,0.106,-0.049,-0.483,-0.002,0.304,0.003,0.97,0,0.002,-0.044,0.019,0.023,0.171281,0.681581,-0.629606,0.065174,-1.006362,0,single_joint_sine,1,0.3,30
0.1244,0.121628,0,-0.523599,0,0,0,0.106,-0.049,-0.483,-0.003,0.304,0.003,0.97,0,0.001,-0.042,0.019,-0.026,0.171281,0.682762,-0.630787,0.065174,-1.006362,0.024919,single_joint_sine,1,0.3,30
0.1278,0.124889,0,-0.523599,0,0,0,0.113,-0.049,-0.483,-0.003,0.304,0.003,0.992,0.002,-0.002,-0.057,0.017,-0.003,0.127575,0.673312,-0.630787,0.057506,-0.997736,0.01246,single_joint_sine,1,0.3,30
0.1312,0.128189,0,-0.523599,0,0,0,0.113,-0.049,-0.483,-0.003,0.304,0.003,0.992,0.002,-0.002,-0.057,0.017,-0.003,0.127575,0.673312,-0.630787,0.057506,-0.997736,0.01246,single_joint_sine,1,0.3,30
0.1348,0.131633,0,-0.523599,0,0,0,0.12,-0.049,-0.483,-0.003,0.304,0.003,0.955,0.002,-0.003,0.03,0.046,-0.038,0.257512,0.673312,-0.643781,0.024919,-1.015946,0.011501,single_joint_sine,1,0.3,30
0.1382,0.134876,0,-0.523599,0,0,0,0.12,-0.049,-0.483,-0.003,0.304,0.003,0.955,0.002,-0.003,0.03,0.046,-0.038,0.257512,0.673312,-0.643781,0.024919,-1.015946,0.011501,single_joint_sine,1,0.3,30
0.1417,0.13817,0,-0.523599,0,0,0,0.126,-0.049,-0.483,-0.003,0.304,0.003,0.98,0.002,0,0.03,0.046,-0.038,0.146475,0.666225,-0.639056,0.024919,-1.015946,0.011501,single_joint_sine,1,0.3,30
0.1451,0.14145,0,-0.523599,0,0,0,0.126,-0.049,-0.483,-0.003,0.304,0.004,0.98,0.002,0,0.005,0.069,0.113,0.146475,0.666225,-0.639056,0.019169,-1.028406,0.000958,single_joint_sine,1,0.3,30
0.1485,0.144678,0,-0.523599,0,0,0,0.133,-0.049,-0.483,-0.003,0.305,0.003,0.901,0,-0.001,0.078,0.093,-0.095,0.27405,0.673312,-0.6426,-0.004792,-1.061952,0.04888,single_joint_sine,1,0.3,30
0.1519,0.147878,0,-0.523599,0,0,0,0.14,-0.049,-0.483,-0.003,0.305,0.003,0.943,0,-0.001,0.078,0.093,-0.095,0.270506,0.673312,-0.6426,-0.004792,-1.061952,0.04888,single_joint_sine,1,0.3,30
0.1554,0.151183,0,-0.523599,0,0,0,0.14,-0.049,-0.483,-0.003,0.306,0.003,0.943,0,-0.001,0.078,0.069,-0.095,0.270506,0.673312,-0.6426,-0.004792,-1.065785,0.04888,single_joint_sine,1,0.3,30
0.1588,0.154392,0,-0.523599,0,0,0,0.14,-0.049,-0.483,-0.002,0.306,0.003,0.943,0,-0.002,0.07,0.069,0.023,0.270506,0.675675,-0.63315,-0.020127,-1.065785,-0.009584,single_joint_sine,1,0.3,30
0.1622,0.157587,0,-0.523599,0,0,0,0.146,-0.049,-0.483,-0.002,0.306,0.003,0.964,0,0,0.038,0.063,-0.03,0.1512,0.679219,-0.644962,-0.005751,-1.036074,0.009584,single_joint_sine,1,0.3,30
0.1656,0.160827,0,-0.523599,0,0,0,0.146,-0.049,-0.483,-0.002,0.306,0.003,0.964,0,0,0.038,0.063,-0.03,0.1512,0.679219,-0.644962,-0.005751,-1.036074,0.009584,single_joint_sine,1,0.3,30
0.1693,0.164307,0,-0.523599,0,0,0,0.153,-0.049,-0.483,-0.002,0.306,0.003,0.908,0,0.001,0.036,0.021,-0.03,0.335475,0.679219,-0.639056,0.002875,-1.012113,0.009584,single_joint_sine,1,0.3,30
0.1727,0.167488,0,-0.523599,0,0,0,0.153,-0.049,-0.483,-0.002,0.306,0.003,0.908,0.003,0.001,0.036,0.021,-0.011,0.335475,0.673312,-0.639056,0.002875,-1.012113,0.016293,single_joint_sine,1,0.3,30
0.1761,0.170656,0,-0.523599,0,0,0,0.153,-0.049,-0.483,-0.002,0.306,0.003,0.908,0.003,0.001,0.036,0.021,-0.011,0.335475,0.673312,-0.639056,0.002875,-1.012113,0.016293,single_joint_sine,1,0.3,30
0.1797,0.173962,0,-0.523599,0,0,0,0.159,-0.049,-0.483,-0.001,0.306,0.003,0.977,0,-0.002,0.04,-0.009,-0.024,0.168919,0.67095,-0.630787,-0.006709,-1.014988,0.015335,single_joint_sine,1,0.3,30
0.1831,0.177122,0,-0.523599,0,0,0,0.166,-0.049,-0.483,-0.001,0.306,0.003,0.904,0,0,0.028,0.024,-0.026,0.324844,0.678037,-0.626062,0.000958,-1.021697,0.046005,single_joint_sine,1,0.3,30
0.1865,0.180335,0,-0.523599,0,0,0,0.172,-0.049,-0.483,-0.001,0.306,0.003,0.906,0,0,0.028,0.024,-0.026,0.266962,0.678037,-0.626062,0.000958,-1.021697,0.046005,single_joint_sine,1,0.3,30
0.19,0.183524,0,-0.523599,0,0,0,0.172,-0.049,-0.483,-0.001,0.307,0.003,0.906,0,0,0.028,0.013,-0.026,0.266962,0.678037,-0.626062,0.000958,-1.010196,0.046005,single_joint_sine,1,0.3,30
0.1934,0.186707,0,-0.523599,0,0,0,0.172,-0.049,-0.483,-0.001,0.307,0.003,0.906,0.001,0,-0.021,0.013,-0.026,0.266962,0.683944,-0.646144,0.022044,-1.010196,0.011501,single_joint_sine,1,0.3,30
0.1968,0.189829,0,-0.523599,0,0,0,0.179,-0.049,-0.483,-0.001,0.307,0.003,0.913,-0.002,-0.001,-0.023,0.013,-0.026,0.277594,0.686306,-0.639056,0.039296,-1.010196,0.011501,single_joint_sine,1,0.3,30
0.2003,0.193043,0,-0.523599,0,0,0,0.179,-0.049,-0.483,-0.001,0.307,0.003,0.913,-0.002,-0.001,-0.023,-0.005,0.011,0.277594,0.686306,-0.639056,0.039296,-1.000611,-0.007668,single_joint_sine,1,0.3,30
0.2037,0.196156,0,-0.523599,0,0,0,0.185,-0.049,-0.483,-0.001,0.307,0.003,0.911,-0.002,0.001,-0.001,-0.001,0.015,0.277594,0.686306,-0.646144,0.036421,-0.998694,0.000958,single_joint_sine,1,0.3,30
0.2071,0.199268,0,-0.523599,0,0,0,0.185,-0.049,-0.483,-0.001,0.307,0.003,0.911,0,0.001,-0.001,-0.001,0.015,0.277594,0.685125,-0.646144,0.036421,-0.998694,0.000958,single_joint_sine,1,0.3,30
0.2106,0.202449,0,-0.523599,0,0,0,0.185,-0.049,-0.483,-0.001,0.307,0.003,0.911,0,0.001,-0.001,-0.001,0.015,0.277594,0.685125,-0.646144,0.036421,-0.998694,0.000958,single_joint_sine,1,0.3,30
0.2147,0.206148,0,-0.523599,0,0,0,0.191,-0.049,-0.483,-0.001,0.307,0.003,0.912,0,0.003,-0.011,0.011,-0.032,0.25515,0.674494,-0.622519,0.039296,-1.006362,0.024919,single_joint_sine,1,0.3,30
0.2181,0.20923,0,-0.523599,0,0,0,0.198,-0.049,-0.483,-0.001,0.307,0.003,0.898,0.002,0,-0.009,0.001,-0.015,0.239794,0.6804,-0.648506,0.034504,-0.998694,0.01821,single_joint_sine,1,0.3,30
0.2215,0.212293,0,-0.523599,0,0,0,0.204,-0.049,-0.483,-0.001,0.307,0.003,0.917,0.002,0,-0.009,0.001,-0.015,0.172462,0.6804,-0.648506,0.034504,-0.998694,0.01821,single_joint_sine,1,0.3,30
0.2251,0.215597,0,-0.523599,0,0,0,0.204,-0.049,-0.483,-0.001,0.307,0.003,0.917,0.002,0,-0.009,0,-0.015,0.172462,0.6804,-0.648506,0.034504,-1.003487,0.01821,single_joint_sine,1,0.3,30
0.2285,0.21865,0,-0.523599,0,0,0,0.204,-0.049,-0.483,-0.001,0.307,0.003,0.917,0.002,-0.01,-0.009,0,0.007,0.172462,0.668588,-0.631969,0.038338,-1.003487,0.002875,single_joint_sine,1,0.3,30
0.2319,0.221664,0,-0.523599,0,0,0,0.21,-0.049,-0.483,-0.001,0.307,0.003,0.87,-0.002,0.005,-0.001,0.005,0.007,0.313031,0.6804,-0.647325,0.024919,-1.00157,0.002875,single_joint_sine,1,0.3,30
0.2354,0.224778,0,-0.523599,0,0,0,0.21,-0.049,-0.483,-0.001,0.307,0.004,0.87,-0.002,0.005,-0.001,0.005,0.023,0.313031,0.6804,-0.647325,0.024919,-1.00157,-0.011501,single_joint_sine,1,0.3,30
0.2389,0.22788,0,-0.523599,0,0,0,0.217,-0.049,-0.483,-0.001,0.307,0.004,0.944,-0.002,0.002,-0.005,-0.003,0.032,0.093319,0.6804,-0.637875,0.037379,-0.995819,0.000958,single_joint_sine,1,0.3,30
0.2423,0.230895,0,-0.523599,0,0,0,0.217,-0.049,-0.483,-0.001,0.307,0.004,0.944,0,0.002,-0.005,-0.003,0.032,0.093319,0.674494,-0.637875,0.037379,-0.995819,0.000958,single_joint_sine,1,0.3,30
0.2458,0.233969,0,-0.523599,0,0,0,0.217,-0.049,-0.483,-0.001,0.307,0.004,0.944,0,0.002,-0.005,-0.003,0.032,0.093319,0.674494,-0.637875,0.037379,-0.995819,0.000958,single_joint_sine,1,0.3,30
0.2494,0.237165,0,-0.523599,0,0,0,0.223,-0.049,-0.483,-0.001,0.307,0.004,0.862,0,-0.001,0.015,0.015,0.015,0.282319,0.6804,-0.640238,0.031629,-1.003487,0,single_joint_sine,1,0.3,30
0.2528,0.24015,0,-0.523599,0,0,0,0.229,-0.049,-0.483,-0.001,0.307,0.004,0.92,0,0,0.013,0.013,0.009,0.114581,0.67095,-0.637875,0.031629,-0.996778,0.002875,single_joint_sine,1,0.3,30
0.2562,0.243168,0,-0.523599,0,0,0,0.229,-0.049,-0.483,-0.001,0.307,0.004,0.92,0,0,0.013,0.013,0.009,0.114581,0.67095,-0.637875,0.031629,-0.996778,0.002875,single_joint_sine,1,0.3,30
0.2598,0.246282,0,-0.523599,0,0,0,0.235,-0.049,-0.483,-0.001,0.307,0.004,0.89,0,0,0.013,0.003,0.009,0.191362,0.67095,-0.637875,0.031629,-0.991027,0.002875,single_joint_sine,1,0.3,30
0.2632,0.249237,0,-0.523599,0,0,0,0.235,-0.049,-0.483,-0.001,0.307,0.004,0.89,0,-0.007,0.007,0.003,0.003,0.191362,0.682762,-0.637875,0.020127,-0.991027,0.023961,single_joint_sine,1,0.3,30
0.2666,0.252231,0,-0.523599,0,0,0,0.242,-0.049,-0.483,-0.001,0.307,0.004,0.897,0.002,0.006,0.007,0.003,0.003,0.1512,0.674494,-0.63315,0.020127,-0.991027,0.023961,single_joint_sine,1,0.3,30
0.2704,0.255439,0,-0.523599,0,0,0,0.242,-0.049,-0.483,-0.001,0.307,0.003,0.897,0.002,0.006,0.021,0,-0.147,0.1512,0.674494,-0.63315,0.004792,-0.997736,0.023961,single_joint_sine,1,0.3,30
0.2738,0.258362,0,-0.523599,0,0,0,0.248,-0.049,-0.483,-0.001,0.307,0.003,0.865,0.002,0.003,-0.015,-0.015,0.07,0.204356,0.674494,-0.63315,0.027795,-0.991985,-0.003834,single_joint_sine,1,0.3,30
0.2772,0.261275,0,-0.523599,0,0,0,0.248,-0.049,-0.483,-0.001,0.307,0.003,0.865,0.002,0.003,-0.015,-0.015,0.07,0.204356,0.675675,-0.63315,0.027795,-0.991985,-0.003834,single_joint_sine,1,0.3,30
0.2806,0.264218,0,-0.523599,0,0,0,0.248,-0.049,-0.483,-0.001,0.307,0.003,0.865,0.002,0.003,-0.015,-0.015,0.07,0.204356,0.675675,-0.63315,0.027795,-0.991985,-0.003834,single_joint_sine,1,0.3,30
0.2842,0.267263,0,-0.523599,0,0,0,0.254,-0.049,-0.483,-0.001,0.307,0.003,0.878,0,0.005,0.024,0.001,0.011,0.147656,0.678037,-0.630787,0.010543,-0.993902,0.003834,single_joint_sine,1,0.3,30
0.2876,0.270141,0,-0.523599,0,0,0,0.26,-0.049,-0.483,-0.001,0.307,0.003,0.841,-0.002,0.002,0.005,-0.001,0.001,0.242156,0.681581,-0.6237,0.01246,-0.997736,0.004792,single_joint_sine,1,0.3,30
0.291,0.273057,0,-0.523599,0,0,0,0.26,-0.049,-0.483,-0.001,0.307,0.003,0.841,-0.002,0.002,0.005,-0.001,0.001,0.242156,0.681581,-0.6237,0.01246,-0.997736,0.004792,single_joint_sine,1,0.3,30
0.2945,0.27596,0,-0.523599,0,0,0,0.266,-0.049,-0.483,-0.001,0.307,0.003,0.863,-0.002,0.002,0.005,-0.001,0.001,0.150019,0.681581,-0.6237,0.01246,-1.002528,0.004792,single_joint_sine,1,0.3,30
0.2979,0.27881,0,-0.523599,0,0,0,0.266,-0.049,-0.483,-0.001,0.307,0.003,0.863,0,0,0.013,-0.001,0.001,0.150019,0.676856,-0.631969,0.017252,-1.002528,0.000958,single_joint_sine,1,0.3,30
0.3013,0.281637,0,-0.523599,0,0,0,0.266,-0.049,-0.483,-0.001,0.307,0.003,0.863,0,0,0.013,-0.001,0.001,0.150019,0.676856,-0.631969,0.017252,-1.002528,0.000958,single_joint_sine,1,0.3,30
0.3048,0.284512,0,-0.523599,0,0,0,0.272,-0.049,-0.483,-0.001,0.307,0.003,0.785,-0.002,0.001,0.001,0.001,0.013,0.278775,0.692213,-0.636694,0.033545,-1.00157,0.019169,single_joint_sine,1,0.3,30
0.3082,0.287323,0,-0.523599,0,0,0,0.278,-0.049,-0.483,-0.001,0.307,0.003,0.862,-0.002,0,-0.005,-0.005,0.001,0.181913,0.692213,-0.639056,0.021086,-0.991985,0.021086,single_joint_sine,1,0.3,30
0.3115,0.290114,0,-0.523599,0,0,0,0.278,-0.049,-0.483,-0.001,0.307,0.003,0.862,0,0,-0.005,-0.005,0.001,0.181913,0.682762,-0.639056,0.021086,-0.991985,0.021086,single_joint_sine,1,0.3,30
0.3154,0.293291,0,-0.523599,0,0,0,0.278,-0.049,-0.483,-0.001,0.307,0.003,0.862,0,0,-0.005,-0.005,0.001,0.181913,0.682762,-0.639056,0.021086,-0.991985,0.021086,single_joint_sine,1,0.3,30
0.3188,0.296063,0,-0.523599,0,0,0,0.283,-0.049,-0.483,-0.001,0.307,0.003,0.814,0.003,0,0.003,0.003,0.009,0.231525,0.685125,-0.648506,0.027795,-0.992944,-0.023003,single_joint_sine,1,0.3,30
0.3222,0.298817,0,-0.523599,0,0,0,0.289,-0.049,-0.483,-0.001,0.307,0.004,0.798,0,-0.002,-0.009,-0.007,0.057,0.265781,0.688669,-0.634331,0.021086,-0.986235,-0.03067,single_joint_sine,1,0.3,30
0.3257,0.301608,0,-0.523599,0,0,0,0.289,-0.049,-0.483,-0.001,0.307,0.004,0.798,0,-0.002,-0.009,-0.007,0.057,0.265781,0.688669,-0.634331,0.021086,-0.986235,-0.03067,single_joint_sine,1,0.3,30
0.3294,0.304608,0,-0.523599,0,0,0,0.295,-0.049,-0.483,-0.001,0.307,0.004,0.801,0,-0.002,-0.009,0.009,0.057,0.230344,0.688669,-0.634331,0.021086,-1.024572,-0.03067,single_joint_sine,1,0.3,30
0.3328,0.30733,0,-0.523599,0,0,0,0.295,-0.049,-0.483,-0.001,0.307,0.004,0.801,0,0.003,0.005,0.009,-0.015,0.230344,0.685125,-0.643781,0.016293,-1.024572,0.002875,single_joint_sine,1,0.3,30
0.3362,0.310034,0,-0.523599,0,0,0,0.295,-0.049,-0.483,-0.001,0.307,0.004,0.801,0,0.003,0.005,0.009,-0.015,0.230344,0.685125,-0.643781,0.016293,-1.024572,0.002875,single_joint_sine,1,0.3,30
0.3399,0.313008,0,-0.523599,0,0,0,0.301,-0.049,-0.483,-0.001,0.307,0.004,0.79,-0.001,-0.001,0.003,0.019,0.005,0.277594,0.678037,-0.634331,0.015335,-1.006362,0.023003,single_joint_sine,1,0.3,30
0.3433,0.315691,0,-0.523599,0,0,0,0.306,-0.049,-0.483,-0.001,0.307,0.004,0.784,-0.001,0,0.017,-0.011,-0.049,0.229162,0.678037,-0.631969,0.007668,-0.994861,0.037379,single_joint_sine,1,0.3,30
0.3467,0.318354,0,-0.523599,0,0,0,0.306,-0.049,-0.483,-0.001,0.307,0.004,0.784,0,0,0.017,-0.011,-0.049,0.229162,0.673312,-0.631969,0.007668,-0.994861,0.037379,single_joint_sine,1,0.3,30
0.3503,0.321137,0,-0.523599,0,0,0,0.306,-0.049,-0.483,-0.001,0.307,0.004,0.784,0,0,0.017,-0.011,-0.049,0.229162,0.673312,-0.631969,0.007668,-0.994861,0.037379,single_joint_sine,1,0.3,30
0.3537,0.323781,0,-0.523599,0,0,0,0.312,-0.049,-0.483,-0.001,0.307,0.004,0.792,0.001,0,-0.015,0.001,0.023,0.21735,0.683944,-0.639056,0.017252,-0.993902,0,single_joint_sine,1,0.3,30
0.3571,0.326411,0,-0.523599,0,0,0,0.317,-0.049,-0.483,-0.001,0.307,0.004,0.783,0,0.01,0.026,0.017,-0.013,0.211444,0.685125,-0.637875,0.013418,-1.008279,0.013418,single_joint_sine,1,0.3,30
0.3606,0.329115,0,-0.523599,0,0,0,0.317,-0.049,-0.483,-0.001,0.307,0.004,0.783,0,0.01,0.026,0.017,-0.013,0.211444,0.685125,-0.637875,0.013418,-1.008279,0.013418,single_joint_sine,1,0.3,30
0.3641,0.331803,0,-0.523599,0,0,0,0.322,-0.049,-0.483,-0.001,0.307,0.004,0.776,0,0.01,0.026,0.011,-0.013,0.165375,0.685125,-0.637875,0.013418,-1.00732,0.013418,single_joint_sine,1,0.3,30
0.3675,0.334392,0,-0.523599,0,0,0,0.322,-0.049,-0.483,-0.001,0.307,0.004,0.776,-0.001,-0.002,0.017,0.011,0.011,0.165375,0.698119,-0.636694,0.015335,-1.00732,-0.001917,single_joint_sine,1,0.3,30
0.371,0.337005,0,-0.523599,0,0,0,0.322,-0.049,-0.483,-0.001,0.307,0.004,0.776,-0.001,-0.002,0.017,0.011,0.011,0.165375,0.698119,-0.636694,0.015335,-1.00732,-0.001917,single_joint_sine,1,0.3,30
0.3748,0.339884,0,-0.523599,0,0,0,0.328,-0.049,-0.483,0,0.307,0.004,0.763,0,0.001,-0.011,0.011,0.009,0.231525,0.688669,-0.643781,0.016293,-0.998694,-0.010543,single_joint_sine,1,0.3,30
0.3782,0.342429,0,-0.523599,0,0,0,0.333,-0.049,-0.483,0,0.307,0.004,0.784,0,0,0.009,-0.003,0.011,0.089775,0.688669,-0.640238,0.005751,-0.991985,-0.002875,single_joint_sine,1,0.3,30
0.3816,0.344954,0,-0.523599,0,0,0,0.333,-0.049,-0.483,0,0.307,0.004,0.784,0,0,0.009,-0.003,0.011,0.089775,0.688669,-0.640238,0.005751,-0.991985,-0.002875,single_joint_sine,1,0.3,30
0.3852,0.347655,0,-0.523599,0,0,0,0.333,-0.049,-0.483,0,0.307,0.004,0.784,0.002,0,0.009,-0.003,0.011,0.089775,0.67095,-0.640238,0.005751,-0.991985,-0.002875,single_joint_sine,1,0.3,30
0.3886,0.350156,0,-0.523599,0,0,0,0.338,-0.049,-0.483,0,0.307,0.004,0.733,0,-0.001,-0.028,0.007,-0.005,0.287044,0.682762,-0.6426,0.04313,-1.005404,0.006709,single_joint_sine,1,0.3,30
0.392,0.352644,0,-0.523599,0,0,0,0.344,-0.049,-0.483,0,0.307,0.004,0.768,0,-0.001,-0.026,0,0.042,0.106312,0.683944,-0.646144,0.046005,-0.993902,0.002875,single_joint_sine,1,0.3,30
0.3957,0.355305,0,-0.523599,0,0,0,0.344,-0.049,-0.483,0,0.307,0.004,0.768,0,-0.001,-0.026,0,0.042,0.106312,0.683944,-0.646144,0.046005,-0.993902,0.002875,single_joint_sine,1,0.3,30
0.3991,0.357809,0,-0.523599,0,0,0,0.349,-0.049,-0.483,0,0.307,0.004,0.694,0,-0.001,-0.026,-0.011,0.042,0.262237,0.683944,-0.646144,0.046005,-0.991985,0.002875,single_joint_sine,1,0.3,30
0.4025,0.36025,0,-0.523599,0,0,0,0.349,-0.049,-0.483,-0.001,0.307,0.004,0.694,-0.001,-0.005,-0.005,-0.011,0.019,0.262237,0.676856,-0.637875,0.03067,-0.991985,0.005751,single_joint_sine,1,0.3,30
0.4059,0.362651,0,-0.523599,0,0,0,0.349,-0.049,-0.483,-0.001,0.307,0.004,0.694,-0.001,-0.005,-0.005,-0.011,0.019,0.262237,0.676856,-0.637875,0.03067,-0.991985,0.005751,single_joint_sine,1,0.3,30
0.4094,0.365138,0,-0.523599,0,0,0,0.354,-0.049,-0.483,-0.001,0.307,0.004,0.738,0.001,0.005,-0.032,-0.021,-0.007,0.127575,0.682762,-0.6426,0.026836,-0.984318,0.019169,single_joint_sine,1,0.3,30
0.4128,0.367536,0,-0.523599,0,0,0,0.359,-0.049,-0.483,-0.001,0.307,0.004,0.678,0.001,0.002,0.009,-0.001,-0.007,0.27405,0.682762,-0.639056,0.049839,-1.016905,0.019169,single_joint_sine,1,0.3,30
0.4163,0.36995,0,-0.523599,0,0,0,0.359,-0.049,-0.483,-0.001,0.307,0.004,0.678,0.001,0.002,0.009,-0.001,-0.007,0.27405,0.682762,-0.639056,0.049839,-1.016905,0.019169,single_joint_sine,1,0.3,30
0.4198,0.37239,0,-0.523599,0,0,0,0.359,-0.049,-0.483,-0.001,0.307,0.004,0.678,-0.002,0.002,0.009,0.046,-0.028,0.27405,0.6804,-0.639056,0.049839,-1.029365,0.001917,single_joint_sine,1,0.3,30
0.4232,0.37474,0,-0.523599,0,0,0,0.364,-0.049,-0.483,-0.001,0.307,0.004,0.706,0,0.004,-0.007,0.046,0,0.2268,0.6804,-0.650869,0.052714,-1.029365,0.029712,single_joint_sine,1,0.3,30
0.4265,0.37707,0,-0.523599,0,0,0,0.369,-0.049,-0.483,-0.001,0.307,0.004,0.712,0,0.004,-0.007,0.046,0,0.148837,0.6804,-0.650869,0.052714,-1.029365,0.029712,single_joint_sine,1,0.3,30
0.43,0.379422,0,-0.523599,0,0,0,0.369,-0.049,-0.483,-0.001,0.307,0.004,0.712,0,0,0.03,0.038,-0.011,0.148837,0.6804,-0.634331,0.037379,-1.015946,0.010543,single_joint_sine,1,0.3,30
0.4334,0.381726,0,-0.523599,0,0,0,0.373,-0.049,-0.483,-0.001,0.307,0.004,0.654,0,0,0.03,-0.032,-0.011,0.238612,0.6804,-0.634331,0.037379,-0.985276,0.010543,single_joint_sine,1,0.3,30
0.4368,0.384015,0,-0.523599,0,0,0,0.373,-0.049,-0.483,-0.001,0.307,0.004,0.654,0,0,0.03,-0.032,-0.011,0.238612,0.6804,-0.639056,0.037379,-0.985276,0.010543,single_joint_sine,1,0.3,30
0.4404,0.386395,0,-0.523599,0,0,0,0.373,-0.049,-0.483,-0.001,0.307,0.004,0.654,0,0,-0.03,-0.032,0.046,0.238612,0.6804,-0.639056,0.045047,-0.985276,-0.007668,single_joint_sine,1,0.3,30
0.4438,0.388652,0,-0.523599,0,0,0,0.378,-0.049,-0.483,-0.001,0.307,0.004,0.708,0,0,-0.036,-0.001,-0.007,0.144112,0.679219,-0.631969,0.050797,-1.002528,-0.001917,single_joint_sine,1,0.3,30
0.4471,0.390887,0,-0.523599,0,0,0,0.383,-0.049,-0.483,-0.001,0.307,0.004,0.648,0,0,-0.034,0.03,0.011,0.238612,0.679219,-0.6426,0.031629,-1.015946,0.015335,single_joint_sine,1,0.3,30
0.4507,0.39324,0,-0.523599,0,0,0,0.383,-0.049,-0.483,-0.001,0.307,0.004,0.648,0,0,-0.034,0.03,0.011,0.238612,0.679219,-0.6426,0.031629,-1.015946,0.015335,single_joint_sine,1,0.3,30
0.4543,0.395557,0,-0.523599,0,0,0,0.383,-0.049,-0.483,-0.001,0.308,0.004,0.648,0,0,-0.034,0,0.011,0.238612,0.681581,-0.6426,0.031629,-0.996778,0.015335,single_joint_sine,1,0.3,30
0.4577,0.397741,0,-0.523599,0,0,0,0.387,-0.049,-0.483,-0.001,0.308,0.004,0.658,0.003,0,0.023,0,-0.013,0.220894,0.669769,-0.643781,-0.004792,-0.996778,0.028753,single_joint_sine,1,0.3,30
0.4611,0.399945,0,-0.523599,0,0,0,0.387,-0.049,-0.483,-0.001,0.308,0.004,0.658,0.003,0,0.023,0,-0.013,0.220894,0.669769,-0.643781,-0.004792,-0.996778,0.028753,single_joint_sine,1,0.3,30
0.4646,0.402165,0,-0.523599,0,0,0,0.392,-0.049,-0.483,-0.001,0.308,0.004,0.65,0,0.003,0.024,-0.007,0.003,0.158287,0.666225,-0.6426,0.009584,-0.992944,0.000958,single_joint_sine,1,0.3,30
0.468,0.404305,0,-0.523599,0,0,0,0.396,-0.049,-0.483,-0.001,0.308,0.004,0.64,0,0.003,0.024,0.003,0.003,0.165375,0.666225,-0.6426,0.009584,-1.008279,0.000958,single_joint_sine,1,0.3,30
0.4714,0.406428,0,-0.523599,0,0,0,0.396,-0.049,-0.483,-0.001,0.308,0.004,0.64,0,0.003,0.024,0.003,0.003,0.165375,0.666225,-0.6426,0.009584,-1.008279,0.000958,single_joint_sine,1,0.3,30
0.4752,0.408726,0,-0.523599,0,0,0,0.396,-0.049,-0.483,-0.001,0.308,0.004,0.64,0,0,0.017,0.003,0.003,0.165375,0.669769,-0.640238,-0.009584,-1.008279,-0.000958,single_joint_sine,1,0.3,30
0.4786,0.410814,0,-0.523599,0,0,0,0.401,-0.049,-0.483,-0.001,0.308,0.004,0.648,0,0,0.034,-0.009,0.007,0.118125,0.679219,-0.631969,0,-0.993902,0.006709,single_joint_sine,1,0.3,30
0.4819,0.412861,0,-0.523599,0,0,0,0.405,-0.049,-0.483,0,0.308,0.004,0.63,0,0.001,0.026,0.042,0.007,0.12285,0.679219,-0.634331,0.047922,-1.008279,0.006709,single_joint_sine,1,0.3,30
0.4857,0.415125,0,-0.523599,0,0,0,0.405,-0.049,-0.483,0,0.308,0.004,0.63,0,0.001,0.026,0.042,0.024,0.12285,0.679219,-0.634331,0.047922,-1.008279,0.015335,single_joint_sine,1,0.3,30
0.4892,0.417264,0,-0.523599,0,0,0,0.405,-0.049,-0.483,0,0.308,0.004,0.63,0.001,0.001,0.026,0,0.024,0.12285,0.686306,-0.634331,0.047922,-0.996778,0.015335,single_joint_sine,1,0.3,30
0.4926,0.419282,0,-0.523599,0,0,0,0.41,-0.049,-0.483,-0.001,0.308,0.004,0.593,0,0.003,-0.055,0,0.03,0.222075,0.701662,-0.646144,0.091052,-0.996778,-0.000958,single_joint_sine,1,0.3,30
0.4961,0.421318,0,-0.523599,0,0,0,0.41,-0.049,-0.483,-0.001,0.308,0.004,0.593,0,0.003,-0.055,0,0.03,0.222075,0.701662,-0.646144,0.091052,-0.996778,-0.000958,single_joint_sine,1,0.3,30
0.4995,0.423328,0,-0.523599,0,0,0,0.414,-0.049,-0.483,-0.001,0.308,0.004,0.642,-0.002,0.006,-0.038,0,0,0.025987,0.676856,-0.628425,0.026836,-1.004445,0.01246,single_joint_sine,1,0.3,30
0.5029,0.425281,0,-0.523599,0,0,0,0.418,-0.049,-0.483,-0.001,0.308,0.004,0.573,-0.002,0.006,-0.038,-0.011,0,0.229162,0.676856,-0.628425,0.026836,-0.997736,0.01246,single_joint_sine,1,0.3,30
0.5064,0.427266,0,-0.523599,0,0,0,0.418,-0.049,-0.483,-0.001,0.308,0.004,0.573,-0.002,0.006,-0.038,-0.011,0,0.229162,0.676856,-0.628425,0.026836,-0.997736,0.01246,single_joint_sine,1,0.3,30
0.5099,0.429272,0,-0.523599,0,0,0,0.418,-0.049,-0.483,-0.001,0.308,0.004,0.573,-0.001,-0.001,0.007,-0.011,0.001,0.229162,0.6804,-0.636694,0.023003,-0.997736,-0.004792,single_joint_sine,1,0.3,30
0.5133,0.431184,0,-0.523599,0,0,0,0.422,-0.049,-0.483,-0.001,0.308,0.004,0.554,-0.004,-0.003,0,0.017,0.003,0.185456,0.675675,-0.63315,0.021086,-0.998694,0.001917,single_joint_sine,1,0.3,30
0.5167,0.433078,0,-0.523599,0,0,0,0.426,-0.049,-0.483,-0.001,0.308,0.004,0.602,-0.004,-0.003,0,0.017,0.003,0.049612,0.675675,-0.643781,0.021086,-0.998694,0.001917,single_joint_sine,1,0.3,30
0.5201,0.43495,0,-0.523599,0,0,0,0.426,-0.049,-0.483,-0.001,0.308,0.004,0.602,-0.004,-0.003,0.021,0.009,0.017,0.049612,0.675675,-0.643781,-0.023003,-0.985276,0.138015,single_joint_sine,1,0.3,30
0.5235,0.436809,0,-0.523599,0,0,0,0.426,-0.049,-0.483,-0.001,0.308,0.004,0.602,0,-0.003,0.021,0.015,0.017,0.049612,0.672131,-0.643781,-0.023003,-0.992944,0.138015,single_joint_sine,1,0.3,30
0.5269,0.438649,0,-0.523599,0,0,0,0.43,-0.049,-0.483,-0.001,0.308,0.004,0.514,0,-0.004,0.024,0.015,0.017,0.276412,0.696937,-0.617794,0.025878,-0.992944,0.138015,single_joint_sine,1,0.3,30
0.5303,0.440497,0,-0.523599,0,0,0,0.43,-0.049,-0.483,-0.001,0.308,0.004,0.514,0,-0.004,0.024,0.015,-0.019,0.276412,0.696937,-0.617794,0.025878,-0.992944,0.015335,single_joint_sine,1,0.3,30
0.5337,0.442302,0,-0.523599,0,0,0,0.434,-0.049,-0.483,-0.001,0.307,0.004,0.543,0,0.001,-0.011,-0.013,0.011,0.163013,0.679219,-0.653231,0.016293,-0.995819,0.004792,single_joint_sine,1,0.3,30
0.5371,0.444088,0,-0.523599,0,0,0,0.438,-0.049,-0.483,-0.001,0.307,0.004,0.568,0,0.001,-0.011,-0.017,0.011,0.083869,0.679219,-0.653231,0.016293,-1.003487,0.004792,single_joint_sine,1,0.3,30
0.5406,0.445915,0,-0.523599,0,0,0,0.438,-0.049,-0.483,-0.001,0.307,0.004,0.568,0,0.001,-0.011,-0.017,0.011,0.083869,0.679219,-0.653231,0.016293,-1.003487,0.004792,single_joint_sine,1,0.3,30
0.5444,0.447829,0,-0.523599,0,0,0,0.438,-0.049,-0.483,-0.001,0.307,0.004,0.568,0.001,-0.006,0.021,-0.017,0.007,0.083869,0.676856,-0.621337,0.01246,-1.003487,0.015335,single_joint_sine,1,0.3,30
0.5478,0.449558,0,-0.523599,0,0,0,0.441,-0.049,-0.483,-0.001,0.307,0.004,0.505,0,0,-0.011,0.015,0.007,0.250425,0.674494,-0.644962,0.037379,-0.991027,0.015335,single_joint_sine,1,0.3,30
0.5512,0.451265,0,-0.523599,0,0,0,0.441,-0.049,-0.483,-0.001,0.307,0.004,0.505,0,0,-0.011,0.015,-0.032,0.250425,0.674494,-0.644962,0.037379,-0.991027,0.025878,single_joint_sine,1,0.3,30
0.5547,0.453026,0,-0.523599,0,0,0,0.445,-0.049,-0.483,-0.001,0.307,0.004,0.501,0,-0.001,-0.005,0.017,-0.013,0.229162,0.674494,-0.631969,0.025878,-1.000611,-0.000958,single_joint_sine,1,0.3,30
0.5581,0.454695,0,-0.523599,0,0,0,0.445,-0.049,-0.483,-0.001,0.307,0.004,0.501,0.002,-0.001,-0.005,0.005,-0.013,0.229162,0.675675,-0.631969,0.025878,-1.015946,-0.000958,single_joint_sine,1,0.3,30
0.5615,0.456377,0,-0.523599,0,0,0,0.448,-0.049,-0.483,-0.001,0.307,0.004,0.521,0,-0.001,-0.005,0.005,-0.013,0.100406,0.676856,-0.631969,0.025878,-1.015946,-0.000958,single_joint_sine,1,0.3,30
0.565,0.458035,0,-0.523599,0,0,0,0.448,-0.049,-0.483,-0.001,0.307,0.004,0.521,0,0.001,0.011,0.005,0.036,0.100406,0.676856,-0.635512,0.020127,-1.015946,-0.025878,single_joint_sine,1,0.3,30
0.5684,0.459651,0,-0.523599,0,0,0,0.452,-0.049,-0.483,-0.001,0.307,0.005,0.474,0,-0.001,0,-0.001,0.017,0.153562,0.679219,-0.635512,0.017252,-1.006362,-0.009584,single_joint_sine,1,0.3,30
0.5718,0.461244,0,-0.523599,0,0,0,0.455,-0.049,-0.483,-0.001,0.307,0.005,0.483,0,-0.001,0,-0.001,0.017,0.144112,0.679219,-0.635512,0.017252,-1.006362,-0.009584,single_joint_sine,1,0.3,30
0.5752,0.462837,0,-0.523599,0,0,0,0.455,-0.049,-0.483,-0.001,0.308,0.005,0.483,0,-0.001,0,-0.003,0.017,0.144112,0.679219,-0.635512,0.017252,-1.01403,-0.009584,single_joint_sine,1,0.3,30
0.5786,0.464392,0,-0.523599,0,0,0,0.455,-0.049,-0.483,-0.001,0.308,0.005,0.483,0.004,-0.002,0.007,-0.003,0.005,0.144112,0.6804,-0.639056,0.026836,-1.01403,0.01246,single_joint_sine,1,0.3,30
0.582,0.465928,0,-0.523599,0,0,0,0.458,-0.049,-0.483,-0.001,0.308,0.005,0.463,0.003,0.002,0,-0.007,0.005,0.165375,0.682762,-0.650869,0.034504,-0.995819,0.01246,single_joint_sine,1,0.3,30
0.5855,0.4675,0,-0.523599,0,0,0,0.458,-0.049,-0.483,-0.001,0.308,0.005,0.463,0.003,0.002,0,-0.007,-0.003,0.165375,0.682762,-0.650869,0.034504,-0.995819,0.003834,single_joint_sine,1,0.3,30
0.589,0.469033,0,-0.523599,0,0,0,0.462,-0.049,-0.483,-0.001,0.308,0.005,0.435,0.003,0.007,-0.015,0.005,0.003,0.164194,0.682762,-0.641419,0.029712,-0.997736,-0.005751,single_joint_sine,1,0.3,30
0.5924,0.470516,0,-0.523599,0,0,0,0.462,-0.049,-0.483,-0.001,0.308,0.005,0.435,0,0.007,-0.015,-0.026,0.003,0.164194,0.678037,-0.641419,0.029712,-0.982401,-0.005751,single_joint_sine,1,0.3,30
0.5958,0.472003,0,-0.523599,0,0,0,0.462,-0.049,-0.483,-0.001,0.308,0.005,0.435,0,0.007,-0.015,-0.026,0.003,0.164194,0.678037,-0.641419,0.029712,-0.982401,-0.005751,single_joint_sine,1,0.3,30
0.5994,0.473503,0,-0.523599,0,0,0,0.465,-0.049,-0.483,-0.001,0.308,0.005,0.428,0,0.001,0.024,-0.026,0.003,0.19845,0.683944,-0.637875,0.020127,-0.982401,0.004792,single_joint_sine,1,0.3,30
0.6028,0.474926,0,-0.523599,0,0,0,0.468,-0.049,-0.483,-0.001,0.308,0.005,0.409,-0.001,0.004,0.023,0.005,0.001,0.256331,0.676856,-0.630787,0.013418,-1.00732,-0.001917,single_joint_sine,1,0.3,30
0.6062,0.47635,0,-0.523599,0,0,0,0.468,-0.049,-0.483,-0.001,0.308,0.005,0.409,-0.001,0.004,0.023,0.005,0.001,0.256331,0.676856,-0.630787,0.013418,-1.00732,-0.001917,single_joint_sine,1,0.3,30
0.6098,0.477793,0,-0.523599,0,0,0,0.47,-0.049,-0.483,-0.001,0.308,0.005,0.442,-0.001,0.004,0.023,-0.032,0.001,0.079144,0.676856,-0.630787,0.013418,-0.985276,-0.001917,single_joint_sine,1,0.3,30
0.6132,0.479155,0,-0.523599,0,0,0,0.47,-0.049,-0.483,-0.001,0.308,0.005,0.442,0.001,0,0,-0.032,0.005,0.079144,0.669769,-0.6426,0.013418,-0.985276,-0.006709,single_joint_sine,1,0.3,30
0.6166,0.480522,0,-0.523599,0,0,0,0.473,-0.049,-0.483,-0.001,0.308,0.005,0.4,0,-0.004,0,-0.032,0.005,0.111037,0.678037,-0.629606,0.013418,-0.985276,-0.006709,single_joint_sine,1,0.3,30
0.6203,0.481959,0,-0.523599,0,0,0,0.473,-0.049,-0.483,-0.001,0.308,0.005,0.4,0,-0.004,-0.009,0.005,0.042,0.111037,0.678037,-0.629606,0.023003,-0.992944,-0.017252,single_joint_sine,1,0.3,30
0.6237,0.483261,0,-0.523599,0,0,0,0.476,-0.049,-0.483,-0.001,0.308,0.005,0.389,0,-0.004,-0.011,0.007,0.017,0.218531,0.678037,-0.628425,0.040254,-1.010196,-0.006709,single_joint_sine,1,0.3,30
0.6271,0.484542,0,-0.523599,0,0,0,0.476,-0.049,-0.483,-0.001,0.308,0.005,0.389,0,-0.004,-0.011,0.009,0.017,0.218531,0.688669,-0.628425,0.040254,-1.003487,-0.006709,single_joint_sine,1,0.3,30
0.6306,0.485822,0,-0.523599,0,0,0,0.476,-0.049,-0.483,-0.001,0.308,0.005,0.389,0,-0.004,-0.011,0.009,0.017,0.218531,0.688669,-0.628425,0.040254,-1.003487,-0.006709,single_joint_sine,1,0.3,30
0.6342,0.487153,0,-0.523599,0,0,0,0.479,-0.049,-0.483,-0.001,0.308,0.005,0.365,-0.002,0,0.011,0.009,0.015,0.230344,0.68985,-0.624881,0.025878,-1.003487,0.000958,single_joint_sine,1,0.3,30
0.6376,0.488373,0,-0.523599,0,0,0,0.481,-0.049,-0.483,-0.001,0.308,0.005,0.385,-0.004,-0.002,0.001,-0.013,0.044,0.118125,0.681581,-0.641419,0.024919,-0.988152,-0.009584,single_joint_sine,1,0.3,30
0.6411,0.489589,0,-0.523599,0,0,0,0.481,-0.049,-0.483,-0.001,0.308,0.005,0.385,-0.004,-0.002,0.001,-0.013,0.044,0.118125,0.681581,-0.641419,0.024919,-0.988152,-0.009584,single_joint_sine,1,0.3,30
0.6446,0.4908,0,-0.523599,0,0,0,0.484,-0.049,-0.483,-0.001,0.307,0.005,0.389,-0.004,-0.002,0.001,-0.032,0.044,0.059062,0.681581,-0.641419,0.024919,-0.994861,-0.009584,single_joint_sine,1,0.3,30
0.648,0.491959,0,-0.523599,0,0,0,0.484,-0.049,-0.483,-0.001,0.307,0.005,0.389,0,0.003,-0.005,-0.032,0.026,0.059062,0.674494,-0.63315,0.035462,-0.994861,-0.126514,single_joint_sine,1,0.3,30
0.6514,0.493113,0,-0.523599,0,0,0,0.487,-0.049,-0.483,-0.001,0.307,0.005,0.352,0,0.003,-0.005,-0.032,0.026,0.111037,0.674494,-0.63315,0.035462,-0.994861,-0.126514,single_joint_sine,1,0.3,30
0.6549,0.494251,0,-0.523599,0,0,0,0.487,-0.049,-0.483,-0.001,0.308,0.006,0.352,-0.001,0,-0.021,-0.001,0.067,0.111037,0.681581,-0.63315,0.031629,-1.014988,-0.007668,single_joint_sine,1,0.3,30
0.6583,0.495348,0,-0.523599,0,0,0,0.489,-0.049,-0.483,-0.001,0.308,0.006,0.331,-0.001,0,0.021,0.036,-0.024,0.161831,0.681581,-0.639056,0.014377,-1.015946,0.032587,single_joint_sine,1,0.3,30
0.6617,0.496422,0,-0.523599,0,0,0,0.489,-0.049,-0.483,-0.001,0.308,0.006,0.331,0,0,0.021,0.036,-0.024,0.161831,0.676856,-0.639056,0.014377,-1.015946,0.032587,single_joint_sine,1,0.3,30
0.6651,0.497494,0,-0.523599,0,0,0,0.489,-0.049,-0.483,-0.001,0.308,0.006,0.331,0,0,0.021,-0.007,-0.024,0.161831,0.676856,-0.639056,0.014377,-0.998694,0.032587,single_joint_sine,1,0.3,30
0.6685,0.49853,0,-0.523599,0,0,0,0.491,-0.049,-0.483,-0.001,0.308,0.006,0.317,0.002,0.007,-0.003,-0.007,-0.009,0.192544,0.679219,-0.630787,0.029712,-0.998694,-0.011501,single_joint_sine,1,0.3,30
0.6719,0.499543,0,-0.523599,0,0,0,0.493,-0.049,-0.483,-0.001,0.308,0.006,0.351,0,0.001,0.003,-0.007,-0.009,-0.005906,0.673312,-0.629606,0.027795,-0.998694,-0.011501,single_joint_sine,1,0.3,30
0.6754,0.500563,0,-0.523599,0,0,0,0.493,-0.049,-0.483,-0.001,0.308,0.006,0.351,0,0.001,0.003,0.011,0.038,-0.005906,0.673312,-0.629606,0.027795,-0.999653,-0.023961,single_joint_sine,1,0.3,30
0.6788,0.501537,0,-0.523599,0,0,0,0.496,-0.049,-0.483,-0.001,0.308,0.006,0.328,0,0.001,0.003,0.021,0.038,0.042525,0.673312,-0.629606,0.027795,-1.00732,-0.023961,single_joint_sine,1,0.3,30
0.6822,0.50249,0,-0.523599,0,0,0,0.496,-0.049,-0.483,-0.001,0.308,0.006,0.328,-0.001,0.002,-0.015,0.021,0.001,0.042525,0.687487,-0.640238,0.028753,-1.00732,-0.007668,single_joint_sine,1,0.3,30
0.6857,0.503456,0,-0.523599,0,0,0,0.496,-0.049,-0.483,-0.001,0.308,0.006,0.328,-0.001,0.002,-0.015,0.021,0.001,0.042525,0.687487,-0.640238,0.028753,-1.00732,-0.007668,single_joint_sine,1,0.3,30
0.6894,0.504445,0,-0.523599,0,0,0,0.498,-0.049,-0.483,-0.001,0.308,0.006,0.262,0,-0.005,-0.003,-0.015,0.001,0.19845,0.683944,-0.620156,0.027795,-0.994861,0.007668,single_joint_sine,1,0.3,30
0.6928,0.505333,0,-0.523599,0,0,0,0.5,-0.049,-0.483,-0.001,0.308,0.006,0.245,0.002,0.001,0.009,-0.011,0,0.171281,0.681581,-0.6426,0.020127,-0.988152,0.008626,single_joint_sine,1,0.3,30
0.6962,0.506216,0,-0.523599,0,0,0,0.5,-0.049,-0.483,-0.001,0.308,0.006,0.245,0.002,0.001,0.009,-0.011,0,0.171281,0.681581,-0.6426,0.020127,-0.988152,0.008626,single_joint_sine,1,0.3,30
0.6998,0.507111,0,-0.523599,0,0,0,0.5,-0.049,-0.483,-0.001,0.308,0.006,0.245,0.002,0.001,0.009,-0.013,0,0.171281,0.681581,-0.6426,0.020127,-1.003487,0.008626,single_joint_sine,1,0.3,30
0.7032,0.507935,0,-0.523599,0,0,0,0.501,-0.049,-0.483,-0.001,0.308,0.006,0.261,-0.002,0.004,-0.019,-0.013,-0.005,0.131119,0.6615,-0.635512,0.020127,-1.003487,0.002875,single_joint_sine,1,0.3,30
0.7066,0.508739,0,-0.523599,0,0,0,0.503,-0.049,-0.483,-0.001,0.308,0.006,0.22,0,-0.004,-0.019,-0.013,-0.005,0.135844,0.673312,-0.639056,0.020127,-1.003487,0.002875,single_joint_sine,1,0.3,30
0.7101,0.509534,0,-0.523599,0,0,0,0.503,-0.049,-0.483,-0.001,0.308,0.006,0.22,0,-0.004,0.001,-0.007,0.026,0.135844,0.673312,-0.639056,0.056548,-0.997736,-0.005751,single_joint_sine,1,0.3,30
0.7135,0.510296,0,-0.523599,0,0,0,0.505,-0.049,-0.483,-0.001,0.308,0.006,0.284,0,-0.004,0.009,0.021,0.026,-0.049612,0.673312,-0.639056,-0.005751,-0.995819,-0.005751,single_joint_sine,1,0.3,30
0.7169,0.511037,0,-0.523599,0,0,0,0.505,-0.049,-0.483,-0.001,0.308,0.006,0.284,0,-0.002,0.009,0.021,0.026,-0.049612,0.676856,-0.646144,-0.005751,-0.995819,-0.005751,single_joint_sine,1,0.3,30
0.7203,0.511768,0,-0.523599,0,0,0,0.505,-0.049,-0.483,-0.001,0.308,0.006,0.284,0,-0.002,0.009,0.021,-0.015,-0.049612,0.676856,-0.646144,-0.005751,-0.995819,0.005751,single_joint_sine,1,0.3,30
0.7238,0.512476,0,-0.523599,0,0,0,0.507,-0.049,-0.483,-0.001,0.308,0.006,0.23,0,-0.004,0.003,0,-0.009,0.062606,0.673312,-0.630787,0.037379,-1.000611,0.010543,single_joint_sine,1,0.3,30
0.7272,0.513152,0,-0.523599,0,0,0,0.508,-0.049,-0.483,-0.001,0.308,0.006,0.196,0,0.003,-0.023,-0.003,-0.009,0.090956,0.683944,-0.631969,0.081467,-0.999653,0.010543,single_joint_sine,1,0.3,30
0.7308,0.513855,0,-0.523599,0,0,0,0.508,-0.049,-0.483,-0.001,0.308,0.006,0.196,0,0.003,-0.023,-0.003,-0.009,0.090956,0.683944,-0.631969,0.081467,-0.999653,0.010543,single_joint_sine,1,0.3,30
0.7344,0.514513,0,-0.523599,0,0,0,0.508,-0.049,-0.483,-0.001,0.308,0.006,0.196,0,0.003,-0.023,0.024,0.009,0.090956,0.683944,-0.631969,0.081467,-1.000611,0.003834,single_joint_sine,1,0.3,30
0.7378,0.515125,0,-0.523599,0,0,0,0.509,-0.049,-0.483,-0.001,0.308,0.006,0.149,0,0.002,-0.007,0.024,-0.028,0.206719,0.679219,-0.6237,0.031629,-1.000611,0.000958,single_joint_sine,1,0.3,30
0.7412,0.515724,0,-0.523599,0,0,0,0.509,-0.049,-0.483,-0.001,0.308,0.006,0.149,0,0.002,-0.007,0.024,-0.028,0.206719,0.679219,-0.6237,0.031629,-1.000611,0.000958,single_joint_sine,1,0.3,30
0.7449,0.516339,0,-0.523599,0,0,0,0.511,-0.049,-0.483,-0.001,0.308,0.006,0.175,0,0,-0.001,-0.021,0.003,0.209081,0.681581,-0.654412,0.014377,-0.92777,-0.004792,single_joint_sine,1,0.3,30
0.7483,0.516885,0,-0.523599,0,0,0,0.512,-0.049,-0.483,-0.001,0.307,0.006,0.19,0,0,0,0.003,0.003,0.06615,0.681581,-0.654412,0.017252,-0.993902,-0.004792,single_joint_sine,1,0.3,30
0.7517,0.517409,0,-0.523599,0,0,0,0.512,-0.049,-0.483,-0.001,0.307,0.006,0.19,0.001,0,0,0.003,0.003,0.06615,0.668588,-0.654412,0.017252,-0.993902,-0.004792,single_joint_sine,1,0.3,30
0.7554,0.517952,0,-0.523599,0,0,0,0.512,-0.049,-0.483,-0.001,0.307,0.006,0.19,0.001,-0.001,0,0.003,0.001,0.06615,0.668588,-0.643781,0.017252,-0.993902,-0.010543,single_joint_sine,1,0.3,30
0.7588,0.518433,0,-0.523599,0,0,0,0.513,-0.049,-0.483,-0.001,0.307,0.006,0.152,0,0.003,0.003,0.036,0.001,0.100406,0.679219,-0.628425,0.020127,-1.002528,-0.001917,single_joint_sine,1,0.3,30
0.7622,0.518893,0,-0.523599,0,0,0,0.514,-0.049,-0.483,-0.001,0.308,0.006,0.121,0,-0.002,0.001,0.009,0.009,0.174825,0.679219,-0.646144,0.022044,-0.995819,0.002875,single_joint_sine,1,0.3,30
0.7656,0.519341,0,-0.523599,0,0,0,0.514,-0.049,-0.483,-0.001,0.308,0.006,0.121,0,-0.002,0.001,0.009,0.009,0.174825,0.679219,-0.646144,0.022044,-0.995819,0.002875,single_joint_sine,1,0.3,30
0.7693,0.519795,0,-0.523599,0,0,0,0.514,-0.049,-0.483,-0.001,0.307,0.006,0.121,0.002,-0.002,0.001,0.005,0.009,0.174825,0.67095,-0.646144,0.022044,-0.991027,0.002875,single_joint_sine,1,0.3,30
0.7727,0.520188,0,-0.523599,0,0,0,0.515,-0.049,-0.483,-0.001,0.307,0.006,0.177,0,0.001,0.03,0.005,-0.013,-0.012994,0.668588,-0.637875,0.019169,-0.991027,0.01246,single_joint_sine,1,0.3,30
0.7762,0.520566,0,-0.523599,0,0,0,0.515,-0.049,-0.483,-0.001,0.307,0.006,0.177,0,0.001,0.03,0.005,-0.013,-0.012994,0.668588,-0.637875,0.019169,-0.991027,0.01246,single_joint_sine,1,0.3,30
0.7798,0.52094,0,-0.523599,0,0,0,0.516,-0.049,-0.483,-0.001,0.308,0.006,0.129,0,0,-0.009,0.019,-0.082,0.112219,0.674494,-0.615431,0.022044,-1.00732,-0.013418,single_joint_sine,1,0.3,30
0.7832,0.521267,0,-0.523599,0,0,0,0.517,-0.049,-0.483,-0.001,0.308,0.006,0.147,0,0,-0.028,0.023,-0.082,0.070875,0.674494,-0.615431,0.031629,-0.988152,-0.013418,single_joint_sine,1,0.3,30
0.7866,0.521572,0,-0.523599,0,0,0,0.517,-0.049,-0.483,-0.001,0.308,0.006,0.147,0,0,-0.028,0.023,-0.082,0.070875,0.674494,-0.615431,0.031629,-0.988152,-0.013418,single_joint_sine,1,0.3,30
0.7902,0.521866,0,-0.523599,0,0,0,0.517,-0.049,-0.483,-0.001,0.308,0.006,0.147,0.001,-0.001,-0.028,0.023,-0.011,0.070875,0.674494,-0.636694,0.031629,-0.988152,0.007668,single_joint_sine,1,0.3,30
0.7936,0.522128,0,-0.523599,0,0,0,0.518,-0.049,-0.483,-0.001,0.308,0.006,0.13,0,0.001,0.017,0.007,0.011,0.029531,0.685125,-0.631969,0.027795,-0.996778,-0.025878,single_joint_sine,1,0.3,30
0.797,0.522368,0,-0.523599,0,0,0,0.518,-0.049,-0.483,-0.001,0.308,0.006,0.098,0.004,0.002,0.013,0.038,0.011,0.025987,0.685125,-0.6426,0.021086,-1.005404,-0.025878,single_joint_sine,1,0.3,30
0.8005,0.522596,0,-0.523599,0,0,0,0.518,-0.049,-0.483,-0.001,0.308,0.006,0.098,0.004,0.002,0.013,0.038,0.032,0.025987,0.685125,-0.6426,0.021086,-1.005404,-0.035462,single_joint_sine,1,0.3,30
0.8039,0.522794,0,-0.523599,0,0,0,0.519,-0.049,-0.483,-0.001,0.308,0.006,0.015,0.004,0.002,0.013,0.023,0.032,0.191362,0.685125,-0.6426,0.021086,-1.01403,-0.035462,single_joint_sine,1,0.3,30
0.8073,0.522969,0,-0.523599,0,0,0,0.519,-0.049,-0.483,-0.001,0.308,0.006,0.015,0,-0.004,-0.009,0.023,0.013,0.191362,0.67095,-0.63315,0.015335,-1.01403,0.001917,single_joint_sine,1,0.3,30
0.8108,0.523125,0,-0.523599,0,0,0,0.519,-0.049,-0.483,-0.001,0.308,0.006,0.015,0,-0.004,-0.009,0.023,0.013,0.191362,0.67095,-0.63315,0.015335,-1.01403,0.001917,single_joint_sine,1,0.3,30
0.8146,0.523271,0,-0.523599,0,0,0,0.519,-0.049,-0.483,-0.001,0.308,0.006,0.063,-0.004,0,0.011,-0.007,-0.017,0.057881,0.672131,-0.628425,0.020127,-0.996778,0.01821,single_joint_sine,1,0.3,30
0.818,0.523379,0,-0.523599,0,0,0,0.52,-0.049,-0.483,-0.001,0.308,0.006,0.116,-0.004,0,-0.015,0.009,-0.017,-0.029531,0.672131,-0.628425,0.036421,-0.991985,0.01821,single_joint_sine,1,0.3,30
0.8214,0.523467,0,-0.523599,0,0,0,0.52,-0.049,-0.483,-0.001,0.308,0.006,0.116,-0.004,0,-0.015,0.009,-0.017,-0.029531,0.672131,-0.628425,0.036421,-0.991985,0.01821,single_joint_sine,1,0.3,30
0.8249,0.523532,0,-0.523599,0,0,0,0.52,-0.049,-0.483,-0.001,0.308,0.006,0.116,0.002,-0.005,-0.015,0.009,0,-0.029531,0.673312,-0.631969,0.036421,-0.991985,-0.005751,single_joint_sine,1,0.3,30
0.8283,0.523575,0,-0.523599,0,0,0,0.52,-0.049,-0.483,-0.001,0.308,0.006,0.051,0.001,-0.002,0.003,-0.003,0.021,0.055519,0.683944,-0.636694,0.026836,-1.000611,-0.005751,single_joint_sine,1,0.3,30
0.8316,0.523596,0,-0.523599,0,0,0,0.52,-0.049,-0.483,-0.001,0.308,0.006,0,0,0,0.003,-0.003,0.021,0.072056,0.682762,-0.63315,0.026836,-1.000611,-0.005751,single_joint_sine,1,0.3,30
0.8351,0.523596,0,-0.523599,0,0,0,0.52,-0.049,-0.483,-0.001,0.308,0.006,0,0,0,0.021,0.007,-0.017,0.072056,0.682762,-0.63315,0.022044,-0.997736,0.007668,single_joint_sine,1,0.3,30
0.8385,0.523574,0,-0.523599,0,0,0,0.52,-0.049,-0.483,-0.001,0.308,0.006,0.007,0,0,0.021,0.005,-0.017,0.074419,0.682762,-0.63315,0.022044,-0.995819,0.007668,single_joint_sine,1,0.3,30
0.8419,0.523531,0,-0.523599,0,0,0,0.52,-0.049,-0.483,-0.001,0.308,0.006,0.007,-0.004,0,0.017,0.005,-0.017,0.074419,0.681581,-0.635512,0.013418,-0.995819,0.007668,single_joint_sine,1,0.3,30
0.8454,0.523464,0,-0.523599,0,0,0,0.52,-0.049,-0.483,-0.001,0.308,0.006,0.007,-0.004,0,0.017,0.005,0.009,0.074419,0.681581,-0.635512,0.013418,-0.995819,0.010543,single_joint_sine,1,0.3,30
0.8488,0.523377,0,-0.523599,0,0,0,0.52,-0.049,-0.483,-0.001,0.308,0.006,-0.009,0,0.005,0.003,-0.017,0,0.049612,0.687487,-0.639056,0.020127,-1.00157,0.001917,single_joint_sine,1,0.3,30
0.8522,0.523269,0,-0.523599,0,0,0,0.52,-0.049,-0.483,-0.001,0.308,0.006,-0.01,0,0.005,0.003,0.005,0,0.042525,0.687487,-0.639056,0.020127,-1.004445,0.001917,single_joint_sine,1,0.3,30
0.8559,0.523126,0,-0.523599,0,0,0,0.52,-0.049,-0.483,-0.001,0.308,0.006,-0.01,0,0.005,0.003,0.005,0,0.042525,0.687487,-0.639056,0.020127,-1.004445,0.001917,single_joint_sine,1,0.3,30
0.8596,0.522957,0,-0.523599,0,0,0,0.52,-0.049,-0.483,-0.001,0.308,0.006,-0.01,0,0.004,-0.001,0.005,0,0.042525,0.679219,-0.628425,0.026836,-1.004445,0.002875,single_joint_sine,1,0.3,30
0.863,0.522781,0,-0.523599,0,0,0,0.52,-0.049,-0.483,-0.001,0.308,0.006,-0.025,0,0.003,-0.009,-0.017,-0.007,0.001181,0.683944,-0.629606,0.035462,-1.010196,0.004792,single_joint_sine,1,0.3,30
0.8664,0.522583,0,-0.523599,0,0,0,0.52,-0.049,-0.483,-0.001,0.308,0.006,-0.009,0,0.003,-0.009,-0.017,-0.007,-0.076781,0.683944,-0.629606,0.035462,-1.010196,0.004792,single_joint_sine,1,0.3,30
0.8699,0.522358,0,-0.523599,0,0,0,0.52,-0.049,-0.483,-0.001,0.308,0.006,-0.009,-0.001,-0.003,-0.001,0.003,0.005,-0.076781,0.685125,-0.640238,0.031629,-1.004445,-0.001917,single_joint_sine,1,0.3,30
0.8733,0.522116,0,-0.523599,0,0,0,0.52,-0.049,-0.483,-0.001,0.308,0.006,-0.005,-0.001,-0.003,-0.001,-0.001,0.005,-0.135844,0.685125,-0.640238,0.031629,-0.992944,-0.001917,single_joint_sine,1,0.3,30
0.8767,0.521853,0,-0.523599,0,0,0,0.52,-0.049,-0.483,-0.001,0.308,0.006,-0.005,0,-0.003,-0.001,-0.001,0.005,-0.135844,0.686306,-0.640238,0.031629,-0.992944,-0.001917,single_joint_sine,1,0.3,30
0.8804,0.521539,0,-0.523599,0,0,0,0.52,-0.049,-0.483,-0.001,0.308,0.006,-0.005,0,0.001,-0.001,-0.001,-0.005,-0.135844,0.686306,-0.646144,0.025878,-0.992944,0,single_joint_sine,1,0.3,30
0.8838,0.521231,0,-0.523599,0,0,0,0.52,-0.049,-0.483,-0.001,0.308,0.006,-0.013,0,0.003,0.009,-0.007,0,-0.196087,0.691031,-0.634331,0.023003,-0.997736,-0.002875,single_joint_sine,1,0.3,30
0.8872,0.520903,0,-0.523599,0,0,0,0.519,-0.049,-0.483,-0.001,0.308,0.006,-0.027,0,0.003,0,0.015,0,-0.211444,0.691031,-0.634331,0.025878,-1.017863,-0.002875,single_joint_sine,1,0.3,30
0.8908,0.520534,0,-0.523599,0,0,0,0.519,-0.049,-0.483,-0.001,0.308,0.006,-0.027,0,0.003,0,0.015,0,-0.211444,0.691031,-0.634331,0.025878,-1.017863,-0.002875,single_joint_sine,1,0.3,30
0.8942,0.52016,0,-0.523599,0,0,0,0.519,-0.049,-0.483,-0.001,0.308,0.006,-0.027,0.002,0,0,0.015,0.009,-0.211444,0.668588,-0.646144,0.025878,-1.017863,0,single_joint_sine,1,0.3,30
0.8976,0.519766,0,-0.523599,0,0,0,0.519,-0.049,-0.483,-0.001,0.308,0.006,-0.035,0.001,0.002,0.005,0.021,-0.026,-0.206719,0.681581,-0.631969,0.016293,-1.009237,0.022044,single_joint_sine,1,0.3,30
0.9012,0.519322,0,-0.523599,0,0,0,0.519,-0.049,-0.483,-0.001,0.308,0.006,-0.035,0.001,0.002,0.005,0.021,-0.026,-0.206719,0.681581,-0.631969,0.016293,-1.009237,0.022044,single_joint_sine,1,0.3,30
0.9051,0.518821,0,-0.523599,0,0,0,0.519,-0.049,-0.483,-0.001,0.308,0.006,-0.104,0,0.003,-0.017,0.013,0.067,-0.145294,0.674494,-0.6237,0.045047,-0.996778,0.007668,single_joint_sine,1,0.3,30
0.9085,0.518358,0,-0.523599,0,0,0,0.518,-0.049,-0.483,-0.001,0.308,0.006,-0.09,0,0.003,-0.017,0.007,0.067,-0.235069,0.674494,-0.6237,0.045047,-0.996778,0.007668,single_joint_sine,1,0.3,30
0.9118,0.517875,0,-0.523599,0,0,0,0.518,-0.049,-0.483,-0.001,0.308,0.006,-0.09,-0.003,0,0.04,0.007,0.067,-0.235069,0.679219,-0.626062,0.016293,-0.996778,0.007668,single_joint_sine,1,0.3,30
0.9153,0.517358,0,-0.523599,0,0,0,0.518,-0.049,-0.483,-0.001,0.308,0.006,-0.09,-0.003,0,0.04,0.007,-0.019,-0.235069,0.679219,-0.626062,0.016293,-0.996778,0.009584,single_joint_sine,1,0.3,30
0.9187,0.516831,0,-0.523599,0,0,0,0.518,-0.049,-0.483,-0.001,0.308,0.006,-0.023,0.001,0,-0.023,-0.013,0,-0.383906,0.668588,-0.628425,0.026836,-0.994861,0.000958,single_joint_sine,1,0.3,30
0.9221,0.516282,0,-0.523599,0,0,0,0.517,-0.049,-0.483,-0.001,0.308,0.006,-0.055,0.001,0,-0.017,0.013,0,-0.309487,0.668588,-0.628425,0.032587,-1.009237,0.000958,single_joint_sine,1,0.3,30
0.9258,0.515658,0,-0.523599,0,0,0,0.517,-0.049,-0.483,-0.001,0.308,0.006,-0.055,0.001,0,-0.017,0.013,0,-0.309487,0.668588,-0.628425,0.032587,-1.009237,0.000958,single_joint_sine,1,0.3,30
0.9294,0.515034,0,-0.523599,0,0,0,0.517,-0.049,-0.483,-0.001,0.308,0.006,-0.055,-0.002,0,-0.017,0.013,-0.001,-0.309487,0.686306,-0.639056,0.032587,-1.009237,0.01246,single_joint_sine,1,0.3,30
0.9328,0.51442,0,-0.523599,0,0,0,0.516,-0.049,-0.483,-0.001,0.308,0.006,-0.147,-0.001,-0.008,-0.007,-0.005,-0.013,-0.265781,0.679219,-0.624881,0.032587,-1.006362,0,single_joint_sine,1,0.3,30
0.9362,0.513783,0,-0.523599,0,0,0,0.516,-0.049,-0.483,-0.001,0.308,0.006,-0.147,-0.001,-0.008,-0.007,-0.005,-0.013,-0.265781,0.679219,-0.624881,0.032587,-1.006362,0,single_joint_sine,1,0.3,30
0.9397,0.513116,0,-0.523599,0,0,0,0.516,-0.049,-0.483,-0.001,0.308,0.006,-0.105,0.001,-0.003,0.013,-0.023,-0.007,-0.3024,0.679219,-0.637875,0.013418,-1.00732,-0.008626,single_joint_sine,1,0.3,30
0.9431,0.512438,0,-0.523599,0,0,0,0.515,-0.049,-0.483,-0.001,0.308,0.006,-0.179,0.001,-0.003,0.013,-0.009,-0.007,-0.251606,0.679219,-0.637875,0.013418,-0.997736,-0.008626,single_joint_sine,1,0.3,30
0.9465,0.511728,0,-0.523599,0,0,0,0.515,-0.049,-0.483,-0.001,0.308,0.006,-0.179,-0.002,-0.003,0.013,-0.009,-0.007,-0.251606,0.678037,-0.637875,0.013418,-0.997736,-0.008626,single_joint_sine,1,0.3,30
0.95,0.510995,0,-0.523599,0,0,0,0.515,-0.049,-0.483,-0.001,0.308,0.006,-0.179,-0.002,-0.003,-0.011,-0.009,0.003,-0.251606,0.678037,-0.636694,0.023961,-0.997736,0,single_joint_sine,1,0.3,30
0.9534,0.510255,0,-0.523599,0,0,0,0.514,-0.049,-0.483,-0.001,0.308,0.006,-0.147,0,-0.005,0.009,0.017,0,-0.314213,0.681581,-0.63315,0.015335,-1.00157,0,single_joint_sine,1,0.3,30
0.9568,0.509492,0,-0.523599,0,0,0,0.513,-0.049,-0.483,-0.001,0.308,0.006,-0.155,0,-0.005,-0.001,0.017,0,-0.308306,0.681581,-0.63315,0.019169,-1.00157,0,single_joint_sine,1,0.3,30
0.9602,0.508697,0,-0.523599,0,0,0,0.513,-0.049,-0.483,-0.001,0.308,0.006,-0.155,0,-0.005,-0.001,0.007,0,-0.308306,0.681581,-0.63315,0.019169,-0.998694,0,single_joint_sine,1,0.3,30
0.9636,0.507894,0,-0.523599,0,0,0,0.513,-0.049,-0.483,-0.001,0.308,0.006,-0.155,-0.001,0.006,-0.001,0.007,-0.003,-0.308306,0.681581,-0.6426,0.019169,-0.998694,0.009584,single_joint_sine,1,0.3,30
0.967,0.507055,0,-0.523599,0,0,0,0.511,-0.049,-0.483,-0.001,0.308,0.006,-0.204,0,-0.005,0.005,0.005,-0.013,-0.288225,0.676856,-0.626062,0.022044,-0.997736,0.005751,single_joint_sine,1,0.3,30
0.9705,0.506185,0,-0.523599,0,0,0,0.511,-0.049,-0.483,-0.001,0.308,0.006,-0.204,0,-0.005,0.005,0.005,-0.013,-0.288225,0.676856,-0.626062,0.022044,-0.997736,0.005751,single_joint_sine,1,0.3,30
0.974,0.505304,0,-0.523599,0,0,0,0.51,-0.049,-0.483,-0.001,0.308,0.006,-0.226,-0.001,0,-0.007,0.001,-0.005,-0.192544,0.681581,-0.635512,0.022044,-1.006362,0.005751,single_joint_sine,1,0.3,30
0.9774,0.504417,0,-0.523599,0,0,0,0.51,-0.049,-0.483,-0.001,0.308,0.006,-0.226,-0.001,0,-0.007,0.019,-0.005,-0.192544,0.681581,-0.635512,0.022044,-0.997736,0.005751,single_joint_sine,1,0.3,30
0.9808,0.503495,0,-0.523599,0,0,0,0.51,-0.049,-0.483,-0.001,0.308,0.006,-0.226,-0.001,0,-0.007,0.019,-0.005,-0.192544,0.681581,-0.635512,0.022044,-0.997736,0.005751,single_joint_sine,1,0.3,30
0.9843,0.502538,0,-0.523599,0,0,0,0.508,-0.049,-0.483,-0.001,0.308,0.006,-0.233,0,0.005,0.001,0.019,0.011,-0.204356,0.682762,-0.640238,0.022044,-0.997736,0.001917,single_joint_sine,1,0.3,30
0.9877,0.501585,0,-0.523599,0,0,0,0.507,-0.049,-0.483,-0.001,0.308,0.006,-0.242,0,0.005,0.019,0.026,0.007,-0.216169,0.682762,-0.634331,0.020127,-1.016905,-0.004792,single_joint_sine,1,0.3,30
0.9912,0.500599,0,-0.523599,0,0,0,0.507,-0.049,-0.483,-0.001,0.308,0.006,-0.242,0,0.005,0.019,0.026,0.007,-0.216169,0.682762,-0.634331,0.020127,-1.016905,-0.004792,single_joint_sine,1,0.3,30
0.9946,0.499581,0,-0.523599,0,0,0,0.505,-0.049,-0.483,-0.001,0.308,0.006,-0.259,0,0.005,-0.003,0.03,0.007,-0.275231,0.682762,-0.634331,0.029712,-0.987193,-0.004792,single_joint_sine,1,0.3,30
0.998,0.498567,0,-0.523599,0,0,0,0.505,-0.049,-0.483,-0.001,0.308,0.006,-0.259,0,-0.005,-0.003,0.03,0.003,-0.275231,0.678037,-0.631969,0.029712,-0.987193,0.000958,single_joint_sine,1,0.3,30
1.0015,0.497514,0,-0.523599,0,0,0,0.503,-0.049,-0.483,-0.001,0.308,0.006,-0.273,0,-0.005,-0.003,0.03,0.003,-0.181913,0.678037,-0.631969,0.029712,-0.987193,0.000958,single_joint_sine,1,0.3,30
1.0051,0.49638,0,-0.523599,0,0,0,0.503,-0.049,-0.483,-0.001,0.308,0.006,-0.273,0,-0.001,0,-0.009,0.013,-0.181913,0.672131,-0.628425,0.029712,-0.973775,0.000958,single_joint_sine,1,0.3,30
1.0085,0.495303,0,-0.523599,0,0,0,0.501,-0.049,-0.483,-0.001,0.308,0.006,-0.33,-0.001,-0.003,0.003,-0.003,-0.009,-0.1512,0.688669,-0.631969,0.023961,-1.000611,0.000958,single_joint_sine,1,0.3,30
1.0119,0.494214,0,-0.523599,0,0,0,0.499,-0.049,-0.483,-0.001,0.308,0.006,-0.279,-0.001,-0.003,0.003,-0.003,-0.009,-0.263419,0.688669,-0.631969,0.023961,-1.000611,0.000958,single_joint_sine,1,0.3,30
1.0154,0.493069,0,-0.523599,0,0,0,0.499,-0.049,-0.483,-0.001,0.308,0.006,-0.279,-0.001,-0.003,0.003,-0.001,-0.009,-0.263419,0.688669,-0.631969,0.023961,-1.003487,0.000958,single_joint_sine,1,0.3,30
1.0188,0.49193,0,-0.523599,0,0,0,0.499,-0.049,-0.483,-0.001,0.308,0.006,-0.279,-0.002,0.002,0.03,-0.001,0.007,-0.263419,0.678037,-0.637875,0.002875,-1.003487,-0.005751,single_joint_sine,1,0.3,30
1.0222,0.49077,0,-0.523599,0,0,0,0.497,-0.049,-0.483,0,0.308,0.006,-0.309,0.002,-0.004,0.036,-0.005,-0.017,-0.220894,0.675675,-0.634331,0.015335,-1.00157,0.019169,single_joint_sine,1,0.3,30
1.0256,0.489575,0,-0.523599,0,0,0,0.497,-0.049,-0.483,0,0.308,0.006,-0.309,0.002,-0.004,0.036,-0.005,-0.017,-0.220894,0.675675,-0.634331,0.015335,-1.00157,0.019169,single_joint_sine,1,0.3,30
1.0294,0.488261,0,-0.523599,0,0,0,0.494,-0.049,-0.483,-0.001,0.308,0.006,-0.312,0.002,0.003,-0.028,-0.038,-0.017,-0.369731,0.675675,-0.646144,0.042171,-0.993902,0.019169,single_joint_sine,1,0.3,30
1.0328,0.48704,0,-0.523599,0,0,0,0.494,-0.049,-0.483,-0.001,0.308,0.006,-0.312,0.003,0.003,-0.028,-0.038,-0.017,-0.369731,0.674494,-0.646144,0.042171,-0.993902,0.019169,single_joint_sine,1,0.3,30
1.0362,0.485788,0,-0.523599,0,0,0,0.494,-0.049,-0.483,-0.001,0.308,0.006,-0.312,0.003,0.003,-0.028,-0.038,-0.03,-0.369731,0.674494,-0.646144,0.042171,-0.993902,-0.023003,single_joint_sine,1,0.3,30
1.0398,0.484457,0,-0.523599,0,0,0,0.492,-0.049,-0.483,-0.001,0.308,0.006,-0.332,0.001,0,-0.019,0.019,0.042,-0.268144,0.673312,-0.636694,0.038338,-0.999653,-0.005751,single_joint_sine,1,0.3,30
1.0432,0.483174,0,-0.523599,0,0,0,0.49,-0.049,-0.483,-0.001,0.308,0.006,-0.395,0,0.002,0.013,0.007,0.005,-0.105131,0.675675,-0.621337,0.01821,-1.000611,0.016293,single_joint_sine,1,0.3,30
1.0466,0.481853,0,-0.523599,0,0,0,0.487,-0.049,-0.483,-0.001,0.308,0.006,-0.361,0,0.002,0.013,0.007,0.005,-0.206719,0.675675,-0.621337,0.01821,-1.000611,0.016293,single_joint_sine,1,0.3,30
1.0503,0.480423,0,-0.523599,0,0,0,0.487,-0.049,-0.483,-0.001,0.308,0.006,-0.361,0,0.002,0.013,-0.013,0.005,-0.206719,0.675675,-0.621337,0.01821,-0.995819,0.016293,single_joint_sine,1,0.3,30
1.0537,0.479078,0,-0.523599,0,0,0,0.487,-0.049,-0.483,-0.001,0.308,0.006,-0.361,-0.001,0.001,-0.017,-0.013,-0.011,-0.206719,0.686306,-0.644962,0.023961,-0.995819,0.004792,single_joint_sine,1,0.3,30
1.0571,0.477714,0,-0.523599,0,0,0,0.484,-0.049,-0.483,0,0.308,0.006,-0.376,0,0,0.019,-0.009,0,-0.303581,0.663863,-0.630787,0.027795,-0.993902,-0.01246,single_joint_sine,1,0.3,30
1.0606,0.476301,0,-0.523599,0,0,0,0.484,-0.049,-0.483,0,0.308,0.006,-0.376,0,0,0.019,-0.009,0,-0.303581,0.663863,-0.630787,0.027795,-0.993902,-0.01246,single_joint_sine,1,0.3,30
1.064,0.474874,0,-0.523599,0,0,0,0.482,-0.049,-0.483,-0.001,0.308,0.006,-0.371,0,-0.006,-0.03,0.001,0,-0.281137,0.663863,-0.624881,0.058465,-1.06291,-0.01246,single_joint_sine,1,0.3,30
1.0674,0.473451,0,-0.523599,0,0,0,0.482,-0.049,-0.483,-0.001,0.308,0.006,-0.371,0.001,-0.006,-0.03,0.001,0.011,-0.281137,0.685125,-0.624881,0.058465,-1.06291,-0.002875,single_joint_sine,1,0.3,30
1.0709,0.471984,0,-0.523599,0,0,0,0.482,-0.049,-0.483,-0.001,0.308,0.006,-0.371,0.001,-0.006,-0.03,0.001,0.011,-0.281137,0.685125,-0.624881,0.058465,-1.06291,-0.002875,single_joint_sine,1,0.3,30
1.0744,0.470488,0,-0.523599,0,0,0,0.479,-0.049,-0.483,-0.001,0.308,0.006,-0.431,0,-0.006,-0.032,0.026,0.005,-0.157106,0.6804,-0.629606,0.016293,-0.991027,0.002875,single_joint_sine,1,0.3,30
1.0778,0.469005,0,-0.523599,0,0,0,0.476,-0.049,-0.483,-0.001,0.308,0.006,-0.41,0.003,0.002,0.013,0.024,-0.009,-0.257512,0.678037,-0.644962,0.03067,-1.013071,0.009584,single_joint_sine,1,0.3,30
1.0812,0.467495,0,-0.523599,0,0,0,0.476,-0.049,-0.483,-0.001,0.308,0.006,-0.41,0.003,0.002,0.013,0.024,-0.009,-0.257512,0.678037,-0.644962,0.03067,-1.013071,0.009584,single_joint_sine,1,0.3,30
1.0847,0.465906,0,-0.523599,0,0,0,0.473,-0.049,-0.483,-0.001,0.308,0.006,-0.421,0.003,0.002,0.013,-0.009,-0.009,-0.3024,0.678037,-0.644962,0.03067,-0.98911,0.009584,single_joint_sine,1,0.3,30
1.0881,0.464365,0,-0.523599,0,0,0,0.473,-0.049,-0.483,-0.001,0.308,0.006,-0.421,0.002,0.001,-0.036,-0.009,0.019,-0.3024,0.686306,-0.630787,0.041213,-0.98911,0.002875,single_joint_sine,1,0.3,30
1.0916,0.462775,0,-0.523599,0,0,0,0.47,-0.049,-0.483,-0.001,0.308,0.006,-0.43,0.002,0.001,-0.036,-0.009,0.019,-0.271688,0.686306,-0.630787,0.041213,-0.98911,0.002875,single_joint_sine,1,0.3,30
1.0951,0.461122,0,-0.523599,0,0,0,0.47,-0.049,-0.483,-0.001,0.308,0.006,-0.43,0.003,0,-0.005,0.019,-0.001,-0.271688,0.675675,-0.628425,0.031629,-1.004445,0.005751,single_joint_sine,1,0.3,30
1.0985,0.459523,0,-0.523599,0,0,0,0.466,-0.049,-0.483,-0.001,0.308,0.006,-0.499,0.003,0,-0.007,-0.001,-0.001,-0.064969,0.675675,-0.639056,0.03067,-1.005404,0.005751,single_joint_sine,1,0.3,30
1.1019,0.457923,0,-0.523599,0,0,0,0.466,-0.049,-0.483,-0.001,0.308,0.006,-0.499,0.003,0,-0.007,-0.001,-0.001,-0.064969,0.675675,-0.639056,0.03067,-1.005404,0.005751,single_joint_sine,1,0.3,30
1.1054,0.456221,0,-0.523599,0,0,0,0.466,-0.049,-0.483,-0.001,0.308,0.006,-0.499,0,0,-0.007,-0.001,0.005,-0.064969,0.676856,-0.639056,0.03067,-1.005404,0.014377,single_joint_sine,1,0.3,30
1.1092,0.454396,0,-0.523599,0,0,0,0.463,-0.049,-0.483,-0.001,0.308,0.006,-0.461,0.001,-0.002,0.011,-0.015,0,-0.214987,0.674494,-0.639056,0.016293,-0.995819,0.000958,single_joint_sine,1,0.3,30
1.1126,0.452721,0,-0.523599,0,0,0,0.46,-0.049,-0.483,-0.001,0.308,0.006,-0.475,0.001,0.004,-0.003,0.015,0.011,-0.2268,0.679219,-0.646144,0.040254,-1.002528,-0.005751,single_joint_sine,1,0.3,30
1.116,0.451031,0,-0.523599,0,0,0,0.46,-0.049,-0.483,-0.001,0.308,0.006,-0.475,0.001,0.004,-0.003,0.015,0.011,-0.2268,0.679219,-0.646144,0.040254,-1.002528,-0.005751,single_joint_sine,1,0.3,30
1.1198,0.449087,0,-0.523599,0,0,0,0.456,-0.049,-0.483,-0.001,0.308,0.006,-0.493,0.001,0.004,-0.003,-0.011,0.011,-0.201994,0.679219,-0.646144,0.040254,-0.990069,-0.005751,single_joint_sine,1,0.3,30
1.1232,0.447352,0,-0.523599,0,0,0,0.456,-0.049,-0.483,-0.001,0.308,0.006,-0.493,0,0.006,-0.003,-0.011,0.011,-0.201994,0.678037,-0.641419,0.040254,-0.990069,-0.005751,single_joint_sine,1,0.3,30
1.1267,0.445576,0,-0.523599,0,0,0,0.453,-0.049,-0.483,-0.001,0.308,0.006,-0.513,0,0.006,0.009,-0.011,-0.007,-0.218531,0.678037,-0.641419,0.029712,-0.990069,0.002875,single_joint_sine,1,0.3,30
1.1301,0.443803,0,-0.523599,0,0,0,0.453,-0.049,-0.483,-0.001,0.308,0.006,-0.513,0,0.002,-0.003,0.009,0,-0.218531,0.692213,-0.6237,0.032587,-1.009237,0.002875,single_joint_sine,1,0.3,30
1.1335,0.442014,0,-0.523599,0,0,0,0.449,-0.049,-0.483,-0.001,0.308,0.006,-0.533,0,-0.003,0.015,0.005,0,-0.214987,0.692213,-0.631969,0.017252,-1.006362,0.002875,single_joint_sine,1,0.3,30
1.1369,0.440176,0,-0.523599,0,0,0,0.449,-0.049,-0.483,-0.001,0.308,0.006,-0.533,0,-0.003,0.015,0.005,0,-0.214987,0.682762,-0.631969,0.017252,-1.006362,0.002875,single_joint_sine,1,0.3,30
1.1404,0.438326,0,-0.523599,0,0,0,0.449,-0.049,-0.483,-0.001,0.308,0.006,-0.533,0,-0.003,0.015,0.005,-0.013,-0.214987,0.682762,-0.631969,0.017252,-1.006362,0.017252,single_joint_sine,1,0.3,30
1.1439,0.436432,0,-0.523599,0,0,0,0.445,-0.049,-0.483,-0.001,0.308,0.006,-0.518,0,-0.002,-0.019,-0.026,-0.003,-0.259875,0.674494,-0.644962,0.027795,-0.993902,-0.001917,single_joint_sine,1,0.3,30
1.1473,0.434569,0,-0.523599,0,0,0,0.442,-0.049,-0.483,-0.001,0.308,0.006,-0.559,0,0,-0.005,0.021,-0.005,-0.168919,0.686306,-0.637875,0.032587,-0.999653,-0.002875,single_joint_sine,1,0.3,30
1.1507,0.43266,0,-0.523599,0,0,0,0.442,-0.049,-0.483,-0.001,0.308,0.006,-0.559,0,0,-0.005,0.021,-0.005,-0.168919,0.686306,-0.637875,0.032587,-0.999653,-0.002875,single_joint_sine,1,0.3,30
1.1546,0.430468,0,-0.523599,0,0,0,0.438,-0.049,-0.483,-0.001,0.308,0.006,-0.55,0,0,-0.005,0.007,-0.005,-0.230344,0.686306,-0.637875,0.032587,-1.00157,-0.002875,single_joint_sine,1,0.3,30
1.158,0.428549,0,-0.523599,0,0,0,0.438,-0.049,-0.483,-0.001,0.308,0.006,-0.55,0,-0.001,0.013,0.007,0.009,-0.230344,0.67095,-0.629606,0.021086,-1.00157,-0.158143,single_joint_sine,1,0.3,30
1.1615,0.426579,0,-0.523599,0,0,0,0.434,-0.049,-0.483,-0.001,0.308,0.006,-0.523,0,-0.002,0.013,0.007,0.009,-0.385087,0.674494,-0.629606,0.021086,-1.00157,-0.158143,single_joint_sine,1,0.3,30
1.1654,0.424315,0,-0.523599,0,0,0,0.434,-0.049,-0.483,-0.001,0.308,0.007,-0.523,0,-0.002,0,0.023,0.038,-0.385087,0.674494,-0.629606,0.014377,-1.002528,0.004792,single_joint_sine,1,0.3,30
1.1692,0.422133,0,-0.523599,0,0,0,0.43,-0.049,-0.483,-0.001,0.308,0.007,-0.591,0,0.002,-0.017,0.003,0.038,-0.172462,0.674494,-0.639056,0.052714,-1.00732,0.004792,single_joint_sine,1,0.3,30
1.1726,0.420139,0,-0.523599,0,0,0,0.43,-0.049,-0.483,-0.001,0.308,0.006,-0.591,-0.001,0.002,-0.017,0.003,-0.024,-0.172462,0.683944,-0.639056,0.052714,-1.00732,0.013418,single_joint_sine,1,0.3,30
1.1761,0.418065,0,-0.523599,0,0,0,0.43,-0.049,-0.483,-0.001,0.308,0.006,-0.591,-0.001,0.002,-0.017,0.003,-0.024,-0.172462,0.683944,-0.639056,0.052714,-1.00732,0.013418,single_joint_sine,1,0.3,30
1.1796,0.41599,0,-0.523599,0,0,0,0.426,-0.049,-0.483,-0.001,0.308,0.006,-0.569,0,0.002,-0.036,-0.003,-0.003,-0.290587,0.682762,-0.621337,0.04313,-0.998694,0,single_joint_sine,1,0.3,30
1.183,0.413944,0,-0.523599,0,0,0,0.422,-0.049,-0.483,-0.001,0.308,0.006,-0.552,0.004,0.001,0.021,-0.007,0.03,-0.36855,0.668588,-0.626062,-0.005751,-1.004445,0.004792,single_joint_sine,1,0.3,30
1.1864,0.411884,0,-0.523599,0,0,0,0.418,-0.049,-0.483,-0.001,0.308,0.006,-0.614,0.004,0.001,0.021,-0.007,0.03,-0.201994,0.668588,-0.626062,-0.005751,-1.004445,0.004792,single_joint_sine,1,0.3,30
1.1904,0.409438,0,-0.523599,0,0,0,0.418,-0.049,-0.483,-0.001,0.308,0.006,-0.614,0.004,0.001,0.021,-0.013,0.03,-0.201994,0.668588,-0.626062,-0.005751,-1.005404,0.004792,single_joint_sine,1,0.3,30
1.1938,0.407338,0,-0.523599,0,0,0,0.418,-0.049,-0.483,-0.001,0.308,0.006,-0.614,0,0,0.019,-0.013,-0.015,-0.201994,0.674494,-0.640238,0.041213,-1.005404,0.016293,single_joint_sine,1,0.3,30
1.1972,0.405223,0,-0.523599,0,0,0,0.414,-0.049,-0.483,-0.001,0.308,0.006,-0.588,0.001,-0.001,0,-0.001,-0.003,-0.363825,0.679219,-0.639056,-0.010543,-0.995819,0.009584,single_joint_sine,1,0.3,30
1.2007,0.402992,0,-0.523599,0,0,0,0.414,-0.049,-0.483,-0.001,0.308,0.006,-0.588,0.001,-0.001,0,-0.001,-0.003,-0.363825,0.679219,-0.639056,-0.010543,-0.995819,0.009584,single_joint_sine,1,0.3,30
1.2044,0.400677,0,-0.523599,0,0,0,0.41,-0.049,-0.483,-0.001,0.308,0.006,-0.596,0.001,0,0.038,0.007,0.001,-0.276412,0.679219,-0.65205,0.006709,-0.998694,-0.003834,single_joint_sine,1,0.3,30
1.2078,0.398509,0,-0.523599,0,0,0,0.41,-0.049,-0.483,-0.001,0.308,0.006,-0.596,0.001,0,0.038,0.007,0.001,-0.276412,0.667406,-0.65205,0.006709,-0.998694,-0.003834,single_joint_sine,1,0.3,30
1.2112,0.396298,0,-0.523599,0,0,0,0.41,-0.049,-0.483,-0.001,0.308,0.006,-0.596,0.001,0,0.038,0.007,0.001,-0.276412,0.667406,-0.65205,0.006709,-0.998694,-0.003834,single_joint_sine,1,0.3,30
1.2146,0.394076,0,-0.523599,0,0,0,0.405,-0.049,-0.483,-0.001,0.308,0.006,-0.644,0.001,0,-0.011,-0.001,0.003,-0.240975,0.687487,-0.643781,0.026836,-0.988152,0.002875,single_joint_sine,1,0.3,30
1.218,0.391861,0,-0.523599,0,0,0,0.401,-0.049,-0.483,-0.001,0.308,0.006,-0.621,0,0.003,0.036,0,-0.009,-0.315394,0.693394,-0.631969,-0.020127,-1.025531,0.002875,single_joint_sine,1,0.3,30
1.2214,0.389629,0,-0.523599,0,0,0,0.401,-0.049,-0.483,-0.001,0.308,0.006,-0.621,0,0.003,0.036,0,-0.009,-0.315394,0.693394,-0.631969,-0.020127,-1.025531,0.002875,single_joint_sine,1,0.3,30
1.2252,0.387165,0,-0.523599,0,0,0,0.396,-0.049,-0.483,-0.001,0.308,0.006,-0.675,0,0.003,0.036,-0.009,-0.009,-0.1701,0.693394,-0.631969,-0.020127,-1.011154,0.002875,single_joint_sine,1,0.3,30
1.2286,0.384899,0,-0.523599,0,0,0,0.396,-0.049,-0.483,0,0.308,0.006,-0.675,0,0,0.055,-0.009,0.003,-0.1701,0.681581,-0.641419,0.015335,-1.011154,0,single_joint_sine,1,0.3,30
1.232,0.382615,0,-0.523599,0,0,0,0.392,-0.049,-0.483,-0.001,0.308,0.006,-0.644,0,-0.004,-0.036,0.001,0.001,-0.276412,0.694575,-0.624881,0.057506,-0.997736,-0.006709,single_joint_sine,1,0.3,30
1.2357,0.380097,0,-0.523599,0,0,0,0.392,-0.049,-0.483,-0.001,0.308,0.006,-0.644,0,-0.004,-0.036,0.001,0.001,-0.276412,0.694575,-0.624881,0.057506,-0.997736,-0.006709,single_joint_sine,1,0.3,30
1.2394,0.377566,0,-0.523599,0,0,0,0.387,-0.049,-0.483,-0.001,0.308,0.006,-0.661,0,0,-0.015,0.009,-0.003,-0.29295,0.694575,-0.635512,0.035462,-1.00157,0.001917,single_joint_sine,1,0.3,30
1.2428,0.375235,0,-0.523599,0,0,0,0.387,-0.049,-0.483,-0.001,0.308,0.006,-0.661,0,0,-0.015,0.009,-0.003,-0.29295,0.675675,-0.635512,0.035462,-1.00157,0.001917,single_joint_sine,1,0.3,30
1.2462,0.372887,0,-0.523599,0,0,0,0.387,-0.049,-0.483,-0.001,0.308,0.006,-0.661,0,0,-0.015,0.009,-0.003,-0.29295,0.675675,-0.635512,0.035462,-1.00157,0.001917,single_joint_sine,1,0.3,30
1.2497,0.37048,0,-0.523599,0,0,0,0.382,-0.049,-0.483,-0.001,0.308,0.006,-0.675,-0.001,0,-0.021,-0.009,0.003,-0.2457,0.666225,-0.640238,0.032587,-0.999653,0.004792,single_joint_sine,1,0.3,30
1.2531,0.368102,0,-0.523599,0,0,0,0.377,-0.049,-0.483,-0.001,0.308,0.006,-0.697,0,0.002,0.003,-0.013,0.003,-0.261056,0.67095,-0.628425,0.024919,-0.996778,0.005751,single_joint_sine,1,0.3,30
1.2569,0.365406,0,-0.523599,0,0,0,0.373,-0.049,-0.483,-0.001,0.308,0.006,-0.712,0,0.002,0.003,-0.003,0.003,-0.184275,0.67095,-0.628425,0.024919,-0.994861,0.005751,single_joint_sine,1,0.3,30
1.2608,0.362651,0,-0.523599,0,0,0,0.373,-0.049,-0.483,-0.001,0.308,0.006,-0.712,0,0.002,0.003,-0.003,0.003,-0.184275,0.67095,-0.628425,0.024919,-0.994861,0.005751,single_joint_sine,1,0.3,30
1.2642,0.360222,0,-0.523599,0,0,0,0.373,-0.049,-0.483,-0.001,0.308,0.006,-0.712,0,-0.004,0.026,-0.003,-0.001,-0.184275,0.679219,-0.630787,0.019169,-0.994861,-0.002875,single_joint_sine,1,0.3,30
1.2676,0.357779,0,-0.523599,0,0,0,0.367,-0.049,-0.483,-0.001,0.308,0.006,-0.721,0,0.003,-0.003,0.017,0.011,-0.177187,0.682762,-0.6426,0.022044,-0.996778,0.008626,single_joint_sine,1,0.3,30
1.271,0.355322,0,-0.523599,0,0,0,0.367,-0.049,-0.483,-0.001,0.308,0.006,-0.721,0,0.003,-0.003,0.017,0.011,-0.177187,0.682762,-0.6426,0.022044,-0.996778,0.008626,single_joint_sine,1,0.3,30
1.2746,0.352711,0,-0.523599,0,0,0,0.363,-0.049,-0.483,-0.001,0.308,0.006,-0.713,0,0,0.028,0.005,0.011,-0.214987,0.682762,-0.626062,0.03067,-0.994861,-0.015335,single_joint_sine,1,0.3,30
1.2779,0.350248,0,-0.523599,0,0,0,0.363,-0.049,-0.483,-0.001,0.308,0.006,-0.713,0.002,0,0.028,0.005,0.011,-0.214987,0.675675,-0.626062,0.03067,-0.994861,-0.015335,single_joint_sine,1,0.3,30
1.2814,0.3477,0,-0.523599,0,0,0,0.357,-0.049,-0.483,-0.001,0.308,0.006,-0.747,0.002,0,0.028,0.005,0.011,-0.165375,0.675675,-0.626062,0.03067,-0.994861,-0.015335,single_joint_sine,1,0.3,30
1.2852,0.344859,0,-0.523599,0,0,0,0.357,-0.049,-0.483,-0.001,0.308,0.006,-0.747,0.002,-0.001,-0.015,0,0.007,-0.165375,0.6804,-0.63315,0.033545,-1.002528,0.098719,single_joint_sine,1,0.3,30
1.2886,0.342328,0,-0.523599,0,0,0,0.352,-0.049,-0.483,-0.001,0.308,0.006,-0.716,0.002,0.001,0.028,-0.011,-0.047,-0.308306,0.681581,-0.626062,0.01246,-0.991027,0.01246,single_joint_sine,1,0.3,30
1.292,0.339788,0,-0.523599,0,0,0,0.347,-0.049,-0.483,-0.001,0.308,0.006,-0.763,0.002,0.001,0.028,0.013,-0.047,-0.167737,0.681581,-0.626062,0.01246,-1.011154,0.01246,single_joint_sine,1,0.3,30
1.2955,0.337165,0,-0.523599,0,0,0,0.347,-0.049,-0.483,-0.001,0.308,0.006,-0.763,0.002,0.001,0.028,0.013,-0.047,-0.167737,0.681581,-0.626062,0.01246,-1.011154,0.01246,single_joint_sine,1,0.3,30
1.2991,0.334432,0,-0.523599,0,0,0,0.347,-0.049,-0.483,-0.001,0.308,0.006,-0.763,0,0.005,-0.04,0.013,0.017,-0.167737,0.678037,-0.647325,0.04313,-1.011154,-0.010543,single_joint_sine,1,0.3,30
1.3025,0.33185,0,-0.523599,0,0,0,0.342,-0.049,-0.483,-0.001,0.308,0.006,-0.726,0.002,-0.003,0.009,0.021,0.003,-0.3024,0.673312,-0.624881,0.016293,-0.997736,-0.01246,single_joint_sine,1,0.3,30
1.3059,0.329209,0,-0.523599,0,0,0,0.342,-0.049,-0.483,-0.001,0.308,0.006,-0.726,0.002,-0.003,0.009,0.021,0.003,-0.3024,0.673312,-0.624881,0.016293,-0.997736,-0.01246,single_joint_sine,1,0.3,30
1.3099,0.326195,0,-0.523599,0,0,0,0.336,-0.049,-0.483,-0.001,0.308,0.006,-0.793,0.002,0,0,-0.007,-0.005,-0.200812,0.673312,-0.630787,0.019169,-0.998694,0.003834,single_joint_sine,1,0.3,30
1.3133,0.323564,0,-0.523599,0,0,0,0.336,-0.049,-0.483,-0.001,0.308,0.006,-0.793,0,0,0,0,-0.005,-0.200812,0.683944,-0.630787,0.019169,-0.997736,0.003834,single_joint_sine,1,0.3,30
1.3167,0.320926,0,-0.523599,0,0,0,0.331,-0.049,-0.483,-0.001,0.308,0.006,-0.74,0,-0.002,0,0,-0.005,-0.348469,0.686306,-0.6237,0.019169,-0.997736,0.003834,single_joint_sine,1,0.3,30
1.3201,0.318258,0,-0.523599,0,0,0,0.331,-0.049,-0.483,-0.001,0.308,0.006,-0.74,0,-0.002,0.023,0,0.001,-0.348469,0.686306,-0.6237,0.016293,-0.997736,-0.002875,single_joint_sine,1,0.3,30
1.3235,0.315594,0,-0.523599,0,0,0,0.326,-0.049,-0.483,-0.001,0.308,0.006,-0.792,0,-0.006,0.003,-0.003,0.007,-0.163013,0.676856,-0.635512,0.016293,-0.998694,-0.006709,single_joint_sine,1,0.3,30
1.3269,0.312869,0,-0.523599,0,0,0,0.32,-0.049,-0.483,-0.001,0.308,0.006,-0.77,0,-0.006,0.003,-0.003,0.007,-0.315394,0.676856,-0.635512,0.016293,-0.998694,-0.006709,single_joint_sine,1,0.3,30
1.3304,0.310136,0,-0.523599,0,0,0,0.32,-0.049,-0.483,-0.001,0.308,0.006,-0.77,0,-0.006,0.003,-0.015,0.007,-0.315394,0.676856,-0.635512,0.016293,-1.002528,-0.006709,single_joint_sine,1,0.3,30
1.3338,0.307426,0,-0.523599,0,0,0,0.32,-0.049,-0.483,-0.001,0.308,0.006,-0.77,-0.002,0,0.007,-0.015,0.003,-0.315394,0.675675,-0.634331,0.028753,-1.002528,0.014377,single_joint_sine,1,0.3,30
1.3371,0.30471,0,-0.523599,0,0,0,0.315,-0.049,-0.483,-0.001,0.308,0.006,-0.789,-0.002,0.003,0.032,-0.007,-0.001,-0.256331,0.678037,-0.636694,0.015335,-1.00732,-0.000958,single_joint_sine,1,0.3,30
1.3406,0.301938,0,-0.523599,0,0,0,0.315,-0.049,-0.483,-0.001,0.308,0.006,-0.789,-0.002,0.003,0.032,-0.007,-0.001,-0.256331,0.678037,-0.636694,0.015335,-1.00732,-0.000958,single_joint_sine,1,0.3,30
1.3443,0.298947,0,-0.523599,0,0,0,0.309,-0.049,-0.483,-0.001,0.308,0.006,-0.805,-0.002,0,-0.007,0.003,0.011,-0.250425,0.678037,-0.6426,0.024919,-1.005404,0.000958,single_joint_sine,1,0.3,30
1.3477,0.296185,0,-0.523599,0,0,0,0.309,-0.049,-0.483,-0.001,0.308,0.006,-0.805,0,0,-0.007,0.007,0.011,-0.250425,0.688669,-0.6426,0.024919,-0.992944,0.000958,single_joint_sine,1,0.3,30
1.3511,0.293373,0,-0.523599,0,0,0,0.309,-0.049,-0.483,-0.001,0.308,0.006,-0.805,0,0,-0.007,0.007,0.011,-0.250425,0.688669,-0.6426,0.024919,-0.992944,0.000958,single_joint_sine,1,0.3,30
1.3547,0.290499,0,-0.523599,0,0,0,0.304,-0.049,-0.483,-0.001,0.308,0.006,-0.792,-0.003,-0.004,-0.011,0.007,0.003,-0.261056,0.687487,-0.627244,0.027795,-0.992944,0.009584,single_joint_sine,1,0.3,30
1.3581,0.287701,0,-0.523599,0,0,0,0.298,-0.049,-0.483,-0.001,0.308,0.006,-0.825,-0.003,0.003,0.001,0.021,0.013,-0.222075,0.685125,-0.641419,0.032587,-1.005404,0.002875,single_joint_sine,1,0.3,30
1.3615,0.284832,0,-0.523599,0,0,0,0.292,-0.049,-0.483,-0.001,0.308,0.006,-0.784,-0.003,0.003,0.001,0.021,0.013,-0.31185,0.685125,-0.641419,0.032587,-1.005404,0.002875,single_joint_sine,1,0.3,30
1.3653,0.281719,0,-0.523599,0,0,0,0.292,-0.049,-0.483,-0.001,0.308,0.006,-0.784,-0.003,0.003,0.001,-0.011,0.013,-0.31185,0.685125,-0.641419,0.032587,-1.01403,0.002875,single_joint_sine,1,0.3,30
1.3687,0.278885,0,-0.523599,0,0,0,0.292,-0.049,-0.483,-0.001,0.308,0.006,-0.784,0,0,0.011,-0.011,0,-0.31185,0.674494,-0.631969,0.01821,-1.01403,0.000958,single_joint_sine,1,0.3,30
1.3721,0.276047,0,-0.523599,0,0,0,0.286,-0.049,-0.483,-0.001,0.308,0.006,-0.851,0,-0.002,-0.011,0.013,-0.001,-0.231525,0.678037,-0.631969,0.029712,-1.014988,0.015335,single_joint_sine,1,0.3,30
1.3756,0.273088,0,-0.523599,0,0,0,0.286,-0.049,-0.483,-0.001,0.308,0.006,-0.851,0,-0.002,-0.011,0.013,-0.001,-0.231525,0.678037,-0.631969,0.029712,-1.014988,0.015335,single_joint_sine,1,0.3,30
1.3795,0.269816,0,-0.523599,0,0,0,0.281,-0.049,-0.483,-0.001,0.308,0.006,-0.819,0,0.004,0.011,-0.007,0,-0.237431,0.678037,-0.637875,0.029712,-0.998694,-0.016293,single_joint_sine,1,0.3,30
1.3829,0.266935,0,-0.523599,0,0,0,0.281,-0.049,-0.483,-0.001,0.308,0.006,-0.819,0.001,0.004,0.011,-0.007,0,-0.237431,0.675675,-0.637875,0.029712,-0.966108,-0.016293,single_joint_sine,1,0.3,30
1.3865,0.263834,0,-0.523599,0,0,0,0.275,-0.049,-0.483,-0.001,0.308,0.006,-0.85,0.001,0.004,0.011,-0.007,0,-0.250425,0.676856,-0.637875,0.029712,-0.966108,-0.016293,single_joint_sine,1,0.3,30
1.39,0.260864,0,-0.523599,0,0,0,0.275,-0.049,-0.483,-0.001,0.308,0.006,-0.85,0.001,0.003,0.011,-0.007,0.005,-0.250425,0.676856,-0.634331,0.04313,-0.966108,-0.015335,single_joint_sine,1,0.3,30
1.3934,0.257949,0,-0.523599,0,0,0,0.269,-0.049,-0.483,-0.001,0.308,0.006,-0.859,0.001,0.005,-0.015,-0.023,0.007,-0.161831,0.679219,-0.636694,0.063257,-1.035115,-0.002875,single_joint_sine,1,0.3,30
1.3968,0.254981,0,-0.523599,0,0,0,0.263,-0.049,-0.483,-0.001,0.308,0.006,-0.839,0.001,0.005,-0.015,-0.023,0.007,-0.285862,0.679219,-0.636694,0.063257,-1.035115,-0.002875,single_joint_sine,1,0.3,30
1.4003,0.251979,0,-0.523599,0,0,0,0.263,-0.049,-0.483,-0.001,0.308,0.006,-0.839,0.001,0.005,-0.015,-0.005,0.007,-0.285862,0.679219,-0.636694,0.063257,-1.008279,-0.002875,single_joint_sine,1,0.3,30
1.4037,0.249032,0,-0.523599,0,0,0,0.263,-0.049,-0.483,-0.001,0.308,0.006,-0.839,0.001,-0.003,-0.003,-0.005,0.015,-0.285862,0.676856,-0.639056,0.014377,-1.008279,0.009584,single_joint_sine,1,0.3,30
1.4071,0.246074,0,-0.523599,0,0,0,0.257,-0.049,-0.483,-0.001,0.308,0.006,-0.869,0.002,0,0.007,0.036,-0.001,-0.137025,0.681581,-0.641419,0.01821,-1.020739,0,single_joint_sine,1,0.3,30
1.4107,0.242906,0,-0.523599,0,0,0,0.257,-0.049,-0.483,-0.001,0.308,0.006,-0.869,0.002,0,0.007,0.036,-0.001,-0.137025,0.681581,-0.641419,0.01821,-1.020739,0,single_joint_sine,1,0.3,30
1.4142,0.239908,0,-0.523599,0,0,0,0.25,-0.049,-0.483,-0.001,0.308,0.006,-0.867,0.002,-0.003,-0.009,0,0.057,-0.300037,0.681581,-0.636694,0.024919,-0.994861,0.006709,single_joint_sine,1,0.3,30
1.4176,0.236929,0,-0.523599,0,0,0,0.25,-0.049,-0.483,-0.001,0.308,0.006,-0.867,0,-0.003,-0.009,0,0.057,-0.300037,0.683944,-0.636694,0.024919,-0.994861,0.006709,single_joint_sine,1,0.3,30
1.421,0.233863,0,-0.523599,0,0,0,0.25,-0.049,-0.483,-0.001,0.308,0.006,-0.867,0,-0.003,-0.009,0,0.057,-0.300037,0.683944,-0.636694,0.024919,-0.994861,0.006709,single_joint_sine,1,0.3,30
1.4246,0.230734,0,-0.523599,0,0,0,0.244,-0.049,-0.483,-0.001,0.308,0.006,-0.868,0,-0.001,0.042,0.015,-0.034,-0.277594,0.685125,-0.635512,0.009584,-1.00157,0.019169,single_joint_sine,1,0.3,30
1.428,0.227717,0,-0.523599,0,0,0,0.238,-0.049,-0.483,-0.001,0.308,0.006,-0.894,0,0.002,-0.032,0.007,-0.001,-0.239794,0.6804,-0.626062,0.034504,-1.01403,0.001917,single_joint_sine,1,0.3,30
1.4314,0.224639,0,-0.523599,0,0,0,0.232,-0.049,-0.483,-0.001,0.308,0.006,-0.883,0,0.002,-0.032,0.005,-0.001,-0.224437,0.6804,-0.626062,0.034504,-0.997736,0.001917,single_joint_sine,1,0.3,30
1.4353,0.221144,0,-0.523599,0,0,0,0.232,-0.049,-0.483,-0.001,0.308,0.006,-0.883,0,0.002,-0.032,0.005,-0.001,-0.224437,0.6804,-0.626062,0.034504,-0.997736,0.001917,single_joint_sine,1,0.3,30
1.4387,0.218097,0,-0.523599,0,0,0,0.232,-0.049,-0.483,-0.001,0.308,0.006,-0.883,0.001,0,0.007,0.005,0,-0.224437,0.685125,-0.643781,0.013418,-0.997736,-0.005751,single_joint_sine,1,0.3,30
1.4421,0.215043,0,-0.523599,0,0,0,0.226,-0.049,-0.483,-0.001,0.308,0.006,-0.899,0,-0.005,-0.001,0.009,0,-0.263419,0.678037,-0.630787,0.032587,-0.991985,-0.000958,single_joint_sine,1,0.3,30
1.4456,0.211894,0,-0.523599,0,0,0,0.226,-0.049,-0.483,-0.001,0.308,0.006,-0.899,0,-0.005,-0.001,0.009,0,-0.263419,0.678037,-0.630787,0.032587,-0.991985,-0.000958,single_joint_sine,1,0.3,30
1.4494,0.208486,0,-0.523599,0,0,0,0.219,-0.049,-0.483,-0.001,0.308,0.006,-0.916,0,0,-0.001,0,0,-0.178369,0.678037,-0.631969,0.037379,-1.012113,0.001917,single_joint_sine,1,0.3,30
1.4528,0.205412,0,-0.523599,0,0,0,0.219,-0.049,-0.483,-0.001,0.308,0.006,-0.916,-0.002,0,-0.001,0,0,-0.178369,0.683944,-0.631969,0.037379,-1.012113,0.001917,single_joint_sine,1,0.3,30
1.4562,0.202275,0,-0.523599,0,0,0,0.219,-0.049,-0.483,-0.001,0.308,0.006,-0.916,-0.002,0,-0.001,0,0,-0.178369,0.683944,-0.631969,0.037379,-1.012113,0.001917,single_joint_sine,1,0.3,30
1.4598,0.199026,0,-0.523599,0,0,0,0.213,-0.049,-0.483,-0.001,0.308,0.006,-0.879,0.002,0,0.001,0.017,0.011,-0.379181,0.675675,-0.629606,0.038338,-1.004445,-0.045047,single_joint_sine,1,0.3,30
1.4632,0.195926,0,-0.523599,0,0,0,0.207,-0.049,-0.483,-0.001,0.308,0.006,-0.924,0.001,0,-0.011,0.021,0.007,-0.158287,0.683944,-0.630787,0.023003,-1.015946,0.005751,single_joint_sine,1,0.3,30
1.4667,0.192751,0,-0.523599,0,0,0,0.2,-0.049,-0.483,-0.001,0.308,0.006,-0.908,0.001,0,-0.011,-0.007,0.007,-0.301219,0.683944,-0.630787,0.023003,-1.004445,0.005751,single_joint_sine,1,0.3,30
1.4705,0.189194,0,-0.523599,0,0,0,0.2,-0.049,-0.483,-0.001,0.308,0.006,-0.908,0.001,0,-0.011,-0.007,0.007,-0.301219,0.683944,-0.630787,0.023003,-1.004445,0.005751,single_joint_sine,1,0.3,30
1.4744,0.18562,0,-0.523599,0,0,0,0.2,-0.049,-0.483,-0.001,0.308,0.006,-0.908,0,0.006,0.011,-0.007,-0.011,-0.301219,0.674494,-0.641419,0.025878,-1.004445,0.015335,single_joint_sine,1,0.3,30
1.4778,0.182479,0,-0.523599,0,0,0,0.194,-0.049,-0.483,-0.001,0.309,0.006,-0.899,0.002,0.003,-0.011,0.013,-0.013,-0.309487,0.667406,-0.634331,0.023003,-1.003487,0.011501,single_joint_sine,1,0.3,30
1.4813,0.179284,0,-0.523599,0,0,0,0.194,-0.049,-0.483,-0.001,0.309,0.006,-0.899,0.002,0.003,-0.011,0.013,-0.013,-0.309487,0.667406,-0.634331,0.023003,-1.003487,0.011501,single_joint_sine,1,0.3,30
1.4847,0.176085,0,-0.523599,0,0,0,0.188,-0.049,-0.483,-0.001,0.309,0.006,-0.93,0.002,0,0.005,0.001,0.001,-0.189,0.667406,-0.637875,0.025878,-1.004445,0.007668,single_joint_sine,1,0.3,30
1.4881,0.172921,0,-0.523599,0,0,0,0.188,-0.049,-0.483,-0.001,0.309,0.006,-0.93,0.002,0,0.005,-0.005,0.001,-0.189,0.679219,-0.637875,0.025878,-1.002528,0.007668,single_joint_sine,1,0.3,30
1.4916,0.169703,0,-0.523599,0,0,0,0.181,-0.049,-0.483,-0.001,0.309,0.006,-0.916,0,0,0.005,-0.005,0.001,-0.261056,0.683944,-0.637875,0.025878,-1.002528,0.007668,single_joint_sine,1,0.3,30
1.4952,0.166344,0,-0.523599,0,0,0,0.181,-0.049,-0.483,-0.001,0.309,0.006,-0.916,0,0.004,-0.007,-0.005,0.005,-0.261056,0.683944,-0.637875,0.024919,-1.002528,0.024919,single_joint_sine,1,0.3,30
1.4986,0.163159,0,-0.523599,0,0,0,0.175,-0.049,-0.483,-0.001,0.309,0.006,-0.939,0.001,0.002,0.001,-0.001,-0.003,-0.205538,0.67095,-0.63315,0.016293,-1.002528,-0.000958,single_joint_sine,1,0.3,30
1.5019,0.160016,0,-0.523599,0,0,0,0.168,-0.049,-0.483,-0.001,0.309,0.006,-0.952,0.001,0.002,0.001,-0.001,-0.003,-0.205538,0.67095,-0.63315,0.016293,-1.002528,-0.000958,single_joint_sine,1,0.3,30
1.5054,0.156731,0,-0.523599,0,0,0,0.168,-0.049,-0.483,-0.001,0.309,0.006,-0.952,0.001,0.002,0.001,0.007,-0.003,-0.205538,0.67095,-0.63315,0.016293,-1.004445,-0.000958,single_joint_sine,1,0.3,30
1.5088,0.153526,0,-0.523599,0,0,0,0.168,-0.049,-0.483,-0.001,0.309,0.006,-0.952,0,0,0.005,0.007,0.009,-0.205538,0.676856,-0.620156,0.025878,-1.004445,-0.029712,single_joint_sine,1,0.3,30
1.5122,0.150316,0,-0.523599,0,0,0,0.161,-0.049,-0.483,-0.001,0.309,0.006,-0.952,0.001,0,0.024,0.001,0.021,-0.192544,0.676856,-0.631969,0.010543,-1.006362,0.000958,single_joint_sine,1,0.3,30
1.5156,0.147056,0,-0.523599,0,0,0,0.161,-0.049,-0.483,-0.001,0.309,0.006,-0.952,0.001,0,0.024,0.001,0.021,-0.192544,0.676856,-0.631969,0.010543,-1.006362,0.000958,single_joint_sine,1,0.3,30
1.5196,0.143344,0,-0.523599,0,0,0,0.155,-0.049,-0.483,-0.001,0.309,0.006,-0.935,0.001,0,0.013,-0.009,0,-0.334294,0.676856,-0.636694,0.022044,-0.999653,0.017252,single_joint_sine,1,0.3,30
1.5229,0.140153,0,-0.523599,0,0,0,0.155,-0.049,-0.483,-0.001,0.309,0.006,-0.935,0,0,0.013,-0.013,0,-0.334294,0.665044,-0.636694,0.022044,-1.004445,0.017252,single_joint_sine,1,0.3,30
1.5264,0.136873,0,-0.523599,0,0,0,0.148,-0.049,-0.483,-0.001,0.309,0.006,-0.971,-0.001,0,0.013,-0.013,0,-0.146475,0.685125,-0.636694,0.022044,-1.004445,0.017252,single_joint_sine,1,0.3,30
1.5303,0.133131,0,-0.523599,0,0,0,0.148,-0.049,-0.483,-0.001,0.309,0.006,-0.971,-0.001,0.005,-0.013,-0.013,-0.032,-0.146475,0.685125,-0.640238,0.028753,-1.004445,0.022044,single_joint_sine,1,0.3,30
1.5337,0.129885,0,-0.523599,0,0,0,0.141,-0.049,-0.483,-0.001,0.309,0.006,-0.922,0.002,0,-0.028,0.001,-0.001,-0.272869,0.674494,-0.650869,0.041213,-1.002528,-0.009584,single_joint_sine,1,0.3,30
1.5371,0.126632,0,-0.523599,0,0,0,0.135,-0.049,-0.483,-0.001,0.309,0.006,-0.959,0.002,0,-0.028,-0.005,-0.001,-0.284681,0.674494,-0.650869,0.041213,-1.003487,-0.009584,single_joint_sine,1,0.3,30
1.5406,0.123267,0,-0.523599,0,0,0,0.135,-0.049,-0.483,-0.001,0.309,0.006,-0.959,0.002,0,-0.028,-0.005,-0.001,-0.284681,0.674494,-0.650869,0.041213,-1.003487,-0.009584,single_joint_sine,1,0.3,30
1.5445,0.119523,0,-0.523599,0,0,0,0.135,-0.049,-0.483,-0.001,0.309,0.006,-0.959,0.001,0,-0.001,-0.005,-0.032,-0.284681,0.682762,-0.629606,0.023961,-1.003487,-0.044088,single_joint_sine,1,0.3,30
1.5479,0.116262,0,-0.523599,0,0,0,0.128,-0.049,-0.483,-0.001,0.309,0.006,-0.969,0.002,-0.002,-0.032,0.005,0.024,-0.173644,0.688669,-0.627244,0.026836,-1.00732,-0.005751,single_joint_sine,1,0.3,30
1.5513,0.112932,0,-0.523599,0,0,0,0.128,-0.049,-0.483,-0.001,0.309,0.006,-0.969,0.002,-0.002,-0.032,0.005,0.024,-0.173644,0.688669,-0.627244,0.026836,-1.00732,-0.005751,single_joint_sine,1,0.3,30
1.5551,0.109344,0,-0.523599,0,0,0,0.121,-0.049,-0.483,-0.001,0.309,0.006,-0.938,0.002,-0.001,0.049,0,0.005,-0.326025,0.688669,-0.634331,0.017252,-1.00732,-0.013418,single_joint_sine,1,0.3,30
1.5585,0.106058,0,-0.523599,0,0,0,0.121,-0.049,-0.483,-0.001,0.309,0.006,-0.938,0,-0.001,0.049,0.017,0.005,-0.326025,0.67095,-0.634331,0.017252,-1.014988,-0.013418,single_joint_sine,1,0.3,30
1.5619,0.10277,0,-0.523599,0,0,0,0.115,-0.049,-0.483,-0.001,0.309,0.006,-0.973,0,0.005,-0.028,0.017,0.005,-0.290587,0.672131,-0.629606,0.035462,-1.014988,-0.013418,single_joint_sine,1,0.3,30
1.5653,0.099407,0,-0.523599,0,0,0,0.115,-0.049,-0.483,-0.001,0.309,0.006,-0.973,0,0.005,-0.028,0.017,0,-0.290587,0.672131,-0.629606,0.035462,-1.014988,0.009584,single_joint_sine,1,0.3,30
1.5687,0.09611,0,-0.523599,0,0,0,0.108,-0.049,-0.483,-0.001,0.309,0.006,-0.959,0.003,-0.004,0.005,0.013,-0.007,-0.2646,0.681581,-0.626062,0.026836,-1.011154,0.006709,single_joint_sine,1,0.3,30
1.5721,0.092818,0,-0.523599,0,0,0,0.101,-0.049,-0.483,-0.001,0.309,0.006,-0.97,0.003,-0.004,0.005,0.017,-0.007,-0.209081,0.681581,-0.626062,0.026836,-1.027448,0.006709,single_joint_sine,1,0.3,30
1.5756,0.089445,0,-0.523599,0,0,0,0.101,-0.049,-0.483,-0.001,0.309,0.006,-0.97,0.003,-0.004,0.005,0.017,-0.007,-0.209081,0.681581,-0.626062,0.026836,-1.027448,0.006709,single_joint_sine,1,0.3,30
1.5794,0.085724,0,-0.523599,0,0,0,0.101,-0.049,-0.483,-0.001,0.309,0.006,-0.97,-0.001,0,-0.005,0.017,-0.013,-0.209081,0.678037,-0.635512,0.034504,-1.027448,-0.007668,single_joint_sine,1,0.3,30
1.5828,0.082413,0,-0.523599,0,0,0,0.094,-0.049,-0.483,-0.001,0.309,0.006,-0.966,0.001,0.004,-0.023,0.019,0.009,-0.246881,0.673312,-0.6426,0.029712,-1.027448,-0.010543,single_joint_sine,1,0.3,30
1.5862,0.079097,0,-0.523599,0,0,0,0.094,-0.049,-0.483,-0.001,0.309,0.006,-0.966,0.001,0.004,-0.023,0.019,0.009,-0.246881,0.673312,-0.6426,0.029712,-1.027448,-0.010543,single_joint_sine,1,0.3,30
1.5897,0.07573,0,-0.523599,0,0,0,0.087,-0.049,-0.483,-0.001,0.31,0.006,-0.991,0,-0.005,0.011,0.036,-0.003,-0.19845,0.679219,-0.626062,0.032587,-1.03224,-0.007668,single_joint_sine,1,0.3,30
1.5931,0.072409,0,-0.523599,0,0,0,0.087,-0.049,-0.483,-0.001,0.31,0.006,-0.991,0,-0.005,0.011,0.009,-0.003,-0.19845,0.679219,-0.626062,0.032587,-1.023614,-0.007668,single_joint_sine,1,0.3,30
1.5965,0.069092,0,-0.523599,0,0,0,0.081,-0.049,-0.483,-0.001,0.31,0.006,-0.975,0,-0.005,0.011,0.009,-0.003,-0.167737,0.678037,-0.626062,0.032587,-1.023614,-0.007668,single_joint_sine,1,0.3,30
1.6004,0.065265,0,-0.523599,0,0,0,0.081,-0.049,-0.483,-0.001,0.31,0.006,-0.975,0,0,0.017,0.009,-0.011,-0.167737,0.678037,-0.627244,0.023961,-1.023614,0.01246,single_joint_sine,1,0.3,30
1.6038,0.061934,0,-0.523599,0,0,0,0.074,-0.049,-0.483,-0.001,0.31,0.006,-0.975,0,-0.001,0.015,0.026,0,-0.339019,0.674494,-0.631969,0.021086,-1.036074,-0.001917,single_joint_sine,1,0.3,30
1.6072,0.058602,0,-0.523599,0,0,0,0.067,-0.049,-0.483,-0.001,0.31,0.006,-1.013,0,-0.001,0.015,0.069,0,-0.147656,0.674494,-0.631969,0.021086,-1.049492,-0.001917,single_joint_sine,1,0.3,30
1.6106,0.055276,0,-0.523599,0,0,0,0.067,-0.049,-0.483,-0.001,0.31,0.006,-1.013,0,-0.001,0.015,0.069,0,-0.147656,0.674494,-0.631969,0.021086,-1.049492,-0.001917,single_joint_sine,1,0.3,30
1.6141,0.051764,0,-0.523599,0,0,0,0.067,-0.049,-0.483,-0.001,0.31,0.006,-1.013,0.002,-0.004,0.009,0.069,-0.017,-0.147656,0.681581,-0.636694,0.024919,-1.049492,0.038338,single_joint_sine,1,0.3,30
1.6175,0.048424,0,-0.523599,0,0,0,0.06,-0.049,-0.483,-0.001,0.311,0.006,-0.988,-0.004,0.005,-0.013,0.07,0.001,-0.210262,0.693394,-0.634331,0.031629,-1.060993,-0.006709,single_joint_sine,1,0.3,30
1.621,0.044982,0,-0.523599,0,0,0,0.06,-0.049,-0.483,-0.001,0.311,0.006,-0.988,-0.004,0.005,-0.013,0.07,0.001,-0.210262,0.693394,-0.634331,0.031629,-1.060993,-0.006709,single_joint_sine,1,0.3,30
1.6245,0.041593,0,-0.523599,0,0,0,0.053,-0.049,-0.483,-0.001,0.311,0.006,-0.966,0,0,-0.015,0.044,0.001,-0.296494,0.679219,-0.636694,0.04313,-1.048533,-0.015335,single_joint_sine,1,0.3,30
1.6279,0.038247,0,-0.523599,0,0,0,0.053,-0.049,-0.483,-0.001,0.311,0.006,-0.966,0,0,-0.015,0.04,0.001,-0.296494,0.679219,-0.636694,0.04313,-1.0447,-0.015335,single_joint_sine,1,0.3,30
1.6313,0.034855,0,-0.523599,0,0,0,0.053,-0.049,-0.483,-0.001,0.311,0.006,-0.966,0,0,-0.015,0.04,0.001,-0.296494,0.679219,-0.636694,0.04313,-1.0447,-0.015335,single_joint_sine,1,0.3,30
1.635,0.031232,0,-0.523599,0,0,0,0.046,-0.049,-0.483,-0.001,0.311,0.006,-1.014,0,0.007,0.007,0.04,0.03,-0.155925,0.687487,-0.649687,0.022044,-1.0447,-0.002875,single_joint_sine,1,0.3,30
1.6384,0.027882,0,-0.523599,0,0,0,0.039,-0.049,-0.483,-0.001,0.312,0.006,-0.987,0,-0.002,-0.003,0.026,0,-0.27405,0.679219,-0.629606,0.017252,-1.045658,0.006709,single_joint_sine,1,0.3,30
1.6418,0.024539,0,-0.523599,0,0,0,0.032,-0.049,-0.483,-0.001,0.312,0.006,-0.972,0,-0.002,-0.003,0.026,0,-0.263419,0.679219,-0.629606,0.017252,-1.045658,0.006709,single_joint_sine,1,0.3,30
1.6452,0.021195,0,-0.523599,0,0,0,0.032,-0.049,-0.483,-0.001,0.312,0.006,-0.972,0,-0.002,-0.001,0.036,0,-0.263419,0.679219,-0.629606,-0.002875,-1.0447,0.006709,single_joint_sine,1,0.3,30
1.6486,0.017843,0,-0.523599,0,0,0,0.032,-0.049,-0.483,-0.001,0.312,0.006,-0.972,0,0.001,-0.001,0.036,-0.036,-0.263419,0.682762,-0.6426,-0.002875,-1.0447,0.01246,single_joint_sine,1,0.3,30
1.652,0.01449,0,-0.523599,0,0,0,0.025,-0.049,-0.483,-0.001,0.312,0.006,-0.976,0,0.002,-0.028,0.047,-0.036,-0.288225,0.678037,-0.634331,0.032587,-1.037032,0.01246,single_joint_sine,1,0.3,30
1.6555,0.011042,0,-0.523599,0,0,0,0.025,-0.049,-0.483,-0.001,0.312,0.006,-0.976,0,0.002,-0.028,0.047,0.017,-0.288225,0.678037,-0.634331,0.032587,-1.037032,-0.015335,single_joint_sine,1,0.3,30
1.6589,0.007687,0,-0.523599,0,0,0,0.018,-0.049,-0.483,-0.001,0.313,0.006,-1.002,0,0.004,-0.003,0.103,-0.013,-0.199631,0.686306,-0.643781,0.025878,-1.073453,0.000958,single_joint_sine,1,0.3,30
1.6623,0.004341,0,-0.523599,0,0,0,0.011,-0.049,-0.483,-0.001,0.313,0.006,-0.972,0,0.004,-0.003,0.093,-0.013,-0.23625,0.686306,-0.643781,0.025878,-1.091663,0.000958,single_joint_sine,1,0.3,30
1.6657,0.000906,0,-0.523599,0,0,0,0.011,-0.049,-0.483,-0.001,0.313,0.006,-0.972,0,0.004,-0.003,0.093,-0.013,-0.23625,0.686306,-0.643781,0.025878,-1.091663,0.000958,single_joint_sine,1,0.3,30
1.6694,-0.002716,0,-0.523599,0,0,0,0.011,-0.049,-0.483,-0.001,0.313,0.006,-0.972,0,0.002,0.001,0.093,0.036,-0.23625,0.685125,-0.637875,0.03067,-1.091663,-0.014377,single_joint_sine,1,0.3,30
1.6728,-0.00607,0,-0.523599,0,0,0,0.004,-0.049,-0.483,-0.001,0.314,0.006,-0.986,-0.002,-0.005,0.015,0.086,-0.017,-0.276412,0.683944,-0.627244,0.01246,-1.09358,0.020127,single_joint_sine,1,0.3,30
1.6762,-0.009415,0,-0.523599,0,0,0,-0.001,-0.049,-0.483,-0.001,0.314,0.006,-1.011,-0.002,-0.005,0.015,0.086,-0.017,-0.166556,0.683944,-0.627244,0.01246,-1.09358,0.020127,single_joint_sine,1,0.3,30
1.6804,-0.013527,0,-0.523599,0,0,0,-0.001,-0.049,-0.483,-0.001,0.314,0.006,-1.011,-0.002,-0.005,-0.007,0.044,-0.017,-0.166556,0.683944,-0.627244,0.031629,-1.057159,0.020127,single_joint_sine,1,0.3,30
1.6838,-0.01688,0,-0.523599,0,0,0,-0.001,-0.049,-0.483,-0.001,0.314,0.006,-1.011,-0.001,-0.002,-0.007,0.044,-0.024,-0.166556,0.679219,-0.628425,0.031629,-1.057159,-0.003834,single_joint_sine,1,0.3,30
1.6872,-0.020231,0,-0.523599,0,0,0,-0.008,-0.049,-0.483,-0.001,0.314,0.006,-0.957,0.003,0.002,-0.007,0.044,-0.024,-0.278775,0.6804,-0.634331,0.031629,-1.057159,-0.003834,single_joint_sine,1,0.3,30
1.6907,-0.023727,0,-0.523599,0,0,0,-0.008,-0.049,-0.483,-0.001,0.314,0.006,-0.957,0.003,0.002,-0.001,0.032,0.017,-0.278775,0.6804,-0.634331,0.022044,-1.045658,-0.004792,single_joint_sine,1,0.3,30
1.6942,-0.027209,0,-0.523599,0,0,0,-0.015,-0.049,-0.483,-0.001,0.315,0.006,-0.998,0,-0.001,0.005,0.042,0.007,-0.21735,0.676856,-0.643781,0.020127,-1.056201,0.007668,single_joint_sine,1,0.3,30
1.6976,-0.030557,0,-0.523599,0,0,0,-0.015,-0.049,-0.483,-0.001,0.315,0.006,-0.998,0,-0.001,0.005,0.024,0.007,-0.21735,0.676856,-0.643781,0.020127,-1.046616,0.007668,single_joint_sine,1,0.3,30
1.7013,-0.034156,0,-0.523599,0,0,0,-0.015,-0.049,-0.483,-0.001,0.315,0.006,-0.998,0,-0.001,0.005,0.024,0.007,-0.21735,0.676856,-0.643781,0.020127,-1.046616,0.007668,single_joint_sine,1,0.3,30
1.7047,-0.037551,0,-0.523599,0,0,0,-0.022,-0.049,-0.483,-0.001,0.315,0.006,-0.991,-0.002,0.003,0.009,0.024,-0.007,-0.167737,0.678037,-0.634331,-0.011501,-1.046616,0.013418,single_joint_sine,1,0.3,30
1.7081,-0.040895,0,-0.523599,0,0,0,-0.029,-0.049,-0.483,-0.001,0.315,0.006,-0.989,0.002,0.003,0.024,0.024,0.003,-0.230344,0.673312,-0.627244,0.008626,-1.048533,-0.002875,single_joint_sine,1,0.3,30
1.7115,-0.044231,0,-0.523599,0,0,0,-0.036,-0.049,-0.483,-0.001,0.315,0.006,-0.977,0.002,0.003,0.024,0.024,0.003,-0.219712,0.673312,-0.627244,0.008626,-1.048533,-0.002875,single_joint_sine,1,0.3,30
1.7154,-0.048059,0,-0.523599,0,0,0,-0.036,-0.049,-0.483,-0.001,0.315,0.006,-0.977,0.002,0.003,0.024,0.003,0.003,-0.219712,0.673312,-0.627244,0.028753,-0.992944,-0.002875,single_joint_sine,1,0.3,30
1.7192,-0.051745,0,-0.523599,0,0,0,-0.036,-0.049,-0.483,-0.001,0.315,0.006,-0.977,0,0.005,0.024,0.003,-0.003,-0.219712,0.678037,-0.640238,0.028753,-0.992944,0.001917,single_joint_sine,1,0.3,30
1.7226,-0.055083,0,-0.523599,0,0,0,-0.043,-0.049,-0.483,0,0.315,0.006,-0.988,0.002,-0.004,-0.011,0.013,0.015,-0.261056,0.668588,-0.63315,0.035462,-1.040866,0.011501,single_joint_sine,1,0.3,30
1.726,-0.05841,0,-0.523599,0,0,0,-0.043,-0.049,-0.483,0,0.315,0.006,-0.988,0.002,-0.004,-0.011,0.013,0.015,-0.261056,0.668588,-0.63315,0.035462,-1.040866,0.011501,single_joint_sine,1,0.3,30
1.7295,-0.06184,0,-0.523599,0,0,0,-0.05,-0.049,-0.483,-0.001,0.315,0.006,-0.997,0,0,-0.024,0.03,0.001,-0.16065,0.683944,-0.640238,0.044088,-1.027448,0.019169,single_joint_sine,1,0.3,30
1.7329,-0.065163,0,-0.523599,0,0,0,-0.05,-0.049,-0.483,-0.001,0.316,0.006,-0.997,0,0,-0.024,-0.005,0.001,-0.16065,0.683944,-0.640238,0.044088,-1.039907,0.019169,single_joint_sine,1,0.3,30
1.7363,-0.068546,0,-0.523599,0,0,0,-0.05,-0.049,-0.483,-0.001,0.316,0.006,-0.997,0,0,-0.024,-0.005,0.001,-0.16065,0.683944,-0.640238,0.044088,-1.039907,0.019169,single_joint_sine,1,0.3,30
1.74,-0.072105,0,-0.523599,0,0,0,-0.057,-0.049,-0.483,-0.001,0.316,0.006,-0.968,0,0,-0.003,-0.005,-0.03,-0.211444,0.685125,-0.628425,0.022044,-1.039907,0.005751,single_joint_sine,1,0.3,30
1.7434,-0.075426,0,-0.523599,0,0,0,-0.064,-0.049,-0.483,-0.001,0.316,0.006,-0.992,0,0,0.001,-0.007,0.019,-0.287044,0.695756,-0.631969,0.015335,-1.023614,-0.019169,single_joint_sine,1,0.3,30
1.7467,-0.078736,0,-0.523599,0,0,0,-0.071,-0.049,-0.483,0,0.316,0.006,-0.982,0,0,0.021,-0.007,0.019,-0.131119,0.695756,-0.631969,0.006709,-1.023614,-0.019169,single_joint_sine,1,0.3,30
1.7503,-0.082182,0,-0.523599,0,0,0,-0.071,-0.049,-0.483,0,0.315,0.006,-0.982,0,0,0.021,-0.026,0.019,-0.131119,0.695756,-0.631969,0.006709,-1.014988,-0.019169,single_joint_sine,1,0.3,30
1.7537,-0.085494,0,-0.523599,0,0,0,-0.071,-0.049,-0.483,0,0.315,0.006,-0.982,0.002,0.001,0.021,-0.026,0.036,-0.131119,0.686306,-0.639056,0.006709,-1.014988,-0.015335,single_joint_sine,1,0.3,30
1.7571,-0.088793,0,-0.523599,0,0,0,-0.077,-0.049,-0.483,0,0.315,0.006,-0.953,0,-0.001,0.026,-0.009,0.013,-0.2646,0.6804,-0.629606,0.005751,-1.017863,0.016293,single_joint_sine,1,0.3,30
1.7606,-0.092233,0,-0.523599,0,0,0,-0.077,-0.049,-0.483,0,0.315,0.006,-0.953,0,-0.001,0.026,-0.009,0.013,-0.2646,0.6804,-0.629606,0.005751,-1.017863,0.016293,single_joint_sine,1,0.3,30
1.7642,-0.095679,0,-0.523599,0,0,0,-0.084,-0.049,-0.483,0,0.315,0.006,-0.964,0.002,0.003,-0.009,0,-0.007,-0.229162,0.668588,-0.640238,0.017252,-1.021697,0.008626,single_joint_sine,1,0.3,30
1.7676,-0.098975,0,-0.523599,0,0,0,-0.084,-0.049,-0.483,0,0.315,0.006,-0.964,0.002,0.003,-0.009,-0.019,-0.007,-0.229162,0.668588,-0.640238,0.017252,-1.014988,0.008626,single_joint_sine,1,0.3,30
1.7709,-0.102226,0,-0.523599,0,0,0,-0.084,-0.049,-0.483,0,0.315,0.006,-0.964,0.002,0.003,-0.009,-0.019,-0.007,-0.229162,0.668588,-0.640238,0.017252,-1.014988,0.008626,single_joint_sine,1,0.3,30
1.7746,-0.105774,0,-0.523599,0,0,0,-0.091,-0.049,-0.483,0,0.315,0.006,-0.979,0,-0.002,0.013,-0.019,0.015,-0.145294,0.678037,-0.634331,0.025878,-1.014988,-0.010543,single_joint_sine,1,0.3,30
1.778,-0.109058,0,-0.523599,0,0,0,-0.098,-0.049,-0.483,0,0.316,0.006,-0.954,0.001,-0.002,0,0.024,0.017,-0.239794,0.67095,-0.635512,0.03067,-1.029365,0,single_joint_sine,1,0.3,30
1.7814,-0.112337,0,-0.523599,0,0,0,-0.104,-0.049,-0.483,0,0.316,0.006,-0.966,0.001,-0.002,0,0.024,0.017,-0.21735,0.67095,-0.635512,0.03067,-1.029365,0,single_joint_sine,1,0.3,30
1.7849,-0.115684,0,-0.523599,0,0,0,-0.104,-0.049,-0.483,0,0.316,0.006,-0.966,0.001,-0.002,-0.001,0.023,0.017,-0.21735,0.67095,-0.635512,0.028753,-1.03224,0,single_joint_sine,1,0.3,30
1.7883,-0.118954,0,-0.523599,0,0,0,-0.104,-0.049,-0.483,0,0.316,0.006,-0.966,0,0,-0.001,0.023,0.001,-0.21735,0.674494,-0.634331,0.028753,-1.03224,0.007668,single_joint_sine,1,0.3,30
1.7917,-0.122281,0,-0.523599,0,0,0,-0.111,-0.049,-0.483,0,0.316,0.006,-0.971,0,-0.002,-0.001,0.023,0.001,-0.229162,0.678037,-0.641419,0.028753,-1.03224,0.007668,single_joint_sine,1,0.3,30
1.7952,-0.125609,0,-0.523599,0,0,0,-0.111,-0.049,-0.483,0,0.316,0.006,-0.971,0,-0.002,-0.023,0.001,-0.015,-0.229162,0.678037,-0.641419,0.035462,-1.026489,0.151434,single_joint_sine,1,0.3,30
1.7986,-0.128865,0,-0.523599,0,0,0,-0.118,-0.049,-0.483,0,0.316,0.006,-0.973,0.002,-0.001,-0.005,0,-0.013,-0.174825,0.674494,-0.637875,0.04313,-1.034157,-0.011501,single_joint_sine,1,0.3,30
1.802,-0.132105,0,-0.523599,0,0,0,-0.125,-0.049,-0.483,0,0.316,0.006,-0.928,0.002,-0.001,-0.005,0.003,-0.013,-0.333112,0.674494,-0.637875,0.04313,-1.025531,-0.011501,single_joint_sine,1,0.3,30
1.8055,-0.135451,0,-0.523599,0,0,0,-0.125,-0.049,-0.483,0,0.316,0.006,-0.928,0.002,-0.001,-0.005,0.003,-0.013,-0.333112,0.674494,-0.637875,0.04313,-1.025531,-0.011501,single_joint_sine,1,0.3,30
1.809,-0.138831,0,-0.523599,0,0,0,-0.125,-0.049,-0.483,-0.001,0.316,0.006,-0.928,0,-0.001,-0.019,0.003,0.019,-0.333112,0.6804,-0.640238,0.034504,-1.025531,0,single_joint_sine,1,0.3,30
1.8124,-0.142055,0,-0.523599,0,0,0,-0.131,-0.049,-0.483,-0.001,0.316,0.006,-0.967,-0.002,-0.001,0.009,0.013,-0.011,-0.152381,0.686306,-0.639056,0.031629,-1.025531,0.01246,single_joint_sine,1,0.3,30
1.8159,-0.145329,0,-0.523599,0,0,0,-0.131,-0.049,-0.483,-0.001,0.316,0.006,-0.967,-0.002,-0.001,0.009,0.013,-0.011,-0.152381,0.686306,-0.639056,0.031629,-1.025531,0.01246,single_joint_sine,1,0.3,30
1.8194,-0.148647,0,-0.523599,0,0,0,-0.138,-0.049,-0.483,-0.001,0.316,0.006,-0.937,-0.002,-0.001,-0.009,-0.009,-0.011,-0.213806,0.686306,-0.639056,0.023961,-1.025531,0.01246,single_joint_sine,1,0.3,30
1.8228,-0.151862,0,-0.523599,0,0,0,-0.138,-0.049,-0.483,-0.001,0.316,0.006,-0.937,0,0.002,-0.009,-0.009,-0.003,-0.213806,0.686306,-0.631969,0.023961,-1.025531,-0.002875,single_joint_sine,1,0.3,30
1.8263,-0.155142,0,-0.523599,0,0,0,-0.145,-0.049,-0.483,-0.001,0.316,0.006,-0.935,0,0.002,-0.009,-0.009,-0.003,-0.315394,0.686306,-0.631969,0.023961,-1.025531,-0.002875,single_joint_sine,1,0.3,30
1.83,-0.158667,0,-0.523599,0,0,0,-0.145,-0.049,-0.483,-0.001,0.316,0.006,-0.935,-0.001,0,0.003,-0.001,-0.001,-0.315394,0.692213,-0.630787,0.015335,-1.035115,-0.009584,single_joint_sine,1,0.3,30
1.8334,-0.161861,0,-0.523599,0,0,0,-0.151,-0.049,-0.483,-0.001,0.316,0.006,-0.975,0,0.001,-0.015,0.009,0.013,-0.127575,0.68985,-0.644962,0.040254,-1.034157,-0.000958,single_joint_sine,1,0.3,30
1.8368,-0.165042,0,-0.523599,0,0,0,-0.158,-0.049,-0.483,-0.001,0.316,0.006,-0.924,0,0.001,-0.015,0.009,0.013,-0.285862,0.68985,-0.644962,0.040254,-1.034157,-0.000958,single_joint_sine,1,0.3,30
1.8403,-0.168316,0,-0.523599,0,0,0,-0.158,-0.049,-0.483,-0.001,0.316,0.006,-0.924,0,0.001,-0.015,0.005,0.013,-0.285862,0.68985,-0.644962,0.040254,-1.020739,-0.000958,single_joint_sine,1,0.3,30
1.8437,-0.171489,0,-0.523599,0,0,0,-0.158,-0.049,-0.483,-0.001,0.316,0.006,-0.924,0,0.001,0.011,0.005,-0.032,-0.285862,0.67095,-0.636694,0.022044,-1.020739,0.014377,single_joint_sine,1,0.3,30
1.8471,-0.174647,0,-0.523599,0,0,0,-0.165,-0.049,-0.483,-0.001,0.316,0.006,-0.958,0.002,0.002,-0.023,-0.03,-0.009,-0.218531,0.673312,-0.63315,0.050797,-1.03224,0.01821,single_joint_sine,1,0.3,30
1.8507,-0.17803,0,-0.523599,0,0,0,-0.165,-0.049,-0.483,-0.001,0.316,0.006,-0.958,0.002,0.002,-0.023,-0.03,-0.009,-0.218531,0.673312,-0.63315,0.050797,-1.03224,0.01821,single_joint_sine,1,0.3,30
1.8544,-0.181427,0,-0.523599,0,0,0,-0.171,-0.049,-0.483,-0.001,0.316,0.006,-0.926,0.002,0.002,-0.013,0.017,-0.009,-0.2079,0.673312,-0.63315,0.042171,-1.030323,0.01821,single_joint_sine,1,0.3,30
1.8578,-0.184572,0,-0.523599,0,0,0,-0.171,-0.049,-0.483,-0.001,0.316,0.006,-0.926,0,-0.004,-0.013,0.017,-0.017,-0.2079,0.686306,-0.635512,0.042171,-1.030323,0.002875,single_joint_sine,1,0.3,30
1.8615,-0.187978,0,-0.523599,0,0,0,-0.177,-0.049,-0.483,-0.001,0.316,0.006,-0.935,0,-0.001,-0.013,0.017,-0.017,-0.189,0.67095,-0.644962,0.042171,-1.030323,0.002875,single_joint_sine,1,0.3,30
1.8651,-0.191313,0,-0.523599,0,0,0,-0.177,-0.049,-0.483,-0.001,0.316,0.006,-0.935,0,-0.001,-0.034,-0.003,0.009,-0.189,0.67095,-0.644962,0.045047,-1.01978,-0.01246,single_joint_sine,1,0.3,30
1.8685,-0.194431,0,-0.523599,0,0,0,-0.184,-0.049,-0.483,-0.001,0.316,0.006,-0.904,0.001,0.005,-0.017,0,0.001,-0.27405,0.681581,-0.647325,0.020127,-1.025531,0.001917,single_joint_sine,1,0.3,30
1.8719,-0.197535,0,-0.523599,0,0,0,-0.19,-0.049,-0.483,-0.001,0.316,0.006,-0.934,0.001,0.005,-0.017,0.005,0.001,-0.171281,0.681581,-0.647325,0.020127,-0.999653,0.001917,single_joint_sine,1,0.3,30
1.8757,-0.201039,0,-0.523599,0,0,0,-0.19,-0.049,-0.483,-0.001,0.316,0.006,-0.934,0.001,0.005,-0.017,0.005,0.001,-0.171281,0.681581,-0.647325,0.020127,-0.999653,0.001917,single_joint_sine,1,0.3,30
1.8794,-0.204333,0,-0.523599,0,0,0,-0.19,-0.049,-0.483,-0.001,0.316,0.006,-0.934,0.003,0.001,0.009,0.005,0.005,-0.171281,0.685125,-0.637875,-0.000958,-0.999653,0.011501,single_joint_sine,1,0.3,30
1.8828,-0.207418,0,-0.523599,0,0,0,-0.197,-0.049,-0.483,-0.001,0.316,0.006,-0.909,0.001,0.001,0.015,-0.023,0.005,-0.152381,0.678037,-0.641419,0.015335,-1.017863,0.011501,single_joint_sine,1,0.3,30
1.8862,-0.210575,0,-0.523599,0,0,0,-0.203,-0.049,-0.483,-0.001,0.316,0.006,-0.902,0.001,0.001,0.021,0.038,-0.001,-0.276412,0.678037,-0.641419,-0.001917,-1.036074,-0.006709,single_joint_sine,1,0.3,30
1.8905,-0.21442,0,-0.523599,0,0,0,-0.203,-0.049,-0.483,-0.001,0.316,0.006,-0.902,0.001,0.001,0.021,0.038,-0.001,-0.276412,0.678037,-0.641419,-0.001917,-1.036074,-0.006709,single_joint_sine,1,0.3,30
1.8942,-0.217783,0,-0.523599,0,0,0,-0.203,-0.049,-0.483,-0.001,0.316,0.006,-0.902,0,0.002,0.021,0.038,-0.017,-0.276412,0.685125,-0.6237,-0.001917,-1.036074,0.002875,single_joint_sine,1,0.3,30
1.8976,-0.22083,0,-0.523599,0,0,0,-0.209,-0.049,-0.483,-0.001,0.316,0.006,-0.913,0.001,0.003,0.009,0,0.019,-0.118125,0.6804,-0.637875,0.002875,-1.023614,-0.005751,single_joint_sine,1,0.3,30
1.901,-0.223868,0,-0.523599,0,0,0,-0.216,-0.049,-0.483,-0.001,0.316,0.006,-0.892,0.001,0.003,0.009,0,0.019,-0.266962,0.6804,-0.637875,0.002875,-1.023614,-0.005751,single_joint_sine,1,0.3,30
1.905,-0.227354,0,-0.523599,0,0,0,-0.216,-0.049,-0.483,-0.001,0.316,0.006,-0.892,-0.001,-0.003,0.026,0.019,-0.015,-0.266962,0.6804,-0.622519,0.05559,-1.025531,0.004792,single_joint_sine,1,0.3,30
1.9084,-0.23037,0,-0.523599,0,0,0,-0.222,-0.049,-0.483,-0.001,0.316,0.006,-0.915,-0.001,-0.003,0.026,0.007,-0.015,-0.137025,0.6804,-0.622519,0.05559,-1.017863,0.004792,single_joint_sine,1,0.3,30
1.9118,-0.233379,0,-0.523599,0,0,0,-0.222,-0.049,-0.483,-0.001,0.316,0.006,-0.915,-0.001,-0.005,-0.044,0.007,-0.015,-0.137025,0.67095,-0.641419,0.066132,-1.017863,0.004792,single_joint_sine,1,0.3,30
1.9152,-0.236421,0,-0.523599,0,0,0,-0.222,-0.049,-0.483,-0.001,0.316,0.006,-0.915,-0.001,-0.005,-0.044,0.007,0.001,-0.137025,0.67095,-0.641419,0.066132,-1.017863,-0.010543,single_joint_sine,1,0.3,30
1.9186,-0.23941,0,-0.523599,0,0,0,-0.228,-0.049,-0.483,-0.001,0.316,0.006,-0.873,0.001,0.005,-0.038,0.021,-0.001,-0.242156,0.687487,-0.63315,0.041213,-1.036074,-0.059423,single_joint_sine,1,0.3,30
1.922,-0.242389,0,-0.523599,0,0,0,-0.234,-0.049,-0.483,-0.001,0.316,0.006,-0.884,0.001,0.005,-0.007,0.021,-0.001,-0.185456,0.687487,-0.63315,0.010543,-1.033198,-0.059423,single_joint_sine,1,0.3,30
1.9255,-0.245433,0,-0.523599,0,0,0,-0.234,-0.049,-0.483,-0.001,0.316,0.006,-0.884,0.001,0.005,-0.007,0.021,-0.001,-0.185456,0.687487,-0.63315,0.010543,-1.033198,-0.059423,single_joint_sine,1,0.3,30
1.9289,-0.248442,0,-0.523599,0,0,0,-0.234,-0.049,-0.483,-0.001,0.316,0.007,-0.884,0,-0.001,-0.007,0.021,0.046,-0.185456,0.665044,-0.629606,0.010543,-1.033198,0.020127,single_joint_sine,1,0.3,30
1.9323,-0.251389,0,-0.523599,0,0,0,-0.241,-0.049,-0.483,-0.001,0.316,0.006,-0.885,0.002,0,0.055,0.005,-0.005,-0.212625,0.679219,-0.6426,-0.003834,-1.025531,0.004792,single_joint_sine,1,0.3,30
1.9357,-0.254328,0,-0.523599,0,0,0,-0.241,-0.049,-0.483,-0.001,0.316,0.006,-0.885,0.002,0,0.055,0.005,-0.005,-0.212625,0.679219,-0.6426,-0.003834,-1.025531,0.004792,single_joint_sine,1,0.3,30
1.9394,-0.257445,0,-0.523599,0,0,0,-0.247,-0.049,-0.483,-0.001,0.316,0.006,-0.875,0,-0.002,-0.003,-0.003,0.003,-0.144112,0.6804,-0.637875,0.025878,-1.031281,0.004792,single_joint_sine,1,0.3,30
1.9428,-0.260361,0,-0.523599,0,0,0,-0.253,-0.049,-0.483,-0.001,0.316,0.006,-0.853,0,-0.002,-0.003,-0.019,0.003,-0.201994,0.6804,-0.637875,0.025878,-1.016905,0.004792,single_joint_sine,1,0.3,30
1.9462,-0.263308,0,-0.523599,0,0,0,-0.253,-0.049,-0.483,-0.001,0.316,0.006,-0.853,0,-0.002,-0.003,-0.019,0.003,-0.201994,0.6804,-0.637875,0.025878,-1.016905,0.004792,single_joint_sine,1,0.3,30
1.9499,-0.266435,0,-0.523599,0,0,0,-0.253,-0.049,-0.483,-0.001,0.316,0.006,-0.853,-0.001,-0.001,-0.003,-0.019,-0.001,-0.201994,0.6804,-0.635512,0.031629,-1.016905,0.004792,single_joint_sine,1,0.3,30
1.9533,-0.269318,0,-0.523599,0,0,0,-0.259,-0.049,-0.483,-0.001,0.316,0.006,-0.882,0.001,-0.002,-0.021,0.013,0.028,-0.087412,0.681581,-0.636694,0.040254,-1.031281,0.003834,single_joint_sine,1,0.3,30
1.9567,-0.272183,0,-0.523599,0,0,0,-0.265,-0.049,-0.483,-0.001,0.316,0.006,-0.823,0.001,-0.001,-0.021,0.013,0.028,-0.249244,0.681581,-0.65205,0.040254,-1.031281,0.003834,single_joint_sine,1,0.3,30
1.9601,-0.275045,0,-0.523599,0,0,0,-0.265,-0.049,-0.483,-0.001,0.316,0.006,-0.823,0.001,-0.001,0.011,0.007,0.028,-0.249244,0.681581,-0.65205,0.019169,-1.031281,0.003834,single_joint_sine,1,0.3,30
1.9635,-0.277893,0,-0.523599,0,0,0,-0.265,-0.049,-0.483,-0.001,0.316,0.006,-0.823,0.005,-0.001,0.011,0.007,0.011,-0.249244,0.682762,-0.65205,0.019169,-1.031281,-0.001917,single_joint_sine,1,0.3,30
1.9669,-0.280723,0,-0.523599,0,0,0,-0.271,-0.049,-0.483,-0.001,0.316,0.006,-0.863,0,-0.005,0.001,0.003,0.011,-0.093319,0.686306,-0.637875,0.016293,-1.029365,-0.001917,single_joint_sine,1,0.3,30
1.9705,-0.28375,0,-0.523599,0,0,0,-0.271,-0.049,-0.483,-0.001,0.316,0.006,-0.863,0,-0.005,0.001,0.003,0,-0.093319,0.686306,-0.637875,0.016293,-1.029365,0.003834,single_joint_sine,1,0.3,30
1.9739,-0.286583,0,-0.523599,0,0,0,-0.277,-0.049,-0.483,-0.001,0.316,0.006,-0.817,-0.001,0,0.009,0.013,-0.015,-0.185456,0.681581,-0.629606,0.023003,-1.033198,0.005751,single_joint_sine,1,0.3,30
1.9773,-0.289385,0,-0.523599,0,0,0,-0.283,-0.049,-0.483,-0.001,0.316,0.006,-0.847,-0.001,0,0.009,0.023,-0.015,-0.19845,0.681581,-0.629606,0.023003,-1.033198,0.005751,single_joint_sine,1,0.3,30
1.9808,-0.292216,0,-0.523599,0,0,0,-0.283,-0.049,-0.483,-0.001,0.316,0.006,-0.847,-0.001,0,0.009,0.023,-0.015,-0.19845,0.681581,-0.629606,0.023003,-1.033198,0.005751,single_joint_sine,1,0.3,30
1.9842,-0.295035,0,-0.523599,0,0,0,-0.283,-0.049,-0.483,-0.001,0.316,0.006,-0.847,-0.002,-0.004,0.001,0.023,0.024,-0.19845,0.679219,-0.635512,0.032587,-1.033198,-0.01821,single_joint_sine,1,0.3,30
1.9876,-0.297794,0,-0.523599,0,0,0,-0.288,-0.049,-0.483,-0.001,0.316,0.006,-0.791,0,-0.007,0.015,0.003,0.001,-0.185456,0.682762,-0.637875,0.031629,-1.034157,0.007668,single_joint_sine,1,0.3,30
1.991,-0.30054,0,-0.523599,0,0,0,-0.288,-0.049,-0.483,-0.001,0.316,0.006,-0.791,0,-0.007,0.015,0.003,0.001,-0.185456,0.682762,-0.637875,0.031629,-1.034157,0.007668,single_joint_sine,1,0.3,30
1.9946,-0.303465,0,-0.523599,0,0,0,-0.294,-0.049,-0.483,-0.001,0.316,0.006,-0.814,0,-0.003,-0.017,0.001,0.001,-0.201994,0.682762,-0.644962,0.027795,-1.029365,0.007668,single_joint_sine,1,0.3,30
1.998,-0.306193,0,-0.523599,0,0,0,-0.294,-0.049,-0.483,-0.001,0.316,0.006,-0.814,0,-0.003,-0.017,0.001,-0.034,-0.201994,0.682762,-0.644962,0.027795,-1.029365,0.022044,single_joint_sine,1,0.3,30
2.0014,-0.308902,0,-0.523599,0,0,0,-0.3,-0.049,-0.483,-0.001,0.316,0.006,-0.798,0,-0.003,-0.017,0.001,-0.034,-0.183094,0.682762,-0.644962,0.027795,-1.029365,0.022044,single_joint_sine,1,0.3,30
2.0049,-0.311642,0,-0.523599,0,0,0,-0.3,-0.049,-0.483,-0.001,0.316,0.006,-0.798,-0.002,0.001,0.003,0.001,-0.003,-0.183094,0.682762,-0.644962,0.007668,-1.035115,0,single_joint_sine,1,0.3,30
2.0083,-0.314332,0,-0.523599,0,0,0,-0.305,-0.049,-0.483,-0.001,0.316,0.006,-0.792,0,0.001,-0.007,-0.005,0.009,-0.183094,0.678037,-0.639056,0.021086,-1.025531,-0.015335,single_joint_sine,1,0.3,30
2.0117,-0.317003,0,-0.523599,0,0,0,-0.311,-0.049,-0.483,-0.001,0.316,0.006,-0.781,0,0.001,-0.007,-0.005,0.009,-0.224437,0.678037,-0.639056,0.021086,-1.025531,-0.015335,single_joint_sine,1,0.3,30
2.0152,-0.319797,0,-0.523599,0,0,0,-0.311,-0.049,-0.483,-0.001,0.316,0.006,-0.781,0,0.001,-0.007,-0.001,0.009,-0.224437,0.678037,-0.639056,0.021086,-1.025531,-0.015335,single_joint_sine,1,0.3,30
2.0186,-0.322447,0,-0.523599,0,0,0,-0.311,-0.049,-0.483,-0.001,0.316,0.006,-0.781,0,-0.004,-0.001,-0.001,-0.001,-0.224437,0.674494,-0.634331,0.025878,-1.025531,-0.006709,single_joint_sine,1,0.3,30
2.022,-0.325084,0,-0.523599,0,0,0,-0.316,-0.049,-0.483,-0.001,0.316,0.006,-0.787,0,-0.002,0.024,0,-0.007,-0.159469,0.686306,-0.639056,0.071883,-1.020739,-0.008626,single_joint_sine,1,0.3,30
2.0256,-0.32787,0,-0.523599,0,0,0,-0.316,-0.049,-0.483,-0.001,0.316,0.006,-0.787,0,-0.002,0.024,0,-0.007,-0.159469,0.686306,-0.639056,0.071883,-1.020739,-0.008626,single_joint_sine,1,0.3,30
2.0294,-0.330739,0,-0.523599,0,0,0,-0.322,-0.049,-0.483,-0.001,0.316,0.006,-0.764,0,0.003,-0.036,0.017,-0.007,-0.239794,0.686306,-0.629606,0.070925,-1.026489,-0.008626,single_joint_sine,1,0.3,30
2.0328,-0.333333,0,-0.523599,0,0,0,-0.322,-0.049,-0.483,-0.001,0.316,0.006,-0.764,0,0.003,-0.036,0.017,0.019,-0.239794,0.681581,-0.629606,0.070925,-1.026489,-0.008626,single_joint_sine,1,0.3,30
2.0362,-0.335907,0,-0.523599,0,0,0,-0.322,-0.049,-0.483,-0.001,0.316,0.006,-0.764,0,0.003,-0.036,0.017,0.019,-0.239794,0.681581,-0.629606,0.070925,-1.026489,-0.008626,single_joint_sine,1,0.3,30
2.04,-0.338796,0,-0.523599,0,0,0,-0.327,-0.049,-0.483,-0.001,0.316,0.006,-0.775,0,0,-0.023,0.017,-0.017,-0.152381,0.688669,-0.65205,0.031629,-1.137668,0,single_joint_sine,1,0.3,30
2.0434,-0.341346,0,-0.523599,0,0,0,-0.332,-0.049,-0.483,-0.001,0.317,0.006,-0.749,-0.002,0,-0.032,0.023,0.001,-0.2268,0.678037,-0.629606,0.035462,-1.028406,0.001917,single_joint_sine,1,0.3,30
2.0468,-0.343876,0,-0.523599,0,0,0,-0.332,-0.049,-0.483,-0.001,0.317,0.006,-0.749,-0.002,0,-0.032,0.023,0.001,-0.2268,0.678037,-0.629606,0.035462,-1.028406,0.001917,single_joint_sine,1,0.3,30
2.0502,-0.346437,0,-0.523599,0,0,0,-0.338,-0.049,-0.483,-0.001,0.317,0.006,-0.777,-0.002,0,-0.032,0.011,0.001,-0.077962,0.678037,-0.629606,0.035462,-1.014988,0.001917,single_joint_sine,1,0.3,30
2.0536,-0.348945,0,-0.523599,0,0,0,-0.338,-0.049,-0.483,-0.001,0.317,0.006,-0.777,-0.007,0,0.023,0.011,-0.059,-0.077962,0.687487,-0.620156,0.002875,-1.014988,-0.011501,single_joint_sine,1,0.3,30
2.057,-0.351438,0,-0.523599,0,0,0,-0.343,-0.049,-0.483,-0.001,0.317,0.006,-0.729,0.001,-0.001,0.023,0.011,-0.059,-0.2646,0.681581,-0.628425,0.002875,-1.014988,-0.011501,single_joint_sine,1,0.3,30
2.0606,-0.354006,0,-0.523599,0,0,0,-0.343,-0.049,-0.483,-0.001,0.317,0.006,-0.729,0.001,-0.001,-0.005,0,0.032,-0.2646,0.681581,-0.628425,0.022044,-1.023614,-0.015335,single_joint_sine,1,0.3,30
2.0639,-0.356444,0,-0.523599,0,0,0,-0.348,-0.049,-0.483,-0.001,0.317,0.006,-0.751,0.001,0.008,0.03,0.011,0.032,-0.0567,0.681581,-0.65205,0.011501,-1.046616,-0.015335,single_joint_sine,1,0.3,30
2.0673,-0.358893,0,-0.523599,0,0,0,-0.348,-0.049,-0.483,-0.001,0.317,0.006,-0.751,0,0.008,0.03,0.011,0.001,-0.0567,0.687487,-0.65205,0.011501,-1.046616,0,single_joint_sine,1,0.3,30
2.0708,-0.361364,0,-0.523599,0,0,0,-0.348,-0.049,-0.483,-0.001,0.317,0.006,-0.751,0,0.008,0.03,0.011,0.001,-0.0567,0.687487,-0.65205,0.011501,-1.046616,0,single_joint_sine,1,0.3,30
2.0744,-0.363924,0,-0.523599,0,0,0,-0.353,-0.049,-0.483,-0.001,0.317,0.006,-0.73,0,-0.001,0.005,0.055,-0.001,-0.187819,0.667406,-0.629606,0.01821,-1.058118,0.004792,single_joint_sine,1,0.3,30
2.0778,-0.366329,0,-0.523599,0,0,0,-0.358,-0.049,-0.483,-0.001,0.318,0.006,-0.726,-0.001,0,0.011,0.074,0.017,-0.100406,0.681581,-0.634331,0.024919,-1.067702,0.003834,single_joint_sine,1,0.3,30
2.0812,-0.368726,0,-0.523599,0,0,0,-0.358,-0.049,-0.483,-0.001,0.318,0.006,-0.726,-0.001,0,0.011,0.074,0.017,-0.100406,0.681581,-0.634331,0.024919,-1.067702,0.003834,single_joint_sine,1,0.3,30
2.085,-0.371392,0,-0.523599,0,0,0,-0.363,-0.049,-0.483,-0.001,0.318,0.006,-0.677,-0.001,0,0.011,0.011,0.017,-0.243337,0.681581,-0.634331,0.024919,-1.076328,0.003834,single_joint_sine,1,0.3,30
2.0884,-0.373749,0,-0.523599,0,0,0,-0.363,-0.049,-0.483,-0.001,0.318,0.006,-0.677,-0.002,0,0.013,0.011,-0.015,-0.243337,0.681581,-0.634331,0.020127,-1.076328,0.035462,single_joint_sine,1,0.3,30
2.0918,-0.376092,0,-0.523599,0,0,0,-0.368,-0.049,-0.483,-0.001,0.318,0.006,-0.706,0.001,-0.001,0.013,0.011,-0.015,-0.180731,0.688669,-0.626062,0.020127,-1.076328,0.035462,single_joint_sine,1,0.3,30
2.0952,-0.378421,0,-0.523599,0,0,0,-0.368,-0.049,-0.483,-0.001,0.318,0.006,-0.706,0.001,-0.001,0.005,0.011,0.011,-0.180731,0.688669,-0.626062,0.020127,-1.056201,-0.009584,single_joint_sine,1,0.3,30
2.0986,-0.380731,0,-0.523599,0,0,0,-0.373,-0.049,-0.483,-0.001,0.318,0.006,-0.691,0.001,0.002,0.007,0.034,0.011,-0.166556,0.688669,-0.634331,0.027795,-1.054284,-0.009584,single_joint_sine,1,0.3,30
2.102,-0.383026,0,-0.523599,0,0,0,-0.373,-0.049,-0.483,-0.001,0.318,0.006,-0.691,0,0.002,0.007,0.026,0.011,-0.166556,0.6804,-0.634331,0.027795,-1.027448,-0.009584,single_joint_sine,1,0.3,30
2.1056,-0.385431,0,-0.523599,0,0,0,-0.373,-0.049,-0.483,-0.001,0.318,0.006,-0.691,0,0.002,0.007,0.026,0.003,-0.166556,0.6804,-0.634331,0.027795,-1.027448,-0.005751,single_joint_sine,1,0.3,30
2.1097,-0.388157,0,-0.523599,0,0,0,-0.378,-0.049,-0.483,-0.001,0.318,0.006,-0.679,0,0.007,-0.001,0.026,0.011,-0.209081,0.679219,-0.646144,0.032587,-1.027448,-0.002875,single_joint_sine,1,0.3,30
2.1131,-0.3904,0,-0.523599,0,0,0,-0.382,-0.049,-0.483,-0.001,0.318,0.006,-0.67,-0.002,-0.008,-0.011,0.001,0,-0.155925,0.691031,-0.621337,0.03067,-1.048533,0.007668,single_joint_sine,1,0.3,30
2.1165,-0.392621,0,-0.523599,0,0,0,-0.387,-0.049,-0.483,-0.001,0.318,0.006,-0.663,-0.002,-0.008,-0.011,0.001,0,-0.158287,0.691031,-0.621337,0.03067,-1.048533,0.007668,single_joint_sine,1,0.3,30
2.1199,-0.394832,0,-0.523599,0,0,0,-0.387,-0.049,-0.483,-0.001,0.318,0.006,-0.663,-0.002,-0.008,-0.011,-0.015,0,-0.158287,0.691031,-0.621337,0.03067,-1.033198,0.007668,single_joint_sine,1,0.3,30
2.1233,-0.397028,0,-0.523599,0,0,0,-0.387,-0.049,-0.483,-0.001,0.318,0.006,-0.663,-0.001,0,-0.009,-0.015,-0.015,-0.158287,0.682762,-0.621337,0.03067,-1.033198,0.006709,single_joint_sine,1,0.3,30
2.1267,-0.399212,0,-0.523599,0,0,0,-0.392,-0.049,-0.483,-0.001,0.318,0.006,-0.636,0,0,-0.009,-0.015,-0.015,-0.204356,0.685125,-0.621337,0.03067,-1.033198,0.006709,single_joint_sine,1,0.3,30
2.1306,-0.401703,0,-0.523599,0,0,0,-0.392,-0.049,-0.483,-0.001,0.318,0.006,-0.636,0,0.001,0.003,0.032,-0.011,-0.204356,0.685125,-0.626062,0.027795,-1.042783,0,single_joint_sine,1,0.3,30
2.1342,-0.403964,0,-0.523599,0,0,0,-0.396,-0.049,-0.483,-0.001,0.319,0.006,-0.647,0,0,0,0.005,-0.011,-0.124031,0.685125,-0.639056,0.025878,-1.033198,0,single_joint_sine,1,0.3,30
2.1376,-0.40609,0,-0.523599,0,0,0,-0.396,-0.049,-0.483,-0.001,0.319,0.006,-0.647,-0.001,0,0,0.005,0.017,-0.124031,0.675675,-0.639056,0.025878,-1.033198,-0.004792,single_joint_sine,1,0.3,30
2.141,-0.408194,0,-0.523599,0,0,0,-0.396,-0.049,-0.483,-0.001,0.319,0.006,-0.647,-0.001,0,0,0.005,0.017,-0.124031,0.675675,-0.639056,0.025878,-1.033198,-0.004792,single_joint_sine,1,0.3,30
2.1446,-0.410458,0,-0.523599,0,0,0,-0.401,-0.049,-0.483,-0.001,0.319,0.006,-0.637,-0.002,-0.002,0.003,0.023,0.001,-0.192544,0.660319,-0.631969,0.023003,-1.048533,0,single_joint_sine,1,0.3,30
2.148,-0.412532,0,-0.523599,0,0,0,-0.405,-0.049,-0.483,-0.001,0.319,0.006,-0.589,-0.002,0.001,0.003,-0.015,-0.005,-0.206719,0.672131,-0.629606,0.017252,-1.034157,0.005751,single_joint_sine,1,0.3,30
2.1515,-0.414623,0,-0.523599,0,0,0,-0.409,-0.049,-0.483,-0.001,0.319,0.006,-0.629,-0.002,0.001,0.003,-0.015,-0.005,-0.064969,0.672131,-0.629606,0.017252,-1.034157,0.005751,single_joint_sine,1,0.3,30
2.1551,-0.416774,0,-0.523599,0,0,0,-0.409,-0.049,-0.483,-0.001,0.319,0.006,-0.629,-0.002,0.001,0.003,0.003,-0.005,-0.064969,0.672131,-0.629606,0.017252,-1.041824,0.005751,single_joint_sine,1,0.3,30
2.1585,-0.418797,0,-0.523599,0,0,0,-0.409,-0.049,-0.483,-0.001,0.319,0.006,-0.629,0,0.002,0.003,0.003,-0.013,-0.064969,0.681581,-0.637875,0.01821,-1.041824,0.009584,single_joint_sine,1,0.3,30
2.1619,-0.420797,0,-0.523599,0,0,0,-0.413,-0.049,-0.483,-0.001,0.319,0.006,-0.562,0,-0.002,0.017,0.003,-0.013,-0.288225,0.682762,-0.640238,0.019169,-1.041824,0.009584,single_joint_sine,1,0.3,30
2.1653,-0.422812,0,-0.523599,0,0,0,-0.413,-0.049,-0.483,-0.001,0.319,0.006,-0.562,0,-0.002,0.017,0.038,0.005,-0.288225,0.682762,-0.640238,0.019169,-1.045658,0.002875,single_joint_sine,1,0.3,30
2.1688,-0.424809,0,-0.523599,0,0,0,-0.417,-0.049,-0.483,-0.001,0.319,0.006,-0.622,0,0.003,-0.005,-0.013,0.005,-0.02835,0.682762,-0.634331,0.032587,-1.033198,0.002875,single_joint_sine,1,0.3,30
2.1722,-0.426762,0,-0.523599,0,0,0,-0.417,-0.049,-0.483,-0.001,0.319,0.006,-0.622,0,0.003,-0.005,-0.013,0,-0.02835,0.679219,-0.634331,0.032587,-1.033198,0.008626,single_joint_sine,1,0.3,30
2.1756,-0.42874,0,-0.523599,0,0,0,-0.417,-0.049,-0.483,-0.001,0.319,0.006,-0.622,0,0.003,-0.005,-0.013,0,-0.02835,0.679219,-0.634331,0.032587,-1.033198,0.008626,single_joint_sine,1,0.3,30
2.1794,-0.43084,0,-0.523599,0,0,0,-0.422,-0.049,-0.483,-0.001,0.319,0.006,-0.587,-0.002,0,0.011,-0.009,0.057,-0.121669,0.6804,-0.635512,0.028753,-1.038949,0.033545,single_joint_sine,1,0.3,30
2.1828,-0.432737,0,-0.523599,0,0,0,-0.426,-0.049,-0.483,-0.001,0.319,0.006,-0.565,0,0,0.017,-0.013,-0.011,-0.201994,0.681581,-0.629606,0.015335,-1.039907,0.020127,single_joint_sine,1,0.3,30
2.1862,-0.434643,0,-0.523599,0,0,0,-0.426,-0.049,-0.483,-0.001,0.319,0.006,-0.565,0,0,0.017,-0.013,-0.011,-0.201994,0.681581,-0.629606,0.015335,-1.039907,0.020127,single_joint_sine,1,0.3,30
2.1898,-0.436591,0,-0.523599,0,0,0,-0.43,-0.049,-0.483,-0.001,0.319,0.006,-0.615,0,0,0.017,0.015,-0.011,-0.002363,0.681581,-0.629606,0.015335,-1.043741,0.020127,single_joint_sine,1,0.3,30
2.1932,-0.438433,0,-0.523599,0,0,0,-0.43,-0.049,-0.483,-0.001,0.319,0.006,-0.615,0,-0.001,-0.013,0.015,-0.013,-0.002363,0.682762,-0.637875,0.036421,-1.043741,0,single_joint_sine,1,0.3,30
2.1968,-0.440381,0,-0.523599,0,0,0,-0.434,-0.049,-0.483,-0.001,0.319,0.006,-0.533,0,0,-0.013,0.015,-0.013,-0.173644,0.675675,-0.635512,0.036421,-1.043741,0,single_joint_sine,1,0.3,30
2.2005,-0.442336,0,-0.523599,0,0,0,-0.434,-0.049,-0.483,-0.001,0.319,0.006,-0.533,0,0,-0.003,-0.007,0.007,-0.173644,0.675675,-0.635512,0.024919,-1.029365,-0.004792,single_joint_sine,1,0.3,30
2.2039,-0.444122,0,-0.523599,0,0,0,-0.437,-0.049,-0.483,-0.001,0.319,0.006,-0.541,0,0,0.007,0,0.007,-0.159469,0.675675,-0.631969,0.03067,-1.025531,-0.067091,single_joint_sine,1,0.3,30
2.2073,-0.44589,0,-0.523599,0,0,0,-0.437,-0.049,-0.483,-0.001,0.319,0.006,-0.541,0,0,0.007,0.001,0.007,-0.159469,0.678037,-0.631969,0.03067,-1.038949,-0.067091,single_joint_sine,1,0.3,30
2.2107,-0.447665,0,-0.523599,0,0,0,-0.437,-0.049,-0.483,-0.001,0.319,0.006,-0.541,0,0,0.007,0.001,0.007,-0.159469,0.678037,-0.631969,0.03067,-1.038949,-0.067091,single_joint_sine,1,0.3,30
2.2142,-0.449448,0,-0.523599,0,0,0,-0.441,-0.049,-0.483,-0.001,0.319,0.006,-0.568,0,0.001,-0.013,0.001,-0.003,-0.046069,0.676856,-0.644962,0.016293,-1.038949,0.023003,single_joint_sine,1,0.3,30
2.2176,-0.451159,0,-0.523599,0,0,0,-0.445,-0.049,-0.483,-0.001,0.319,0.006,-0.513,0.002,0,0.011,0.001,-0.003,-0.138206,0.674494,-0.636694,0.01821,-1.037991,-0.014377,single_joint_sine,1,0.3,30
2.2211,-0.452878,0,-0.523599,0,0,0,-0.445,-0.049,-0.483,-0.001,0.319,0.006,-0.513,0.002,0,0.011,0.001,-0.003,-0.138206,0.674494,-0.636694,0.01821,-1.037991,-0.014377,single_joint_sine,1,0.3,30
2.2247,-0.45468,0,-0.523599,0,0,0,-0.448,-0.049,-0.483,-0.001,0.319,0.006,-0.49,0.002,0,0.011,0.007,-0.003,-0.184275,0.674494,-0.636694,0.01821,-1.03224,-0.014377,single_joint_sine,1,0.3,30
2.2281,-0.456334,0,-0.523599,0,0,0,-0.448,-0.049,-0.483,-0.001,0.319,0.006,-0.49,-0.002,-0.002,0.001,0.007,0.013,-0.184275,0.676856,-0.6237,0.023961,-1.03224,0.005751,single_joint_sine,1,0.3,30
2.2316,-0.457993,0,-0.523599,0,0,0,-0.452,-0.049,-0.483,-0.001,0.319,0.006,-0.504,-0.001,-0.002,0.001,0.007,0.013,-0.087412,0.678037,-0.6237,0.023961,-1.03224,0.005751,single_joint_sine,1,0.3,30
2.235,-0.459619,0,-0.523599,0,0,0,-0.452,-0.049,-0.483,-0.001,0.319,0.006,-0.504,-0.001,0.003,-0.005,0.001,-0.019,-0.087412,0.678037,-0.647325,0.033545,-1.037032,0.020127,single_joint_sine,1,0.3,30
2.2384,-0.461217,0,-0.523599,0,0,0,-0.455,-0.049,-0.483,-0.001,0.319,0.006,-0.483,-0.001,0.007,-0.005,-0.017,-0.036,-0.119306,0.678037,-0.627244,0.023003,-1.034157,0.020127,single_joint_sine,1,0.3,30
2.2418,-0.462792,0,-0.523599,0,0,0,-0.455,-0.049,-0.483,-0.001,0.319,0.006,-0.483,0,0.007,-0.005,-0.017,-0.036,-0.119306,0.678037,-0.627244,0.023003,-1.034157,0.020127,single_joint_sine,1,0.3,30
2.2452,-0.464381,0,-0.523599,0,0,0,-0.455,-0.049,-0.483,-0.001,0.319,0.006,-0.483,0,0.007,-0.005,-0.001,-0.036,-0.119306,0.678037,-0.627244,0.023003,-1.043741,0.020127,single_joint_sine,1,0.3,30
2.2486,-0.465921,0,-0.523599,0,0,0,-0.459,-0.049,-0.483,-0.001,0.319,0.006,-0.463,0,0.002,-0.015,-0.001,0.013,-0.147656,0.679219,-0.649687,0.028753,-1.043741,-0.019169,single_joint_sine,1,0.3,30
2.252,-0.467442,0,-0.523599,0,0,0,-0.462,-0.049,-0.483,-0.001,0.319,0.006,-0.445,0,0.002,0.003,0.001,0.013,-0.166556,0.6804,-0.6426,0.028753,-1.040866,-0.019169,single_joint_sine,1,0.3,30
2.2556,-0.469034,0,-0.523599,0,0,0,-0.462,-0.049,-0.483,-0.001,0.319,0.006,-0.445,0,0.002,0.003,0.001,0.003,-0.166556,0.6804,-0.6426,0.028753,-1.040866,-0.008626,single_joint_sine,1,0.3,30
2.2592,-0.470577,0,-0.523599,0,0,0,-0.465,-0.049,-0.483,-0.001,0.319,0.006,-0.449,0,0.002,0.003,0.001,0.003,-0.090956,0.6804,-0.6426,0.028753,-1.034157,-0.008626,single_joint_sine,1,0.3,30
2.2626,-0.472038,0,-0.523599,0,0,0,-0.465,-0.049,-0.483,-0.001,0.319,0.006,-0.449,0,-0.002,-0.003,0.001,0.003,-0.090956,0.685125,-0.628425,0.034504,-1.034157,-0.006709,single_joint_sine,1,0.3,30
2.2661,-0.47354,0,-0.523599,0,0,0,-0.465,-0.049,-0.483,-0.001,0.319,0.006,-0.449,0,-0.002,-0.003,0.001,0.003,-0.090956,0.685125,-0.628425,0.034504,-1.034157,-0.006709,single_joint_sine,1,0.3,30
2.2698,-0.475054,0,-0.523599,0,0,0,-0.468,-0.049,-0.483,-0.001,0.319,0.006,-0.455,-0.002,-0.006,-0.003,0.001,0.001,-0.048431,0.693394,-0.627244,0.025878,-1.03224,0.005751,single_joint_sine,1,0.3,30
2.2731,-0.476455,0,-0.523599,0,0,0,-0.471,-0.049,-0.483,-0.001,0.319,0.006,-0.416,-0.002,0.002,0.003,0.001,-0.003,-0.192544,0.693394,-0.649687,0.026836,-1.039907,0,single_joint_sine,1,0.3,30
2.2766,-0.47786,0,-0.523599,0,0,0,-0.471,-0.049,-0.483,-0.001,0.319,0.006,-0.416,0.001,0.002,0.003,0.001,-0.003,-0.192544,0.676856,-0.649687,0.026836,-1.039907,0,single_joint_sine,1,0.3,30
2.2801,-0.479257,0,-0.523599,0,0,0,-0.471,-0.049,-0.483,-0.001,0.319,0.006,-0.416,0.001,0.002,0.003,0.011,-0.003,-0.192544,0.676856,-0.649687,0.026836,-1.034157,0,single_joint_sine,1,0.3,30
2.2835,-0.480599,0,-0.523599,0,0,0,-0.474,-0.049,-0.483,-0.001,0.319,0.006,-0.404,0,-0.004,-0.011,0.011,-0.015,-0.112219,0.673312,-0.630787,0.028753,-1.034157,0.002875,single_joint_sine,1,0.3,30
2.2869,-0.481923,0,-0.523599,0,0,0,-0.477,-0.049,-0.483,-0.001,0.319,0.006,-0.43,0,0.002,0.003,0.011,-0.015,-0.035438,0.679219,-0.644962,0.025878,-1.034157,0.002875,single_joint_sine,1,0.3,30
2.2904,-0.483253,0,-0.523599,0,0,0,-0.477,-0.049,-0.483,-0.001,0.319,0.006,-0.43,0,0.002,0.003,0.011,-0.013,-0.035438,0.679219,-0.644962,0.025878,-1.031281,0.010543,single_joint_sine,1,0.3,30
2.2938,-0.484534,0,-0.523599,0,0,0,-0.48,-0.049,-0.483,-0.001,0.319,0.006,-0.409,0,0.002,0.003,0.001,-0.013,-0.079144,0.679219,-0.644962,0.025878,-1.036074,0.010543,single_joint_sine,1,0.3,30
2.2972,-0.485796,0,-0.523599,0,0,0,-0.48,-0.049,-0.483,-0.001,0.319,0.006,-0.409,0,0,0.001,0.001,0.003,-0.079144,0.672131,-0.63315,0.021086,-1.036074,-0.005751,single_joint_sine,1,0.3,30
2.3006,-0.487054,0,-0.523599,0,0,0,-0.48,-0.049,-0.483,-0.001,0.319,0.006,-0.409,0,0,0.001,0.001,0.003,-0.079144,0.672131,-0.63315,0.021086,-1.036074,-0.005751,single_joint_sine,1,0.3,30
2.3041,-0.488311,0,-0.523599,0,0,0,-0.482,-0.049,-0.483,-0.001,0.319,0.006,-0.345,-0.002,-0.005,0.003,0.001,-0.026,-0.271688,0.674494,-0.621337,-0.001917,-1.05045,-0.006709,single_joint_sine,1,0.3,30
2.3075,-0.489512,0,-0.523599,0,0,0,-0.484,-0.049,-0.483,-0.001,0.319,0.006,-0.334,-0.002,-0.001,-0.001,0.023,0.009,-0.181913,0.674494,-0.641419,0.046964,-1.043741,-0.010543,single_joint_sine,1,0.3,30
2.3109,-0.490687,0,-0.523599,0,0,0,-0.484,-0.049,-0.483,-0.001,0.319,0.006,-0.334,-0.002,-0.001,-0.001,0.023,0.009,-0.181913,0.674494,-0.641419,0.046964,-1.043741,-0.010543,single_joint_sine,1,0.3,30
2.3147,-0.491994,0,-0.523599,0,0,0,-0.484,-0.049,-0.483,-0.001,0.32,0.006,-0.334,-0.002,-0.001,-0.001,0.053,0.009,-0.181913,0.682762,-0.641419,0.046964,-1.049492,-0.010543,single_joint_sine,1,0.3,30
2.3181,-0.493132,0,-0.523599,0,0,0,-0.487,-0.049,-0.483,-0.001,0.32,0.006,-0.399,-0.002,0,-0.005,0.053,0.011,0.00945,0.673312,-0.63315,0.034504,-1.049492,0.01821,single_joint_sine,1,0.3,30
2.3216,-0.494266,0,-0.523599,0,0,0,-0.49,-0.049,-0.483,-0.001,0.32,0.006,-0.345,0,-0.005,-0.005,0.053,0.011,-0.04725,0.675675,-0.628425,0.034504,-1.049492,0.01821,single_joint_sine,1,0.3,30
2.3252,-0.495427,0,-0.523599,0,0,0,-0.49,-0.049,-0.483,-0.001,0.32,0.006,-0.345,0,-0.005,0.005,-0.015,0,-0.04725,0.675675,-0.628425,0.028753,-1.064827,0.023003,single_joint_sine,1,0.3,30
2.3286,-0.496503,0,-0.523599,0,0,0,-0.492,-0.049,-0.483,-0.001,0.32,0.006,-0.326,0,-0.005,0.005,-0.015,0,-0.1701,0.675675,-0.628425,0.028753,-1.05045,0.023003,single_joint_sine,1,0.3,30
2.332,-0.497558,0,-0.523599,0,0,0,-0.492,-0.049,-0.483,-0.001,0.32,0.006,-0.326,0,0.005,-0.001,-0.015,0,-0.1701,0.681581,-0.643781,0.027795,-1.05045,0.023003,single_joint_sine,1,0.3,30
2.3355,-0.498625,0,-0.523599,0,0,0,-0.492,-0.049,-0.483,-0.001,0.32,0.006,-0.326,0,0.005,-0.001,-0.015,0,-0.1701,0.681581,-0.643781,0.027795,-1.05045,-0.013418,single_joint_sine,1,0.3,30
2.3395,-0.499831,0,-0.523599,0,0,0,-0.494,-0.049,-0.483,-0.001,0.32,0.006,-0.303,0,0.002,-0.015,0.028,0.019,-0.192544,0.67095,-0.640238,0.027795,-1.107957,-0.031629,single_joint_sine,1,0.3,30
2.3429,-0.500811,0,-0.523599,0,0,0,-0.496,-0.049,-0.483,-0.001,0.321,0.006,-0.308,0,0.006,0,0.063,0,-0.061425,0.67095,-0.635512,0.026836,-1.083996,-0.004792,single_joint_sine,1,0.3,30
2.3464,-0.501796,0,-0.523599,0,0,0,-0.496,-0.049,-0.483,-0.001,0.321,0.006,-0.308,0,0.006,0,0.063,0,-0.061425,0.67095,-0.635512,0.026836,-1.083996,-0.004792,single_joint_sine,1,0.3,30
2.3499,-0.502787,0,-0.523599,0,0,0,-0.496,-0.049,-0.483,-0.001,0.321,0.006,-0.308,0.004,0.006,0,0.04,0,-0.061425,0.674494,-0.635512,0.026836,-1.089746,-0.004792,single_joint_sine,1,0.3,30
2.3533,-0.503713,0,-0.523599,0,0,0,-0.498,-0.049,-0.483,-0.001,0.321,0.006,-0.325,0,0,0.021,0.04,0.001,0.027169,0.672131,-0.646144,0.010543,-1.089746,0.011501,single_joint_sine,1,0.3,30
2.3568,-0.50463,0,-0.523599,0,0,0,-0.501,-0.049,-0.483,-0.001,0.321,0.006,-0.285,0.002,0.001,0.003,0.04,0.001,-0.114581,0.6804,-0.635512,0.03067,-1.089746,0.011501,single_joint_sine,1,0.3,30
2.3603,-0.505556,0,-0.523599,0,0,0,-0.501,-0.049,-0.483,-0.001,0.321,0.006,-0.285,0.002,0.001,0.003,0.034,-0.015,-0.114581,0.6804,-0.635512,0.03067,-0.998694,0.003834,single_joint_sine,1,0.3,30
2.3638,-0.506439,0,-0.523599,0,0,0,-0.502,-0.049,-0.483,-0.001,0.321,0.006,-0.252,0.002,0.001,0.003,-0.093,-0.015,-0.178369,0.6804,-0.635512,0.03067,-1.100289,0.003834,single_joint_sine,1,0.3,30
2.3672,-0.50728,0,-0.523599,0,0,0,-0.502,-0.049,-0.483,-0.001,0.321,0.006,-0.252,0.001,0.001,0.009,-0.093,-0.003,-0.178369,0.681581,-0.643781,0.009584,-1.100289,0.004792,single_joint_sine,1,0.3,30
2.3707,-0.508117,0,-0.523599,0,0,0,-0.502,-0.049,-0.483,-0.001,0.321,0.006,-0.252,0.001,0.001,0.009,-0.093,-0.003,-0.178369,0.681581,-0.643781,0.009584,-1.100289,0.004792,single_joint_sine,1,0.3,30
2.3744,-0.508994,0,-0.523599,0,0,0,-0.504,-0.049,-0.483,-0.001,0.321,0.006,-0.237,0.004,0.003,-0.028,0.019,0.007,-0.1512,0.683944,-0.636694,0.05559,-1.064827,-0.003834,single_joint_sine,1,0.3,30
2.3778,-0.50977,0,-0.523599,0,0,0,-0.506,-0.049,-0.483,-0.001,0.321,0.006,-0.229,0.004,-0.002,-0.015,0.076,-0.013,-0.1512,0.683944,-0.640238,0.029712,-1.095497,0.005751,single_joint_sine,1,0.3,30
2.3813,-0.510537,0,-0.523599,0,0,0,-0.506,-0.049,-0.483,-0.001,0.321,0.006,-0.229,0.004,-0.002,-0.015,0.076,-0.013,-0.1512,0.683944,-0.640238,0.029712,-1.095497,0.005751,single_joint_sine,1,0.3,30
2.3848,-0.511296,0,-0.523599,0,0,0,-0.506,-0.049,-0.483,-0.001,0.322,0.006,-0.229,0.003,-0.002,-0.015,0.023,-0.013,-0.1512,0.676856,-0.640238,0.029712,-1.060993,0.005751,single_joint_sine,1,0.3,30
2.3882,-0.512008,0,-0.523599,0,0,0,-0.507,-0.049,-0.483,-0.001,0.322,0.006,-0.202,-0.006,0,0.011,0.023,0.021,-0.14175,0.682762,-0.626062,0.008626,-1.060993,-0.001917,single_joint_sine,1,0.3,30
2.3916,-0.512709,0,-0.523599,0,0,0,-0.509,-0.049,-0.483,-0.001,0.322,0.006,-0.224,0,0,0.011,0.023,0.021,-0.041344,0.673312,-0.626062,0.008626,-1.060993,-0.001917,single_joint_sine,1,0.3,30
2.3951,-0.513397,0,-0.523599,0,0,0,-0.509,-0.049,-0.483,-0.001,0.322,0.006,-0.224,0,0,0.013,-0.001,0.011,-0.041344,0.673312,-0.627244,-0.014377,-1.047575,0.03067,single_joint_sine,1,0.3,30
2.3985,-0.514046,0,-0.523599,0,0,0,-0.511,-0.049,-0.483,-0.001,0.322,0.006,-0.211,0,0,0.013,0.015,0.011,-0.073237,0.673312,-0.627244,-0.014377,-1.0447,0.03067,single_joint_sine,1,0.3,30
2.4019,-0.514674,0,-0.523599,0,0,0,-0.511,-0.049,-0.483,-0.001,0.322,0.006,-0.211,-0.001,0.001,0.03,0.015,0.011,-0.073237,0.687487,-0.627244,0.013418,-1.0447,0.03067,single_joint_sine,1,0.3,30
2.4053,-0.515279,0,-0.523599,0,0,0,-0.511,-0.049,-0.483,-0.001,0.322,0.006,-0.211,-0.001,0.001,0.03,0.015,0.005,-0.073237,0.687487,-0.627244,0.013418,-1.0447,-0.005751,single_joint_sine,1,0.3,30
2.4087,-0.515864,0,-0.523599,0,0,0,-0.512,-0.049,-0.483,-0.001,0.322,0.006,-0.181,0,0,0.003,0,0.005,-0.159469,0.675675,-0.622519,0.011501,-1.046616,-0.002875,single_joint_sine,1,0.3,30
2.4121,-0.516428,0,-0.523599,0,0,0,-0.513,-0.049,-0.483,-0.001,0.322,0.006,-0.218,0,0,-0.017,0,0.005,-0.016537,0.675675,-0.636694,0.025878,-1.042783,-0.002875,single_joint_sine,1,0.3,30
2.4155,-0.516977,0,-0.523599,0,0,0,-0.513,-0.049,-0.483,-0.001,0.322,0.006,-0.218,0,0,-0.017,0,0.005,-0.016537,0.675675,-0.636694,0.025878,-1.042783,-0.002875,single_joint_sine,1,0.3,30
2.4189,-0.517498,0,-0.523599,0,0,0,-0.513,-0.049,-0.483,-0.001,0.322,0.006,-0.218,-0.001,0,-0.017,0.003,0.001,-0.016537,0.685125,-0.636694,0.025878,-1.05045,-0.004792,single_joint_sine,1,0.3,30
2.4223,-0.517998,0,-0.523599,0,0,0,-0.514,-0.049,-0.483,-0.001,0.322,0.006,-0.164,0.001,-0.001,0.005,0.003,0.003,-0.020081,0.687487,-0.629606,0.027795,-1.05045,-0.006709,single_joint_sine,1,0.3,30
2.4258,-0.518483,0,-0.523599,0,0,0,-0.514,-0.049,-0.483,-0.001,0.322,0.006,-0.164,0.001,-0.001,0.005,0.003,0.003,-0.020081,0.687487,-0.629606,0.027795,-1.05045,-0.006709,single_joint_sine,1,0.3,30
2.4294,-0.518965,0,-0.523599,0,0,0,-0.515,-0.049,-0.483,-0.001,0.322,0.006,-0.136,0,-0.001,0.003,0.007,0.017,-0.1323,0.674494,-0.631969,0.014377,-1.049492,-0.15335,single_joint_sine,1,0.3,30
2.4328,-0.5194,0,-0.523599,0,0,0,-0.517,-0.049,-0.483,-0.001,0.322,0.006,-0.167,0,-0.001,0.003,-0.001,0.017,-0.029531,0.674494,-0.631969,0.014377,-1.037991,-0.15335,single_joint_sine,1,0.3,30
2.4362,-0.51982,0,-0.523599,0,0,0,-0.517,-0.049,-0.483,-0.001,0.322,0.006,-0.167,0,-0.001,0.003,-0.001,0.017,-0.029531,0.674494,-0.631969,0.014377,-1.037991,-0.15335,single_joint_sine,1,0.3,30
2.4397,-0.520218,0,-0.523599,0,0,0,-0.517,-0.049,-0.483,-0.001,0.322,0.007,-0.167,0.001,0,-0.021,-0.001,0.034,-0.029531,0.673312,-0.646144,0.028753,-1.037991,-0.016293,single_joint_sine,1,0.3,30
2.4431,-0.520588,0,-0.523599,0,0,0,-0.517,-0.049,-0.483,-0.001,0.322,0.006,-0.084,0.003,0.002,0.015,0.005,-0.049,-0.137025,0.667406,-0.648506,0.024919,-1.021697,0.037379,single_joint_sine,1,0.3,30
2.4465,-0.520942,0,-0.523599,0,0,0,-0.518,-0.049,-0.483,-0.001,0.322,0.006,-0.132,0.003,0.002,0.015,0.005,-0.049,-0.063787,0.667406,-0.648506,0.024919,-1.021697,0.037379,single_joint_sine,1,0.3,30
2.4501,-0.521288,0,-0.523599,0,0,0,-0.518,-0.049,-0.483,-0.001,0.322,0.006,-0.132,0.003,-0.001,0,-0.001,-0.005,-0.063787,0.667406,-0.631969,0.034504,-1.039907,-0.01246,single_joint_sine,1,0.3,30
2.4535,-0.521592,0,-0.523599,0,0,0,-0.518,-0.049,-0.483,-0.001,0.322,0.006,-0.132,-0.001,-0.001,0,-0.007,-0.005,-0.063787,0.683944,-0.631969,0.034504,-1.046616,-0.01246,single_joint_sine,1,0.3,30
2.4569,-0.521873,0,-0.523599,0,0,0,-0.519,-0.049,-0.483,-0.001,0.322,0.006,-0.077,0,-0.005,-0.013,-0.007,0.011,-0.134662,0.679219,-0.644962,0.023961,-1.046616,-0.03067,single_joint_sine,1,0.3,30
2.4606,-0.522158,0,-0.523599,0,0,0,-0.519,-0.049,-0.483,-0.001,0.322,0.006,-0.077,0,-0.005,-0.013,-0.007,0.011,-0.134662,0.679219,-0.644962,0.023961,-1.046616,-0.03067,single_joint_sine,1,0.3,30
2.4646,-0.522437,0,-0.523599,0,0,0,-0.519,-0.049,-0.483,-0.001,0.322,0.006,-0.089,0,0.002,0.007,-0.001,-0.024,-0.025987,0.6804,-0.640238,0.016293,-1.0447,0.011501,single_joint_sine,1,0.3,30
2.468,-0.522649,0,-0.523599,0,0,0,-0.52,-0.049,-0.483,-0.001,0.322,0.006,-0.043,0,0.002,0.007,0,-0.024,-0.146475,0.6804,-0.640238,0.016293,-1.0447,0.011501,single_joint_sine,1,0.3,30
2.4716,-0.52285,0,-0.523599,0,0,0,-0.52,-0.049,-0.483,-0.001,0.322,0.006,-0.043,0,0.002,0.007,0,-0.024,-0.146475,0.6804,-0.640238,0.016293,-1.0447,0.011501,single_joint_sine,1,0.3,30
2.4751,-0.523021,0,-0.523599,0,0,0,-0.52,-0.049,-0.483,-0.001,0.322,0.006,-0.043,0.002,0.001,0.009,0,-0.024,-0.146475,0.6804,-0.628425,0.016293,-1.0447,0.03067,single_joint_sine,1,0.3,30
2.4785,-0.523168,0,-0.523599,0,0,0,-0.52,-0.049,-0.483,-0.001,0.322,0.006,-0.046,0,0,-0.005,-0.001,-0.017,-0.101587,0.687487,-0.640238,0.015335,-1.049492,0.005751,single_joint_sine,1,0.3,30
2.4819,-0.523293,0,-0.523599,0,0,0,-0.521,-0.049,-0.483,-0.001,0.322,0.006,-0.061,0,0,-0.019,-0.001,-0.017,-0.070875,0.687487,-0.643781,0.040254,-1.049492,0.005751,single_joint_sine,1,0.3,30
2.4855,-0.523402,0,-0.523599,0,0,0,-0.521,-0.049,-0.483,-0.001,0.322,0.006,-0.061,0,0,-0.019,0.015,-0.009,-0.070875,0.687487,-0.643781,0.040254,-1.053326,-0.002875,single_joint_sine,1,0.3,30
2.4889,-0.523483,0,-0.523599,0,0,0,-0.521,-0.049,-0.483,-0.001,0.322,0.006,-0.061,0,0,-0.019,0.011,-0.009,-0.070875,0.681581,-0.643781,0.040254,-1.045658,-0.002875,single_joint_sine,1,0.3,30
2.4923,-0.523543,0,-0.523599,0,0,0,-0.521,-0.049,-0.483,-0.001,0.322,0.006,-0.033,-0.003,-0.002,0.003,0.011,-0.009,-0.008269,0.676856,-0.631969,0.022044,-1.045658,-0.002875,single_joint_sine,1,0.3,30
2.496,-0.523584,0,-0.523599,0,0,0,-0.521,-0.049,-0.483,-0.001,0.322,0.006,-0.033,-0.003,-0.002,0.003,0.011,-0.009,-0.008269,0.676856,-0.631969,0.022044,-1.045658,0,single_joint_sine,1,0.3,30
2.4994,-0.523598,0,-0.523599,0,0,0,-0.521,-0.049,-0.483,-0.001,0.322,0.006,-0.037,0,0.006,0.017,0.009,0.009,-0.015356,0.683944,-0.636694,0.021086,-1.036074,0.006709,single_joint_sine,1,0.3,30
2.5028,-0.523592,0,-0.523599,0,0,0,-0.521,-0.049,-0.483,-0.001,0.322,0.006,-0.007,0,0.006,0.017,-0.013,0.009,-0.042525,0.683944,-0.636694,0.021086,-1.037032,0.006709,single_joint_sine,1,0.3,30
2.5062,-0.523563,0,-0.523599,0,0,0,-0.521,-0.049,-0.483,-0.001,0.322,0.006,-0.007,0,0.006,0.017,-0.013,0.009,-0.042525,0.683944,-0.636694,0.021086,-1.037032,0.006709,single_joint_sine,1,0.3,30
2.5096,-0.523513,0,-0.523599,0,0,0,-0.521,-0.049,-0.483,-0.001,0.322,0.006,-0.007,0.001,-0.002,-0.013,-0.013,-0.026,-0.042525,0.675675,-0.634331,0.041213,-1.037032,0.010543,single_joint_sine,1,0.3,30
2.513,-0.523441,0,-0.523599,0,0,0,-0.521,-0.049,-0.483,-0.001,0.322,0.006,-0.011,-0.003,-0.001,-0.023,-0.001,-0.026,-0.011813,0.676856,-0.63315,0.051756,-1.048533,0.010543,single_joint_sine,1,0.3,30
2.5164,-0.523348,0,-0.523599,0,0,0,-0.521,-0.049,-0.483,-0.001,0.322,0.006,-0.011,-0.003,-0.001,-0.023,-0.001,0.003,-0.011813,0.676856,-0.63315,0.051756,-1.048533,-0.002875,single_joint_sine,1,0.3,30
2.5202,-0.523221,0,-0.523599,0,0,0,-0.521,-0.049,-0.483,-0.001,0.322,0.006,0.001,-0.003,-0.002,-0.001,-0.007,0,0.001181,0.676856,-0.636694,0.027795,-1.048533,0,single_joint_sine,1,0.3,30
2.5235,-0.523083,0,-0.523599,0,0,0,-0.521,-0.049,-0.483,-0.001,0.322,0.006,0.004,0,-0.002,-0.001,-0.001,0,0.027169,0.678037,-0.636694,0.027795,-1.020739,0,single_joint_sine,1,0.3,30
2.5269,-0.522926,0,-0.523599,0,0,0,-0.521,-0.049,-0.483,-0.001,0.322,0.006,0.004,0,0,0,-0.001,0,0.027169,0.666225,-0.630787,0.025878,-1.020739,0,single_joint_sine,1,0.3,30
2.5306,-0.52273,0,-0.523599,0,0,0,-0.521,-0.049,-0.483,-0.001,0.322,0.006,0.004,0,0,0,-0.001,-0.003,0.027169,0.666225,-0.630787,0.025878,-1.020739,0,single_joint_sine,1,0.3,30
2.5343,-0.522503,0,-0.523599,0,0,0,-0.521,-0.049,-0.483,-0.001,0.322,0.006,0.009,-0.002,0.006,-0.003,-0.005,0.007,0.060244,0.6804,-0.639056,0.029712,-1.046616,-0.010543,single_joint_sine,1,0.3,30
2.5377,-0.522276,0,-0.523599,0,0,0,-0.521,-0.049,-0.483,-0.001,0.322,0.006,0.027,-0.002,0.006,-0.003,0.009,0.007,0.101587,0.6804,-0.639056,0.029712,-1.071536,-0.010543,single_joint_sine,1,0.3,30
2.5412,-0.522017,0,-0.523599,0,0,0,-0.521,-0.049,-0.483,-0.001,0.322,0.006,0.027,-0.002,0.006,-0.003,0.009,0.007,0.101587,0.6804,-0.639056,0.029712,-1.071536,-0.010543,single_joint_sine,1,0.3,30
2.5448,-0.521735,0,-0.523599,0,0,0,-0.521,-0.049,-0.483,-0.001,0.322,0.006,0.027,0.007,0.002,-0.011,0.009,0.003,0.101587,0.678037,-0.626062,0.022044,-1.071536,-0.015335,single_joint_sine,1,0.3,30
2.5482,-0.521442,0,-0.523599,0,0,0,-0.521,-0.049,-0.483,-0.001,0.322,0.006,0.013,0,0.002,0.011,0.03,-0.021,0.1323,0.696937,-0.639056,0.020127,-1.057159,0.010543,single_joint_sine,1,0.3,30
2.5516,-0.521128,0,-0.523599,0,0,0,-0.521,-0.049,-0.483,-0.001,0.322,0.006,0.028,0,0.002,0.011,0.03,-0.021,0.161831,0.696937,-0.639056,0.020127,-1.057159,0.010543,single_joint_sine,1,0.3,30
2.5552,-0.520765,0,-0.523599,0,0,0,-0.521,-0.049,-0.483,-0.001,0.322,0.006,0.028,-0.003,-0.004,0.001,-0.011,0.015,0.161831,0.678037,-0.624881,0.032587,-0.991985,0.098719,single_joint_sine,1,0.3,30
2.5586,-0.520406,0,-0.523599,0,0,0,-0.521,-0.049,-0.483,-0.001,0.322,0.006,0.046,-0.003,-0.004,0.001,-0.017,0.015,0.206719,0.678037,-0.624881,0.032587,-1.056201,0.098719,single_joint_sine,1,0.3,30
2.5621,-0.520021,0,-0.523599,0,0,0,-0.521,-0.049,-0.483,-0.001,0.322,0.006,0.046,-0.001,0,0.019,-0.017,0.015,0.206719,0.675675,-0.634331,0.01821,-1.056201,0.098719,single_joint_sine,1,0.3,30
2.5655,-0.519613,0,-0.523599,0,0,0,-0.521,-0.049,-0.483,-0.001,0.322,0.006,0.046,-0.001,0,0.019,-0.017,-0.069,0.206719,0.675675,-0.634331,0.01821,-1.056201,0.026836,single_joint_sine,1,0.3,30
2.5693,-0.519132,0,-0.523599,0,0,0,-0.52,-0.049,-0.483,-0.001,0.322,0.006,0.044,0,0,-0.046,-0.001,0.046,0.1512,0.679219,-0.634331,0.050797,-1.045658,-0.023003,single_joint_sine,1,0.3,30
2.5727,-0.518684,0,-0.523599,0,0,0,-0.52,-0.049,-0.483,-0.001,0.322,0.006,0.051,0,0,-0.046,0.046,0.046,0.249244,0.679219,-0.634331,0.050797,-1.071536,-0.023003,single_joint_sine,1,0.3,30
2.5761,-0.518215,0,-0.523599,0,0,0,-0.52,-0.049,-0.483,-0.001,0.322,0.006,0.051,0,0,-0.046,0.046,0.046,0.249244,0.679219,-0.634331,0.050797,-1.071536,-0.023003,single_joint_sine,1,0.3,30
2.5796,-0.517711,0,-0.523599,0,0,0,-0.52,-0.049,-0.483,-0.001,0.322,0.006,0.051,0,-0.002,0.015,0.046,0.013,0.249244,0.678037,-0.629606,0.034504,-1.071536,-0.020127,single_joint_sine,1,0.3,30
2.583,-0.517199,0,-0.523599,0,0,0,-0.519,-0.049,-0.483,-0.001,0.322,0.006,0.047,0,-0.005,0,-0.011,0.015,0.250425,0.675675,-0.629606,0.066132,-1.031281,-0.016293,single_joint_sine,1,0.3,30
2.5864,-0.516667,0,-0.523599,0,0,0,-0.518,-0.049,-0.483,-0.001,0.322,0.006,0.171,0,-0.005,0,-0.011,0.015,0.053156,0.675675,-0.629606,0.066132,-1.031281,-0.016293,single_joint_sine,1,0.3,30
2.5899,-0.516104,0,-0.523599,0,0,0,-0.518,-0.049,-0.483,-0.001,0.322,0.006,0.171,0.002,-0.005,-0.007,-0.015,-0.009,0.053156,0.674494,-0.657956,0.040254,-1.022655,0.017252,single_joint_sine,1,0.3,30
2.5933,-0.515527,0,-0.523599,0,0,0,-0.517,-0.049,-0.483,-0.001,0.322,0.006,0.086,0.002,-0.005,-0.007,-0.005,-0.009,0.225619,0.674494,-0.657956,0.040254,-1.046616,0.017252,single_joint_sine,1,0.3,30
2.5967,-0.514931,0,-0.523599,0,0,0,-0.517,-0.049,-0.483,-0.001,0.322,0.006,0.086,0.002,-0.005,-0.007,-0.005,-0.009,0.225619,0.674494,-0.657956,0.040254,-1.046616,0.017252,single_joint_sine,1,0.3,30
2.6002,-0.514283,0,-0.523599,0,0,0,-0.517,-0.049,-0.483,-0.001,0.322,0.006,0.086,0,0.003,-0.019,-0.005,-0.011,0.225619,0.678037,-0.613069,0.049839,-1.046616,0.008626,single_joint_sine,1,0.3,30
2.6036,-0.513643,0,-0.523599,0,0,0,-0.516,-0.049,-0.483,-0.001,0.322,0.006,0.161,0,0,-0.04,0,-0.001,0.1134,0.675675,-0.63315,0.036421,-1.043741,0,single_joint_sine,1,0.3,30
2.607,-0.512981,0,-0.523599,0,0,0,-0.515,-0.049,-0.483,-0.001,0.322,0.006,0.14,0,0,0.023,0.007,-0.001,0.115762,0.675675,-0.63315,0.040254,-1.05045,0,single_joint_sine,1,0.3,30
2.6106,-0.512259,0,-0.523599,0,0,0,-0.515,-0.049,-0.483,-0.001,0.322,0.006,0.14,0,0,0.023,0.007,-0.001,0.115762,0.675675,-0.63315,0.040254,-1.05045,0,single_joint_sine,1,0.3,30
2.6144,-0.511471,0,-0.523599,0,0,0,-0.515,-0.049,-0.483,-0.001,0.322,0.006,0.14,0,0,0.023,0.007,0.007,0.115762,0.683944,-0.629606,0.040254,-1.05045,-0.001917,single_joint_sine,1,0.3,30
2.6178,-0.510743,0,-0.523599,0,0,0,-0.514,-0.049,-0.483,-0.001,0.322,0.006,0.129,0.001,0,-0.017,-0.023,0.003,0.258694,0.681581,-0.634331,-0.001917,-1.048533,-0.001917,single_joint_sine,1,0.3,30
2.6213,-0.509979,0,-0.523599,0,0,0,-0.513,-0.049,-0.483,-0.001,0.322,0.006,0.214,-0.001,0.002,0.044,-0.023,0.003,0.196087,0.682762,-0.640238,-0.024919,-1.048533,-0.001917,single_joint_sine,1,0.3,30
2.6255,-0.509013,0,-0.523599,0,0,0,-0.513,-0.049,-0.483,-0.001,0.322,0.006,0.214,-0.001,0.002,0.044,0.007,-0.005,0.196087,0.682762,-0.640238,-0.024919,-1.048533,-0.004792,single_joint_sine,1,0.3,30
2.6293,-0.508129,0,-0.523599,0,0,0,-0.511,-0.049,-0.483,-0.001,0.322,0.006,0.215,-0.001,0.002,0.044,0.013,-0.005,0.116944,0.682762,-0.640238,-0.024919,-1.055242,-0.004792,single_joint_sine,1,0.3,30
2.6327,-0.507309,0,-0.523599,0,0,0,-0.511,-0.049,-0.483,-0.001,0.322,0.006,0.215,-0.004,-0.002,0.024,0.013,0.001,0.116944,0.681581,-0.627244,0.01246,-1.055242,-0.009584,single_joint_sine,1,0.3,30
2.6361,-0.506467,0,-0.523599,0,0,0,-0.511,-0.049,-0.483,-0.001,0.322,0.006,0.215,-0.004,-0.002,0.024,0.013,0.001,0.116944,0.681581,-0.627244,0.01246,-1.055242,-0.009584,single_joint_sine,1,0.3,30
2.6396,-0.505583,0,-0.523599,0,0,0,-0.51,-0.049,-0.483,-0.001,0.322,0.006,0.212,-0.003,-0.002,0.007,-0.005,0.001,0.201994,0.695756,-0.637875,0.009584,-1.038949,-0.000958,single_joint_sine,1,0.3,30
2.643,-0.5047,0,-0.523599,0,0,0,-0.509,-0.049,-0.483,-0.001,0.322,0.006,0.176,-0.003,-0.002,0.03,-0.03,0.001,0.251606,0.695756,-0.637875,-0.004792,-1.036074,-0.000958,single_joint_sine,1,0.3,30
2.6464,-0.503783,0,-0.523599,0,0,0,-0.509,-0.049,-0.483,-0.001,0.322,0.006,0.176,-0.003,-0.002,0.03,-0.03,0.001,0.251606,0.695756,-0.637875,-0.004792,-1.036074,-0.000958,single_joint_sine,1,0.3,30
2.65,-0.50281,0,-0.523599,0,0,0,-0.509,-0.049,-0.483,-0.001,0.322,0.006,0.176,0.001,0.003,0.03,-0.03,-0.013,0.251606,0.675675,-0.639056,-0.004792,-1.036074,0.022044,single_joint_sine,1,0.3,30
2.6534,-0.501864,0,-0.523599,0,0,0,-0.507,-0.049,-0.483,0,0.322,0.006,0.24,0.002,-0.002,0.024,-0.017,0.011,0.16065,0.681581,-0.649687,0.032587,-1.035115,-0.005751,single_joint_sine,1,0.3,30
2.6568,-0.500899,0,-0.523599,0,0,0,-0.505,-0.049,-0.483,-0.001,0.322,0.006,0.268,-0.001,0.004,-0.046,-0.017,0.011,0.135844,0.685125,-0.6426,0.04888,-1.035115,-0.005751,single_joint_sine,1,0.3,30
2.6602,-0.49991,0,-0.523599,0,0,0,-0.505,-0.049,-0.483,-0.001,0.322,0.006,0.268,-0.001,0.004,-0.046,-0.007,0.015,0.135844,0.685125,-0.6426,0.04888,-1.039907,-0.006709,single_joint_sine,1,0.3,30
2.6636,-0.498903,0,-0.523599,0,0,0,-0.503,-0.049,-0.483,-0.001,0.322,0.006,0.263,-0.001,0.004,-0.046,-0.007,0.015,0.137025,0.685125,-0.6426,0.04888,-1.043741,-0.006709,single_joint_sine,1,0.3,30
2.667,-0.497877,0,-0.523599,0,0,0,-0.503,-0.049,-0.483,-0.001,0.322,0.006,0.263,0.002,-0.001,-0.03,-0.007,0.019,0.137025,0.679219,-0.6426,0.044088,-1.043741,0.000958,single_joint_sine,1,0.3,30
2.6707,-0.496721,0,-0.523599,0,0,0,-0.503,-0.049,-0.483,-0.001,0.322,0.006,0.263,0.002,-0.001,-0.03,-0.007,0.019,0.137025,0.679219,-0.6426,0.044088,-1.043741,0.000958,single_joint_sine,1,0.3,30
2.6743,-0.495602,0,-0.523599,0,0,0,-0.501,-0.049,-0.483,-0.001,0.322,0.006,0.282,0.001,-0.001,-0.005,-0.009,0.003,0.17955,0.678037,-0.646144,0.029712,-1.039907,-0.021086,single_joint_sine,1,0.3,30
2.6777,-0.49451,0,-0.523599,0,0,0,-0.499,-0.049,-0.483,-0.001,0.322,0.006,0.279,0.001,-0.001,-0.001,-0.015,0.003,0.261056,0.678037,-0.646144,0.024919,-1.060993,-0.021086,single_joint_sine,1,0.3,30
2.6813,-0.49331,0,-0.523599,0,0,0,-0.499,-0.049,-0.483,-0.001,0.322,0.006,0.279,0.001,-0.001,-0.001,-0.015,0.003,0.261056,0.678037,-0.646144,0.024919,-1.060993,-0.021086,single_joint_sine,1,0.3,30
2.6848,-0.492158,0,-0.523599,0,0,0,-0.499,-0.049,-0.483,-0.001,0.322,0.006,0.279,0.004,-0.002,-0.001,-0.015,-0.015,0.261056,0.675675,-0.630787,0.024919,-1.060993,0.014377,single_joint_sine,1,0.3,30
2.6882,-0.491003,0,-0.523599,0,0,0,-0.497,-0.049,-0.483,-0.001,0.322,0.006,0.284,-0.002,0,0.001,0.134,0.03,0.288225,0.681581,-0.626062,0.049839,-0.983359,0.023961,single_joint_sine,1,0.3,30
2.6916,-0.48981,0,-0.523599,0,0,0,-0.495,-0.049,-0.483,-0.001,0.322,0.006,0.334,-0.004,0,0.015,0.134,0.03,0.108675,0.678037,-0.627244,0.023961,-0.983359,0.023961,single_joint_sine,1,0.3,30
2.6953,-0.488512,0,-0.523599,0,0,0,-0.495,-0.049,-0.483,-0.001,0.323,0.006,0.334,-0.004,0,0.015,0.055,-0.001,0.108675,0.678037,-0.627244,0.023961,-1.065785,0.001917,single_joint_sine,1,0.3,30
2.6987,-0.487294,0,-0.523599,0,0,0,-0.492,-0.049,-0.483,-0.001,0.322,0.006,0.355,-0.004,0,0.015,-0.051,-0.001,0.167737,0.678037,-0.627244,0.023961,-1.010196,0.001917,single_joint_sine,1,0.3,30
2.7021,-0.486056,0,-0.523599,0,0,0,-0.492,-0.049,-0.483,-0.001,0.322,0.006,0.355,0.004,0.001,-0.023,-0.051,0.007,0.167737,0.6804,-0.636694,0.049839,-1.010196,0.002875,single_joint_sine,1,0.3,30
2.7058,-0.484696,0,-0.523599,0,0,0,-0.492,-0.049,-0.483,-0.001,0.322,0.006,0.355,0.004,0.001,-0.023,-0.051,0.007,0.167737,0.6804,-0.636694,0.049839,-1.010196,0.002875,single_joint_sine,1,0.3,30
2.7094,-0.483349,0,-0.523599,0,0,0,-0.49,-0.049,-0.483,-0.001,0.322,0.006,0.326,0.001,-0.006,-0.021,0.034,-0.011,0.256331,0.676856,-0.641419,0.014377,-1.049492,0.01821,single_joint_sine,1,0.3,30
2.7128,-0.482049,0,-0.523599,0,0,0,-0.487,-0.049,-0.483,-0.001,0.323,0.006,0.339,0.001,-0.006,0.013,0.009,-0.011,0.258694,0.676856,-0.641419,0.019169,-1.057159,0.01821,single_joint_sine,1,0.3,30
2.7162,-0.480711,0,-0.523599,0,0,0,-0.487,-0.049,-0.483,-0.001,0.323,0.006,0.339,0.001,-0.006,0.013,0.009,-0.011,0.258694,0.676856,-0.641419,0.019169,-1.057159,0.01821,single_joint_sine,1,0.3,30
2.7197,-0.479351,0,-0.523599,0,0,0,-0.487,-0.049,-0.483,-0.001,0.323,0.006,0.339,0,0.001,0.013,0.009,-0.011,0.258694,0.682762,-0.634331,0.019169,-1.057159,0.007668,single_joint_sine,1,0.3,30
2.7231,-0.477992,0,-0.523599,0,0,0,-0.485,-0.049,-0.483,-0.001,0.322,0.006,0.345,0.002,0,0,-0.017,0.003,0.279956,0.674494,-0.627244,0.020127,-1.034157,-0.021086,single_joint_sine,1,0.3,30
2.7265,-0.476589,0,-0.523599,0,0,0,-0.482,-0.049,-0.483,-0.001,0.322,0.006,0.427,0.002,0,0,-0.017,0.003,0.083869,0.674494,-0.627244,0.020127,-1.034157,-0.021086,single_joint_sine,1,0.3,30
2.7301,-0.475115,0,-0.523599,0,0,0,-0.482,-0.049,-0.483,-0.001,0.322,0.006,0.427,0,-0.001,-0.007,0.024,0.001,0.083869,0.674494,-0.629606,0.020127,-1.043741,0.003834,single_joint_sine,1,0.3,30
2.7335,-0.473695,0,-0.523599,0,0,0,-0.479,-0.049,-0.483,-0.001,0.322,0.006,0.392,0,-0.001,-0.007,-0.003,0.001,0.235069,0.674494,-0.629606,0.020127,-1.038949,0.003834,single_joint_sine,1,0.3,30
2.7369,-0.47226,0,-0.523599,0,0,0,-0.479,-0.049,-0.483,-0.001,0.322,0.006,0.392,0,-0.003,-0.001,-0.003,0.001,0.235069,0.669769,-0.617794,0.039296,-1.038949,0.003834,single_joint_sine,1,0.3,30
2.7403,-0.470802,0,-0.523599,0,0,0,-0.479,-0.049,-0.483,-0.001,0.322,0.006,0.392,0,-0.003,-0.001,-0.003,-0.028,0.235069,0.669769,-0.617794,0.039296,-1.038949,0.010543,single_joint_sine,1,0.3,30
2.7437,-0.469328,0,-0.523599,0,0,0,-0.477,-0.049,-0.483,-0.001,0.322,0.006,0.37,0.001,0.005,-0.005,-0.001,-0.017,0.3024,0.679219,-0.643781,0.038338,-1.042783,0.004792,single_joint_sine,1,0.3,30
2.7471,-0.467832,0,-0.523599,0,0,0,-0.474,-0.049,-0.483,-0.001,0.322,0.006,0.417,0.001,0.005,0.011,0.003,-0.017,0.268144,0.679219,-0.643781,0.03067,-1.037991,0.004792,single_joint_sine,1,0.3,30
2.7506,-0.466264,0,-0.523599,0,0,0,-0.474,-0.049,-0.483,-0.001,0.322,0.006,0.417,0.001,0.005,0.011,0.003,-0.017,0.268144,0.679219,-0.643781,0.03067,-1.037991,0.004792,single_joint_sine,1,0.3,30
2.7544,-0.464562,0,-0.523599,0,0,0,-0.474,-0.049,-0.483,-0.001,0.322,0.006,0.417,-0.001,0,0.011,0.003,0.007,0.268144,0.685125,-0.637875,0.03067,-1.037991,-0.000958,single_joint_sine,1,0.3,30
2.7578,-0.463005,0,-0.523599,0,0,0,-0.471,-0.049,-0.483,-0.001,0.322,0.006,0.478,0.004,0.005,0,0.03,-0.017,0.048431,0.675675,-0.650869,0.029712,-1.056201,0.005751,single_joint_sine,1,0.3,30
2.7613,-0.461357,0,-0.523599,0,0,0,-0.471,-0.049,-0.483,-0.001,0.322,0.006,0.478,0.004,0.005,0,0.03,-0.017,0.048431,0.675675,-0.650869,0.029712,-1.056201,0.005751,single_joint_sine,1,0.3,30
2.7649,-0.459648,0,-0.523599,0,0,0,-0.467,-0.049,-0.483,-0.001,0.322,0.006,0.439,0,0.005,0,0.003,-0.021,0.222075,0.675675,-0.6237,0.020127,-1.021697,-0.001917,single_joint_sine,1,0.3,30
2.7683,-0.458033,0,-0.523599,0,0,0,-0.464,-0.049,-0.483,-0.001,0.322,0.006,0.441,0,0.005,0,-0.036,-0.021,0.229162,0.675675,-0.6237,0.020127,-1.025531,-0.001917,single_joint_sine,1,0.3,30
2.7718,-0.456365,0,-0.523599,0,0,0,-0.464,-0.049,-0.483,-0.001,0.322,0.006,0.441,0,0,0.011,-0.036,-0.021,0.229162,0.674494,-0.640238,0.004792,-1.025531,-0.001917,single_joint_sine,1,0.3,30
2.7754,-0.454642,0,-0.523599,0,0,0,-0.464,-0.049,-0.483,-0.001,0.322,0.006,0.441,0,0,0.011,-0.036,-0.009,0.229162,0.674494,-0.640238,0.004792,-1.025531,-0.013418,single_joint_sine,1,0.3,30
2.7788,-0.452968,0,-0.523599,0,0,0,-0.461,-0.049,-0.483,-0.001,0.322,0.006,0.485,0.001,0,-0.019,-0.001,0.026,0.145294,0.692213,-0.629606,0.033545,-1.079203,-0.007668,single_joint_sine,1,0.3,30
2.7822,-0.451276,0,-0.523599,0,0,0,-0.457,-0.049,-0.483,-0.001,0.323,0.006,0.5,0.001,0,0.003,0.111,0.026,0.184275,0.692213,-0.629606,0.027795,-1.073453,-0.007668,single_joint_sine,1,0.3,30
2.7856,-0.449542,0,-0.523599,0,0,0,-0.457,-0.049,-0.483,-0.001,0.323,0.006,0.5,0.001,0,0.003,0.111,0.026,0.184275,0.692213,-0.629606,0.027795,-1.073453,-0.007668,single_joint_sine,1,0.3,30
2.7894,-0.447627,0,-0.523599,0,0,0,-0.457,-0.049,-0.483,-0.001,0.323,0.006,0.5,0.002,-0.003,0.003,0.111,-0.009,0.184275,0.672131,-0.629606,0.027795,-1.073453,-0.005751,single_joint_sine,1,0.3,30
2.7928,-0.445878,0,-0.523599,0,0,0,-0.454,-0.049,-0.483,-0.001,0.323,0.006,0.488,0,0,-0.001,-0.028,-0.009,0.240975,0.67095,-0.636694,0.028753,-1.018822,-0.005751,single_joint_sine,1,0.3,30
2.7965,-0.443924,0,-0.523599,0,0,0,-0.454,-0.049,-0.483,-0.001,0.323,0.006,0.488,0,0,-0.001,-0.028,-0.007,0.240975,0.67095,-0.636694,0.028753,-1.018822,0.015335,single_joint_sine,1,0.3,30
2.8,-0.442096,0,-0.523599,0,0,0,-0.451,-0.049,-0.483,-0.001,0.322,0.006,0.507,0,-0.001,0,-0.03,0.001,0.275231,0.681581,-0.627244,0.027795,-1.023614,0.006709,single_joint_sine,1,0.3,30
2.8034,-0.44029,0,-0.523599,0,0,0,-0.447,-0.049,-0.483,-0.001,0.322,0.006,0.541,0,-0.001,0,0.007,0.001,0.163013,0.681581,-0.627244,0.027795,-1.0447,0.006709,single_joint_sine,1,0.3,30
2.8068,-0.438434,0,-0.523599,0,0,0,-0.447,-0.049,-0.483,-0.001,0.322,0.006,0.541,-0.001,0,0.001,0.007,0.001,0.163013,0.675675,-0.643781,0.023961,-1.0447,0.006709,single_joint_sine,1,0.3,30
2.8103,-0.436563,0,-0.523599,0,0,0,-0.447,-0.049,-0.483,-0.001,0.322,0.006,0.541,-0.001,0,0.001,0.007,0,0.163013,0.675675,-0.643781,0.023961,-1.0447,-0.005751,single_joint_sine,1,0.3,30
2.8138,-0.434661,0,-0.523599,0,0,0,-0.443,-0.049,-0.483,-0.001,0.322,0.006,0.524,-0.002,0,0.003,0.04,-0.053,0.224437,0.673312,-0.635512,0.01821,-1.054284,-0.045047,single_joint_sine,1,0.3,30
2.8172,-0.432786,0,-0.523599,0,0,0,-0.439,-0.049,-0.483,-0.001,0.322,0.006,0.551,-0.002,0,-0.03,-0.036,-0.053,0.231525,0.673312,-0.635512,0.045047,-1.024572,-0.045047,single_joint_sine,1,0.3,30
2.8206,-0.430863,0,-0.523599,0,0,0,-0.439,-0.049,-0.483,-0.001,0.322,0.006,0.551,-0.002,0,-0.03,-0.036,-0.053,0.231525,0.673312,-0.635512,0.045047,-1.024572,-0.045047,single_joint_sine,1,0.3,30
2.8244,-0.428744,0,-0.523599,0,0,0,-0.439,-0.049,-0.483,-0.001,0.322,0.006,0.551,-0.002,0,-0.03,-0.036,0.015,0.231525,0.678037,-0.631969,0.045047,-1.024572,-0.000958,single_joint_sine,1,0.3,30
2.8278,-0.42681,0,-0.523599,0,0,0,-0.436,-0.049,-0.483,-0.001,0.322,0.006,0.574,0,-0.001,0.024,0.038,0.005,0.178369,0.6804,-0.628425,0.017252,-1.059076,0.004792,single_joint_sine,1,0.3,30
2.8312,-0.424863,0,-0.523599,0,0,0,-0.436,-0.049,-0.483,-0.001,0.322,0.006,0.574,0,-0.001,0.024,0.038,0.005,0.178369,0.6804,-0.628425,0.017252,-1.059076,0.004792,single_joint_sine,1,0.3,30
2.8346,-0.422841,0,-0.523599,0,0,0,-0.432,-0.049,-0.483,-0.001,0.322,0.006,0.562,0.002,0.001,0.009,0,-0.003,0.203175,0.678037,-0.639056,0.033545,-1.056201,0.003834,single_joint_sine,1,0.3,30
2.838,-0.420853,0,-0.523599,0,0,0,-0.428,-0.049,-0.483,-0.001,0.323,0.006,0.54,0.002,0.001,0.009,0.046,-0.003,0.288225,0.678037,-0.639056,0.033545,-1.065785,0.003834,single_joint_sine,1,0.3,30
2.8415,-0.418813,0,-0.523599,0,0,0,-0.428,-0.049,-0.483,-0.001,0.323,0.006,0.54,0.002,0.001,0.009,0.046,-0.003,0.288225,0.678037,-0.639056,0.033545,-1.065785,0.003834,single_joint_sine,1,0.3,30
2.8452,-0.416629,0,-0.523599,0,0,0,-0.428,-0.049,-0.483,-0.001,0.323,0.006,0.54,-0.001,0.001,0.007,0.046,0,0.288225,0.676856,-0.637875,0.028753,-1.065785,-0.005751,single_joint_sine,1,0.3,30
2.8486,-0.414588,0,-0.523599,0,0,0,-0.424,-0.049,-0.483,-0.001,0.323,0.006,0.622,-0.001,0,0.015,-0.007,-0.009,0.088594,0.692213,-0.653231,0.020127,-1.055242,-0.005751,single_joint_sine,1,0.3,30
2.852,-0.412531,0,-0.523599,0,0,0,-0.419,-0.049,-0.483,-0.001,0.323,0.006,0.594,-0.001,0,-0.003,0.017,-0.009,0.209081,0.692213,-0.653231,0.033545,-1.051409,-0.005751,single_joint_sine,1,0.3,30
2.8555,-0.410377,0,-0.523599,0,0,0,-0.419,-0.049,-0.483,-0.001,0.323,0.006,0.594,-0.001,0,-0.003,0.017,-0.009,0.209081,0.692213,-0.653231,0.033545,-1.051409,-0.005751,single_joint_sine,1,0.3,30
2.8589,-0.408281,0,-0.523599,0,0,0,-0.419,-0.049,-0.483,-0.001,0.323,0.006,0.594,0,-0.002,-0.003,0.017,0.007,0.209081,0.682762,-0.637875,0.033545,-1.051409,0.000958,single_joint_sine,1,0.3,30
2.8623,-0.406172,0,-0.523599,0,0,0,-0.415,-0.049,-0.483,-0.001,0.323,0.006,0.599,0.002,0,0.003,0.001,0.003,0.296494,0.685125,-0.637875,0.025878,-1.046616,0.002875,single_joint_sine,1,0.3,30
2.8658,-0.404014,0,-0.523599,0,0,0,-0.415,-0.049,-0.483,-0.001,0.323,0.006,0.599,0.002,0,0.003,0.001,0.003,0.296494,0.685125,-0.637875,0.025878,-1.046616,0.002875,single_joint_sine,1,0.3,30
2.8694,-0.401717,0,-0.523599,0,0,0,-0.411,-0.049,-0.483,-0.001,0.322,0.006,0.65,0,0.001,-0.001,0,0.013,0.088594,0.674494,-0.653231,0.027795,-1.041824,-0.010543,single_joint_sine,1,0.3,30
2.8728,-0.399557,0,-0.523599,0,0,0,-0.407,-0.049,-0.483,-0.001,0.323,0.006,0.581,0,0.001,-0.001,0.011,0.013,0.337837,0.674494,-0.653231,0.027795,-1.055242,-0.010543,single_joint_sine,1,0.3,30
2.8762,-0.397348,0,-0.523599,0,0,0,-0.407,-0.049,-0.483,-0.001,0.323,0.006,0.581,0,0.001,-0.001,0.011,0.013,0.337837,0.674494,-0.653231,0.027795,-1.055242,-0.010543,single_joint_sine,1,0.3,30
2.8798,-0.395078,0,-0.523599,0,0,0,-0.407,-0.049,-0.483,-0.001,0.323,0.006,0.581,-0.003,0.002,-0.001,0.011,-0.003,0.337837,0.68985,-0.650869,0.032587,-1.055242,0.000958,single_joint_sine,1,0.3,30
2.8832,-0.392868,0,-0.523599,0,0,0,-0.402,-0.049,-0.483,-0.001,0.322,0.006,0.634,0,0,-0.003,-0.021,-0.009,0.180731,0.692213,-0.622519,0.023003,-1.035115,0.009584,single_joint_sine,1,0.3,30
2.8866,-0.390608,0,-0.523599,0,0,0,-0.398,-0.049,-0.483,-0.001,0.322,0.006,0.635,0,0,-0.003,-0.021,-0.009,0.268144,0.692213,-0.622519,0.023003,-1.035115,0.009584,single_joint_sine,1,0.3,30
2.8905,-0.388026,0,-0.523599,0,0,0,-0.398,-0.049,-0.483,-0.001,0.322,0.006,0.635,0,0,0,-0.019,-0.009,0.268144,0.692213,-0.622519,0.021086,-1.037991,0.009584,single_joint_sine,1,0.3,30
2.8941,-0.385664,0,-0.523599,0,0,0,-0.398,-0.049,-0.483,-0.001,0.322,0.006,0.635,0,-0.002,0,-0.019,0.005,0.268144,0.678037,-0.644962,0.021086,-1.037991,0.007668,single_joint_sine,1,0.3,30
2.8975,-0.383388,0,-0.523599,0,0,0,-0.393,-0.049,-0.483,-0.001,0.323,0.006,0.631,0,0.003,-0.003,0.021,-0.001,0.315394,0.681581,-0.6426,0.01821,-1.058118,-0.000958,single_joint_sine,1,0.3,30
2.9009,-0.38106,0,-0.523599,0,0,0,-0.393,-0.049,-0.483,-0.001,0.323,0.006,0.631,0,0.003,-0.003,0.021,-0.001,0.315394,0.681581,-0.6426,0.01821,-1.058118,-0.000958,single_joint_sine,1,0.3,30
2.9046,-0.378543,0,-0.523599,0,0,0,-0.389,-0.049,-0.483,-0.001,0.322,0.006,0.679,-0.001,0,0.005,0.019,0.007,0.2079,0.682762,-0.640238,0.025878,-1.046616,0,single_joint_sine,1,0.3,30
2.908,-0.376218,0,-0.523599,0,0,0,-0.384,-0.049,-0.483,-0.001,0.322,0.006,0.657,-0.001,0,0.005,0.007,0.007,0.258694,0.682762,-0.640238,0.025878,-1.041824,0,single_joint_sine,1,0.3,30
2.9114,-0.373868,0,-0.523599,0,0,0,-0.384,-0.049,-0.483,-0.001,0.322,0.006,0.657,-0.001,0,0.005,0.007,0.007,0.258694,0.682762,-0.640238,0.025878,-1.041824,0,single_joint_sine,1,0.3,30
2.915,-0.37139,0,-0.523599,0,0,0,-0.384,-0.049,-0.483,-0.001,0.322,0.006,0.657,0,-0.001,0.001,0.007,0.003,0.258694,0.668588,-0.646144,0.022044,-1.041824,-0.016293,single_joint_sine,1,0.3,30
2.9184,-0.369019,0,-0.523599,0,0,0,-0.379,-0.049,-0.483,-0.001,0.322,0.006,0.68,-0.004,-0.002,0.001,-0.007,0,0.220894,0.672131,-0.631969,0.025878,-1.058118,0.013418,single_joint_sine,1,0.3,30
2.9218,-0.366631,0,-0.523599,0,0,0,-0.374,-0.049,-0.483,-0.001,0.322,0.006,0.703,-0.004,-0.002,0.001,-0.007,0,0.199631,0.672131,-0.631969,0.025878,-1.058118,0.013418,single_joint_sine,1,0.3,30
2.9254,-0.364069,0,-0.523599,0,0,0,-0.374,-0.049,-0.483,-0.001,0.322,0.006,0.703,-0.004,0,0,0.019,0,0.199631,0.672131,-0.627244,0.032587,-1.053326,0.013418,single_joint_sine,1,0.3,30
2.9288,-0.361651,0,-0.523599,0,0,0,-0.374,-0.049,-0.483,-0.001,0.322,0.006,0.703,-0.001,0,0,0.019,-0.009,0.199631,0.674494,-0.627244,0.032587,-1.053326,-0.008626,single_joint_sine,1,0.3,30
2.9322,-0.359218,0,-0.523599,0,0,0,-0.369,-0.049,-0.483,-0.001,0.322,0.006,0.703,0,0,-0.009,-0.001,0.038,0.242156,0.682762,-0.630787,0.019169,-1.055242,-0.020127,single_joint_sine,1,0.3,30
2.9356,-0.356776,0,-0.523599,0,0,0,-0.369,-0.049,-0.483,-0.001,0.322,0.006,0.703,0,0,-0.009,-0.001,0.038,0.242156,0.682762,-0.630787,0.019169,-1.055242,-0.020127,single_joint_sine,1,0.3,30
2.9394,-0.354065,0,-0.523599,0,0,0,-0.364,-0.049,-0.483,-0.001,0.323,0.006,0.744,0.002,-0.008,0.005,0.026,0.067,0.115762,0.685125,-0.631969,0.023003,-1.049492,-0.005751,single_joint_sine,1,0.3,30
2.9428,-0.351586,0,-0.523599,0,0,0,-0.359,-0.049,-0.483,-0.001,0.322,0.006,0.717,0.002,-0.008,0.005,0.007,0.067,0.243337,0.685125,-0.631969,0.023003,-1.039907,-0.005751,single_joint_sine,1,0.3,30
2.9462,-0.3491,0,-0.523599,0,0,0,-0.359,-0.049,-0.483,-0.001,0.322,0.006,0.717,0.002,-0.008,0.005,0.007,0.067,0.243337,0.685125,-0.631969,0.023003,-1.039907,-0.005751,single_joint_sine,1,0.3,30
2.9496,-0.346531,0,-0.523599,0,0,0,-0.359,-0.049,-0.483,-0.001,0.322,0.007,0.717,0.003,0,0.009,0.007,-0.028,0.243337,0.669769,-0.63315,0.014377,-1.039907,0.029712,single_joint_sine,1,0.3,30
2.953,-0.344015,0,-0.523599,0,0,0,-0.354,-0.049,-0.483,-0.001,0.322,0.006,0.738,0,0.002,-0.019,0.003,-0.036,0.14175,0.686306,-0.63315,0.031629,-1.043741,0.023961,single_joint_sine,1,0.3,30
2.9565,-0.341434,0,-0.523599,0,0,0,-0.354,-0.049,-0.483,-0.001,0.322,0.006,0.738,0,0.002,-0.019,0.003,-0.036,0.14175,0.686306,-0.63315,0.031629,-1.043741,0.023961,single_joint_sine,1,0.3,30
2.9601,-0.338687,0,-0.523599,0,0,0,-0.349,-0.049,-0.483,-0.001,0.322,0.006,0.739,0,0,-0.021,0.005,-0.036,0.240975,0.686306,-0.630787,0.015335,-1.051409,0.023961,single_joint_sine,1,0.3,30
2.9635,-0.336122,0,-0.523599,0,0,0,-0.349,-0.049,-0.483,-0.001,0.323,0.006,0.739,0,0,-0.021,0.034,0.011,0.240975,0.679219,-0.630787,0.015335,-1.05045,0.01821,single_joint_sine,1,0.3,30
2.9669,-0.333571,0,-0.523599,0,0,0,-0.344,-0.049,-0.483,-0.001,0.323,0.006,0.742,0.001,-0.002,0.021,0.034,0.011,0.190181,0.67095,-0.647325,0.014377,-1.05045,0.01821,single_joint_sine,1,0.3,30
2.9704,-0.330907,0,-0.523599,0,0,0,-0.344,-0.049,-0.483,-0.001,0.323,0.006,0.742,0.001,-0.002,0.021,0.034,-0.009,0.190181,0.67095,-0.647325,0.014377,-1.05045,0.005751,single_joint_sine,1,0.3,30
2.9739,-0.32825,0,-0.523599,0,0,0,-0.338,-0.049,-0.483,-0.001,0.322,0.006,0.747,0,0,-0.013,-0.023,-0.007,0.257512,0.669769,-0.630787,0.021086,-1.034157,0.009584,single_joint_sine,1,0.3,30
2.9773,-0.32563,0,-0.523599,0,0,0,-0.338,-0.049,-0.483,-0.001,0.323,0.006,0.747,0,0,-0.013,0.007,-0.007,0.257512,0.669769,-0.630787,0.021086,-1.053326,0.009584,single_joint_sine,1,0.3,30
2.9812,-0.322587,0,-0.523599,0,0,0,-0.338,-0.049,-0.483,-0.001,0.323,0.006,0.747,0,0,-0.013,0.007,-0.007,0.257512,0.669769,-0.630787,0.021086,-1.053326,0.009584,single_joint_sine,1,0.3,30
2.9846,-0.319894,0,-0.523599,0,0,0,-0.333,-0.049,-0.483,-0.001,0.323,0.006,0.761,0,0.004,0.009,0.007,-0.003,0.251606,0.674494,-0.648506,0.020127,-1.053326,0.000958,single_joint_sine,1,0.3,30
2.988,-0.317233,0,-0.523599,0,0,0,-0.328,-0.049,-0.483,-0.001,0.323,0.006,0.771,0,0,-0.001,0.011,0.007,0.19845,0.691031,-0.634331,0.022044,-1.053326,0.000958,single_joint_sine,1,0.3,30
2.9915,-0.314511,0,-0.523599,0,0,0,-0.322,-0.049,-0.483,-0.001,0.323,0.006,0.785,0,0,-0.001,0.011,0.007,0.259875,0.691031,-0.634331,0.022044,-1.053326,0.000958,single_joint_sine,1,0.3,30
2.995,-0.311765,0,-0.523599,0,0,0,-0.322,-0.049,-0.483,-0.001,0.323,0.006,0.785,0,-0.001,0.013,0.032,0.007,0.259875,0.691031,-0.646144,0.006709,-1.041824,0.000958,single_joint_sine,1,0.3,30
2.9984,-0.309063,0,-0.523599,0,0,0,-0.322,-0.049,-0.483,-0.001,0.323,0.006,0.785,-0.002,-0.001,0.013,-0.038,0.005,0.259875,0.686306,-0.646144,0.006709,-1.030323,-0.007668,single_joint_sine,1,0.3,30
3.0019,-0.306229,0,-0.523599,0,0,0,-0.317,-0.049,-0.483,-0.001,0.323,0.006,0.794,0.003,0.002,0.003,-0.038,0.005,0.224437,0.678037,-0.626062,0.019169,-1.030323,-0.007668,single_joint_sine,1,0.3,30
3.0053,-0.303507,0,-0.523599,0,0,0,-0.317,-0.049,-0.483,-0.001,0.323,0.006,0.794,0.003,0.002,0.003,-0.038,0.019,0.224437,0.678037,-0.626062,0.019169,-1.030323,-0.006709,single_joint_sine,1,0.3,30
3.0087,-0.300767,0,-0.523599,0,0,0,-0.311,-0.049,-0.483,-0.001,0.322,0.006,0.771,0,0.001,0.026,-0.138,0.003,0.265781,0.6804,-0.63315,0.03067,-0.948856,0.007668,single_joint_sine,1,0.3,30
3.0121,-0.298016,0,-0.523599,0,0,0,-0.306,-0.049,-0.483,-0.001,0.322,0.006,0.811,0,0.001,0.026,0.001,0.003,0.242156,0.6804,-0.63315,0.03067,-1.057159,0.007668,single_joint_sine,1,0.3,30
3.0159,-0.294972,0,-0.523599,0,0,0,-0.306,-0.049,-0.483,-0.001,0.322,0.006,0.811,0,0.001,0.026,0.001,0.003,0.242156,0.6804,-0.63315,0.03067,-1.057159,0.007668,single_joint_sine,1,0.3,30
3.0193,-0.292173,0,-0.523599,0,0,0,-0.306,-0.049,-0.483,0,0.322,0.006,0.811,0,-0.001,0.03,0.001,0.017,0.242156,0.686306,-0.640238,0.026836,-1.057159,0.001917,single_joint_sine,1,0.3,30
3.0227,-0.289382,0,-0.523599,0,0,0,-0.3,-0.049,-0.483,-0.001,0.322,0.006,0.798,0.001,0,-0.036,0.063,0.003,0.276412,0.685125,-0.628425,0.060382,-1.076328,0.008626,single_joint_sine,1,0.3,30
3.0261,-0.286533,0,-0.523599,0,0,0,-0.3,-0.049,-0.483,-0.001,0.322,0.006,0.798,0.001,0,-0.036,0.063,0.003,0.276412,0.685125,-0.628425,0.060382,-1.076328,0.008626,single_joint_sine,1,0.3,30
3.0297,-0.283618,0,-0.523599,0,0,0,-0.295,-0.049,-0.483,-0.001,0.322,0.006,0.833,0.001,0.004,-0.005,-0.011,0.003,0.168919,0.685125,-0.641419,0.044088,-1.043741,0.008626,single_joint_sine,1,0.3,30
3.0331,-0.280793,0,-0.523599,0,0,0,-0.295,-0.049,-0.483,-0.001,0.322,0.006,0.833,0.001,0.004,-0.005,-0.059,-0.015,0.168919,0.674494,-0.641419,0.044088,-1.015946,0.004792,single_joint_sine,1,0.3,30
3.0364,-0.277963,0,-0.523599,0,0,0,-0.289,-0.049,-0.483,-0.001,0.322,0.006,0.818,0.001,0.004,-0.005,-0.059,-0.015,0.295313,0.674494,-0.641419,0.044088,-1.015946,0.004792,single_joint_sine,1,0.3,30
3.0399,-0.275071,0,-0.523599,0,0,0,-0.289,-0.049,-0.483,-0.001,0.322,0.006,0.818,-0.002,0.003,-0.003,-0.059,-0.021,0.295313,0.685125,-0.631969,0.032587,-1.015946,0.006709,single_joint_sine,1,0.3,30
3.0433,-0.272211,0,-0.523599,0,0,0,-0.283,-0.049,-0.483,-0.001,0.322,0.006,0.864,0,-0.005,-0.005,0.023,0,0.114581,0.681581,-0.635512,0.019169,-1.037032,-0.021086,single_joint_sine,1,0.3,30
3.0467,-0.26934,0,-0.523599,0,0,0,-0.283,-0.049,-0.483,-0.001,0.322,0.006,0.864,0,-0.005,-0.005,0.023,0,0.114581,0.681581,-0.635512,0.019169,-1.037032,-0.021086,single_joint_sine,1,0.3,30
3.0502,-0.266325,0,-0.523599,0,0,0,-0.277,-0.049,-0.483,-0.001,0.322,0.006,0.803,0,-0.005,-0.005,0.023,0,0.309487,0.681581,-0.635512,0.019169,-1.059076,-0.021086,single_joint_sine,1,0.3,30
3.0536,-0.263432,0,-0.523599,0,0,0,-0.277,-0.049,-0.483,-0.001,0.322,0.006,0.803,0.002,-0.002,0,0.023,0.017,0.309487,0.682762,-0.637875,0.01246,-1.059076,-0.017252,single_joint_sine,1,0.3,30
3.057,-0.260535,0,-0.523599,0,0,0,-0.271,-0.049,-0.483,-0.001,0.322,0.007,0.905,-0.002,-0.001,0.015,-0.015,0.017,0.095681,0.6804,-0.641419,0.015335,-1.045658,-0.005751,single_joint_sine,1,0.3,30
3.0606,-0.257517,0,-0.523599,0,0,0,-0.271,-0.049,-0.483,-0.001,0.322,0.007,0.905,-0.002,-0.001,0.015,-0.015,0.017,0.095681,0.6804,-0.641419,0.015335,-1.045658,-0.005751,single_joint_sine,1,0.3,30
3.0641,-0.254422,0,-0.523599,0,0,0,-0.265,-0.049,-0.483,-0.001,0.322,0.007,0.831,-0.002,-0.002,-0.017,0.007,0.017,0.266962,0.6804,-0.631969,0.041213,-1.049492,-0.005751,single_joint_sine,1,0.3,30
3.0675,-0.251484,0,-0.523599,0,0,0,-0.265,-0.049,-0.483,-0.001,0.322,0.006,0.831,0.001,-0.002,-0.017,-0.003,-0.015,0.266962,0.679219,-0.631969,0.041213,-1.045658,0.125556,single_joint_sine,1,0.3,30
3.0709,-0.248575,0,-0.523599,0,0,0,-0.265,-0.049,-0.483,-0.001,0.322,0.006,0.831,0.001,-0.002,-0.017,-0.003,-0.015,0.266962,0.679219,-0.631969,0.041213,-1.045658,0.125556,single_joint_sine,1,0.3,30
3.0746,-0.245386,0,-0.523599,0,0,0,-0.259,-0.049,-0.483,-0.001,0.322,0.006,0.913,0.003,-0.002,-0.009,-0.003,-0.011,0.089775,0.676856,-0.640238,0.046005,-1.045658,0.004792,single_joint_sine,1,0.3,30
3.078,-0.242418,0,-0.523599,0,0,0,-0.253,-0.049,-0.483,-0.001,0.322,0.006,0.859,0,0,-0.03,0.023,0.013,0.310669,0.673312,-0.640238,0.032587,-1.055242,-0.022044,single_joint_sine,1,0.3,30
3.0814,-0.239382,0,-0.523599,0,0,0,-0.247,-0.049,-0.483,-0.001,0.322,0.006,0.882,0,0,-0.03,0.023,0.013,0.196087,0.673312,-0.640238,0.032587,-1.055242,-0.022044,single_joint_sine,1,0.3,30
3.0849,-0.236351,0,-0.523599,0,0,0,-0.247,-0.049,-0.483,-0.001,0.322,0.006,0.882,0,0,-0.03,0.024,0.013,0.196087,0.673312,-0.640238,0.032587,-1.055242,-0.022044,single_joint_sine,1,0.3,30
3.0883,-0.233353,0,-0.523599,0,0,0,-0.247,-0.049,-0.483,-0.001,0.322,0.006,0.882,-0.002,0,0.005,0.024,0.001,0.196087,0.687487,-0.637875,0.031629,-1.055242,-0.003834,single_joint_sine,1,0.3,30
3.0917,-0.230345,0,-0.523599,0,0,0,-0.241,-0.049,-0.483,-0.001,0.322,0.006,0.887,0,0.002,0.005,0.024,0.001,0.21735,0.678037,-0.6426,0.031629,-1.055242,-0.003834,single_joint_sine,1,0.3,30
3.0952,-0.227219,0,-0.523599,0,0,0,-0.241,-0.049,-0.483,-0.001,0.322,0.006,0.887,0,0.002,0.001,0.03,0.003,0.21735,0.678037,-0.6426,0.022044,-1.043741,0.000958,single_joint_sine,1,0.3,30
3.0986,-0.22419,0,-0.523599,0,0,0,-0.234,-0.049,-0.483,-0.001,0.322,0.006,0.886,0,0,0.013,0.007,0.003,0.199631,0.678037,-0.617794,0.020127,-1.049492,0.000958,single_joint_sine,1,0.3,30
3.102,-0.221154,0,-0.523599,0,0,0,-0.234,-0.049,-0.483,-0.001,0.322,0.006,0.886,0.002,0,0.013,0.007,0.003,0.199631,0.679219,-0.617794,0.020127,-1.049492,0.000958,single_joint_sine,1,0.3,30
3.1058,-0.217768,0,-0.523599,0,0,0,-0.234,-0.049,-0.483,-0.001,0.322,0.006,0.886,0.002,0,0.013,0.003,0.015,0.199631,0.679219,-0.617794,0.020127,-1.037991,0,single_joint_sine,1,0.3,30
3.1094,-0.21454,0,-0.523599,0,0,0,-0.228,-0.049,-0.483,-0.001,0.322,0.006,0.881,0,-0.001,0,0.003,0,0.308306,0.676856,-0.631969,0.033545,-1.037991,0.003834,single_joint_sine,1,0.3,30
3.1128,-0.211477,0,-0.523599,0,0,0,-0.222,-0.049,-0.483,-0.001,0.322,0.006,0.893,0,0.002,0.003,0.005,-0.015,0.2079,0.676856,-0.6426,0.020127,-1.041824,0.010543,single_joint_sine,1,0.3,30
3.1162,-0.208412,0,-0.523599,0,0,0,-0.222,-0.049,-0.483,-0.001,0.322,0.006,0.893,0,0.002,0.003,0.005,-0.015,0.2079,0.676856,-0.6426,0.020127,-1.041824,0.010543,single_joint_sine,1,0.3,30
3.1197,-0.205195,0,-0.523599,0,0,0,-0.216,-0.049,-0.483,-0.001,0.322,0.006,0.885,0,0.002,0.003,-0.019,-0.015,0.308306,0.676856,-0.6426,0.020127,-1.020739,0.010543,single_joint_sine,1,0.3,30
3.1231,-0.202104,0,-0.523599,0,0,0,-0.216,-0.049,-0.483,-0.001,0.322,0.006,0.885,-0.002,-0.002,-0.001,-0.019,0.017,0.308306,0.673312,-0.635512,0.01821,-1.020739,0,single_joint_sine,1,0.3,30
3.1266,-0.198953,0,-0.523599,0,0,0,-0.209,-0.049,-0.483,-0.001,0.322,0.006,0.887,0,-0.002,-0.001,-0.019,0.017,0.294131,0.6804,-0.635512,0.01821,-1.020739,0,single_joint_sine,1,0.3,30
3.1301,-0.195732,0,-0.523599,0,0,0,-0.209,-0.049,-0.483,-0.001,0.322,0.006,0.887,0,0,0.005,-0.011,-0.009,0.294131,0.6804,-0.629606,0.001917,-1.048533,0.003834,single_joint_sine,1,0.3,30
3.1335,-0.192618,0,-0.523599,0,0,0,-0.203,-0.049,-0.483,-0.001,0.322,0.006,0.925,0,-0.003,0.024,0.011,-0.009,0.220894,0.6804,-0.631969,0.010543,-1.049492,0.003834,single_joint_sine,1,0.3,30
3.1369,-0.189494,0,-0.523599,0,0,0,-0.203,-0.049,-0.483,-0.001,0.322,0.006,0.925,-0.002,-0.003,0.024,0.011,-0.009,0.220894,0.683944,-0.631969,0.010543,-1.049492,0.003834,single_joint_sine,1,0.3,30
3.1403,-0.186344,0,-0.523599,0,0,0,-0.203,-0.049,-0.483,-0.001,0.322,0.006,0.925,-0.002,-0.003,0.024,0.005,0.015,0.220894,0.683944,-0.631969,0.010543,-1.040866,-0.003834,single_joint_sine,1,0.3,30
3.1437,-0.183205,0,-0.523599,0,0,0,-0.197,-0.049,-0.483,-0.001,0.322,0.006,0.876,0,0.002,0.023,0.005,-0.011,0.372094,0.679219,-0.637875,0.000958,-1.040866,0.04888,single_joint_sine,1,0.3,30
3.1471,-0.180059,0,-0.523599,0,0,0,-0.19,-0.049,-0.483,-0.001,0.322,0.006,0.964,0.003,0,0.04,0.003,-0.009,0.127575,0.678037,-0.621337,0.021086,-1.0447,0.002875,single_joint_sine,1,0.3,30
3.1505,-0.176864,0,-0.523599,0,0,0,-0.19,-0.049,-0.483,-0.001,0.322,0.006,0.964,0.003,0,0.04,0.003,-0.009,0.127575,0.678037,-0.621337,0.021086,-1.0447,0.002875,single_joint_sine,1,0.3,30
3.1542,-0.173424,0,-0.523599,0,0,0,-0.184,-0.049,-0.483,-0.001,0.322,0.006,0.9,0.003,0,0.04,-0.019,-0.009,0.277594,0.678037,-0.621337,0.021086,-1.045658,0.002875,single_joint_sine,1,0.3,30
3.1576,-0.170255,0,-0.523599,0,0,0,-0.184,-0.049,-0.483,-0.001,0.322,0.006,0.9,0,0,-0.001,-0.019,0.028,0.277594,0.685125,-0.629606,0.021086,-1.045658,0.01246,single_joint_sine,1,0.3,30
3.1611,-0.166975,0,-0.523599,0,0,0,-0.184,-0.049,-0.483,-0.001,0.322,0.006,0.9,0,0,-0.001,-0.019,0.028,0.277594,0.685125,-0.629606,0.021086,-1.045658,0.01246,single_joint_sine,1,0.3,30
3.1647,-0.163674,0,-0.523599,0,0,0,-0.177,-0.049,-0.483,0,0.322,0.006,0.945,0,0,0.005,-0.015,-0.003,0.190181,0.687487,-0.624881,0.019169,-1.0447,-0.008626,single_joint_sine,1,0.3,30
3.1681,-0.160484,0,-0.523599,0,0,0,-0.171,-0.049,-0.483,-0.001,0.322,0.006,0.927,0,0.005,0.017,0.005,-0.003,0.278775,0.687487,-0.639056,0.023961,-1.060993,-0.008626,single_joint_sine,1,0.3,30
3.1715,-0.157243,0,-0.523599,0,0,0,-0.171,-0.049,-0.483,-0.001,0.322,0.006,0.927,0,0.005,0.017,0.005,-0.003,0.278775,0.687487,-0.639056,0.023961,-1.060993,-0.008626,single_joint_sine,1,0.3,30
3.175,-0.153994,0,-0.523599,0,0,0,-0.171,-0.049,-0.483,-0.001,0.322,0.006,0.927,0,0.005,0.017,-0.001,0.005,0.278775,0.673312,-0.639056,0.023961,-1.045658,-0.015335,single_joint_sine,1,0.3,30
3.1784,-0.150784,0,-0.523599,0,0,0,-0.164,-0.049,-0.483,-0.001,0.322,0.006,0.962,0.002,0,0.003,-0.001,0.024,0.17955,0.673312,-0.637875,0.01821,-1.045658,0.001917,single_joint_sine,1,0.3,30
3.1818,-0.147576,0,-0.523599,0,0,0,-0.157,-0.049,-0.483,-0.001,0.322,0.006,0.926,0,0,0.003,-0.001,0.024,0.281137,0.698119,-0.627244,0.01821,-1.045658,0.001917,single_joint_sine,1,0.3,30
3.1852,-0.144346,0,-0.523599,0,0,0,-0.157,-0.049,-0.483,-0.001,0.322,0.006,0.926,0,0,-0.009,0.003,-0.021,0.281137,0.698119,-0.627244,0.034504,-1.049492,0.01821,single_joint_sine,1,0.3,30
3.1886,-0.14112,0,-0.523599,0,0,0,-0.151,-0.049,-0.483,-0.001,0.322,0.006,0.965,0,0,-0.009,-0.015,-0.021,0.206719,0.698119,-0.627244,0.034504,-1.047575,0.01821,single_joint_sine,1,0.3,30
3.1919,-0.137933,0,-0.523599,0,0,0,-0.151,-0.049,-0.483,-0.001,0.322,0.006,0.965,0.001,0.002,0.005,-0.015,-0.021,0.206719,0.6804,-0.644962,0.013418,-1.047575,0.01821,single_joint_sine,1,0.3,30
3.1954,-0.13459,0,-0.523599,0,0,0,-0.151,-0.049,-0.483,-0.001,0.322,0.006,0.965,0.001,0.002,0.005,-0.015,-0.005,0.206719,0.6804,-0.644962,0.013418,-1.047575,-0.095844,single_joint_sine,1,0.3,30
3.1989,-0.131282,0,-0.523599,0,0,0,-0.144,-0.049,-0.483,-0.001,0.322,0.007,0.944,0,0,-0.024,-0.017,0.044,0.177187,0.678037,-0.639056,0.025878,-1.05045,-0.002875,single_joint_sine,1,0.3,30
3.2023,-0.128032,0,-0.523599,0,0,0,-0.137,-0.049,-0.483,0,0.322,0.007,0.925,0,-0.002,0.032,-0.005,0.044,0.31185,0.678037,-0.629606,0.011501,-1.053326,-0.002875,single_joint_sine,1,0.3,30
3.2057,-0.124786,0,-0.523599,0,0,0,-0.137,-0.049,-0.483,0,0.322,0.007,0.925,0,-0.002,0.032,-0.005,0.044,0.31185,0.678037,-0.629606,0.011501,-1.053326,-0.002875,single_joint_sine,1,0.3,30
3.2092,-0.121423,0,-0.523599,0,0,0,-0.137,-0.049,-0.483,0,0.322,0.006,0.925,0,-0.002,0.032,-0.03,-0.024,0.31185,0.676856,-0.629606,0.011501,-1.014988,0.020127,single_joint_sine,1,0.3,30
3.2126,-0.118158,0,-0.523599,0,0,0,-0.131,-0.049,-0.483,-0.001,0.322,0.006,0.998,0.001,0.001,-0.001,-0.03,0,0.145294,0.67095,-0.627244,0.026836,-1.014988,-0.01246,single_joint_sine,1,0.3,30
3.216,-0.114844,0,-0.523599,0,0,0,-0.131,-0.049,-0.483,-0.001,0.322,0.006,0.998,0.001,0.001,-0.001,-0.03,0,0.145294,0.67095,-0.627244,0.026836,-1.014988,-0.01246,single_joint_sine,1,0.3,30
3.2195,-0.11152,0,-0.523599,0,0,0,-0.124,-0.049,-0.483,-0.001,0.322,0.006,0.945,0,0.003,-0.019,-0.003,0.013,0.2835,0.682762,-0.636694,0.036421,-1.064827,0.002875,single_joint_sine,1,0.3,30
3.2229,-0.108239,0,-0.523599,0,0,0,-0.117,-0.049,-0.483,-0.001,0.322,0.006,0.972,0,0.003,-0.019,0.032,0.013,0.266962,0.682762,-0.636694,0.036421,-1.072494,0.002875,single_joint_sine,1,0.3,30
3.2263,-0.104905,0,-0.523599,0,0,0,-0.117,-0.049,-0.483,-0.001,0.322,0.006,0.972,0,0.003,-0.019,0.032,0.013,0.266962,0.682762,-0.636694,0.036421,-1.072494,0.002875,single_joint_sine,1,0.3,30
3.2299,-0.101392,0,-0.523599,0,0,0,-0.117,-0.049,-0.483,-0.001,0.322,0.006,0.972,0.002,-0.001,0.007,0.032,-0.013,0.266962,0.67095,-0.639056,0.024919,-1.072494,0.001917,single_joint_sine,1,0.3,30
3.2333,-0.098099,0,-0.523599,0,0,0,-0.11,-0.049,-0.483,-0.001,0.323,0.006,0.975,0,0.006,0,0.03,0.023,0.183094,0.683944,-0.653231,0.028753,-1.049492,0,single_joint_sine,1,0.3,30
3.2367,-0.09481,0,-0.523599,0,0,0,-0.104,-0.049,-0.483,-0.001,0.322,0.006,0.949,0,-0.001,0.001,-0.015,0.023,0.257512,0.683944,-0.634331,0.03067,-1.031281,0,single_joint_sine,1,0.3,30
3.2406,-0.091073,0,-0.523599,0,0,0,-0.104,-0.049,-0.483,-0.001,0.322,0.006,0.949,0,-0.001,0.001,-0.015,0.023,0.257512,0.683944,-0.634331,0.03067,-1.031281,0,single_joint_sine,1,0.3,30
3.2444,-0.087396,0,-0.523599,0,0,0,-0.104,-0.049,-0.483,-0.001,0.322,0.006,0.949,-0.001,-0.001,0.001,-0.019,-0.009,0.257512,0.6804,-0.634331,0.03067,-1.034157,0,single_joint_sine,1,0.3,30
3.2478,-0.084087,0,-0.523599,0,0,0,-0.097,-0.049,-0.483,-0.001,0.322,0.006,0.977,0,0.008,-0.013,-0.019,-0.007,0.222075,0.678037,-0.647325,0.042171,-1.034157,0.004792,single_joint_sine,1,0.3,30
3.2515,-0.080459,0,-0.523599,0,0,0,-0.09,-0.049,-0.483,-0.001,0.322,0.006,0.971,-0.004,0.002,-0.003,-0.019,-0.007,0.242156,0.685125,-0.637875,0.036421,-1.034157,0.004792,single_joint_sine,1,0.3,30
3.2553,-0.076716,0,-0.523599,0,0,0,-0.09,-0.049,-0.483,-0.001,0.322,0.006,0.971,-0.004,0.002,-0.003,0.011,-0.015,0.242156,0.685125,-0.637875,0.036421,-1.064827,-0.006709,single_joint_sine,1,0.3,30
3.2587,-0.073396,0,-0.523599,0,0,0,-0.083,-0.049,-0.483,-0.001,0.322,0.006,0.974,-0.004,0.002,-0.003,0.013,-0.015,0.168919,0.685125,-0.637875,0.036421,-1.0447,-0.006709,single_joint_sine,1,0.3,30
3.2621,-0.070073,0,-0.523599,0,0,0,-0.083,-0.049,-0.483,-0.001,0.322,0.006,0.974,0,0,-0.015,0.013,-0.015,0.168919,0.669769,-0.6426,0.042171,-1.0447,-0.006709,single_joint_sine,1,0.3,30
3.2657,-0.066587,0,-0.523599,0,0,0,-0.083,-0.049,-0.483,-0.001,0.322,0.006,0.974,0,0,-0.015,0.013,-0.005,0.168919,0.669769,-0.6426,0.042171,-1.0447,-0.000958,single_joint_sine,1,0.3,30
3.2694,-0.062992,0,-0.523599,0,0,0,-0.077,-0.049,-0.483,-0.001,0.322,0.006,0.957,-0.001,-0.001,0,0,-0.003,0.339019,0.685125,-0.622519,0.027795,-1.023614,-0.001917,single_joint_sine,1,0.3,30
3.2728,-0.05966,0,-0.523599,0,0,0,-0.07,-0.049,-0.483,-0.001,0.322,0.006,0.991,-0.001,0.001,-0.003,0.009,-0.003,0.23625,0.685125,-0.635512,0.033545,-1.033198,-0.001917,single_joint_sine,1,0.3,30
3.2763,-0.056194,0,-0.523599,0,0,0,-0.07,-0.049,-0.483,-0.001,0.322,0.006,0.991,-0.001,0.001,-0.003,0.009,-0.015,0.23625,0.685125,-0.635512,0.033545,-1.033198,0,single_joint_sine,1,0.3,30
3.2798,-0.05277,0,-0.523599,0,0,0,-0.07,-0.049,-0.483,-0.001,0.322,0.006,0.991,0.002,0.001,-0.003,0.021,-0.015,0.23625,0.679219,-0.635512,0.033545,-1.057159,0,single_joint_sine,1,0.3,30
3.2832,-0.049432,0,-0.523599,0,0,0,-0.063,-0.049,-0.483,-0.001,0.322,0.006,1.012,0,0.002,0,0.021,0.013,0.157106,0.675675,-0.641419,0.031629,-1.057159,-0.021086,single_joint_sine,1,0.3,30
3.2866,-0.046041,0,-0.523599,0,0,0,-0.056,-0.049,-0.483,-0.001,0.322,0.006,0.961,0,0.002,0,0.021,0.013,0.31185,0.675675,-0.641419,0.031629,-1.057159,-0.021086,single_joint_sine,1,0.3,30
3.2901,-0.042643,0,-0.523599,0,0,0,-0.056,-0.049,-0.483,-0.001,0.322,0.006,0.961,0,-0.005,-0.001,0.007,0.009,0.31185,0.691031,-0.634331,0.021086,-1.052367,-0.025878,single_joint_sine,1,0.3,30
3.2935,-0.039297,0,-0.523599,0,0,0,-0.049,-0.049,-0.483,-0.001,0.322,0.006,1.023,0,-0.005,-0.001,0.03,0.009,0.166556,0.691031,-0.634331,0.021086,-1.042783,-0.025878,single_joint_sine,1,0.3,30
3.2969,-0.035951,0,-0.523599,0,0,0,-0.049,-0.049,-0.483,-0.001,0.322,0.006,1.023,0.002,0.005,0,0.03,0.009,0.166556,0.682762,-0.646144,0.008626,-1.042783,-0.025878,single_joint_sine,1,0.3,30
3.3004,-0.032478,0,-0.523599,0,0,0,-0.049,-0.049,-0.483,-0.001,0.322,0.006,1.023,0.002,0.005,0,0.03,0.009,0.166556,0.682762,-0.646144,0.008626,-1.042783,0.000958,single_joint_sine,1,0.3,30
3.3039,-0.029066,0,-0.523599,0,0,0,-0.042,-0.049,-0.483,-0.001,0.322,0.006,0.979,0,0.001,0.021,0.003,0.003,0.240975,0.674494,-0.63315,0.025878,-1.059076,-0.007668,single_joint_sine,1,0.3,30
3.3073,-0.025716,0,-0.523599,0,0,0,-0.035,-0.049,-0.483,-0.001,0.322,0.006,0.982,0,0.001,0.001,-0.003,0.003,0.25515,0.674494,-0.63315,-0.002875,-1.047575,-0.007668,single_joint_sine,1,0.3,30
3.3107,-0.0223,0,-0.523599,0,0,0,-0.035,-0.049,-0.483,-0.001,0.322,0.006,0.982,0,0.001,0.001,-0.003,0.003,0.25515,0.674494,-0.63315,-0.002875,-1.047575,-0.007668,single_joint_sine,1,0.3,30
3.3144,-0.018668,0,-0.523599,0,0,0,-0.035,-0.049,-0.483,-0.001,0.322,0.006,0.982,-0.002,0.002,0.001,-0.009,-0.013,0.25515,0.687487,-0.643781,-0.002875,-1.051409,0.009584,single_joint_sine,1,0.3,30
3.3178,-0.015315,0,-0.523599,0,0,0,-0.028,-0.049,-0.483,-0.001,0.322,0.006,0.987,0.004,0,0.03,-0.009,0.007,0.231525,0.679219,-0.640238,0.03067,-1.051409,-0.008626,single_joint_sine,1,0.3,30
3.3212,-0.01193,0,-0.523599,0,0,0,-0.028,-0.049,-0.483,-0.001,0.322,0.006,0.987,0.004,0,0.03,-0.009,0.007,0.231525,0.679219,-0.640238,0.03067,-1.051409,-0.008626,single_joint_sine,1,0.3,30
3.3249,-0.008315,0,-0.523599,0,0,0,-0.021,-0.049,-0.483,-0.001,0.322,0.006,0.988,0,-0.001,0.017,0,-0.047,0.21735,0.678037,-0.63315,0.046005,-1.054284,-0.005751,single_joint_sine,1,0.3,30
3.3283,-0.00496,0,-0.523599,0,0,0,-0.014,-0.049,-0.483,-0.001,0.323,0.006,1,0,-0.001,0.017,0.092,-0.047,0.196087,0.678037,-0.63315,0.046005,-1.171214,-0.005751,single_joint_sine,1,0.3,30
3.3318,-0.00156,0,-0.523599,0,0,0,-0.014,-0.049,-0.483,-0.001,0.323,0.006,1,0.001,0,-0.042,0.092,-0.047,0.196087,0.675675,-0.637875,0.060382,-1.171214,-0.005751,single_joint_sine,1,0.3,30
3.3354,0.002015,0,-0.523599,0,0,0,-0.014,-0.049,-0.483,-0.001,0.323,0.006,1,0.001,0,-0.042,0.092,0.017,0.196087,0.675675,-0.637875,0.060382,-1.171214,-0.047922,single_joint_sine,1,0.3,30
3.3388,0.005371,0,-0.523599,0,0,0,-0.007,-0.049,-0.483,-0.001,0.323,0.006,0.957,0.003,-0.008,-0.038,0.036,0.046,0.337837,0.67095,-0.640238,0.046005,-1.084954,-0.005751,single_joint_sine,1,0.3,30
3.3422,0.008724,0,-0.523599,0,0,0,0,-0.049,-0.483,-0.001,0.323,0.006,1.022,0.003,0,-0.028,-0.061,0.046,0.174825,0.67095,-0.634331,0.046005,-1.023614,-0.005751,single_joint_sine,1,0.3,30
3.3456,0.012126,0,-0.523599,0,0,0,0,-0.049,-0.483,-0.001,0.323,0.006,1.022,0.003,0,-0.028,-0.061,0.046,0.174825,0.67095,-0.634331,0.046005,-1.023614,-0.005751,single_joint_sine,1,0.3,30
3.3493,0.015793,0,-0.523599,0,0,0,0,-0.049,-0.483,-0.001,0.323,0.006,1.022,0.001,0,-0.028,-0.024,-0.023,0.174825,0.702844,-0.634331,0.046005,-1.020739,0.006709,single_joint_sine,1,0.3,30
3.3527,0.019146,0,-0.523599,0,0,0,0.005,-0.049,-0.483,-0.001,0.323,0.006,0.992,-0.001,0.001,0,-0.024,0.015,0.212625,0.676856,-0.63315,0.014377,-1.020739,0.001917,single_joint_sine,1,0.3,30
3.3561,0.0225,0,-0.523599,0,0,0,0.005,-0.049,-0.483,-0.001,0.323,0.006,0.992,-0.001,0.001,0,-0.024,0.015,0.212625,0.676856,-0.63315,0.014377,-1.020739,0.001917,single_joint_sine,1,0.3,30
3.3596,0.025905,0,-0.523599,0,0,0,0.012,-0.049,-0.483,-0.001,0.323,0.006,0.951,0,0,0.017,-0.03,0.013,0.316575,0.692213,-0.635512,0.023961,-1.058118,-0.011501,single_joint_sine,1,0.3,30
3.363,0.029253,0,-0.523599,0,0,0,0.019,-0.049,-0.483,-0.001,0.323,0.006,1.045,0,0,0.017,0.015,0.013,0.1134,0.692213,-0.635512,0.023961,-1.052367,-0.011501,single_joint_sine,1,0.3,30
3.3666,0.032859,0,-0.523599,0,0,0,0.019,-0.049,-0.483,-0.001,0.323,0.006,1.045,0.002,-0.001,0.017,0.015,0.013,0.1134,0.678037,-0.6426,0.023961,-1.052367,-0.011501,single_joint_sine,1,0.3,30
3.3701,0.036256,0,-0.523599,0,0,0,0.019,-0.049,-0.483,-0.001,0.323,0.006,1.045,0.002,-0.001,-0.013,0.015,0.001,0.1134,0.678037,-0.6426,0.029712,-1.052367,-0.008626,single_joint_sine,1,0.3,30
3.3735,0.039603,0,-0.523599,0,0,0,0.026,-0.049,-0.483,-0.001,0.323,0.006,0.974,0.001,0,0.003,0.021,0.001,0.29295,0.665044,-0.6237,0.002875,-1.056201,0.006709,single_joint_sine,1,0.3,30
3.3769,0.042951,0,-0.523599,0,0,0,0.033,-0.049,-0.483,-0.001,0.323,0.006,0.98,0.001,0,0.003,0.021,0.001,0.222075,0.665044,-0.6237,0.002875,-1.056201,0.006709,single_joint_sine,1,0.3,30
3.3804,0.046422,0,-0.523599,0,0,0,0.033,-0.049,-0.483,-0.001,0.323,0.006,0.98,0.001,0,0,0.013,0.005,0.222075,0.665044,-0.63315,0.020127,-1.041824,-0.003834,single_joint_sine,1,0.3,30
3.3838,0.049762,0,-0.523599,0,0,0,0.04,-0.049,-0.483,-0.001,0.323,0.006,0.992,0.001,0,0,-0.023,0.005,0.2268,0.679219,-0.63315,0.020127,-1.037032,-0.003834,single_joint_sine,1,0.3,30
3.3872,0.0531,0,-0.523599,0,0,0,0.04,-0.049,-0.483,-0.001,0.323,0.006,0.992,-0.002,0.005,0.007,-0.023,-0.001,0.2268,0.674494,-0.637875,0.01821,-1.037032,0.020127,single_joint_sine,1,0.3,30
3.3906,0.056429,0,-0.523599,0,0,0,0.04,-0.049,-0.483,-0.001,0.323,0.006,0.992,-0.002,0.005,0.007,-0.023,-0.001,0.2268,0.674494,-0.637875,0.01821,-1.037032,0.020127,single_joint_sine,1,0.3,30
3.3946,0.060298,0,-0.523599,0,0,0,0.047,-0.049,-0.483,-0.001,0.323,0.006,0.977,0,-0.001,-0.007,0.03,-0.03,0.230344,0.694575,-0.626062,0.033545,-1.054284,0.025878,single_joint_sine,1,0.3,30
3.398,0.063629,0,-0.523599,0,0,0,0.054,-0.049,-0.483,-0.001,0.323,0.006,1.001,0,-0.001,-0.007,0.011,-0.03,0.152381,0.694575,-0.626062,0.033545,-1.040866,0.025878,single_joint_sine,1,0.3,30
3.4014,0.06695,0,-0.523599,0,0,0,0.054,-0.049,-0.483,-0.001,0.323,0.006,1.001,0,-0.001,-0.007,0.011,-0.03,0.152381,0.694575,-0.626062,0.033545,-1.040866,0.025878,single_joint_sine,1,0.3,30
3.4049,0.07039,0,-0.523599,0,0,0,0.054,-0.049,-0.483,-0.001,0.323,0.006,1.001,-0.001,-0.003,0.001,0.011,0,0.152381,0.674494,-0.634331,0.037379,-1.040866,-0.008626,single_joint_sine,1,0.3,30
3.4083,0.073711,0,-0.523599,0,0,0,0.061,-0.049,-0.483,-0.001,0.323,0.006,0.979,-0.001,-0.003,-0.024,-0.032,0.015,0.3024,0.68985,-0.629606,0.027795,-1.05045,-0.017252,single_joint_sine,1,0.3,30
3.4117,0.07703,0,-0.523599,0,0,0,0.068,-0.049,-0.483,-0.001,0.323,0.006,0.988,-0.001,0.004,0.011,-0.032,0.015,0.1323,0.68985,-0.647325,0.013418,-1.05045,-0.017252,single_joint_sine,1,0.3,30
3.4152,0.080457,0,-0.523599,0,0,0,0.068,-0.049,-0.483,-0.001,0.323,0.006,0.988,-0.001,0.004,0.011,-0.003,-0.005,0.1323,0.68985,-0.647325,0.013418,-1.05045,0.006709,single_joint_sine,1,0.3,30
3.4186,0.083771,0,-0.523599,0,0,0,0.074,-0.049,-0.483,-0.001,0.323,0.006,0.949,-0.001,0.004,0.011,0.009,-0.005,0.203175,0.679219,-0.647325,0.013418,-1.048533,0.006709,single_joint_sine,1,0.3,30
3.422,0.087073,0,-0.523599,0,0,0,0.074,-0.049,-0.483,-0.001,0.323,0.006,0.949,0,0,0.005,0.009,-0.011,0.203175,0.679219,-0.637875,0.021086,-1.048533,0.01821,single_joint_sine,1,0.3,30
3.4257,0.090741,0,-0.523599,0,0,0,0.074,-0.049,-0.483,-0.001,0.323,0.006,0.949,0,0,0.005,0.009,-0.011,0.203175,0.679219,-0.637875,0.021086,-1.048533,0.01821,single_joint_sine,1,0.3,30
3.4292,0.094076,0,-0.523599,0,0,0,0.081,-0.049,-0.483,-0.001,0.323,0.006,0.951,-0.002,0.001,0.007,-0.001,-0.013,0.265781,0.674494,-0.636694,0.021086,-1.059076,0.01246,single_joint_sine,1,0.3,30
3.4326,0.097373,0,-0.523599,0,0,0,0.088,-0.049,-0.483,-0.001,0.323,0.006,1.012,-0.002,0.001,0.007,0.021,-0.013,0.087412,0.674494,-0.636694,0.021086,-1.067702,0.01246,single_joint_sine,1,0.3,30
3.4361,0.100821,0,-0.523599,0,0,0,0.088,-0.049,-0.483,-0.001,0.323,0.006,1.012,-0.002,0.001,0.007,0.021,-0.013,0.087412,0.674494,-0.636694,0.021086,-1.067702,0.01246,single_joint_sine,1,0.3,30
3.4396,0.104212,0,-0.523599,0,0,0,0.088,-0.049,-0.483,-0.001,0.323,0.006,1.012,0,0,0,0.021,0.011,0.087412,0.665044,-0.635512,0.024919,-1.067702,-0.008626,single_joint_sine,1,0.3,30
3.443,0.107498,0,-0.523599,0,0,0,0.095,-0.049,-0.483,-0.001,0.323,0.006,0.948,0.002,0.001,0.011,0.003,-0.007,0.2457,0.686306,-0.630787,0.022044,-1.018822,0.007668,single_joint_sine,1,0.3,30
3.4464,0.110771,0,-0.523599,0,0,0,0.102,-0.049,-0.483,-0.001,0.323,0.006,0.983,0.002,0.001,0.011,0.003,-0.007,0.196087,0.686306,-0.630787,0.022044,-1.018822,0.007668,single_joint_sine,1,0.3,30
3.45,0.114191,0,-0.523599,0,0,0,0.102,-0.049,-0.483,-0.001,0.323,0.007,0.983,0.002,0.002,-0.007,-0.011,0.082,0.196087,0.686306,-0.636694,0.034504,-1.025531,0.026836,single_joint_sine,1,0.3,30
3.4534,0.117462,0,-0.523599,0,0,0,0.108,-0.049,-0.483,-0.001,0.323,0.007,0.953,-0.002,0.002,-0.007,0.03,0.082,0.244519,0.678037,-0.636694,0.034504,-1.048533,0.026836,single_joint_sine,1,0.3,30
3.4568,0.120721,0,-0.523599,0,0,0,0.108,-0.049,-0.483,-0.001,0.323,0.007,0.953,0,0.002,-0.007,0.03,0.082,0.244519,0.6804,-0.636694,0.034504,-1.048533,0.026836,single_joint_sine,1,0.3,30
3.4603,0.124126,0,-0.523599,0,0,0,0.108,-0.049,-0.483,-0.001,0.323,0.007,0.953,0,0.002,0.009,0.03,-0.023,0.244519,0.6804,-0.634331,0.013418,-1.048533,0.007668,single_joint_sine,1,0.3,30
3.4637,0.127384,0,-0.523599,0,0,0,0.115,-0.049,-0.483,-0.001,0.323,0.006,0.971,0,0.001,-0.003,0.046,0,0.197269,0.678037,-0.634331,0.032587,-1.074411,-0.000958,single_joint_sine,1,0.3,30
3.4671,0.130634,0,-0.523599,0,0,0,0.122,-0.049,-0.483,-0.001,0.323,0.006,0.946,0,0.001,-0.003,0.046,0,0.243337,0.678037,-0.634331,0.032587,-1.074411,-0.000958,single_joint_sine,1,0.3,30
3.4705,0.133918,0,-0.523599,0,0,0,0.122,-0.049,-0.483,-0.001,0.323,0.006,0.946,0,0.001,-0.003,-0.015,0,0.243337,0.678037,-0.634331,0.032587,-1.037991,-0.000958,single_joint_sine,1,0.3,30
3.4741,0.13729,0,-0.523599,0,0,0,0.122,-0.049,-0.483,-0.001,0.323,0.006,0.946,0.002,0,0.021,-0.015,-0.013,0.243337,0.688669,-0.629606,0.016293,-1.037991,0.004792,single_joint_sine,1,0.3,30
3.4775,0.140523,0,-0.523599,0,0,0,0.129,-0.049,-0.483,-0.001,0.323,0.006,0.948,0.002,0,-0.003,0,-0.003,0.231525,0.673312,-0.635512,0.023961,-1.022655,-0.000958,single_joint_sine,1,0.3,30
3.4812,0.144052,0,-0.523599,0,0,0,0.129,-0.049,-0.483,-0.001,0.323,0.006,0.948,0.002,0,-0.003,0,-0.003,0.231525,0.673312,-0.635512,0.023961,-1.022655,-0.000958,single_joint_sine,1,0.3,30
3.4847,0.147371,0,-0.523599,0,0,0,0.135,-0.049,-0.483,-0.001,0.323,0.006,0.957,0.003,0.007,-0.001,0.036,-0.005,0.133481,0.688669,-0.631969,0.016293,-1.059076,0.010543,single_joint_sine,1,0.3,30
3.4881,0.150586,0,-0.523599,0,0,0,0.142,-0.049,-0.483,-0.001,0.323,0.006,0.915,0.003,0.007,-0.001,0.057,-0.005,0.329569,0.688669,-0.631969,0.016293,-1.08112,0.010543,single_joint_sine,1,0.3,30
3.4916,0.153854,0,-0.523599,0,0,0,0.142,-0.049,-0.483,-0.001,0.323,0.006,0.915,0.003,0.007,-0.001,0.057,-0.005,0.329569,0.688669,-0.631969,0.016293,-1.08112,0.010543,single_joint_sine,1,0.3,30
3.4952,0.157302,0,-0.523599,0,0,0,0.142,-0.049,-0.483,-0.001,0.323,0.006,0.915,0.003,-0.002,0.013,0.057,0,0.329569,0.688669,-0.626062,0.058465,-1.08112,0.006709,single_joint_sine,1,0.3,30
3.4986,0.160499,0,-0.523599,0,0,0,0.148,-0.049,-0.483,-0.001,0.323,0.006,0.97,0,0,-0.028,0.019,-0.003,0.1512,0.683944,-0.636694,0.026836,-1.047575,0.003834,single_joint_sine,1,0.3,30
3.502,0.163681,0,-0.523599,0,0,0,0.155,-0.049,-0.483,-0.001,0.323,0.006,0.928,0,0,0.011,-0.021,-0.003,0.237431,0.683944,-0.636694,0.010543,-1.025531,0.003834,single_joint_sine,1,0.3,30
3.5055,0.166954,0,-0.523599,0,0,0,0.155,-0.049,-0.483,-0.001,0.323,0.006,0.928,0,0,0.011,-0.021,-0.003,0.237431,0.683944,-0.636694,0.010543,-1.025531,0.003834,single_joint_sine,1,0.3,30
3.5089,0.170154,0,-0.523599,0,0,0,0.155,-0.049,-0.483,-0.001,0.323,0.006,0.928,0.002,-0.002,0.011,-0.021,-0.001,0.237431,0.6804,-0.641419,0.010543,-1.025531,0.011501,single_joint_sine,1,0.3,30
3.5123,0.173322,0,-0.523599,0,0,0,0.162,-0.049,-0.483,-0.001,0.323,0.006,0.936,0,-0.001,0.023,-0.03,-0.003,0.276412,0.68985,-0.640238,0.014377,-1.01978,0,single_joint_sine,1,0.3,30
3.5158,0.176538,0,-0.523599,0,0,0,0.162,-0.049,-0.483,-0.001,0.323,0.006,0.936,0,-0.001,0.023,-0.03,-0.003,0.276412,0.68985,-0.640238,0.014377,-1.01978,0,single_joint_sine,1,0.3,30
3.5193,0.179845,0,-0.523599,0,0,0,0.168,-0.049,-0.483,-0.001,0.323,0.006,0.942,0,0.004,0.001,0.032,-0.015,0.131119,0.691031,-0.643781,-0.002875,-1.067702,-0.006709,single_joint_sine,1,0.3,30
3.5227,0.182992,0,-0.523599,0,0,0,0.174,-0.049,-0.483,-0.001,0.323,0.006,0.912,0,0.004,0.001,-0.005,-0.015,0.201994,0.691031,-0.643781,-0.002875,-1.053326,-0.006709,single_joint_sine,1,0.3,30
3.5262,0.186211,0,-0.523599,0,0,0,0.174,-0.049,-0.483,-0.001,0.323,0.006,0.912,0,0.004,0.001,-0.005,-0.015,0.201994,0.691031,-0.643781,-0.002875,-1.053326,-0.006709,single_joint_sine,1,0.3,30
3.53,0.189648,0,-0.523599,0,0,0,0.174,-0.049,-0.483,-0.001,0.323,0.006,0.912,0.001,0.001,0.015,-0.005,0.015,0.201994,0.685125,-0.635512,0.039296,-1.053326,-0.01821,single_joint_sine,1,0.3,30
3.5334,0.19277,0,-0.523599,0,0,0,0.181,-0.049,-0.483,-0.001,0.323,0.006,0.941,0.002,0,0.003,-0.019,0.009,0.167737,0.676856,-0.636694,0.025878,-1.033198,0.002875,single_joint_sine,1,0.3,30
3.5367,0.195877,0,-0.523599,0,0,0,0.187,-0.049,-0.483,-0.001,0.323,0.006,0.912,0.002,0,-0.015,-0.019,0.009,0.200812,0.676856,-0.636694,0.037379,-1.033198,0.002875,single_joint_sine,1,0.3,30
3.5402,0.199025,0,-0.523599,0,0,0,0.187,-0.049,-0.483,-0.001,0.323,0.006,0.912,0.002,0,-0.015,-0.011,0.009,0.200812,0.676856,-0.636694,0.037379,-1.049492,0.002875,single_joint_sine,1,0.3,30
3.5436,0.202123,0,-0.523599,0,0,0,0.187,-0.049,-0.483,-0.001,0.323,0.006,0.912,0.001,0.003,-0.015,-0.011,0.015,0.200812,0.674494,-0.641419,0.037379,-1.049492,0.006709,single_joint_sine,1,0.3,30
3.547,0.205213,0,-0.523599,0,0,0,0.194,-0.049,-0.483,-0.001,0.323,0.006,0.942,0,0.001,0,-0.001,0.015,0.12285,0.67095,-0.634331,0.028753,-1.038949,0.006709,single_joint_sine,1,0.3,30
3.5504,0.208336,0,-0.523599,0,0,0,0.194,-0.049,-0.483,-0.001,0.323,0.006,0.942,0,0.001,0,-0.001,-0.013,0.12285,0.67095,-0.634331,0.028753,-1.038949,0,single_joint_sine,1,0.3,30
3.5539,0.211463,0,-0.523599,0,0,0,0.2,-0.049,-0.483,-0.001,0.323,0.006,0.881,0.002,0.001,0,0.024,0.017,0.307125,0.674494,-0.63315,0.033545,-1.039907,-0.01246,single_joint_sine,1,0.3,30
3.5573,0.214527,0,-0.523599,0,0,0,0.207,-0.049,-0.483,-0.001,0.323,0.006,0.92,0.002,0.001,0,-0.007,0.017,0.129938,0.674494,-0.63315,0.033545,-1.052367,-0.01246,single_joint_sine,1,0.3,30
3.5607,0.217624,0,-0.523599,0,0,0,0.207,-0.049,-0.483,-0.001,0.323,0.006,0.92,0.002,0.001,0,-0.007,0.017,0.129938,0.674494,-0.63315,0.033545,-1.052367,-0.01246,single_joint_sine,1,0.3,30
3.5643,0.220803,0,-0.523599,0,0,0,0.207,-0.049,-0.483,-0.001,0.323,0.006,0.92,0,0.003,0.003,-0.007,-0.001,0.129938,0.679219,-0.63315,0.026836,-1.052367,0.002875,single_joint_sine,1,0.3,30
3.5677,0.22384,0,-0.523599,0,0,0,0.213,-0.049,-0.483,-0.001,0.323,0.006,0.858,0,-0.003,0,-0.001,-0.009,0.3024,0.687487,-0.628425,0.020127,-1.048533,0.003834,single_joint_sine,1,0.3,30
3.5711,0.226913,0,-0.523599,0,0,0,0.213,-0.049,-0.483,-0.001,0.323,0.006,0.858,0,-0.003,0,-0.001,-0.009,0.3024,0.687487,-0.628425,0.020127,-1.048533,0.003834,single_joint_sine,1,0.3,30
3.5747,0.230079,0,-0.523599,0,0,0,0.219,-0.049,-0.483,-0.001,0.323,0.006,0.908,0,-0.003,0.011,0.007,-0.009,0.204356,0.687487,-0.628425,0.03067,-1.054284,0.003834,single_joint_sine,1,0.3,30
3.5781,0.233087,0,-0.523599,0,0,0,0.219,-0.049,-0.483,-0.001,0.323,0.006,0.908,-0.001,-0.002,0.011,0.007,-0.034,0.204356,0.678037,-0.636694,0.03067,-1.054284,-0.004792,single_joint_sine,1,0.3,30
3.5815,0.236138,0,-0.523599,0,0,0,0.225,-0.049,-0.483,-0.001,0.323,0.006,0.873,0,0.002,0.011,0.007,-0.034,0.249244,0.668588,-0.647325,0.03067,-1.054284,-0.004792,single_joint_sine,1,0.3,30
3.5851,0.23924,0,-0.523599,0,0,0,0.225,-0.049,-0.483,-0.001,0.323,0.006,0.873,0,0.002,-0.021,0.011,0.007,0.249244,0.668588,-0.647325,0.04313,-1.049492,-0.000958,single_joint_sine,1,0.3,30
3.5885,0.242219,0,-0.523599,0,0,0,0.231,-0.049,-0.483,-0.001,0.323,0.006,0.864,0.001,0.002,0.003,0.007,0.011,0.263419,0.683944,-0.63315,0.023003,-1.05045,-0.009584,single_joint_sine,1,0.3,30
3.5919,0.245189,0,-0.523599,0,0,0,0.237,-0.049,-0.483,-0.001,0.323,0.006,0.898,0.001,0.002,0.003,0.007,0.011,0.116944,0.683944,-0.63315,0.023003,-1.05045,-0.009584,single_joint_sine,1,0.3,30
3.5953,0.248162,0,-0.523599,0,0,0,0.237,-0.049,-0.483,-0.001,0.323,0.006,0.898,0.001,0.002,0.003,-0.011,0.011,0.116944,0.683944,-0.63315,0.023003,-1.030323,-0.009584,single_joint_sine,1,0.3,30
3.5987,0.25111,0,-0.523599,0,0,0,0.237,-0.049,-0.483,-0.001,0.323,0.006,0.898,0,-0.002,0.005,-0.011,0.019,0.116944,0.674494,-0.639056,0.031629,-1.030323,0.002875,single_joint_sine,1,0.3,30
3.6021,0.254048,0,-0.523599,0,0,0,0.244,-0.049,-0.483,-0.001,0.323,0.006,0.871,0,0,0.001,0.013,-0.007,0.209081,0.686306,-0.634331,0.024919,-1.052367,-0.001917,single_joint_sine,1,0.3,30
3.6055,0.257016,0,-0.523599,0,0,0,0.244,-0.049,-0.483,-0.001,0.323,0.006,0.871,0,0,0.001,0.013,-0.007,0.209081,0.686306,-0.634331,0.024919,-1.052367,-0.001917,single_joint_sine,1,0.3,30
3.6092,0.26017,0,-0.523599,0,0,0,0.25,-0.049,-0.483,-0.001,0.323,0.006,0.861,0,0,-0.001,0.005,-0.007,0.189,0.686306,-0.634331,0.03067,-1.05045,-0.001917,single_joint_sine,1,0.3,30
3.6126,0.263076,0,-0.523599,0,0,0,0.25,-0.049,-0.483,-0.001,0.323,0.006,0.861,0,-0.004,-0.001,0.005,0.003,0.189,0.678037,-0.635512,0.03067,-1.05045,-0.003834,single_joint_sine,1,0.3,30
3.616,0.265964,0,-0.523599,0,0,0,0.25,-0.049,-0.483,-0.001,0.323,0.006,0.861,0,-0.004,-0.001,0.005,0.003,0.189,0.678037,-0.635512,0.03067,-1.05045,-0.003834,single_joint_sine,1,0.3,30
3.6196,0.269024,0,-0.523599,0,0,0,0.256,-0.049,-0.483,-0.001,0.323,0.006,0.856,0.002,-0.001,-0.011,-0.024,0.005,0.164194,0.674494,-0.627244,0.027795,-1.031281,0.004792,single_joint_sine,1,0.3,30
3.623,0.271897,0,-0.523599,0,0,0,0.262,-0.049,-0.483,-0.001,0.323,0.006,0.869,0,0.001,0.005,0.009,-0.005,0.177187,0.686306,-0.6426,0.027795,-1.049492,0.014377,single_joint_sine,1,0.3,30
3.6265,0.274808,0,-0.523599,0,0,0,0.268,-0.049,-0.483,-0.001,0.323,0.006,0.843,0,0.001,0.005,0.009,-0.005,0.213806,0.686306,-0.6426,0.027795,-1.049492,0.014377,single_joint_sine,1,0.3,30
3.6301,0.277878,0,-0.523599,0,0,0,0.268,-0.049,-0.483,-0.001,0.323,0.006,0.843,0,0.001,0.005,-0.049,-0.005,0.213806,0.686306,-0.6426,0.027795,-1.047575,0.014377,single_joint_sine,1,0.3,30
3.6335,0.280715,0,-0.523599,0,0,0,0.268,-0.049,-0.483,-0.001,0.323,0.006,0.843,0,-0.002,-0.001,-0.049,0.003,0.213806,0.6804,-0.634331,0.028753,-1.047575,0.021086,single_joint_sine,1,0.3,30
3.6369,0.283532,0,-0.523599,0,0,0,0.273,-0.049,-0.483,-0.001,0.323,0.006,0.845,0.003,0,-0.001,-0.023,0.003,0.109856,0.676856,-0.631969,0,-1.054284,0.021086,single_joint_sine,1,0.3,30
3.6404,0.286437,0,-0.523599,0,0,0,0.273,-0.049,-0.483,-0.001,0.323,0.006,0.845,0.003,0,-0.001,-0.023,0.003,0.109856,0.676856,-0.631969,0,-1.054284,-0.016293,single_joint_sine,1,0.3,30
3.6439,0.289288,0,-0.523599,0,0,0,0.279,-0.049,-0.483,-0.001,0.323,0.006,0.818,0.003,0,0.013,0.003,0.003,0.252787,0.676856,-0.631969,0.03067,-1.058118,-0.016293,single_joint_sine,1,0.3,30
3.6473,0.29208,0,-0.523599,0,0,0,0.279,-0.049,-0.483,-0.001,0.323,0.006,0.818,0.002,-0.003,0.013,0.003,0.023,0.252787,0.683944,-0.634331,0.03067,-1.058118,-0.025878,single_joint_sine,1,0.3,30
3.6507,0.2949,0,-0.523599,0,0,0,0.279,-0.049,-0.483,-0.001,0.323,0.006,0.818,0.002,-0.003,0.013,0.003,0.023,0.252787,0.683944,-0.634331,0.03067,-1.058118,-0.025878,single_joint_sine,1,0.3,30
3.6543,0.297834,0,-0.523599,0,0,0,0.285,-0.049,-0.483,-0.001,0.323,0.006,0.841,0.003,-0.003,0.023,-0.047,0,0.129938,0.682762,-0.640238,0.022044,-0.864513,0.004792,single_joint_sine,1,0.3,30
3.6577,0.300581,0,-0.523599,0,0,0,0.291,-0.049,-0.483,-0.001,0.322,0.006,0.762,0.003,-0.005,-0.011,-0.063,-0.021,0.336656,0.682762,-0.631969,0.026836,-1.018822,0.016293,single_joint_sine,1,0.3,30
3.6611,0.30332,0,-0.523599,0,0,0,0.291,-0.049,-0.483,-0.001,0.322,0.006,0.762,0.003,-0.005,-0.011,-0.063,-0.021,0.336656,0.682762,-0.631969,0.026836,-1.018822,0.016293,single_joint_sine,1,0.3,30
3.6648,0.306245,0,-0.523599,0,0,0,0.297,-0.049,-0.483,-0.001,0.322,0.006,0.846,0.001,-0.005,-0.011,0.019,-0.021,0.08505,0.679219,-0.631969,0.026836,-1.071536,0.016293,single_joint_sine,1,0.3,30
3.6682,0.30896,0,-0.523599,0,0,0,0.297,-0.049,-0.483,-0.001,0.322,0.006,0.846,0,0,-0.009,0.019,-0.013,0.08505,0.669769,-0.629606,0.04313,-1.071536,-0.007668,single_joint_sine,1,0.3,30
3.6716,0.311663,0,-0.523599,0,0,0,0.302,-0.049,-0.483,-0.001,0.322,0.006,0.757,-0.001,0,-0.009,0.019,-0.013,0.326025,0.676856,-0.629606,0.04313,-1.071536,-0.007668,single_joint_sine,1,0.3,30
3.6751,0.314449,0,-0.523599,0,0,0,0.302,-0.049,-0.483,-0.001,0.322,0.006,0.757,-0.001,0.003,-0.013,0.103,-0.013,0.326025,0.676856,-0.641419,0.041213,-1.107957,-0.016293,single_joint_sine,1,0.3,30
3.6785,0.317126,0,-0.523599,0,0,0,0.308,-0.049,-0.483,-0.001,0.323,0.006,0.805,-0.001,0.003,-0.001,-0.019,-0.013,0.153562,0.676856,-0.641419,0.027795,-1.039907,-0.016293,single_joint_sine,1,0.3,30
3.6819,0.319788,0,-0.523599,0,0,0,0.308,-0.049,-0.483,-0.001,0.323,0.006,0.805,0,-0.002,-0.001,-0.019,-0.013,0.153562,0.679219,-0.628425,0.027795,-1.039907,-0.016293,single_joint_sine,1,0.3,30
3.6853,0.32244,0,-0.523599,0,0,0,0.308,-0.049,-0.483,-0.001,0.323,0.006,0.805,0,-0.002,-0.001,-0.019,-0.005,0.153562,0.679219,-0.628425,0.027795,-1.039907,0.011501,single_joint_sine,1,0.3,30
3.6887,0.32507,0,-0.523599,0,0,0,0.313,-0.049,-0.483,-0.001,0.322,0.006,0.781,0.001,-0.001,0.023,-0.03,0.011,0.210262,0.674494,-0.648506,0.010543,-1.014988,-0.004792,single_joint_sine,1,0.3,30
3.6921,0.327692,0,-0.523599,0,0,0,0.319,-0.049,-0.483,-0.001,0.322,0.006,0.777,0.001,0.002,-0.005,0.038,-0.009,0.190181,0.674494,-0.634331,0.016293,-1.061952,-0.002875,single_joint_sine,1,0.3,30
3.6956,0.33039,0,-0.523599,0,0,0,0.319,-0.049,-0.483,-0.001,0.322,0.006,0.777,0.001,0.002,-0.005,0.038,-0.009,0.190181,0.674494,-0.634331,0.016293,-1.061952,-0.002875,single_joint_sine,1,0.3,30
3.6994,0.333265,0,-0.523599,0,0,0,0.324,-0.049,-0.483,-0.001,0.322,0.006,0.759,0,0.002,-0.005,0.046,-0.009,0.231525,0.68985,-0.634331,0.016293,-1.072494,-0.002875,single_joint_sine,1,0.3,30
3.7028,0.335846,0,-0.523599,0,0,0,0.324,-0.049,-0.483,-0.001,0.322,0.006,0.759,0.002,0.004,0.003,0.046,0.007,0.231525,0.675675,-0.634331,0.019169,-1.072494,-0.111179,single_joint_sine,1,0.3,30
3.7062,0.338449,0,-0.523599,0,0,0,0.324,-0.049,-0.483,-0.001,0.322,0.006,0.759,0.002,0.004,0.003,0.046,0.007,0.231525,0.675675,-0.634331,0.019169,-1.072494,-0.111179,single_joint_sine,1,0.3,30
3.7097,0.341038,0,-0.523599,0,0,0,0.329,-0.049,-0.483,-0.001,0.323,0.007,0.759,0,0.003,-0.005,0.036,0.001,0.233887,0.678037,-0.644962,0.06134,-1.060035,0.024919,single_joint_sine,1,0.3,30
3.7131,0.343577,0,-0.523599,0,0,0,0.335,-0.049,-0.483,-0.001,0.322,0.007,0.748,0,0.003,0.017,-0.009,0.001,0.1701,0.678037,-0.644962,0.011501,-1.03224,0.024919,single_joint_sine,1,0.3,30
3.7164,0.346094,0,-0.523599,0,0,0,0.335,-0.049,-0.483,-0.001,0.322,0.007,0.748,0,0.003,0.017,-0.009,0.001,0.1701,0.678037,-0.644962,0.011501,-1.03224,0.024919,single_joint_sine,1,0.3,30
3.72,0.348745,0,-0.523599,0,0,0,0.335,-0.049,-0.483,-0.001,0.322,0.006,0.748,0,0.001,0.017,-0.009,-0.067,0.1701,0.668588,-0.644962,0.011501,-1.03224,0.027795,single_joint_sine,1,0.3,30
3.7234,0.351239,0,-0.523599,0,0,0,0.34,-0.049,-0.483,-0.001,0.323,0.006,0.726,-0.001,0.008,-0.03,0.017,-0.011,0.320119,0.676856,-0.63315,0.046964,-1.070577,-0.001917,single_joint_sine,1,0.3,30
3.7269,0.353764,0,-0.523599,0,0,0,0.345,-0.049,-0.483,-0.001,0.323,0.006,0.763,-0.001,0.003,0.007,0.028,-0.011,0.105131,0.676856,-0.630787,0.033545,-1.074411,-0.001917,single_joint_sine,1,0.3,30
3.7304,0.356314,0,-0.523599,0,0,0,0.345,-0.049,-0.483,-0.001,0.323,0.006,0.763,-0.001,0.003,0.007,0.028,0.019,0.105131,0.676856,-0.630787,0.033545,-1.074411,-0.007668,single_joint_sine,1,0.3,30
3.7338,0.358766,0,-0.523599,0,0,0,0.35,-0.049,-0.483,-0.001,0.323,0.006,0.689,0,0.003,0.007,0.011,0.019,0.279956,0.6804,-0.630787,0.033545,-1.033198,-0.007668,single_joint_sine,1,0.3,30
3.7372,0.361201,0,-0.523599,0,0,0,0.35,-0.049,-0.483,-0.001,0.323,0.006,0.689,-0.001,-0.002,0.003,0.011,0.001,0.279956,0.688669,-0.6237,0.031629,-1.033198,0.003834,single_joint_sine,1,0.3,30
3.7406,0.363658,0,-0.523599,0,0,0,0.35,-0.049,-0.483,-0.001,0.323,0.006,0.689,-0.001,-0.002,0.003,0.011,0.001,0.279956,0.688669,-0.6237,0.031629,-1.033198,0.003834,single_joint_sine,1,0.3,30
3.7444,0.366282,0,-0.523599,0,0,0,0.355,-0.049,-0.483,-0.001,0.322,0.006,0.774,0.001,0.002,0.007,-0.049,-0.001,0.081506,0.669769,-0.624881,0.023003,-1.013071,0.010543,single_joint_sine,1,0.3,30
3.7478,0.368672,0,-0.523599,0,0,0,0.36,-0.049,-0.483,-0.001,0.322,0.006,0.662,0.001,0.002,-0.011,0,-0.001,0.313031,0.669769,-0.624881,0.026836,-1.039907,0.010543,single_joint_sine,1,0.3,30
3.7513,0.371133,0,-0.523599,0,0,0,0.36,-0.049,-0.483,-0.001,0.322,0.006,0.662,0.001,0.002,-0.011,0,-0.001,0.313031,0.669769,-0.624881,0.026836,-1.039907,0.010543,single_joint_sine,1,0.3,30
3.7548,0.373559,0,-0.523599,0,0,0,0.36,-0.049,-0.483,-0.001,0.322,0.006,0.662,-0.003,0,-0.011,0,-0.017,0.313031,0.688669,-0.630787,0.026836,-1.039907,-0.003834,single_joint_sine,1,0.3,30
3.7582,0.375902,0,-0.523599,0,0,0,0.365,-0.049,-0.483,-0.001,0.323,0.006,0.716,0,0.001,-0.001,0.017,-0.007,0.146475,0.675675,-0.641419,0.009584,-1.057159,-0.006709,single_joint_sine,1,0.3,30
3.7616,0.378265,0,-0.523599,0,0,0,0.37,-0.049,-0.483,-0.001,0.323,0.006,0.665,0,0.002,-0.001,0.017,-0.007,0.244519,0.685125,-0.6237,0.009584,-1.057159,-0.006709,single_joint_sine,1,0.3,30
3.7651,0.38061,0,-0.523599,0,0,0,0.37,-0.049,-0.483,-0.001,0.323,0.006,0.665,0,0.002,0.013,0.005,0.011,0.244519,0.685125,-0.6237,0.020127,-1.05045,-0.007668,single_joint_sine,1,0.3,30
3.7685,0.382906,0,-0.523599,0,0,0,0.375,-0.049,-0.483,-0.001,0.322,0.006,0.681,0,0.002,0.013,-0.036,0.011,0.2268,0.685125,-0.6237,0.020127,-1.034157,-0.007668,single_joint_sine,1,0.3,30
3.7719,0.38518,0,-0.523599,0,0,0,0.375,-0.049,-0.483,-0.001,0.322,0.006,0.681,0,-0.001,0.013,-0.036,0.011,0.2268,0.676856,-0.6237,0.020127,-1.034157,-0.007668,single_joint_sine,1,0.3,30
3.7754,0.38753,0,-0.523599,0,0,0,0.375,-0.049,-0.483,-0.001,0.322,0.006,0.681,0,-0.001,-0.003,-0.036,-0.021,0.2268,0.676856,-0.6237,0.032587,-1.034157,0.028753,single_joint_sine,1,0.3,30
3.7788,0.389778,0,-0.523599,0,0,0,0.379,-0.049,-0.483,-0.001,0.322,0.006,0.689,-0.002,-0.003,0.003,-0.009,-0.024,0.144112,0.6804,-0.641419,0.033545,-1.0447,0.004792,single_joint_sine,1,0.3,30
3.7822,0.39201,0,-0.523599,0,0,0,0.384,-0.049,-0.483,-0.001,0.323,0.006,0.649,-0.002,-0.003,0,0.011,-0.024,0.240975,0.6804,-0.641419,0.03067,-1.045658,0.004792,single_joint_sine,1,0.3,30
3.7856,0.394259,0,-0.523599,0,0,0,0.384,-0.049,-0.483,-0.001,0.323,0.006,0.649,-0.002,-0.003,0,0.011,-0.024,0.240975,0.6804,-0.641419,0.03067,-1.045658,0.004792,single_joint_sine,1,0.3,30
3.7892,0.396542,0,-0.523599,0,0,0,0.384,-0.049,-0.483,-0.001,0.323,0.006,0.649,-0.001,-0.002,0,0.011,-0.009,0.240975,0.67095,-0.628425,0.03067,-1.045658,-0.009584,single_joint_sine,1,0.3,30
3.7926,0.398724,0,-0.523599,0,0,0,0.389,-0.049,-0.483,-0.001,0.322,0.006,0.651,0,0,0,-0.013,0.009,0.224437,0.674494,-0.635512,0.022044,-1.028406,-0.017252,single_joint_sine,1,0.3,30
3.796,0.400923,0,-0.523599,0,0,0,0.389,-0.049,-0.483,-0.001,0.322,0.006,0.651,0,0,0,-0.013,0.009,0.224437,0.674494,-0.635512,0.022044,-1.028406,-0.017252,single_joint_sine,1,0.3,30
3.7996,0.403179,0,-0.523599,0,0,0,0.393,-0.049,-0.483,-0.001,0.322,0.006,0.641,0,0.001,0.007,0.019,0.023,0.180731,0.686306,-0.644962,0.023961,-1.052367,-0.013418,single_joint_sine,1,0.3,30
3.803,0.405311,0,-0.523599,0,0,0,0.398,-0.049,-0.483,-0.001,0.322,0.006,0.639,0,0.001,0.007,0,0.023,0.205538,0.686306,-0.644962,0.023961,-1.049492,-0.013418,single_joint_sine,1,0.3,30
3.8064,0.40742,0,-0.523599,0,0,0,0.398,-0.049,-0.483,-0.001,0.322,0.006,0.639,0,0.001,0.007,0,0.023,0.205538,0.686306,-0.644962,0.023961,-1.049492,-0.013418,single_joint_sine,1,0.3,30
3.8099,0.409617,0,-0.523599,0,0,0,0.398,-0.049,-0.483,-0.001,0.322,0.006,0.639,0,-0.001,0.007,0,-0.011,0.205538,0.676856,-0.635512,0.03067,-1.049492,0.005751,single_joint_sine,1,0.3,30
3.8133,0.411698,0,-0.523599,0,0,0,0.402,-0.049,-0.483,-0.001,0.322,0.006,0.652,0.001,0,0.003,-0.011,-0.013,0.0945,0.674494,-0.629606,0.028753,-1.040866,0.007668,single_joint_sine,1,0.3,30
3.8167,0.413757,0,-0.523599,0,0,0,0.406,-0.049,-0.483,-0.001,0.322,0.006,0.618,0.001,0,0.003,-0.011,-0.013,0.196087,0.674494,-0.629606,0.028753,-1.040866,0.007668,single_joint_sine,1,0.3,30
3.8204,0.415948,0,-0.523599,0,0,0,0.406,-0.049,-0.483,-0.001,0.323,0.006,0.618,0.001,0,-0.001,0.047,-0.013,0.196087,0.674494,-0.629606,0.040254,-1.060993,0.007668,single_joint_sine,1,0.3,30
3.8238,0.417978,0,-0.523599,0,0,0,0.406,-0.049,-0.483,-0.001,0.323,0.006,0.618,0,0,-0.001,-0.023,0.019,0.196087,0.676856,-0.635512,0.040254,-1.039907,0.007668,single_joint_sine,1,0.3,30
3.8272,0.419985,0,-0.523599,0,0,0,0.41,-0.049,-0.483,-0.001,0.323,0.006,0.574,0,0.001,-0.001,-0.023,-0.021,0.201994,0.68985,-0.637875,0.027795,-1.039907,0.115013,single_joint_sine,1,0.3,30
3.8307,0.422047,0,-0.523599,0,0,0,0.41,-0.049,-0.483,-0.001,0.323,0.006,0.574,0,0.001,-0.001,-0.023,-0.021,0.201994,0.68985,-0.637875,0.027795,-1.039907,0.115013,single_joint_sine,1,0.3,30
3.8341,0.424061,0,-0.523599,0,0,0,0.415,-0.049,-0.483,-0.001,0.323,0.006,0.641,0.001,-0.001,0.04,0.009,-0.034,0.025987,0.666225,-0.634331,0.003834,-1.052367,-0.003834,single_joint_sine,1,0.3,30
3.8375,0.426021,0,-0.523599,0,0,0,0.419,-0.049,-0.483,-0.001,0.323,0.006,0.562,0.001,-0.001,0.04,0.007,-0.034,0.197269,0.666225,-0.634331,0.003834,-1.049492,-0.003834,single_joint_sine,1,0.3,30
3.841,0.427996,0,-0.523599,0,0,0,0.419,-0.049,-0.483,-0.001,0.323,0.006,0.562,0.001,-0.001,0.04,0.007,-0.034,0.197269,0.666225,-0.634331,0.003834,-1.049492,-0.003834,single_joint_sine,1,0.3,30
3.8445,0.43,0,-0.523599,0,0,0,0.419,-0.049,-0.483,-0.001,0.323,0.006,0.562,0,-0.001,-0.024,0.007,0.038,0.197269,0.675675,-0.630787,0.021086,-1.049492,-0.013418,single_joint_sine,1,0.3,30
3.8479,0.431904,0,-0.523599,0,0,0,0.423,-0.049,-0.483,-0.001,0.323,0.006,0.58,0.002,0,0.03,0.009,0.007,0.161831,0.676856,-0.641419,0.006709,-1.046616,-0.008626,single_joint_sine,1,0.3,30
3.8513,0.433786,0,-0.523599,0,0,0,0.423,-0.049,-0.483,-0.001,0.323,0.006,0.58,0.002,0,0.03,0.009,0.007,0.161831,0.676856,-0.641419,0.006709,-1.046616,-0.008626,single_joint_sine,1,0.3,30
3.8549,0.435782,0,-0.523599,0,0,0,0.427,-0.049,-0.483,-0.001,0.323,0.006,0.566,0.002,0.001,0,0.028,0.007,0.139387,0.676856,-0.627244,0.023961,-1.048533,-0.008626,single_joint_sine,1,0.3,30
3.8583,0.437633,0,-0.523599,0,0,0,0.427,-0.049,-0.483,-0.001,0.323,0.006,0.566,0.002,0.001,0,0.03,0,0.139387,0.663863,-0.627244,0.023961,-1.041824,-0.001917,single_joint_sine,1,0.3,30
3.8617,0.439461,0,-0.523599,0,0,0,0.431,-0.049,-0.483,-0.001,0.323,0.006,0.531,0,0,-0.017,0.03,0,0.200812,0.675675,-0.630787,0.040254,-1.041824,-0.001917,single_joint_sine,1,0.3,30
3.8652,0.441311,0,-0.523599,0,0,0,0.431,-0.049,-0.483,-0.001,0.323,0.006,0.531,0,0,-0.017,0.03,0.003,0.200812,0.675675,-0.630787,0.040254,-1.041824,0.017252,single_joint_sine,1,0.3,30
3.8686,0.443108,0,-0.523599,0,0,0,0.435,-0.049,-0.483,-0.001,0.322,0.006,0.547,0.002,0,0.017,-0.046,-0.003,0.069694,0.679219,-0.640238,0.023961,-1.03224,0.010543,single_joint_sine,1,0.3,30
3.872,0.444885,0,-0.523599,0,0,0,0.439,-0.049,-0.483,-0.001,0.322,0.006,0.532,0.002,0,0.017,-0.005,-0.003,0.150019,0.679219,-0.640238,0.023961,-1.053326,0.010543,single_joint_sine,1,0.3,30
3.8758,0.446835,0,-0.523599,0,0,0,0.439,-0.049,-0.483,-0.001,0.322,0.006,0.532,0.002,0,0.017,-0.005,-0.003,0.150019,0.679219,-0.640238,0.023961,-1.053326,0.010543,single_joint_sine,1,0.3,30
3.8793,0.448634,0,-0.523599,0,0,0,0.439,-0.049,-0.483,-0.001,0.322,0.006,0.532,0,0,-0.019,-0.005,0.017,0.150019,0.678037,-0.639056,0.034504,-1.053326,-0.028753,single_joint_sine,1,0.3,30
3.8827,0.450355,0,-0.523599,0,0,0,0.442,-0.049,-0.483,-0.001,0.323,0.006,0.494,-0.002,0.003,-0.005,-0.015,0.017,0.17955,0.695756,-0.639056,0.032587,-1.037991,-0.016293,single_joint_sine,1,0.3,30
3.8863,0.45219,0,-0.523599,0,0,0,0.446,-0.049,-0.483,-0.001,0.323,0.006,0.501,-0.002,0.003,-0.005,-0.015,0.017,0.131119,0.695756,-0.639056,0.032587,-1.037991,-0.016293,single_joint_sine,1,0.3,30
3.8899,0.453925,0,-0.523599,0,0,0,0.446,-0.049,-0.483,-0.001,0.322,0.006,0.501,-0.002,0,0.009,-0.053,0.017,0.131119,0.695756,-0.639056,-0.002875,-1.015946,-0.016293,single_joint_sine,1,0.3,30
3.8933,0.455588,0,-0.523599,0,0,0,0.446,-0.049,-0.483,-0.001,0.322,0.006,0.501,-0.002,0,0.009,-0.026,0.001,0.131119,0.665044,-0.639056,-0.002875,-1.042783,0.006709,single_joint_sine,1,0.3,30
3.8966,0.457228,0,-0.523599,0,0,0,0.449,-0.049,-0.483,-0.001,0.322,0.006,0.509,0,0,0.009,-0.026,0.001,0.121669,0.6804,-0.639056,-0.002875,-1.042783,0.006709,single_joint_sine,1,0.3,30
3.9001,0.458871,0,-0.523599,0,0,0,0.449,-0.049,-0.483,0,0.322,0.006,0.509,0,-0.001,0.055,-0.026,-0.026,0.121669,0.6804,-0.626062,0.021086,-1.042783,0.001917,single_joint_sine,1,0.3,30
3.9035,0.460477,0,-0.523599,0,0,0,0.453,-0.049,-0.483,-0.001,0.322,0.006,0.482,0,-0.005,-0.057,0.001,-0.005,0.16065,0.676856,-0.636694,0.06134,-1.054284,0.002875,single_joint_sine,1,0.3,30
3.9069,0.462063,0,-0.523599,0,0,0,0.456,-0.049,-0.483,-0.001,0.322,0.006,0.485,0,-0.005,-0.057,0.001,-0.005,0.133481,0.676856,-0.636694,0.06134,-1.054284,0.002875,single_joint_sine,1,0.3,30
3.9104,0.463676,0,-0.523599,0,0,0,0.456,-0.049,-0.483,-0.001,0.322,0.006,0.485,0,-0.005,-0.057,0.028,-0.005,0.133481,0.676856,-0.636694,0.06134,-1.071536,0.002875,single_joint_sine,1,0.3,30
3.9138,0.465221,0,-0.523599,0,0,0,0.456,-0.049,-0.483,-0.001,0.322,0.006,0.485,0,0,0.003,0.028,0.017,0.133481,0.683944,-0.65205,0.023961,-1.071536,-0.008626,single_joint_sine,1,0.3,30
3.9171,0.466746,0,-0.523599,0,0,0,0.459,-0.049,-0.483,-0.001,0.323,0.006,0.476,0.002,0,-0.003,0.019,0.013,0.115762,0.682762,-0.65205,0.033545,-1.05045,-0.006709,single_joint_sine,1,0.3,30
3.9206,0.468279,0,-0.523599,0,0,0,0.459,-0.049,-0.483,-0.001,0.323,0.006,0.476,0.002,0,-0.003,0.019,0.013,0.115762,0.682762,-0.65205,0.033545,-1.05045,-0.006709,single_joint_sine,1,0.3,30
3.9241,0.469834,0,-0.523599,0,0,0,0.462,-0.049,-0.483,-0.001,0.323,0.006,0.444,0.002,-0.001,-0.013,-0.003,0.013,0.152381,0.682762,-0.628425,0.034504,-1.05045,-0.006709,single_joint_sine,1,0.3,30
3.9275,0.471305,0,-0.523599,0,0,0,0.462,-0.049,-0.483,-0.001,0.323,0.006,0.444,-0.002,-0.001,-0.013,-0.003,-0.001,0.152381,0.692213,-0.628425,0.034504,-1.052367,-0.004792,single_joint_sine,1,0.3,30
3.931,0.472779,0,-0.523599,0,0,0,0.462,-0.049,-0.483,-0.001,0.323,0.006,0.444,-0.002,-0.001,-0.013,-0.003,-0.001,0.152381,0.692213,-0.628425,0.034504,-1.052367,-0.004792,single_joint_sine,1,0.3,30
3.9345,0.474237,0,-0.523599,0,0,0,0.465,-0.049,-0.483,-0.001,0.323,0.006,0.436,0,0.004,-0.003,-0.003,-0.007,0.142931,0.674494,-0.634331,0.026836,-1.052367,-0.006709,single_joint_sine,1,0.3,30
3.9379,0.475649,0,-0.523599,0,0,0,0.468,-0.049,-0.483,-0.001,0.323,0.006,0.395,-0.002,-0.004,-0.015,0.013,-0.005,0.227981,0.685125,-0.629606,0.04888,-1.046616,0.003834,single_joint_sine,1,0.3,30
3.9413,0.477042,0,-0.523599,0,0,0,0.468,-0.049,-0.483,-0.001,0.323,0.006,0.395,-0.002,-0.004,-0.015,0.013,-0.005,0.227981,0.685125,-0.629606,0.04888,-1.046616,0.003834,single_joint_sine,1,0.3,30
3.9447,0.478416,0,-0.523599,0,0,0,0.471,-0.049,-0.483,-0.001,0.323,0.006,0.446,-0.002,-0.004,-0.015,-0.036,-0.005,0.090956,0.685125,-0.629606,0.04888,-1.020739,0.003834,single_joint_sine,1,0.3,30
3.9481,0.479769,0,-0.523599,0,0,0,0.471,-0.049,-0.483,-0.001,0.323,0.006,0.446,0.003,0,0.003,-0.036,0.009,0.090956,0.673312,-0.634331,0.023003,-1.020739,-0.004792,single_joint_sine,1,0.3,30
3.9515,0.481121,0,-0.523599,0,0,0,0.474,-0.049,-0.483,-0.001,0.323,0.006,0.404,0.003,0,0.003,-0.036,0.009,0.150019,0.67095,-0.634331,0.023003,-1.020739,-0.004792,single_joint_sine,1,0.3,30
3.9552,0.482544,0,-0.523599,0,0,0,0.474,-0.049,-0.483,-0.001,0.323,0.006,0.404,0.003,0.001,-0.03,-0.015,0.015,0.150019,0.67095,-0.639056,0.04313,-1.018822,0.001917,single_joint_sine,1,0.3,30
3.9586,0.483836,0,-0.523599,0,0,0,0.477,-0.049,-0.483,-0.001,0.322,0.006,0.384,0.003,0.001,-0.036,-0.009,0.015,0.167737,0.67095,-0.629606,0.079551,-1.035115,0.001917,single_joint_sine,1,0.3,30
3.962,0.485108,0,-0.523599,0,0,0,0.477,-0.049,-0.483,-0.001,0.322,0.006,0.384,0,0.001,-0.036,0.032,0.015,0.167737,0.673312,-0.629606,0.079551,-1.061952,0.001917,single_joint_sine,1,0.3,30
3.9654,0.486366,0,-0.523599,0,0,0,0.477,-0.049,-0.483,-0.001,0.322,0.007,0.384,0,0.001,-0.036,0.032,0.086,0.167737,0.673312,-0.629606,0.079551,-1.061952,0.020127,single_joint_sine,1,0.3,30
3.9691,0.487727,0,-0.523599,0,0,0,0.479,-0.049,-0.483,-0.001,0.322,0.007,0.345,-0.002,-0.004,0.009,0.032,-0.036,0.269325,0.688669,-0.626062,0.016293,-1.061952,0.014377,single_joint_sine,1,0.3,30
3.9725,0.488937,0,-0.523599,0,0,0,0.482,-0.049,-0.483,-0.001,0.323,0.006,0.397,-0.003,0.001,-0.051,0.034,0.001,0.036619,0.695756,-0.622519,0.033545,-1.18559,-0.000958,single_joint_sine,1,0.3,30
3.9759,0.490111,0,-0.523599,0,0,0,0.482,-0.049,-0.483,-0.001,0.323,0.006,0.397,-0.003,0.001,-0.051,0.034,0.001,0.036619,0.695756,-0.622519,0.033545,-1.18559,-0.000958,single_joint_sine,1,0.3,30
3.9795,0.491351,0,-0.523599,0,0,0,0.485,-0.049,-0.483,-0.001,0.323,0.006,0.36,-0.003,0.001,-0.051,-0.005,0.001,0.073237,0.695756,-0.622519,0.033545,-1.031281,-0.000958,single_joint_sine,1,0.3,30
3.9829,0.492502,0,-0.523599,0,0,0,0.485,-0.049,-0.483,-0.001,0.323,0.006,0.36,0,0.001,-0.001,-0.005,-0.005,0.073237,0.682762,-0.637875,0.046964,-1.031281,0.029712,single_joint_sine,1,0.3,30
3.9864,0.493646,0,-0.523599,0,0,0,0.487,-0.049,-0.483,-0.001,0.323,0.006,0.339,0,0.001,-0.001,-0.005,-0.005,0.183094,0.682762,-0.637875,0.046964,-1.031281,0.029712,single_joint_sine,1,0.3,30
3.9899,0.494815,0,-0.523599,0,0,0,0.487,-0.049,-0.483,-0.001,0.323,0.006,0.339,0.002,0.001,-0.007,-0.038,-0.024,0.183094,0.683944,-0.627244,0.025878,-1.035115,0.008626,single_joint_sine,1,0.3,30
3.9933,0.495902,0,-0.523599,0,0,0,0.489,-0.049,-0.483,-0.001,0.323,0.006,0.315,0.002,0,0.026,-0.011,-0.024,0.2079,0.683944,-0.635512,0.009584,-1.023614,0.008626,single_joint_sine,1,0.3,30
3.9967,0.496966,0,-0.523599,0,0,0,0.489,-0.049,-0.483,-0.001,0.323,0.006,0.315,0,0,0.026,-0.011,-0.024,0.2079,0.688669,-0.635512,0.009584,-1.023614,0.008626,single_joint_sine,1,0.3,30
4.0002,0.498027,0,-0.523599,0,0,0,0.489,-0.049,-0.483,-0.001,0.323,0.006,0.315,0,0,0.026,0.011,0.023,0.2079,0.688669,-0.635512,0.009584,-1.059076,-0.016293,single_joint_sine,1,0.3,30
4.0036,0.499052,0,-0.523599,0,0,0,0.492,-0.049,-0.483,-0.001,0.323,0.006,0.305,0.002,-0.005,0.001,0.011,0.028,0.118125,0.687487,-0.631969,0.019169,-1.059076,-0.015335,single_joint_sine,1,0.3,30
4.007,0.500058,0,-0.523599,0,0,0,0.494,-0.049,-0.483,-0.001,0.323,0.006,0.373,-0.001,0.002,-0.005,-0.021,0.028,-0.016537,0.6804,-0.621337,0.038338,-1.055242,-0.015335,single_joint_sine,1,0.3,30
4.0105,0.501063,0,-0.523599,0,0,0,0.494,-0.049,-0.483,-0.001,0.323,0.006,0.373,-0.001,0.002,-0.005,-0.021,0,-0.016537,0.6804,-0.621337,0.038338,-1.055242,0.001917,single_joint_sine,1,0.3,30
4.0139,0.502027,0,-0.523599,0,0,0,0.496,-0.049,-0.483,-0.001,0.323,0.006,0.299,-0.001,0.002,-0.005,0.003,0,0.089775,0.6804,-0.621337,0.038338,-1.0447,0.001917,single_joint_sine,1,0.3,30
4.0173,0.50297,0,-0.523599,0,0,0,0.496,-0.049,-0.483,-0.001,0.323,0.006,0.299,0.001,-0.003,-0.005,0.003,0,0.089775,0.675675,-0.628425,0.038338,-1.0447,0.001917,single_joint_sine,1,0.3,30
4.0207,0.503916,0,-0.523599,0,0,0,0.496,-0.049,-0.483,-0.001,0.323,0.006,0.299,0.001,-0.003,-0.026,0.003,-0.023,0.089775,0.675675,-0.628425,0.040254,-1.0447,0.01246,single_joint_sine,1,0.3,30
4.0245,0.504909,0,-0.523599,0,0,0,0.498,-0.049,-0.483,-0.001,0.323,0.006,0.265,-0.002,0.004,-0.017,0.034,-0.015,0.12285,0.68985,-0.628425,0.034504,-1.055242,0.008626,single_joint_sine,1,0.3,30
4.0279,0.505787,0,-0.523599,0,0,0,0.5,-0.049,-0.483,-0.001,0.323,0.006,0.252,-0.002,-0.003,0.011,-0.023,-0.015,0.131119,0.68985,-0.629606,0.010543,-1.039907,0.008626,single_joint_sine,1,0.3,30
4.0313,0.506657,0,-0.523599,0,0,0,0.5,-0.049,-0.483,-0.001,0.323,0.006,0.252,-0.002,-0.003,0.011,-0.023,-0.015,0.131119,0.68985,-0.629606,0.010543,-1.039907,0.008626,single_joint_sine,1,0.3,30
4.0349,0.507521,0,-0.523599,0,0,0,0.5,-0.049,-0.483,-0.001,0.323,0.006,0.252,0.001,-0.003,0.011,-0.003,0.036,0.131119,0.6804,-0.629606,0.010543,-1.035115,-0.009584,single_joint_sine,1,0.3,30
4.0383,0.508335,0,-0.523599,0,0,0,0.502,-0.049,-0.483,-0.001,0.323,0.006,0.266,0.002,0,0.013,-0.003,0.003,0.131119,0.678037,-0.630787,0.024919,-1.035115,-0.004792,single_joint_sine,1,0.3,30
4.0416,0.509127,0,-0.523599,0,0,0,0.504,-0.049,-0.483,-0.001,0.323,0.006,0.253,0.003,0,0.013,-0.003,0.003,0.08505,0.687487,-0.631969,0.024919,-1.035115,-0.004792,single_joint_sine,1,0.3,30
4.0451,0.509911,0,-0.523599,0,0,0,0.504,-0.049,-0.483,-0.001,0.323,0.006,0.253,0.003,0,0.017,0.007,-0.011,0.08505,0.687487,-0.631969,-0.002875,-1.053326,-0.002875,single_joint_sine,1,0.3,30
4.0485,0.510663,0,-0.523599,0,0,0,0.505,-0.049,-0.483,-0.001,0.323,0.006,0.275,0.003,0,0.017,-0.021,-0.011,0.012994,0.687487,-0.631969,-0.002875,-1.03224,-0.002875,single_joint_sine,1,0.3,30
4.0519,0.511393,0,-0.523599,0,0,0,0.505,-0.049,-0.483,-0.001,0.323,0.006,0.275,-0.001,0,0.021,-0.021,-0.011,0.012994,0.681581,-0.63315,0,-1.03224,-0.002875,single_joint_sine,1,0.3,30
4.0553,0.512101,0,-0.523599,0,0,0,0.505,-0.049,-0.483,-0.001,0.323,0.006,0.275,-0.001,0,0.021,-0.021,0.024,0.012994,0.681581,-0.63315,0,-1.03224,-0.004792,single_joint_sine,1,0.3,30
4.0587,0.51279,0,-0.523599,0,0,0,0.507,-0.049,-0.483,-0.001,0.323,0.006,0.228,0.001,0,0.023,0,0.001,0.144112,0.6615,-0.634331,0.029712,-1.045658,-0.008626,single_joint_sine,1,0.3,30
4.0621,0.513457,0,-0.523599,0,0,0,0.508,-0.049,-0.483,-0.001,0.323,0.006,0.207,0.001,0.006,-0.003,0.015,0.001,0.098044,0.6615,-0.639056,0.013418,-1.053326,-0.008626,single_joint_sine,1,0.3,30
4.0655,0.514112,0,-0.523599,0,0,0,0.508,-0.049,-0.483,-0.001,0.323,0.006,0.207,0.001,0.006,-0.003,0.015,0.001,0.098044,0.6615,-0.639056,0.013418,-1.053326,-0.008626,single_joint_sine,1,0.3,30
4.0694,0.514824,0,-0.523599,0,0,0,0.508,-0.049,-0.483,-0.001,0.323,0.006,0.207,-0.003,0.006,-0.003,-0.005,-0.019,0.098044,0.679219,-0.639056,0.013418,-1.0447,0.009584,single_joint_sine,1,0.3,30
4.0728,0.515425,0,-0.523599,0,0,0,0.51,-0.049,-0.483,-0.001,0.323,0.006,0.185,0,-0.004,0.038,-0.005,0.011,0.139387,0.678037,-0.636694,-0.019169,-1.0447,-0.000958,single_joint_sine,1,0.3,30
4.0763,0.516021,0,-0.523599,0,0,0,0.51,-0.049,-0.483,-0.001,0.323,0.006,0.185,0,-0.004,0.038,-0.005,0.011,0.139387,0.678037,-0.636694,-0.019169,-1.0447,-0.000958,single_joint_sine,1,0.3,30
4.0799,0.516617,0,-0.523599,0,0,0,0.511,-0.049,-0.483,0,0.323,0.006,0.141,0,0,0.046,-0.024,0.013,0.199631,0.6804,-0.643781,0.015335,-1.048533,0.002875,single_joint_sine,1,0.3,30
4.0833,0.517152,0,-0.523599,0,0,0,0.512,-0.049,-0.483,0,0.323,0.006,0.182,0,0,0.046,-0.013,0.013,0.138206,0.6804,-0.643781,0.015335,-1.047575,0.002875,single_joint_sine,1,0.3,30
4.0867,0.517665,0,-0.523599,0,0,0,0.512,-0.049,-0.483,-0.001,0.323,0.006,0.182,0.002,0,-0.047,-0.013,0.013,0.138206,0.669769,-0.643781,0.032587,-1.047575,0.002875,single_joint_sine,1,0.3,30
4.0903,0.518188,0,-0.523599,0,0,0,0.512,-0.049,-0.483,-0.001,0.323,0.006,0.182,0.002,0,-0.047,-0.013,-0.053,0.138206,0.669769,-0.643781,0.032587,-1.047575,-0.027795,single_joint_sine,1,0.3,30
4.0937,0.518659,0,-0.523599,0,0,0,0.513,-0.049,-0.483,-0.001,0.323,0.006,0.183,0.002,0.001,-0.032,0.009,0.011,0.072056,0.673312,-0.636694,0.041213,-1.058118,0.013418,single_joint_sine,1,0.3,30
4.0971,0.519108,0,-0.523599,0,0,0,0.514,-0.049,-0.483,-0.001,0.323,0.006,0.126,0.002,0,0.017,-0.009,0.011,0.17955,0.673312,-0.636694,0.015335,-1.027448,0.013418,single_joint_sine,1,0.3,30
4.1006,0.519542,0,-0.523599,0,0,0,0.514,-0.049,-0.483,-0.001,0.323,0.006,0.126,0.002,0,0.017,-0.009,0.011,0.17955,0.673312,-0.636694,0.015335,-1.027448,0.013418,single_joint_sine,1,0.3,30
4.1043,0.51999,0,-0.523599,0,0,0,0.514,-0.049,-0.483,-0.001,0.323,0.006,0.126,-0.003,0,0.017,-0.082,0.032,0.17955,0.674494,-0.636694,0.015335,-1.034157,-0.007668,single_joint_sine,1,0.3,30
4.1077,0.520372,0,-0.523599,0,0,0,0.515,-0.049,-0.483,-0.001,0.323,0.006,0.173,0.001,0,0.003,-0.082,-0.007,0.072056,0.682762,-0.639056,0.016293,-1.034157,0.008626,single_joint_sine,1,0.3,30
4.1112,0.520739,0,-0.523599,0,0,0,0.515,-0.049,-0.483,-0.001,0.323,0.006,0.173,0.001,0,0.003,-0.082,-0.007,0.072056,0.682762,-0.639056,0.016293,-1.034157,0.008626,single_joint_sine,1,0.3,30
4.1148,0.521099,0,-0.523599,0,0,0,0.516,-0.049,-0.483,-0.001,0.323,0.006,0.112,0.004,0,-0.019,0.026,0.005,0.00945,0.675675,-0.627244,0.039296,-1.054284,-0.022044,single_joint_sine,1,0.3,30
4.1182,0.521415,0,-0.523599,0,0,0,0.517,-0.049,-0.483,-0.001,0.323,0.006,0.101,0.004,0,-0.019,0.026,0.005,0.062606,0.675675,-0.627244,0.039296,-1.051409,-0.022044,single_joint_sine,1,0.3,30
4.1217,0.521715,0,-0.523599,0,0,0,0.517,-0.049,-0.483,-0.001,0.323,0.006,0.101,0.004,0,-0.019,0.026,0.005,0.062606,0.675675,-0.627244,0.039296,-1.051409,-0.022044,single_joint_sine,1,0.3,30
4.1252,0.522002,0,-0.523599,0,0,0,0.517,-0.049,-0.483,-0.001,0.323,0.006,0.101,-0.002,0.003,-0.017,0.026,0.021,0.062606,0.681581,-0.639056,0.03067,-1.051409,-0.01246,single_joint_sine,1,0.3,30
4.1286,0.522254,0,-0.523599,0,0,0,0.518,-0.049,-0.483,-0.001,0.323,0.006,0.095,0.001,0.002,0.005,-0.053,0.005,0.017719,0.674494,-0.637875,0.023961,-1.024572,0.006709,single_joint_sine,1,0.3,30
4.132,0.522483,0,-0.523599,0,0,0,0.519,-0.049,-0.483,-0.001,0.323,0.006,0.118,0.001,0.004,0.001,-0.028,0.005,0.049612,0.674494,-0.643781,0.024919,-1.037991,0.006709,single_joint_sine,1,0.3,30
4.1355,0.522695,0,-0.523599,0,0,0,0.519,-0.049,-0.483,-0.001,0.323,0.006,0.118,0.001,0.004,0.001,-0.028,0.005,0.049612,0.674494,-0.643781,0.024919,-1.037991,0.006709,single_joint_sine,1,0.3,30
4.1393,0.522904,0,-0.523599,0,0,0,0.519,-0.049,-0.483,-0.001,0.323,0.006,0.118,-0.002,0.004,0.001,0.023,-0.015,0.049612,0.692213,-0.643781,0.024919,-1.057159,0.015335,single_joint_sine,1,0.3,30
4.1427,0.523066,0,-0.523599,0,0,0,0.519,-0.049,-0.483,-0.001,0.323,0.006,0.076,0.002,-0.001,-0.015,0.023,0.003,0.1323,0.681581,-0.637875,0.03067,-1.057159,-0.000958,single_joint_sine,1,0.3,30
4.1462,0.523208,0,-0.523599,0,0,0,0.519,-0.049,-0.483,-0.001,0.323,0.006,0.076,0.002,-0.001,-0.015,0.023,0.003,0.1323,0.681581,-0.637875,0.03067,-1.057159,-0.000958,single_joint_sine,1,0.3,30
4.1497,0.52333,0,-0.523599,0,0,0,0.519,-0.049,-0.483,-0.001,0.323,0.006,0.039,0,0,-0.005,0.023,0.009,0.059062,0.685125,-0.637875,0.032587,-1.0447,-0.017252,single_joint_sine,1,0.3,30
4.1531,0.523427,0,-0.523599,0,0,0,0.52,-0.049,-0.483,-0.001,0.323,0.006,0.04,0,0,-0.005,0.013,0.009,0.041344,0.685125,-0.637875,0.032587,-1.05045,-0.017252,single_joint_sine,1,0.3,30
4.1565,0.523503,0,-0.523599,0,0,0,0.52,-0.049,-0.483,-0.001,0.323,0.006,0.04,0,0,-0.005,0.013,0.009,0.041344,0.685125,-0.637875,0.032587,-1.05045,-0.017252,single_joint_sine,1,0.3,30
4.16,0.523557,0,-0.523599,0,0,0,0.52,-0.049,-0.483,-0.001,0.323,0.006,0.04,-0.002,0.002,-0.007,0.013,-0.003,0.041344,0.6993,-0.636694,0.024919,-1.05045,0.010543,single_joint_sine,1,0.3,30
4.1634,0.523589,0,-0.523599,0,0,0,0.52,-0.049,-0.483,-0.001,0.323,0.006,0.002,-0.003,0,-0.007,-0.009,0.001,0.1134,0.692213,-0.626062,0.028753,-1.051409,-0.000958,single_joint_sine,1,0.3,30
4.1668,0.523599,0,-0.523599,0,0,0,0.52,-0.049,-0.483,-0.001,0.323,0.006,0.009,-0.003,-0.003,-0.001,0.005,0.001,0.083869,0.692213,-0.63315,0.014377,-1.063868,-0.000958,single_joint_sine,1,0.3,30
4.1706,0.523584,0,-0.523599,0,0,0,0.52,-0.049,-0.483,-0.001,0.323,0.006,0.009,-0.003,-0.003,-0.001,0.005,0.001,0.083869,0.692213,-0.63315,0.014377,-1.063868,-0.000958,single_joint_sine,1,0.3,30
4.1742,0.523546,0,-0.523599,0,0,0,0.52,-0.049,-0.483,-0.001,0.323,0.006,0.009,0.001,-0.003,-0.001,-0.001,-0.005,0.083869,0.676856,-0.63315,0.014377,-1.060993,-0.007668,single_joint_sine,1,0.3,30
4.1776,0.523488,0,-0.523599,0,0,0,0.52,-0.049,-0.483,-0.001,0.323,0.006,0,0,0.006,-0.001,-0.001,-0.005,0.0945,0.694575,-0.618975,0.020127,-1.060993,0.002875,single_joint_sine,1,0.3,30
4.1811,0.523406,0,-0.523599,0,0,0,0.52,-0.049,-0.483,-0.001,0.323,0.006,0,0,0.006,-0.001,-0.001,-0.005,0.0945,0.694575,-0.618975,0.020127,-1.060993,0.002875,single_joint_sine,1,0.3,30
4.1846,0.523299,0,-0.523599,0,0,0,0.52,-0.049,-0.483,-0.001,0.323,0.006,-0.011,0.002,-0.002,-0.001,-0.051,0.001,0.050794,0.678037,-0.649687,0.028753,-1.03224,0.007668,single_joint_sine,1,0.3,30
4.188,0.523175,0,-0.523599,0,0,0,0.52,-0.049,-0.483,-0.001,0.323,0.006,-0.01,0.002,-0.002,-0.001,-0.009,0.001,0.010631,0.678037,-0.649687,0.028753,-1.033198,0.007668,single_joint_sine,1,0.3,30
4.1915,0.523027,0,-0.523599,0,0,0,0.52,-0.049,-0.483,-0.001,0.323,0.006,-0.01,0.003,-0.002,-0.001,-0.009,0.001,0.010631,0.688669,-0.649687,0.028753,-1.033198,0.007668,single_joint_sine,1,0.3,30
4.195,0.522853,0,-0.523599,0,0,0,0.52,-0.049,-0.483,-0.001,0.323,0.006,-0.01,0.003,0.004,-0.001,-0.009,0.028,0.010631,0.688669,-0.634331,0.029712,-1.033198,-0.003834,single_joint_sine,1,0.3,30
4.1984,0.522663,0,-0.523599,0,0,0,0.52,-0.049,-0.483,-0.001,0.323,0.006,-0.017,-0.002,-0.002,0.005,0.036,-0.024,-0.015356,0.681581,-0.637875,0.031629,-1.060035,0.010543,single_joint_sine,1,0.3,30
4.2018,0.522453,0,-0.523599,0,0,0,0.52,-0.049,-0.483,-0.001,0.323,0.006,-0.009,-0.002,-0.002,0.005,0.036,-0.024,-0.0756,0.681581,-0.637875,0.031629,-1.060035,0.010543,single_joint_sine,1,0.3,30
4.2053,0.522213,0,-0.523599,0,0,0,0.52,-0.049,-0.483,-0.001,0.323,0.006,-0.009,-0.002,0,-0.011,0.021,-0.024,-0.0756,0.681581,-0.635512,0.032587,-1.064827,0.010543,single_joint_sine,1,0.3,30
4.2087,0.521958,0,-0.523599,0,0,0,0.52,-0.049,-0.483,-0.001,0.323,0.006,-0.009,0,0,-0.011,0.019,-0.024,-0.0756,0.683944,-0.635512,0.032587,-1.036074,0.002875,single_joint_sine,1,0.3,30
4.2121,0.521682,0,-0.523599,0,0,0,0.52,-0.049,-0.483,-0.001,0.323,0.006,-0.008,0,0,-0.011,0.019,-0.024,-0.138206,0.676856,-0.640238,0.032587,-1.036074,0.002875,single_joint_sine,1,0.3,30
4.2157,0.521367,0,-0.523599,0,0,0,0.52,-0.049,-0.483,-0.001,0.323,0.006,-0.008,0,0,0.003,0.019,0.021,-0.138206,0.676856,-0.640238,0.017252,-1.036074,0.005751,single_joint_sine,1,0.3,30
4.2192,0.521036,0,-0.523599,0,0,0,0.52,-0.049,-0.483,-0.001,0.323,0.007,-0.014,-0.002,0,0.007,-0.011,-0.049,-0.2079,0.681581,-0.634331,0.013418,-1.01403,0.04313,single_joint_sine,1,0.3,30
4.2226,0.520695,0,-0.523599,0,0,0,0.519,-0.049,-0.483,-0.001,0.323,0.007,-0.023,-0.002,0,0.007,0.001,-0.049,-0.209081,0.681581,-0.634331,0.013418,-1.034157,0.04313,single_joint_sine,1,0.3,30
4.226,0.520325,0,-0.523599,0,0,0,0.519,-0.049,-0.483,-0.001,0.323,0.007,-0.023,-0.002,0,0.007,0.001,-0.049,-0.209081,0.681581,-0.634331,0.013418,-1.034157,0.04313,single_joint_sine,1,0.3,30
4.2297,0.51991,0,-0.523599,0,0,0,0.519,-0.049,-0.483,0,0.323,0.006,-0.023,0.002,-0.005,-0.001,0.001,-0.046,-0.209081,0.687487,-0.622519,0.025878,-1.034157,0.014377,single_joint_sine,1,0.3,30
4.2331,0.519502,0,-0.523599,0,0,0,0.519,-0.049,-0.483,-0.001,0.323,0.006,-0.038,-0.001,-0.003,0,0.026,0.011,-0.222075,0.678037,-0.610706,0.033545,-1.051409,-0.024919,single_joint_sine,1,0.3,30
4.2367,0.519049,0,-0.523599,0,0,0,0.519,-0.049,-0.483,-0.001,0.323,0.006,-0.103,-0.001,-0.002,0,0.026,0.011,-0.178369,0.678037,-0.634331,0.033545,-1.051409,-0.024919,single_joint_sine,1,0.3,30
4.2404,0.518548,0,-0.523599,0,0,0,0.519,-0.049,-0.483,-0.001,0.323,0.006,-0.103,-0.001,-0.002,0.003,-0.007,0.011,-0.178369,0.678037,-0.634331,0.022044,-1.043741,-0.024919,single_joint_sine,1,0.3,30
4.2438,0.518072,0,-0.523599,0,0,0,0.518,-0.049,-0.483,-0.001,0.323,0.006,-0.1,0,-0.002,0.003,0.009,0.015,-0.229162,0.679219,-0.634331,0.022044,-1.040866,-0.000958,single_joint_sine,1,0.3,30
4.2472,0.517577,0,-0.523599,0,0,0,0.518,-0.049,-0.483,-0.001,0.323,0.006,-0.1,0,0.002,0.024,0.009,-0.005,-0.229162,0.682762,-0.628425,0.016293,-1.040866,0.010543,single_joint_sine,1,0.3,30
4.2511,0.516983,0,-0.523599,0,0,0,0.518,-0.049,-0.483,-0.001,0.323,0.006,-0.1,0,0.002,0.024,0.009,-0.005,-0.229162,0.682762,-0.628425,0.016293,-1.040866,0.010543,single_joint_sine,1,0.3,30
4.2546,0.51642,0,-0.523599,0,0,0,0.518,-0.049,-0.483,-0.001,0.323,0.006,-0.053,0.002,-0.001,0.001,0.024,0.009,-0.367369,0.663863,-0.63315,0.034504,-1.055242,0.005751,single_joint_sine,1,0.3,30
4.258,0.515856,0,-0.523599,0,0,0,0.517,-0.049,-0.483,-0.001,0.323,0.006,-0.087,0.002,-0.001,0.001,0.013,0.009,-0.282319,0.663863,-0.63315,0.034504,-1.0447,0.005751,single_joint_sine,1,0.3,30
4.2614,0.515271,0,-0.523599,0,0,0,0.517,-0.049,-0.483,-0.001,0.323,0.006,-0.087,0.002,-0.001,0.001,0.013,0.009,-0.282319,0.679219,-0.63315,0.034504,-1.0447,0.005751,single_joint_sine,1,0.3,30
4.2653,0.514573,0,-0.523599,0,0,0,0.517,-0.049,-0.483,-0.001,0.323,0.006,-0.087,0.002,0.002,-0.013,0.013,0.003,-0.282319,0.679219,-0.635512,0.03067,-1.0447,-0.002875,single_joint_sine,1,0.3,30
4.2688,0.513926,0,-0.523599,0,0,0,0.516,-0.049,-0.483,-0.001,0.323,0.006,-0.117,-0.001,-0.003,0.007,-0.009,0.005,-0.276412,0.683944,-0.643781,0.006709,-1.033198,0.044088,single_joint_sine,1,0.3,30
4.2722,0.513274,0,-0.523599,0,0,0,0.516,-0.049,-0.483,-0.001,0.323,0.006,-0.077,-0.001,0,0.032,0.019,0.005,-0.350831,0.683944,-0.628425,0.023003,-1.05045,0.044088,single_joint_sine,1,0.3,30
4.2756,0.512591,0,-0.523599,0,0,0,0.516,-0.049,-0.483,-0.001,0.323,0.006,-0.077,-0.001,0,0.032,0.019,0.005,-0.350831,0.683944,-0.628425,0.023003,-1.05045,0.044088,single_joint_sine,1,0.3,30
4.2792,0.511864,0,-0.523599,0,0,0,0.515,-0.049,-0.483,-0.001,0.323,0.006,-0.133,-0.001,0,0.032,0.007,0.015,-0.318937,0.675675,-0.628425,0.023003,-1.048533,-0.002875,single_joint_sine,1,0.3,30
4.2826,0.511147,0,-0.523599,0,0,0,0.515,-0.049,-0.483,-0.001,0.323,0.006,-0.133,-0.001,0,-0.019,0.007,-0.013,-0.318937,0.68985,-0.637875,0.046005,-1.048533,0,single_joint_sine,1,0.3,30
4.286,0.510411,0,-0.523599,0,0,0,0.515,-0.049,-0.483,-0.001,0.323,0.006,-0.133,-0.001,0,-0.019,0.007,-0.013,-0.318937,0.68985,-0.637875,0.046005,-1.048533,0,single_joint_sine,1,0.3,30
4.2896,0.50961,0,-0.523599,0,0,0,0.514,-0.049,-0.483,-0.001,0.323,0.006,-0.167,-0.005,0,0.017,-0.007,-0.005,-0.196087,0.687487,-0.636694,0.034504,-1.051409,0.002875,single_joint_sine,1,0.3,30
4.293,0.50883,0,-0.523599,0,0,0,0.512,-0.049,-0.483,-0.001,0.323,0.006,-0.15,-0.005,0,0.017,0.023,-0.005,-0.324844,0.687487,-0.636694,0.034504,-0.999653,0.002875,single_joint_sine,1,0.3,30
4.2964,0.508014,0,-0.523599,0,0,0,0.512,-0.049,-0.483,-0.001,0.323,0.006,-0.15,-0.005,0,0.017,0.023,-0.005,-0.324844,0.687487,-0.636694,0.034504,-0.999653,0.002875,single_joint_sine,1,0.3,30
4.3001,0.507128,0,-0.523599,0,0,0,0.512,-0.049,-0.483,-0.001,0.323,0.006,-0.15,0,-0.001,0.005,0.023,0.019,-0.324844,0.679219,-0.634331,0.003834,-0.999653,-0.003834,single_joint_sine,1,0.3,30
4.3035,0.506283,0,-0.523599,0,0,0,0.511,-0.049,-0.483,-0.001,0.322,0.006,-0.185,-0.001,0.005,0.017,-0.103,0.005,-0.314213,0.666225,-0.649687,0.002875,-1.070577,0.000958,single_joint_sine,1,0.3,30
4.307,0.505396,0,-0.523599,0,0,0,0.509,-0.049,-0.483,-0.001,0.322,0.006,-0.229,-0.001,0.002,0.001,-0.042,0.005,-0.237431,0.666225,-0.640238,0.051756,-1.031281,0.000958,single_joint_sine,1,0.3,30
4.3104,0.504508,0,-0.523599,0,0,0,0.509,-0.049,-0.483,-0.001,0.322,0.006,-0.229,-0.001,0.002,0.001,-0.042,0.005,-0.237431,0.666225,-0.640238,0.051756,-1.031281,0.000958,single_joint_sine,1,0.3,30
4.3138,0.5036,0,-0.523599,0,0,0,0.508,-0.049,-0.483,-0.001,0.322,0.006,-0.239,0.002,0.002,0.001,0.04,0.001,-0.250425,0.681581,-0.640238,0.051756,-1.096455,0.000958,single_joint_sine,1,0.3,30
4.3172,0.502672,0,-0.523599,0,0,0,0.508,-0.049,-0.483,-0.001,0.322,0.006,-0.239,0,0.001,-0.023,0.04,-0.001,-0.250425,0.685125,-0.646144,0.037379,-1.096455,0,single_joint_sine,1,0.3,30
4.3206,0.501725,0,-0.523599,0,0,0,0.508,-0.049,-0.483,-0.001,0.322,0.006,-0.239,0,0.001,-0.023,0.04,-0.001,-0.250425,0.685125,-0.646144,0.037379,-1.096455,0,single_joint_sine,1,0.3,30
4.3242,0.500694,0,-0.523599,0,0,0,0.506,-0.049,-0.483,-0.001,0.323,0.006,-0.256,0,-0.001,-0.009,-0.028,0.009,-0.270506,0.674494,-0.640238,0.026836,-1.06291,0.005751,single_joint_sine,1,0.3,30
4.3276,0.499703,0,-0.523599,0,0,0,0.504,-0.049,-0.483,-0.001,0.322,0.006,-0.275,0,-0.001,-0.009,-0.013,0.009,-0.296494,0.674494,-0.640238,0.026836,-0.994861,0.005751,single_joint_sine,1,0.3,30
4.331,0.498665,0,-0.523599,0,0,0,0.504,-0.049,-0.483,-0.001,0.322,0.006,-0.275,0,-0.001,-0.009,-0.013,0.009,-0.296494,0.674494,-0.640238,0.026836,-0.994861,0.005751,single_joint_sine,1,0.3,30
4.3345,0.497616,0,-0.523599,0,0,0,0.504,-0.049,-0.483,-0.001,0.322,0.006,-0.275,0,0,0.013,-0.013,-0.021,-0.296494,0.674494,-0.63315,0.023961,-0.994861,0.009584,single_joint_sine,1,0.3,30
4.3379,0.49656,0,-0.523599,0,0,0,0.503,-0.049,-0.483,-0.001,0.322,0.006,-0.292,0,0,-0.007,0.015,-0.007,-0.21735,0.685125,-0.6426,0.029712,-1.042783,0.124597,single_joint_sine,1,0.3,30
4.3413,0.495489,0,-0.523599,0,0,0,0.503,-0.049,-0.483,-0.001,0.322,0.006,-0.292,0,0,-0.007,0.015,-0.007,-0.21735,0.685125,-0.6426,0.029712,-1.042783,0.124597,single_joint_sine,1,0.3,30
4.3448,0.494362,0,-0.523599,0,0,0,0.5,-0.049,-0.483,-0.001,0.322,0.006,-0.306,0,0,0.019,-0.015,-0.007,-0.181913,0.685125,-0.628425,0.015335,-1.043741,0.009584,single_joint_sine,1,0.3,30
4.3482,0.493247,0,-0.523599,0,0,0,0.498,-0.049,-0.483,-0.001,0.322,0.006,-0.321,0,0,0.019,0.011,-0.007,-0.173644,0.681581,-0.628425,0.015335,-1.060035,0.009584,single_joint_sine,1,0.3,30
4.3516,0.492112,0,-0.523599,0,0,0,0.498,-0.049,-0.483,-0.001,0.322,0.006,-0.321,0,0,0.019,0.011,-0.007,-0.173644,0.681581,-0.628425,0.015335,-1.060035,0.009584,single_joint_sine,1,0.3,30
4.355,0.490955,0,-0.523599,0,0,0,0.498,-0.049,-0.483,-0.001,0.322,0.006,-0.321,0,0.004,0.017,0.011,0.021,-0.173644,0.673312,-0.628425,0.021086,-1.060035,-0.031629,single_joint_sine,1,0.3,30
4.3584,0.48978,0,-0.523599,0,0,0,0.496,-0.049,-0.483,-0.001,0.323,0.006,-0.302,0.002,0.002,0.001,-0.005,0.03,-0.304762,0.676856,-0.637875,0.029712,-1.060035,-0.017252,single_joint_sine,1,0.3,30
4.3618,0.488586,0,-0.523599,0,0,0,0.494,-0.049,-0.483,-0.001,0.323,0.006,-0.306,0.002,0.002,0.001,-0.005,0.03,-0.352013,0.676856,-0.637875,0.029712,-1.060035,-0.017252,single_joint_sine,1,0.3,30
4.3653,0.487319,0,-0.523599,0,0,0,0.494,-0.049,-0.483,-0.001,0.322,0.006,-0.306,0.002,0.002,-0.009,-0.024,0.03,-0.352013,0.676856,-0.637875,0.034504,-1.031281,-0.017252,single_joint_sine,1,0.3,30
4.3687,0.486083,0,-0.523599,0,0,0,0.494,-0.049,-0.483,-0.001,0.322,0.006,-0.306,0.005,0,-0.009,-0.024,-0.019,-0.352013,0.67095,-0.636694,0.034504,-1.031281,0.010543,single_joint_sine,1,0.3,30
4.3721,0.484826,0,-0.523599,0,0,0,0.491,-0.049,-0.483,-0.001,0.323,0.006,-0.344,0.002,0.001,-0.019,0.023,-0.009,-0.184275,0.6804,-0.636694,0.040254,-1.054284,0.015335,single_joint_sine,1,0.3,30
4.3756,0.48353,0,-0.523599,0,0,0,0.491,-0.049,-0.483,-0.001,0.323,0.006,-0.344,0.002,0.001,-0.019,0.023,-0.009,-0.184275,0.6804,-0.636694,0.040254,-1.054284,0.015335,single_joint_sine,1,0.3,30
4.3794,0.482075,0,-0.523599,0,0,0,0.489,-0.049,-0.483,-0.001,0.322,0.006,-0.394,0.002,-0.001,0,-0.03,0.003,-0.138206,0.6804,-0.640238,0.028753,-1.042783,-0.002875,single_joint_sine,1,0.3,30
4.3828,0.480756,0,-0.523599,0,0,0,0.486,-0.049,-0.483,-0.001,0.322,0.006,-0.385,0,-0.001,0,-0.017,0.003,-0.181913,0.676856,-0.640238,0.028753,-1.034157,-0.002875,single_joint_sine,1,0.3,30
4.3862,0.479399,0,-0.523599,0,0,0,0.486,-0.049,-0.483,-0.001,0.322,0.006,-0.385,0,-0.001,0,-0.017,0.003,-0.181913,0.676856,-0.640238,0.028753,-1.034157,-0.002875,single_joint_sine,1,0.3,30
4.3898,0.477959,0,-0.523599,0,0,0,0.486,-0.049,-0.483,-0.001,0.322,0.006,-0.385,0,0.004,0.026,-0.017,0.005,-0.181913,0.679219,-0.65205,0.011501,-1.034157,-0.009584,single_joint_sine,1,0.3,30
4.3932,0.47658,0,-0.523599,0,0,0,0.484,-0.049,-0.483,-0.001,0.323,0.006,-0.354,0,-0.005,0.005,0,0.013,-0.310669,0.675675,-0.636694,0.020127,-1.046616,0.005751,single_joint_sine,1,0.3,30
4.3967,0.475154,0,-0.523599,0,0,0,0.481,-0.049,-0.483,-0.001,0.323,0.006,-0.388,0,-0.005,0.005,0,0.013,-0.295313,0.675675,-0.636694,0.020127,-1.046616,0.005751,single_joint_sine,1,0.3,30
4.4004,0.473603,0,-0.523599,0,0,0,0.481,-0.049,-0.483,-0.001,0.323,0.006,-0.388,0,-0.005,-0.005,0.03,0.013,-0.295313,0.675675,-0.636694,0.024919,-1.042783,0.005751,single_joint_sine,1,0.3,30
4.4038,0.472163,0,-0.523599,0,0,0,0.481,-0.049,-0.483,-0.001,0.323,0.006,-0.388,-0.004,0,-0.005,0.03,-0.013,-0.295313,0.681581,-0.621337,0.024919,-1.042783,0.011501,single_joint_sine,1,0.3,30
4.4072,0.470704,0,-0.523599,0,0,0,0.478,-0.049,-0.483,-0.001,0.323,0.006,-0.443,-0.001,0,0.015,0.023,0.024,-0.0945,0.686306,-0.646144,0.015335,-1.060993,-0.008626,single_joint_sine,1,0.3,30
4.4106,0.469228,0,-0.523599,0,0,0,0.478,-0.049,-0.483,-0.001,0.323,0.006,-0.443,-0.001,0,0.015,0.023,0.024,-0.0945,0.686306,-0.646144,0.015335,-1.060993,-0.008626,single_joint_sine,1,0.3,30
4.4142,0.467649,0,-0.523599,0,0,0,0.475,-0.049,-0.483,-0.001,0.323,0.006,-0.405,-0.001,0,0.032,-0.007,-0.003,-0.263419,0.686306,-0.629606,0.005751,-1.041824,0.000958,single_joint_sine,1,0.3,30
4.4176,0.466131,0,-0.523599,0,0,0,0.472,-0.049,-0.483,-0.001,0.323,0.006,-0.416,-0.004,0,0.032,-0.021,-0.003,-0.295313,0.685125,-0.629606,0.005751,-1.052367,0.000958,single_joint_sine,1,0.3,30
4.4209,0.464618,0,-0.523599,0,0,0,0.472,-0.049,-0.483,-0.001,0.323,0.006,-0.416,-0.004,0,0.032,-0.021,-0.003,-0.295313,0.685125,-0.629606,0.005751,-1.052367,0.000958,single_joint_sine,1,0.3,30
4.4244,0.463032,0,-0.523599,0,0,0,0.472,-0.049,-0.483,-0.001,0.323,0.006,-0.416,-0.001,0.003,-0.003,-0.021,-0.009,-0.295313,0.679219,-0.63315,0.027795,-1.052367,0.002875,single_joint_sine,1,0.3,30
4.4278,0.461456,0,-0.523599,0,0,0,0.469,-0.049,-0.483,-0.001,0.323,0.006,-0.446,0.001,0,-0.011,-0.026,-0.009,-0.246881,0.683944,-0.626062,0.025878,-1.031281,0.004792,single_joint_sine,1,0.3,30
4.4313,0.45978,0,-0.523599,0,0,0,0.469,-0.049,-0.483,-0.001,0.323,0.006,-0.446,0.001,0,-0.011,-0.026,-0.009,-0.246881,0.683944,-0.626062,0.025878,-1.031281,0.004792,single_joint_sine,1,0.3,30
4.435,0.45805,0,-0.523599,0,0,0,0.466,-0.049,-0.483,-0.001,0.323,0.006,-0.499,0.001,0,-0.007,-0.011,-0.009,-0.089775,0.683944,-0.626062,0.032587,-1.058118,0.004792,single_joint_sine,1,0.3,30
4.4384,0.456415,0,-0.523599,0,0,0,0.466,-0.049,-0.483,-0.001,0.323,0.006,-0.499,-0.002,0,-0.007,-0.011,-0.007,-0.089775,0.673312,-0.627244,0.032587,-1.058118,0.001917,single_joint_sine,1,0.3,30
4.4418,0.454765,0,-0.523599,0,0,0,0.462,-0.049,-0.483,-0.001,0.323,0.006,-0.472,0,0,-0.007,-0.011,-0.007,-0.199631,0.663863,-0.634331,0.032587,-1.058118,0.001917,single_joint_sine,1,0.3,30
4.4452,0.453084,0,-0.523599,0,0,0,0.462,-0.049,-0.483,-0.001,0.323,0.006,-0.472,0,0,0.003,0.023,-0.011,-0.199631,0.663863,-0.634331,0.025878,-1.060993,0,single_joint_sine,1,0.3,30
4.4487,0.451353,0,-0.523599,0,0,0,0.459,-0.049,-0.483,-0.001,0.323,0.006,-0.488,0.001,0.007,0,-0.013,-0.005,-0.250425,0.678037,-0.639056,0.031629,-1.031281,0.002875,single_joint_sine,1,0.3,30
4.4521,0.449644,0,-0.523599,0,0,0,0.455,-0.049,-0.483,-0.001,0.322,0.006,-0.506,0.001,0.007,0,-0.038,-0.005,-0.199631,0.678037,-0.639056,0.031629,-0.991985,0.002875,single_joint_sine,1,0.3,30
4.4555,0.447892,0,-0.523599,0,0,0,0.455,-0.049,-0.483,-0.001,0.322,0.006,-0.506,0.001,0.007,0,-0.038,-0.005,-0.199631,0.678037,-0.639056,0.031629,-0.991985,0.002875,single_joint_sine,1,0.3,30
4.4589,0.446142,0,-0.523599,0,0,0,0.455,-0.049,-0.483,-0.001,0.322,0.006,-0.506,0.001,-0.003,-0.013,-0.038,-0.013,-0.199631,0.673312,-0.636694,0.064215,-0.991985,-0.010543,single_joint_sine,1,0.3,30
4.4623,0.444377,0,-0.523599,0,0,0,0.452,-0.049,-0.483,-0.001,0.322,0.006,-0.499,0.002,0.002,-0.019,-0.011,-0.023,-0.200812,0.675675,-0.643781,0.027795,-1.036074,-0.09201,single_joint_sine,1,0.3,30
4.4659,0.44249,0,-0.523599,0,0,0,0.452,-0.049,-0.483,-0.001,0.322,0.006,-0.499,0.002,0.002,-0.019,-0.011,-0.023,-0.200812,0.675675,-0.643781,0.027795,-1.036074,-0.09201,single_joint_sine,1,0.3,30
4.4696,0.440529,0,-0.523599,0,0,0,0.448,-0.049,-0.483,-0.001,0.322,0.006,-0.521,0.002,0.002,-0.013,0.011,-0.023,-0.192544,0.675675,-0.643781,0.034504,-1.053326,-0.09201,single_joint_sine,1,0.3,30
4.473,0.438707,0,-0.523599,0,0,0,0.448,-0.049,-0.483,-0.001,0.322,0.007,-0.521,0,0.005,-0.013,0.011,0.086,-0.192544,0.687487,-0.636694,0.034504,-1.053326,-0.002875,single_joint_sine,1,0.3,30
4.4765,0.436832,0,-0.523599,0,0,0,0.445,-0.049,-0.483,-0.001,0.322,0.007,-0.508,0,0.005,-0.013,0.011,0.086,-0.237431,0.687487,-0.636694,0.034504,-1.053326,-0.002875,single_joint_sine,1,0.3,30
4.48,0.434889,0,-0.523599,0,0,0,0.445,-0.049,-0.483,-0.001,0.322,0.007,-0.508,0,0.001,0.023,-0.055,-0.021,-0.237431,0.679219,-0.635512,0.016293,-1.038949,0.005751,single_joint_sine,1,0.3,30
4.4834,0.433012,0,-0.523599,0,0,0,0.441,-0.049,-0.483,-0.001,0.322,0.006,-0.556,-0.002,-0.002,-0.015,-0.011,-0.013,-0.209081,0.68985,-0.63315,0.033545,-1.0447,0.024919,single_joint_sine,1,0.3,30
4.4868,0.431122,0,-0.523599,0,0,0,0.437,-0.049,-0.483,-0.001,0.322,0.006,-0.533,-0.002,-0.002,-0.015,-0.011,-0.013,-0.291769,0.68985,-0.63315,0.033545,-1.0447,0.024919,single_joint_sine,1,0.3,30
4.4904,0.429075,0,-0.523599,0,0,0,0.437,-0.049,-0.483,-0.001,0.323,0.006,-0.533,-0.002,-0.002,-0.015,0.032,-0.013,-0.291769,0.68985,-0.63315,0.033545,-1.056201,0.024919,single_joint_sine,1,0.3,30
4.4942,0.426947,0,-0.523599,0,0,0,0.437,-0.049,-0.483,-0.001,0.323,0.006,-0.533,0,-0.001,0.023,0.032,-0.001,-0.291769,0.685125,-0.644962,0.025878,-1.056201,-0.011501,single_joint_sine,1,0.3,30
4.4976,0.424996,0,-0.523599,0,0,0,0.433,-0.049,-0.483,-0.001,0.322,0.006,-0.518,0.003,-0.002,-0.001,-0.017,0.015,-0.315394,0.678037,-0.630787,0.029712,-1.05045,-0.015335,single_joint_sine,1,0.3,30
4.501,0.423027,0,-0.523599,0,0,0,0.433,-0.049,-0.483,-0.001,0.322,0.006,-0.518,0.003,-0.002,-0.001,-0.017,0.015,-0.315394,0.678037,-0.630787,0.029712,-1.05045,-0.015335,single_joint_sine,1,0.3,30
4.5046,0.420935,0,-0.523599,0,0,0,0.429,-0.049,-0.483,-0.001,0.323,0.006,-0.591,0.003,-0.002,-0.013,0.017,0.015,-0.183094,0.678037,-0.630787,0.034504,-1.052367,-0.015335,single_joint_sine,1,0.3,30
4.508,0.418931,0,-0.523599,0,0,0,0.429,-0.049,-0.483,-0.001,0.323,0.006,-0.591,0,-0.003,-0.013,0.017,0.007,-0.183094,0.692213,-0.637875,0.034504,-1.052367,-0.006709,single_joint_sine,1,0.3,30
4.5114,0.416883,0,-0.523599,0,0,0,0.429,-0.049,-0.483,-0.001,0.323,0.006,-0.591,0,-0.003,-0.013,0.017,0.007,-0.183094,0.692213,-0.637875,0.034504,-1.052367,-0.006709,single_joint_sine,1,0.3,30
4.515,0.414703,0,-0.523599,0,0,0,0.425,-0.049,-0.483,-0.001,0.323,0.006,-0.56,0,0,0.005,-0.024,-0.003,-0.333112,0.682762,-0.6426,0.01246,-1.043741,0.006709,single_joint_sine,1,0.3,30
4.5184,0.412646,0,-0.523599,0,0,0,0.421,-0.049,-0.483,-0.001,0.323,0.006,-0.567,0.001,0.005,0.011,-0.028,0.007,-0.291769,0.674494,-0.644962,0.019169,-1.048533,-0.003834,single_joint_sine,1,0.3,30
4.5218,0.410578,0,-0.523599,0,0,0,0.417,-0.049,-0.483,-0.001,0.323,0.006,-0.603,0.001,0.005,0.011,-0.003,0.007,-0.258694,0.674494,-0.644962,0.019169,-1.054284,-0.003834,single_joint_sine,1,0.3,30
4.5254,0.408361,0,-0.523599,0,0,0,0.417,-0.049,-0.483,-0.001,0.323,0.006,-0.603,0.001,0.005,0.011,-0.003,0.007,-0.258694,0.674494,-0.644962,0.019169,-1.054284,-0.003834,single_joint_sine,1,0.3,30
4.5288,0.406252,0,-0.523599,0,0,0,0.417,-0.049,-0.483,-0.001,0.323,0.006,-0.603,0,0.004,-0.023,-0.003,-0.011,-0.258694,0.685125,-0.639056,0.028753,-1.054284,0.011501,single_joint_sine,1,0.3,30
4.5322,0.404128,0,-0.523599,0,0,0,0.413,-0.049,-0.483,-0.001,0.322,0.006,-0.573,0.003,0.002,-0.011,-0.057,-0.001,-0.370912,0.663863,-0.63315,0.028753,-1.029365,0.001917,single_joint_sine,1,0.3,30
4.5357,0.401957,0,-0.523599,0,0,0,0.413,-0.049,-0.483,-0.001,0.322,0.006,-0.573,0.003,0.002,-0.011,-0.057,-0.001,-0.370912,0.663863,-0.63315,0.028753,-1.029365,0.001917,single_joint_sine,1,0.3,30
4.5394,0.399619,0,-0.523599,0,0,0,0.409,-0.049,-0.483,-0.001,0.323,0.006,-0.621,0.003,0.002,-0.009,0.013,-0.001,-0.230344,0.663863,-0.63315,0.028753,-1.035115,0.001917,single_joint_sine,1,0.3,30
4.5428,0.397443,0,-0.523599,0,0,0,0.409,-0.049,-0.483,-0.001,0.323,0.006,-0.621,-0.004,-0.001,-0.009,0.013,0.005,-0.230344,0.682762,-0.636694,0.028753,-1.035115,-0.009584,single_joint_sine,1,0.3,30
4.5462,0.395222,0,-0.523599,0,0,0,0.409,-0.049,-0.483,-0.001,0.323,0.006,-0.621,-0.004,-0.001,-0.009,0.013,0.005,-0.230344,0.682762,-0.636694,0.028753,-1.035115,-0.009584,single_joint_sine,1,0.3,30
4.5499,0.392837,0,-0.523599,0,0,0,0.404,-0.049,-0.483,-0.001,0.322,0.006,-0.623,0,-0.001,-0.001,-0.038,-0.009,-0.305944,0.683944,-0.635512,0.01246,-1.033198,0.002875,single_joint_sine,1,0.3,30
4.5533,0.390611,0,-0.523599,0,0,0,0.4,-0.049,-0.483,-0.001,0.322,0.006,-0.633,0.002,-0.002,-0.001,0.015,0.026,-0.270506,0.67095,-0.636694,0.014377,-1.080162,-0.014377,single_joint_sine,1,0.3,30
4.5567,0.388375,0,-0.523599,0,0,0,0.395,-0.049,-0.483,-0.001,0.322,0.006,-0.69,0.002,-0.002,-0.001,0.015,0.026,-0.213806,0.67095,-0.636694,0.014377,-1.080162,-0.014377,single_joint_sine,1,0.3,30
4.5603,0.385943,0,-0.523599,0,0,0,0.395,-0.049,-0.483,-0.001,0.323,0.006,-0.69,0.002,-0.002,-0.001,0.023,0.026,-0.213806,0.67095,-0.636694,0.014377,-1.107957,-0.014377,single_joint_sine,1,0.3,30
4.5637,0.383667,0,-0.523599,0,0,0,0.395,-0.049,-0.483,-0.001,0.323,0.006,-0.69,-0.002,0.001,-0.007,0.023,-0.015,-0.213806,0.685125,-0.629606,0.028753,-1.107957,0.007668,single_joint_sine,1,0.3,30
4.5671,0.381378,0,-0.523599,0,0,0,0.391,-0.049,-0.483,-0.001,0.323,0.006,-0.644,0,0,0.005,-0.03,-0.019,-0.316575,0.665044,-0.630787,0.021086,-1.059076,0,single_joint_sine,1,0.3,30
4.5705,0.379065,0,-0.523599,0,0,0,0.391,-0.049,-0.483,-0.001,0.323,0.006,-0.644,0,0,0.005,-0.03,-0.019,-0.316575,0.665044,-0.630787,0.021086,-1.059076,0,single_joint_sine,1,0.3,30
4.5741,0.376602,0,-0.523599,0,0,0,0.386,-0.049,-0.483,-0.001,0.323,0.006,-0.674,0,0,0.007,-0.005,-0.019,-0.230344,0.665044,-0.630787,0.010543,-1.037032,0,single_joint_sine,1,0.3,30
4.5775,0.374264,0,-0.523599,0,0,0,0.386,-0.049,-0.483,-0.001,0.323,0.006,-0.674,-0.001,-0.002,0.007,-0.005,0.001,-0.230344,0.6804,-0.628425,0.010543,-1.037032,0.01246,single_joint_sine,1,0.3,30
4.5809,0.371926,0,-0.523599,0,0,0,0.386,-0.049,-0.483,-0.001,0.323,0.006,-0.674,-0.001,-0.002,0.007,-0.005,0.001,-0.230344,0.6804,-0.628425,0.010543,-1.037032,0.01246,single_joint_sine,1,0.3,30
4.5845,0.369433,0,-0.523599,0,0,0,0.381,-0.049,-0.483,-0.001,0.323,0.006,-0.683,-0.002,0,-0.011,0.044,-0.036,-0.2268,0.683944,-0.634331,0.022044,-1.049492,0.004792,single_joint_sine,1,0.3,30
4.5879,0.367048,0,-0.523599,0,0,0,0.376,-0.049,-0.483,-0.001,0.323,0.006,-0.691,0,-0.003,-0.005,0.013,0.026,-0.3213,0.681581,-0.646144,0.032587,-1.052367,-0.027795,single_joint_sine,1,0.3,30
4.5913,0.364653,0,-0.523599,0,0,0,0.376,-0.049,-0.483,-0.001,0.323,0.006,-0.691,0,-0.003,-0.005,0.013,0.026,-0.3213,0.681581,-0.646144,0.032587,-1.052367,-0.027795,single_joint_sine,1,0.3,30
4.5947,0.362188,0,-0.523599,0,0,0,0.371,-0.049,-0.483,-0.001,0.323,0.006,-0.711,0,-0.003,-0.005,0.001,0.026,-0.206719,0.681581,-0.646144,0.032587,-1.039907,-0.027795,single_joint_sine,1,0.3,30
4.5981,0.359757,0,-0.523599,0,0,0,0.371,-0.049,-0.483,0,0.323,0.006,-0.711,0.004,0.004,0.021,0.001,-0.036,-0.206719,0.676856,-0.637875,0,-1.039907,-0.01821,single_joint_sine,1,0.3,30
4.6015,0.357314,0,-0.523599,0,0,0,0.366,-0.049,-0.483,0,0.323,0.006,-0.72,0.004,0.004,0.021,0.001,-0.036,-0.223256,0.676856,-0.637875,0,-1.039907,-0.01821,single_joint_sine,1,0.3,30
4.605,0.354818,0,-0.523599,0,0,0,0.366,-0.049,-0.483,-0.001,0.323,0.006,-0.72,0,0,-0.019,-0.005,0.011,-0.223256,0.679219,-0.6237,0.031629,-1.038949,0.015335,single_joint_sine,1,0.3,30
4.6084,0.352343,0,-0.523599,0,0,0,0.361,-0.049,-0.483,0,0.323,0.006,-0.746,0,0,-0.007,0.007,0.011,-0.148837,0.679219,-0.6237,0.023961,-1.046616,0.015335,single_joint_sine,1,0.3,30
4.6118,0.34986,0,-0.523599,0,0,0,0.361,-0.049,-0.483,0,0.323,0.006,-0.746,0,0.002,-0.007,0.007,0.011,-0.148837,0.686306,-0.620156,0.023961,-1.046616,0.015335,single_joint_sine,1,0.3,30
4.6152,0.347359,0,-0.523599,0,0,0,0.361,-0.049,-0.483,0,0.323,0.006,-0.746,0,0.002,-0.007,0.007,-0.017,-0.148837,0.686306,-0.620156,0.023961,-1.046616,0.002875,single_joint_sine,1,0.3,30
4.6186,0.344841,0,-0.523599,0,0,0,0.356,-0.049,-0.483,-0.001,0.323,0.006,-0.73,0,0.002,-0.011,0.001,0,-0.270506,0.672131,-0.622519,0.052714,-1.084954,0.005751,single_joint_sine,1,0.3,30
4.622,0.342311,0,-0.523599,0,0,0,0.351,-0.049,-0.483,-0.001,0.323,0.006,-0.725,0,0,-0.017,0.001,0,-0.272869,0.681581,-0.63315,0.051756,-1.084954,0.005751,single_joint_sine,1,0.3,30
4.6256,0.339627,0,-0.523599,0,0,0,0.351,-0.049,-0.483,-0.001,0.324,0.006,-0.725,0,0,-0.017,0.18,0.023,-0.272869,0.681581,-0.63315,0.051756,-1.018822,-0.020127,single_joint_sine,1,0.3,30
4.629,0.337041,0,-0.523599,0,0,0,0.346,-0.049,-0.483,-0.001,0.324,0.006,-0.755,0,0,-0.017,0.044,0.023,-0.205538,0.681581,-0.63315,0.051756,-1.071536,-0.020127,single_joint_sine,1,0.3,30
4.6324,0.334474,0,-0.523599,0,0,0,0.346,-0.049,-0.483,-0.001,0.324,0.006,-0.755,0,0,-0.019,0.044,0.007,-0.205538,0.679219,-0.630787,0.021086,-1.071536,0.003834,single_joint_sine,1,0.3,30
4.6361,0.33167,0,-0.523599,0,0,0,0.346,-0.049,-0.483,-0.001,0.324,0.006,-0.755,0,0,-0.019,0.044,0.007,-0.205538,0.679219,-0.630787,0.021086,-1.071536,0.003834,single_joint_sine,1,0.3,30
4.6397,0.328902,0,-0.523599,0,0,0,0.341,-0.049,-0.483,-0.001,0.323,0.006,-0.736,-0.002,0,0.013,-0.055,0,-0.323662,0.682762,-0.630787,0.013418,-1.024572,0,single_joint_sine,1,0.3,30
4.6431,0.326284,0,-0.523599,0,0,0,0.335,-0.049,-0.483,-0.001,0.323,0.006,-0.758,-0.002,0,0.005,0.03,0,-0.309487,0.682762,-0.630787,0.003834,-1.072494,0,single_joint_sine,1,0.3,30
4.6465,0.323653,0,-0.523599,0,0,0,0.335,-0.049,-0.483,-0.001,0.323,0.006,-0.758,-0.002,0,0.005,0.03,0,-0.309487,0.682762,-0.630787,0.003834,-1.072494,0,single_joint_sine,1,0.3,30
4.6501,0.320822,0,-0.523599,0,0,0,0.335,-0.049,-0.483,-0.001,0.324,0.006,-0.758,-0.002,0.005,0.005,0.017,-0.001,-0.309487,0.6804,-0.637875,0.003834,-1.070577,-0.009584,single_joint_sine,1,0.3,30
4.6535,0.318165,0,-0.523599,0,0,0,0.33,-0.049,-0.483,0,0.324,0.006,-0.751,-0.001,0,-0.034,0.017,0.007,-0.339019,0.685125,-0.644962,0.03067,-1.070577,-0.007668,single_joint_sine,1,0.3,30
4.6569,0.315503,0,-0.523599,0,0,0,0.324,-0.049,-0.483,0,0.324,0.006,-0.785,-0.001,0.004,-0.034,0.017,0.007,-0.259875,0.685125,-0.639056,0.03067,-1.070577,-0.007668,single_joint_sine,1,0.3,30
4.6604,0.312733,0,-0.523599,0,0,0,0.324,-0.049,-0.483,-0.001,0.324,0.006,-0.785,-0.001,0.004,-0.003,0.015,0.007,-0.259875,0.685125,-0.639056,0.033545,-1.049492,-0.000958,single_joint_sine,1,0.3,30
4.6638,0.310036,0,-0.523599,0,0,0,0.319,-0.049,-0.483,-0.001,0.324,0.006,-0.781,0,0.004,-0.003,-0.021,0.007,-0.317756,0.686306,-0.639056,0.033545,-1.033198,-0.000958,single_joint_sine,1,0.3,30
4.6672,0.307332,0,-0.523599,0,0,0,0.319,-0.049,-0.483,-0.001,0.324,0.006,-0.781,0,0,-0.026,-0.021,-0.001,-0.317756,0.681581,-0.624881,0.04888,-1.033198,0.002875,single_joint_sine,1,0.3,30
4.6706,0.304616,0,-0.523599,0,0,0,0.319,-0.049,-0.483,-0.001,0.324,0.006,-0.781,0,0,-0.026,-0.021,-0.001,-0.317756,0.681581,-0.624881,0.04888,-1.033198,0.002875,single_joint_sine,1,0.3,30
4.6742,0.301747,0,-0.523599,0,0,0,0.314,-0.049,-0.483,-0.001,0.324,0.006,-0.789,-0.001,0.003,0.001,0,0.009,-0.289406,0.681581,-0.634331,0.028753,-1.060035,-0.004792,single_joint_sine,1,0.3,30
4.6776,0.298999,0,-0.523599,0,0,0,0.308,-0.049,-0.483,-0.001,0.324,0.006,-0.812,-0.001,0.003,-0.021,0.028,0.009,-0.252787,0.681581,-0.634331,0.028753,-1.06291,-0.004792,single_joint_sine,1,0.3,30
4.681,0.296187,0,-0.523599,0,0,0,0.308,-0.049,-0.483,-0.001,0.324,0.006,-0.812,-0.001,0.003,-0.021,0.028,0.009,-0.252787,0.681581,-0.634331,0.028753,-1.06291,-0.004792,single_joint_sine,1,0.3,30
4.6846,0.293265,0,-0.523599,0,0,0,0.308,-0.049,-0.483,-0.001,0.324,0.006,-0.812,0.001,0.001,-0.021,0,-0.017,-0.252787,0.674494,-0.627244,0.028753,-1.037991,0.004792,single_joint_sine,1,0.3,30
4.688,0.290479,0,-0.523599,0,0,0,0.302,-0.049,-0.483,-0.001,0.324,0.006,-0.817,0.002,-0.002,0,0,0.005,-0.218531,0.678037,-0.629606,0.046964,-1.037991,0.007668,single_joint_sine,1,0.3,30
4.6915,0.28764,0,-0.523599,0,0,0,0.297,-0.049,-0.483,-0.001,0.324,0.006,-0.815,0,-0.002,0,0,0.005,-0.304762,0.685125,-0.629606,0.046964,-1.037991,0.007668,single_joint_sine,1,0.3,30
4.695,0.284723,0,-0.523599,0,0,0,0.297,-0.049,-0.483,-0.001,0.324,0.006,-0.815,0,-0.007,-0.007,-0.007,0.005,-0.304762,0.685125,-0.644962,0.04888,-1.041824,0.004792,single_joint_sine,1,0.3,30
4.6984,0.281902,0,-0.523599,0,0,0,0.291,-0.049,-0.483,-0.001,0.324,0.006,-0.83,0,-0.007,-0.007,-0.013,0.005,-0.235069,0.685125,-0.644962,0.04888,-1.051409,0.004792,single_joint_sine,1,0.3,30
4.7018,0.27907,0,-0.523599,0,0,0,0.291,-0.049,-0.483,-0.001,0.324,0.006,-0.83,0,-0.007,-0.007,-0.013,0.005,-0.235069,0.685125,-0.644962,0.04888,-1.051409,0.004792,single_joint_sine,1,0.3,30
4.7052,0.276208,0,-0.523599,0,0,0,0.291,-0.049,-0.483,-0.001,0.324,0.006,-0.83,0,0,-0.015,-0.013,-0.013,-0.235069,0.687487,-0.637875,0.041213,-1.051409,-0.008626,single_joint_sine,1,0.3,30
4.7086,0.273353,0,-0.523599,0,0,0,0.285,-0.049,-0.483,-0.001,0.324,0.006,-0.824,-0.002,0,-0.04,0.026,0.009,-0.290587,0.669769,-0.639056,0.056548,-1.066744,-0.010543,single_joint_sine,1,0.3,30
4.712,0.270487,0,-0.523599,0,0,0,0.279,-0.049,-0.483,-0.001,0.324,0.006,-0.865,-0.002,0,0,0.026,0.009,-0.142931,0.669769,-0.639056,0.019169,-1.066744,-0.010543,single_joint_sine,1,0.3,30
4.7155,0.267514,0,-0.523599,0,0,0,0.279,-0.049,-0.483,-0.001,0.324,0.006,-0.865,-0.002,0,0,-0.005,0.009,-0.142931,0.669769,-0.639056,0.019169,-1.057159,-0.010543,single_joint_sine,1,0.3,30
4.7194,0.264231,0,-0.523599,0,0,0,0.279,-0.049,-0.483,-0.001,0.324,0.006,-0.865,-0.002,0,0,-0.005,0.003,-0.142931,0.674494,-0.639056,0.019169,-1.040866,0.002875,single_joint_sine,1,0.3,30
4.7228,0.261335,0,-0.523599,0,0,0,0.273,-0.049,-0.483,-0.001,0.324,0.006,-0.832,0.002,0,0,-0.005,0.003,-0.333112,0.678037,-0.616613,0.019169,-1.040866,0.002875,single_joint_sine,1,0.3,30
4.7263,0.258285,0,-0.523599,0,0,0,0.273,-0.049,-0.483,-0.001,0.324,0.007,-0.832,0.002,0,0.005,-0.005,0.076,-0.333112,0.678037,-0.616613,0,-1.040866,0.032587,single_joint_sine,1,0.3,30
4.7297,0.255368,0,-0.523599,0,0,0,0.267,-0.049,-0.483,-0.001,0.324,0.007,-0.895,-0.001,0,0.028,0.003,-0.038,-0.137025,0.676856,-0.655594,0,-1.047575,0.015335,single_joint_sine,1,0.3,30
4.7331,0.252435,0,-0.523599,0,0,0,0.261,-0.049,-0.483,-0.001,0.324,0.007,-0.832,-0.001,0,0.028,-0.003,-0.038,-0.317756,0.676856,-0.655594,0,-1.045658,0.015335,single_joint_sine,1,0.3,30
4.7365,0.249498,0,-0.523599,0,0,0,0.261,-0.049,-0.483,-0.001,0.324,0.007,-0.832,-0.001,0,0.028,-0.003,-0.038,-0.317756,0.672131,-0.655594,0,-1.045658,0.015335,single_joint_sine,1,0.3,30
4.7402,0.246243,0,-0.523599,0,0,0,0.261,-0.049,-0.483,-0.001,0.324,0.006,-0.832,-0.001,0.003,-0.003,-0.003,-0.017,-0.317756,0.672131,-0.646144,0.007668,-1.045658,-0.001917,single_joint_sine,1,0.3,30
4.7436,0.243276,0,-0.523599,0,0,0,0.255,-0.049,-0.483,-0.001,0.324,0.006,-0.888,0,0.003,0.005,0.005,0.013,-0.19845,0.674494,-0.6426,-0.004792,-1.045658,-0.015335,single_joint_sine,1,0.3,30
4.747,0.240302,0,-0.523599,0,0,0,0.249,-0.049,-0.483,-0.001,0.324,0.006,-0.858,0,0.003,0.032,0.003,0.013,-0.307125,0.674494,-0.6426,0.026836,-1.057159,-0.015335,single_joint_sine,1,0.3,30
4.7504,0.237323,0,-0.523599,0,0,0,0.249,-0.049,-0.483,-0.001,0.324,0.006,-0.858,0,0.003,0.032,0.003,0.013,-0.307125,0.674494,-0.6426,0.026836,-1.057159,-0.015335,single_joint_sine,1,0.3,30
4.7539,0.234266,0,-0.523599,0,0,0,0.249,-0.049,-0.483,-0.001,0.324,0.006,-0.858,0,-0.001,0.032,0.017,-0.04,-0.307125,0.674494,-0.629606,0.026836,-1.053326,0.008626,single_joint_sine,1,0.3,30
4.7573,0.231261,0,-0.523599,0,0,0,0.243,-0.049,-0.483,-0.001,0.324,0.006,-0.874,0.002,-0.003,0,0.017,-0.013,-0.271688,0.681581,-0.63315,0.036421,-1.053326,0.011501,single_joint_sine,1,0.3,30
4.7608,0.228205,0,-0.523599,0,0,0,0.243,-0.049,-0.483,-0.001,0.324,0.006,-0.874,0.002,-0.003,0,0.017,-0.013,-0.271688,0.681581,-0.63315,0.036421,-1.053326,0.011501,single_joint_sine,1,0.3,30
4.7643,0.225017,0,-0.523599,0,0,0,0.237,-0.049,-0.483,-0.001,0.324,0.006,-0.88,0,0,-0.011,0.021,0.005,-0.314213,0.691031,-0.630787,0.047922,-1.078245,0.003834,single_joint_sine,1,0.3,30
4.7677,0.221983,0,-0.523599,0,0,0,0.231,-0.049,-0.483,-0.001,0.324,0.006,-0.894,0,0,-0.011,0.023,0.005,-0.256331,0.691031,-0.630787,0.047922,-1.06291,0.003834,single_joint_sine,1,0.3,30
4.7711,0.218939,0,-0.523599,0,0,0,0.231,-0.049,-0.483,-0.001,0.324,0.006,-0.894,0,0,-0.011,0.023,0.005,-0.256331,0.691031,-0.630787,0.047922,-1.06291,0.003834,single_joint_sine,1,0.3,30
4.7748,0.215674,0,-0.523599,0,0,0,0.231,-0.049,-0.483,-0.001,0.324,0.006,-0.894,-0.003,0,-0.055,0.023,0.003,-0.256331,0.696937,-0.650869,0.067091,-1.06291,0.004792,single_joint_sine,1,0.3,30
4.7782,0.212612,0,-0.523599,0,0,0,0.224,-0.049,-0.483,-0.001,0.324,0.006,-0.878,0,0.005,-0.015,-0.003,-0.017,-0.350831,0.663863,-0.6426,0.020127,-1.010196,0.010543,single_joint_sine,1,0.3,30
4.7816,0.20949,0,-0.523599,0,0,0,0.218,-0.049,-0.483,-0.001,0.324,0.006,-0.922,0,-0.002,0.007,-0.003,-0.017,-0.181913,0.663863,-0.634331,0.036421,-1.010196,0.010543,single_joint_sine,1,0.3,30
4.7852,0.206255,0,-0.523599,0,0,0,0.218,-0.049,-0.483,-0.001,0.324,0.006,-0.922,0,-0.002,0.007,-0.003,-0.017,-0.181913,0.663863,-0.634331,0.036421,-1.040866,0.010543,single_joint_sine,1,0.3,30
4.7886,0.203166,0,-0.523599,0,0,0,0.218,-0.049,-0.483,-0.001,0.324,0.006,-0.922,0,-0.002,0.007,0.011,0.011,-0.181913,0.685125,-0.634331,0.036421,-1.06291,0,single_joint_sine,1,0.3,30
4.792,0.200077,0,-0.523599,0,0,0,0.212,-0.049,-0.483,-0.001,0.324,0.006,-0.871,0,-0.007,-0.001,0.011,0.011,-0.337837,0.674494,-0.636694,0.021086,-1.06291,0,single_joint_sine,1,0.3,30
4.7954,0.19693,0,-0.523599,0,0,0,0.212,-0.049,-0.483,-0.001,0.324,0.006,-0.871,0,-0.007,-0.001,0.011,0.021,-0.337837,0.674494,-0.636694,0.021086,-1.06291,0,single_joint_sine,1,0.3,30
4.7989,0.193732,0,-0.523599,0,0,0,0.205,-0.049,-0.483,-0.001,0.324,0.006,-0.916,0.002,0,0.011,0.024,0.009,-0.199631,0.679219,-0.6426,0.007668,-1.061952,-0.001917,single_joint_sine,1,0.3,30
4.8023,0.190611,0,-0.523599,0,0,0,0.199,-0.049,-0.483,-0.001,0.324,0.006,-0.92,0.002,0,0.011,0.003,0.009,-0.218531,0.679219,-0.6426,0.007668,-1.046616,-0.001917,single_joint_sine,1,0.3,30
4.8058,0.187439,0,-0.523599,0,0,0,0.199,-0.049,-0.483,-0.001,0.324,0.006,-0.92,0.002,0,0.011,0.003,0.009,-0.218531,0.679219,-0.6426,0.007668,-1.046616,-0.001917,single_joint_sine,1,0.3,30
4.8092,0.184257,0,-0.523599,0,0,0,0.199,-0.049,-0.483,-0.001,0.324,0.006,-0.92,-0.002,-0.005,0.005,0.003,0.028,-0.218531,0.685125,-0.63315,0.015335,-1.046616,0,single_joint_sine,1,0.3,30
4.8126,0.181113,0,-0.523599,0,0,0,0.193,-0.049,-0.483,-0.001,0.324,0.006,-0.89,-0.002,0,0.001,0.001,-0.005,-0.3402,0.686306,-0.643781,0.023961,-1.048533,0.020127,single_joint_sine,1,0.3,30
4.816,0.177969,0,-0.523599,0,0,0,0.193,-0.049,-0.483,-0.001,0.324,0.006,-0.89,-0.002,0,0.001,0.001,-0.005,-0.3402,0.686306,-0.643781,0.023961,-1.048533,0.020127,single_joint_sine,1,0.3,30
4.8197,0.174565,0,-0.523599,0,0,0,0.186,-0.049,-0.483,-0.001,0.324,0.006,-0.954,-0.002,-0.004,0.013,0.001,-0.005,-0.121669,0.686306,-0.630787,0.009584,-1.055242,0.020127,single_joint_sine,1,0.3,30
4.8231,0.171401,0,-0.523599,0,0,0,0.186,-0.049,-0.483,-0.001,0.324,0.006,-0.954,0.002,-0.004,0.013,0.011,-0.001,-0.121669,0.687487,-0.630787,0.009584,-1.058118,-0.007668,single_joint_sine,1,0.3,30
4.8265,0.168171,0,-0.523599,0,0,0,0.18,-0.049,-0.483,-0.001,0.324,0.006,-0.922,0.002,-0.004,0.013,0.011,-0.001,-0.252787,0.687487,-0.630787,0.009584,-1.058118,-0.007668,single_joint_sine,1,0.3,30
4.83,0.164936,0,-0.523599,0,0,0,0.18,-0.049,-0.483,-0.001,0.324,0.006,-0.922,-0.001,0,-0.011,0.011,0.007,-0.252787,0.678037,-0.631969,0.026836,-1.058118,-0.017252,single_joint_sine,1,0.3,30
4.8334,0.161747,0,-0.523599,0,0,0,0.173,-0.049,-0.483,-0.001,0.324,0.007,-0.937,-0.002,-0.002,-0.009,0.007,0.051,-0.248062,0.678037,-0.650869,0.015335,-1.05045,0.000958,single_joint_sine,1,0.3,30
4.8368,0.15856,0,-0.523599,0,0,0,0.166,-0.049,-0.483,-0.001,0.324,0.007,-0.955,-0.002,-0.002,-0.009,0.007,0.051,-0.246881,0.678037,-0.650869,0.015335,-1.05045,0.000958,single_joint_sine,1,0.3,30
4.8402,0.155368,0,-0.523599,0,0,0,0.166,-0.049,-0.483,-0.001,0.324,0.007,-0.955,-0.002,-0.002,-0.009,0.003,0.051,-0.246881,0.678037,-0.650869,0.015335,-1.045658,0.000958,single_joint_sine,1,0.3,30
4.8436,0.152161,0,-0.523599,0,0,0,0.166,-0.049,-0.483,-0.001,0.324,0.007,-0.955,0,0.002,0.028,0.003,-0.046,-0.246881,0.682762,-0.641419,0.006709,-1.045658,0.040254,single_joint_sine,1,0.3,30
4.847,0.148949,0,-0.523599,0,0,0,0.16,-0.049,-0.483,-0.001,0.324,0.007,-0.959,-0.001,0,0.001,-0.015,-0.046,-0.192544,0.685125,-0.640238,0.020127,-1.034157,0.040254,single_joint_sine,1,0.3,30
4.8504,0.145686,0,-0.523599,0,0,0,0.16,-0.049,-0.483,-0.001,0.324,0.006,-0.959,-0.001,0,0.001,-0.015,-0.074,-0.192544,0.685125,-0.640238,0.020127,-1.034157,0.025878,single_joint_sine,1,0.3,30
4.8539,0.142406,0,-0.523599,0,0,0,0.153,-0.049,-0.483,-0.001,0.324,0.006,-0.9,-0.001,0.002,0.003,-0.001,-0.074,-0.369731,0.685125,-0.631969,0.029712,-1.041824,0.025878,single_joint_sine,1,0.3,30
4.8573,0.139175,0,-0.523599,0,0,0,0.153,-0.049,-0.483,-0.001,0.324,0.006,-0.9,0.002,0.002,0.003,0.007,0.001,-0.369731,0.682762,-0.631969,0.029712,-1.053326,0,single_joint_sine,1,0.3,30
4.8607,0.135883,0,-0.523599,0,0,0,0.153,-0.049,-0.483,-0.001,0.324,0.006,-0.9,0.002,0.002,0.003,0.007,0.001,-0.369731,0.682762,-0.631969,0.029712,-1.053326,0,single_joint_sine,1,0.3,30
4.8645,0.13227,0,-0.523599,0,0,0,0.146,-0.049,-0.483,-0.001,0.324,0.006,-0.957,0,-0.001,-0.009,0.007,0.026,-0.214987,0.675675,-0.630787,0.023961,-1.053326,-0.006709,single_joint_sine,1,0.3,30
4.8679,0.129012,0,-0.523599,0,0,0,0.14,-0.049,-0.483,-0.001,0.324,0.006,-0.946,-0.001,0,0,-0.003,-0.001,-0.19845,0.688669,-0.6237,0.021086,-1.038949,0.007668,single_joint_sine,1,0.3,30
4.8713,0.125766,0,-0.523599,0,0,0,0.14,-0.049,-0.483,-0.001,0.324,0.006,-0.946,-0.001,0,0,-0.003,-0.001,-0.19845,0.688669,-0.6237,0.021086,-1.038949,0.007668,single_joint_sine,1,0.3,30
4.8749,0.12234,0,-0.523599,0,0,0,0.133,-0.049,-0.483,-0.001,0.324,0.006,-0.942,-0.001,0,0,-0.017,-0.001,-0.360281,0.688669,-0.6237,0.021086,-1.0447,0.007668,single_joint_sine,1,0.3,30
4.8783,0.119077,0,-0.523599,0,0,0,0.133,-0.049,-0.483,-0.001,0.324,0.006,-0.942,0,-0.002,0.007,-0.017,0.013,-0.360281,0.674494,-0.636694,0.017252,-1.0447,0,single_joint_sine,1,0.3,30
4.8817,0.115759,0,-0.523599,0,0,0,0.126,-0.049,-0.483,-0.001,0.324,0.006,-1,-0.001,0.002,-0.019,0.015,0.013,-0.161831,0.678037,-0.634331,0.035462,-1.064827,0,single_joint_sine,1,0.3,30
4.8854,0.112266,0,-0.523599,0,0,0,0.126,-0.049,-0.483,-0.001,0.324,0.006,-1,-0.001,0.002,-0.019,0.015,0.003,-0.161831,0.678037,-0.634331,0.035462,-1.064827,-0.007668,single_joint_sine,1,0.3,30
4.8888,0.108985,0,-0.523599,0,0,0,0.12,-0.049,-0.483,-0.001,0.324,0.006,-0.946,-0.001,0,0.001,0.003,0.003,-0.320119,0.678037,-0.635512,0.029712,-1.055242,-0.007668,single_joint_sine,1,0.3,30
4.8922,0.105701,0,-0.523599,0,0,0,0.12,-0.049,-0.483,-0.001,0.324,0.006,-0.946,0,0,0.001,-0.001,0.007,-0.320119,0.673312,-0.635512,0.029712,-1.037991,0,single_joint_sine,1,0.3,30
4.8956,0.102367,0,-0.523599,0,0,0,0.12,-0.049,-0.483,-0.001,0.324,0.006,-0.946,0,0,0.001,-0.001,0.007,-0.320119,0.673312,-0.635512,0.029712,-1.037991,0,single_joint_sine,1,0.3,30
4.8994,0.098686,0,-0.523599,0,0,0,0.113,-0.049,-0.483,-0.001,0.324,0.006,-0.974,0.001,-0.002,-0.011,-0.001,0.001,-0.278775,0.678037,-0.631969,0.026836,-1.037991,0.006709,single_joint_sine,1,0.3,30
4.9028,0.09539,0,-0.523599,0,0,0,0.106,-0.049,-0.483,-0.001,0.324,0.006,-0.963,0,-0.003,-0.013,-0.015,-0.007,-0.239794,0.685125,-0.630787,0.03067,-1.037032,0.005751,single_joint_sine,1,0.3,30
4.9063,0.09204,0,-0.523599,0,0,0,0.106,-0.049,-0.483,-0.001,0.324,0.006,-0.963,0,-0.003,-0.013,-0.015,-0.007,-0.239794,0.685125,-0.630787,0.03067,-1.037032,0.005751,single_joint_sine,1,0.3,30
4.9098,0.088631,0,-0.523599,0,0,0,0.099,-0.049,-0.483,-0.001,0.324,0.006,-0.982,0,-0.003,-0.013,0.005,-0.007,-0.213806,0.685125,-0.630787,0.03067,-1.059076,0.005751,single_joint_sine,1,0.3,30
4.9132,0.085322,0,-0.523599,0,0,0,0.099,-0.049,-0.483,-0.001,0.324,0.006,-0.982,0.001,-0.002,-0.001,0.005,-0.009,-0.213806,0.682762,-0.626062,0.033545,-1.059076,0,single_joint_sine,1,0.3,30
4.9166,0.082005,0,-0.523599,0,0,0,0.093,-0.049,-0.483,-0.001,0.324,0.006,-0.971,0.001,0,-0.001,0.005,-0.009,-0.210262,0.681581,-0.640238,0.033545,-1.059076,0,single_joint_sine,1,0.3,30
4.9202,0.078421,0,-0.523599,0,0,0,0.093,-0.049,-0.483,-0.001,0.324,0.006,-0.971,0.001,0,0.007,0.019,0.003,-0.210262,0.681581,-0.640238,0.019169,-1.06291,-0.003834,single_joint_sine,1,0.3,30
4.9236,0.075111,0,-0.523599,0,0,0,0.086,-0.049,-0.483,-0.001,0.324,0.006,-0.971,0.001,-0.001,0.009,0,0.003,-0.251606,0.681581,-0.628425,0.021086,-1.024572,-0.003834,single_joint_sine,1,0.3,30
4.927,0.071798,0,-0.523599,0,0,0,0.086,-0.049,-0.483,-0.001,0.324,0.006,-0.971,-0.002,-0.001,0.009,-0.024,0.003,-0.251606,0.685125,-0.628425,0.021086,-1.028406,0.001917,single_joint_sine,1,0.3,30
4.9305,0.068369,0,-0.523599,0,0,0,0.086,-0.049,-0.483,-0.001,0.324,0.006,-0.971,-0.002,-0.001,0.009,-0.024,0.003,-0.251606,0.685125,-0.628425,0.021086,-1.028406,0.001917,single_joint_sine,1,0.3,30
4.9346,0.064428,0,-0.523599,0,0,0,0.079,-0.049,-0.483,-0.001,0.324,0.006,-0.991,-0.002,0,0.013,-0.024,-0.019,-0.145294,0.681581,-0.646144,0.011501,-1.028406,0.01821,single_joint_sine,1,0.3,30
4.9379,0.06114,0,-0.523599,0,0,0,0.072,-0.049,-0.483,-0.001,0.324,0.006,-0.957,0.005,0,0.015,-0.021,-0.023,-0.308306,0.676856,-0.630787,0.003834,-1.025531,-0.005751,single_joint_sine,1,0.3,30
4.9414,0.057757,0,-0.523599,0,0,0,0.065,-0.049,-0.483,-0.001,0.324,0.006,-1.004,0.005,0,0.015,-0.021,-0.023,-0.227981,0.676856,-0.630787,0.003834,-1.025531,-0.005751,single_joint_sine,1,0.3,30
4.9449,0.054327,0,-0.523599,0,0,0,0.065,-0.049,-0.483,-0.001,0.323,0.006,-1.004,0.005,0,0.015,-0.061,-0.023,-0.227981,0.676856,-0.630787,0.003834,-0.924895,-0.005751,single_joint_sine,1,0.3,30
4.9483,0.050989,0,-0.523599,0,0,0,0.065,-0.049,-0.483,-0.001,0.323,0.006,-1.004,0,0.002,-0.013,-0.061,0.023,-0.227981,0.6804,-0.648506,0.042171,-0.924895,-0.024919,single_joint_sine,1,0.3,30
4.9517,0.047651,0,-0.523599,0,0,0,0.058,-0.049,-0.483,-0.001,0.323,0.006,-1.011,0,0.002,-0.013,-0.061,0.023,-0.163013,0.685125,-0.648506,0.042171,-0.924895,-0.024919,single_joint_sine,1,0.3,30
4.9552,0.044138,0,-0.523599,0,0,0,0.058,-0.049,-0.483,-0.001,0.323,0.006,-1.011,0,-0.004,0.013,-0.055,0.003,-0.163013,0.685125,-0.640238,0.035462,-0.998694,0.000958,single_joint_sine,1,0.3,30
4.9586,0.040794,0,-0.523599,0,0,0,0.051,-0.049,-0.483,-0.001,0.323,0.006,-0.964,0,0,-0.038,0.049,0.003,-0.326025,0.685125,-0.636694,0.04313,-1.055242,0.000958,single_joint_sine,1,0.3,30
4.962,0.037457,0,-0.523599,0,0,0,0.051,-0.049,-0.483,-0.001,0.323,0.006,-0.964,0,0,-0.038,0.017,-0.009,-0.326025,0.676856,-0.636694,0.04313,-1.063868,0.017252,single_joint_sine,1,0.3,30
4.9655,0.033991,0,-0.523599,0,0,0,0.051,-0.049,-0.483,-0.001,0.323,0.006,-0.964,0,0,-0.038,0.017,-0.009,-0.326025,0.676856,-0.636694,0.04313,-1.063868,0.017252,single_joint_sine,1,0.3,30
4.9697,0.029845,0,-0.523599,0,0,0,0.044,-0.049,-0.483,-0.001,0.323,0.006,-1.003,0,0.002,-0.009,0.017,-0.003,-0.242156,0.682762,-0.63315,0.021086,-1.063868,0,single_joint_sine,1,0.3,30
4.9731,0.026494,0,-0.523599,0,0,0,0.037,-0.049,-0.483,-0.001,0.323,0.006,-0.984,0.002,0,0.003,-0.04,-0.005,-0.270506,0.6804,-0.637875,0.017252,-1.029365,-0.134182,single_joint_sine,1,0.3,30
4.9766,0.023096,0,-0.523599,0,0,0,0.031,-0.049,-0.483,-0.001,0.323,0.006,-0.977,0.002,0,0.003,-0.04,-0.005,-0.249244,0.6804,-0.637875,0.017252,-1.029365,-0.134182,single_joint_sine,1,0.3,30
4.9802,0.019506,0,-0.523599,0,0,0,0.031,-0.049,-0.483,-0.001,0.323,0.006,-0.977,0.002,0,0.003,0.038,-0.005,-0.249244,0.6804,-0.637875,0.017252,-1.043741,-0.134182,single_joint_sine,1,0.3,30
4.9836,0.016152,0,-0.523599,0,0,0,0.031,-0.049,-0.483,-0.001,0.323,0.007,-0.977,0.001,0.001,-0.007,0.038,0,-0.249244,0.673312,-0.6426,0.021086,-1.043741,0.002875,single_joint_sine,1,0.3,30
4.987,0.012799,0,-0.523599,0,0,0,0.024,-0.049,-0.483,-0.001,0.323,0.007,-0.98,-0.001,0.002,0.013,0.015,0,-0.232706,0.686306,-0.627244,0.01821,-1.046616,0.002875,single_joint_sine,1,0.3,30
4.9904,0.009453,0,-0.523599,0,0,0,0.024,-0.049,-0.483,-0.001,0.323,0.006,-0.98,-0.001,0.002,0.013,0.015,-0.059,-0.232706,0.686306,-0.627244,0.01821,-1.046616,0.038338,single_joint_sine,1,0.3,30
4.9939,0.006041,0,-0.523599,0,0,0,0.017,-0.049,-0.483,-0.001,0.323,0.006,-0.998,-0.001,-0.004,-0.009,-0.011,-0.059,-0.272869,0.686306,-0.635512,0.028753,-1.058118,0.038338,single_joint_sine,1,0.3,30
4.9973,0.002686,0,-0.523599,0,0,0,0.017,-0.049,-0.483,-0.001,0.323,0.006,-0.998,0.002,-0.004,-0.009,0.026,0.003,-0.272869,0.67095,-0.635512,0.028753,-1.066744,0.001917,single_joint_sine,1,0.3,30
5.0007,-0.000718,0,-0.523599,0,0,0,0.017,-0.049,-0.483,-0.001,0.323,0.006,-0.998,0.002,-0.004,-0.009,0.026,0.003,-0.272869,0.67095,-0.635512,0.028753,-1.066744,0.001917,single_joint_sine,1,0.3,30
5.0044,-0.00432,0,-0.523599,0,0,0,0.01,-0.049,-0.483,-0.001,0.323,0.006,-1.002,0.001,-0.003,-0.009,0.026,-0.003,-0.145294,0.68985,-0.629606,0.027795,-1.066744,-0.011501,single_joint_sine,1,0.3,30
5.0078,-0.007676,0,-0.523599,0,0,0,0.003,-0.049,-0.483,-0.001,0.323,0.006,-0.973,-0.002,0.002,-0.007,0.078,-0.04,-0.269325,0.688669,-0.631969,0.024919,-1.06291,0.005751,single_joint_sine,1,0.3,30
5.0114,-0.011203,0,-0.523599,0,0,0,0.003,-0.049,-0.483,-0.001,0.323,0.006,-0.973,-0.002,0.002,-0.007,0.078,-0.04,-0.269325,0.688669,-0.631969,0.024919,-1.06291,0.005751,single_joint_sine,1,0.3,30
5.015,-0.014801,0,-0.523599,0,0,0,-0.003,-0.049,-0.483,-0.001,0.323,0.006,-1.01,-0.002,0.002,-0.007,0.028,-0.04,-0.193725,0.688669,-0.631969,0.024919,-1.058118,0.005751,single_joint_sine,1,0.3,30
5.0184,-0.018154,0,-0.523599,0,0,0,-0.003,-0.049,-0.483,-0.001,0.323,0.006,-1.01,0.003,0.002,0.003,0.028,0.001,-0.193725,0.673312,-0.6426,0.023961,-1.058118,0.027795,single_joint_sine,1,0.3,30
5.0218,-0.021505,0,-0.523599,0,0,0,-0.01,-0.049,-0.483,-0.001,0.323,0.006,-0.976,0,0.001,0.003,0.028,0.001,-0.168919,0.67095,-0.636694,0.023961,-1.058118,0.027795,single_joint_sine,1,0.3,30
5.0254,-0.025067,0,-0.523599,0,0,0,-0.01,-0.049,-0.483,-0.001,0.323,0.006,-0.976,0,0.001,0.028,0.003,-0.015,-0.168919,0.67095,-0.636694,0.039296,-1.038949,-0.001917,single_joint_sine,1,0.3,30
5.0288,-0.028419,0,-0.523599,0,0,0,-0.017,-0.049,-0.483,-0.001,0.323,0.006,-0.971,0,0.002,-0.024,0.013,-0.015,-0.272869,0.67095,-0.630787,0.033545,-1.051409,-0.001917,single_joint_sine,1,0.3,30
5.0322,-0.031761,0,-0.523599,0,0,0,-0.017,-0.049,-0.483,-0.001,0.323,0.006,-0.971,0,0.002,-0.024,-0.017,-0.007,-0.272869,0.678037,-0.630787,0.033545,-1.05045,0.000958,single_joint_sine,1,0.3,30
5.0356,-0.035103,0,-0.523599,0,0,0,-0.017,-0.049,-0.483,-0.001,0.323,0.006,-0.971,0,0.002,-0.024,-0.017,-0.007,-0.272869,0.678037,-0.630787,0.033545,-1.05045,0.000958,single_joint_sine,1,0.3,30
5.0391,-0.038508,0,-0.523599,0,0,0,-0.024,-0.049,-0.483,-0.001,0.323,0.006,-1.006,0,-0.001,-0.001,-0.017,0.007,-0.2268,0.676856,-0.631969,0.016293,-1.05045,0.005751,single_joint_sine,1,0.3,30
5.0425,-0.041853,0,-0.523599,0,0,0,-0.031,-0.049,-0.483,-0.001,0.323,0.006,-0.981,0.001,-0.001,0.003,-0.024,0.015,-0.261056,0.668588,-0.6426,0.015335,-1.035115,0.002875,single_joint_sine,1,0.3,30
5.0459,-0.04525,0,-0.523599,0,0,0,-0.031,-0.049,-0.483,-0.001,0.323,0.006,-0.981,0.001,-0.001,0.003,-0.024,0.015,-0.261056,0.668588,-0.6426,0.015335,-1.035115,0.002875,single_joint_sine,1,0.3,30
5.0494,-0.04864,0,-0.523599,0,0,0,-0.038,-0.049,-0.483,-0.001,0.323,0.006,-0.991,0.001,-0.001,0.003,0.007,0.015,-0.223256,0.668588,-0.6426,0.015335,-1.049492,0.002875,single_joint_sine,1,0.3,30
5.0528,-0.051979,0,-0.523599,0,0,0,-0.038,-0.049,-0.483,-0.001,0.323,0.006,-0.991,-0.002,-0.001,0.015,0.007,0,-0.223256,0.6804,-0.630787,0.014377,-1.049492,0.023003,single_joint_sine,1,0.3,30
5.0561,-0.055308,0,-0.523599,0,0,0,-0.038,-0.049,-0.483,-0.001,0.323,0.006,-0.991,-0.002,-0.001,0.015,0.007,0,-0.223256,0.6804,-0.630787,0.014377,-1.049492,0.023003,single_joint_sine,1,0.3,30
5.0597,-0.058761,0,-0.523599,0,0,0,-0.045,-0.049,-0.483,-0.001,0.323,0.006,-0.972,0,-0.004,0.009,-0.009,0,-0.285862,0.68985,-0.635512,0.023961,-1.048533,-0.009584,single_joint_sine,1,0.3,30
5.0631,-0.062095,0,-0.523599,0,0,0,-0.052,-0.049,-0.483,-0.001,0.323,0.006,-0.998,0,0.003,-0.009,0.026,0,-0.2457,0.68985,-0.640238,0.017252,-1.061952,-0.009584,single_joint_sine,1,0.3,30
5.0665,-0.065416,0,-0.523599,0,0,0,-0.052,-0.049,-0.483,-0.001,0.323,0.006,-0.998,0,0.003,-0.009,0.026,0,-0.2457,0.678037,-0.640238,0.017252,-1.061952,-0.009584,single_joint_sine,1,0.3,30
5.07,-0.068859,0,-0.523599,0,0,0,-0.052,-0.049,-0.483,-0.001,0.323,0.006,-0.998,0,0.003,-0.009,0,0.03,-0.2457,0.678037,-0.640238,0.017252,-1.047575,-0.035462,single_joint_sine,1,0.3,30
5.0734,-0.072185,0,-0.523599,0,0,0,-0.058,-0.049,-0.483,-0.001,0.323,0.007,-0.99,0.002,0.001,0.001,0,0.028,-0.204356,0.674494,-0.626062,0.025878,-1.047575,-0.011501,single_joint_sine,1,0.3,30
5.0768,-0.075498,0,-0.523599,0,0,0,-0.058,-0.049,-0.483,-0.001,0.323,0.007,-0.99,0.002,0.001,0.001,0,0.028,-0.204356,0.674494,-0.626062,0.025878,-1.047575,-0.011501,single_joint_sine,1,0.3,30
5.0802,-0.078827,0,-0.523599,0,0,0,-0.065,-0.049,-0.483,-0.001,0.323,0.006,-0.967,0.001,0.004,-0.011,0.023,0.007,-0.342562,0.665044,-0.6426,0.05559,-1.058118,0.016293,single_joint_sine,1,0.3,30
5.0836,-0.082141,0,-0.523599,0,0,0,-0.072,-0.049,-0.483,-0.001,0.323,0.006,-1,0.001,0.004,-0.011,-0.032,0.007,-0.127575,0.665044,-0.6426,0.05559,-1.046616,0.016293,single_joint_sine,1,0.3,30
5.087,-0.085452,0,-0.523599,0,0,0,-0.072,-0.049,-0.483,-0.001,0.323,0.006,-1,0,0,-0.017,-0.032,0.007,-0.127575,0.682762,-0.6426,0.024919,-1.046616,0.016293,single_joint_sine,1,0.3,30
5.0904,-0.088808,0,-0.523599,0,0,0,-0.072,-0.049,-0.483,-0.001,0.323,0.006,-1,0,0,-0.017,-0.032,-0.024,-0.127575,0.682762,-0.6426,0.024919,-1.046616,0.009584,single_joint_sine,1,0.3,30
5.0938,-0.092112,0,-0.523599,0,0,0,-0.079,-0.049,-0.483,-0.001,0.323,0.006,-0.968,0,0,0.009,-0.009,0.011,-0.220894,0.685125,-0.635512,0.022044,-1.038949,-0.013418,single_joint_sine,1,0.3,30
5.0972,-0.095413,0,-0.523599,0,0,0,-0.086,-0.049,-0.483,-0.001,0.323,0.006,-0.939,0,0,0.011,0,0.011,-0.310669,0.685125,-0.635512,0.022044,-1.043741,-0.013418,single_joint_sine,1,0.3,30
5.1007,-0.098757,0,-0.523599,0,0,0,-0.086,-0.049,-0.483,-0.001,0.323,0.006,-0.939,0,0,0.011,0,0.011,-0.310669,0.685125,-0.635512,0.022044,-1.043741,-0.013418,single_joint_sine,1,0.3,30
5.1044,-0.102421,0,-0.523599,0,0,0,-0.093,-0.049,-0.483,-0.001,0.323,0.006,-1.004,0,-0.001,0.011,0.028,0.009,-0.115762,0.672131,-0.637875,0.022044,-1.041824,0.08626,single_joint_sine,1,0.3,30
5.1078,-0.105709,0,-0.523599,0,0,0,-0.093,-0.049,-0.483,-0.001,0.323,0.006,-1.004,0,-0.002,0.017,0.028,-0.021,-0.115762,0.67095,-0.644962,0.029712,-1.041824,-0.003834,single_joint_sine,1,0.3,30
5.1112,-0.108983,0,-0.523599,0,0,0,-0.093,-0.049,-0.483,-0.001,0.323,0.006,-1.004,0,-0.002,0.017,0.028,-0.021,-0.115762,0.67095,-0.644962,0.029712,-1.041824,-0.003834,single_joint_sine,1,0.3,30
5.1149,-0.112554,0,-0.523599,0,0,0,-0.099,-0.049,-0.483,-0.001,0.323,0.006,-0.968,0.001,0,-0.028,-0.011,0.015,-0.251606,0.669769,-0.644962,0.035462,-1.028406,-0.01246,single_joint_sine,1,0.3,30
5.1183,-0.115819,0,-0.523599,0,0,0,-0.106,-0.049,-0.483,-0.001,0.323,0.006,-0.959,0.001,0,-0.028,0.015,0.015,-0.222075,0.669769,-0.644962,0.035462,-1.053326,-0.01246,single_joint_sine,1,0.3,30
5.1217,-0.11908,0,-0.523599,0,0,0,-0.106,-0.049,-0.483,-0.001,0.323,0.006,-0.959,0,-0.003,-0.028,0.015,0.015,-0.222075,0.686306,-0.637875,0.035462,-1.053326,-0.01246,single_joint_sine,1,0.3,30
5.1252,-0.122419,0,-0.523599,0,0,0,-0.106,-0.049,-0.483,-0.001,0.323,0.006,-0.959,0,-0.003,0.011,0.015,-0.001,-0.222075,0.686306,-0.637875,0.01821,-1.053326,0.003834,single_joint_sine,1,0.3,30
5.1287,-0.125733,0,-0.523599,0,0,0,-0.113,-0.049,-0.483,-0.001,0.323,0.006,-0.967,-0.001,0.005,-0.007,0.024,0.001,-0.256331,0.688669,-0.643781,0.017252,-1.054284,0,single_joint_sine,1,0.3,30
5.132,-0.128981,0,-0.523599,0,0,0,-0.12,-0.049,-0.483,-0.001,0.323,0.006,-0.979,-0.001,-0.004,-0.007,0.024,0.001,-0.178369,0.688669,-0.631969,0.017252,-1.054284,0,single_joint_sine,1,0.3,30
5.1356,-0.132362,0,-0.523599,0,0,0,-0.12,-0.049,-0.483,-0.001,0.323,0.006,-0.979,-0.001,-0.004,0.011,-0.003,0.001,-0.178369,0.688669,-0.631969,0.016293,-1.041824,0,single_joint_sine,1,0.3,30
5.1394,-0.135978,0,-0.523599,0,0,0,-0.126,-0.049,-0.483,-0.001,0.323,0.006,-0.937,0,-0.004,0.011,0.023,0.001,-0.2268,0.679219,-0.631969,0.016293,-1.056201,0.006709,single_joint_sine,1,0.3,30
5.1428,-0.139214,0,-0.523599,0,0,0,-0.126,-0.049,-0.483,-0.001,0.323,0.006,-0.937,0.001,0.002,0.007,0.023,-0.003,-0.2268,0.679219,-0.6426,0.029712,-1.056201,0,single_joint_sine,1,0.3,30
5.1462,-0.142437,0,-0.523599,0,0,0,-0.126,-0.049,-0.483,-0.001,0.323,0.006,-0.937,0.001,0.002,0.007,0.023,-0.003,-0.2268,0.679219,-0.6426,0.029712,-1.056201,0,single_joint_sine,1,0.3,30
5.1497,-0.14583,0,-0.523599,0,0,0,-0.133,-0.049,-0.483,-0.001,0.323,0.006,-0.947,0,0,0.001,0.015,0,-0.251606,0.683944,-0.629606,0.023003,-1.058118,-0.002875,single_joint_sine,1,0.3,30
5.1531,-0.149047,0,-0.523599,0,0,0,-0.14,-0.049,-0.483,-0.001,0.324,0.006,-0.957,0,0,0.001,0.028,0,-0.161831,0.683944,-0.629606,0.023003,-1.057159,-0.002875,single_joint_sine,1,0.3,30
5.1566,-0.152304,0,-0.523599,0,0,0,-0.14,-0.049,-0.483,-0.001,0.324,0.006,-0.957,0,0,0,0.028,0,-0.161831,0.679219,-0.635512,0.024919,-1.057159,-0.002875,single_joint_sine,1,0.3,30
5.1604,-0.155896,0,-0.523599,0,0,0,-0.14,-0.049,-0.483,-0.001,0.324,0.006,-0.957,0,0,0,0.028,-0.001,-0.161831,0.679219,-0.635512,0.024919,-1.057159,0,single_joint_sine,1,0.3,30
5.1638,-0.159096,0,-0.523599,0,0,0,-0.146,-0.049,-0.483,-0.001,0.324,0.006,-0.928,0.002,0,0,-0.001,0.001,-0.314213,0.682762,-0.6426,0.035462,-1.029365,0.019169,single_joint_sine,1,0.3,30
5.1672,-0.162289,0,-0.523599,0,0,0,-0.153,-0.049,-0.483,-0.001,0.323,0.006,-0.985,0.002,0,-0.011,-0.03,0.001,-0.155925,0.682762,-0.636694,0.03067,-1.040866,0.019169,single_joint_sine,1,0.3,30
5.1707,-0.165555,0,-0.523599,0,0,0,-0.153,-0.049,-0.483,-0.001,0.323,0.006,-0.985,0.002,0,-0.011,-0.03,0.001,-0.155925,0.682762,-0.636694,0.03067,-1.040866,0.019169,single_joint_sine,1,0.3,30
5.1744,-0.169059,0,-0.523599,0,0,0,-0.159,-0.049,-0.483,-0.001,0.323,0.006,-0.923,0.001,0,-0.011,0,-0.013,-0.2646,0.681581,-0.636694,0.03067,-1.042783,0.020127,single_joint_sine,1,0.3,30
5.1778,-0.172231,0,-0.523599,0,0,0,-0.159,-0.049,-0.483,-0.001,0.323,0.006,-0.923,0.002,0.005,-0.009,0,0,-0.2646,0.673312,-0.650869,0.032587,-1.042783,-0.017252,single_joint_sine,1,0.3,30
5.1813,-0.175441,0,-0.523599,0,0,0,-0.159,-0.049,-0.483,-0.001,0.323,0.006,-0.923,0.002,0.005,-0.009,0,0,-0.2646,0.673312,-0.650869,0.032587,-1.042783,-0.017252,single_joint_sine,1,0.3,30
5.1848,-0.1787,0,-0.523599,0,0,0,-0.166,-0.049,-0.483,-0.001,0.323,0.006,-0.949,0.001,0.004,-0.005,0.051,0.005,-0.194906,0.686306,-0.639056,0.038338,-1.071536,-0.005751,single_joint_sine,1,0.3,30
5.1882,-0.181849,0,-0.523599,0,0,0,-0.173,-0.049,-0.483,-0.001,0.323,0.006,-0.919,0.001,0.004,-0.005,-0.036,0.005,-0.194906,0.686306,-0.639056,0.038338,-1.045658,-0.005751,single_joint_sine,1,0.3,30
5.1916,-0.184983,0,-0.523599,0,0,0,-0.173,-0.049,-0.483,-0.001,0.323,0.006,-0.919,0,0.002,-0.005,-0.036,0.005,-0.194906,0.683944,-0.641419,0.038338,-1.045658,-0.005751,single_joint_sine,1,0.3,30
5.1951,-0.188224,0,-0.523599,0,0,0,-0.173,-0.049,-0.483,-0.001,0.323,0.006,-0.919,0,0.002,-0.005,-0.036,-0.009,-0.194906,0.683944,-0.641419,0.022044,-1.045658,-0.000958,single_joint_sine,1,0.3,30
5.1985,-0.191351,0,-0.523599,0,0,0,-0.179,-0.049,-0.483,-0.001,0.323,0.006,-0.94,-0.002,0,-0.001,0.013,0.013,-0.19845,0.681581,-0.637875,0.026836,-1.056201,0.011501,single_joint_sine,1,0.3,30
5.2019,-0.194469,0,-0.523599,0,0,0,-0.185,-0.049,-0.483,-0.001,0.323,0.006,-0.913,-0.002,0,-0.001,0.013,0.013,-0.229162,0.681581,-0.637875,0.026836,-1.056201,0.011501,single_joint_sine,1,0.3,30
5.2053,-0.197623,0,-0.523599,0,0,0,-0.185,-0.049,-0.483,-0.001,0.323,0.006,-0.913,-0.002,-0.006,0.001,0.009,0.013,-0.229162,0.681581,-0.628425,0.029712,-1.074411,0.011501,single_joint_sine,1,0.3,30
5.2087,-0.200723,0,-0.523599,0,0,0,-0.192,-0.049,-0.483,-0.001,0.324,0.006,-0.925,0,-0.006,0.001,0.032,-0.001,-0.235069,0.681581,-0.628425,0.029712,-1.092622,-0.046964,single_joint_sine,1,0.3,30
5.2121,-0.203817,0,-0.523599,0,0,0,-0.192,-0.049,-0.483,-0.001,0.324,0.006,-0.925,0,0.002,-0.007,0.032,-0.001,-0.235069,0.676856,-0.628425,0.004792,-1.092622,-0.046964,single_joint_sine,1,0.3,30
5.2157,-0.207062,0,-0.523599,0,0,0,-0.192,-0.049,-0.483,-0.001,0.324,0.006,-0.925,0,0.002,-0.007,0.032,0.007,-0.235069,0.676856,-0.628425,0.004792,-1.092622,0.002875,single_joint_sine,1,0.3,30
5.2192,-0.21022,0,-0.523599,0,0,0,-0.198,-0.049,-0.483,-0.001,0.324,0.006,-0.911,-0.004,-0.002,0.017,0.017,-0.021,-0.145294,0.682762,-0.629606,0.021086,-1.055242,0.007668,single_joint_sine,1,0.3,30
5.2226,-0.213289,0,-0.523599,0,0,0,-0.205,-0.049,-0.483,-0.001,0.324,0.006,-0.888,-0.004,-0.002,0.017,0.001,-0.021,-0.336656,0.682762,-0.629606,0.021086,-1.06291,0.007668,single_joint_sine,1,0.3,30
5.226,-0.21635,0,-0.523599,0,0,0,-0.205,-0.049,-0.483,-0.001,0.324,0.006,-0.888,-0.004,-0.002,0.017,0.001,-0.021,-0.336656,0.682762,-0.629606,0.021086,-1.06291,0.007668,single_joint_sine,1,0.3,30
5.2298,-0.219757,0,-0.523599,0,0,0,-0.205,-0.049,-0.483,-0.001,0.324,0.006,-0.888,0,0.008,0.001,0.001,0.007,-0.336656,0.673312,-0.630787,0.021086,-1.06291,0.015335,single_joint_sine,1,0.3,30
5.2332,-0.222797,0,-0.523599,0,0,0,-0.211,-0.049,-0.483,-0.001,0.324,0.007,-0.916,-0.001,0,0.001,-0.023,0.069,-0.124031,0.683944,-0.6426,0.026836,-1.037032,0.010543,single_joint_sine,1,0.3,30
5.2366,-0.22588,0,-0.523599,0,0,0,-0.217,-0.049,-0.483,-0.001,0.324,0.007,-0.887,-0.001,0.003,0.04,-0.023,0.069,-0.258694,0.683944,-0.634331,-0.001917,-1.037032,0.010543,single_joint_sine,1,0.3,30
5.2402,-0.22904,0,-0.523599,0,0,0,-0.217,-0.049,-0.483,-0.001,0.324,0.007,-0.887,-0.001,0.003,0.04,0.001,0.069,-0.258694,0.683944,-0.634331,-0.001917,-1.056201,0.010543,single_joint_sine,1,0.3,30
5.2436,-0.232053,0,-0.523599,0,0,0,-0.224,-0.049,-0.483,-0.001,0.324,0.006,-0.886,0,0.003,0.04,0.003,-0.009,-0.201994,0.682762,-0.634331,-0.001917,-1.053326,0.014377,single_joint_sine,1,0.3,30
5.247,-0.235054,0,-0.523599,0,0,0,-0.224,-0.049,-0.483,-0.001,0.324,0.006,-0.886,0,0.002,0.005,0.003,-0.009,-0.201994,0.6804,-0.631969,0.017252,-1.053326,0.014377,single_joint_sine,1,0.3,30
5.2504,-0.238089,0,-0.523599,0,0,0,-0.224,-0.049,-0.483,-0.001,0.324,0.006,-0.886,0,0.002,0.005,0.003,-0.013,-0.201994,0.6804,-0.631969,0.017252,-1.053326,-0.010543,single_joint_sine,1,0.3,30
5.2539,-0.241124,0,-0.523599,0,0,0,-0.23,-0.049,-0.483,-0.001,0.324,0.006,-0.884,0.002,-0.004,0.001,-0.005,-0.001,-0.183094,0.672131,-0.63315,0.041213,-1.038949,-0.004792,single_joint_sine,1,0.3,30
5.2573,-0.244097,0,-0.523599,0,0,0,-0.236,-0.049,-0.483,-0.001,0.324,0.006,-0.872,0.002,-0.004,0.001,-0.007,-0.001,-0.197269,0.672131,-0.63315,0.041213,-1.045658,-0.004792,single_joint_sine,1,0.3,30
5.2607,-0.2471,0,-0.523599,0,0,0,-0.236,-0.049,-0.483,-0.001,0.324,0.006,-0.872,0.002,-0.004,0.001,-0.007,-0.001,-0.197269,0.672131,-0.63315,0.041213,-1.045658,-0.004792,single_joint_sine,1,0.3,30
5.2644,-0.250306,0,-0.523599,0,0,0,-0.236,-0.049,-0.483,-0.001,0.324,0.006,-0.872,-0.002,-0.001,-0.001,-0.007,-0.024,-0.197269,0.6804,-0.635512,0.01246,-1.045658,0.009584,single_joint_sine,1,0.3,30
5.2678,-0.253248,0,-0.523599,0,0,0,-0.242,-0.049,-0.483,-0.001,0.324,0.006,-0.876,0,0,-0.001,0.032,-0.015,-0.199631,0.674494,-0.636694,0.044088,-1.219136,0.000958,single_joint_sine,1,0.3,30
5.2712,-0.256179,0,-0.523599,0,0,0,-0.242,-0.049,-0.483,-0.001,0.324,0.006,-0.876,0,0,-0.001,0.032,-0.015,-0.199631,0.674494,-0.636694,0.044088,-1.219136,0.000958,single_joint_sine,1,0.3,30
5.2747,-0.259179,0,-0.523599,0,0,0,-0.248,-0.049,-0.483,-0.001,0.324,0.006,-0.873,0,0.001,-0.013,0.005,-0.015,-0.173644,0.674494,-0.639056,0.01821,-1.028406,0.000958,single_joint_sine,1,0.3,30
5.2781,-0.262089,0,-0.523599,0,0,0,-0.254,-0.049,-0.483,-0.001,0.324,0.006,-0.853,-0.002,0.001,-0.013,0,0.003,-0.183094,0.672131,-0.639056,0.01821,-1.029365,-0.005751,single_joint_sine,1,0.3,30
5.2816,-0.265076,0,-0.523599,0,0,0,-0.254,-0.049,-0.483,-0.001,0.324,0.006,-0.853,-0.003,0.005,-0.013,0,0.003,-0.183094,0.675675,-0.629606,0.01821,-1.029365,-0.005751,single_joint_sine,1,0.3,30
5.2851,-0.268024,0,-0.523599,0,0,0,-0.254,-0.049,-0.483,-0.001,0.324,0.006,-0.853,-0.003,0.005,0.017,0,0,-0.183094,0.675675,-0.629606,0.008626,-1.029365,-0.01821,single_joint_sine,1,0.3,30
5.2885,-0.270901,0,-0.523599,0,0,0,-0.26,-0.049,-0.483,-0.001,0.324,0.006,-0.875,0,0.002,0.009,-0.003,0.015,-0.161831,0.68985,-0.631969,0.014377,-1.037991,-0.002875,single_joint_sine,1,0.3,30
5.2919,-0.273759,0,-0.523599,0,0,0,-0.266,-0.049,-0.483,-0.001,0.324,0.006,-0.852,0,0.002,0.009,-0.003,0.015,-0.105131,0.68985,-0.631969,0.014377,-1.037991,-0.002875,single_joint_sine,1,0.3,30
5.2953,-0.276606,0,-0.523599,0,0,0,-0.266,-0.049,-0.483,-0.001,0.324,0.006,-0.852,0,0.002,0.015,0,0.015,-0.105131,0.68985,-0.631969,0.009584,-1.059076,-0.002875,single_joint_sine,1,0.3,30
5.2987,-0.279449,0,-0.523599,0,0,0,-0.266,-0.049,-0.483,-0.001,0.324,0.006,-0.852,0.001,-0.001,0.015,0,-0.005,-0.105131,0.6804,-0.627244,0.009584,-1.059076,-0.001917,single_joint_sine,1,0.3,30
5.3021,-0.28228,0,-0.523599,0,0,0,-0.272,-0.049,-0.483,-0.001,0.324,0.006,-0.846,0,-0.001,0.011,0.013,0.028,-0.165375,0.678037,-0.635512,0.016293,-1.06291,-0.023961,single_joint_sine,1,0.3,30
5.3055,-0.285151,0,-0.523599,0,0,0,-0.272,-0.049,-0.483,-0.001,0.324,0.006,-0.846,0,-0.001,0.011,0.013,0.028,-0.165375,0.678037,-0.635512,0.016293,-1.06291,-0.023961,single_joint_sine,1,0.3,30
5.3089,-0.287945,0,-0.523599,0,0,0,-0.278,-0.049,-0.483,-0.001,0.324,0.006,-0.847,0,0,0.007,0.019,0.028,-0.111037,0.678037,-0.6426,0.019169,-1.060993,-0.023961,single_joint_sine,1,0.3,30
5.3123,-0.290741,0,-0.523599,0,0,0,-0.284,-0.049,-0.483,-0.001,0.324,0.006,-0.813,0,0,0.007,0.009,0.011,-0.281137,0.678037,-0.6426,0.019169,-1.039907,0,single_joint_sine,1,0.3,30
5.3157,-0.293519,0,-0.523599,0,0,0,-0.284,-0.049,-0.483,-0.001,0.324,0.006,-0.813,0,0,0.007,0.009,0.011,-0.281137,0.678037,-0.6426,0.019169,-1.039907,0,single_joint_sine,1,0.3,30
5.3194,-0.296494,0,-0.523599,0,0,0,-0.284,-0.049,-0.483,-0.001,0.324,0.006,-0.813,0,0.002,-0.001,0.009,-0.024,-0.281137,0.686306,-0.646144,0.023961,-1.039907,0.009584,single_joint_sine,1,0.3,30
5.3228,-0.299253,0,-0.523599,0,0,0,-0.29,-0.049,-0.483,-0.001,0.324,0.006,-0.817,0.001,-0.003,-0.03,-0.026,0.003,-0.095681,0.673312,-0.639056,0.044088,-1.040866,0.001917,single_joint_sine,1,0.3,30
5.3261,-0.301992,0,-0.523599,0,0,0,-0.29,-0.049,-0.483,-0.001,0.324,0.006,-0.817,0.001,-0.003,-0.03,-0.026,0.003,-0.095681,0.673312,-0.639056,0.044088,-1.040866,0.001917,single_joint_sine,1,0.3,30
5.3296,-0.304764,0,-0.523599,0,0,0,-0.295,-0.049,-0.483,-0.001,0.324,0.006,-0.79,0.001,-0.003,0.005,-0.007,0.003,-0.232706,0.673312,-0.639056,0.029712,-1.047575,0.001917,single_joint_sine,1,0.3,30
5.333,-0.307485,0,-0.523599,0,0,0,-0.295,-0.049,-0.483,-0.001,0.324,0.006,-0.79,-0.002,0,0.005,-0.007,0.021,-0.232706,0.675675,-0.630787,0.029712,-1.047575,-0.021086,single_joint_sine,1,0.3,30
5.3364,-0.310241,0,-0.523599,0,0,0,-0.295,-0.049,-0.483,-0.001,0.324,0.006,-0.79,-0.002,0,0.005,-0.007,0.021,-0.232706,0.675675,-0.630787,0.029712,-1.047575,-0.021086,single_joint_sine,1,0.3,30
5.3401,-0.313145,0,-0.523599,0,0,0,-0.301,-0.049,-0.483,-0.001,0.324,0.006,-0.823,0,-0.005,-0.005,0.003,0.036,-0.145294,0.667406,-0.643781,0.022044,-1.059076,-0.010543,single_joint_sine,1,0.3,30
5.3435,-0.315826,0,-0.523599,0,0,0,-0.307,-0.049,-0.483,-0.001,0.324,0.006,-0.785,0,0,-0.005,0.001,0.007,-0.224437,0.667406,-0.634331,0.019169,-1.057159,0.006709,single_joint_sine,1,0.3,30
5.3469,-0.318488,0,-0.523599,0,0,0,-0.312,-0.049,-0.483,-0.001,0.324,0.006,-0.778,-0.002,0,-0.005,-0.001,0.007,-0.152381,0.698119,-0.634331,0.019169,-1.056201,0.006709,single_joint_sine,1,0.3,30
5.3504,-0.321223,0,-0.523599,0,0,0,-0.312,-0.049,-0.483,-0.001,0.324,0.006,-0.778,-0.002,0,-0.005,-0.001,0.007,-0.152381,0.698119,-0.634331,0.019169,-1.056201,0.006709,single_joint_sine,1,0.3,30
5.3539,-0.323932,0,-0.523599,0,0,0,-0.312,-0.049,-0.483,-0.001,0.324,0.006,-0.778,-0.004,-0.003,-0.019,-0.001,-0.021,-0.152381,0.6804,-0.654412,0.04313,-1.056201,0.007668,single_joint_sine,1,0.3,30
5.3573,-0.326561,0,-0.523599,0,0,0,-0.318,-0.049,-0.483,-0.001,0.324,0.006,-0.8,0,0.003,0.003,0.015,-0.072,-0.144112,0.68985,-0.635512,0.027795,-1.066744,-0.032587,single_joint_sine,1,0.3,30
5.3607,-0.329214,0,-0.523599,0,0,0,-0.318,-0.049,-0.483,-0.001,0.324,0.006,-0.8,0,0.003,0.003,0.015,-0.072,-0.144112,0.68985,-0.635512,0.027795,-1.066744,-0.032587,single_joint_sine,1,0.3,30
5.3644,-0.331995,0,-0.523599,0,0,0,-0.323,-0.049,-0.483,-0.001,0.324,0.006,-0.744,0,0.003,-0.026,0.005,-0.072,-0.271688,0.68985,-0.635512,0.050797,-1.048533,-0.032587,single_joint_sine,1,0.3,30
5.3678,-0.334582,0,-0.523599,0,0,0,-0.323,-0.049,-0.483,-0.001,0.324,0.006,-0.744,0,-0.003,-0.026,0.005,0.024,-0.271688,0.68985,-0.6426,0.050797,-1.048533,0,single_joint_sine,1,0.3,30
5.3711,-0.33715,0,-0.523599,0,0,0,-0.323,-0.049,-0.483,-0.001,0.324,0.006,-0.744,0,-0.003,-0.026,0.005,0.024,-0.271688,0.68985,-0.6426,0.050797,-1.048533,0,single_joint_sine,1,0.3,30
5.3747,-0.339827,0,-0.523599,0,0,0,-0.328,-0.049,-0.483,-0.001,0.324,0.006,-0.783,0,0,0.007,-0.001,0.001,-0.116944,0.682762,-0.644962,0.041213,-1.026489,0.003834,single_joint_sine,1,0.3,30
5.3781,-0.342372,0,-0.523599,0,0,0,-0.334,-0.049,-0.483,-0.001,0.324,0.006,-0.746,0,-0.003,0,-0.023,0.007,-0.216169,0.682762,-0.636694,0.037379,-1.040866,0.001917,single_joint_sine,1,0.3,30
5.3815,-0.344896,0,-0.523599,0,0,0,-0.339,-0.049,-0.483,-0.001,0.324,0.006,-0.782,0,-0.003,0,-0.023,0.007,-0.0756,0.675675,-0.636694,0.037379,-1.040866,0.001917,single_joint_sine,1,0.3,30
5.385,-0.347473,0,-0.523599,0,0,0,-0.339,-0.049,-0.483,-0.001,0.324,0.006,-0.782,0,-0.003,0,0.003,0.007,-0.0756,0.675675,-0.636694,0.037379,-1.069619,0.001917,single_joint_sine,1,0.3,30
5.3884,-0.349976,0,-0.523599,0,0,0,-0.339,-0.049,-0.483,-0.001,0.324,0.006,-0.782,0.001,0,-0.003,0.003,0.021,-0.0756,0.681581,-0.636694,0.023003,-1.069619,-0.006709,single_joint_sine,1,0.3,30
5.3918,-0.352464,0,-0.523599,0,0,0,-0.344,-0.049,-0.483,-0.001,0.324,0.006,-0.729,0.003,0,-0.003,0.003,0.021,-0.263419,0.672131,-0.636694,0.023003,-1.069619,-0.006709,single_joint_sine,1,0.3,30
5.3953,-0.355047,0,-0.523599,0,0,0,-0.344,-0.049,-0.483,-0.001,0.324,0.006,-0.729,0.003,-0.003,-0.007,0.011,0.017,-0.263419,0.672131,-0.634331,-0.001917,-1.048533,0.005751,single_joint_sine,1,0.3,30
5.3987,-0.357506,0,-0.523599,0,0,0,-0.35,-0.049,-0.483,-0.001,0.324,0.006,-0.76,0.003,-0.003,0.011,0.005,0.017,-0.050794,0.672131,-0.634331,0.034504,-1.031281,0.005751,single_joint_sine,1,0.3,30
5.4021,-0.359949,0,-0.523599,0,0,0,-0.35,-0.049,-0.483,-0.001,0.324,0.006,-0.76,0.004,0.002,0.011,0.005,0.005,-0.050794,0.679219,-0.650869,0.034504,-1.031281,0.015335,single_joint_sine,1,0.3,30
5.4056,-0.362471,0,-0.523599,0,0,0,-0.35,-0.049,-0.483,-0.001,0.324,0.006,-0.76,0.004,0.002,0.011,0.005,0.005,-0.050794,0.679219,-0.650869,0.034504,-1.031281,0.015335,single_joint_sine,1,0.3,30
5.4094,-0.365106,0,-0.523599,0,0,0,-0.355,-0.049,-0.483,-0.001,0.324,0.006,-0.709,0.002,0.005,-0.005,-0.015,-0.001,-0.238612,0.68985,-0.626062,0.022044,-1.068661,0.026836,single_joint_sine,1,0.3,30
5.4128,-0.367502,0,-0.523599,0,0,0,-0.36,-0.049,-0.483,-0.001,0.324,0.006,-0.744,0.002,0,-0.026,0.015,-0.001,-0.0756,0.68985,-0.631969,0.03067,-1.056201,0.026836,single_joint_sine,1,0.3,30
5.4162,-0.369885,0,-0.523599,0,0,0,-0.36,-0.049,-0.483,-0.001,0.324,0.006,-0.744,0.002,0,-0.026,0.015,-0.001,-0.0756,0.68985,-0.631969,0.03067,-1.056201,0.026836,single_joint_sine,1,0.3,30
5.4199,-0.372498,0,-0.523599,0,0,0,-0.365,-0.049,-0.483,-0.001,0.324,0.006,-0.668,0.001,0,-0.026,0.026,-0.005,-0.279956,0.676856,-0.631969,0.03067,-1.079203,-0.001917,single_joint_sine,1,0.3,30
5.4233,-0.374848,0,-0.523599,0,0,0,-0.365,-0.049,-0.483,-0.001,0.324,0.006,-0.668,0.004,-0.003,0.013,0.026,0.013,-0.279956,0.676856,-0.629606,0.023961,-1.079203,-0.007668,single_joint_sine,1,0.3,30
5.4268,-0.377217,0,-0.523599,0,0,0,-0.369,-0.049,-0.483,-0.001,0.324,0.006,-0.701,0.003,-0.003,0.013,0.026,0.013,-0.120487,0.685125,-0.629606,0.023961,-1.079203,-0.007668,single_joint_sine,1,0.3,30
5.4304,-0.379686,0,-0.523599,0,0,0,-0.369,-0.049,-0.483,-0.001,0.324,0.006,-0.701,0.003,0,0.009,-0.003,-0.017,-0.120487,0.685125,-0.628425,0.034504,-1.049492,0.005751,single_joint_sine,1,0.3,30
5.4338,-0.381989,0,-0.523599,0,0,0,-0.374,-0.049,-0.483,-0.001,0.324,0.006,-0.678,0.003,0,-0.017,-0.026,-0.017,-0.150019,0.685125,-0.628425,0.062299,-1.046616,0.005751,single_joint_sine,1,0.3,30
5.4372,-0.384276,0,-0.523599,0,0,0,-0.374,-0.049,-0.483,-0.001,0.324,0.006,-0.678,-0.002,0,-0.017,-0.026,0.007,-0.150019,0.673312,-0.65205,0.062299,-1.046616,0.008626,single_joint_sine,1,0.3,30
5.4406,-0.386589,0,-0.523599,0,0,0,-0.374,-0.049,-0.483,-0.001,0.324,0.006,-0.678,-0.002,0,-0.017,-0.026,0.007,-0.150019,0.673312,-0.65205,0.062299,-1.046616,0.008626,single_joint_sine,1,0.3,30
5.4441,-0.388899,0,-0.523599,0,0,0,-0.379,-0.049,-0.483,-0.001,0.324,0.006,-0.678,0.002,-0.006,-0.023,0.007,0.017,-0.2079,0.679219,-0.611887,0.038338,-1.067702,-0.000958,single_joint_sine,1,0.3,30
5.4475,-0.391138,0,-0.523599,0,0,0,-0.384,-0.049,-0.483,-0.001,0.324,0.006,-0.662,-0.001,0.002,-0.038,0.036,0.017,-0.181913,0.6804,-0.621337,0.053673,-1.09358,-0.000958,single_joint_sine,1,0.3,30
5.4513,-0.393573,0,-0.523599,0,0,0,-0.384,-0.049,-0.483,-0.001,0.324,0.006,-0.662,-0.001,0.002,-0.038,0.036,0.017,-0.181913,0.6804,-0.621337,0.053673,-1.09358,-0.000958,single_joint_sine,1,0.3,30
5.4549,-0.395939,0,-0.523599,0,0,0,-0.388,-0.049,-0.483,-0.001,0.324,0.006,-0.664,-0.001,0.002,-0.038,-0.021,0.005,-0.163013,0.6804,-0.621337,0.053673,-1.040866,0.001917,single_joint_sine,1,0.3,30
5.4583,-0.398126,0,-0.523599,0,0,0,-0.388,-0.049,-0.483,-0.001,0.324,0.006,-0.664,0.004,0,0.005,-0.021,-0.001,-0.163013,0.674494,-0.641419,0.03067,-1.040866,0.007668,single_joint_sine,1,0.3,30
5.4617,-0.40029,0,-0.523599,0,0,0,-0.393,-0.049,-0.483,-0.001,0.324,0.006,-0.63,0,0,-0.007,-0.021,-0.001,-0.204356,0.678037,-0.631969,0.005751,-1.040866,0.007668,single_joint_sine,1,0.3,30
5.4652,-0.402503,0,-0.523599,0,0,0,-0.393,-0.049,-0.483,-0.001,0.324,0.006,-0.63,0,0,-0.007,-0.015,0.003,-0.204356,0.678037,-0.631969,0.005751,-1.035115,0.000958,single_joint_sine,1,0.3,30
5.4686,-0.404641,0,-0.523599,0,0,0,-0.397,-0.049,-0.483,-0.001,0.324,0.006,-0.651,0,0,0.026,-0.003,0.003,-0.112219,0.678037,-0.631969,0.003834,-1.045658,0.000958,single_joint_sine,1,0.3,30
5.472,-0.406762,0,-0.523599,0,0,0,-0.397,-0.049,-0.483,-0.001,0.324,0.006,-0.651,0.001,0,0.026,-0.003,-0.009,-0.112219,0.685125,-0.636694,0.003834,-1.045658,0.005751,single_joint_sine,1,0.3,30
5.4755,-0.408969,0,-0.523599,0,0,0,-0.397,-0.049,-0.483,-0.001,0.324,0.006,-0.651,0.001,0,0.026,-0.003,-0.009,-0.112219,0.685125,-0.636694,0.003834,-1.045658,0.005751,single_joint_sine,1,0.3,30
5.4791,-0.411175,0,-0.523599,0,0,0,-0.402,-0.049,-0.483,-0.001,0.324,0.006,-0.612,0,0.003,0.026,0,0.009,-0.262237,0.6804,-0.643781,-0.021086,-1.047575,-0.002875,single_joint_sine,1,0.3,30
5.4825,-0.413243,0,-0.523599,0,0,0,-0.406,-0.049,-0.483,-0.001,0.324,0.006,-0.621,0,0.002,0.024,0.003,0.009,-0.1323,0.6804,-0.63315,0.023961,-1.052367,-0.002875,single_joint_sine,1,0.3,30
5.486,-0.415331,0,-0.523599,0,0,0,-0.406,-0.049,-0.483,-0.001,0.324,0.006,-0.621,0,0.002,0.024,0.003,0.009,-0.1323,0.6804,-0.63315,0.023961,-1.052367,-0.002875,single_joint_sine,1,0.3,30
5.4896,-0.417497,0,-0.523599,0,0,0,-0.41,-0.049,-0.483,-0.001,0.324,0.006,-0.634,0.002,0.002,0.024,-0.005,0.053,-0.0756,0.675675,-0.63315,0.023961,-1.05045,-0.005751,single_joint_sine,1,0.3,30
5.493,-0.419512,0,-0.523599,0,0,0,-0.41,-0.049,-0.483,-0.001,0.324,0.007,-0.634,0,0.003,-0.005,-0.005,-0.015,-0.0756,0.682762,-0.640238,0.014377,-1.05045,0.015335,single_joint_sine,1,0.3,30
5.4965,-0.421545,0,-0.523599,0,0,0,-0.41,-0.049,-0.483,-0.001,0.324,0.007,-0.634,0,0.003,-0.005,-0.005,-0.015,-0.0756,0.682762,-0.640238,0.014377,-1.05045,0.015335,single_joint_sine,1,0.3,30
5.5001,-0.423654,0,-0.523599,0,0,0,-0.414,-0.049,-0.483,-0.001,0.324,0.006,-0.571,0,-0.008,0.013,0.007,-0.059,-0.258694,0.681581,-0.63315,-0.009584,-1.057159,0.032587,single_joint_sine,1,0.3,30
5.5035,-0.425618,0,-0.523599,0,0,0,-0.419,-0.049,-0.483,0,0.324,0.006,-0.636,0,-0.008,0.017,0.015,-0.059,-0.036619,0.681581,-0.63315,0.063257,-1.06291,0.032587,single_joint_sine,1,0.3,30
5.5069,-0.427571,0,-0.523599,0,0,0,-0.419,-0.049,-0.483,0,0.324,0.006,-0.636,0,0,0.017,-0.003,0.003,-0.036619,0.678037,-0.635512,0.063257,-1.054284,-0.010543,single_joint_sine,1,0.3,30
5.5106,-0.429644,0,-0.523599,0,0,0,-0.419,-0.049,-0.483,0,0.324,0.006,-0.636,0,0,0.017,-0.003,0.003,-0.036619,0.678037,-0.635512,0.063257,-1.054284,-0.010543,single_joint_sine,1,0.3,30
5.5146,-0.431918,0,-0.523599,0,0,0,-0.423,-0.049,-0.483,-0.001,0.324,0.006,-0.562,0.001,-0.002,-0.017,-0.003,0.003,-0.240975,0.676856,-0.63315,0.044088,-1.054284,0.003834,single_joint_sine,1,0.3,30
5.518,-0.433805,0,-0.523599,0,0,0,-0.427,-0.049,-0.483,-0.001,0.324,0.006,-0.556,0.002,0.006,0.005,0.017,0.003,-0.14175,0.679219,-0.643781,0.036421,-1.046616,0.003834,single_joint_sine,1,0.3,30
5.5215,-0.435707,0,-0.523599,0,0,0,-0.431,-0.049,-0.483,-0.001,0.324,0.006,-0.605,0.002,0.006,0.005,0.017,0.003,-0.034256,0.679219,-0.643781,0.036421,-1.046616,0.003834,single_joint_sine,1,0.3,30
5.525,-0.437621,0,-0.523599,0,0,0,-0.431,-0.049,-0.483,-0.001,0.324,0.006,-0.605,0.002,0.006,0.005,-0.013,0.011,-0.034256,0.679219,-0.643781,0.036421,-1.029365,-0.016293,single_joint_sine,1,0.3,30
5.5284,-0.439454,0,-0.523599,0,0,0,-0.431,-0.049,-0.483,-0.001,0.324,0.006,-0.605,0,0.002,0.001,-0.013,0.013,-0.034256,0.682762,-0.646144,0.025878,-1.029365,-0.010543,single_joint_sine,1,0.3,30
5.5318,-0.441265,0,-0.523599,0,0,0,-0.435,-0.049,-0.483,-0.001,0.324,0.006,-0.537,-0.003,0.002,0.001,-0.013,0.013,-0.158287,0.67095,-0.646144,0.025878,-1.029365,-0.010543,single_joint_sine,1,0.3,30
5.5353,-0.443126,0,-0.523599,0,0,0,-0.435,-0.049,-0.483,-0.001,0.324,0.006,-0.537,-0.003,-0.007,0.001,0.005,-0.001,-0.158287,0.67095,-0.641419,0.023003,-1.045658,-0.014377,single_joint_sine,1,0.3,30
5.5387,-0.444904,0,-0.523599,0,0,0,-0.438,-0.049,-0.483,-0.001,0.324,0.006,-0.532,-0.003,-0.007,-0.015,0.007,-0.001,-0.121669,0.67095,-0.641419,0.027795,-1.054284,-0.014377,single_joint_sine,1,0.3,30
5.5421,-0.446664,0,-0.523599,0,0,0,-0.438,-0.049,-0.483,-0.001,0.324,0.006,-0.532,0.001,0,-0.015,0.007,-0.001,-0.121669,0.682762,-0.639056,0.027795,-1.054284,-0.014377,single_joint_sine,1,0.3,30
5.5456,-0.44845,0,-0.523599,0,0,0,-0.438,-0.049,-0.483,-0.001,0.324,0.006,-0.532,0.001,0,-0.015,0.007,0.019,-0.121669,0.682762,-0.639056,0.027795,-1.054284,-0.024919,single_joint_sine,1,0.3,30
5.5493,-0.450322,0,-0.523599,0,0,0,-0.442,-0.049,-0.483,-0.001,0.324,0.007,-0.552,0,0,-0.009,-0.001,-0.007,-0.101587,0.682762,-0.643781,0.03067,-1.045658,0.001917,single_joint_sine,1,0.3,30
5.5527,-0.452024,0,-0.523599,0,0,0,-0.446,-0.049,-0.483,-0.001,0.324,0.007,-0.508,-0.002,0.002,0,-0.009,-0.007,-0.168919,0.678037,-0.630787,0.023961,-1.048533,0.001917,single_joint_sine,1,0.3,30
5.5561,-0.453704,0,-0.523599,0,0,0,-0.446,-0.049,-0.483,-0.001,0.324,0.007,-0.508,-0.002,0.002,0,-0.009,-0.007,-0.168919,0.678037,-0.630787,0.023961,-1.048533,0.001917,single_joint_sine,1,0.3,30
5.5598,-0.455509,0,-0.523599,0,0,0,-0.449,-0.049,-0.483,-0.001,0.324,0.006,-0.5,-0.002,0.002,0,0,-0.023,-0.164194,0.678037,-0.630787,0.023961,-1.043741,0.035462,single_joint_sine,1,0.3,30
5.5632,-0.457154,0,-0.523599,0,0,0,-0.449,-0.049,-0.483,-0.001,0.324,0.006,-0.5,0,0.005,-0.007,0,-0.017,-0.164194,0.678037,-0.63315,0.03067,-1.043741,0,single_joint_sine,1,0.3,30
5.5666,-0.458807,0,-0.523599,0,0,0,-0.453,-0.049,-0.483,-0.001,0.324,0.006,-0.488,0,-0.002,-0.007,0,-0.017,-0.127575,0.6804,-0.629606,0.03067,-1.043741,0,single_joint_sine,1,0.3,30
5.5707,-0.460737,0,-0.523599,0,0,0,-0.453,-0.049,-0.483,-0.001,0.324,0.006,-0.488,0,-0.002,-0.017,-0.007,0.001,-0.127575,0.6804,-0.629606,0.023961,-1.054284,-0.016293,single_joint_sine,1,0.3,30
5.5743,-0.462426,0,-0.523599,0,0,0,-0.456,-0.049,-0.483,-0.001,0.324,0.006,-0.49,0,-0.002,0.005,-0.015,0.001,-0.120487,0.6804,-0.629606,0.020127,-1.054284,-0.016293,single_joint_sine,1,0.3,30
5.5777,-0.46399,0,-0.523599,0,0,0,-0.456,-0.049,-0.483,-0.001,0.324,0.006,-0.49,0.003,0.002,0.005,-0.015,0.007,-0.120487,0.681581,-0.637875,0.020127,-1.054284,-0.007668,single_joint_sine,1,0.3,30
5.5811,-0.465535,0,-0.523599,0,0,0,-0.456,-0.049,-0.483,-0.001,0.324,0.006,-0.49,0.003,0.002,0.005,-0.015,0.007,-0.120487,0.681581,-0.637875,0.020127,-1.054284,-0.007668,single_joint_sine,1,0.3,30
5.5847,-0.467155,0,-0.523599,0,0,0,-0.459,-0.049,-0.483,-0.001,0.324,0.006,-0.452,0,0,0.007,0.003,0.017,-0.211444,0.6804,-0.641419,0.03067,-1.058118,0.011501,single_joint_sine,1,0.3,30
5.5881,-0.46866,0,-0.523599,0,0,0,-0.462,-0.049,-0.483,-0.001,0.324,0.006,-0.432,-0.001,0,0.001,-0.003,-0.017,-0.230344,0.683944,-0.629606,0.029712,-0.947897,0.001917,single_joint_sine,1,0.3,30
5.5915,-0.470143,0,-0.523599,0,0,0,-0.465,-0.049,-0.483,-0.001,0.324,0.006,-0.437,-0.001,0,0.001,-0.003,-0.017,-0.135844,0.683944,-0.629606,0.029712,-0.947897,0.001917,single_joint_sine,1,0.3,30
5.595,-0.47163,0,-0.523599,0,0,0,-0.465,-0.049,-0.483,-0.001,0.324,0.006,-0.437,-0.001,0,0.001,-0.013,-0.017,-0.135844,0.683944,-0.629606,0.029712,-1.102206,0.001917,single_joint_sine,1,0.3,30
5.5984,-0.473077,0,-0.523599,0,0,0,-0.465,-0.049,-0.483,-0.001,0.324,0.006,-0.437,0.001,0,-0.017,-0.013,-0.026,-0.135844,0.675675,-0.630787,0.013418,-1.102206,0.009584,single_joint_sine,1,0.3,30
5.6018,-0.474526,0,-0.523599,0,0,0,-0.469,-0.049,-0.483,-0.001,0.324,0.006,-0.449,0.001,0,-0.017,-0.013,-0.026,-0.076781,0.679219,-0.628425,0.013418,-1.102206,0.009584,single_joint_sine,1,0.3,30
5.6052,-0.475931,0,-0.523599,0,0,0,-0.469,-0.049,-0.483,-0.001,0.324,0.006,-0.449,0.001,0,0.013,0,0.028,-0.076781,0.679219,-0.628425,0.037379,-1.068661,0,single_joint_sine,1,0.3,30
5.6086,-0.477319,0,-0.523599,0,0,0,-0.472,-0.049,-0.483,-0.001,0.324,0.006,-0.403,0.001,0,-0.019,0.005,0.028,-0.189,0.679219,-0.628425,0.034504,-1.046616,0,single_joint_sine,1,0.3,30
5.612,-0.478688,0,-0.523599,0,0,0,-0.472,-0.049,-0.483,-0.001,0.324,0.006,-0.403,0.001,0.002,-0.019,0.005,0.028,-0.189,0.678037,-0.627244,0.034504,-1.046616,0,single_joint_sine,1,0.3,30
5.6154,-0.480038,0,-0.523599,0,0,0,-0.472,-0.049,-0.483,-0.001,0.324,0.006,-0.403,0.001,0.002,-0.019,-0.005,0.003,-0.189,0.678037,-0.627244,0.034504,-1.045658,0.110221,single_joint_sine,1,0.3,30
5.6188,-0.481368,0,-0.523599,0,0,0,-0.474,-0.049,-0.483,-0.001,0.324,0.006,-0.412,0.003,-0.001,0.011,-0.005,-0.003,-0.099225,0.685125,-0.622519,0.023003,-1.045658,-0.01246,single_joint_sine,1,0.3,30
5.6222,-0.482678,0,-0.523599,0,0,0,-0.477,-0.049,-0.483,-0.001,0.324,0.006,-0.414,0,0.003,0,-0.005,0.034,-0.0945,0.676856,-0.627244,0.017252,-1.061952,-0.019169,single_joint_sine,1,0.3,30
5.6256,-0.483964,0,-0.523599,0,0,0,-0.477,-0.049,-0.483,-0.001,0.324,0.006,-0.414,0,0.003,0,-0.005,0.034,-0.0945,0.676856,-0.627244,0.017252,-1.061952,-0.019169,single_joint_sine,1,0.3,30
5.6292,-0.485298,0,-0.523599,0,0,0,-0.48,-0.049,-0.483,-0.001,0.324,0.006,-0.399,0,0.003,0,0,0.034,-0.109856,0.676856,-0.627244,0.017252,-1.059076,-0.019169,single_joint_sine,1,0.3,30
5.6326,-0.486547,0,-0.523599,0,0,0,-0.48,-0.049,-0.483,-0.001,0.324,0.006,-0.399,0,0.001,0.015,0,0.017,-0.109856,0.668588,-0.626062,0.004792,-1.059076,-0.002875,single_joint_sine,1,0.3,30
5.6359,-0.487757,0,-0.523599,0,0,0,-0.48,-0.049,-0.483,-0.001,0.324,0.006,-0.399,0,0.001,0.015,0,0.017,-0.109856,0.668588,-0.626062,0.004792,-1.059076,-0.002875,single_joint_sine,1,0.3,30
5.6394,-0.488989,0,-0.523599,0,0,0,-0.483,-0.049,-0.483,-0.001,0.324,0.006,-0.338,0,-0.004,-0.001,0.003,0.001,-0.295313,0.675675,-0.639056,0.013418,-1.037991,0.014377,single_joint_sine,1,0.3,30
5.6428,-0.490179,0,-0.523599,0,0,0,-0.485,-0.049,-0.483,-0.001,0.324,0.006,-0.35,0,-0.004,-0.009,-0.013,0.001,-0.096863,0.675675,-0.639056,0.035462,-1.090705,0.014377,single_joint_sine,1,0.3,30
5.6462,-0.491348,0,-0.523599,0,0,0,-0.485,-0.049,-0.483,-0.001,0.324,0.006,-0.35,0,-0.004,-0.009,-0.013,0.001,-0.096863,0.675675,-0.639056,0.035462,-1.090705,0.014377,single_joint_sine,1,0.3,30
5.6497,-0.492545,0,-0.523599,0,0,0,-0.485,-0.049,-0.483,-0.001,0.324,0.006,-0.35,-0.002,-0.004,-0.009,0.003,-0.024,-0.096863,0.685125,-0.620156,0.035462,-1.078245,0.017252,single_joint_sine,1,0.3,30
5.6531,-0.493673,0,-0.523599,0,0,0,-0.488,-0.049,-0.483,-0.001,0.324,0.006,-0.397,0,-0.001,-0.013,0.003,0.003,0.007087,0.683944,-0.63315,0.034504,-1.078245,-0.01246,single_joint_sine,1,0.3,30
5.6566,-0.4948,0,-0.523599,0,0,0,-0.49,-0.049,-0.483,-0.001,0.324,0.006,-0.364,0.002,-0.001,-0.013,0.003,0.003,-0.014175,0.692213,-0.627244,0.034504,-1.078245,-0.01246,single_joint_sine,1,0.3,30
5.6601,-0.495922,0,-0.523599,0,0,0,-0.49,-0.049,-0.483,-0.001,0.324,0.006,-0.364,0.002,-0.001,0.009,0.023,0.005,-0.014175,0.692213,-0.627244,0.027795,-1.068661,-0.014377,single_joint_sine,1,0.3,30
5.6635,-0.496988,0,-0.523599,0,0,0,-0.493,-0.049,-0.483,-0.001,0.324,0.006,-0.305,0.002,-0.001,0.009,-0.013,0.005,-0.167737,0.692213,-0.627244,0.027795,-1.005404,-0.014377,single_joint_sine,1,0.3,30
5.6669,-0.498034,0,-0.523599,0,0,0,-0.493,-0.049,-0.483,-0.001,0.324,0.006,-0.305,0.006,0.005,-0.009,-0.013,0.005,-0.167737,0.669769,-0.637875,0.032587,-1.005404,-0.014377,single_joint_sine,1,0.3,30
5.6703,-0.499064,0,-0.523599,0,0,0,-0.493,-0.049,-0.483,-0.001,0.324,0.006,-0.305,0.006,0.005,-0.009,-0.013,0.032,-0.167737,0.669769,-0.637875,0.032587,-1.005404,0.002875,single_joint_sine,1,0.3,30
5.6737,-0.500068,0,-0.523599,0,0,0,-0.495,-0.049,-0.483,-0.001,0.324,0.006,-0.292,-0.002,0.003,-0.003,0,0.017,-0.144112,0.691031,-0.626062,0.03067,-1.01978,0.006709,single_joint_sine,1,0.3,30
5.6771,-0.501052,0,-0.523599,0,0,0,-0.497,-0.049,-0.483,-0.001,0.324,0.006,-0.333,-0.002,0.003,-0.003,0,0.017,-0.015356,0.691031,-0.626062,0.03067,-1.01978,0.006709,single_joint_sine,1,0.3,30
5.6806,-0.502052,0,-0.523599,0,0,0,-0.497,-0.049,-0.483,-0.001,0.324,0.006,-0.333,-0.002,0.003,0.001,-0.001,0.017,-0.015356,0.691031,-0.626062,0.031629,-1.052367,0.006709,single_joint_sine,1,0.3,30
5.6842,-0.503042,0,-0.523599,0,0,0,-0.497,-0.049,-0.483,-0.001,0.324,0.006,-0.333,-0.002,0.002,0.001,0.015,-0.009,-0.015356,0.687487,-0.641419,0.031629,-1.060035,0.004792,single_joint_sine,1,0.3,30
5.6876,-0.503962,0,-0.523599,0,0,0,-0.499,-0.049,-0.483,-0.001,0.324,0.006,-0.311,-0.004,0.003,0.011,0.015,-0.009,-0.043706,0.676856,-0.626062,0.020127,-1.060035,0.004792,single_joint_sine,1,0.3,30
5.691,-0.504871,0,-0.523599,0,0,0,-0.499,-0.049,-0.483,-0.001,0.324,0.006,-0.311,-0.004,0.003,0.011,0.015,-0.017,-0.043706,0.676856,-0.626062,0.020127,-1.060035,0.002875,single_joint_sine,1,0.3,30
5.6945,-0.505774,0,-0.523599,0,0,0,-0.501,-0.049,-0.483,-0.001,0.324,0.006,-0.247,0.002,0,0.011,0.011,-0.003,-0.126394,0.674494,-0.636694,0.026836,-1.056201,0.000958,single_joint_sine,1,0.3,30
5.6979,-0.506632,0,-0.523599,0,0,0,-0.503,-0.049,-0.483,-0.001,0.324,0.006,-0.248,0.002,0,0.011,0.003,-0.003,-0.129938,0.674494,-0.636694,0.026836,-1.053326,0.000958,single_joint_sine,1,0.3,30
5.7014,-0.507484,0,-0.523599,0,0,0,-0.503,-0.049,-0.483,-0.001,0.324,0.006,-0.248,0.002,0,0.011,0.003,-0.003,-0.129938,0.674494,-0.636694,0.026836,-1.053326,0.000958,single_joint_sine,1,0.3,30
5.7049,-0.508324,0,-0.523599,0,0,0,-0.503,-0.049,-0.483,-0.001,0.324,0.006,-0.248,0,0.001,-0.001,0.003,0.019,-0.129938,0.673312,-0.634331,0.033545,-1.053326,0,single_joint_sine,1,0.3,30
5.7083,-0.509117,0,-0.523599,0,0,0,-0.504,-0.049,-0.483,-0.001,0.324,0.006,-0.235,0,-0.005,0,0,-0.013,-0.1134,0.674494,-0.636694,0.023003,-1.05045,0.004792,single_joint_sine,1,0.3,30
5.7117,-0.50989,0,-0.523599,0,0,0,-0.506,-0.049,-0.483,-0.001,0.324,0.006,-0.23,0,-0.005,0,0,-0.013,-0.08505,0.674494,-0.636694,0.023003,-1.05045,0.004792,single_joint_sine,1,0.3,30
5.7155,-0.510726,0,-0.523599,0,0,0,-0.506,-0.049,-0.483,-0.001,0.324,0.006,-0.23,0,0.002,-0.001,0.003,-0.013,-0.08505,0.674494,-0.644962,0.01821,-1.056201,0.004792,single_joint_sine,1,0.3,30
5.7189,-0.511455,0,-0.523599,0,0,0,-0.506,-0.049,-0.483,-0.001,0.324,0.006,-0.23,0.001,0.002,-0.001,0.007,0,-0.08505,0.681581,-0.644962,0.01821,-1.060035,-0.001917,single_joint_sine,1,0.3,30
5.7222,-0.512161,0,-0.523599,0,0,0,-0.508,-0.049,-0.483,-0.001,0.324,0.006,-0.215,0,0,-0.003,0.007,-0.001,-0.080325,0.681581,-0.626062,0.024919,-1.060035,0.007668,single_joint_sine,1,0.3,30
5.7256,-0.512848,0,-0.523599,0,0,0,-0.508,-0.049,-0.483,-0.001,0.324,0.006,-0.215,0,0,-0.003,0.007,-0.001,-0.080325,0.681581,-0.626062,0.024919,-1.060035,0.007668,single_joint_sine,1,0.3,30
5.7294,-0.513574,0,-0.523599,0,0,0,-0.509,-0.049,-0.483,-0.001,0.324,0.006,-0.246,0,0.002,-0.001,0.003,-0.001,0.015356,0.681581,-0.631969,0.035462,-1.054284,0.003834,single_joint_sine,1,0.3,30
5.7328,-0.514217,0,-0.523599,0,0,0,-0.511,-0.049,-0.483,-0.001,0.324,0.006,-0.19,0,0.002,-0.001,-0.013,-0.001,-0.116944,0.681581,-0.631969,0.035462,-1.040866,0.003834,single_joint_sine,1,0.3,30
5.7362,-0.514839,0,-0.523599,0,0,0,-0.511,-0.049,-0.483,-0.001,0.324,0.006,-0.19,0,0.002,-0.001,-0.013,-0.001,-0.116944,0.681581,-0.631969,0.035462,-1.040866,0.003834,single_joint_sine,1,0.3,30
5.7397,-0.515459,0,-0.523599,0,0,0,-0.511,-0.049,-0.483,-0.001,0.324,0.006,-0.19,0,0.002,-0.013,-0.013,-0.003,-0.116944,0.682762,-0.636694,0.037379,-1.040866,-0.097761,single_joint_sine,1,0.3,30
5.7431,-0.516037,0,-0.523599,0,0,0,-0.512,-0.049,-0.483,-0.001,0.324,0.007,-0.175,0,0.006,-0.032,-0.001,0.055,-0.167737,0.675675,-0.627244,0.050797,-1.046616,0.013418,single_joint_sine,1,0.3,30
5.7466,-0.516617,0,-0.523599,0,0,0,-0.513,-0.049,-0.483,-0.001,0.324,0.007,-0.198,0,-0.003,-0.032,-0.001,0.055,-0.051975,0.675675,-0.653231,0.050797,-1.046616,0.013418,single_joint_sine,1,0.3,30
5.7502,-0.517181,0,-0.523599,0,0,0,-0.513,-0.049,-0.483,-0.001,0.324,0.007,-0.198,0,-0.003,0.003,0.001,0.055,-0.051975,0.675675,-0.653231,0.031629,-1.047575,0.013418,single_joint_sine,1,0.3,30
5.7536,-0.517694,0,-0.523599,0,0,0,-0.513,-0.049,-0.483,-0.001,0.324,0.006,-0.198,-0.002,-0.003,0.003,-0.011,-0.047,-0.051975,0.668588,-0.653231,0.031629,-1.045658,0.021086,single_joint_sine,1,0.3,30
5.757,-0.518185,0,-0.523599,0,0,0,-0.515,-0.049,-0.483,-0.001,0.324,0.006,-0.175,-0.002,0,-0.019,-0.011,-0.047,-0.015356,0.676856,-0.631969,0.034504,-1.045658,0.021086,single_joint_sine,1,0.3,30
5.7604,-0.518662,0,-0.523599,0,0,0,-0.515,-0.049,-0.483,-0.001,0.324,0.006,-0.175,-0.002,0,-0.019,-0.011,-0.019,-0.015356,0.676856,-0.631969,0.034504,-1.045658,-0.016293,single_joint_sine,1,0.3,30
5.7638,-0.519113,0,-0.523599,0,0,0,-0.516,-0.049,-0.483,-0.001,0.324,0.007,-0.107,0,0.003,0.013,-0.001,0.017,-0.119306,0.674494,-0.626062,0.021086,-1.015946,0.003834,single_joint_sine,1,0.3,30
5.7672,-0.519541,0,-0.523599,0,0,0,-0.517,-0.049,-0.483,-0.001,0.324,0.007,-0.126,0,0.003,0.013,0.011,0.017,-0.125213,0.674494,-0.626062,0.021086,-1.053326,0.003834,single_joint_sine,1,0.3,30
5.7707,-0.519953,0,-0.523599,0,0,0,-0.517,-0.049,-0.483,-0.001,0.324,0.007,-0.126,0,0.003,0.013,0.011,0.017,-0.125213,0.674494,-0.626062,0.021086,-1.053326,0.003834,single_joint_sine,1,0.3,30
5.7743,-0.520366,0,-0.523599,0,0,0,-0.517,-0.049,-0.483,-0.001,0.324,0.006,-0.126,0.001,0.001,0.001,0.011,-0.044,-0.125213,0.672131,-0.639056,0.035462,-1.053326,0.002875,single_joint_sine,1,0.3,30
5.7777,-0.520727,0,-0.523599,0,0,0,-0.517,-0.049,-0.483,-0.001,0.324,0.006,-0.139,0.001,0,-0.015,-0.011,0.03,-0.059062,0.682762,-0.620156,0.029712,-1.06291,-0.029712,single_joint_sine,1,0.3,30
5.7812,-0.521075,0,-0.523599,0,0,0,-0.517,-0.049,-0.483,-0.001,0.324,0.006,-0.139,0.001,0,-0.015,-0.011,0.03,-0.059062,0.682762,-0.620156,0.029712,-1.06291,-0.029712,single_joint_sine,1,0.3,30
5.7848,-0.521408,0,-0.523599,0,0,0,-0.518,-0.049,-0.483,-0.001,0.324,0.006,-0.074,0.001,0.005,0.011,0.007,0.03,-0.172462,0.682762,-0.647325,0.020127,-1.049492,-0.029712,single_joint_sine,1,0.3,30
5.7882,-0.521704,0,-0.523599,0,0,0,-0.518,-0.049,-0.483,-0.001,0.324,0.006,-0.074,0,0.005,0.011,-0.005,-0.019,-0.172462,0.668588,-0.647325,0.020127,-1.047575,0,single_joint_sine,1,0.3,30
5.7916,-0.521982,0,-0.523599,0,0,0,-0.519,-0.049,-0.483,-0.001,0.324,0.006,-0.045,0.005,0,0.011,-0.005,-0.019,-0.173644,0.679219,-0.627244,0.020127,-1.047575,0,single_joint_sine,1,0.3,30
5.7953,-0.522252,0,-0.523599,0,0,0,-0.519,-0.049,-0.483,-0.001,0.324,0.006,-0.045,0.005,0,0,-0.005,-0.034,-0.173644,0.679219,-0.627244,0.023961,-1.047575,0.028753,single_joint_sine,1,0.3,30
5.7987,-0.522482,0,-0.523599,0,0,0,-0.519,-0.049,-0.483,-0.001,0.324,0.006,-0.09,0,-0.002,0.005,0.015,-0.024,-0.062606,0.6804,-0.637875,0.020127,-1.057159,0.011501,single_joint_sine,1,0.3,30
5.8021,-0.52269,0,-0.523599,0,0,0,-0.52,-0.049,-0.483,-0.001,0.324,0.006,-0.039,0,-0.002,0.005,-0.007,-0.024,-0.168919,0.6804,-0.637875,0.020127,-1.047575,0.011501,single_joint_sine,1,0.3,30
5.8057,-0.522889,0,-0.523599,0,0,0,-0.52,-0.049,-0.483,-0.001,0.324,0.006,-0.039,0,-0.002,0.005,-0.007,-0.024,-0.168919,0.6804,-0.637875,0.020127,-1.047575,0.011501,single_joint_sine,1,0.3,30
5.8091,-0.523054,0,-0.523599,0,0,0,-0.52,-0.049,-0.483,-0.001,0.324,0.006,-0.039,-0.003,0,0.013,-0.007,0,-0.168919,0.679219,-0.63315,0.015335,-1.047575,-0.004792,single_joint_sine,1,0.3,30
5.8125,-0.523196,0,-0.523599,0,0,0,-0.52,-0.049,-0.483,-0.001,0.324,0.006,-0.041,-0.003,0.004,0.017,0.015,0.013,-0.131119,0.681581,-0.634331,0.009584,-1.049492,-0.001917,single_joint_sine,1,0.3,30
5.8159,-0.523316,0,-0.523599,0,0,0,-0.52,-0.049,-0.483,-0.001,0.324,0.006,-0.041,-0.003,0.004,0.017,0.015,0.013,-0.131119,0.681581,-0.634331,0.009584,-1.049492,-0.001917,single_joint_sine,1,0.3,30
5.8198,-0.523428,0,-0.523599,0,0,0,-0.52,-0.049,-0.483,-0.001,0.324,0.006,-0.025,-0.003,-0.002,-0.021,-0.015,0.013,-0.144112,0.681581,-0.635512,0.034504,-1.040866,-0.001917,single_joint_sine,1,0.3,30
5.8232,-0.523503,0,-0.523599,0,0,0,-0.52,-0.049,-0.483,-0.001,0.324,0.006,-0.025,0,-0.002,-0.021,0.011,-0.011,-0.144112,0.68985,-0.635512,0.034504,-1.053326,0.005751,single_joint_sine,1,0.3,30
5.8266,-0.523557,0,-0.523599,0,0,0,-0.521,-0.049,-0.483,-0.001,0.324,0.006,-0.041,0,-0.003,-0.021,0.011,-0.011,-0.023625,0.672131,-0.646144,0.034504,-1.053326,0.005751,single_joint_sine,1,0.3,30
5.8302,-0.523589,0,-0.523599,0,0,0,-0.521,-0.049,-0.483,-0.001,0.324,0.006,-0.041,0,-0.003,0.001,0.011,0.003,-0.023625,0.672131,-0.646144,0.023003,-1.053326,-0.001917,single_joint_sine,1,0.3,30
5.8336,-0.523599,0,-0.523599,0,0,0,-0.521,-0.049,-0.483,-0.001,0.324,0.006,-0.033,0,-0.001,0.003,0.003,0.038,-0.0378,0.701662,-0.644962,0.021086,-1.055242,-0.015335,single_joint_sine,1,0.3,30
5.837,-0.523586,0,-0.523599,0,0,0,-0.521,-0.049,-0.483,-0.001,0.324,0.006,-0.003,0,-0.001,0.003,0.005,0.038,-0.050794,0.701662,-0.644962,0.021086,-1.051409,-0.015335,single_joint_sine,1,0.3,30
5.8404,-0.523552,0,-0.523599,0,0,0,-0.521,-0.049,-0.483,-0.001,0.324,0.006,-0.003,0,-0.001,0.003,0.005,0.038,-0.050794,0.701662,-0.644962,0.021086,-1.051409,-0.015335,single_joint_sine,1,0.3,30
5.8439,-0.523495,0,-0.523599,0,0,0,-0.521,-0.049,-0.483,-0.001,0.324,0.006,-0.003,0,0,0.001,0.005,-0.007,-0.050794,0.669769,-0.628425,0.027795,-1.051409,0.006709,single_joint_sine,1,0.3,30
5.8473,-0.523418,0,-0.523599,0,0,0,-0.521,-0.049,-0.483,-0.001,0.324,0.006,-0.015,0.002,0.003,-0.009,-0.007,0.011,0.011813,0.676856,-0.635512,0.032587,-1.037032,0,single_joint_sine,1,0.3,30
5.8507,-0.523317,0,-0.523599,0,0,0,-0.521,-0.049,-0.483,-0.001,0.324,0.006,-0.015,0.002,0.003,-0.009,-0.007,0.011,0.011813,0.676856,-0.635512,0.032587,-1.037032,0,single_joint_sine,1,0.3,30
5.8544,-0.523187,0,-0.523599,0,0,0,-0.521,-0.049,-0.483,-0.001,0.324,0.006,0,0.002,-0.002,-0.003,-0.011,0.011,0.012994,0.676856,-0.634331,0.03067,-1.049492,0,single_joint_sine,1,0.3,30
5.8578,-0.523043,0,-0.523599,0,0,0,-0.521,-0.049,-0.483,-0.001,0.324,0.006,0,0,-0.002,-0.003,0.009,0.011,0.012994,0.681581,-0.634331,0.03067,-1.069619,0,single_joint_sine,1,0.3,30
5.8613,-0.522871,0,-0.523599,0,0,0,-0.521,-0.049,-0.483,-0.001,0.324,0.006,0,0,-0.002,-0.003,0.009,0.028,0.012994,0.681581,-0.634331,0.03067,-1.069619,-0.001917,single_joint_sine,1,0.3,30
5.8648,-0.522676,0,-0.523599,0,0,0,-0.521,-0.049,-0.483,-0.001,0.324,0.006,0.005,0,0.002,0.009,0.009,-0.011,0.0378,0.663863,-0.648506,0.020127,-1.069619,0.002875,single_joint_sine,1,0.3,30
5.8682,-0.522466,0,-0.523599,0,0,0,-0.521,-0.049,-0.483,-0.001,0.324,0.006,0.004,0,-0.006,0.007,0.023,-0.063,0.067331,0.67095,-0.617794,0.023961,-1.066744,-0.000958,single_joint_sine,1,0.3,30
5.8716,-0.522235,0,-0.523599,0,0,0,-0.521,-0.049,-0.483,-0.001,0.324,0.006,0.032,0,-0.006,0.007,0.023,-0.063,0.076781,0.67095,-0.617794,0.023961,-1.066744,-0.000958,single_joint_sine,1,0.3,30
5.8752,-0.521966,0,-0.523599,0,0,0,-0.521,-0.049,-0.483,-0.001,0.324,0.006,0.032,0,-0.006,0.007,-0.019,-0.063,0.076781,0.67095,-0.617794,0.023961,-1.003487,-0.000958,single_joint_sine,1,0.3,30
5.8786,-0.521691,0,-0.523599,0,0,0,-0.521,-0.049,-0.483,-0.001,0.324,0.006,0.032,0,0.002,-0.032,-0.019,0.003,0.076781,0.681581,-0.634331,0.023003,-1.003487,0.005751,single_joint_sine,1,0.3,30
5.882,-0.521394,0,-0.523599,0,0,0,-0.521,-0.049,-0.483,-0.001,0.324,0.006,0.021,-0.002,0.001,0.013,-0.021,-0.023,0.146475,0.681581,-0.627244,0.019169,-1.05045,0,single_joint_sine,1,0.3,30
5.8855,-0.521066,0,-0.523599,0,0,0,-0.521,-0.049,-0.483,-0.001,0.324,0.006,0.021,-0.002,0.001,0.013,-0.021,-0.023,0.146475,0.681581,-0.627244,0.019169,-1.05045,0,single_joint_sine,1,0.3,30
5.8894,-0.520681,0,-0.523599,0,0,0,-0.521,-0.049,-0.483,-0.001,0.324,0.006,0.059,-0.002,0.002,-0.015,-0.001,-0.023,0.131119,0.681581,-0.629606,0.035462,-1.0447,0,single_joint_sine,1,0.3,30
5.8928,-0.520316,0,-0.523599,0,0,0,-0.521,-0.049,-0.483,-0.001,0.324,0.006,0.059,0.004,0.002,-0.015,0.067,0.013,0.131119,0.678037,-0.629606,0.035462,-1.054284,-0.020127,single_joint_sine,1,0.3,30
5.8962,-0.519929,0,-0.523599,0,0,0,-0.521,-0.049,-0.483,-0.001,0.324,0.006,0.059,0.004,0.002,-0.015,0.067,0.013,0.131119,0.678037,-0.629606,0.035462,-1.054284,-0.020127,single_joint_sine,1,0.3,30
5.8999,-0.519483,0,-0.523599,0,0,0,-0.52,-0.049,-0.483,-0.001,0.324,0.006,0.031,0.003,-0.002,0.001,0.067,0.005,0.144112,0.681581,-0.640238,0.035462,-1.054284,-0.011501,single_joint_sine,1,0.3,30
5.9033,-0.519052,0,-0.523599,0,0,0,-0.52,-0.049,-0.483,-0.001,0.324,0.006,0.043,0,0.002,-0.024,-0.019,0.001,0.180731,0.683944,-0.637875,0.036421,-1.037991,-0.000958,single_joint_sine,1,0.3,30
5.9069,-0.518571,0,-0.523599,0,0,0,-0.519,-0.049,-0.483,-0.001,0.324,0.006,0.076,0,0.002,-0.024,-0.019,0.001,0.184275,0.683944,-0.637875,0.036421,-1.130001,-0.000958,single_joint_sine,1,0.3,30
5.9104,-0.518081,0,-0.523599,0,0,0,-0.519,-0.049,-0.483,-0.001,0.324,0.006,0.076,0,0.002,-0.024,-0.019,0.001,0.184275,0.683944,-0.637875,0.036421,-1.130001,-0.000958,single_joint_sine,1,0.3,30
5.9138,-0.517585,0,-0.523599,0,0,0,-0.519,-0.049,-0.483,-0.001,0.324,0.006,0.076,-0.002,0.002,0.003,-0.019,-0.009,0.184275,0.692213,-0.639056,0.057506,-1.130001,0.004792,single_joint_sine,1,0.3,30
5.9172,-0.517067,0,-0.523599,0,0,0,-0.518,-0.049,-0.483,-0.001,0.324,0.006,0.123,0.001,0,-0.015,-0.019,-0.009,0.048431,0.681581,-0.647325,0.046964,-1.130001,0.004792,single_joint_sine,1,0.3,30
5.9207,-0.516518,0,-0.523599,0,0,0,-0.518,-0.049,-0.483,-0.001,0.325,0.006,0.123,0.001,0,-0.015,0.099,0.009,0.048431,0.681581,-0.647325,0.046964,-1.035115,-0.004792,single_joint_sine,1,0.3,30
5.9243,-0.515913,0,-0.523599,0,0,0,-0.517,-0.049,-0.483,-0.001,0.325,0.006,0.124,0.001,-0.002,-0.009,0.042,0.009,0.16065,0.681581,-0.6426,0.021086,-1.07537,-0.004792,single_joint_sine,1,0.3,30
5.9277,-0.51533,0,-0.523599,0,0,0,-0.517,-0.049,-0.483,-0.001,0.325,0.006,0.124,-0.002,-0.002,-0.009,-0.042,0,0.16065,0.691031,-0.6426,0.021086,-1.016905,0.002875,single_joint_sine,1,0.3,30
5.9312,-0.514716,0,-0.523599,0,0,0,-0.517,-0.049,-0.483,-0.001,0.325,0.006,0.124,-0.002,-0.002,-0.009,-0.042,0,0.16065,0.691031,-0.6426,0.021086,-1.016905,0.002875,single_joint_sine,1,0.3,30
5.9346,-0.514081,0,-0.523599,0,0,0,-0.517,-0.049,-0.483,-0.001,0.325,0.006,0.161,0,0.005,0.007,-0.042,0.015,0.073237,0.678037,-0.643781,0.025878,-1.016905,-0.004792,single_joint_sine,1,0.3,30
5.938,-0.513435,0,-0.523599,0,0,0,-0.516,-0.049,-0.483,-0.001,0.325,0.006,0.095,-0.001,0.002,0.007,0.057,-0.019,0.242156,0.675675,-0.621337,0.020127,-1.066744,-0.005751,single_joint_sine,1,0.3,30
5.9415,-0.512758,0,-0.523599,0,0,0,-0.514,-0.049,-0.483,-0.001,0.325,0.006,0.187,-0.001,0.002,0.007,0.057,-0.019,0.144112,0.675675,-0.621337,0.020127,-1.066744,-0.005751,single_joint_sine,1,0.3,30
5.945,-0.512048,0,-0.523599,0,0,0,-0.514,-0.049,-0.483,-0.001,0.325,0.006,0.187,-0.001,0.002,0.007,0.003,-0.019,0.144112,0.675675,-0.621337,0.020127,-1.060035,-0.005751,single_joint_sine,1,0.3,30
5.9484,-0.511339,0,-0.523599,0,0,0,-0.514,-0.049,-0.483,-0.001,0.325,0.006,0.187,0.001,-0.002,0.003,0.003,0.003,0.144112,0.682762,-0.627244,0.019169,-1.060035,0.001917,single_joint_sine,1,0.3,30
5.9518,-0.510596,0,-0.523599,0,0,0,-0.513,-0.049,-0.483,-0.001,0.325,0.006,0.178,0.001,0.003,-0.003,0.003,0.003,0.138206,0.665044,-0.635512,0.021086,-1.060035,0.001917,single_joint_sine,1,0.3,30
5.9553,-0.509825,0,-0.523599,0,0,0,-0.513,-0.049,-0.483,-0.001,0.325,0.006,0.178,0.001,0.003,-0.003,0,0.001,0.138206,0.665044,-0.635512,0.021086,-1.053326,-0.010543,single_joint_sine,1,0.3,30
5.9587,-0.509052,0,-0.523599,0,0,0,-0.512,-0.049,-0.483,-0.001,0.325,0.006,0.18,0.001,0.004,-0.017,0.026,0.001,0.199631,0.665044,-0.637875,0.013418,-1.047575,-0.010543,single_joint_sine,1,0.3,30
5.9621,-0.508245,0,-0.523599,0,0,0,-0.511,-0.049,-0.483,-0.001,0.325,0.006,0.191,0.001,0.004,-0.017,-0.019,0.036,0.256331,0.672131,-0.637875,0.013418,-1.037991,0.006709,single_joint_sine,1,0.3,30
5.9656,-0.507401,0,-0.523599,0,0,0,-0.511,-0.049,-0.483,-0.001,0.325,0.006,0.191,0.001,0.004,-0.017,-0.019,0.036,0.256331,0.672131,-0.637875,0.013418,-1.037991,0.006709,single_joint_sine,1,0.3,30
5.9692,-0.50651,0,-0.523599,0,0,0,-0.511,-0.049,-0.483,-0.001,0.325,0.006,0.191,0,0,0.023,-0.019,-0.021,0.256331,0.6804,-0.63315,0.01246,-1.037991,0.010543,single_joint_sine,1,0.3,30
5.9726,-0.505651,0,-0.523599,0,0,0,-0.509,-0.049,-0.483,-0.001,0.325,0.006,0.186,0.001,0.001,-0.003,0.024,-0.019,0.287044,0.668588,-0.621337,0.03067,-1.051409,0.010543,single_joint_sine,1,0.3,30
5.976,-0.504772,0,-0.523599,0,0,0,-0.509,-0.049,-0.483,-0.001,0.325,0.006,0.186,0.001,0.001,-0.003,0.024,-0.019,0.287044,0.668588,-0.621337,0.03067,-1.051409,0.010543,single_joint_sine,1,0.3,30
5.9795,-0.503857,0,-0.523599,0,0,0,-0.508,-0.049,-0.483,-0.001,0.325,0.006,0.247,0.001,0.001,-0.003,0.007,-0.019,0.1701,0.668588,-0.621337,0.03067,-1.043741,0.010543,single_joint_sine,1,0.3,30
5.9829,-0.502934,0,-0.523599,0,0,0,-0.508,-0.049,-0.483,-0.001,0.325,0.006,0.247,0.001,0.003,0.015,0.007,0.04,0.1701,0.682762,-0.641419,0.011501,-1.043741,-0.004792,single_joint_sine,1,0.3,30
5.9863,-0.50199,0,-0.523599,0,0,0,-0.508,-0.049,-0.483,-0.001,0.325,0.006,0.247,0.001,0.003,0.015,0.007,0.04,0.1701,0.682762,-0.641419,0.011501,-1.043741,-0.004792,single_joint_sine,1,0.3,30
5.9901,-0.500892,0,-0.523599,0,0,0,-0.506,-0.049,-0.483,-0.001,0.325,0.006,0.276,-0.002,0,0.005,0.013,0.013,0.095681,0.675675,-0.647325,0.007668,-1.051409,-0.011501,single_joint_sine,1,0.3,30
5.9935,-0.499905,0,-0.523599,0,0,0,-0.504,-0.049,-0.483,-0.001,0.325,0.006,0.261,-0.002,-0.002,-0.003,-0.007,0.013,0.1701,0.675675,-0.631969,0.024919,-1.0447,-0.011501,single_joint_sine,1,0.3,30
5.9969,-0.498905,0,-0.523599,0,0,0,-0.502,-0.049,-0.483,-0.001,0.325,0.006,0.276,0.002,-0.002,-0.003,0.036,0.013,0.193725,0.668588,-0.631969,0.024919,-1.058118,-0.011501,single_joint_sine,1,0.3,30
6.0004,-0.497852,0,-0.523599,0,0,0,-0.502,-0.049,-0.483,-0.001,0.325,0.007,0.276,0.002,-0.002,-0.003,0.036,0.072,0.193725,0.668588,-0.631969,0.024919,-1.058118,-0.000958,single_joint_sine,1,0.3,30
6.0039,-0.496782,0,-0.523599,0,0,0,-0.502,-0.049,-0.483,-0.001,0.325,0.007,0.276,0.001,0,0.023,0.036,-0.028,0.193725,0.685125,-0.636694,-0.005751,-1.058118,0.023961,single_joint_sine,1,0.3,30
6.0073,-0.495712,0,-0.523599,0,0,0,-0.5,-0.049,-0.483,-0.001,0.325,0.006,0.285,0.001,-0.003,0.028,0.024,-0.026,0.229162,0.679219,-0.630787,0.008626,-1.063868,0.008626,single_joint_sine,1,0.3,30
6.0109,-0.49454,0,-0.523599,0,0,0,-0.5,-0.049,-0.483,-0.001,0.325,0.006,0.285,0.001,-0.003,0.028,0.024,-0.026,0.229162,0.679219,-0.630787,0.008626,-1.063868,0.008626,single_joint_sine,1,0.3,30
6.0145,-0.493372,0,-0.523599,0,0,0,-0.498,-0.049,-0.483,-0.001,0.325,0.006,0.269,0.001,-0.003,0.028,0.001,-0.026,0.27405,0.679219,-0.630787,0.008626,-1.058118,0.008626,single_joint_sine,1,0.3,30
6.0179,-0.492239,0,-0.523599,0,0,0,-0.498,-0.049,-0.483,-0.001,0.325,0.007,0.269,0,-0.002,0.013,0.001,0.032,0.27405,0.681581,-0.641419,0.016293,-1.058118,-0.017252,single_joint_sine,1,0.3,30
6.0213,-0.491086,0,-0.523599,0,0,0,-0.498,-0.049,-0.483,-0.001,0.325,0.007,0.269,0,-0.002,0.013,0.001,0.032,0.27405,0.681581,-0.641419,0.016293,-1.058118,-0.017252,single_joint_sine,1,0.3,30
6.0253,-0.489702,0,-0.523599,0,0,0,-0.496,-0.049,-0.483,0,0.325,0.007,0.303,0,0,0.017,-0.023,-0.003,0.176006,0.675675,-0.647325,0.007668,-1.0447,0.019169,single_joint_sine,1,0.3,30
6.0287,-0.488505,0,-0.523599,0,0,0,-0.494,-0.049,-0.483,0,0.325,0.007,0.361,0,0.001,0.019,-0.009,-0.003,0.105131,0.675675,-0.646144,0.008626,-1.054284,0.019169,single_joint_sine,1,0.3,30
6.0321,-0.487288,0,-0.523599,0,0,0,-0.491,-0.049,-0.483,0,0.325,0.006,0.341,0.001,0.001,0.019,0.001,-0.017,0.116944,0.683944,-0.646144,0.008626,-1.054284,0.026836,single_joint_sine,1,0.3,30
6.0356,-0.485995,0,-0.523599,0,0,0,-0.491,-0.049,-0.483,0,0.325,0.006,0.341,0.001,0.001,0.019,0.001,-0.017,0.116944,0.683944,-0.646144,0.008626,-1.054284,0.026836,single_joint_sine,1,0.3,30
6.0391,-0.484703,0,-0.523599,0,0,0,-0.491,-0.049,-0.483,0,0.325,0.006,0.341,-0.002,-0.002,-0.009,0.001,-0.001,0.116944,0.679219,-0.622519,0.027795,-1.054284,-0.013418,single_joint_sine,1,0.3,30
6.0425,-0.483424,0,-0.523599,0,0,0,-0.489,-0.049,-0.483,0,0.325,0.006,0.326,-0.002,-0.002,0.007,-0.003,-0.005,0.296494,0.675675,-0.635512,0.027795,-1.056201,-0.016293,single_joint_sine,1,0.3,30
6.046,-0.482076,0,-0.523599,0,0,0,-0.489,-0.049,-0.483,0,0.325,0.006,0.326,-0.002,-0.002,0.007,-0.003,-0.005,0.296494,0.675675,-0.635512,0.027795,-1.056201,-0.016293,single_joint_sine,1,0.3,30
6.0496,-0.480706,0,-0.523599,0,0,0,-0.487,-0.049,-0.483,0,0.325,0.006,0.34,-0.002,-0.002,0.007,-0.051,-0.005,0.282319,0.675675,-0.635512,0.027795,-1.040866,-0.016293,single_joint_sine,1,0.3,30
6.053,-0.479366,0,-0.523599,0,0,0,-0.487,-0.049,-0.483,0,0.325,0.006,0.34,-0.002,-0.002,0.028,-0.051,0.011,0.282319,0.675675,-0.636694,0.015335,-1.040866,0.000958,single_joint_sine,1,0.3,30
6.0564,-0.478009,0,-0.523599,0,0,0,-0.484,-0.049,-0.483,0,0.325,0.006,0.383,-0.002,-0.002,0.028,-0.051,0.011,0.194906,0.675675,-0.636694,0.015335,-1.040866,0.000958,single_joint_sine,1,0.3,30
6.0598,-0.476611,0,-0.523599,0,0,0,-0.484,-0.049,-0.483,0,0.325,0.006,0.383,-0.001,-0.002,0.015,-0.026,0.005,0.194906,0.675675,-0.630787,0.023961,-1.049492,0,single_joint_sine,1,0.3,30
6.0632,-0.475212,0,-0.523599,0,0,0,-0.481,-0.049,-0.483,0,0.325,0.006,0.421,-0.001,-0.002,-0.011,-0.028,0.005,0.093319,0.675675,-0.644962,0.050797,-1.041824,0,single_joint_sine,1,0.3,30
6.0667,-0.473768,0,-0.523599,0,0,0,-0.479,-0.049,-0.483,0,0.325,0.006,0.376,-0.002,-0.002,-0.011,-0.028,0.005,0.305944,0.675675,-0.644962,0.050797,-1.041824,0,single_joint_sine,1,0.3,30
6.0704,-0.472198,0,-0.523599,0,0,0,-0.479,-0.049,-0.483,0,0.325,0.006,0.376,-0.002,-0.002,-0.011,0.03,0.024,0.305944,0.675675,-0.644962,0.050797,-1.058118,0.004792,single_joint_sine,1,0.3,30
6.0738,-0.470739,0,-0.523599,0,0,0,-0.479,-0.049,-0.483,-0.001,0.325,0.006,0.376,0,0,-0.021,0.03,-0.017,0.305944,0.681581,-0.640238,0.04888,-1.058118,0.002875,single_joint_sine,1,0.3,30
6.0772,-0.46926,0,-0.523599,0,0,0,-0.476,-0.049,-0.483,-0.001,0.325,0.006,0.383,-0.002,-0.006,-0.019,0.013,-0.021,0.261056,0.678037,-0.634331,0.024919,-1.051409,0.005751,single_joint_sine,1,0.3,30
6.0806,-0.467766,0,-0.523599,0,0,0,-0.476,-0.049,-0.483,-0.001,0.325,0.006,0.383,-0.002,-0.006,-0.019,0.013,-0.021,0.261056,0.678037,-0.634331,0.024919,-1.051409,0.005751,single_joint_sine,1,0.3,30
6.0843,-0.466081,0,-0.523599,0,0,0,-0.473,-0.049,-0.483,-0.001,0.325,0.006,0.423,-0.002,-0.006,-0.019,-0.003,-0.021,0.183094,0.678037,-0.634331,0.024919,-1.046616,0.005751,single_joint_sine,1,0.3,30
6.0877,-0.464543,0,-0.523599,0,0,0,-0.473,-0.049,-0.483,-0.001,0.325,0.006,0.423,0,-0.002,-0.005,-0.003,0.009,0.183094,0.67095,-0.644962,0.031629,-1.046616,0.001917,single_joint_sine,1,0.3,30
6.0912,-0.462958,0,-0.523599,0,0,0,-0.473,-0.049,-0.483,-0.001,0.325,0.006,0.423,0,-0.002,-0.005,-0.003,0.009,0.183094,0.67095,-0.644962,0.031629,-1.046616,0.001917,single_joint_sine,1,0.3,30
6.0946,-0.461359,0,-0.523599,0,0,0,-0.47,-0.049,-0.483,-0.001,0.325,0.006,0.47,0,0,-0.009,-0.034,-0.001,0.10395,0.675675,-0.637875,0.033545,-1.060035,0.001917,single_joint_sine,1,0.3,30
6.098,-0.459763,0,-0.523599,0,0,0,-0.467,-0.049,-0.483,-0.001,0.325,0.006,0.425,0,0.003,-0.017,0.013,-0.001,0.262237,0.675675,-0.6426,0.050797,-1.082079,0.001917,single_joint_sine,1,0.3,30
6.1015,-0.458121,0,-0.523599,0,0,0,-0.463,-0.049,-0.483,-0.001,0.325,0.006,0.451,0,0.003,-0.017,0.013,-0.001,0.220894,0.678037,-0.6426,0.050797,-1.082079,0.001917,single_joint_sine,1,0.3,30
6.1053,-0.456287,0,-0.523599,0,0,0,-0.463,-0.049,-0.483,-0.001,0.325,0.006,0.451,0,0.003,-0.017,0.042,0.007,0.220894,0.678037,-0.6426,0.050797,-1.061952,-0.001917,single_joint_sine,1,0.3,30
6.1087,-0.454632,0,-0.523599,0,0,0,-0.463,-0.049,-0.483,-0.001,0.325,0.006,0.451,-0.001,0.007,0.007,0.042,-0.003,0.220894,0.682762,-0.6426,0.035462,-1.061952,0.003834,single_joint_sine,1,0.3,30
6.1121,-0.452959,0,-0.523599,0,0,0,-0.46,-0.049,-0.483,-0.001,0.325,0.006,0.497,0,0.003,0.001,-0.046,-0.009,0.125213,0.6804,-0.646144,0.038338,-1.043741,0.009584,single_joint_sine,1,0.3,30
6.1156,-0.451243,0,-0.523599,0,0,0,-0.46,-0.049,-0.483,-0.001,0.325,0.006,0.497,0,0.003,0.001,-0.046,-0.009,0.125213,0.6804,-0.646144,0.038338,-1.043741,0.009584,single_joint_sine,1,0.3,30
6.1193,-0.449373,0,-0.523599,0,0,0,-0.457,-0.049,-0.483,-0.001,0.325,0.006,0.481,0,0.003,0.001,-0.026,-0.009,0.239794,0.6804,-0.646144,0.038338,-1.042783,0.009584,single_joint_sine,1,0.3,30
6.1227,-0.447643,0,-0.523599,0,0,0,-0.457,-0.049,-0.483,-0.001,0.325,0.006,0.481,0,0.003,-0.009,-0.026,-0.051,0.239794,0.675675,-0.634331,0.039296,-1.042783,-0.016293,single_joint_sine,1,0.3,30
6.1261,-0.445898,0,-0.523599,0,0,0,-0.457,-0.049,-0.483,-0.001,0.325,0.006,0.481,0,0.003,-0.009,-0.026,-0.051,0.239794,0.675675,-0.634331,0.039296,-1.042783,-0.016293,single_joint_sine,1,0.3,30
6.1295,-0.44408,0,-0.523599,0,0,0,-0.453,-0.049,-0.483,-0.001,0.325,0.006,0.479,-0.003,0.006,-0.005,0.009,0.015,0.25515,0.672131,-0.636694,0.051756,-1.06291,-0.024919,single_joint_sine,1,0.3,30
6.1329,-0.442307,0,-0.523599,0,0,0,-0.45,-0.049,-0.483,-0.001,0.325,0.006,0.502,-0.003,-0.001,-0.015,-0.005,0.015,0.252787,0.672131,-0.635512,0.037379,-1.071536,-0.024919,single_joint_sine,1,0.3,30
6.1363,-0.440502,0,-0.523599,0,0,0,-0.446,-0.049,-0.483,-0.001,0.325,0.006,0.539,-0.003,-0.001,-0.015,-0.005,0.015,0.159469,0.672131,-0.635512,0.037379,-1.071536,-0.024919,single_joint_sine,1,0.3,30
6.1399,-0.438591,0,-0.523599,0,0,0,-0.446,-0.049,-0.483,-0.001,0.325,0.006,0.539,0,-0.001,-0.015,-0.021,0.021,0.159469,0.6804,-0.635512,0.037379,-1.040866,-0.035462,single_joint_sine,1,0.3,30
6.1433,-0.436749,0,-0.523599,0,0,0,-0.446,-0.049,-0.483,-0.001,0.325,0.006,0.539,-0.001,0.002,0.007,-0.021,-0.011,0.159469,0.681581,-0.629606,-0.007668,-1.040866,0.046005,single_joint_sine,1,0.3,30
6.1467,-0.434895,0,-0.523599,0,0,0,-0.442,-0.049,-0.483,-0.001,0.325,0.006,0.531,-0.001,0.001,0.007,-0.021,-0.011,0.239794,0.683944,-0.61425,-0.007668,-1.040866,0.046005,single_joint_sine,1,0.3,30
6.1502,-0.432945,0,-0.523599,0,0,0,-0.442,-0.049,-0.483,-0.001,0.325,0.006,0.531,-0.001,0.001,0.026,-0.026,-0.011,0.239794,0.683944,-0.61425,0.017252,-1.041824,0.005751,single_joint_sine,1,0.3,30
6.1536,-0.431049,0,-0.523599,0,0,0,-0.439,-0.049,-0.483,-0.001,0.325,0.006,0.517,-0.001,0.001,-0.011,-0.028,-0.011,0.303581,0.683944,-0.61425,0.011501,-1.048533,0.005751,single_joint_sine,1,0.3,30
6.157,-0.429135,0,-0.523599,0,0,0,-0.439,-0.049,-0.483,-0.001,0.325,0.006,0.517,-0.002,0.004,-0.011,-0.028,0.017,0.303581,0.6804,-0.650869,0.011501,-1.048533,-0.004792,single_joint_sine,1,0.3,30
6.1605,-0.427124,0,-0.523599,0,0,0,-0.439,-0.049,-0.483,-0.001,0.325,0.006,0.517,-0.002,0.004,-0.011,-0.028,0.017,0.303581,0.6804,-0.650869,0.011501,-1.048533,-0.004792,single_joint_sine,1,0.3,30
6.1645,-0.424827,0,-0.523599,0,0,0,-0.435,-0.049,-0.483,-0.001,0.325,0.006,0.582,-0.002,0.003,0.013,0.015,-0.023,0.139387,0.681581,-0.644962,0.023961,-1.060035,0.005751,single_joint_sine,1,0.3,30
6.1679,-0.422875,0,-0.523599,0,0,0,-0.431,-0.049,-0.483,-0.001,0.325,0.006,0.566,-0.002,0,-0.003,-0.001,-0.023,0.222075,0.681581,-0.640238,0.007668,-1.056201,0.005751,single_joint_sine,1,0.3,30
6.1714,-0.420859,0,-0.523599,0,0,0,-0.427,-0.049,-0.483,-0.001,0.325,0.006,0.533,-0.002,0,-0.003,-0.001,-0.023,0.342562,0.681581,-0.640238,0.007668,-1.056201,0.005751,single_joint_sine,1,0.3,30
6.1749,-0.418791,0,-0.523599,0,0,0,-0.427,-0.049,-0.483,-0.001,0.325,0.006,0.533,0,0,-0.003,0.026,-0.005,0.342562,0.6804,-0.640238,0.007668,-1.061952,0.001917,single_joint_sine,1,0.3,30
6.1783,-0.416768,0,-0.523599,0,0,0,-0.427,-0.049,-0.483,-0.001,0.325,0.006,0.533,0.002,0.002,0.007,0.026,-0.013,0.342562,0.686306,-0.628425,0.045047,-1.061952,0.001917,single_joint_sine,1,0.3,30
6.1817,-0.414693,0,-0.523599,0,0,0,-0.423,-0.049,-0.483,-0.001,0.325,0.006,0.64,0,0.001,0.007,0.026,-0.013,0.06615,0.675675,-0.627244,0.045047,-1.061952,0.001917,single_joint_sine,1,0.3,30
6.1853,-0.412535,0,-0.523599,0,0,0,-0.423,-0.049,-0.483,-0.001,0.325,0.006,0.64,0,0.001,-0.009,0.013,0.005,0.06615,0.675675,-0.627244,0.034504,-1.054284,0,single_joint_sine,1,0.3,30
6.1888,-0.410412,0,-0.523599,0,0,0,-0.418,-0.049,-0.483,-0.001,0.325,0.006,0.563,0,0.001,-0.024,0.036,0.005,0.31185,0.675675,-0.627244,0.052714,-1.064827,0,single_joint_sine,1,0.3,30
6.1922,-0.40832,0,-0.523599,0,0,0,-0.418,-0.049,-0.483,-0.001,0.325,0.006,0.563,0,0.001,-0.024,0.036,0.001,0.31185,0.685125,-0.639056,0.052714,-1.064827,0.013418,single_joint_sine,1,0.3,30
6.1957,-0.406121,0,-0.523599,0,0,0,-0.418,-0.049,-0.483,-0.001,0.325,0.006,0.563,0,0.001,-0.024,0.036,0.001,0.31185,0.685125,-0.639056,0.052714,-1.064827,0.013418,single_joint_sine,1,0.3,30
6.1994,-0.403831,0,-0.523599,0,0,0,-0.414,-0.049,-0.483,-0.001,0.325,0.006,0.601,0,-0.001,-0.036,0.034,-0.024,0.240975,0.688669,-0.630787,0.029712,-1.056201,0.002875,single_joint_sine,1,0.3,30
6.2028,-0.401688,0,-0.523599,0,0,0,-0.41,-0.049,-0.483,-0.001,0.325,0.006,0.622,0,-0.001,0.024,0,-0.024,0.192544,0.688669,-0.630787,0.01246,-1.039907,0.002875,single_joint_sine,1,0.3,30
6.2063,-0.399472,0,-0.523599,0,0,0,-0.41,-0.049,-0.483,-0.001,0.325,0.006,0.622,0,-0.001,0.024,0,-0.024,0.192544,0.688669,-0.630787,0.01246,-1.039907,0.002875,single_joint_sine,1,0.3,30
6.2098,-0.397194,0,-0.523599,0,0,0,-0.406,-0.049,-0.483,-0.001,0.325,0.006,0.6,0,-0.001,0.024,0.021,0.005,0.308306,0.675675,-0.630787,0.01246,-1.0447,0.002875,single_joint_sine,1,0.3,30
6.2132,-0.394999,0,-0.523599,0,0,0,-0.406,-0.049,-0.483,-0.001,0.325,0.006,0.6,0.003,-0.003,-0.019,0.021,0.015,0.308306,0.663863,-0.620156,0.041213,-1.0447,-0.005751,single_joint_sine,1,0.3,30
6.2168,-0.39268,0,-0.523599,0,0,0,-0.401,-0.049,-0.483,-0.001,0.325,0.006,0.654,0.002,0.002,0.001,0.021,0.015,0.114581,0.672131,-0.641419,0.006709,-1.0447,-0.005751,single_joint_sine,1,0.3,30
6.2203,-0.390377,0,-0.523599,0,0,0,-0.401,-0.049,-0.483,-0.001,0.325,0.006,0.654,0.002,0.002,0.001,-0.013,0.024,0.114581,0.672131,-0.641419,0.006709,-1.042783,-0.011501,single_joint_sine,1,0.3,30
6.2237,-0.388133,0,-0.523599,0,0,0,-0.397,-0.049,-0.483,-0.001,0.325,0.006,0.617,0.002,0.002,0.03,-0.019,0.024,0.343744,0.672131,-0.641419,-0.000958,-1.053326,-0.011501,single_joint_sine,1,0.3,30
6.2271,-0.385873,0,-0.523599,0,0,0,-0.397,-0.049,-0.483,-0.001,0.325,0.006,0.617,0,0.002,0.03,-0.019,0.007,0.343744,0.676856,-0.647325,-0.000958,-1.053326,0.007668,single_joint_sine,1,0.3,30
6.2305,-0.383564,0,-0.523599,0,0,0,-0.397,-0.049,-0.483,-0.001,0.325,0.006,0.617,0,0.002,0.03,-0.019,0.007,0.343744,0.676856,-0.647325,-0.000958,-1.053326,0.007668,single_joint_sine,1,0.3,30
6.2346,-0.380856,0,-0.523599,0,0,0,-0.392,-0.049,-0.483,-0.001,0.325,0.006,0.649,-0.001,0,0.015,0,0.013,0.315394,0.682762,-0.627244,0.056548,-1.011154,-0.000958,single_joint_sine,1,0.3,30
6.238,-0.378547,0,-0.523599,0,0,0,-0.387,-0.049,-0.483,-0.001,0.324,0.006,0.681,-0.001,0,-0.005,-0.088,0.013,0.214987,0.682762,-0.635512,0.019169,-1.117541,-0.000958,single_joint_sine,1,0.3,30
6.2416,-0.376025,0,-0.523599,0,0,0,-0.383,-0.049,-0.483,-0.001,0.324,0.006,0.663,0,0,-0.005,-0.088,0.013,0.261056,0.679219,-0.635512,0.019169,-1.117541,-0.000958,single_joint_sine,1,0.3,30
6.2451,-0.373649,0,-0.523599,0,0,0,-0.383,-0.049,-0.483,-0.001,0.324,0.006,0.663,0,0,-0.005,-0.013,-0.011,0.261056,0.679219,-0.635512,0.019169,-1.057159,0.013418,single_joint_sine,1,0.3,30
6.2485,-0.37129,0,-0.523599,0,0,0,-0.383,-0.049,-0.483,-0.001,0.324,0.006,0.663,0,-0.001,0.023,-0.013,-0.005,0.261056,0.683944,-0.628425,0.033545,-1.057159,-0.099678,single_joint_sine,1,0.3,30
6.2519,-0.368922,0,-0.523599,0,0,0,-0.378,-0.049,-0.483,-0.001,0.324,0.006,0.687,0.001,0.004,-0.028,0.034,-0.005,0.213806,0.682762,-0.630787,0.044088,-1.076328,-0.099678,single_joint_sine,1,0.3,30
6.2554,-0.366448,0,-0.523599,0,0,0,-0.378,-0.049,-0.483,-0.001,0.324,0.007,0.687,0.001,0.004,-0.028,0.034,0.026,0.213806,0.682762,-0.630787,0.044088,-1.076328,-0.004792,single_joint_sine,1,0.3,30
6.2588,-0.364045,0,-0.523599,0,0,0,-0.373,-0.049,-0.483,-0.001,0.325,0.007,0.695,0.001,0.004,0.023,0.003,0.026,0.232706,0.682762,-0.630787,0.015335,-1.069619,-0.004792,single_joint_sine,1,0.3,30
6.2622,-0.361627,0,-0.523599,0,0,0,-0.373,-0.049,-0.483,-0.001,0.325,0.006,0.695,0.001,-0.004,0.023,0.003,-0.026,0.232706,0.682762,-0.628425,0.015335,-1.069619,0.009584,single_joint_sine,1,0.3,30
6.2656,-0.3592,0,-0.523599,0,0,0,-0.373,-0.049,-0.483,-0.001,0.325,0.006,0.695,0.001,-0.004,0.023,0.003,-0.026,0.232706,0.682762,-0.628425,0.015335,-1.069619,0.009584,single_joint_sine,1,0.3,30
6.2694,-0.356456,0,-0.523599,0,0,0,-0.368,-0.049,-0.483,-0.001,0.324,0.006,0.692,0,0,0,-0.019,-0.023,0.259875,0.681581,-0.636694,-0.005751,-1.034157,0.008626,single_joint_sine,1,0.3,30
6.2728,-0.353991,0,-0.523599,0,0,0,-0.363,-0.049,-0.483,-0.001,0.324,0.006,0.742,0,0,0.015,-0.023,-0.023,0.131119,0.681581,-0.630787,0.01821,-1.037991,0.008626,single_joint_sine,1,0.3,30
6.2762,-0.351511,0,-0.523599,0,0,0,-0.363,-0.049,-0.483,-0.001,0.324,0.006,0.742,0,0,0.015,-0.023,-0.023,0.131119,0.681581,-0.630787,0.01821,-1.037991,0.008626,single_joint_sine,1,0.3,30
6.28,-0.348696,0,-0.523599,0,0,0,-0.358,-0.049,-0.483,-0.001,0.324,0.006,0.716,0,0,0.015,0.023,0,0.289406,0.675675,-0.630787,0.01821,-1.061952,0.001917,single_joint_sine,1,0.3,30
6.2834,-0.346187,0,-0.523599,0,0,0,-0.358,-0.049,-0.483,-0.001,0.324,0.006,0.716,0,0,0.001,0.023,0,0.289406,0.6804,-0.634331,0.026836,-1.061952,-0.005751,single_joint_sine,1,0.3,30
6.2868,-0.343663,0,-0.523599,0,0,0,-0.353,-0.049,-0.483,-0.001,0.324,0.006,0.759,0,-0.002,-0.015,0.013,0.011,0.153562,0.675675,-0.6237,0.020127,-1.066744,0.004792,single_joint_sine,1,0.3,30
6.2906,-0.340857,0,-0.523599,0,0,0,-0.353,-0.049,-0.483,-0.001,0.324,0.006,0.759,0,-0.002,-0.015,0.013,0.011,0.153562,0.675675,-0.6237,0.020127,-1.066744,0.004792,single_joint_sine,1,0.3,30
6.2942,-0.338163,0,-0.523599,0,0,0,-0.348,-0.049,-0.483,-0.001,0.324,0.006,0.713,0,-0.002,-0.003,-0.021,0.011,0.294131,0.675675,-0.6237,0.05559,-1.052367,0.004792,single_joint_sine,1,0.3,30
6.2976,-0.335595,0,-0.523599,0,0,0,-0.348,-0.049,-0.483,-0.001,0.324,0.006,0.713,0,-0.001,-0.003,-0.021,-0.017,0.294131,0.676856,-0.637875,0.05559,-1.052367,0.004792,single_joint_sine,1,0.3,30
6.301,-0.333019,0,-0.523599,0,0,0,-0.348,-0.049,-0.483,-0.001,0.324,0.006,0.713,0,-0.001,-0.003,-0.021,-0.017,0.294131,0.676856,-0.637875,0.05559,-1.052367,0.004792,single_joint_sine,1,0.3,30
6.3047,-0.330187,0,-0.523599,0,0,0,-0.342,-0.049,-0.483,-0.001,0.324,0.006,0.78,0,0,-0.03,-0.021,-0.001,0.102769,0.673312,-0.631969,0.035462,-1.052367,0.001917,single_joint_sine,1,0.3,30
6.3081,-0.327576,0,-0.523599,0,0,0,-0.337,-0.049,-0.483,-0.001,0.325,0.006,0.736,0.001,0.002,-0.005,0.049,-0.001,0.309487,0.672131,-0.636694,0.032587,-1.073453,0.001917,single_joint_sine,1,0.3,30
6.3115,-0.32496,0,-0.523599,0,0,0,-0.337,-0.049,-0.483,-0.001,0.325,0.006,0.736,0.001,0.002,-0.005,0.049,-0.001,0.309487,0.672131,-0.636694,0.032587,-1.073453,0.001917,single_joint_sine,1,0.3,30
6.3152,-0.322035,0,-0.523599,0,0,0,-0.332,-0.049,-0.483,-0.001,0.325,0.006,0.775,0.001,0.002,-0.005,-0.001,-0.013,0.197269,0.672131,-0.636694,0.032587,-1.040866,0.01821,single_joint_sine,1,0.3,30
6.3186,-0.319385,0,-0.523599,0,0,0,-0.332,-0.049,-0.483,-0.001,0.325,0.006,0.775,0,0,-0.007,-0.001,0.001,0.197269,0.673312,-0.621337,0.023003,-1.040866,0.005751,single_joint_sine,1,0.3,30
6.322,-0.31672,0,-0.523599,0,0,0,-0.326,-0.049,-0.483,-0.001,0.325,0.006,0.741,0.002,-0.002,0.001,-0.038,-0.019,0.295313,0.681581,-0.628425,0.017252,-1.025531,-0.005751,single_joint_sine,1,0.3,30
6.3255,-0.313966,0,-0.523599,0,0,0,-0.326,-0.049,-0.483,-0.001,0.325,0.006,0.741,0.002,-0.002,0.001,-0.038,-0.019,0.295313,0.681581,-0.628425,0.017252,-1.025531,-0.005751,single_joint_sine,1,0.3,30
6.3291,-0.311145,0,-0.523599,0,0,0,-0.321,-0.049,-0.483,-0.001,0.324,0.006,0.797,0.002,-0.002,0.007,-0.032,-0.019,0.191362,0.681581,-0.628425,0.050797,-1.063868,-0.005751,single_joint_sine,1,0.3,30
6.3325,-0.308441,0,-0.523599,0,0,0,-0.321,-0.049,-0.483,-0.001,0.324,0.006,0.797,0,-0.001,0.007,-0.032,0.021,0.191362,0.676856,-0.637875,0.050797,-1.063868,-0.026836,single_joint_sine,1,0.3,30
6.3359,-0.305686,0,-0.523599,0,0,0,-0.321,-0.049,-0.483,-0.001,0.324,0.006,0.797,0,-0.001,0.007,-0.032,0.021,0.191362,0.676856,-0.637875,0.050797,-1.063868,-0.026836,single_joint_sine,1,0.3,30
6.3394,-0.302867,0,-0.523599,0,0,0,-0.315,-0.049,-0.483,-0.001,0.324,0.006,0.78,-0.002,-0.008,-0.009,0.046,-0.019,0.278775,0.669769,-0.641419,0.026836,-1.099331,0.014377,single_joint_sine,1,0.3,30
6.3428,-0.300124,0,-0.523599,0,0,0,-0.31,-0.049,-0.483,-0.001,0.325,0.006,0.773,-0.002,0.002,0.009,0.047,-0.019,0.318937,0.669769,-0.640238,0.021086,-1.083037,0.014377,single_joint_sine,1,0.3,30
6.3463,-0.297322,0,-0.523599,0,0,0,-0.304,-0.049,-0.483,-0.001,0.325,0.006,0.808,-0.002,0.002,0.009,0.047,-0.019,0.230344,0.682762,-0.640238,0.021086,-1.083037,0.014377,single_joint_sine,1,0.3,30
6.3507,-0.293755,0,-0.523599,0,0,0,-0.304,-0.049,-0.483,-0.001,0.325,0.006,0.808,-0.002,0.002,0.009,-0.055,-0.007,0.230344,0.682762,-0.640238,0.021086,-1.014988,0.010543,single_joint_sine,1,0.3,30
6.3541,-0.29096,0,-0.523599,0,0,0,-0.304,-0.049,-0.483,-0.001,0.325,0.006,0.808,0,0,0.013,-0.055,-0.005,0.230344,0.688669,-0.634331,0.022044,-1.014988,0.001917,single_joint_sine,1,0.3,30
6.3575,-0.288165,0,-0.523599,0,0,0,-0.299,-0.049,-0.483,-0.001,0.325,0.006,0.792,0,0,-0.015,0.007,-0.009,0.31185,0.695756,-0.63315,0.040254,-1.043741,-0.005751,single_joint_sine,1,0.3,30
6.3609,-0.285358,0,-0.523599,0,0,0,-0.299,-0.049,-0.483,-0.001,0.325,0.006,0.792,0,0,-0.015,0.007,-0.009,0.31185,0.695756,-0.63315,0.040254,-1.043741,-0.005751,single_joint_sine,1,0.3,30
6.3643,-0.282523,0,-0.523599,0,0,0,-0.293,-0.049,-0.483,-0.001,0.325,0.006,0.831,0,0,-0.001,0.011,-0.009,0.204356,0.695756,-0.63315,0.023961,-1.070577,-0.005751,single_joint_sine,1,0.3,30
6.3677,-0.279691,0,-0.523599,0,0,0,-0.293,-0.049,-0.483,-0.001,0.325,0.006,0.831,0,0.003,-0.001,0.011,-0.003,0.204356,0.687487,-0.634331,0.023961,-1.070577,-0.016293,single_joint_sine,1,0.3,30
6.3712,-0.276808,0,-0.523599,0,0,0,-0.293,-0.049,-0.483,-0.001,0.325,0.006,0.831,0,0.003,-0.001,0.011,-0.003,0.204356,0.687487,-0.634331,0.023961,-1.070577,-0.016293,single_joint_sine,1,0.3,30
6.3751,-0.273479,0,-0.523599,0,0,0,-0.287,-0.049,-0.483,-0.001,0.325,0.006,0.804,-0.002,0.001,-0.001,0.028,0.015,0.334294,0.678037,-0.631969,0.023961,-1.063868,0.13514,single_joint_sine,1,0.3,30
6.3785,-0.270612,0,-0.523599,0,0,0,-0.281,-0.049,-0.483,-0.001,0.325,0.006,0.88,0,0.001,0.032,-0.015,-0.013,0.072056,0.669769,-0.634331,0.01821,-1.036074,0,single_joint_sine,1,0.3,30
6.3819,-0.267751,0,-0.523599,0,0,0,-0.276,-0.049,-0.483,-0.001,0.325,0.006,0.814,0,0.001,0.032,0.007,-0.013,0.320119,0.669769,-0.634331,0.01821,-1.047575,0,single_joint_sine,1,0.3,30
6.3855,-0.264729,0,-0.523599,0,0,0,-0.276,-0.049,-0.483,-0.001,0.325,0.006,0.814,0,0.001,0.032,0.007,-0.013,0.320119,0.669769,-0.634331,0.01821,-1.047575,0,single_joint_sine,1,0.3,30
6.3893,-0.261442,0,-0.523599,0,0,0,-0.276,-0.049,-0.483,-0.001,0.325,0.006,0.814,-0.001,0,-0.021,0.007,0.013,0.320119,0.683944,-0.629606,0.036421,-1.047575,-0.002875,single_joint_sine,1,0.3,30
6.3927,-0.258531,0,-0.523599,0,0,0,-0.269,-0.049,-0.483,-0.001,0.325,0.006,0.888,0.001,-0.003,0.003,-0.023,-0.011,0.150019,0.67095,-0.639056,0.026836,-1.042783,0.004792,single_joint_sine,1,0.3,30
6.3962,-0.255554,0,-0.523599,0,0,0,-0.264,-0.049,-0.483,-0.001,0.325,0.006,0.846,0.001,-0.003,0.003,-0.023,-0.011,0.23625,0.67095,-0.639056,0.026836,-1.042783,0.004792,single_joint_sine,1,0.3,30
6.3998,-0.252432,0,-0.523599,0,0,0,-0.264,-0.049,-0.483,-0.001,0.325,0.006,0.846,0.001,-0.003,-0.009,0.026,-0.011,0.23625,0.67095,-0.639056,0.033545,-1.053326,0.004792,single_joint_sine,1,0.3,30
6.4032,-0.249488,0,-0.523599,0,0,0,-0.264,-0.049,-0.483,-0.001,0.325,0.006,0.846,0.002,0,-0.009,-0.005,0.013,0.23625,0.683944,-0.641419,0.033545,-1.059076,0,single_joint_sine,1,0.3,30
6.4066,-0.246485,0,-0.523599,0,0,0,-0.257,-0.049,-0.483,-0.001,0.325,0.006,0.882,0,0,-0.009,-0.005,0.013,0.177187,0.693394,-0.639056,0.033545,-1.059076,0,single_joint_sine,1,0.3,30
6.4101,-0.243477,0,-0.523599,0,0,0,-0.257,-0.049,-0.483,-0.001,0.325,0.006,0.882,0,0,0.007,-0.005,0.019,0.177187,0.693394,-0.639056,0.021086,-1.059076,-0.01821,single_joint_sine,1,0.3,30
6.4135,-0.240501,0,-0.523599,0,0,0,-0.252,-0.049,-0.483,-0.001,0.325,0.006,0.864,0,0,-0.011,0.011,0.021,0.2457,0.683944,-0.627244,0.017252,-1.052367,0.000958,single_joint_sine,1,0.3,30
6.4169,-0.237525,0,-0.523599,0,0,0,-0.245,-0.049,-0.483,-0.001,0.325,0.006,0.878,0,0,-0.011,0.011,0.021,0.205538,0.683944,-0.627244,0.017252,-1.052367,0.000958,single_joint_sine,1,0.3,30
6.4205,-0.234291,0,-0.523599,0,0,0,-0.245,-0.049,-0.483,-0.001,0.325,0.006,0.878,0,0,-0.011,0.009,0.021,0.205538,0.683944,-0.627244,0.017252,-1.060035,0.000958,single_joint_sine,1,0.3,30
6.424,-0.231212,0,-0.523599,0,0,0,-0.245,-0.049,-0.483,-0.001,0.325,0.006,0.878,-0.003,-0.005,0.023,0.009,0.011,0.205538,0.692213,-0.646144,0.014377,-1.060035,0.007668,single_joint_sine,1,0.3,30
6.4274,-0.228197,0,-0.523599,0,0,0,-0.239,-0.049,-0.483,-0.001,0.325,0.006,0.881,-0.001,0,0.03,-0.011,-0.019,0.211444,0.679219,-0.63315,0.011501,-1.05045,0.001917,single_joint_sine,1,0.3,30
6.4312,-0.224874,0,-0.523599,0,0,0,-0.239,-0.049,-0.483,-0.001,0.325,0.006,0.881,-0.001,0,0.03,-0.011,-0.019,0.211444,0.679219,-0.63315,0.011501,-1.05045,0.001917,single_joint_sine,1,0.3,30
6.4346,-0.221789,0,-0.523599,0,0,0,-0.233,-0.049,-0.483,-0.001,0.325,0.006,0.875,-0.001,0,-0.001,0,-0.019,0.243337,0.679219,-0.63315,0.026836,-1.054284,0.001917,single_joint_sine,1,0.3,30
6.438,-0.218753,0,-0.523599,0,0,0,-0.233,-0.049,-0.483,-0.001,0.325,0.006,0.875,0.001,-0.001,-0.001,-0.009,-0.001,0.243337,0.675675,-0.639056,0.026836,-1.048533,0.008626,single_joint_sine,1,0.3,30
6.4415,-0.215648,0,-0.523599,0,0,0,-0.227,-0.049,-0.483,-0.001,0.325,0.006,0.889,0,-0.001,-0.001,-0.009,-0.001,0.244519,0.678037,-0.639056,0.026836,-1.048533,0.008626,single_joint_sine,1,0.3,30
6.445,-0.212477,0,-0.523599,0,0,0,-0.227,-0.049,-0.483,-0.001,0.325,0.006,0.889,0,-0.002,-0.005,-0.009,-0.013,0.244519,0.678037,-0.641419,0.028753,-1.048533,0.003834,single_joint_sine,1,0.3,30
6.4484,-0.209406,0,-0.523599,0,0,0,-0.22,-0.049,-0.483,-0.001,0.325,0.006,0.887,0,-0.005,-0.001,-0.017,0.001,0.250425,0.682762,-0.636694,0.034504,-1.045658,0,single_joint_sine,1,0.3,30
6.4518,-0.206328,0,-0.523599,0,0,0,-0.214,-0.049,-0.483,-0.001,0.325,0.006,0.905,0,-0.005,-0.001,0.026,0.001,0.216169,0.682762,-0.636694,0.034504,-1.053326,0,single_joint_sine,1,0.3,30
6.4557,-0.202795,0,-0.523599,0,0,0,-0.214,-0.049,-0.483,-0.001,0.325,0.006,0.905,0,-0.005,-0.001,0.026,0.001,0.216169,0.682762,-0.636694,0.034504,-1.053326,0,single_joint_sine,1,0.3,30
6.4593,-0.199512,0,-0.523599,0,0,0,-0.214,-0.049,-0.483,-0.001,0.325,0.006,0.905,0.001,0,0.009,0.026,0,0.216169,0.679219,-0.639056,0.032587,-1.053326,-0.001917,single_joint_sine,1,0.3,30
6.4627,-0.196406,0,-0.523599,0,0,0,-0.208,-0.049,-0.483,-0.001,0.325,0.006,0.861,0,0,0.017,-0.046,0.007,0.315394,0.678037,-0.635512,0.021086,-1.035115,0.008626,single_joint_sine,1,0.3,30
6.4661,-0.193241,0,-0.523599,0,0,0,-0.201,-0.049,-0.483,-0.001,0.325,0.006,0.968,0,0,0.017,-0.046,0.007,0.105131,0.678037,-0.635512,0.021086,-1.035115,0.008626,single_joint_sine,1,0.3,30
6.4698,-0.189903,0,-0.523599,0,0,0,-0.201,-0.049,-0.483,-0.001,0.325,0.006,0.968,0,0,0.003,-0.013,0.007,0.105131,0.678037,-0.635512,0.015335,-1.039907,0.008626,single_joint_sine,1,0.3,30
6.4732,-0.186773,0,-0.523599,0,0,0,-0.201,-0.049,-0.483,-0.001,0.324,0.006,0.968,0.002,0.006,0.003,-0.015,0.028,0.105131,0.666225,-0.629606,0.015335,-1.056201,-0.001917,single_joint_sine,1,0.3,30
6.4766,-0.183643,0,-0.523599,0,0,0,-0.195,-0.049,-0.483,-0.001,0.324,0.006,0.884,0,0.006,0.003,-0.015,0.028,0.327206,0.683944,-0.629606,0.015335,-1.056201,-0.001917,single_joint_sine,1,0.3,30
6.4801,-0.18038,0,-0.523599,0,0,0,-0.195,-0.049,-0.483,-0.001,0.324,0.006,0.884,0,0,-0.005,-0.015,-0.009,0.327206,0.683944,-0.639056,0.029712,-1.056201,0.01821,single_joint_sine,1,0.3,30
6.4835,-0.177226,0,-0.523599,0,0,0,-0.188,-0.049,-0.483,-0.001,0.325,0.006,0.96,0,0.001,0.005,-0.021,-0.011,0.150019,0.673312,-0.639056,0.024919,-1.054284,-0.011501,single_joint_sine,1,0.3,30
6.4869,-0.174074,0,-0.523599,0,0,0,-0.182,-0.049,-0.483,-0.001,0.325,0.006,0.925,0,0.001,0.005,-0.021,-0.011,0.231525,0.673312,-0.639056,0.024919,-1.054284,-0.011501,single_joint_sine,1,0.3,30
6.4903,-0.170886,0,-0.523599,0,0,0,-0.182,-0.049,-0.483,-0.001,0.325,0.006,0.925,0,0.001,0.005,0.047,-0.011,0.231525,0.673312,-0.639056,0.024919,-1.066744,-0.011501,single_joint_sine,1,0.3,30
6.4937,-0.167711,0,-0.523599,0,0,0,-0.182,-0.049,-0.483,-0.001,0.325,0.006,0.925,0,0,-0.007,0.047,0.023,0.231525,0.674494,-0.63315,0.029712,-1.066744,-0.009584,single_joint_sine,1,0.3,30
6.4971,-0.16453,0,-0.523599,0,0,0,-0.175,-0.049,-0.483,-0.001,0.325,0.006,0.942,0.001,0.001,-0.009,0.019,-0.03,0.211444,0.675675,-0.634331,0.025878,-1.055242,0.016293,single_joint_sine,1,0.3,30
6.5006,-0.161268,0,-0.523599,0,0,0,-0.175,-0.049,-0.483,-0.001,0.325,0.006,0.942,0.001,0.001,-0.009,0.019,-0.03,0.211444,0.675675,-0.634331,0.025878,-1.055242,0.016293,single_joint_sine,1,0.3,30
6.5041,-0.157968,0,-0.523599,0,0,0,-0.169,-0.049,-0.483,-0.001,0.325,0.006,0.938,0.001,0.001,-0.013,-0.026,-0.03,0.248062,0.675675,-0.634331,0.036421,-1.048533,0.016293,single_joint_sine,1,0.3,30
6.5075,-0.154774,0,-0.523599,0,0,0,-0.169,-0.049,-0.483,-0.001,0.325,0.007,0.938,0,-0.002,-0.013,-0.026,0.044,0.248062,0.676856,-0.634331,0.036421,-1.048533,0.038338,single_joint_sine,1,0.3,30
6.5109,-0.151522,0,-0.523599,0,0,0,-0.169,-0.049,-0.483,-0.001,0.325,0.007,0.938,0,-0.002,-0.013,-0.026,0.044,0.248062,0.676856,-0.634331,0.036421,-1.048533,0.038338,single_joint_sine,1,0.3,30
6.5145,-0.148121,0,-0.523599,0,0,0,-0.162,-0.049,-0.483,-0.001,0.325,0.006,0.956,0,0,0.026,0.013,-0.057,0.186637,0.679219,-0.631969,0.013418,-1.053326,0.023961,single_joint_sine,1,0.3,30
6.5179,-0.144903,0,-0.523599,0,0,0,-0.156,-0.049,-0.483,-0.001,0.325,0.006,0.954,-0.001,0,-0.011,-0.005,-0.03,0.2079,0.6804,-0.646144,0.000958,-1.057159,0.001917,single_joint_sine,1,0.3,30
6.5213,-0.141675,0,-0.523599,0,0,0,-0.149,-0.049,-0.483,-0.001,0.325,0.006,0.94,-0.001,0,-0.011,-0.005,-0.03,0.275231,0.6804,-0.646144,0.000958,-1.057159,0.001917,single_joint_sine,1,0.3,30
6.5253,-0.137882,0,-0.523599,0,0,0,-0.149,-0.049,-0.483,-0.001,0.325,0.006,0.94,-0.001,0,-0.011,-0.015,-0.03,0.275231,0.6804,-0.646144,0.000958,-1.049492,0.001917,single_joint_sine,1,0.3,30
6.5287,-0.134642,0,-0.523599,0,0,0,-0.149,-0.049,-0.483,-0.001,0.325,0.006,0.94,0,0,-0.011,-0.015,0.019,0.275231,0.679219,-0.63315,0.044088,-1.049492,-0.008626,single_joint_sine,1,0.3,30
6.5321,-0.131396,0,-0.523599,0,0,0,-0.142,-0.049,-0.483,-0.001,0.325,0.006,0.969,0,0.002,-0.011,0.017,-0.024,0.116944,0.673312,-0.636694,0.027795,-1.059076,0.005751,single_joint_sine,1,0.3,30
6.5357,-0.127989,0,-0.523599,0,0,0,-0.142,-0.049,-0.483,-0.001,0.325,0.006,0.969,0,0.002,-0.011,0.017,-0.024,0.116944,0.673312,-0.636694,0.027795,-1.059076,0.005751,single_joint_sine,1,0.3,30
6.5392,-0.124637,0,-0.523599,0,0,0,-0.136,-0.049,-0.483,-0.001,0.325,0.006,0.916,0,0.002,-0.001,-0.009,-0.024,0.348469,0.673312,-0.636694,0.036421,-1.069619,0.005751,single_joint_sine,1,0.3,30
6.5426,-0.121376,0,-0.523599,0,0,0,-0.136,-0.049,-0.483,-0.001,0.325,0.006,0.916,0,-0.002,-0.001,0.028,-0.017,0.348469,0.682762,-0.636694,0.036421,-1.071536,0.001917,single_joint_sine,1,0.3,30
6.5459,-0.118165,0,-0.523599,0,0,0,-0.136,-0.049,-0.483,-0.001,0.325,0.006,0.916,0,-0.002,-0.001,0.028,-0.017,0.348469,0.682762,-0.636694,0.036421,-1.071536,0.001917,single_joint_sine,1,0.3,30
6.5495,-0.114725,0,-0.523599,0,0,0,-0.129,-0.049,-0.483,-0.001,0.325,0.006,0.974,-0.003,0.001,-0.023,0.028,-0.005,0.204356,0.691031,-0.648506,0.046964,-1.071536,0,single_joint_sine,1,0.3,30
6.5529,-0.111449,0,-0.523599,0,0,0,-0.122,-0.049,-0.483,-0.001,0.325,0.006,0.966,0,-0.004,0,-0.001,0.024,0.189,0.678037,-0.63315,0.01821,-1.05045,0.007668,single_joint_sine,1,0.3,30
6.5563,-0.108177,0,-0.523599,0,0,0,-0.116,-0.049,-0.483,-0.001,0.325,0.006,0.942,0,-0.004,0,-0.001,0.024,0.313031,0.678037,-0.63315,0.01821,-1.05045,0.007668,single_joint_sine,1,0.3,30
6.5602,-0.104364,0,-0.523599,0,0,0,-0.116,-0.049,-0.483,-0.001,0.325,0.006,0.942,0,-0.004,0,0.113,0.024,0.313031,0.678037,-0.63315,0.01821,-0.974733,0.007668,single_joint_sine,1,0.3,30
6.5636,-0.101073,0,-0.523599,0,0,0,-0.116,-0.049,-0.483,-0.001,0.325,0.006,0.942,0,-0.001,0,0.113,0.013,0.313031,0.6804,-0.621337,0.051756,-0.974733,-0.004792,single_joint_sine,1,0.3,30
6.567,-0.09778,0,-0.523599,0,0,0,-0.109,-0.049,-0.483,-0.001,0.325,0.006,0.987,0,-0.001,-0.028,0.053,0,0.163013,0.686306,-0.643781,0.023961,-1.071536,0.004792,single_joint_sine,1,0.3,30
6.5705,-0.094367,0,-0.523599,0,0,0,-0.109,-0.049,-0.483,-0.001,0.325,0.006,0.987,0,-0.001,-0.028,0.053,0,0.163013,0.686306,-0.643781,0.023961,-1.071536,0.004792,single_joint_sine,1,0.3,30
6.5742,-0.090818,0,-0.523599,0,0,0,-0.102,-0.049,-0.483,-0.001,0.325,0.006,0.949,0,-0.001,0.015,-0.011,0,0.232706,0.686306,-0.643781,0.013418,-1.051409,0.004792,single_joint_sine,1,0.3,30
6.5776,-0.087513,0,-0.523599,0,0,0,-0.102,-0.049,-0.483,-0.001,0.325,0.006,0.949,0,-0.002,0.015,0.032,-0.003,0.232706,0.6804,-0.640238,0.013418,-1.05045,0.006709,single_joint_sine,1,0.3,30
6.581,-0.084211,0,-0.523599,0,0,0,-0.102,-0.049,-0.483,-0.001,0.325,0.006,0.949,0,-0.002,0.015,0.032,-0.003,0.232706,0.6804,-0.640238,0.013418,-1.05045,0.006709,single_joint_sine,1,0.3,30
6.5849,-0.080393,0,-0.523599,0,0,0,-0.095,-0.049,-0.483,-0.001,0.325,0.006,0.974,0,-0.004,0.011,0.032,0.003,0.189,0.686306,-0.630787,0.022044,-1.05045,0.003834,single_joint_sine,1,0.3,30
6.5883,-0.077075,0,-0.523599,0,0,0,-0.088,-0.049,-0.483,-0.001,0.325,0.006,0.957,0.002,0.005,0.005,-0.024,-0.023,0.270506,0.668588,-0.639056,0.024919,-1.034157,0.002875,single_joint_sine,1,0.3,30
6.5917,-0.073704,0,-0.523599,0,0,0,-0.082,-0.049,-0.483,-0.001,0.325,0.006,0.968,0.002,0.005,0.005,-0.024,-0.023,0.138206,0.668588,-0.639056,0.024919,-1.034157,0.002875,single_joint_sine,1,0.3,30
6.5952,-0.070335,0,-0.523599,0,0,0,-0.082,-0.049,-0.483,-0.001,0.325,0.006,0.968,0.002,0.005,0.005,-0.026,-0.023,0.138206,0.668588,-0.639056,0.024919,-1.034157,0.002875,single_joint_sine,1,0.3,30
6.5986,-0.067009,0,-0.523599,0,0,0,-0.082,-0.049,-0.483,-0.001,0.325,0.006,0.968,0,0,0.015,-0.026,-0.017,0.138206,0.681581,-0.643781,0.020127,-1.034157,-0.002875,single_joint_sine,1,0.3,30
6.602,-0.063681,0,-0.523599,0,0,0,-0.075,-0.049,-0.483,-0.001,0.325,0.006,0.979,0,0.002,-0.007,-0.009,0.013,0.197269,0.679219,-0.636694,0.019169,-1.057159,-0.022044,single_joint_sine,1,0.3,30
6.6056,-0.060181,0,-0.523599,0,0,0,-0.075,-0.049,-0.483,-0.001,0.325,0.006,0.979,0,0.002,-0.007,-0.009,0.013,0.197269,0.679219,-0.636694,0.019169,-1.057159,-0.022044,single_joint_sine,1,0.3,30
6.6092,-0.056601,0,-0.523599,0,0,0,-0.068,-0.049,-0.483,-0.001,0.325,0.006,0.953,0,0.002,0.009,-0.019,0.013,0.313031,0.679219,-0.636694,0.011501,-1.049492,-0.022044,single_joint_sine,1,0.3,30
6.6126,-0.053265,0,-0.523599,0,0,0,-0.068,-0.049,-0.483,-0.001,0.325,0.006,0.953,0,-0.001,0.009,-0.009,0.017,0.313031,0.682762,-0.628425,0.011501,-1.049492,-0.01821,single_joint_sine,1,0.3,30
6.616,-0.049925,0,-0.523599,0,0,0,-0.068,-0.049,-0.483,-0.001,0.325,0.006,0.953,0,-0.001,0.009,-0.009,0.017,0.313031,0.682762,-0.628425,0.011501,-1.049492,-0.01821,single_joint_sine,1,0.3,30
6.6196,-0.046437,0,-0.523599,0,0,0,-0.061,-0.049,-0.483,-0.001,0.325,0.006,1.036,0.002,0,0,-0.009,0.013,0.0567,0.674494,-0.643781,0.027795,-1.049492,0.013418,single_joint_sine,1,0.3,30
6.623,-0.043036,0,-0.523599,0,0,0,-0.054,-0.049,-0.483,-0.001,0.325,0.006,0.971,-0.003,-0.003,-0.003,-0.003,-0.028,0.296494,0.686306,-0.640238,0.03067,-1.048533,0.020127,single_joint_sine,1,0.3,30
6.6264,-0.039694,0,-0.523599,0,0,0,-0.047,-0.049,-0.483,-0.001,0.325,0.006,0.983,-0.003,-0.003,-0.003,-0.003,-0.028,0.259875,0.686306,-0.640238,0.03067,-1.048533,0.020127,single_joint_sine,1,0.3,30
6.63,-0.036186,0,-0.523599,0,0,0,-0.047,-0.049,-0.483,-0.001,0.325,0.006,0.983,-0.003,-0.003,-0.003,0.023,-0.028,0.259875,0.686306,-0.640238,0.03067,-1.054284,0.020127,single_joint_sine,1,0.3,30
6.6334,-0.032838,0,-0.523599,0,0,0,-0.047,-0.049,-0.483,-0.001,0.325,0.006,0.983,0,0,-0.005,0.023,-0.067,0.259875,0.672131,-0.644962,0.023961,-1.054284,-0.016293,single_joint_sine,1,0.3,30
6.6368,-0.02949,0,-0.523599,0,0,0,-0.04,-0.049,-0.483,-0.001,0.325,0.006,1.004,0.002,-0.004,-0.021,0.023,-0.067,0.161831,0.686306,-0.640238,0.039296,-1.054284,-0.016293,single_joint_sine,1,0.3,30
6.6403,-0.026014,0,-0.523599,0,0,0,-0.04,-0.049,-0.483,-0.001,0.325,0.006,1.004,0.002,-0.004,-0.021,0.028,0.011,0.161831,0.686306,-0.640238,0.039296,-1.067702,-0.01246,single_joint_sine,1,0.3,30
6.6437,-0.022663,0,-0.523599,0,0,0,-0.033,-0.049,-0.483,-0.001,0.325,0.006,0.971,0.002,0.004,0.032,0.003,0.011,0.281137,0.686306,-0.641419,0.010543,-1.060035,-0.01246,single_joint_sine,1,0.3,30
6.6471,-0.019313,0,-0.523599,0,0,0,-0.033,-0.049,-0.483,-0.001,0.325,0.006,0.971,-0.002,0.004,0.032,-0.026,0.026,0.281137,0.682762,-0.641419,0.010543,-1.0447,-0.011501,single_joint_sine,1,0.3,30
6.6505,-0.015915,0,-0.523599,0,0,0,-0.033,-0.049,-0.483,-0.001,0.325,0.006,0.971,-0.002,0.004,0.032,-0.026,0.026,0.281137,0.682762,-0.641419,0.010543,-1.0447,-0.011501,single_joint_sine,1,0.3,30
6.6543,-0.01216,0,-0.523599,0,0,0,-0.026,-0.049,-0.483,-0.001,0.325,0.006,1.002,0,-0.001,0.001,-0.026,0,0.218531,0.686306,-0.628425,0.015335,-1.0447,0.006709,single_joint_sine,1,0.3,30
6.6577,-0.008806,0,-0.523599,0,0,0,-0.02,-0.049,-0.483,-0.001,0.325,0.006,0.977,0.003,0,-0.003,-0.03,0.007,0.269325,0.669769,-0.644962,0.023003,-1.052367,0.003834,single_joint_sine,1,0.3,30
6.6612,-0.005405,0,-0.523599,0,0,0,-0.02,-0.049,-0.483,-0.001,0.325,0.006,0.977,0.003,0,-0.003,-0.03,0.007,0.269325,0.669769,-0.644962,0.023003,-1.052367,0.003834,single_joint_sine,1,0.3,30
6.6646,-0.002016,0,-0.523599,0,0,0,-0.013,-0.049,-0.483,-0.001,0.325,0.006,1.011,0.003,0,-0.003,-0.015,0.007,0.184275,0.669769,-0.644962,0.023003,-1.048533,0.003834,single_joint_sine,1,0.3,30
6.668,0.001338,0,-0.523599,0,0,0,-0.013,-0.049,-0.483,-0.001,0.325,0.006,1.011,0,-0.006,-0.009,-0.015,-0.003,0.184275,0.674494,-0.617794,0.039296,-1.048533,0.001917,single_joint_sine,1,0.3,30
6.6715,0.004752,0,-0.523599,0,0,0,-0.013,-0.049,-0.483,-0.001,0.325,0.006,1.011,0,-0.006,-0.009,-0.015,-0.003,0.184275,0.674494,-0.617794,0.039296,-1.048533,0.001917,single_joint_sine,1,0.3,30
6.675,0.008265,0,-0.523599,0,0,0,-0.006,-0.049,-0.483,-0.001,0.325,0.006,0.95,-0.003,0.002,0.009,0,0.011,0.263419,0.683944,-0.634331,0.014377,-1.049492,0.004792,single_joint_sine,1,0.3,30
6.6784,0.011612,0,-0.523599,0,0,0,0,-0.049,-0.483,-0.001,0.325,0.006,0.988,-0.003,0.003,0.013,-0.001,0.011,0.256331,0.683944,-0.644962,0.008626,-1.038949,0.004792,single_joint_sine,1,0.3,30
6.6819,0.01507,0,-0.523599,0,0,0,0,-0.049,-0.483,-0.001,0.325,0.006,0.988,0,0.003,0.013,-0.007,0.011,0.256331,0.685125,-0.644962,0.008626,-1.052367,0.004792,single_joint_sine,1,0.3,30
6.6854,0.018502,0,-0.523599,0,0,0,0,-0.049,-0.483,-0.001,0.325,0.006,0.988,0,0.003,0.013,-0.007,0.015,0.256331,0.685125,-0.644962,0.008626,-1.052367,-0.01246,single_joint_sine,1,0.3,30
6.6889,0.021912,0,-0.523599,0,0,0,0.007,-0.049,-0.483,-0.001,0.325,0.006,1.027,0.005,0.002,0.013,-0.007,-0.011,0.107494,0.679219,-0.639056,0.020127,-1.052367,-0.011501,single_joint_sine,1,0.3,30
6.6923,0.025264,0,-0.523599,0,0,0,0.014,-0.049,-0.483,-0.001,0.325,0.006,0.966,0.005,0.004,-0.003,0.024,-0.011,0.25515,0.679219,-0.631969,0.032587,-1.060993,-0.011501,single_joint_sine,1,0.3,30
6.6957,0.028608,0,-0.523599,0,0,0,0.014,-0.049,-0.483,-0.001,0.325,0.006,0.966,0.005,0.004,-0.003,0.024,-0.011,0.25515,0.679219,-0.631969,0.032587,-1.060993,-0.011501,single_joint_sine,1,0.3,30
6.6993,0.032228,0,-0.523599,0,0,0,0.021,-0.049,-0.483,-0.001,0.325,0.006,1.009,0,0.004,-0.003,-0.017,0.001,0.212625,0.672131,-0.631969,0.032587,-1.048533,0.010543,single_joint_sine,1,0.3,30
6.7027,0.035577,0,-0.523599,0,0,0,0.021,-0.049,-0.483,-0.001,0.325,0.006,1.009,-0.002,0.005,-0.003,-0.017,-0.019,0.212625,0.685125,-0.639056,0.01821,-1.048533,-0.003834,single_joint_sine,1,0.3,30
6.7062,0.038972,0,-0.523599,0,0,0,0.021,-0.049,-0.483,-0.001,0.325,0.006,1.009,-0.002,0.005,-0.003,-0.017,-0.019,0.212625,0.685125,-0.639056,0.01821,-1.048533,-0.003834,single_joint_sine,1,0.3,30
6.7099,0.042587,0,-0.523599,0,0,0,0.028,-0.049,-0.483,-0.001,0.325,0.006,0.988,0,0,-0.015,-0.026,0.044,0.194906,0.676856,-0.635512,0.011501,-1.0447,0.027795,single_joint_sine,1,0.3,30
6.7133,0.045929,0,-0.523599,0,0,0,0.035,-0.049,-0.483,-0.001,0.325,0.006,0.968,0,0.003,0.036,-0.001,0.044,0.239794,0.676856,-0.631969,0.009584,-1.060993,0.027795,single_joint_sine,1,0.3,30
6.7167,0.049262,0,-0.523599,0,0,0,0.035,-0.049,-0.483,-0.001,0.325,0.006,0.968,0,0.003,0.036,-0.001,0.044,0.239794,0.681581,-0.631969,0.009584,-1.060993,0.027795,single_joint_sine,1,0.3,30
6.7201,0.052646,0,-0.523599,0,0,0,0.035,-0.049,-0.483,-0.001,0.325,0.006,0.968,0,0.003,0.036,0.003,-0.019,0.239794,0.681581,-0.631969,0.009584,-1.054284,0.01821,single_joint_sine,1,0.3,30
6.7235,0.055975,0,-0.523599,0,0,0,0.042,-0.049,-0.483,-0.001,0.325,0.006,1.005,0,0,-0.03,0.003,0.013,0.227981,0.681581,-0.629606,0.032587,-1.054284,-0.023003,single_joint_sine,1,0.3,30
6.7269,0.059368,0,-0.523599,0,0,0,0.049,-0.049,-0.483,-0.001,0.325,0.006,0.981,0.002,-0.001,0.003,-0.001,0.013,0.276412,0.675675,-0.636694,0.029712,-1.055242,-0.023003,single_joint_sine,1,0.3,30
6.7306,0.062927,0,-0.523599,0,0,0,0.049,-0.049,-0.483,-0.001,0.325,0.006,0.981,0.002,-0.001,0.003,-0.001,0.013,0.276412,0.675675,-0.636694,0.029712,-1.055242,-0.023003,single_joint_sine,1,0.3,30
6.7344,0.06665,0,-0.523599,0,0,0,0.056,-0.049,-0.483,-0.001,0.325,0.006,0.993,0.002,-0.001,0.003,-0.023,0.011,0.159469,0.675675,-0.636694,0.029712,-1.0447,-0.010543,single_joint_sine,1,0.3,30
6.7378,0.069975,0,-0.523599,0,0,0,0.056,-0.049,-0.483,-0.001,0.325,0.006,0.993,0.001,0.002,0.001,-0.023,-0.009,0.159469,0.663863,-0.627244,0.024919,-1.0447,0.020127,single_joint_sine,1,0.3,30
6.7412,0.073298,0,-0.523599,0,0,0,0.056,-0.049,-0.483,-0.001,0.325,0.006,0.993,0.001,0.002,0.001,-0.023,-0.009,0.159469,0.663863,-0.627244,0.024919,-1.0447,0.020127,single_joint_sine,1,0.3,30
6.7448,0.076806,0,-0.523599,0,0,0,0.062,-0.049,-0.483,-0.001,0.325,0.006,0.976,0,0.001,0.013,0.009,0.001,0.2835,0.674494,-0.635512,0.021086,-1.049492,0.011501,single_joint_sine,1,0.3,30
6.7482,0.080122,0,-0.523599,0,0,0,0.069,-0.049,-0.483,-0.001,0.325,0.006,0.969,0,0.002,0,-0.036,0.001,0.214987,0.674494,-0.630787,0.023003,-1.043741,0.011501,single_joint_sine,1,0.3,30
6.7516,0.083427,0,-0.523599,0,0,0,0.069,-0.049,-0.483,-0.001,0.325,0.006,0.969,0,0.002,0,-0.036,0.001,0.214987,0.674494,-0.630787,0.023003,-1.043741,0.011501,single_joint_sine,1,0.3,30
6.7551,0.086906,0,-0.523599,0,0,0,0.069,-0.049,-0.483,-0.001,0.325,0.006,0.969,0,0.002,0,0.034,0.013,0.214987,0.675675,-0.630787,0.023003,-1.073453,-0.014377,single_joint_sine,1,0.3,30
6.7585,0.090213,0,-0.523599,0,0,0,0.076,-0.049,-0.483,-0.001,0.325,0.006,1.003,-0.005,-0.003,0.001,0.034,0.038,0.109856,0.678037,-0.630787,0.025878,-1.073453,0.015335,single_joint_sine,1,0.3,30
6.7619,0.093497,0,-0.523599,0,0,0,0.083,-0.049,-0.483,-0.001,0.325,0.007,0.928,0,0.001,0,-0.001,-0.028,0.291769,0.678037,-0.6237,0.016293,-1.023614,0.028753,single_joint_sine,1,0.3,30
6.7656,0.097043,0,-0.523599,0,0,0,0.083,-0.049,-0.483,-0.001,0.325,0.007,0.928,0,0.001,0,-0.001,-0.028,0.291769,0.678037,-0.6237,0.016293,-1.023614,0.028753,single_joint_sine,1,0.3,30
6.7691,0.100506,0,-0.523599,0,0,0,0.09,-0.049,-0.483,-0.001,0.325,0.007,1.005,0,0.001,0,-0.021,-0.028,0.125213,0.678037,-0.6237,0.016293,-1.041824,0.028753,single_joint_sine,1,0.3,30
6.7725,0.103796,0,-0.523599,0,0,0,0.09,-0.049,-0.483,-0.001,0.325,0.006,1.005,0.001,-0.003,-0.017,-0.021,-0.015,0.125213,0.683944,-0.629606,0.025878,-1.041824,0.011501,single_joint_sine,1,0.3,30
6.7759,0.107059,0,-0.523599,0,0,0,0.09,-0.049,-0.483,-0.001,0.325,0.006,1.005,0.001,-0.003,-0.017,-0.021,-0.015,0.125213,0.683944,-0.629606,0.025878,-1.041824,0.011501,single_joint_sine,1,0.3,30
6.7794,0.110385,0,-0.523599,0,0,0,0.096,-0.049,-0.483,-0.001,0.325,0.006,0.962,0,0,-0.003,0.049,0.001,0.210262,0.67095,-0.630787,0.031629,-1.070577,-0.000958,single_joint_sine,1,0.3,30
6.7828,0.113662,0,-0.523599,0,0,0,0.103,-0.049,-0.483,-0.001,0.325,0.006,0.967,0,0,-0.013,0.097,0.001,0.203175,0.67095,-0.639056,0.033545,-1.074411,-0.000958,single_joint_sine,1,0.3,30
6.7862,0.116991,0,-0.523599,0,0,0,0.103,-0.049,-0.483,-0.001,0.325,0.006,0.967,0,0,-0.013,0.097,0.001,0.203175,0.67095,-0.639056,0.033545,-1.074411,-0.000958,single_joint_sine,1,0.3,30
6.7897,0.120307,0,-0.523599,0,0,0,0.11,-0.049,-0.483,-0.001,0.325,0.006,0.972,0,0,-0.013,0.003,-0.005,0.212625,0.679219,-0.639056,0.033545,-1.059076,-0.009584,single_joint_sine,1,0.3,30
6.7931,0.123569,0,-0.523599,0,0,0,0.11,-0.049,-0.483,-0.001,0.325,0.006,0.972,0.002,-0.005,0.011,0.003,-0.015,0.212625,0.672131,-0.641419,0.017252,-1.059076,0.003834,single_joint_sine,1,0.3,30
6.7965,0.126828,0,-0.523599,0,0,0,0.11,-0.049,-0.483,-0.001,0.325,0.006,0.972,0.002,-0.005,0.011,0.003,-0.015,0.212625,0.672131,-0.641419,0.017252,-1.059076,0.003834,single_joint_sine,1,0.3,30
6.7999,0.130136,0,-0.523599,0,0,0,0.117,-0.049,-0.483,-0.001,0.325,0.006,0.962,0.001,-0.002,-0.009,-0.015,0.013,0.200812,0.681581,-0.634331,0.034504,-1.033198,0.000958,single_joint_sine,1,0.3,30
6.8033,0.133382,0,-0.523599,0,0,0,0.124,-0.049,-0.483,-0.001,0.325,0.006,0.975,0.001,-0.002,-0.009,0.001,0.013,0.154744,0.681581,-0.634331,0.034504,-1.059076,0.000958,single_joint_sine,1,0.3,30
6.8067,0.136614,0,-0.523599,0,0,0,0.124,-0.049,-0.483,-0.001,0.325,0.006,0.975,0,0,-0.009,0.001,0.013,0.154744,0.681581,-0.636694,0.034504,-1.059076,0.000958,single_joint_sine,1,0.3,30
6.8106,0.140281,0,-0.523599,0,0,0,0.124,-0.049,-0.483,-0.001,0.325,0.006,0.975,0,0,-0.003,0.001,0,0.154744,0.681581,-0.636694,0.020127,-1.059076,0.01246,single_joint_sine,1,0.3,30
6.8147,0.14421,0,-0.523599,0,0,0,0.13,-0.049,-0.483,-0.001,0.325,0.006,0.917,0,-0.004,0.001,0.034,-0.005,0.322481,0.6804,-0.639056,0.023003,-1.072494,0.001917,single_joint_sine,1,0.3,30
6.8181,0.147431,0,-0.523599,0,0,0,0.137,-0.049,-0.483,-0.001,0.325,0.006,0.972,0,0,0.009,-0.001,-0.005,0.099225,0.6804,-0.631969,0.023961,-1.03224,0.001917,single_joint_sine,1,0.3,30
6.8215,0.150698,0,-0.523599,0,0,0,0.137,-0.049,-0.483,-0.001,0.325,0.006,0.972,0,0,0.009,-0.001,-0.005,0.099225,0.6804,-0.631969,0.023961,-1.03224,0.001917,single_joint_sine,1,0.3,30
6.8252,0.154191,0,-0.523599,0,0,0,0.143,-0.049,-0.483,-0.001,0.325,0.006,0.912,0.001,0,0.009,0.013,0.013,0.303581,0.67095,-0.631969,0.023961,-1.023614,0.013418,single_joint_sine,1,0.3,30
6.8286,0.157392,0,-0.523599,0,0,0,0.143,-0.049,-0.483,-0.001,0.325,0.006,0.912,0.003,0,0.007,0.013,-0.005,0.303581,0.6804,-0.628425,0.019169,-1.023614,0.006709,single_joint_sine,1,0.3,30
6.832,0.160587,0,-0.523599,0,0,0,0.15,-0.049,-0.483,-0.001,0.325,0.006,0.931,0.003,0.004,0.007,0.013,-0.005,0.276412,0.668588,-0.63315,0.019169,-1.023614,0.006709,single_joint_sine,1,0.3,30
6.8355,0.163879,0,-0.523599,0,0,0,0.15,-0.049,-0.483,-0.001,0.325,0.006,0.931,0.003,0.004,-0.005,0.009,-0.011,0.276412,0.668588,-0.63315,0.019169,-1.043741,-0.000958,single_joint_sine,1,0.3,30
6.8395,0.167609,0,-0.523599,0,0,0,0.156,-0.049,-0.483,-0.001,0.325,0.006,0.956,0.003,0.004,-0.005,0.038,-0.011,0.129938,0.668588,-0.63315,0.019169,-1.063868,-0.000958,single_joint_sine,1,0.3,30
6.8429,0.170764,0,-0.523599,0,0,0,0.156,-0.049,-0.483,-0.001,0.325,0.006,0.956,0.002,0,-0.005,0.038,-0.011,0.129938,0.691031,-0.639056,0.019169,-1.063868,-0.000958,single_joint_sine,1,0.3,30
6.8466,0.174156,0,-0.523599,0,0,0,0.156,-0.049,-0.483,-0.001,0.325,0.006,0.956,0.002,0,-0.003,0.038,-0.001,0.129938,0.691031,-0.639056,0.03067,-1.063868,-0.024919,single_joint_sine,1,0.3,30
6.85,0.177321,0,-0.523599,0,0,0,0.163,-0.049,-0.483,-0.001,0.325,0.006,0.901,0.004,0,0.013,-0.011,0.034,0.282319,0.673312,-0.635512,0.021086,-1.05045,-0.024919,single_joint_sine,1,0.3,30
6.8534,0.180548,0,-0.523599,0,0,0,0.17,-0.049,-0.483,-0.001,0.325,0.006,0.952,0.004,-0.002,-0.017,-0.013,0.034,0.126394,0.673312,-0.636694,0.03067,-1.05045,-0.024919,single_joint_sine,1,0.3,30
6.8568,0.183693,0,-0.523599,0,0,0,0.17,-0.049,-0.483,-0.001,0.325,0.006,0.952,0.004,-0.002,-0.017,-0.013,0.034,0.126394,0.673312,-0.636694,0.03067,-1.05045,-0.024919,single_joint_sine,1,0.3,30
6.8604,0.186979,0,-0.523599,0,0,0,0.176,-0.049,-0.483,-0.001,0.325,0.006,0.915,0.003,-0.002,-0.017,0.026,-0.026,0.191362,0.683944,-0.636694,0.03067,-1.052367,0.014377,single_joint_sine,1,0.3,30
6.8638,0.190109,0,-0.523599,0,0,0,0.176,-0.049,-0.483,-0.001,0.325,0.006,0.915,-0.001,-0.003,-0.017,0.026,-0.011,0.191362,0.678037,-0.649687,0.058465,-1.052367,0.003834,single_joint_sine,1,0.3,30
6.8672,0.193223,0,-0.523599,0,0,0,0.183,-0.049,-0.483,-0.001,0.325,0.006,0.935,-0.003,0.001,-0.005,-0.005,-0.009,0.177187,0.678037,-0.616613,0.011501,-1.047575,0.001917,single_joint_sine,1,0.3,30
6.8706,0.196384,0,-0.523599,0,0,0,0.183,-0.049,-0.483,-0.001,0.325,0.006,0.935,-0.003,0.001,-0.005,-0.005,-0.009,0.177187,0.678037,-0.616613,0.011501,-1.047575,0.001917,single_joint_sine,1,0.3,30
6.8742,0.199661,0,-0.523599,0,0,0,0.189,-0.049,-0.483,-0.001,0.325,0.006,0.921,-0.003,0.001,-0.005,-0.003,-0.009,0.259875,0.678037,-0.616613,0.011501,-1.043741,0.001917,single_joint_sine,1,0.3,30
6.8776,0.202758,0,-0.523599,0,0,0,0.189,-0.049,-0.483,-0.001,0.325,0.006,0.921,-0.002,-0.006,0.005,-0.003,-0.007,0.259875,0.692213,-0.63315,0.04313,-1.043741,0.002875,single_joint_sine,1,0.3,30
6.8811,0.205927,0,-0.523599,0,0,0,0.189,-0.049,-0.483,-0.001,0.325,0.006,0.921,-0.002,-0.006,0.005,-0.003,-0.007,0.259875,0.692213,-0.63315,0.04313,-1.043741,0.002875,single_joint_sine,1,0.3,30
6.8846,0.209062,0,-0.523599,0,0,0,0.196,-0.049,-0.483,-0.001,0.325,0.006,0.925,-0.002,0,-0.003,-0.107,-0.009,0.155925,0.672131,-0.637875,0.036421,-0.950772,0.044088,single_joint_sine,1,0.3,30
6.888,0.212132,0,-0.523599,0,0,0,0.202,-0.049,-0.483,-0.001,0.324,0.006,0.888,-0.002,-0.002,0.024,-0.019,-0.009,0.305944,0.672131,-0.631969,-0.002875,-1.045658,0.044088,single_joint_sine,1,0.3,30
6.8914,0.215251,0,-0.523599,0,0,0,0.202,-0.049,-0.483,-0.001,0.324,0.006,0.888,-0.002,-0.002,0.024,-0.019,-0.009,0.305944,0.672131,-0.631969,-0.002875,-1.045658,0.044088,single_joint_sine,1,0.3,30
6.8948,0.218304,0,-0.523599,0,0,0,0.208,-0.049,-0.483,-0.001,0.324,0.006,0.9,-0.005,-0.002,0.024,0.044,0.005,0.229162,0.695756,-0.631969,-0.002875,-1.076328,0.047922,single_joint_sine,1,0.3,30
6.8982,0.22135,0,-0.523599,0,0,0,0.208,-0.049,-0.483,-0.001,0.324,0.006,0.9,0.001,0.003,0.001,0.044,0.001,0.229162,0.682762,-0.626062,0.025878,-1.076328,-0.005751,single_joint_sine,1,0.3,30
6.9016,0.224386,0,-0.523599,0,0,0,0.214,-0.049,-0.483,-0.001,0.324,0.006,0.886,0.001,0.003,0.001,0.044,0.001,0.216169,0.682762,-0.626062,0.025878,-1.076328,-0.005751,single_joint_sine,1,0.3,30
6.905,0.227419,0,-0.523599,0,0,0,0.214,-0.049,-0.483,-0.001,0.325,0.006,0.886,-0.001,-0.003,0.001,0,0.007,0.216169,0.667406,-0.624881,0.011501,-1.07537,-0.011501,single_joint_sine,1,0.3,30
6.9084,0.230436,0,-0.523599,0,0,0,0.221,-0.049,-0.483,-0.001,0.325,0.006,0.862,-0.001,-0.003,0.001,-0.046,0.007,0.313031,0.667406,-0.624881,0.011501,-1.039907,-0.011501,single_joint_sine,1,0.3,30
6.9118,0.233443,0,-0.523599,0,0,0,0.221,-0.049,-0.483,-0.001,0.325,0.006,0.862,-0.002,0,0.007,-0.046,0.007,0.313031,0.707569,-0.6426,0.020127,-1.039907,-0.011501,single_joint_sine,1,0.3,30
6.9153,0.236494,0,-0.523599,0,0,0,0.221,-0.049,-0.483,-0.001,0.325,0.006,0.862,-0.002,0,0.007,-0.046,0.009,0.313031,0.707569,-0.6426,0.020127,-1.039907,-0.013418,single_joint_sine,1,0.3,30
6.9187,0.239482,0,-0.523599,0,0,0,0.227,-0.049,-0.483,-0.001,0.325,0.006,0.908,-0.001,-0.002,0,0.017,-0.013,0.127575,0.678037,-0.636694,0.003834,-1.047575,0.002875,single_joint_sine,1,0.3,30
6.9221,0.242459,0,-0.523599,0,0,0,0.233,-0.049,-0.483,0,0.325,0.006,0.844,-0.001,0.001,0.036,0.044,-0.013,0.256331,0.678037,-0.643781,-0.019169,-1.074411,0.002875,single_joint_sine,1,0.3,30
6.9255,0.245468,0,-0.523599,0,0,0,0.233,-0.049,-0.483,0,0.325,0.006,0.844,-0.001,0.001,0.036,0.044,-0.013,0.256331,0.678037,-0.643781,-0.019169,-1.074411,0.002875,single_joint_sine,1,0.3,30
6.9294,0.24884,0,-0.523599,0,0,0,0.239,-0.049,-0.483,0,0.325,0.006,0.922,0,0.001,0.036,0.011,0.017,0.115762,0.685125,-0.643781,-0.019169,-1.060993,-0.001917,single_joint_sine,1,0.3,30
6.9328,0.251787,0,-0.523599,0,0,0,0.239,-0.049,-0.483,0,0.325,0.006,0.922,0,0,0.017,0.011,0.005,0.115762,0.674494,-0.637875,0.026836,-1.060993,-0.008626,single_joint_sine,1,0.3,30
6.9362,0.254716,0,-0.523599,0,0,0,0.239,-0.049,-0.483,0,0.325,0.006,0.922,0,0,0.017,0.011,0.005,0.115762,0.674494,-0.637875,0.026836,-1.060993,-0.008626,single_joint_sine,1,0.3,30
6.9397,0.257696,0,-0.523599,0,0,0,0.245,-0.049,-0.483,0,0.325,0.006,0.85,-0.002,0,-0.019,0.019,0.011,0.23625,0.685125,-0.643781,0.033545,-1.049492,-0.005751,single_joint_sine,1,0.3,30
6.943,0.260603,0,-0.523599,0,0,0,0.251,-0.049,-0.483,0,0.325,0.006,0.877,-0.002,0,-0.019,-0.023,0.011,0.163013,0.685125,-0.643781,0.033545,-1.037991,-0.005751,single_joint_sine,1,0.3,30
6.9465,0.263557,0,-0.523599,0,0,0,0.251,-0.049,-0.483,0,0.325,0.006,0.877,-0.002,0,-0.019,-0.023,0.011,0.163013,0.6804,-0.643781,0.033545,-1.037991,-0.005751,single_joint_sine,1,0.3,30
6.9499,0.26649,0,-0.523599,0,0,0,0.251,-0.049,-0.483,-0.001,0.325,0.006,0.877,-0.002,0,-0.005,-0.023,0.013,0.163013,0.6804,-0.640238,0.034504,-1.037991,0.029712,single_joint_sine,1,0.3,30
6.9533,0.269372,0,-0.523599,0,0,0,0.257,-0.049,-0.483,-0.001,0.325,0.006,0.859,-0.003,0.001,0.003,-0.038,-0.015,0.174825,0.688669,-0.635512,0.037379,-1.038949,0.013418,single_joint_sine,1,0.3,30
6.9567,0.272243,0,-0.523599,0,0,0,0.263,-0.049,-0.483,-0.001,0.325,0.006,0.886,-0.003,-0.003,-0.026,-0.038,-0.015,0.1323,0.688669,-0.637875,0.045047,-1.038949,0.013418,single_joint_sine,1,0.3,30
6.9602,0.275133,0,-0.523599,0,0,0,0.263,-0.049,-0.483,-0.001,0.325,0.006,0.886,-0.003,-0.003,-0.026,-0.001,-0.015,0.1323,0.688669,-0.637875,0.045047,-1.058118,0.013418,single_joint_sine,1,0.3,30
6.9636,0.277981,0,-0.523599,0,0,0,0.269,-0.049,-0.483,-0.001,0.325,0.006,0.818,0,-0.003,-0.026,0.011,0.011,0.265781,0.685125,-0.637875,0.045047,-1.071536,-0.019169,single_joint_sine,1,0.3,30
6.967,0.280818,0,-0.523599,0,0,0,0.269,-0.049,-0.483,-0.001,0.325,0.006,0.818,0.001,0.001,-0.007,0.011,0.011,0.265781,0.6804,-0.627244,0.038338,-1.071536,-0.019169,single_joint_sine,1,0.3,30
6.9704,0.283686,0,-0.523599,0,0,0,0.269,-0.049,-0.483,-0.001,0.325,0.006,0.818,0.001,0.001,-0.007,0.011,-0.001,0.265781,0.6804,-0.627244,0.038338,-1.071536,-0.008626,single_joint_sine,1,0.3,30
6.9743,0.286852,0,-0.523599,0,0,0,0.275,-0.049,-0.483,-0.001,0.325,0.006,0.872,0,0.006,-0.003,-0.009,-0.024,0.068512,0.6615,-0.646144,0.031629,-1.054284,0.025878,single_joint_sine,1,0.3,30
6.9777,0.289653,0,-0.523599,0,0,0,0.281,-0.049,-0.483,-0.001,0.325,0.006,0.795,0,0.006,-0.003,0.013,-0.024,0.323662,0.6615,-0.646144,0.031629,-1.051409,0.025878,single_joint_sine,1,0.3,30
6.9811,0.292458,0,-0.523599,0,0,0,0.281,-0.049,-0.483,-0.001,0.325,0.006,0.795,0,0.006,-0.003,0.013,-0.024,0.323662,0.6615,-0.646144,0.031629,-1.051409,0.025878,single_joint_sine,1,0.3,30
6.9845,0.295298,0,-0.523599,0,0,0,0.281,-0.049,-0.483,-0.001,0.325,0.006,0.795,0,0,0.009,0.013,0.001,0.323662,0.674494,-0.644962,0.01246,-1.051409,0.008626,single_joint_sine,1,0.3,30
6.9879,0.298023,0,-0.523599,0,0,0,0.287,-0.049,-0.483,-0.001,0.325,0.006,0.847,0.002,0.003,-0.005,0.003,0.009,0.115762,0.663863,-0.63315,0.021086,-1.052367,-0.002875,single_joint_sine,1,0.3,30
6.9914,0.300817,0,-0.523599,0,0,0,0.292,-0.049,-0.483,-0.001,0.325,0.006,0.774,0.002,0.003,-0.005,0.003,0.009,0.271688,0.663863,-0.63315,0.021086,-1.052367,-0.002875,single_joint_sine,1,0.3,30
6.9949,0.303645,0,-0.523599,0,0,0,0.292,-0.049,-0.483,-0.001,0.325,0.006,0.774,0.002,-0.002,0.001,0.055,0.009,0.271688,0.663863,-0.631969,0.015335,-1.051409,-0.002875,single_joint_sine,1,0.3,30
6.9983,0.306372,0,-0.523599,0,0,0,0.298,-0.049,-0.483,-0.001,0.325,0.006,0.862,0,-0.002,0.001,-0.053,-0.017,0.116944,0.688669,-0.631969,0.015335,-1.058118,0.000958,single_joint_sine,1,0.3,30
7.0017,0.30908,0,-0.523599,0,0,0,0.298,-0.049,-0.483,-0.001,0.325,0.006,0.862,0,-0.002,0.001,-0.053,-0.017,0.116944,0.668588,-0.631969,0.015335,-1.058118,0.000958,single_joint_sine,1,0.3,30
7.0052,0.311878,0,-0.523599,0,0,0,0.298,-0.049,-0.483,-0.001,0.325,0.006,0.862,0,0.001,0,-0.053,-0.001,0.116944,0.668588,-0.630787,0.023003,-1.058118,0.000958,single_joint_sine,1,0.3,30
7.0086,0.314567,0,-0.523599,0,0,0,0.303,-0.049,-0.483,-0.001,0.325,0.006,0.751,0,-0.003,0.013,0,-0.015,0.3024,0.674494,-0.636694,0.037379,-1.067702,-0.169644,single_joint_sine,1,0.3,30
7.012,0.317243,0,-0.523599,0,0,0,0.309,-0.049,-0.483,-0.001,0.325,0.006,0.818,0,-0.003,0.013,0.034,-0.015,0.1323,0.674494,-0.636694,0.037379,-1.059076,-0.169644,single_joint_sine,1,0.3,30
7.0154,0.319942,0,-0.523599,0,0,0,0.309,-0.049,-0.483,-0.001,0.325,0.006,0.818,0,-0.003,0.013,0.034,-0.015,0.1323,0.674494,-0.636694,0.037379,-1.059076,-0.169644,single_joint_sine,1,0.3,30
7.0189,0.322636,0,-0.523599,0,0,0,0.309,-0.049,-0.483,-0.001,0.325,0.007,0.818,0,0,-0.005,0.034,-0.003,0.1323,0.683944,-0.629606,0.027795,-1.059076,0.011501,single_joint_sine,1,0.3,30
7.0223,0.325272,0,-0.523599,0,0,0,0.315,-0.049,-0.483,-0.001,0.325,0.006,0.78,-0.003,0.003,0.036,0.036,-0.021,0.193725,0.674494,-0.639056,0.011501,-1.06291,0.01821,single_joint_sine,1,0.3,30
7.0257,0.32793,0,-0.523599,0,0,0,0.315,-0.049,-0.483,-0.001,0.325,0.006,0.78,-0.003,0.003,0.036,0.036,-0.021,0.193725,0.674494,-0.639056,0.011501,-1.06291,0.01821,single_joint_sine,1,0.3,30
7.0293,0.33068,0,-0.523599,0,0,0,0.32,-0.049,-0.483,-0.001,0.325,0.006,0.784,-0.003,0,0.007,-0.024,-0.021,0.154744,0.674494,-0.641419,0.023961,-1.01978,0.01821,single_joint_sine,1,0.3,30
7.0327,0.333275,0,-0.523599,0,0,0,0.325,-0.049,-0.483,-0.001,0.325,0.006,0.758,-0.001,0,0.007,-0.03,-0.009,0.201994,0.679219,-0.641419,0.023961,-1.03224,0.007668,single_joint_sine,1,0.3,30
7.0364,0.336043,0,-0.523599,0,0,0,0.325,-0.049,-0.483,-0.001,0.325,0.006,0.758,-0.001,0,0.007,-0.03,-0.009,0.201994,0.679219,-0.641419,0.023961,-1.03224,0.007668,single_joint_sine,1,0.3,30
7.0398,0.338682,0,-0.523599,0,0,0,0.325,-0.049,-0.483,-0.001,0.325,0.006,0.758,0,0.008,-0.009,-0.03,-0.021,0.201994,0.68985,-0.629606,0.026836,-1.03224,-0.003834,single_joint_sine,1,0.3,30
7.0432,0.341233,0,-0.523599,0,0,0,0.331,-0.049,-0.483,-0.001,0.325,0.006,0.753,0.004,-0.003,0.003,0.023,0.034,0.167737,0.675675,-0.634331,0.025878,-1.070577,-0.01246,single_joint_sine,1,0.3,30
7.0467,0.343812,0,-0.523599,0,0,0,0.336,-0.049,-0.483,-0.001,0.325,0.006,0.74,0.004,-0.003,0.003,0.023,0.034,0.193725,0.675675,-0.634331,0.025878,-1.070577,-0.01246,single_joint_sine,1,0.3,30
7.0502,0.346392,0,-0.523599,0,0,0,0.336,-0.049,-0.483,-0.001,0.325,0.006,0.74,0.004,-0.003,0.003,0.005,0.034,0.193725,0.675675,-0.634331,0.025878,-1.065785,-0.01246,single_joint_sine,1,0.3,30
7.0536,0.348901,0,-0.523599,0,0,0,0.336,-0.049,-0.483,-0.001,0.325,0.006,0.74,0,0,0.003,0.005,-0.003,0.193725,0.675675,-0.634331,0.020127,-1.065785,0.001917,single_joint_sine,1,0.3,30
7.057,0.3514,0,-0.523599,0,0,0,0.341,-0.049,-0.483,-0.001,0.325,0.006,0.724,0,-0.007,-0.017,0.023,-0.003,0.263419,0.686306,-0.639056,0.015335,-1.058118,0.001917,single_joint_sine,1,0.3,30
7.0604,0.353922,0,-0.523599,0,0,0,0.341,-0.049,-0.483,-0.001,0.325,0.006,0.724,0,-0.007,-0.017,0.023,-0.009,0.263419,0.686306,-0.639056,0.015335,-1.058118,0.009584,single_joint_sine,1,0.3,30
7.0639,0.356438,0,-0.523599,0,0,0,0.346,-0.049,-0.483,-0.001,0.325,0.006,0.749,0,0.006,0.013,-0.034,-0.009,0.101587,0.686306,-0.644962,0.009584,-1.022655,0.009584,single_joint_sine,1,0.3,30
7.0673,0.358888,0,-0.523599,0,0,0,0.351,-0.049,-0.483,-0.001,0.325,0.006,0.701,-0.001,0.006,0.013,0.007,-0.011,0.246881,0.685125,-0.644962,0.009584,-1.057159,0.041213,single_joint_sine,1,0.3,30
7.0709,0.361483,0,-0.523599,0,0,0,0.351,-0.049,-0.483,-0.001,0.325,0.006,0.701,-0.001,0.006,0.013,0.007,-0.011,0.246881,0.685125,-0.644962,0.009584,-1.057159,0.041213,single_joint_sine,1,0.3,30
7.0746,0.364122,0,-0.523599,0,0,0,0.351,-0.049,-0.483,-0.001,0.325,0.006,0.701,0,0,0.007,0.007,0.001,0.246881,0.687487,-0.631969,0.020127,-1.057159,-0.009584,single_joint_sine,1,0.3,30
7.078,0.366525,0,-0.523599,0,0,0,0.357,-0.049,-0.483,-0.001,0.325,0.006,0.758,0,0.008,-0.019,0,-0.007,0.051975,0.686306,-0.647325,0.050797,-1.068661,-0.047922,single_joint_sine,1,0.3,30
7.0815,0.368946,0,-0.523599,0,0,0,0.361,-0.049,-0.483,-0.001,0.325,0.006,0.666,0,0.008,-0.019,0,-0.007,0.2646,0.686306,-0.647325,0.050797,-1.068661,-0.047922,single_joint_sine,1,0.3,30
7.085,0.371373,0,-0.523599,0,0,0,0.361,-0.049,-0.483,-0.001,0.325,0.006,0.666,0,0.008,-0.028,0,-0.007,0.2646,0.686306,-0.647325,0.023961,-1.058118,-0.047922,single_joint_sine,1,0.3,30
7.0884,0.373731,0,-0.523599,0,0,0,0.361,-0.049,-0.483,-0.001,0.325,0.007,0.666,0,-0.003,-0.028,0,0.023,0.2646,0.673312,-0.629606,0.023961,-1.058118,-0.008626,single_joint_sine,1,0.3,30
7.0918,0.376072,0,-0.523599,0,0,0,0.366,-0.049,-0.483,-0.001,0.325,0.007,0.736,-0.002,0.002,-0.028,0,0.023,0.087412,0.673312,-0.640238,0.023961,-1.058118,-0.008626,single_joint_sine,1,0.3,30
7.0952,0.37843,0,-0.523599,0,0,0,0.366,-0.049,-0.483,-0.001,0.325,0.006,0.736,-0.002,0.002,0.009,0.021,-0.019,0.087412,0.673312,-0.640238,0.01246,-1.043741,0.017252,single_joint_sine,1,0.3,30
7.0986,0.380742,0,-0.523599,0,0,0,0.371,-0.049,-0.483,-0.001,0.325,0.006,0.645,-0.002,0.004,-0.001,0.017,-0.019,0.27405,0.673312,-0.646144,0.027795,-1.056201,0.017252,single_joint_sine,1,0.3,30
7.102,0.383038,0,-0.523599,0,0,0,0.376,-0.049,-0.483,-0.001,0.325,0.006,0.691,-0.003,0.004,-0.001,-0.051,-0.019,0.142931,0.674494,-0.646144,0.027795,-1.023614,0.017252,single_joint_sine,1,0.3,30
7.1056,0.385421,0,-0.523599,0,0,0,0.376,-0.049,-0.483,-0.001,0.325,0.006,0.691,-0.003,0.004,-0.001,-0.051,-0.005,0.142931,0.674494,-0.646144,0.027795,-1.023614,-0.001917,single_joint_sine,1,0.3,30
7.1089,0.387653,0,-0.523599,0,0,0,0.376,-0.049,-0.483,-0.001,0.325,0.006,0.691,0,-0.004,-0.023,-0.051,-0.034,0.142931,0.668588,-0.6426,0.034504,-1.023614,-0.000958,single_joint_sine,1,0.3,30
7.1123,0.389899,0,-0.523599,0,0,0,0.381,-0.049,-0.483,-0.001,0.325,0.006,0.666,0.001,0.001,-0.021,-0.03,-0.015,0.192544,0.679219,-0.624881,0.036421,-1.049492,-0.007668,single_joint_sine,1,0.3,30
7.1158,0.392169,0,-0.523599,0,0,0,0.381,-0.049,-0.483,-0.001,0.325,0.006,0.666,0.001,0.001,-0.021,-0.03,-0.015,0.192544,0.679219,-0.624881,0.036421,-1.049492,-0.007668,single_joint_sine,1,0.3,30
7.1195,0.394575,0,-0.523599,0,0,0,0.385,-0.049,-0.483,-0.001,0.325,0.006,0.644,0.001,0.001,-0.011,-0.021,-0.015,0.2457,0.679219,-0.624881,0.029712,-1.051409,-0.007668,single_joint_sine,1,0.3,30
7.1229,0.396772,0,-0.523599,0,0,0,0.385,-0.049,-0.483,-0.001,0.325,0.006,0.644,-0.002,-0.002,-0.011,-0.021,0.013,0.2457,0.686306,-0.637875,0.029712,-1.051409,-0.000958,single_joint_sine,1,0.3,30
7.1263,0.398985,0,-0.523599,0,0,0,0.39,-0.049,-0.483,-0.001,0.325,0.006,0.66,-0.002,-0.002,-0.011,-0.021,0.013,0.16065,0.686306,-0.637875,0.029712,-1.051409,-0.000958,single_joint_sine,1,0.3,30
7.1298,0.401199,0,-0.523599,0,0,0,0.39,-0.049,-0.483,-0.001,0.325,0.006,0.66,0,0.004,0.009,0.005,0,0.16065,0.669769,-0.641419,0.019169,-1.059076,-0.004792,single_joint_sine,1,0.3,30
7.1332,0.403347,0,-0.523599,0,0,0,0.394,-0.049,-0.483,-0.001,0.325,0.006,0.636,0,0.002,-0.013,0.019,0,0.199631,0.669769,-0.637875,0.029712,-1.076328,-0.004792,single_joint_sine,1,0.3,30
7.1366,0.405472,0,-0.523599,0,0,0,0.399,-0.049,-0.483,-0.001,0.325,0.006,0.621,-0.001,0.002,-0.013,0.019,0,0.235069,0.685125,-0.637875,0.029712,-1.076328,-0.004792,single_joint_sine,1,0.3,30
7.1401,0.407644,0,-0.523599,0,0,0,0.399,-0.049,-0.483,-0.001,0.325,0.006,0.621,-0.001,0.002,-0.013,0.038,-0.007,0.235069,0.685125,-0.637875,0.029712,-1.076328,0.011501,single_joint_sine,1,0.3,30
7.1435,0.409742,0,-0.523599,0,0,0,0.399,-0.049,-0.483,-0.001,0.325,0.006,0.621,0,-0.002,0.011,0.038,-0.07,0.235069,0.6804,-0.629606,0.016293,-1.076328,0.002875,single_joint_sine,1,0.3,30
7.1469,0.411822,0,-0.523599,0,0,0,0.403,-0.049,-0.483,-0.001,0.325,0.006,0.656,0.003,0.003,-0.019,0.038,-0.07,0.107494,0.685125,-0.621337,0.029712,-1.076328,0.002875,single_joint_sine,1,0.3,30
7.1504,0.413953,0,-0.523599,0,0,0,0.403,-0.049,-0.483,-0.001,0.325,0.006,0.656,0.003,0.003,-0.019,0.024,0.023,0.107494,0.685125,-0.621337,0.029712,-1.066744,-0.009584,single_joint_sine,1,0.3,30
7.1538,0.415999,0,-0.523599,0,0,0,0.407,-0.049,-0.483,-0.001,0.325,0.006,0.607,0.003,0.003,0.013,0.007,0.023,0.187819,0.685125,-0.621337,0.023003,-1.058118,-0.009584,single_joint_sine,1,0.3,30
7.1572,0.418027,0,-0.523599,0,0,0,0.407,-0.049,-0.483,-0.001,0.325,0.006,0.607,-0.002,-0.001,0.013,0.007,0.023,0.187819,0.675675,-0.635512,0.023003,-1.058118,-0.009584,single_joint_sine,1,0.3,30
7.1606,0.420048,0,-0.523599,0,0,0,0.407,-0.049,-0.483,-0.001,0.325,0.006,0.607,-0.002,-0.001,0.013,0.007,0.013,0.187819,0.675675,-0.635512,0.023003,-1.058118,-0.004792,single_joint_sine,1,0.3,30
7.1642,0.422171,0,-0.523599,0,0,0,0.411,-0.049,-0.483,-0.001,0.325,0.006,0.58,0.002,0,-0.015,-0.007,0.003,0.174825,0.674494,-0.637875,0.024919,-1.054284,0.002875,single_joint_sine,1,0.3,30
7.1676,0.424146,0,-0.523599,0,0,0,0.416,-0.049,-0.483,-0.001,0.325,0.006,0.633,0.002,0.003,0.003,-0.001,0.003,0.051975,0.674494,-0.6237,0.009584,-1.047575,0.002875,single_joint_sine,1,0.3,30
7.171,0.4261,0,-0.523599,0,0,0,0.416,-0.049,-0.483,-0.001,0.325,0.006,0.633,0.002,0.003,0.003,-0.001,0.003,0.051975,0.674494,-0.6237,0.009584,-1.047575,0.002875,single_joint_sine,1,0.3,30
7.1744,0.428037,0,-0.523599,0,0,0,0.42,-0.049,-0.483,-0.001,0.325,0.006,0.559,0,0.003,0.003,-0.003,0.017,0.249244,0.673312,-0.6237,0.009584,-1.052367,-0.010543,single_joint_sine,1,0.3,30
7.1778,0.42996,0,-0.523599,0,0,0,0.42,-0.049,-0.483,-0.001,0.325,0.006,0.559,0,0.001,-0.021,-0.003,0,0.249244,0.681581,-0.618975,0.034504,-1.052367,-0.000958,single_joint_sine,1,0.3,30
7.1812,0.431861,0,-0.523599,0,0,0,0.42,-0.049,-0.483,-0.001,0.325,0.006,0.559,0,0.001,-0.021,-0.003,0,0.249244,0.681581,-0.618975,0.034504,-1.052367,-0.000958,single_joint_sine,1,0.3,30
7.1847,0.433805,0,-0.523599,0,0,0,0.424,-0.049,-0.483,-0.001,0.325,0.006,0.594,0,0,0,-0.028,-0.005,0.10395,0.676856,-0.643781,0.026836,-1.034157,0.034504,single_joint_sine,1,0.3,30
7.1881,0.435673,0,-0.523599,0,0,0,0.428,-0.049,-0.483,-0.001,0.325,0.006,0.542,0,0,0,-0.023,-0.005,0.233887,0.676856,-0.643781,0.054631,-1.042783,0.034504,single_joint_sine,1,0.3,30
7.1915,0.437521,0,-0.523599,0,0,0,0.428,-0.049,-0.483,-0.001,0.325,0.006,0.542,0,0,0,-0.023,-0.005,0.233887,0.688669,-0.643781,0.054631,-1.042783,0.034504,single_joint_sine,1,0.3,30
7.195,0.439414,0,-0.523599,0,0,0,0.428,-0.049,-0.483,-0.001,0.325,0.006,0.542,0,0,0,0.017,-0.011,0.233887,0.688669,-0.629606,0.054631,-1.063868,-0.000958,single_joint_sine,1,0.3,30
7.1984,0.44123,0,-0.523599,0,0,0,0.432,-0.049,-0.483,-0.001,0.325,0.006,0.542,0,0.002,-0.021,0.017,-0.013,0.190181,0.681581,-0.6426,0.026836,-1.063868,-0.01246,single_joint_sine,1,0.3,30
7.2018,0.443054,0,-0.523599,0,0,0,0.436,-0.049,-0.483,-0.001,0.325,0.006,0.573,0,0,0.007,0.017,-0.013,0.008269,0.682762,-0.648506,0.047922,-1.063868,-0.01246,single_joint_sine,1,0.3,30
7.2053,0.444859,0,-0.523599,0,0,0,0.436,-0.049,-0.483,-0.001,0.325,0.006,0.573,0,0,0.007,0.097,-0.013,0.008269,0.682762,-0.648506,0.047922,-1.171214,-0.01246,single_joint_sine,1,0.3,30
7.2087,0.446619,0,-0.523599,0,0,0,0.439,-0.049,-0.483,-0.001,0.326,0.006,0.511,0,0,0.007,0.04,-0.005,0.2268,0.682762,-0.648506,0.047922,-1.052367,-0.009584,single_joint_sine,1,0.3,30
7.2121,0.448361,0,-0.523599,0,0,0,0.439,-0.049,-0.483,-0.001,0.326,0.007,0.511,0.001,0.002,-0.044,0.04,0,0.2268,0.687487,-0.629606,0.020127,-1.052367,0.016293,single_joint_sine,1,0.3,30
7.2156,0.450165,0,-0.523599,0,0,0,0.439,-0.049,-0.483,-0.001,0.326,0.007,0.511,0.001,0.002,-0.044,0.04,0,0.2268,0.687487,-0.629606,0.020127,-1.052367,0.016293,single_joint_sine,1,0.3,30
7.2191,0.451922,0,-0.523599,0,0,0,0.443,-0.049,-0.483,-0.001,0.325,0.006,0.492,0.002,0.002,0.032,-0.132,-0.044,0.223256,0.674494,-0.634331,0.007668,-1.018822,0.026836,single_joint_sine,1,0.3,30
7.2225,0.453607,0,-0.523599,0,0,0,0.446,-0.049,-0.483,-0.001,0.325,0.006,0.518,0.002,0.002,0.009,0.007,-0.044,0.127575,0.674494,-0.634331,0.015335,-1.066744,0.026836,single_joint_sine,1,0.3,30
7.2259,0.455259,0,-0.523599,0,0,0,0.446,-0.049,-0.483,-0.001,0.325,0.006,0.518,0.002,0.002,0.009,0.007,-0.044,0.127575,0.674494,-0.634331,0.015335,-1.066744,0.026836,single_joint_sine,1,0.3,30
7.2297,0.457104,0,-0.523599,0,0,0,0.446,-0.049,-0.483,-0.001,0.325,0.006,0.518,0,-0.003,0.009,0.034,0.005,0.127575,0.682762,-0.636694,0.015335,-1.08112,-0.023961,single_joint_sine,1,0.3,30
7.2331,0.458732,0,-0.523599,0,0,0,0.45,-0.049,-0.483,-0.001,0.325,0.006,0.481,-0.003,0.001,0.005,0.034,0.009,0.147656,0.676856,-0.639056,0.020127,-1.08112,-0.006709,single_joint_sine,1,0.3,30
7.2365,0.460339,0,-0.523599,0,0,0,0.45,-0.049,-0.483,-0.001,0.325,0.006,0.481,-0.003,0.001,0.005,0.034,0.009,0.147656,0.676856,-0.639056,0.020127,-1.08112,-0.006709,single_joint_sine,1,0.3,30
7.2402,0.46205,0,-0.523599,0,0,0,0.453,-0.049,-0.483,-0.001,0.325,0.006,0.472,0,-0.003,0.013,-0.065,0.009,0.174825,0.6804,-0.63315,0.022044,-1.039907,-0.006709,single_joint_sine,1,0.3,30
7.2436,0.463618,0,-0.523599,0,0,0,0.457,-0.049,-0.483,-0.001,0.325,0.006,0.467,0,-0.003,0.013,-0.04,-0.015,0.181913,0.6804,-0.63315,0.022044,-1.047575,0.020127,single_joint_sine,1,0.3,30
7.247,0.465168,0,-0.523599,0,0,0,0.457,-0.049,-0.483,-0.001,0.325,0.006,0.467,0.002,-0.005,-0.007,-0.04,-0.015,0.181913,0.686306,-0.636694,0.020127,-1.047575,0.020127,single_joint_sine,1,0.3,30
7.2504,0.466703,0,-0.523599,0,0,0,0.457,-0.049,-0.483,-0.001,0.325,0.006,0.467,0.002,-0.005,-0.007,-0.04,-0.001,0.181913,0.686306,-0.636694,0.020127,-1.047575,0.008626,single_joint_sine,1,0.3,30
7.2538,0.468241,0,-0.523599,0,0,0,0.46,-0.049,-0.483,-0.001,0.325,0.006,0.481,-0.002,-0.004,0,0.019,-0.001,0.1323,0.673312,-0.63315,0.021086,-1.067702,-0.006709,single_joint_sine,1,0.3,30
7.2572,0.469732,0,-0.523599,0,0,0,0.463,-0.049,-0.483,-0.001,0.325,0.006,0.426,-0.002,-0.004,0,0.001,-0.001,0.219712,0.673312,-0.63315,0.021086,-1.052367,-0.006709,single_joint_sine,1,0.3,30
7.2606,0.471201,0,-0.523599,0,0,0,0.463,-0.049,-0.483,-0.001,0.325,0.006,0.426,-0.002,-0.004,0,0.001,-0.001,0.219712,0.673312,-0.63315,0.021086,-1.052367,-0.006709,single_joint_sine,1,0.3,30
7.2644,0.47279,0,-0.523599,0,0,0,0.463,-0.049,-0.483,-0.001,0.326,0.006,0.426,0,-0.002,-0.011,0.021,0.001,0.219712,0.682762,-0.636694,0.039296,-1.049492,0.005751,single_joint_sine,1,0.3,30
7.2678,0.474222,0,-0.523599,0,0,0,0.466,-0.049,-0.483,-0.001,0.326,0.007,0.444,0.002,-0.001,-0.001,0.021,0.036,0.184275,0.682762,-0.639056,-0.001917,-1.049492,0.040254,single_joint_sine,1,0.3,30
7.2712,0.475635,0,-0.523599,0,0,0,0.466,-0.049,-0.483,-0.001,0.326,0.007,0.444,0.002,-0.001,-0.001,0.021,0.036,0.184275,0.682762,-0.639056,-0.001917,-1.049492,0.040254,single_joint_sine,1,0.3,30
7.2746,0.477052,0,-0.523599,0,0,0,0.469,-0.049,-0.483,-0.001,0.325,0.007,0.399,-0.001,0,0.038,0.007,0.036,0.181913,0.676856,-0.640238,0.009584,-1.039907,0.040254,single_joint_sine,1,0.3,30
7.278,0.478425,0,-0.523599,0,0,0,0.472,-0.049,-0.483,-0.001,0.325,0.006,0.444,-0.001,0,0.038,0.017,0.009,0.068512,0.676856,-0.640238,0.009584,-1.060035,0.008626,single_joint_sine,1,0.3,30
7.2815,0.479796,0,-0.523599,0,0,0,0.472,-0.049,-0.483,-0.001,0.325,0.006,0.444,0,0,0.038,0.017,0.009,0.068512,0.679219,-0.640238,0.009584,-1.060035,0.008626,single_joint_sine,1,0.3,30
7.285,0.481172,0,-0.523599,0,0,0,0.472,-0.049,-0.483,-0.001,0.325,0.006,0.444,0,0,-0.023,0.017,0.013,0.068512,0.679219,-0.636694,0.044088,-1.060035,-0.010543,single_joint_sine,1,0.3,30
7.2884,0.482485,0,-0.523599,0,0,0,0.475,-0.049,-0.483,-0.001,0.325,0.006,0.387,-0.003,-0.001,0,0.023,0.001,0.155925,0.673312,-0.634331,0.028753,-1.07537,0.001917,single_joint_sine,1,0.3,30
7.2918,0.483775,0,-0.523599,0,0,0,0.477,-0.049,-0.483,-0.001,0.325,0.006,0.384,-0.003,-0.001,0,0.023,0.001,0.213806,0.673312,-0.634331,0.028753,-1.07537,0.001917,single_joint_sine,1,0.3,30
7.2952,0.485058,0,-0.523599,0,0,0,0.477,-0.049,-0.483,-0.001,0.325,0.006,0.384,-0.003,-0.001,-0.007,-0.03,0.001,0.213806,0.673312,-0.634331,0.036421,-1.037991,0.001917,single_joint_sine,1,0.3,30
7.2986,0.48631,0,-0.523599,0,0,0,0.477,-0.049,-0.483,-0.001,0.325,0.006,0.384,-0.001,-0.002,-0.007,-0.028,-0.007,0.213806,0.679219,-0.640238,0.036421,-1.026489,0.016293,single_joint_sine,1,0.3,30
7.302,0.487541,0,-0.523599,0,0,0,0.48,-0.049,-0.483,-0.001,0.325,0.006,0.348,0.001,-0.002,0.019,-0.028,-0.007,0.199631,0.674494,-0.640238,0.01821,-1.026489,0.016293,single_joint_sine,1,0.3,30
7.3054,0.48877,0,-0.523599,0,0,0,0.48,-0.049,-0.483,-0.001,0.325,0.006,0.348,0.001,-0.002,0.019,-0.028,-0.011,0.199631,0.674494,-0.640238,0.01821,-1.026489,0.028753,single_joint_sine,1,0.3,30
7.3089,0.489986,0,-0.523599,0,0,0,0.483,-0.049,-0.483,-0.001,0.325,0.006,0.407,0.001,0.006,0.017,-0.038,-0.011,0.030713,0.672131,-0.63315,0.023003,-1.048533,0.028753,single_joint_sine,1,0.3,30
7.3123,0.491159,0,-0.523599,0,0,0,0.485,-0.049,-0.483,-0.001,0.325,0.006,0.367,0.001,0.006,0.017,0.005,0.001,0.048431,0.672131,-0.63315,0.023003,-1.064827,-0.006709,single_joint_sine,1,0.3,30
7.3157,0.492308,0,-0.523599,0,0,0,0.485,-0.049,-0.483,-0.001,0.325,0.006,0.367,0.001,0.006,0.017,0.005,0.001,0.048431,0.672131,-0.63315,0.023003,-1.064827,-0.006709,single_joint_sine,1,0.3,30
7.3192,0.493493,0,-0.523599,0,0,0,0.485,-0.049,-0.483,-0.001,0.325,0.006,0.367,0,-0.002,-0.024,0.005,0.019,0.048431,0.676856,-0.637875,0.042171,-1.064827,-0.023003,single_joint_sine,1,0.3,30
7.3226,0.494604,0,-0.523599,0,0,0,0.488,-0.049,-0.483,-0.001,0.325,0.006,0.313,-0.001,0.002,0.005,-0.038,-0.001,0.222075,0.679219,-0.626062,0.027795,-1.053326,0.006709,single_joint_sine,1,0.3,30
7.3261,0.495713,0,-0.523599,0,0,0,0.488,-0.049,-0.483,-0.001,0.325,0.006,0.313,-0.001,0.002,0.005,-0.038,-0.001,0.222075,0.679219,-0.626062,0.027795,-1.053326,0.006709,single_joint_sine,1,0.3,30
7.3295,0.496803,0,-0.523599,0,0,0,0.49,-0.049,-0.483,-0.001,0.325,0.006,0.32,-0.001,0.002,0.001,-0.001,-0.001,0.178369,0.679219,-0.626062,0.023003,-1.058118,0.006709,single_joint_sine,1,0.3,30
7.3329,0.497842,0,-0.523599,0,0,0,0.49,-0.049,-0.483,-0.001,0.325,0.006,0.32,0,0,0.001,0.009,-0.001,0.178369,0.669769,-0.650869,0.023003,-1.057159,0.011501,single_joint_sine,1,0.3,30
7.3364,0.498889,0,-0.523599,0,0,0,0.492,-0.049,-0.483,-0.001,0.325,0.006,0.321,0,0,0.001,0.009,-0.001,0.086231,0.669769,-0.650869,0.023003,-1.057159,0.011501,single_joint_sine,1,0.3,30
7.3398,0.49991,0,-0.523599,0,0,0,0.492,-0.049,-0.483,-0.001,0.325,0.006,0.321,0,-0.005,-0.003,0.009,-0.007,0.086231,0.685125,-0.626062,0.031629,-1.057159,0.008626,single_joint_sine,1,0.3,30
7.3432,0.500898,0,-0.523599,0,0,0,0.495,-0.049,-0.483,-0.001,0.325,0.006,0.371,0,0,-0.019,-0.007,-0.007,-0.050794,0.68985,-0.622519,0.046964,-1.052367,0.008626,single_joint_sine,1,0.3,30
7.3466,0.501863,0,-0.523599,0,0,0,0.497,-0.049,-0.483,-0.001,0.325,0.006,0.301,0,0,-0.019,-0.007,-0.007,0.072056,0.68985,-0.622519,0.046964,-1.052367,0.008626,single_joint_sine,1,0.3,30
7.3501,0.502834,0,-0.523599,0,0,0,0.497,-0.049,-0.483,-0.001,0.325,0.006,0.301,0,0,-0.019,0.042,-0.001,0.072056,0.68985,-0.622519,0.046964,-1.057159,-0.008626,single_joint_sine,1,0.3,30
7.3535,0.50376,0,-0.523599,0,0,0,0.497,-0.049,-0.483,-0.001,0.325,0.006,0.301,-0.002,0.005,0,0.042,0.013,0.072056,0.68985,-0.631969,0.026836,-1.057159,-0.008626,single_joint_sine,1,0.3,30
7.3569,0.504664,0,-0.523599,0,0,0,0.499,-0.049,-0.483,-0.001,0.325,0.006,0.289,0,0.005,-0.005,-0.026,0.013,0.161831,0.681581,-0.63315,0.031629,-1.049492,-0.008626,single_joint_sine,1,0.3,30
7.3603,0.505546,0,-0.523599,0,0,0,0.499,-0.049,-0.483,-0.001,0.325,0.006,0.289,0,0.005,-0.005,-0.026,-0.003,0.161831,0.681581,-0.63315,0.031629,-1.049492,-0.003834,single_joint_sine,1,0.3,30
7.3638,0.506427,0,-0.523599,0,0,0,0.501,-0.049,-0.483,-0.001,0.325,0.006,0.259,0,0.005,0.009,-0.009,-0.003,0.171281,0.681581,-0.63315,0.023961,-1.056201,-0.003834,single_joint_sine,1,0.3,30
7.3672,0.507269,0,-0.523599,0,0,0,0.501,-0.049,-0.483,-0.001,0.325,0.006,0.259,0.002,-0.001,0.009,-0.023,0.003,0.171281,0.674494,-0.636694,0.023961,-1.054284,0,single_joint_sine,1,0.3,30
7.371,0.508206,0,-0.523599,0,0,0,0.501,-0.049,-0.483,-0.001,0.325,0.006,0.259,0.002,-0.001,0.009,-0.023,0.003,0.171281,0.674494,-0.636694,0.023961,-1.054284,0,single_joint_sine,1,0.3,30
7.3746,0.509034,0,-0.523599,0,0,0,0.502,-0.049,-0.483,-0.001,0.325,0.006,0.236,0,0,0,-0.023,0.013,0.21735,0.681581,-0.637875,0.026836,-1.054284,0.003834,single_joint_sine,1,0.3,30
7.378,0.50981,0,-0.523599,0,0,0,0.504,-0.049,-0.483,-0.001,0.325,0.006,0.258,0,0.004,-0.007,-0.001,0.013,0.100406,0.674494,-0.643781,0.028753,-1.058118,0.003834,single_joint_sine,1,0.3,30
7.3814,0.510577,0,-0.523599,0,0,0,0.506,-0.049,-0.483,-0.001,0.325,0.006,0.249,0,0.004,-0.007,-0.001,0.013,0.069694,0.674494,-0.643781,0.028753,-1.058118,0.003834,single_joint_sine,1,0.3,30
7.385,0.511347,0,-0.523599,0,0,0,0.506,-0.049,-0.483,-0.001,0.325,0.006,0.249,0,0.004,-0.007,0.021,-0.021,0.069694,0.674494,-0.643781,0.028753,-1.048533,0.014377,single_joint_sine,1,0.3,30
7.3884,0.512058,0,-0.523599,0,0,0,0.506,-0.049,-0.483,-0.001,0.325,0.006,0.249,0,0.005,0.001,0.021,-0.005,0.069694,0.673312,-0.622519,0.027795,-1.048533,0.008626,single_joint_sine,1,0.3,30
7.3918,0.512748,0,-0.523599,0,0,0,0.507,-0.049,-0.483,-0.001,0.325,0.006,0.197,-0.002,-0.001,0.001,0.021,-0.005,0.19845,0.686306,-0.6426,0.027795,-1.048533,0.008626,single_joint_sine,1,0.3,30
7.3952,0.513425,0,-0.523599,0,0,0,0.507,-0.049,-0.483,-0.001,0.325,0.006,0.197,-0.002,-0.001,0.005,0.023,-0.061,0.19845,0.686306,-0.6426,0.028753,-1.051409,-0.015335,single_joint_sine,1,0.3,30
7.3986,0.514072,0,-0.523599,0,0,0,0.509,-0.049,-0.483,-0.001,0.325,0.006,0.196,-0.002,-0.001,0.011,0.005,-0.061,0.154744,0.686306,-0.6426,0.026836,-1.049492,-0.015335,single_joint_sine,1,0.3,30
7.402,0.514698,0,-0.523599,0,0,0,0.509,-0.049,-0.483,-0.001,0.325,0.006,0.196,0,0.005,0.011,0.03,0.011,0.154744,0.675675,-0.641419,0.026836,-1.05045,0,single_joint_sine,1,0.3,30
7.4055,0.515322,0,-0.523599,0,0,0,0.509,-0.049,-0.483,-0.001,0.325,0.006,0.196,0,0.005,0.011,0.03,0.011,0.154744,0.675675,-0.641419,0.026836,-1.05045,0,single_joint_sine,1,0.3,30
7.4089,0.5159,0,-0.523599,0,0,0,0.51,-0.049,-0.483,-0.001,0.325,0.006,0.201,0,0,0.03,0.03,0.021,0.107494,0.688669,-0.626062,0.004792,-1.05045,-0.009584,single_joint_sine,1,0.3,30
7.4123,0.516461,0,-0.523599,0,0,0,0.511,-0.049,-0.483,-0.001,0.325,0.006,0.162,0,-0.001,0.003,0,0.021,0.157106,0.686306,-0.63315,0.013418,-1.048533,-0.009584,single_joint_sine,1,0.3,30
7.4157,0.51701,0,-0.523599,0,0,0,0.511,-0.049,-0.483,-0.001,0.325,0.006,0.162,0,-0.001,0.003,0,0.021,0.157106,0.686306,-0.63315,0.013418,-1.048533,-0.009584,single_joint_sine,1,0.3,30
7.4195,0.517581,0,-0.523599,0,0,0,0.512,-0.049,-0.483,-0.001,0.325,0.006,0.141,0,-0.001,0.003,-0.021,-0.003,0.158287,0.686306,-0.63315,0.013418,-1.036074,0,single_joint_sine,1,0.3,30
7.4229,0.518078,0,-0.523599,0,0,0,0.512,-0.049,-0.483,-0.001,0.325,0.006,0.141,0.002,0.001,-0.009,-0.021,-0.001,0.158287,0.679219,-0.637875,0.03067,-1.036074,0.015335,single_joint_sine,1,0.3,30
7.4263,0.518561,0,-0.523599,0,0,0,0.513,-0.049,-0.483,-0.001,0.325,0.006,0.162,0.002,0.001,-0.009,-0.021,-0.001,0.096863,0.679219,-0.637875,0.03067,-1.036074,0.015335,single_joint_sine,1,0.3,30
7.43,0.51905,0,-0.523599,0,0,0,0.513,-0.049,-0.483,-0.001,0.325,0.006,0.162,0.005,-0.002,0.023,0.026,0,0.096863,0.67095,-0.628425,0.014377,-1.076328,-0.002875,single_joint_sine,1,0.3,30
7.4334,0.519481,0,-0.523599,0,0,0,0.514,-0.049,-0.483,-0.001,0.325,0.006,0.144,0.005,-0.002,0.017,0.021,0,0.093319,0.67095,-0.628425,0.023003,-1.063868,-0.002875,single_joint_sine,1,0.3,30
7.4368,0.51989,0,-0.523599,0,0,0,0.514,-0.049,-0.483,-0.001,0.325,0.006,0.144,0,0.005,0.017,0.021,0,0.093319,0.688669,-0.6426,0.023003,-1.063868,-0.002875,single_joint_sine,1,0.3,30
7.4402,0.520281,0,-0.523599,0,0,0,0.514,-0.049,-0.483,-0.001,0.325,0.006,0.144,0,0.005,0.017,0.003,0.007,0.093319,0.688669,-0.6426,0.023003,-1.024572,-0.010543,single_joint_sine,1,0.3,30
7.4436,0.520647,0,-0.523599,0,0,0,0.515,-0.049,-0.483,0,0.325,0.006,0.157,-0.001,0,0.036,0.003,0.032,0.053156,0.676856,-0.637875,0.01246,-1.024572,-0.015335,single_joint_sine,1,0.3,30
7.447,0.520992,0,-0.523599,0,0,0,0.516,-0.049,-0.483,0,0.325,0.006,0.155,0,0.004,-0.005,-0.005,0.032,0.005906,0.681581,-0.640238,0.014377,-1.030323,-0.015335,single_joint_sine,1,0.3,30
7.4505,0.52132,0,-0.523599,0,0,0,0.516,-0.049,-0.483,0,0.325,0.006,0.155,0,0.004,-0.005,-0.005,0.032,0.005906,0.681581,-0.640238,0.014377,-1.030323,-0.015335,single_joint_sine,1,0.3,30
7.454,0.521629,0,-0.523599,0,0,0,0.517,-0.049,-0.483,0,0.325,0.006,0.059,0,0.004,-0.005,-0.003,-0.021,0.137025,0.681581,-0.640238,0.014377,-1.047575,0.020127,single_joint_sine,1,0.3,30
7.4574,0.521909,0,-0.523599,0,0,0,0.517,-0.049,-0.483,0,0.325,0.006,0.059,0,0.002,-0.017,-0.003,-0.005,0.137025,0.686306,-0.630787,0.069966,-1.047575,0.009584,single_joint_sine,1,0.3,30
7.4608,0.522168,0,-0.523599,0,0,0,0.517,-0.049,-0.483,0,0.325,0.006,0.059,0,0.002,-0.017,-0.003,-0.005,0.137025,0.686306,-0.630787,0.069966,-1.047575,0.009584,single_joint_sine,1,0.3,30
7.4645,0.522429,0,-0.523599,0,0,0,0.518,-0.049,-0.483,0,0.325,0.006,0.133,0,-0.004,0.036,0.024,-0.028,-0.011813,0.674494,-0.639056,0.001917,-1.07537,0.006709,single_joint_sine,1,0.3,30
7.4679,0.522642,0,-0.523599,0,0,0,0.519,-0.049,-0.483,0,0.325,0.006,0.083,0,-0.004,0.003,0.009,-0.028,0.064969,0.674494,-0.639056,0.021086,-1.049492,0.006709,single_joint_sine,1,0.3,30
7.4713,0.522834,0,-0.523599,0,0,0,0.519,-0.049,-0.483,0,0.325,0.006,0.083,0,-0.004,0.003,0.009,-0.028,0.064969,0.674494,-0.639056,0.021086,-1.049492,0.006709,single_joint_sine,1,0.3,30
7.4751,0.523022,0,-0.523599,0,0,0,0.519,-0.049,-0.483,0,0.325,0.006,0.083,0,-0.003,0.003,-0.024,0.005,0.064969,0.674494,-0.635512,0.021086,-1.040866,0.005751,single_joint_sine,1,0.3,30
7.4785,0.523169,0,-0.523599,0,0,0,0.519,-0.049,-0.483,0,0.325,0.006,0.084,0.002,0.001,0.017,-0.024,-0.036,0.089775,0.6804,-0.635512,0.024919,-1.040866,0.015335,single_joint_sine,1,0.3,30
7.4819,0.523294,0,-0.523599,0,0,0,0.519,-0.049,-0.483,0,0.325,0.006,0.037,0.002,0.003,0.011,-0.007,-0.036,0.068512,0.675675,-0.639056,0.024919,-1.054284,0.015335,single_joint_sine,1,0.3,30
7.4854,0.523399,0,-0.523599,0,0,0,0.519,-0.049,-0.483,0,0.325,0.006,0.037,0.002,0.003,0.011,-0.007,0.019,0.068512,0.675675,-0.639056,0.024919,-1.054284,-0.003834,single_joint_sine,1,0.3,30
7.4888,0.523481,0,-0.523599,0,0,0,0.52,-0.049,-0.483,0,0.325,0.006,0.037,0.002,0.003,0.011,0.026,0.019,0.0378,0.675675,-0.639056,0.024919,-1.076328,-0.003834,single_joint_sine,1,0.3,30
7.4922,0.523542,0,-0.523599,0,0,0,0.52,-0.049,-0.483,0,0.325,0.006,0.037,0,-0.005,-0.019,0.026,0,0.0378,0.679219,-0.6237,0.041213,-1.076328,-0.01246,single_joint_sine,1,0.3,30
7.4956,0.523581,0,-0.523599,0,0,0,0.52,-0.049,-0.483,0,0.325,0.006,0.037,0,-0.005,-0.019,0.026,0,0.0378,0.679219,-0.6237,0.041213,-1.076328,-0.01246,single_joint_sine,1,0.3,30
7.4994,0.523598,0,-0.523599,0,0,0,0.52,-0.049,-0.483,0,0.325,0.006,0.004,0.001,0.005,0.003,-0.003,-0.005,0.112219,0.673312,-0.635512,0.026836,-1.053326,0.002875,single_joint_sine,1,0.3,30
7.5028,0.523592,0,-0.523599,0,0,0,0.52,-0.049,-0.483,0,0.325,0.006,0.003,0.001,0.005,-0.001,0.024,-0.005,0.086231,0.673312,-0.635512,0.01821,-1.0447,0.002875,single_joint_sine,1,0.3,30
7.5062,0.523563,0,-0.523599,0,0,0,0.52,-0.049,-0.483,0,0.325,0.006,0.003,0.001,0.005,-0.001,0.024,-0.005,0.086231,0.673312,-0.635512,0.01821,-1.0447,0.002875,single_joint_sine,1,0.3,30
7.5101,0.523504,0,-0.523599,0,0,0,0.52,-0.049,-0.483,0,0.325,0.006,0.003,0,0,-0.001,-0.036,0.015,0.086231,0.679219,-0.627244,0.01821,-1.043741,0.013418,single_joint_sine,1,0.3,30
7.5135,0.52343,0,-0.523599,0,0,0,0.52,-0.049,-0.483,-0.001,0.325,0.006,0.003,0.002,-0.002,-0.005,-0.036,-0.015,0.054337,0.6804,-0.636694,0.016293,-1.043741,0.008626,single_joint_sine,1,0.3,30
7.5169,0.523334,0,-0.523599,0,0,0,0.52,-0.049,-0.483,-0.001,0.325,0.006,-0.013,0.002,-0.001,0,0.017,0.017,0.046069,0.6804,-0.647325,0.032587,-1.070577,-0.025878,single_joint_sine,1,0.3,30
7.5206,0.523202,0,-0.523599,0,0,0,0.52,-0.049,-0.483,-0.001,0.325,0.006,-0.013,0.002,-0.001,0,0.017,0.017,0.046069,0.6804,-0.647325,0.032587,-1.070577,-0.025878,single_joint_sine,1,0.3,30
7.5244,0.523047,0,-0.523599,0,0,0,0.52,-0.049,-0.483,-0.001,0.325,0.006,0,0.002,-0.001,0,-0.021,0.017,0.011813,0.6804,-0.647325,0.032587,-0.954606,-0.025878,single_joint_sine,1,0.3,30
7.5278,0.522882,0,-0.523599,0,0,0,0.52,-0.049,-0.483,-0.001,0.325,0.007,0,0,0.002,-0.028,-0.021,-0.021,0.011813,0.6804,-0.6426,0.066132,-0.954606,0.000958,single_joint_sine,1,0.3,30
7.5316,0.522668,0,-0.523599,0,0,0,0.52,-0.049,-0.483,-0.001,0.325,0.007,-0.009,-0.001,0.003,-0.023,-0.038,-0.021,-0.024806,0.687487,-0.643781,0.041213,-1.029365,0.000958,single_joint_sine,1,0.3,30
7.5354,0.522431,0,-0.523599,0,0,0,0.52,-0.049,-0.483,-0.001,0.325,0.006,-0.009,-0.001,0.003,-0.023,-0.038,-0.057,-0.024806,0.687487,-0.643781,0.041213,-1.029365,0.06134,single_joint_sine,1,0.3,30
7.5388,0.522197,0,-0.523599,0,0,0,0.52,-0.049,-0.483,-0.001,0.324,0.006,-0.014,-0.001,0.003,-0.019,0.003,-0.057,-0.088594,0.687487,-0.643781,0.066132,-1.043741,0.06134,single_joint_sine,1,0.3,30
7.5422,0.521941,0,-0.523599,0,0,0,0.52,-0.049,-0.483,-0.001,0.325,0.006,-0.014,0.001,0,-0.019,0.049,-0.011,-0.088594,0.673312,-0.636694,0.066132,-1.094538,0.032587,single_joint_sine,1,0.3,30
7.5456,0.521664,0,-0.523599,0,0,0,0.52,-0.049,-0.483,-0.001,0.325,0.006,-0.014,0.001,0,-0.019,0.049,-0.011,-0.088594,0.673312,-0.636694,0.066132,-1.094538,0.032587,single_joint_sine,1,0.3,30
7.5494,0.521334,0,-0.523599,0,0,0,0.52,-0.049,-0.483,-0.001,0.325,0.006,-0.009,0,0.003,-0.013,0.049,0.009,-0.152381,0.6804,-0.644962,0.04313,-1.094538,-0.023961,single_joint_sine,1,0.3,30
7.5528,0.521012,0,-0.523599,0,0,0,0.52,-0.049,-0.483,-0.001,0.325,0.006,-0.026,-0.002,-0.001,-0.003,-0.023,0.009,-0.199631,0.681581,-0.646144,0.025878,-1.05045,-0.023961,single_joint_sine,1,0.3,30
7.5562,0.520662,0,-0.523599,0,0,0,0.52,-0.049,-0.483,-0.001,0.325,0.006,-0.026,-0.002,-0.001,-0.003,-0.023,0.009,-0.199631,0.681581,-0.646144,0.025878,-1.05045,-0.023961,single_joint_sine,1,0.3,30
7.5599,0.52026,0,-0.523599,0,0,0,0.519,-0.049,-0.483,-0.001,0.325,0.006,-0.027,-0.002,-0.001,-0.003,-0.024,0.009,-0.222075,0.681581,-0.646144,0.025878,-1.039907,-0.000958,single_joint_sine,1,0.3,30
7.5633,0.519871,0,-0.523599,0,0,0,0.519,-0.049,-0.483,-0.001,0.325,0.006,-0.027,0.005,0.001,-0.015,-0.024,0.013,-0.222075,0.669769,-0.641419,0.01821,-1.039907,0.005751,single_joint_sine,1,0.3,30
7.5668,0.519456,0,-0.523599,0,0,0,0.519,-0.049,-0.483,-0.001,0.325,0.006,-0.029,0,0,-0.015,-0.024,0.013,-0.2079,0.6804,-0.627244,0.01821,-1.039907,0.005751,single_joint_sine,1,0.3,30
7.5703,0.519007,0,-0.523599,0,0,0,0.519,-0.049,-0.483,-0.001,0.325,0.006,-0.029,0,0,0.003,-0.011,-0.007,-0.2079,0.6804,-0.627244,0.002875,-1.048533,0.019169,single_joint_sine,1,0.3,30
7.5737,0.518553,0,-0.523599,0,0,0,0.519,-0.049,-0.483,-0.001,0.325,0.006,-0.086,0,-0.004,0.028,-0.013,-0.007,-0.134662,0.6804,-0.609525,0.004792,-1.068661,0.019169,single_joint_sine,1,0.3,30
7.5771,0.518078,0,-0.523599,0,0,0,0.519,-0.049,-0.483,-0.001,0.325,0.006,-0.086,0.001,-0.004,0.028,-0.026,-0.007,-0.134662,0.686306,-0.609525,0.004792,-1.048533,0.019169,single_joint_sine,1,0.3,30
7.5806,0.517569,0,-0.523599,0,0,0,0.519,-0.049,-0.483,-0.001,0.325,0.006,-0.086,0.001,-0.004,0.028,-0.026,-0.007,-0.134662,0.686306,-0.609525,0.004792,-1.048533,0.009584,single_joint_sine,1,0.3,30
7.5844,0.51699,0,-0.523599,0,0,0,0.518,-0.049,-0.483,-0.001,0.325,0.006,-0.063,0,-0.002,0.011,-0.026,0.007,-0.271688,0.681581,-0.650869,-0.005751,-1.048533,-0.002875,single_joint_sine,1,0.3,30
7.5878,0.516449,0,-0.523599,0,0,0,0.518,-0.049,-0.483,-0.001,0.325,0.006,-0.124,0,0.001,0.036,0.003,-0.021,-0.269325,0.679219,-0.640238,0.009584,-1.063868,0.007668,single_joint_sine,1,0.3,30
7.5912,0.515883,0,-0.523599,0,0,0,0.518,-0.049,-0.483,-0.001,0.325,0.006,-0.124,0,0.001,0.036,0.003,-0.021,-0.269325,0.679219,-0.640238,0.009584,-1.063868,0.007668,single_joint_sine,1,0.3,30
7.5947,0.515283,0,-0.523599,0,0,0,0.517,-0.049,-0.483,-0.001,0.325,0.006,-0.121,0,0.001,0.036,0.015,-0.021,-0.186637,0.679219,-0.640238,0.009584,-1.054284,0.007668,single_joint_sine,1,0.3,30
7.5981,0.514677,0,-0.523599,0,0,0,0.517,-0.049,-0.483,-0.001,0.325,0.006,-0.121,-0.003,0,-0.001,0.015,-0.013,-0.186637,0.678037,-0.641419,0.016293,-1.054284,0.008626,single_joint_sine,1,0.3,30
7.6015,0.514052,0,-0.523599,0,0,0,0.516,-0.049,-0.483,-0.001,0.325,0.006,-0.067,0.001,0,-0.001,0.015,-0.013,-0.405169,0.669769,-0.641419,0.016293,-1.054284,0.008626,single_joint_sine,1,0.3,30
7.6051,0.513366,0,-0.523599,0,0,0,0.516,-0.049,-0.483,-0.001,0.325,0.006,-0.067,0.001,0.001,-0.019,0.007,0.011,-0.405169,0.669769,-0.635512,0.050797,-1.056201,-0.005751,single_joint_sine,1,0.3,30
7.6085,0.512695,0,-0.523599,0,0,0,0.515,-0.049,-0.483,-0.001,0.325,0.006,-0.148,0.001,-0.002,-0.024,0.024,0.011,-0.285862,0.669769,-0.629606,0.065174,-1.058118,-0.005751,single_joint_sine,1,0.3,30
7.6119,0.512004,0,-0.523599,0,0,0,0.515,-0.049,-0.483,-0.001,0.325,0.006,-0.148,-0.003,-0.002,-0.024,0.024,0.011,-0.285862,0.673312,-0.629606,0.065174,-1.058118,-0.005751,single_joint_sine,1,0.3,30
7.6153,0.511285,0,-0.523599,0,0,0,0.515,-0.049,-0.483,-0.001,0.325,0.006,-0.148,-0.003,-0.002,-0.024,0.015,-0.009,-0.285862,0.673312,-0.629606,0.065174,-1.048533,-0.006709,single_joint_sine,1,0.3,30
7.6187,0.510552,0,-0.523599,0,0,0,0.514,-0.049,-0.483,-0.001,0.325,0.006,-0.131,0.002,0,-0.047,0.015,-0.005,-0.3969,0.692213,-0.644962,0.068049,-1.048533,-0.002875,single_joint_sine,1,0.3,30
7.6221,0.509797,0,-0.523599,0,0,0,0.513,-0.049,-0.483,-0.001,0.325,0.006,-0.209,0,0,-0.003,0.013,-0.005,-0.206719,0.6804,-0.631969,0.010543,-1.052367,-0.002875,single_joint_sine,1,0.3,30
7.6255,0.509011,0,-0.523599,0,0,0,0.513,-0.049,-0.483,-0.001,0.325,0.006,-0.209,0,0,-0.003,0.013,-0.005,-0.206719,0.6804,-0.631969,0.010543,-1.052367,-0.002875,single_joint_sine,1,0.3,30
7.6293,0.50813,0,-0.523599,0,0,0,0.512,-0.049,-0.483,-0.001,0.325,0.006,-0.156,0,0,-0.003,0.001,-0.021,-0.320119,0.6804,-0.631969,0.010543,-1.056201,-0.006709,single_joint_sine,1,0.3,30
7.6327,0.50731,0,-0.523599,0,0,0,0.512,-0.049,-0.483,-0.001,0.325,0.006,-0.156,0.002,-0.006,0.009,0.001,0.011,-0.320119,0.681581,-0.630787,0.017252,-1.056201,-0.000958,single_joint_sine,1,0.3,30
7.6362,0.506434,0,-0.523599,0,0,0,0.512,-0.049,-0.483,-0.001,0.325,0.006,-0.156,0.002,-0.006,0.009,0.001,0.011,-0.320119,0.681581,-0.630787,0.017252,-1.056201,-0.000958,single_joint_sine,1,0.3,30
7.6397,0.505552,0,-0.523599,0,0,0,0.511,-0.049,-0.483,-0.001,0.325,0.006,-0.198,0,0.002,0.003,0.026,0.009,-0.316575,0.666225,-0.634331,0.006709,-1.060993,0.011501,single_joint_sine,1,0.3,30
7.6431,0.504668,0,-0.523599,0,0,0,0.509,-0.049,-0.483,-0.001,0.325,0.006,-0.218,0,-0.002,0.026,-0.015,0.009,-0.31185,0.666225,-0.6426,0.013418,-1.058118,0.011501,single_joint_sine,1,0.3,30
7.6465,0.50376,0,-0.523599,0,0,0,0.508,-0.049,-0.483,-0.001,0.325,0.006,-0.236,0.001,-0.002,0.026,-0.015,0.009,-0.317756,0.682762,-0.6426,0.013418,-1.058118,0.011501,single_joint_sine,1,0.3,30
7.6499,0.502823,0,-0.523599,0,0,0,0.508,-0.049,-0.483,-0.001,0.325,0.006,-0.236,0.001,-0.002,0.026,-0.001,0,-0.317756,0.682762,-0.6426,0.013418,-1.026489,0.158143,single_joint_sine,1,0.3,30
7.6533,0.501876,0,-0.523599,0,0,0,0.508,-0.049,-0.483,-0.001,0.325,0.006,-0.236,0,0.004,0.003,-0.001,0.011,-0.317756,0.67095,-0.635512,0.024919,-1.026489,-0.039296,single_joint_sine,1,0.3,30
7.6567,0.50091,0,-0.523599,0,0,0,0.506,-0.049,-0.483,-0.001,0.325,0.006,-0.248,-0.001,0,-0.013,-0.001,0.011,-0.318937,0.681581,-0.631969,0.026836,-1.026489,-0.039296,single_joint_sine,1,0.3,30
7.6602,0.499915,0,-0.523599,0,0,0,0.506,-0.049,-0.483,-0.001,0.325,0.006,-0.248,-0.001,0,-0.013,-0.028,0.021,-0.318937,0.681581,-0.631969,0.026836,-1.012113,-0.009584,single_joint_sine,1,0.3,30
7.6636,0.498907,0,-0.523599,0,0,0,0.504,-0.049,-0.483,-0.001,0.325,0.006,-0.235,-0.001,0,-0.013,0.011,0.021,-0.33075,0.681581,-0.631969,0.026836,-1.055242,-0.009584,single_joint_sine,1,0.3,30
7.667,0.497879,0,-0.523599,0,0,0,0.504,-0.049,-0.483,-0.001,0.325,0.006,-0.235,-0.001,0.001,-0.001,0.011,0.021,-0.33075,0.679219,-0.631969,0.029712,-1.055242,-0.009584,single_joint_sine,1,0.3,30
7.6704,0.496816,0,-0.523599,0,0,0,0.504,-0.049,-0.483,-0.001,0.325,0.006,-0.235,-0.001,0.001,-0.001,0.011,0.005,-0.33075,0.679219,-0.631969,0.029712,-1.055242,-0.016293,single_joint_sine,1,0.3,30
7.6739,0.495727,0,-0.523599,0,0,0,0.502,-0.049,-0.483,-0.001,0.325,0.006,-0.301,0,-0.005,-0.019,0.074,0.009,-0.177187,0.688669,-0.630787,0.034504,-1.06291,-0.029712,single_joint_sine,1,0.3,30
7.6773,0.494636,0,-0.523599,0,0,0,0.5,-0.049,-0.483,-0.001,0.325,0.006,-0.299,0,-0.005,0.001,-0.009,0.009,-0.181913,0.688669,-0.630787,0.022044,-1.055242,-0.029712,single_joint_sine,1,0.3,30
7.6807,0.49351,0,-0.523599,0,0,0,0.5,-0.049,-0.483,-0.001,0.325,0.006,-0.299,0,-0.005,0.001,-0.009,0.009,-0.181913,0.688669,-0.630787,0.022044,-1.055242,-0.029712,single_joint_sine,1,0.3,30
7.6843,0.492312,0,-0.523599,0,0,0,0.498,-0.049,-0.483,-0.001,0.325,0.006,-0.325,0,0,0.001,-0.011,0.011,-0.209081,0.683944,-0.637875,0.022044,-1.033198,-0.004792,single_joint_sine,1,0.3,30
7.6877,0.49116,0,-0.523599,0,0,0,0.498,-0.049,-0.483,-0.001,0.325,0.006,-0.325,0.001,-0.002,0.013,-0.011,0.011,-0.209081,0.6804,-0.635512,0.017252,-1.033198,-0.004792,single_joint_sine,1,0.3,30
7.6912,0.489975,0,-0.523599,0,0,0,0.498,-0.049,-0.483,-0.001,0.325,0.006,-0.325,0.001,-0.002,0.013,-0.011,-0.007,-0.209081,0.6804,-0.635512,0.017252,-1.033198,0.010543,single_joint_sine,1,0.3,30
7.6947,0.488749,0,-0.523599,0,0,0,0.496,-0.049,-0.483,-0.001,0.325,0.006,-0.297,0,0,-0.021,0,-0.024,-0.372094,0.675675,-0.643781,0.037379,-1.056201,0.003834,single_joint_sine,1,0.3,30
7.698,0.487535,0,-0.523599,0,0,0,0.493,-0.049,-0.483,-0.001,0.325,0.006,-0.318,0,0,-0.021,0.013,-0.024,-0.305944,0.675675,-0.643781,0.037379,-1.055242,0.003834,single_joint_sine,1,0.3,30
7.7014,0.486301,0,-0.523599,0,0,0,0.493,-0.049,-0.483,-0.001,0.325,0.006,-0.318,0,0,-0.021,0.013,-0.024,-0.305944,0.675675,-0.643781,0.037379,-1.055242,0.003834,single_joint_sine,1,0.3,30
7.705,0.485003,0,-0.523599,0,0,0,0.493,-0.049,-0.483,-0.001,0.325,0.006,-0.318,0,0,-0.005,0.013,0.009,-0.305944,0.681581,-0.637875,0.029712,-1.055242,-0.009584,single_joint_sine,1,0.3,30
7.7084,0.483728,0,-0.523599,0,0,0,0.491,-0.049,-0.483,-0.001,0.325,0.006,-0.354,-0.001,0.004,-0.009,0.019,0.013,-0.216169,0.679219,-0.640238,0.026836,-1.057159,0.006709,single_joint_sine,1,0.3,30
7.7118,0.482435,0,-0.523599,0,0,0,0.488,-0.049,-0.483,-0.001,0.325,0.006,-0.392,-0.001,0,0.003,0.019,0.013,-0.125213,0.679219,-0.637875,0.020127,-1.057159,0.006709,single_joint_sine,1,0.3,30
7.7153,0.481074,0,-0.523599,0,0,0,0.488,-0.049,-0.483,-0.001,0.325,0.006,-0.392,-0.001,0,0.003,0.023,0.013,-0.125213,0.679219,-0.637875,0.020127,-1.058118,0.006709,single_joint_sine,1,0.3,30
7.7187,0.47974,0,-0.523599,0,0,0,0.486,-0.049,-0.483,-0.001,0.325,0.006,-0.383,0,0,0.003,0.001,-0.017,-0.233887,0.679219,-0.637875,0.020127,-1.055242,0.009584,single_joint_sine,1,0.3,30
7.7221,0.478386,0,-0.523599,0,0,0,0.486,-0.049,-0.483,-0.001,0.325,0.006,-0.383,0,-0.002,0.013,0.001,0.019,-0.233887,0.679219,-0.630787,0.017252,-1.055242,-0.013418,single_joint_sine,1,0.3,30
7.7261,0.476781,0,-0.523599,0,0,0,0.486,-0.049,-0.483,-0.001,0.325,0.006,-0.383,0,-0.002,0.013,0.001,0.019,-0.233887,0.679219,-0.630787,0.017252,-1.055242,-0.013418,single_joint_sine,1,0.3,30
7.7296,0.475309,0,-0.523599,0,0,0,0.483,-0.049,-0.483,-0.001,0.325,0.006,-0.364,0.002,0,-0.015,0.024,0.007,-0.276412,0.676856,-0.639056,0.031629,-1.066744,0,single_joint_sine,1,0.3,30
7.733,0.473891,0,-0.523599,0,0,0,0.48,-0.049,-0.483,-0.001,0.325,0.006,-0.397,0.002,0,-0.015,-0.011,0.007,-0.2646,0.676856,-0.639056,0.031629,-1.056201,0,single_joint_sine,1,0.3,30
7.7365,0.472446,0,-0.523599,0,0,0,0.48,-0.049,-0.483,-0.001,0.325,0.006,-0.397,0.001,0,-0.015,-0.011,0.007,-0.2646,0.692213,-0.639056,0.031629,-1.056201,0,single_joint_sine,1,0.3,30
7.7399,0.470982,0,-0.523599,0,0,0,0.48,-0.049,-0.483,-0.001,0.325,0.006,-0.397,0.001,0,0,-0.011,-0.015,-0.2646,0.692213,-0.626062,0.03067,-1.056201,0.008626,single_joint_sine,1,0.3,30
7.7433,0.469506,0,-0.523599,0,0,0,0.477,-0.049,-0.483,-0.001,0.325,0.006,-0.444,0,0,0.001,-0.019,-0.017,-0.154744,0.679219,-0.6426,0.027795,-1.040866,0.004792,single_joint_sine,1,0.3,30
7.7467,0.46801,0,-0.523599,0,0,0,0.474,-0.049,-0.483,-0.001,0.325,0.006,-0.41,0,0,0.001,-0.019,-0.017,-0.298856,0.679219,-0.6426,0.027795,-1.040866,0.004792,single_joint_sine,1,0.3,30
7.7501,0.4665,0,-0.523599,0,0,0,0.474,-0.049,-0.483,-0.001,0.325,0.006,-0.41,0,0.005,0,-0.028,-0.017,-0.298856,0.679219,-0.650869,0.027795,-1.043741,0.004792,single_joint_sine,1,0.3,30
7.7535,0.464967,0,-0.523599,0,0,0,0.471,-0.049,-0.483,-0.001,0.325,0.006,-0.426,0.001,0.005,0,0.019,0.011,-0.251606,0.681581,-0.650869,0.027795,-1.060035,-0.003834,single_joint_sine,1,0.3,30
7.7569,0.463416,0,-0.523599,0,0,0,0.471,-0.049,-0.483,-0.001,0.325,0.006,-0.426,0,-0.001,-0.009,0.019,0.011,-0.251606,0.681581,-0.636694,0.027795,-1.060035,-0.003834,single_joint_sine,1,0.3,30
7.7605,0.461754,0,-0.523599,0,0,0,0.471,-0.049,-0.483,-0.001,0.325,0.006,-0.426,0,-0.001,-0.009,0.019,0.001,-0.251606,0.681581,-0.636694,0.027795,-1.060035,0.008626,single_joint_sine,1,0.3,30
7.7639,0.460163,0,-0.523599,0,0,0,0.468,-0.049,-0.483,-0.001,0.325,0.006,-0.462,0.001,0.002,-0.001,0.051,-0.001,-0.159469,0.675675,-0.6426,0.034504,-1.072494,0.003834,single_joint_sine,1,0.3,30
7.7673,0.458553,0,-0.523599,0,0,0,0.465,-0.049,-0.483,-0.001,0.325,0.006,-0.492,0.001,0.002,-0.001,-0.001,-0.001,-0.155925,0.675675,-0.6426,0.034504,-1.020739,0.003834,single_joint_sine,1,0.3,30
7.7706,0.456928,0,-0.523599,0,0,0,0.465,-0.049,-0.483,-0.001,0.325,0.006,-0.492,0.001,0.002,-0.001,-0.001,-0.001,-0.155925,0.675675,-0.6426,0.034504,-1.020739,0.003834,single_joint_sine,1,0.3,30
7.7745,0.455047,0,-0.523599,0,0,0,0.465,-0.049,-0.483,-0.001,0.325,0.006,-0.492,-0.002,0,0.001,-0.001,0.005,-0.155925,0.683944,-0.634331,0.026836,-1.020739,0.015335,single_joint_sine,1,0.3,30
7.7779,0.453385,0,-0.523599,0,0,0,0.462,-0.049,-0.483,-0.001,0.325,0.007,-0.482,0.001,0,0.001,-0.017,-0.003,-0.194906,0.6804,-0.63315,0.026836,-1.045658,0.037379,single_joint_sine,1,0.3,30
7.7814,0.451665,0,-0.523599,0,0,0,0.458,-0.049,-0.483,-0.001,0.325,0.007,-0.487,0.001,0,0.001,-0.017,-0.003,-0.21735,0.6804,-0.63315,0.026836,-1.045658,0.037379,single_joint_sine,1,0.3,30
7.7848,0.449936,0,-0.523599,0,0,0,0.458,-0.049,-0.483,-0.001,0.325,0.007,-0.487,0.001,0.001,0.019,-0.021,-0.003,-0.21735,0.6804,-0.634331,0.023003,-1.054284,0.037379,single_joint_sine,1,0.3,30
7.7882,0.44821,0,-0.523599,0,0,0,0.455,-0.049,-0.483,-0.001,0.325,0.006,-0.518,0,0.001,0.019,0.026,-0.021,-0.158287,0.6804,-0.634331,0.023003,-1.059076,0,single_joint_sine,1,0.3,30
7.7916,0.446466,0,-0.523599,0,0,0,0.455,-0.049,-0.483,-0.001,0.325,0.006,-0.518,0,-0.002,0.019,0.026,-0.021,-0.158287,0.683944,-0.629606,0.023003,-1.059076,0,single_joint_sine,1,0.3,30
7.7951,0.444679,0,-0.523599,0,0,0,0.455,-0.049,-0.483,-0.001,0.325,0.006,-0.518,0,-0.002,-0.017,0.026,0.047,-0.158287,0.683944,-0.629606,0.037379,-1.059076,-0.01246,single_joint_sine,1,0.3,30
7.7985,0.442899,0,-0.523599,0,0,0,0.451,-0.049,-0.483,-0.001,0.325,0.006,-0.513,0,0.002,0,-0.001,0.013,-0.173644,0.688669,-0.636694,0.021086,-1.041824,0.008626,single_joint_sine,1,0.3,30
7.8019,0.441105,0,-0.523599,0,0,0,0.447,-0.049,-0.483,-0.001,0.325,0.006,-0.529,0,0.002,0,-0.001,0.013,-0.237431,0.688669,-0.636694,0.021086,-1.041824,0.008626,single_joint_sine,1,0.3,30
7.8054,0.439215,0,-0.523599,0,0,0,0.447,-0.049,-0.483,-0.001,0.325,0.006,-0.529,0,0.002,0,-0.009,0.013,-0.237431,0.688669,-0.636694,0.021086,-1.054284,0.008626,single_joint_sine,1,0.3,30
7.8088,0.43738,0,-0.523599,0,0,0,0.447,-0.049,-0.483,-0.001,0.325,0.006,-0.529,0,0,-0.003,-0.009,-0.011,-0.237431,0.682762,-0.637875,0.038338,-1.054284,0.013418,single_joint_sine,1,0.3,30
7.8122,0.435526,0,-0.523599,0,0,0,0.444,-0.049,-0.483,-0.001,0.325,0.006,-0.518,0,0.001,-0.003,-0.005,-0.013,-0.222075,0.679219,-0.637875,0.023961,-1.052367,0.017252,single_joint_sine,1,0.3,30
7.8156,0.433629,0,-0.523599,0,0,0,0.444,-0.049,-0.483,-0.001,0.325,0.006,-0.518,0,0.001,-0.003,-0.005,-0.013,-0.222075,0.679219,-0.637875,0.023961,-1.052367,0.017252,single_joint_sine,1,0.3,30
7.8194,0.431564,0,-0.523599,0,0,0,0.44,-0.049,-0.483,-0.001,0.325,0.006,-0.546,0,0,0.001,0.021,-0.013,-0.199631,0.679219,-0.634331,0.020127,-1.059076,0.017252,single_joint_sine,1,0.3,30
7.8228,0.429655,0,-0.523599,0,0,0,0.436,-0.049,-0.483,-0.001,0.325,0.006,-0.53,-0.001,0,0.001,0,0.009,-0.301219,0.673312,-0.634331,0.020127,-1.051409,-0.000958,single_joint_sine,1,0.3,30
7.8261,0.427733,0,-0.523599,0,0,0,0.436,-0.049,-0.483,-0.001,0.325,0.006,-0.53,-0.001,0,0.001,0,0.009,-0.301219,0.673312,-0.634331,0.020127,-1.051409,-0.000958,single_joint_sine,1,0.3,30
7.8297,0.425722,0,-0.523599,0,0,0,0.436,-0.049,-0.483,-0.001,0.325,0.006,-0.53,0.002,0,0.024,0,0.023,-0.301219,0.674494,-0.637875,0.03067,-1.051409,-0.047922,single_joint_sine,1,0.3,30
7.8331,0.423749,0,-0.523599,0,0,0,0.432,-0.049,-0.483,-0.001,0.325,0.006,-0.551,0,-0.002,-0.019,0.023,0.023,-0.256331,0.694575,-0.641419,0.026836,-1.039907,-0.047922,single_joint_sine,1,0.3,30
7.8366,0.421708,0,-0.523599,0,0,0,0.428,-0.049,-0.483,-0.001,0.325,0.006,-0.57,0,-0.002,-0.019,0.023,-0.009,-0.180731,0.694575,-0.641419,0.026836,-1.039907,0.01246,single_joint_sine,1,0.3,30
7.8402,0.419598,0,-0.523599,0,0,0,0.428,-0.049,-0.483,-0.001,0.325,0.006,-0.57,0,-0.002,-0.019,-0.001,-0.009,-0.180731,0.694575,-0.641419,0.026836,-1.05045,0.01246,single_joint_sine,1,0.3,30
7.8436,0.417582,0,-0.523599,0,0,0,0.428,-0.049,-0.483,-0.001,0.325,0.006,-0.57,-0.001,-0.001,-0.024,-0.001,-0.032,-0.180731,0.683944,-0.6426,0.034504,-1.05045,0.020127,single_joint_sine,1,0.3,30
7.847,0.415555,0,-0.523599,0,0,0,0.424,-0.049,-0.483,-0.001,0.325,0.006,-0.564,0,0.001,0.032,0.023,-0.032,-0.363825,0.675675,-0.631969,0.023003,-1.147253,0.020127,single_joint_sine,1,0.3,30
7.8504,0.41346,0,-0.523599,0,0,0,0.424,-0.049,-0.483,-0.001,0.325,0.006,-0.564,0,0.001,0.032,0.023,-0.011,-0.363825,0.675675,-0.631969,0.023003,-1.147253,0,single_joint_sine,1,0.3,30
7.8538,0.411392,0,-0.523599,0,0,0,0.42,-0.049,-0.483,-0.001,0.326,0.006,-0.58,0,-0.004,-0.017,0.092,-0.011,-0.2457,0.675675,-0.647325,0.037379,-1.063868,0,single_joint_sine,1,0.3,30
7.8572,0.409308,0,-0.523599,0,0,0,0.42,-0.049,-0.483,-0.001,0.326,0.006,-0.58,0.001,-0.004,-0.017,-0.001,0.032,-0.2457,0.6804,-0.647325,0.037379,-1.066744,-0.016293,single_joint_sine,1,0.3,30
7.8607,0.407178,0,-0.523599,0,0,0,0.42,-0.049,-0.483,-0.001,0.326,0.006,-0.58,0.001,-0.004,-0.017,-0.001,0.032,-0.2457,0.6804,-0.647325,0.037379,-1.066744,-0.016293,single_joint_sine,1,0.3,30
7.8641,0.405024,0,-0.523599,0,0,0,0.416,-0.049,-0.483,-0.001,0.326,0.006,-0.6,0.001,0,-0.011,-0.001,-0.026,-0.279956,0.678037,-0.639056,0.023003,-1.066744,0.011501,single_joint_sine,1,0.3,30
7.8675,0.402895,0,-0.523599,0,0,0,0.412,-0.049,-0.483,-0.001,0.325,0.006,-0.58,0,0,0.023,-0.042,-0.026,-0.360281,0.6804,-0.61425,0.006709,-1.026489,0.011501,single_joint_sine,1,0.3,30
7.871,0.400705,0,-0.523599,0,0,0,0.408,-0.049,-0.483,-0.001,0.325,0.006,-0.653,0,0,0.023,-0.042,-0.026,-0.154744,0.6804,-0.61425,0.006709,-1.026489,0.011501,single_joint_sine,1,0.3,30
7.8749,0.398225,0,-0.523599,0,0,0,0.408,-0.049,-0.483,-0.001,0.326,0.006,-0.653,0,0,0.023,0.08,0.015,-0.154744,0.6804,-0.61425,0.006709,-1.083037,-0.016293,single_joint_sine,1,0.3,30
7.8783,0.396038,0,-0.523599,0,0,0,0.408,-0.049,-0.483,-0.001,0.326,0.007,-0.653,-0.001,-0.001,-0.005,0.08,0.011,-0.154744,0.681581,-0.636694,0.019169,-1.083037,-0.016293,single_joint_sine,1,0.3,30
7.8817,0.393841,0,-0.523599,0,0,0,0.403,-0.049,-0.483,-0.001,0.326,0.007,-0.612,0.002,0,0.011,0.08,0.011,-0.289406,0.673312,-0.640238,0.016293,-1.083037,-0.016293,single_joint_sine,1,0.3,30
7.8854,0.391426,0,-0.523599,0,0,0,0.403,-0.049,-0.483,-0.001,0.326,0.006,-0.612,0.002,0,0.011,0.04,-0.011,-0.289406,0.673312,-0.640238,0.016293,-1.073453,0.007668,single_joint_sine,1,0.3,30
7.8888,0.389189,0,-0.523599,0,0,0,0.399,-0.049,-0.483,-0.001,0.326,0.006,-0.643,0.002,-0.001,0.009,-0.034,-0.011,-0.272869,0.673312,-0.636694,0.022044,-1.053326,0.007668,single_joint_sine,1,0.3,30
7.8922,0.386938,0,-0.523599,0,0,0,0.394,-0.049,-0.483,-0.001,0.326,0.006,-0.663,0,-0.001,0.009,-0.051,-0.011,-0.290587,0.679219,-0.636694,0.022044,-1.03224,0.007668,single_joint_sine,1,0.3,30
7.8956,0.384676,0,-0.523599,0,0,0,0.394,-0.049,-0.483,-0.001,0.326,0.006,-0.663,0,-0.001,0.009,-0.051,-0.015,-0.290587,0.679219,-0.636694,0.022044,-1.03224,-0.014377,single_joint_sine,1,0.3,30
7.8993,0.382188,0,-0.523599,0,0,0,0.394,-0.049,-0.483,-0.001,0.326,0.006,-0.663,0.001,0.004,-0.011,-0.051,-0.013,-0.290587,0.674494,-0.6426,0.032587,-1.03224,0.019169,single_joint_sine,1,0.3,30
7.9027,0.379887,0,-0.523599,0,0,0,0.39,-0.049,-0.483,-0.001,0.326,0.006,-0.648,-0.001,0.002,0.011,-0.011,-0.074,-0.277594,0.6804,-0.643781,0.023961,-1.049492,-0.005751,single_joint_sine,1,0.3,30
7.9067,0.377159,0,-0.523599,0,0,0,0.385,-0.049,-0.483,-0.001,0.326,0.006,-0.688,-0.001,0.002,0.011,-0.011,-0.074,-0.191362,0.6804,-0.643781,0.023961,-1.049492,-0.005751,single_joint_sine,1,0.3,30
7.91,0.37483,0,-0.523599,0,0,0,0.385,-0.049,-0.483,-0.001,0.326,0.006,-0.688,-0.001,0.002,0.011,0.032,-0.074,-0.191362,0.6804,-0.643781,0.023961,-1.070577,-0.005751,single_joint_sine,1,0.3,30
7.9134,0.37248,0,-0.523599,0,0,0,0.385,-0.049,-0.483,-0.001,0.326,0.006,-0.688,0.001,0,-0.019,0.032,0.04,-0.191362,0.669769,-0.646144,0.046005,-1.070577,-0.046964,single_joint_sine,1,0.3,30
7.9168,0.370115,0,-0.523599,0,0,0,0.38,-0.049,-0.483,-0.001,0.326,0.006,-0.69,-0.002,0,0.023,0.032,0.04,-0.21735,0.672131,-0.637875,0.025878,-1.070577,-0.046964,single_joint_sine,1,0.3,30
7.9203,0.367701,0,-0.523599,0,0,0,0.38,-0.049,-0.483,-0.001,0.326,0.006,-0.69,-0.002,0,0.023,-0.024,0.015,-0.21735,0.672131,-0.637875,0.025878,-1.051409,-0.001917,single_joint_sine,1,0.3,30
7.9237,0.365311,0,-0.523599,0,0,0,0.375,-0.049,-0.483,-0.001,0.326,0.006,-0.697,-0.002,0,0.013,-0.024,0.015,-0.297675,0.672131,-0.627244,0.01246,-1.047575,-0.001917,single_joint_sine,1,0.3,30
7.9271,0.362906,0,-0.523599,0,0,0,0.37,-0.049,-0.483,-0.001,0.326,0.006,-0.72,0,0,0.013,0.007,-0.03,-0.177187,0.686306,-0.627244,0.01246,-1.069619,0.01821,single_joint_sine,1,0.3,30
7.9305,0.360448,0,-0.523599,0,0,0,0.37,-0.049,-0.483,-0.001,0.326,0.006,-0.72,0,0,0.013,0.007,-0.03,-0.177187,0.686306,-0.627244,0.01246,-1.069619,0.01821,single_joint_sine,1,0.3,30
7.9347,0.357473,0,-0.523599,0,0,0,0.37,-0.049,-0.483,-0.001,0.326,0.006,-0.72,-0.001,0,-0.007,0.007,-0.019,-0.177187,0.686306,-0.63315,0.03067,-1.069619,-0.005751,single_joint_sine,1,0.3,30
7.9381,0.355014,0,-0.523599,0,0,0,0.365,-0.049,-0.483,-0.001,0.326,0.006,-0.707,0.003,-0.002,-0.005,-0.005,0.009,-0.278775,0.681581,-0.639056,0.03067,-1.060993,-0.016293,single_joint_sine,1,0.3,30
7.9415,0.352498,0,-0.523599,0,0,0,0.36,-0.049,-0.483,-0.001,0.326,0.006,-0.763,0.003,-0.002,-0.005,-0.034,0.009,-0.116944,0.681581,-0.639056,0.03067,-1.052367,-0.016293,single_joint_sine,1,0.3,30
7.9456,0.349488,0,-0.523599,0,0,0,0.36,-0.049,-0.483,-0.001,0.326,0.006,-0.763,0.003,-0.002,-0.005,-0.034,0.009,-0.116944,0.681581,-0.639056,0.03067,-1.052367,-0.016293,single_joint_sine,1,0.3,30
7.9494,0.346712,0,-0.523599,0,0,0,0.36,-0.049,-0.483,-0.001,0.326,0.006,-0.763,-0.003,0,-0.007,-0.034,-0.001,-0.116944,0.681581,-0.63315,0.031629,-1.052367,-0.001917,single_joint_sine,1,0.3,30
7.9528,0.344191,0,-0.523599,0,0,0,0.355,-0.049,-0.483,-0.001,0.326,0.006,-0.712,-0.001,-0.005,0.003,0.007,0.005,-0.323662,0.683944,-0.634331,0.019169,-1.058118,0.000958,single_joint_sine,1,0.3,30
7.9562,0.341621,0,-0.523599,0,0,0,0.35,-0.049,-0.483,-0.001,0.326,0.006,-0.752,-0.001,-0.005,0.003,0.007,0.005,-0.176006,0.683944,-0.634331,0.019169,-1.058118,0.000958,single_joint_sine,1,0.3,30
7.9604,0.338498,0,-0.523599,0,0,0,0.35,-0.049,-0.483,-0.001,0.326,0.006,-0.752,-0.001,0.002,0.001,-0.021,0.005,-0.176006,0.683944,-0.6426,0.01821,-1.040866,0.000958,single_joint_sine,1,0.3,30
7.9638,0.335931,0,-0.523599,0,0,0,0.344,-0.049,-0.483,-0.001,0.326,0.006,-0.738,0,0.002,0.001,0.013,-0.011,-0.296494,0.688669,-0.6426,0.01821,-1.06291,-0.002875,single_joint_sine,1,0.3,30
7.9672,0.33335,0,-0.523599,0,0,0,0.344,-0.049,-0.483,-0.001,0.326,0.006,-0.738,0,0.005,0,0.013,-0.007,-0.296494,0.673312,-0.637875,0.021086,-1.06291,0,single_joint_sine,1,0.3,30
7.9706,0.330722,0,-0.523599,0,0,0,0.344,-0.049,-0.483,-0.001,0.326,0.006,-0.738,0,0.005,0,0.013,-0.007,-0.296494,0.673312,-0.637875,0.021086,-1.06291,0,single_joint_sine,1,0.3,30
7.9744,0.327841,0,-0.523599,0,0,0,0.339,-0.049,-0.483,-0.001,0.326,0.006,-0.753,0,0.004,0.003,0.028,0,-0.263419,0.691031,-0.626062,0.019169,-1.059076,0.008626,single_joint_sine,1,0.3,30
7.9778,0.325218,0,-0.523599,0,0,0,0.334,-0.049,-0.483,-0.001,0.326,0.006,-0.73,0,0.004,-0.005,-0.028,0,-0.383906,0.691031,-0.626062,0.03067,-1.036074,0.008626,single_joint_sine,1,0.3,30
7.9812,0.322589,0,-0.523599,0,0,0,0.334,-0.049,-0.483,-0.001,0.326,0.006,-0.73,0.002,0.002,-0.005,-0.028,0,-0.383906,0.675675,-0.641419,0.03067,-1.036074,0.008626,single_joint_sine,1,0.3,30
7.9852,0.319438,0,-0.523599,0,0,0,0.334,-0.049,-0.483,-0.001,0.326,0.006,-0.73,0.002,0.002,-0.005,-0.028,-0.026,-0.383906,0.675675,-0.641419,0.03067,-1.036074,0.008626,single_joint_sine,1,0.3,30
7.9886,0.316772,0,-0.523599,0,0,0,0.329,-0.049,-0.483,-0.001,0.325,0.006,-0.766,0,0,-0.003,-0.053,0.009,-0.289406,0.674494,-0.635512,0.032587,-1.028406,0.006709,single_joint_sine,1,0.3,30
7.992,0.3141,0,-0.523599,0,0,0,0.323,-0.049,-0.483,-0.001,0.325,0.006,-0.774,0,0.001,-0.009,-0.053,0.009,-0.320119,0.674494,-0.641419,0.034504,-1.028406,0.006709,single_joint_sine,1,0.3,30
7.9955,0.311371,0,-0.523599,0,0,0,0.323,-0.049,-0.483,-0.001,0.326,0.006,-0.774,0,0.001,-0.009,0.005,0.009,-0.320119,0.674494,-0.641419,0.034504,-1.073453,0.006709,single_joint_sine,1,0.3,30
7.9992,0.308424,0,-0.523599,0,0,0,0.318,-0.049,-0.483,-0.001,0.326,0.006,-0.784,0,0.001,-0.009,-0.001,0.003,-0.327206,0.6804,-0.641419,0.034504,-1.059076,0.006709,single_joint_sine,1,0.3,30
8.0026,0.305659,0,-0.523599,0,0,0,0.318,-0.049,-0.483,-0.001,0.326,0.006,-0.784,0.002,0.003,0.003,-0.001,-0.013,-0.327206,0.679219,-0.640238,0.025878,-1.059076,-0.001917,single_joint_sine,1,0.3,30
8.006,0.302929,0,-0.523599,0,0,0,0.318,-0.049,-0.483,-0.001,0.326,0.006,-0.784,0.002,0.003,0.003,-0.001,-0.013,-0.327206,0.679219,-0.640238,0.025878,-1.059076,-0.001917,single_joint_sine,1,0.3,30
8.0096,0.30004,0,-0.523599,0,0,0,0.312,-0.049,-0.483,-0.001,0.326,0.006,-0.787,0,0.003,-0.019,-0.011,0.009,-0.270506,0.682762,-0.637875,0.029712,-1.03224,0.003834,single_joint_sine,1,0.3,30
8.013,0.297291,0,-0.523599,0,0,0,0.307,-0.049,-0.483,-0.001,0.326,0.006,-0.814,0,0.003,-0.011,-0.03,0.009,-0.276412,0.682762,-0.637875,0.006709,-1.070577,0.003834,single_joint_sine,1,0.3,30
8.0165,0.294475,0,-0.523599,0,0,0,0.307,-0.049,-0.483,-0.001,0.326,0.006,-0.814,-0.001,0.003,-0.011,-0.03,0.009,-0.276412,0.678037,-0.637875,0.006709,-1.070577,0.003834,single_joint_sine,1,0.3,30
8.0199,0.291649,0,-0.523599,0,0,0,0.307,-0.049,-0.483,-0.001,0.326,0.006,-0.814,-0.001,-0.001,-0.011,-0.03,-0.026,-0.276412,0.678037,-0.630787,0.006709,-1.070577,0.01246,single_joint_sine,1,0.3,30
8.0233,0.288856,0,-0.523599,0,0,0,0.301,-0.049,-0.483,-0.001,0.326,0.006,-0.832,0,-0.002,0.007,0.021,0.005,-0.222075,0.6804,-0.629606,0.038338,-1.072494,-0.025878,single_joint_sine,1,0.3,30
8.0267,0.28606,0,-0.523599,0,0,0,0.295,-0.049,-0.483,-0.001,0.326,0.006,-0.802,0,-0.002,0.007,0.021,0.005,-0.363825,0.6804,-0.646144,0.038338,-1.072494,-0.025878,single_joint_sine,1,0.3,30
8.0305,0.282879,0,-0.523599,0,0,0,0.295,-0.049,-0.483,-0.001,0.326,0.006,-0.802,0,-0.002,0.007,0.038,0.005,-0.363825,0.6804,-0.646144,0.024919,-1.067702,-0.025878,single_joint_sine,1,0.3,30
8.0339,0.280084,0,-0.523599,0,0,0,0.289,-0.049,-0.483,-0.001,0.326,0.007,-0.862,0,-0.002,0.007,0.007,0.134,-0.171281,0.682762,-0.646144,0.024919,-1.058118,-0.000958,single_joint_sine,1,0.3,30
8.0373,0.277244,0,-0.523599,0,0,0,0.289,-0.049,-0.483,-0.001,0.326,0.007,-0.862,0,0,0,0.007,-0.026,-0.171281,0.688669,-0.637875,0.023961,-1.058118,0.020127,single_joint_sine,1,0.3,30
8.0411,0.27404,0,-0.523599,0,0,0,0.289,-0.049,-0.483,-0.001,0.326,0.007,-0.862,0,0,0,0.007,-0.026,-0.171281,0.688669,-0.637875,0.023961,-1.058118,0.020127,single_joint_sine,1,0.3,30
8.0446,0.271077,0,-0.523599,0,0,0,0.284,-0.049,-0.483,-0.001,0.326,0.006,-0.806,-0.001,0.002,-0.013,-0.059,-0.049,-0.373275,0.676856,-0.641419,0.034504,-1.0447,0.038338,single_joint_sine,1,0.3,30
8.048,0.2682,0,-0.523599,0,0,0,0.278,-0.049,-0.483,-0.001,0.326,0.006,-0.873,-0.001,0.002,0.003,0.011,-0.049,-0.1512,0.676856,-0.641419,0.01821,-1.055242,0.038338,single_joint_sine,1,0.3,30
8.0515,0.265265,0,-0.523599,0,0,0,0.278,-0.049,-0.483,-0.001,0.326,0.006,-0.873,-0.001,0.002,0.003,0.011,-0.049,-0.1512,0.676856,-0.641419,0.01821,-1.055242,0.038338,single_joint_sine,1,0.3,30
8.0552,0.262133,0,-0.523599,0,0,0,0.278,-0.049,-0.483,-0.001,0.326,0.006,-0.873,-0.002,0,0.003,-0.005,0.007,-0.1512,0.679219,-0.635512,0.01821,-1.043741,-0.000958,single_joint_sine,1,0.3,30
8.0586,0.259225,0,-0.523599,0,0,0,0.272,-0.049,-0.483,-0.001,0.326,0.006,-0.836,-0.002,0.002,0,-0.005,-0.026,-0.33075,0.682762,-0.63315,0.022044,-1.043741,-0.007668,single_joint_sine,1,0.3,30
8.062,0.256305,0,-0.523599,0,0,0,0.266,-0.049,-0.483,-0.001,0.326,0.006,-0.895,-0.002,0,0.001,0.024,-0.026,-0.190181,0.682762,-0.628425,0.020127,-1.058118,-0.007668,single_joint_sine,1,0.3,30
8.0654,0.253335,0,-0.523599,0,0,0,0.266,-0.049,-0.483,-0.001,0.326,0.006,-0.895,-0.002,0,0.001,0.024,-0.026,-0.190181,0.682762,-0.628425,0.020127,-1.058118,-0.007668,single_joint_sine,1,0.3,30
8.0689,0.250337,0,-0.523599,0,0,0,0.26,-0.049,-0.483,-0.001,0.326,0.006,-0.844,0.002,0,0.001,-0.015,0,-0.294131,0.6804,-0.628425,0.020127,-1.051409,0.004792,single_joint_sine,1,0.3,30
8.0723,0.247333,0,-0.523599,0,0,0,0.26,-0.049,-0.483,-0.001,0.326,0.006,-0.844,0.003,-0.002,0.023,-0.015,0.003,-0.294131,0.673312,-0.636694,0.021086,-1.051409,0.006709,single_joint_sine,1,0.3,30
8.0758,0.244275,0,-0.523599,0,0,0,0.26,-0.049,-0.483,-0.001,0.326,0.006,-0.844,0.003,-0.002,0.023,-0.015,0.003,-0.294131,0.673312,-0.636694,0.021086,-1.051409,0.006709,single_joint_sine,1,0.3,30
8.0794,0.241164,0,-0.523599,0,0,0,0.254,-0.049,-0.483,-0.001,0.326,0.006,-0.876,0,0,0,-0.007,0.007,-0.291769,0.679219,-0.636694,0.027795,-1.061952,0.013418,single_joint_sine,1,0.3,30
8.0828,0.23818,0,-0.523599,0,0,0,0.248,-0.049,-0.483,-0.001,0.326,0.006,-0.871,0,0,0.001,-0.001,0.007,-0.305944,0.679219,-0.636694,0.021086,-1.059076,0.013418,single_joint_sine,1,0.3,30
8.0862,0.235144,0,-0.523599,0,0,0,0.248,-0.049,-0.483,-0.001,0.326,0.006,-0.871,0,0,0.001,-0.001,0.007,-0.305944,0.679219,-0.636694,0.021086,-1.059076,0.013418,single_joint_sine,1,0.3,30
8.0898,0.231963,0,-0.523599,0,0,0,0.248,-0.049,-0.483,-0.001,0.326,0.006,-0.871,0.001,-0.001,0.001,0,-0.036,-0.305944,0.676856,-0.631969,0.021086,-1.063868,0.010543,single_joint_sine,1,0.3,30
8.0932,0.228951,0,-0.523599,0,0,0,0.241,-0.049,-0.483,-0.001,0.326,0.006,-0.869,0,-0.001,0.015,0,-0.021,-0.271688,0.666225,-0.640238,0.013418,-1.063868,0.000958,single_joint_sine,1,0.3,30
8.0966,0.22593,0,-0.523599,0,0,0,0.235,-0.049,-0.483,-0.001,0.326,0.006,-0.865,0,-0.001,0.015,0,-0.021,-0.355556,0.666225,-0.640238,0.013418,-1.063868,0.000958,single_joint_sine,1,0.3,30
8.1003,0.222692,0,-0.523599,0,0,0,0.235,-0.049,-0.483,-0.001,0.326,0.006,-0.865,0,0,-0.009,-0.013,-0.021,-0.355556,0.666225,-0.640238,0.023961,-1.029365,0.000958,single_joint_sine,1,0.3,30
8.1037,0.219651,0,-0.523599,0,0,0,0.229,-0.049,-0.483,-0.001,0.326,0.006,-0.907,0.001,0,-0.009,-0.021,-0.003,-0.211444,0.673312,-0.640238,0.023961,-1.06291,0.009584,single_joint_sine,1,0.3,30
8.1071,0.21661,0,-0.523599,0,0,0,0.229,-0.049,-0.483,-0.001,0.326,0.006,-0.907,0,0.004,-0.015,-0.021,0.009,-0.211444,0.676856,-0.6426,0.027795,-1.06291,-0.005751,single_joint_sine,1,0.3,30
8.1106,0.213402,0,-0.523599,0,0,0,0.229,-0.049,-0.483,-0.001,0.326,0.006,-0.907,0,0.004,-0.015,-0.021,0.009,-0.211444,0.676856,-0.6426,0.027795,-1.06291,-0.005751,single_joint_sine,1,0.3,30
8.1143,0.210122,0,-0.523599,0,0,0,0.223,-0.049,-0.483,-0.001,0.326,0.006,-0.873,-0.001,0,-0.001,0.044,0.023,-0.295313,0.683944,-0.647325,0.023961,-1.096455,-0.008626,single_joint_sine,1,0.3,30
8.1177,0.207045,0,-0.523599,0,0,0,0.216,-0.049,-0.483,-0.001,0.326,0.006,-0.913,-0.001,0,0,0.076,0.023,-0.268144,0.683944,-0.647325,0.019169,-1.074411,-0.008626,single_joint_sine,1,0.3,30
8.1211,0.203967,0,-0.523599,0,0,0,0.216,-0.049,-0.483,-0.001,0.326,0.006,-0.913,-0.001,0,0,0.076,0.023,-0.268144,0.683944,-0.647325,0.019169,-1.074411,-0.008626,single_joint_sine,1,0.3,30
8.1246,0.200775,0,-0.523599,0,0,0,0.216,-0.049,-0.483,-0.001,0.326,0.006,-0.913,0,0.001,0,-0.017,0.023,-0.268144,0.676856,-0.630787,0.019169,-1.041824,-0.007668,single_joint_sine,1,0.3,30
8.1279,0.197714,0,-0.523599,0,0,0,0.21,-0.049,-0.483,-0.001,0.326,0.006,-0.874,0.003,0.002,-0.001,-0.017,-0.003,-0.250425,0.692213,-0.640238,0.035462,-1.041824,-0.033545,single_joint_sine,1,0.3,30
8.1314,0.194558,0,-0.523599,0,0,0,0.21,-0.049,-0.483,-0.001,0.326,0.006,-0.874,0.003,0.002,-0.001,-0.017,-0.003,-0.250425,0.692213,-0.640238,0.035462,-1.041824,-0.033545,single_joint_sine,1,0.3,30
8.1348,0.191392,0,-0.523599,0,0,0,0.204,-0.049,-0.483,-0.001,0.326,0.006,-0.907,0.003,0.002,0,-0.001,-0.003,-0.328387,0.692213,-0.646144,0.022044,-1.029365,-0.033545,single_joint_sine,1,0.3,30
8.1382,0.188275,0,-0.523599,0,0,0,0.197,-0.049,-0.483,-0.001,0.326,0.006,-0.951,0.001,0.002,0,0.038,-0.013,-0.185456,0.674494,-0.646144,0.022044,-1.071536,0.015335,single_joint_sine,1,0.3,30
8.1416,0.185097,0,-0.523599,0,0,0,0.197,-0.049,-0.483,-0.001,0.326,0.006,-0.951,0.001,0.002,0,0.038,-0.013,-0.185456,0.674494,-0.646144,0.022044,-1.071536,0.015335,single_joint_sine,1,0.3,30
8.1451,0.181866,0,-0.523599,0,0,0,0.197,-0.049,-0.483,-0.001,0.326,0.006,-0.951,0.002,0.001,-0.019,0.038,-0.005,-0.185456,0.682762,-0.644962,0.035462,-1.071536,-0.020127,single_joint_sine,1,0.3,30
8.1485,0.178724,0,-0.523599,0,0,0,0.191,-0.049,-0.483,-0.001,0.326,0.007,-0.902,0,0,0.009,-0.015,0.034,-0.333112,0.675675,-0.637875,0.015335,-1.06291,-0.038338,single_joint_sine,1,0.3,30
8.1519,0.175598,0,-0.523599,0,0,0,0.184,-0.049,-0.483,-0.001,0.326,0.007,-0.95,0,0,0.009,-0.015,0.034,-0.200812,0.675675,-0.637875,0.015335,-1.06291,-0.038338,single_joint_sine,1,0.3,30
8.1554,0.172333,0,-0.523599,0,0,0,0.184,-0.049,-0.483,-0.001,0.326,0.007,-0.95,0,0,-0.021,0.015,0.034,-0.200812,0.675675,-0.637875,0.034504,-1.068661,-0.038338,single_joint_sine,1,0.3,30
8.159,0.16898,0,-0.523599,0,0,0,0.184,-0.049,-0.483,-0.001,0.326,0.007,-0.95,0,-0.002,-0.021,0.009,-0.038,-0.200812,0.683944,-0.629606,0.034504,-1.060993,0.002875,single_joint_sine,1,0.3,30
8.1624,0.16581,0,-0.523599,0,0,0,0.178,-0.049,-0.483,-0.001,0.326,0.007,-0.941,0,0,0.003,0.009,-0.038,-0.251606,0.678037,-0.639056,-0.027795,-1.060993,0.002875,single_joint_sine,1,0.3,30
8.1658,0.162592,0,-0.523599,0,0,0,0.178,-0.049,-0.483,-0.001,0.326,0.006,-0.941,0,0,0.003,0.009,0,-0.251606,0.678037,-0.639056,-0.027795,-1.060993,0.019169,single_joint_sine,1,0.3,30
8.1694,0.159269,0,-0.523599,0,0,0,0.171,-0.049,-0.483,0,0.326,0.006,-0.952,-0.001,-0.002,0.051,-0.001,0,-0.206719,0.682762,-0.63315,0.036421,-1.03224,0.019169,single_joint_sine,1,0.3,30
8.1728,0.156079,0,-0.523599,0,0,0,0.165,-0.049,-0.483,0,0.325,0.006,-0.938,-0.001,-0.002,0.051,-0.17,0.038,-0.282319,0.682762,-0.63315,0.036421,-1.096455,-0.011501,single_joint_sine,1,0.3,30
8.1761,0.152882,0,-0.523599,0,0,0,0.165,-0.049,-0.483,0,0.325,0.006,-0.938,-0.001,-0.002,0.051,-0.17,0.038,-0.282319,0.682762,-0.63315,0.036421,-1.096455,-0.011501,single_joint_sine,1,0.3,30
8.1797,0.149512,0,-0.523599,0,0,0,0.165,-0.049,-0.483,-0.001,0.325,0.006,-0.938,0,-0.002,-0.009,-0.17,-0.011,-0.282319,0.686306,-0.630787,0.023961,-1.096455,0.006709,single_joint_sine,1,0.3,30
8.1831,0.146301,0,-0.523599,0,0,0,0.158,-0.049,-0.483,0,0.325,0.006,-0.962,0,0,0.024,-0.059,-0.005,-0.219712,0.674494,-0.628425,0.03067,-1.015946,-0.003834,single_joint_sine,1,0.3,30
8.1865,0.143085,0,-0.523599,0,0,0,0.158,-0.049,-0.483,0,0.325,0.006,-0.962,0,0,0.024,-0.059,-0.005,-0.219712,0.674494,-0.628425,0.03067,-1.015946,-0.003834,single_joint_sine,1,0.3,30
8.19,0.139778,0,-0.523599,0,0,0,0.151,-0.049,-0.483,-0.001,0.325,0.006,-0.925,0,0,-0.023,0.046,-0.005,-0.237431,0.674494,-0.628425,0.046005,-1.08112,-0.003834,single_joint_sine,1,0.3,30
8.1934,0.136551,0,-0.523599,0,0,0,0.151,-0.049,-0.483,-0.001,0.325,0.006,-0.925,0,0.001,-0.023,0.046,-0.005,-0.237431,0.666225,-0.637875,0.046005,-1.08112,-0.003834,single_joint_sine,1,0.3,30
8.1972,0.132929,0,-0.523599,0,0,0,0.145,-0.049,-0.483,-0.001,0.326,0.006,-0.936,-0.002,0.001,-0.023,0.009,-0.015,-0.290587,0.68985,-0.637875,0.046005,-1.073453,0.004792,single_joint_sine,1,0.3,30
8.2007,0.129545,0,-0.523599,0,0,0,0.145,-0.049,-0.483,-0.001,0.326,0.006,-0.936,-0.002,-0.001,-0.009,0.009,0.019,-0.290587,0.68985,-0.644962,0.028753,-1.073453,-0.002875,single_joint_sine,1,0.3,30
8.2042,0.126228,0,-0.523599,0,0,0,0.138,-0.049,-0.483,-0.001,0.325,0.006,-0.969,0,0.001,0.007,0.007,0.019,-0.16065,0.692213,-0.631969,0.06134,-1.05045,-0.002875,single_joint_sine,1,0.3,30
8.2076,0.122977,0,-0.523599,0,0,0,0.131,-0.049,-0.483,-0.001,0.326,0.006,-0.946,0,0.001,0.007,0.07,0.026,-0.326025,0.692213,-0.631969,0.06134,-1.072494,-0.002875,single_joint_sine,1,0.3,30
8.211,0.119665,0,-0.523599,0,0,0,0.131,-0.049,-0.483,-0.001,0.326,0.006,-0.946,0,0.001,0.007,0.07,0.026,-0.326025,0.692213,-0.631969,0.06134,-1.072494,-0.002875,single_joint_sine,1,0.3,30
8.2145,0.11635,0,-0.523599,0,0,0,0.131,-0.049,-0.483,-0.001,0.326,0.006,-0.946,0,-0.006,0,0.07,-0.019,-0.326025,0.685125,-0.637875,0.021086,-1.072494,0.01821,single_joint_sine,1,0.3,30
8.2178,0.113085,0,-0.523599,0,0,0,0.125,-0.049,-0.483,-0.001,0.326,0.006,-0.992,0,0,-0.013,-0.017,0.007,-0.209081,0.679219,-0.637875,0.025878,-1.054284,0.008626,single_joint_sine,1,0.3,30
8.2212,0.109814,0,-0.523599,0,0,0,0.125,-0.049,-0.483,-0.001,0.326,0.006,-0.992,0,0,-0.013,-0.017,0.007,-0.209081,0.679219,-0.637875,0.025878,-1.054284,0.008626,single_joint_sine,1,0.3,30
8.2247,0.106484,0,-0.523599,0,0,0,0.118,-0.049,-0.483,-0.001,0.326,0.006,-0.946,0,0,0.007,0.001,0.007,-0.261056,0.679219,-0.637875,0.020127,-1.056201,0.008626,single_joint_sine,1,0.3,30
8.2281,0.103206,0,-0.523599,0,0,0,0.118,-0.049,-0.483,-0.001,0.326,0.006,-0.946,0,0.007,0.007,0.063,-0.009,-0.261056,0.68985,-0.627244,0.020127,-1.096455,0,single_joint_sine,1,0.3,30
8.2315,0.099868,0,-0.523599,0,0,0,0.111,-0.049,-0.483,-0.001,0.326,0.006,-0.957,-0.001,-0.001,0.007,0.063,-0.009,-0.29295,0.679219,-0.629606,0.020127,-1.096455,0,single_joint_sine,1,0.3,30
8.2351,0.096421,0,-0.523599,0,0,0,0.111,-0.049,-0.483,-0.001,0.326,0.006,-0.957,-0.001,-0.001,-0.007,0.063,-0.026,-0.29295,0.679219,-0.629606,0.038338,-1.096455,-0.000958,single_joint_sine,1,0.3,30
8.2385,0.093121,0,-0.523599,0,0,0,0.104,-0.049,-0.483,-0.001,0.326,0.006,-0.959,-0.004,-0.003,-0.019,0.019,-0.026,-0.212625,0.681581,-0.630787,0.034504,-1.074411,-0.000958,single_joint_sine,1,0.3,30
8.2419,0.089818,0,-0.523599,0,0,0,0.098,-0.049,-0.483,-0.001,0.326,0.006,-0.99,-0.004,-0.003,-0.019,0.019,-0.026,-0.223256,0.681581,-0.630787,0.034504,-1.074411,-0.000958,single_joint_sine,1,0.3,30
8.2453,0.086478,0,-0.523599,0,0,0,0.098,-0.049,-0.483,-0.001,0.326,0.006,-0.99,-0.004,-0.003,-0.019,-0.028,0.015,-0.223256,0.681581,-0.630787,0.034504,-1.039907,-0.010543,single_joint_sine,1,0.3,30
8.2487,0.083168,0,-0.523599,0,0,0,0.098,-0.049,-0.483,-0.001,0.326,0.006,-0.99,0.001,0,0.003,-0.028,-0.005,-0.223256,0.682762,-0.6426,0.034504,-1.039907,0.009584,single_joint_sine,1,0.3,30
8.2521,0.079855,0,-0.523599,0,0,0,0.091,-0.049,-0.483,-0.001,0.326,0.006,-0.982,0,-0.001,-0.001,-0.04,-0.015,-0.171281,0.682762,-0.639056,0.050797,-1.070577,-0.011501,single_joint_sine,1,0.3,30
8.2556,0.076405,0,-0.523599,0,0,0,0.091,-0.049,-0.483,-0.001,0.326,0.006,-0.982,0,-0.001,-0.001,-0.04,-0.015,-0.171281,0.682762,-0.639056,0.050797,-1.070577,-0.011501,single_joint_sine,1,0.3,30
8.2594,0.072781,0,-0.523599,0,0,0,0.084,-0.049,-0.483,-0.001,0.326,0.006,-0.962,0,-0.001,-0.017,0.001,-0.015,-0.287044,0.682762,-0.639056,0.03067,-1.053326,-0.011501,single_joint_sine,1,0.3,30
8.2628,0.069457,0,-0.523599,0,0,0,0.084,-0.049,-0.483,-0.001,0.326,0.006,-0.962,0.001,0,-0.017,0.038,0.013,-0.287044,0.679219,-0.647325,0.03067,-1.078245,-0.001917,single_joint_sine,1,0.3,30
8.2663,0.065996,0,-0.523599,0,0,0,0.077,-0.049,-0.483,-0.001,0.326,0.006,-0.989,0.001,0,-0.017,0.038,0.013,-0.1701,0.679219,-0.647325,0.03067,-1.078245,-0.001917,single_joint_sine,1,0.3,30
8.2698,0.062595,0,-0.523599,0,0,0,0.077,-0.049,-0.483,-0.001,0.326,0.006,-0.989,0,-0.006,-0.017,0.038,0.023,-0.1701,0.685125,-0.6426,0.017252,-1.078245,-0.007668,single_joint_sine,1,0.3,30
8.2732,0.059264,0,-0.523599,0,0,0,0.07,-0.049,-0.483,-0.001,0.326,0.006,-0.98,-0.003,0.002,0.015,0.001,0.023,-0.193725,0.682762,-0.636694,0.011501,-1.049492,-0.007668,single_joint_sine,1,0.3,30
8.2766,0.055874,0,-0.523599,0,0,0,0.063,-0.049,-0.483,-0.001,0.326,0.006,-0.988,-0.003,0.002,0.015,0.001,0.023,-0.282319,0.682762,-0.636694,0.011501,-1.049492,-0.007668,single_joint_sine,1,0.3,30
8.2802,0.05239,0,-0.523599,0,0,0,0.063,-0.049,-0.483,-0.001,0.326,0.006,-0.988,-0.003,0.002,0.015,-0.003,0.001,-0.282319,0.682762,-0.636694,0.011501,-1.046616,0.003834,single_joint_sine,1,0.3,30
8.2836,0.049051,0,-0.523599,0,0,0,0.063,-0.049,-0.483,-0.001,0.326,0.006,-0.988,0,-0.005,0.007,-0.003,-0.017,-0.282319,0.674494,-0.636694,0.024919,-1.046616,-0.127473,single_joint_sine,1,0.3,30
8.287,0.045711,0,-0.523599,0,0,0,0.056,-0.049,-0.483,-0.001,0.326,0.007,-1.009,0,-0.002,-0.049,-0.007,-0.026,-0.178369,0.678037,-0.660319,0.050797,-1.049492,0.004792,single_joint_sine,1,0.3,30
8.2906,0.042091,0,-0.523599,0,0,0,0.056,-0.049,-0.483,-0.001,0.326,0.007,-1.009,0,-0.002,-0.049,-0.007,-0.026,-0.178369,0.678037,-0.660319,0.050797,-1.049492,0.004792,single_joint_sine,1,0.3,30
8.2941,0.038673,0,-0.523599,0,0,0,0.049,-0.049,-0.483,-0.001,0.326,0.007,-0.98,0,-0.002,-0.005,-0.003,-0.026,-0.266962,0.678037,-0.660319,0.033545,-1.051409,0.004792,single_joint_sine,1,0.3,30
8.2975,0.035327,0,-0.523599,0,0,0,0.049,-0.049,-0.483,-0.001,0.326,0.006,-0.98,0,0.005,-0.005,-0.003,-0.001,-0.266962,0.676856,-0.616613,0.033545,-1.051409,0.013418,single_joint_sine,1,0.3,30
8.301,0.031923,0,-0.523599,0,0,0,0.049,-0.049,-0.483,-0.001,0.326,0.006,-0.98,0,0.005,-0.005,-0.003,-0.001,-0.266962,0.676856,-0.616613,0.033545,-1.051409,0.013418,single_joint_sine,1,0.3,30
8.3044,0.028506,0,-0.523599,0,0,0,0.043,-0.049,-0.483,-0.001,0.326,0.006,-0.981,0,0.001,-0.003,-0.007,0.003,-0.250425,0.681581,-0.635512,0.007668,-1.060993,0.005751,single_joint_sine,1,0.3,30
8.3078,0.025157,0,-0.523599,0,0,0,0.036,-0.049,-0.483,-0.001,0.326,0.006,-0.978,0.001,-0.005,0.013,-0.036,0.003,-0.282319,0.681581,-0.626062,0.034504,-1.046616,0.005751,single_joint_sine,1,0.3,30
8.3112,0.021814,0,-0.523599,0,0,0,0.036,-0.049,-0.483,-0.001,0.326,0.006,-0.978,0.001,-0.005,0.013,-0.036,0.003,-0.282319,0.681581,-0.626062,0.034504,-1.046616,0.005751,single_joint_sine,1,0.3,30
8.3147,0.018411,0,-0.523599,0,0,0,0.029,-0.049,-0.483,-0.001,0.326,0.006,-0.987,0.001,-0.005,0.013,-0.021,-0.009,-0.248062,0.681581,-0.626062,0.034504,-1.057159,0,single_joint_sine,1,0.3,30
8.3181,0.015058,0,-0.523599,0,0,0,0.029,-0.049,-0.483,-0.001,0.326,0.006,-0.987,0,0,0.001,-0.021,-0.017,-0.248062,0.679219,-0.639056,-0.000958,-1.057159,0.01246,single_joint_sine,1,0.3,30
8.3215,0.011652,0,-0.523599,0,0,0,0.022,-0.049,-0.483,-0.001,0.326,0.006,-0.99,0,0,0.001,-0.021,-0.017,-0.218531,0.679219,-0.639056,-0.000958,-1.057159,0.01246,single_joint_sine,1,0.3,30
8.3251,0.008143,0,-0.523599,0,0,0,0.022,-0.049,-0.483,-0.001,0.326,0.006,-0.99,0,0,0.023,0.038,0.019,-0.218531,0.653231,-0.630787,0,-1.087829,0,single_joint_sine,1,0.3,30
8.3285,0.004789,0,-0.523599,0,0,0,0.015,-0.049,-0.483,-0.001,0.326,0.006,-0.977,0,0,0.001,-0.015,0.019,-0.347287,0.653231,-0.630787,0.022044,-1.012113,0,single_joint_sine,1,0.3,30
8.3319,0.001415,0,-0.523599,0,0,0,0.015,-0.049,-0.483,-0.001,0.326,0.006,-0.977,0.001,0.002,0.001,-0.007,0.019,-0.347287,0.683944,-0.640238,0.022044,-1.026489,0,single_joint_sine,1,0.3,30
8.3354,-0.002073,0,-0.523599,0,0,0,0.015,-0.049,-0.483,-0.001,0.326,0.006,-0.977,0.001,0.002,0.001,-0.007,-0.015,-0.347287,0.683944,-0.640238,0.022044,-1.026489,0,single_joint_sine,1,0.3,30
8.3389,-0.005499,0,-0.523599,0,0,0,0.008,-0.049,-0.483,-0.001,0.326,0.006,-1.017,0,0,0,-0.007,-0.013,-0.118125,0.693394,-0.629606,-0.001917,-1.026489,0.006709,single_joint_sine,1,0.3,30
8.3423,-0.008853,0,-0.523599,0,0,0,0.001,-0.049,-0.483,-0.001,0.326,0.006,-0.974,-0.001,0.002,0.044,0.003,-0.013,-0.235069,0.6804,-0.641419,0.006709,-1.047575,0.006709,single_joint_sine,1,0.3,30
8.3457,-0.012243,0,-0.523599,0,0,0,0.001,-0.049,-0.483,-0.001,0.326,0.006,-0.974,-0.001,0.002,0.044,0.003,-0.013,-0.235069,0.6804,-0.641419,0.006709,-1.047575,0.006709,single_joint_sine,1,0.3,30
8.3494,-0.015809,0,-0.523599,0,0,0,-0.005,-0.049,-0.483,-0.001,0.326,0.006,-0.98,-0.001,0.002,0.044,0.057,-0.036,-0.3213,0.6804,-0.641419,0.006709,-1.091663,0.01246,single_joint_sine,1,0.3,30
8.3528,-0.019162,0,-0.523599,0,0,0,-0.005,-0.049,-0.483,-0.001,0.326,0.006,-0.98,0.001,0,-0.011,0.057,-0.005,-0.3213,0.672131,-0.624881,0.04313,-1.091663,-0.001917,single_joint_sine,1,0.3,30
8.3566,-0.022994,0,-0.523599,0,0,0,-0.012,-0.049,-0.483,-0.001,0.326,0.006,-1.016,-0.001,0,-0.011,0.057,-0.005,-0.147656,0.686306,-0.6426,0.04313,-1.091663,-0.001917,single_joint_sine,1,0.3,30
8.3602,-0.026531,0,-0.523599,0,0,0,-0.012,-0.049,-0.483,-0.001,0.326,0.006,-1.016,-0.001,0,-0.015,0.013,0,-0.147656,0.686306,-0.6426,0.035462,-1.060035,0.000958,single_joint_sine,1,0.3,30
8.3636,-0.029882,0,-0.523599,0,0,0,-0.019,-0.049,-0.483,-0.001,0.326,0.006,-0.97,-0.001,0,-0.001,-0.003,0,-0.29295,0.686306,-0.6426,0.034504,-1.043741,0.000958,single_joint_sine,1,0.3,30
8.367,-0.033229,0,-0.523599,0,0,0,-0.019,-0.049,-0.483,-0.001,0.326,0.006,-0.97,0,0.002,-0.001,0.007,0.005,-0.29295,0.67095,-0.628425,0.034504,-1.042783,0,single_joint_sine,1,0.3,30
8.3707,-0.036862,0,-0.523599,0,0,0,-0.019,-0.049,-0.483,-0.001,0.326,0.006,-0.97,0,0.002,-0.001,0.007,0.005,-0.29295,0.67095,-0.628425,0.034504,-1.042783,0,single_joint_sine,1,0.3,30
8.3743,-0.040395,0,-0.523599,0,0,0,-0.026,-0.049,-0.483,-0.001,0.326,0.006,-1,0,0,0.013,0.007,-0.001,-0.227981,0.681581,-0.622519,0.013418,-1.042783,0.011501,single_joint_sine,1,0.3,30
8.3777,-0.043738,0,-0.523599,0,0,0,-0.033,-0.049,-0.483,-0.001,0.326,0.006,-0.973,0.001,-0.002,0.003,0.003,-0.001,-0.206719,0.682762,-0.640238,0.022044,-1.058118,0.011501,single_joint_sine,1,0.3,30
8.3812,-0.04721,0,-0.523599,0,0,0,-0.033,-0.049,-0.483,-0.001,0.326,0.006,-0.973,0.001,-0.002,0.003,0.003,-0.001,-0.206719,0.682762,-0.640238,0.022044,-1.058118,0.011501,single_joint_sine,1,0.3,30
8.3849,-0.050806,0,-0.523599,0,0,0,-0.04,-0.049,-0.483,-0.001,0.326,0.006,-1.003,0.001,-0.002,0.003,-0.007,0.023,-0.224437,0.682762,-0.640238,0.022044,-1.041824,-0.038338,single_joint_sine,1,0.3,30
8.3883,-0.054143,0,-0.523599,0,0,0,-0.04,-0.049,-0.483,-0.001,0.326,0.007,-1.003,0,-0.001,0.003,-0.007,0.07,-0.224437,0.683944,-0.629606,0.023961,-1.041824,-0.008626,single_joint_sine,1,0.3,30
8.3917,-0.05747,0,-0.523599,0,0,0,-0.046,-0.049,-0.483,-0.001,0.326,0.007,-0.977,0,-0.001,0.003,-0.007,0.07,-0.231525,0.687487,-0.629606,0.023961,-1.041824,-0.008626,single_joint_sine,1,0.3,30
8.3951,-0.060849,0,-0.523599,0,0,0,-0.046,-0.049,-0.483,-0.001,0.326,0.007,-0.977,0,-0.003,0.03,0.044,0.003,-0.231525,0.687487,-0.639056,0.029712,-1.053326,0.011501,single_joint_sine,1,0.3,30
8.3985,-0.064181,0,-0.523599,0,0,0,-0.053,-0.049,-0.483,-0.001,0.326,0.007,-0.979,0,-0.003,-0.009,-0.005,0.003,-0.300037,0.687487,-0.639056,0.031629,-1.045658,0.011501,single_joint_sine,1,0.3,30
8.4019,-0.067491,0,-0.523599,0,0,0,-0.053,-0.049,-0.483,-0.001,0.326,0.006,-0.979,0.001,0,-0.009,-0.019,-0.017,-0.300037,0.681581,-0.635512,0.031629,-1.043741,0.022044,single_joint_sine,1,0.3,30
8.4058,-0.071299,0,-0.523599,0,0,0,-0.053,-0.049,-0.483,-0.001,0.326,0.006,-0.979,0.001,0,-0.009,-0.019,-0.017,-0.300037,0.681581,-0.635512,0.031629,-1.043741,0.022044,single_joint_sine,1,0.3,30
8.4093,-0.07476,0,-0.523599,0,0,0,-0.06,-0.049,-0.483,-0.001,0.326,0.006,-1.002,0.002,-0.004,0,-0.019,-0.005,-0.167737,0.685125,-0.6426,0.033545,-1.043741,0.129389,single_joint_sine,1,0.3,30
8.4127,-0.078078,0,-0.523599,0,0,0,-0.067,-0.049,-0.483,-0.001,0.326,0.006,-0.943,0.002,-0.003,0.003,-0.005,-0.005,-0.275231,0.685125,-0.630787,0.03067,-1.054284,0.129389,single_joint_sine,1,0.3,30
8.4162,-0.081442,0,-0.523599,0,0,0,-0.067,-0.049,-0.483,-0.001,0.326,0.006,-0.943,0.002,-0.003,0.003,-0.005,-0.005,-0.275231,0.685125,-0.630787,0.03067,-1.054284,0.129389,single_joint_sine,1,0.3,30
8.4199,-0.085012,0,-0.523599,0,0,0,-0.074,-0.049,-0.483,-0.001,0.326,0.006,-0.983,0.002,-0.003,0.003,0.04,-0.044,-0.219712,0.685125,-0.630787,0.03067,-1.08112,-0.002875,single_joint_sine,1,0.3,30
8.4233,-0.088321,0,-0.523599,0,0,0,-0.074,-0.049,-0.477,-0.001,0.326,0.006,-0.983,0.002,1.43,-0.023,0.04,0.034,-0.219712,0.649687,-2.102625,0.052714,-1.08112,-0.025878,single_joint_sine,1,0.3,30
8.4267,-0.091626,0,-0.523599,0,0,0,-0.081,-0.049,-0.477,-0.001,0.326,0.006,-0.991,-0.008,1.43,-0.023,0.04,0.034,-0.134662,0.724106,-2.102625,0.052714,-1.08112,-0.025878,single_joint_sine,1,0.3,30
8.4302,-0.095117,0,-0.523599,0,0,0,-0.081,-0.049,-0.477,-0.001,0.323,0.006,-0.991,-0.008,-0.248,0.019,-0.657,-0.032,-0.134662,0.724106,-0.150019,0.028753,-0.587524,0.007668,single_joint_sine,1,0.3,30
8.4336,-0.098413,0,-0.523599,0,0,0,-0.087,-0.049,-0.477,-0.001,0.316,0.006,-0.949,-0.008,-0.248,-0.026,-0.841,-0.032,-0.279956,0.724106,-0.150019,0.04313,-0.397753,0.007668,single_joint_sine,1,0.3,30
8.437,-0.101706,0,-0.523599,0,0,0,-0.087,-0.049,-0.477,-0.001,0.314,0.006,-0.949,-0.01,0.105,-0.026,-0.065,-0.078,-0.279956,0.713475,-1.102106,0.04313,-0.904767,0.04313,single_joint_sine,1,0.3,30
8.4405,-0.105075,0,-0.523599,0,0,0,-0.087,-0.049,-0.477,-0.001,0.314,0.006,-0.949,-0.01,0.105,-0.026,-0.065,-0.078,-0.279956,0.713475,-1.102106,0.04313,-0.904767,0.04313,single_joint_sine,1,0.3,30
8.4441,-0.108529,0,-0.523599,0,0,0,-0.094,-0.049,-0.476,-0.001,0.314,0.006,-0.994,-0.008,0.076,0.049,-0.065,-0.032,-0.177187,0.700481,-1.035956,-0.000958,-0.904767,0.008626,single_joint_sine,1,0.3,30
8.4475,-0.11181,0,-0.523599,0,0,0,-0.101,-0.049,-0.475,0,0.317,0.006,-0.978,0.007,0.143,0.22,0.515,-0.032,-0.224437,0.654412,-1.207237,-0.078592,-1.321689,0.008626,single_joint_sine,1,0.3,30
8.4509,-0.115133,0,-0.523599,0,0,0,-0.101,-0.049,-0.475,0,0.317,0.006,-0.978,0.007,0.143,0.22,0.515,-0.032,-0.224437,0.654412,-1.207237,-0.078592,-1.321689,0.008626,single_joint_sine,1,0.3,30
8.4545,-0.118578,0,-0.523599,0,0,0,-0.108,-0.049,-0.475,0,0.32,0.007,-0.97,0.007,0.143,0.22,0.462,0.138,-0.209081,0.654412,-1.207237,-0.078592,-1.34565,-0.071883,single_joint_sine,1,0.3,30
8.4579,-0.121823,0,-0.523599,0,0,0,-0.108,-0.049,-0.475,0,0.32,0.007,-0.97,0.014,0.075,-0.065,0.462,-0.046,-0.209081,0.629606,-0.991069,0.033545,-1.34565,0.013418,single_joint_sine,1,0.3,30
8.4613,-0.125075,0,-0.523599,0,0,0,-0.115,-0.049,-0.475,0,0.32,0.007,-0.953,0.014,0.075,-0.065,0.462,-0.046,-0.248062,0.629606,-0.991069,0.033545,-1.34565,0.013418,single_joint_sine,1,0.3,30
8.4652,-0.128765,0,-0.523599,0,0,0,-0.115,-0.049,-0.474,0,0.321,0.006,-0.953,0.016,0.048,-0.024,0.4,-0.001,-0.248062,0.641419,-0.906019,0.047922,-1.264182,0.01246,single_joint_sine,1,0.3,30
8.4686,-0.132015,0,-0.523599,0,0,0,-0.121,-0.049,-0.474,0,0.322,0.006,-0.977,0.016,0.048,0.019,0.023,-0.001,-0.209081,0.641419,-0.906019,0.023003,-1.115624,0.01246,single_joint_sine,1,0.3,30
8.4719,-0.135217,0,-0.523599,0,0,0,-0.121,-0.049,-0.474,0,0.323,0.006,-0.977,0.02,0.048,0.019,0.184,-0.001,-0.209081,0.629606,-0.985162,0.023003,-1.115624,0.01246,single_joint_sine,1,0.3,30
8.4754,-0.138546,0,-0.523599,0,0,0,-0.121,-0.049,-0.474,0,0.323,0.006,-0.977,0.02,0.048,0.019,0.184,0.007,-0.209081,0.629606,-0.985162,0.023003,-1.115624,-0.005751,single_joint_sine,1,0.3,30
8.4789,-0.141837,0,-0.523599,0,0,0,-0.128,-0.049,-0.473,0,0.323,0.006,-0.963,0.015,0.083,-0.009,0.184,-0.026,-0.1701,0.607162,-1.064306,0.033545,-1.115624,-0.004792,single_joint_sine,1,0.3,30
8.4823,-0.145064,0,-0.523599,0,0,0,-0.135,-0.049,-0.473,-0.001,0.323,0.006,-0.931,0.015,0.057,-0.026,0.069,-0.026,-0.3024,0.607162,-0.967444,0.060382,-1.099331,-0.004792,single_joint_sine,1,0.3,30
8.4857,-0.14833,0,-0.523599,0,0,0,-0.135,-0.049,-0.473,-0.001,0.323,0.006,-0.931,0.015,0.057,-0.026,0.069,-0.026,-0.3024,0.607162,-0.967444,0.060382,-1.099331,-0.004792,single_joint_sine,1,0.3,30
8.4893,-0.151726,0,-0.523599,0,0,0,-0.141,-0.049,-0.473,-0.001,0.323,0.006,-0.973,-0.003,0.057,-0.026,0.059,0.007,-0.1701,0.662681,-0.967444,0.060382,-1.100289,0.01246,single_joint_sine,1,0.3,30
8.4927,-0.154934,0,-0.523599,0,0,0,-0.141,-0.049,-0.473,-0.001,0.323,0.006,-0.973,-0.01,0.071,0.017,0.059,-0.044,-0.1701,0.694575,-1.0017,0.014377,-1.100289,0.005751,single_joint_sine,1,0.3,30
8.4961,-0.158138,0,-0.523599,0,0,0,-0.141,-0.049,-0.473,-0.001,0.323,0.006,-0.973,-0.01,0.071,0.017,0.059,-0.044,-0.1701,0.694575,-1.0017,0.014377,-1.100289,0.005751,single_joint_sine,1,0.3,30
8.4996,-0.161391,0,-0.523599,0,0,0,-0.148,-0.049,-0.472,-0.001,0.324,0.006,-0.912,-0.008,0.073,-0.026,0.069,0.009,-0.291769,0.721744,-1.04895,0.04313,-1.275684,-0.010543,single_joint_sine,1,0.3,30
8.503,-0.164579,0,-0.523599,0,0,0,-0.155,-0.049,-0.472,-0.001,0.326,0.006,-0.96,-0.008,0.025,-0.023,0.366,0.009,-0.231525,0.721744,-0.881212,0.032587,-1.202842,-0.010543,single_joint_sine,1,0.3,30
8.5064,-0.167761,0,-0.523599,0,0,0,-0.161,-0.049,-0.472,-0.001,0.326,0.006,-0.933,-0.011,0.025,-0.023,0.366,0.009,-0.219712,0.722925,-0.881212,0.032587,-1.202842,-0.010543,single_joint_sine,1,0.3,30
8.5099,-0.171049,0,-0.523599,0,0,0,-0.161,-0.049,-0.472,-0.001,0.326,0.006,-0.933,-0.011,0.025,-0.023,0.034,0.024,-0.219712,0.722925,-0.881212,0.032587,-1.132876,-0.01821,single_joint_sine,1,0.3,30
8.5133,-0.174216,0,-0.523599,0,0,0,-0.161,-0.049,-0.472,-0.001,0.326,0.006,-0.933,-0.014,0.023,0.003,0.034,0.001,-0.219712,0.735919,-0.858769,0.021086,-1.132876,0.020127,single_joint_sine,1,0.3,30
8.5167,-0.177367,0,-0.523599,0,0,0,-0.168,-0.049,-0.471,-0.001,0.326,0.006,-0.927,-0.003,0.012,0.003,0.034,0.001,-0.248062,0.694575,-0.828056,0.021086,-1.132876,0.020127,single_joint_sine,1,0.3,30
8.5203,-0.18075,0,-0.523599,0,0,0,-0.168,-0.049,-0.471,-0.001,0.326,0.006,-0.927,-0.003,0.012,0.003,0,-0.003,-0.248062,0.694575,-0.828056,0.01246,-1.076328,0.003834,single_joint_sine,1,0.3,30
8.5237,-0.183887,0,-0.523599,0,0,0,-0.174,-0.049,-0.471,-0.001,0.327,0.006,-0.929,-0.003,0.012,0.003,0.032,-0.003,-0.201994,0.694575,-0.828056,0.01246,-1.082079,0.003834,single_joint_sine,1,0.3,30
8.5271,-0.187016,0,-0.523599,0,0,0,-0.174,-0.049,-0.471,-0.001,0.327,0.006,-0.929,-0.003,0.004,0.017,0.032,-0.001,-0.201994,0.687487,-0.7938,0.019169,-1.082079,0.002875,single_joint_sine,1,0.3,30
8.5305,-0.190191,0,-0.523599,0,0,0,-0.174,-0.049,-0.471,-0.001,0.327,0.006,-0.929,-0.003,0.004,0.017,0.032,-0.001,-0.201994,0.687487,-0.7938,0.019169,-1.082079,0.002875,single_joint_sine,1,0.3,30
8.5341,-0.193481,0,-0.523599,0,0,0,-0.181,-0.049,-0.471,-0.001,0.328,0.006,-0.932,0,-0.001,-0.007,0.164,0.009,-0.243337,0.683944,-0.780806,0.031629,-1.150128,-0.01246,single_joint_sine,1,0.3,30
8.5375,-0.196595,0,-0.523599,0,0,0,-0.187,-0.049,-0.471,-0.001,0.328,0.006,-0.921,0,-0.001,-0.019,0.019,0.009,-0.200812,0.683944,-0.780806,0.027795,-1.083996,-0.01246,single_joint_sine,1,0.3,30
8.5411,-0.199864,0,-0.523599,0,0,0,-0.187,-0.049,-0.471,-0.001,0.328,0.006,-0.921,0,-0.001,-0.019,0.019,0.009,-0.200812,0.683944,-0.780806,0.027795,-1.083996,-0.01246,single_joint_sine,1,0.3,30
8.5446,-0.203009,0,-0.523599,0,0,0,-0.194,-0.049,-0.472,-0.001,0.327,0.007,-0.915,0.004,-0.008,-0.019,-0.028,0.099,-0.291769,0.676856,-0.780806,0.027795,-1.005404,0.008626,single_joint_sine,1,0.3,30
8.548,-0.206097,0,-0.523599,0,0,0,-0.194,-0.049,-0.472,-0.001,0.327,0.007,-0.915,0.004,-0.002,0.023,-0.028,-0.034,-0.291769,0.666225,-0.776081,0.015335,-1.005404,0.023961,single_joint_sine,1,0.3,30
8.5514,-0.209176,0,-0.523599,0,0,0,-0.2,-0.049,-0.472,-0.001,0.327,0.007,-0.93,0.004,-0.002,0.023,-0.028,-0.034,-0.12285,0.666225,-0.776081,0.015335,-1.005404,0.023961,single_joint_sine,1,0.3,30
8.5548,-0.212292,0,-0.523599,0,0,0,-0.2,-0.049,-0.472,-0.001,0.327,0.007,-0.93,0.006,0,-0.036,-0.061,0.011,-0.12285,0.666225,-0.791437,0.054631,-1.01978,0,single_joint_sine,1,0.3,30
8.5582,-0.215354,0,-0.523599,0,0,0,-0.206,-0.049,-0.472,-0.001,0.327,0.007,-0.874,0.006,0,-0.036,0.003,0.011,-0.287044,0.666225,-0.791437,0.054631,-1.0447,0,single_joint_sine,1,0.3,30
8.5616,-0.218408,0,-0.523599,0,0,0,-0.206,-0.049,-0.472,-0.001,0.327,0.007,-0.874,0.005,0.002,0.003,0.003,0.011,-0.287044,0.666225,-0.799706,0.022044,-1.0447,0,single_joint_sine,1,0.3,30
8.5652,-0.221604,0,-0.523599,0,0,0,-0.206,-0.049,-0.472,-0.001,0.327,0.006,-0.874,0.005,0.002,0.003,0.003,0.005,-0.287044,0.666225,-0.799706,0.022044,-1.0447,-0.004792,single_joint_sine,1,0.3,30
8.5686,-0.22464,0,-0.523599,0,0,0,-0.213,-0.049,-0.472,-0.001,0.327,0.006,-0.925,0,0.008,-0.009,0.03,0.011,-0.174825,0.678037,-0.8127,0.023961,-1.076328,0.002875,single_joint_sine,1,0.3,30
8.572,-0.227665,0,-0.523599,0,0,0,-0.219,-0.049,-0.472,-0.001,0.327,0.006,-0.902,0,0.005,-0.007,0.082,0.011,-0.164194,0.678037,-0.817425,0.037379,-1.102206,0.002875,single_joint_sine,1,0.3,30
8.5755,-0.230777,0,-0.523599,0,0,0,-0.219,-0.049,-0.472,-0.001,0.327,0.006,-0.902,0,0.005,-0.007,0.082,0.011,-0.164194,0.678037,-0.817425,0.037379,-1.102206,0.002875,single_joint_sine,1,0.3,30
8.5789,-0.233784,0,-0.523599,0,0,0,-0.225,-0.049,-0.472,-0.001,0.328,0.006,-0.867,-0.002,0.005,-0.007,0.078,-0.003,-0.252787,0.68985,-0.817425,0.037379,-1.115624,-0.039296,single_joint_sine,1,0.3,30
8.5823,-0.236781,0,-0.523599,0,0,0,-0.225,-0.049,-0.471,-0.001,0.328,0.006,-0.867,-0.007,0.005,-0.007,0.078,-0.003,-0.252787,0.695756,-0.817425,0.01821,-1.115624,-0.039296,single_joint_sine,1,0.3,30
8.5858,-0.239832,0,-0.523599,0,0,0,-0.225,-0.049,-0.471,-0.001,0.328,0.007,-0.867,-0.007,0.005,-0.007,0.078,0.003,-0.252787,0.695756,-0.817425,0.01821,-1.115624,0.009584,single_joint_sine,1,0.3,30
8.5892,-0.242861,0,-0.523599,0,0,0,-0.231,-0.049,-0.471,-0.001,0.328,0.006,-0.895,0,0.001,0.013,0.118,-0.046,-0.1134,0.687487,-0.806794,0.020127,-1.158754,0.009584,single_joint_sine,1,0.3,30
8.5926,-0.245829,0,-0.523599,0,0,0,-0.238,-0.049,-0.471,-0.001,0.329,0.006,-0.869,0,0.001,0.013,0.053,-0.046,-0.239794,0.687487,-0.806794,0.020127,-1.120416,0.009584,single_joint_sine,1,0.3,30
8.5963,-0.249036,0,-0.523599,0,0,0,-0.238,-0.049,-0.471,-0.001,0.329,0.006,-0.869,0,0.001,0.013,0.053,-0.046,-0.239794,0.687487,-0.806794,0.020127,-1.120416,0.009584,single_joint_sine,1,0.3,30
8.5998,-0.252057,0,-0.523599,0,0,0,-0.238,-0.049,-0.471,-0.001,0.329,0.006,-0.869,-0.002,-0.002,0.009,0.053,-0.011,-0.239794,0.681581,-0.796162,0.020127,-1.120416,0.013418,single_joint_sine,1,0.3,30
8.6032,-0.254993,0,-0.523599,0,0,0,-0.244,-0.049,-0.471,-0.001,0.329,0.006,-0.874,0,-0.006,0,0.005,0,-0.213806,0.676856,-0.794981,0.014377,-1.066744,-0.008626,single_joint_sine,1,0.3,30
8.6066,-0.257918,0,-0.523599,0,0,0,-0.25,-0.049,-0.471,-0.001,0.329,0.006,-0.873,0,-0.006,0,0.005,0,-0.172462,0.676856,-0.794981,0.014377,-1.066744,-0.008626,single_joint_sine,1,0.3,30
8.61,-0.260879,0,-0.523599,0,0,0,-0.25,-0.049,-0.471,-0.001,0.329,0.006,-0.873,0,-0.011,-0.001,-0.001,0,-0.172462,0.676856,-0.7938,0.024919,-1.074411,-0.008626,single_joint_sine,1,0.3,30
8.6134,-0.263782,0,-0.523599,0,0,0,-0.256,-0.049,-0.471,-0.001,0.329,0.006,-0.865,0.002,-0.011,-0.001,-0.015,-0.017,-0.154744,0.668588,-0.7938,0.024919,-1.055242,0.015335,single_joint_sine,1,0.3,30
8.6168,-0.266673,0,-0.523599,0,0,0,-0.256,-0.049,-0.471,-0.001,0.329,0.006,-0.865,0,0,-0.011,-0.015,-0.017,-0.154744,0.674494,-0.791437,0.021086,-1.055242,0.015335,single_joint_sine,1,0.3,30
8.6203,-0.269597,0,-0.523599,0,0,0,-0.256,-0.049,-0.471,-0.001,0.329,0.006,-0.865,0,0,-0.011,-0.015,0.013,-0.154744,0.674494,-0.791437,0.021086,-1.055242,-0.022044,single_joint_sine,1,0.3,30
8.6237,-0.272516,0,-0.523599,0,0,0,-0.262,-0.049,-0.471,-0.001,0.329,0.007,-0.854,0.002,0.001,0.017,-0.005,0.057,-0.259875,0.67095,-0.800887,0.010543,-1.060993,-0.032587,single_joint_sine,1,0.3,30
8.6271,-0.275368,0,-0.523599,0,0,0,-0.268,-0.049,-0.471,-0.001,0.329,0.007,-0.857,0.002,0.001,0.017,-0.001,0.057,-0.086231,0.67095,-0.800887,0.010543,-1.063868,-0.032587,single_joint_sine,1,0.3,30
8.6306,-0.278314,0,-0.523599,0,0,0,-0.268,-0.049,-0.471,-0.001,0.329,0.007,-0.857,0.002,0.001,0.017,-0.001,0.057,-0.086231,0.67095,-0.800887,0.010543,-1.063868,-0.032587,single_joint_sine,1,0.3,30
8.6341,-0.281191,0,-0.523599,0,0,0,-0.268,-0.049,-0.471,-0.001,0.329,0.007,-0.857,0,-0.003,-0.013,-0.001,0.017,-0.086231,0.691031,-0.799706,0.028753,-1.063868,0.015335,single_joint_sine,1,0.3,30
8.6375,-0.284014,0,-0.523599,0,0,0,-0.274,-0.049,-0.471,-0.001,0.329,0.006,-0.833,0.002,0,0,0.005,-0.055,-0.243337,0.674494,-0.792619,0.023961,-1.067702,0.039296,single_joint_sine,1,0.3,30
8.6409,-0.286819,0,-0.523599,0,0,0,-0.274,-0.049,-0.471,-0.001,0.329,0.006,-0.833,0.002,0,0,0.005,-0.055,-0.243337,0.674494,-0.792619,0.023961,-1.067702,0.039296,single_joint_sine,1,0.3,30
8.6443,-0.289659,0,-0.523599,0,0,0,-0.28,-0.049,-0.471,-0.001,0.329,0.006,-0.865,0.002,-0.002,-0.001,0,-0.055,-0.077962,0.674494,-0.798525,0.022044,-1.063868,0.039296,single_joint_sine,1,0.3,30
8.6477,-0.292448,0,-0.523599,0,0,0,-0.285,-0.049,-0.471,-0.001,0.329,0.006,-0.801,0.003,-0.002,-0.001,-0.001,-0.007,-0.257512,0.67095,-0.798525,0.022044,-1.061952,0.005751,single_joint_sine,1,0.3,30
8.6512,-0.295264,0,-0.523599,0,0,0,-0.285,-0.049,-0.471,-0.001,0.329,0.006,-0.801,0.003,-0.002,-0.001,-0.001,-0.007,-0.257512,0.67095,-0.798525,0.022044,-1.061952,0.005751,single_joint_sine,1,0.3,30
8.6547,-0.298095,0,-0.523599,0,0,0,-0.285,-0.049,-0.471,-0.001,0.329,0.006,-0.801,0,-0.007,0.003,-0.001,-0.011,-0.257512,0.668588,-0.797344,0.021086,-1.061952,-0.003834,single_joint_sine,1,0.3,30
8.6581,-0.300848,0,-0.523599,0,0,0,-0.291,-0.049,-0.471,-0.001,0.329,0.007,-0.85,-0.001,0,0.001,0,0.017,-0.080325,0.674494,-0.802069,0.028753,-1.066744,-0.005751,single_joint_sine,1,0.3,30
8.6615,-0.303634,0,-0.523599,0,0,0,-0.297,-0.049,-0.471,-0.001,0.329,0.007,-0.785,-0.001,0,0.001,0,0.017,-0.253969,0.674494,-0.802069,0.028753,-1.066744,-0.005751,single_joint_sine,1,0.3,30
8.665,-0.306399,0,-0.523599,0,0,0,-0.297,-0.049,-0.471,-0.001,0.329,0.007,-0.785,-0.001,0,0.001,0.001,0.017,-0.253969,0.674494,-0.802069,0.028753,-1.067702,-0.005751,single_joint_sine,1,0.3,30
8.6684,-0.309115,0,-0.523599,0,0,0,-0.297,-0.049,-0.471,-0.001,0.329,0.006,-0.785,0,0.001,0.003,0.001,-0.08,-0.253969,0.6804,-0.797344,0.01246,-1.067702,-0.021086,single_joint_sine,1,0.3,30
8.6718,-0.31181,0,-0.523599,0,0,0,-0.303,-0.049,-0.471,-0.001,0.329,0.006,-0.829,-0.001,0.002,0.003,0.001,-0.08,-0.139387,0.681581,-0.794981,0.01246,-1.067702,-0.021086,single_joint_sine,1,0.3,30
8.6752,-0.314514,0,-0.523599,0,0,0,-0.303,-0.049,-0.471,-0.001,0.329,0.006,-0.829,-0.001,0.002,-0.023,0.001,0.003,-0.139387,0.681581,-0.794981,0.028753,-1.067702,-0.007668,single_joint_sine,1,0.3,30
8.6786,-0.317189,0,-0.523599,0,0,0,-0.308,-0.049,-0.471,0,0.329,0.006,-0.778,-0.001,0.005,0.038,0,0.003,-0.218531,0.681581,-0.799706,0.017252,-1.067702,-0.007668,single_joint_sine,1,0.3,30
8.682,-0.319845,0,-0.523599,0,0,0,-0.313,-0.049,-0.471,0,0.329,0.006,-0.791,0,0.005,0.038,0,0.003,-0.181913,0.681581,-0.799706,0.017252,-1.064827,-0.007668,single_joint_sine,1,0.3,30
8.6854,-0.322534,0,-0.523599,0,0,0,-0.313,-0.049,-0.471,0,0.329,0.006,-0.791,0,0.005,0.038,0,0.005,-0.181913,0.681581,-0.799706,0.017252,-1.064827,-0.006709,single_joint_sine,1,0.3,30
8.6889,-0.325215,0,-0.523599,0,0,0,-0.313,-0.049,-0.471,-0.001,0.329,0.006,-0.791,0,0,-0.023,0,0.015,-0.181913,0.681581,-0.797344,0.031629,-1.064827,0.004792,single_joint_sine,1,0.3,30
8.6923,-0.327838,0,-0.523599,0,0,0,-0.319,-0.049,-0.471,0,0.329,0.006,-0.788,-0.001,0.002,0.005,-0.001,-0.013,-0.1512,0.675675,-0.794981,0.026836,-1.058118,0.000958,single_joint_sine,1,0.3,30
8.6957,-0.330483,0,-0.523599,0,0,0,-0.319,-0.049,-0.471,0,0.329,0.006,-0.788,-0.001,0.002,0.005,-0.001,-0.013,-0.1512,0.675675,-0.794981,0.026836,-1.058118,0.000958,single_joint_sine,1,0.3,30
8.6995,-0.333383,0,-0.523599,0,0,0,-0.324,-0.049,-0.471,0,0.329,0.006,-0.767,-0.001,0.002,0.005,0,-0.013,-0.17955,0.675675,-0.794981,0.026836,-1.073453,0.000958,single_joint_sine,1,0.3,30
8.7029,-0.335973,0,-0.523599,0,0,0,-0.324,-0.049,-0.471,0,0.329,0.006,-0.767,0.002,0.002,0.005,0,-0.013,-0.17955,0.676856,-0.794981,0.026836,-1.073453,0.000958,single_joint_sine,1,0.3,30
8.7065,-0.338658,0,-0.523599,0,0,0,-0.324,-0.049,-0.471,-0.001,0.329,0.006,-0.767,0.002,0,-0.009,0,-0.017,-0.17955,0.676856,-0.786713,0.039296,-1.073453,-0.001917,single_joint_sine,1,0.3,30
8.7099,-0.341257,0,-0.523599,0,0,0,-0.33,-0.049,-0.471,-0.001,0.329,0.006,-0.786,0,0,-0.001,0,0.001,-0.12285,0.698119,-0.798525,0.028753,-1.071536,0.000958,single_joint_sine,1,0.3,30
8.7133,-0.343793,0,-0.523599,0,0,0,-0.335,-0.049,-0.471,-0.001,0.329,0.006,-0.73,0,-0.002,0.009,0,0.001,-0.140569,0.698119,-0.798525,0.020127,-1.060035,0.000958,single_joint_sine,1,0.3,30
8.7167,-0.34631,0,-0.523599,0,0,0,-0.341,-0.049,-0.471,-0.001,0.329,0.006,-0.774,-0.002,-0.002,0.009,0,0.001,-0.105131,0.679219,-0.798525,0.020127,-1.060035,0.000958,single_joint_sine,1,0.3,30
8.7206,-0.349157,0,-0.523599,0,0,0,-0.341,-0.049,-0.471,-0.001,0.329,0.006,-0.774,-0.002,-0.002,0.009,0.003,0.007,-0.105131,0.679219,-0.798525,0.020127,-1.053326,0.000958,single_joint_sine,1,0.3,30
8.7242,-0.351769,0,-0.523599,0,0,0,-0.341,-0.049,-0.471,-0.001,0.329,0.006,-0.774,0,-0.003,-0.001,0.003,0.001,-0.105131,0.685125,-0.798525,0.039296,-1.053326,-0.000958,single_joint_sine,1,0.3,30
8.7275,-0.354246,0,-0.523599,0,0,0,-0.346,-0.049,-0.471,-0.001,0.329,0.006,-0.71,-0.004,0,-0.011,-0.007,0.001,-0.187819,0.676856,-0.797344,0.037379,-1.064827,-0.000958,single_joint_sine,1,0.3,30
8.731,-0.356746,0,-0.523599,0,0,0,-0.346,-0.049,-0.471,-0.001,0.329,0.006,-0.71,-0.004,0,-0.011,-0.007,0.001,-0.187819,0.676856,-0.797344,0.037379,-1.064827,-0.000958,single_joint_sine,1,0.3,30
8.7345,-0.359276,0,-0.523599,0,0,0,-0.351,-0.049,-0.471,-0.001,0.329,0.006,-0.747,-0.004,0,-0.011,0,-0.013,-0.0756,0.676856,-0.797344,0.037379,-1.061952,-0.003834,single_joint_sine,1,0.3,30
8.7379,-0.361706,0,-0.523599,0,0,0,-0.351,-0.049,-0.471,-0.001,0.329,0.006,-0.747,0.001,0.001,-0.003,0,0.001,-0.0756,0.683944,-0.804431,0.032587,-1.061952,-0.01821,single_joint_sine,1,0.3,30
8.7414,-0.364161,0,-0.523599,0,0,0,-0.356,-0.049,-0.471,-0.001,0.329,0.006,-0.709,0.001,0.001,-0.003,0,0.001,-0.231525,0.683944,-0.804431,0.032587,-1.061952,-0.01821,single_joint_sine,1,0.3,30
8.7448,-0.366597,0,-0.523599,0,0,0,-0.356,-0.049,-0.471,-0.001,0.329,0.006,-0.709,0,0,-0.005,0.007,0.017,-0.231525,0.675675,-0.799706,0.034504,-1.069619,-0.016293,single_joint_sine,1,0.3,30
8.7482,-0.368985,0,-0.523599,0,0,0,-0.361,-0.049,-0.471,-0.001,0.329,0.006,-0.732,0,-0.001,-0.001,0,0.017,-0.106312,0.675675,-0.798525,0.019169,-1.067702,-0.016293,single_joint_sine,1,0.3,30
8.7516,-0.371351,0,-0.523599,0,0,0,-0.366,-0.049,-0.471,-0.001,0.329,0.006,-0.689,-0.002,-0.001,-0.001,0,0.017,-0.23625,0.674494,-0.798525,0.019169,-1.067702,-0.016293,single_joint_sine,1,0.3,30
8.7551,-0.373776,0,-0.523599,0,0,0,-0.366,-0.049,-0.471,-0.001,0.329,0.006,-0.689,-0.002,-0.001,-0.001,-0.005,0,-0.23625,0.674494,-0.798525,0.019169,-1.06291,0.001917,single_joint_sine,1,0.3,30
8.7585,-0.376118,0,-0.523599,0,0,0,-0.366,-0.049,-0.471,-0.001,0.329,0.006,-0.689,0,-0.005,0.009,-0.005,-0.009,-0.23625,0.678037,-0.805612,0.01821,-1.06291,-0.001917,single_joint_sine,1,0.3,30
8.7619,-0.378478,0,-0.523599,0,0,0,-0.371,-0.049,-0.471,-0.001,0.329,0.006,-0.705,-0.003,-0.001,-0.001,0,-0.009,-0.072056,0.678037,-0.799706,0.003834,-1.09358,-0.001917,single_joint_sine,1,0.3,30
8.7654,-0.380822,0,-0.523599,0,0,0,-0.371,-0.049,-0.471,-0.001,0.329,0.006,-0.705,-0.003,-0.001,-0.001,0,-0.032,-0.072056,0.678037,-0.799706,0.003834,-1.09358,0.003834,single_joint_sine,1,0.3,30
8.7689,-0.383164,0,-0.523599,0,0,0,-0.375,-0.049,-0.471,-0.001,0.329,0.006,-0.673,-0.003,-0.001,-0.001,0.003,-0.032,-0.171281,0.678037,-0.799706,0.003834,-1.076328,0.003834,single_joint_sine,1,0.3,30
8.7723,-0.385443,0,-0.523599,0,0,0,-0.375,-0.049,-0.471,-0.001,0.329,0.006,-0.673,-0.003,-0.001,0.001,0.003,0.023,-0.171281,0.673312,-0.798525,0.026836,-1.076328,-0.019169,single_joint_sine,1,0.3,30
8.7757,-0.387706,0,-0.523599,0,0,0,-0.375,-0.049,-0.471,-0.001,0.329,0.006,-0.673,-0.003,-0.001,0.001,0.003,0.023,-0.171281,0.673312,-0.798525,0.026836,-1.076328,-0.019169,single_joint_sine,1,0.3,30
8.7792,-0.390025,0,-0.523599,0,0,0,-0.38,-0.049,-0.471,-0.001,0.329,0.006,-0.676,0,0,-0.001,-0.013,-0.011,-0.167737,0.672131,-0.799706,0.022044,-1.071536,-0.002875,single_joint_sine,1,0.3,30
8.7826,-0.392256,0,-0.523599,0,0,0,-0.385,-0.049,-0.471,-0.001,0.329,0.006,-0.651,0,-0.001,-0.001,-0.003,-0.011,-0.186637,0.672131,-0.794981,0.025878,-1.074411,-0.002875,single_joint_sine,1,0.3,30
8.7865,-0.394797,0,-0.523599,0,0,0,-0.389,-0.049,-0.471,-0.001,0.329,0.006,-0.658,0,-0.001,-0.001,-0.003,-0.011,-0.183094,0.672131,-0.794981,0.025878,-1.074411,-0.002875,single_joint_sine,1,0.3,30
8.7901,-0.397121,0,-0.523599,0,0,0,-0.389,-0.049,-0.471,-0.001,0.329,0.006,-0.658,0,-0.001,-0.001,0.001,0.011,-0.183094,0.685125,-0.794981,0.025878,-1.064827,0.01246,single_joint_sine,1,0.3,30
8.7935,-0.3993,0,-0.523599,0,0,0,-0.389,-0.049,-0.471,-0.001,0.329,0.006,-0.658,0,-0.005,-0.024,0.001,0.057,-0.183094,0.6804,-0.796162,0.027795,-1.064827,0.005751,single_joint_sine,1,0.3,30
8.7969,-0.401462,0,-0.523599,0,0,0,-0.394,-0.049,-0.471,-0.001,0.329,0.006,-0.622,0,-0.005,-0.024,0.001,0.057,-0.1701,0.678037,-0.796162,0.027795,-1.064827,0.005751,single_joint_sine,1,0.3,30
8.8003,-0.403639,0,-0.523599,0,0,0,-0.394,-0.049,-0.471,-0.001,0.329,0.007,-0.622,0,0.004,-0.009,0.001,-0.034,-0.1701,0.678037,-0.800887,0.020127,-1.072494,-0.008626,single_joint_sine,1,0.3,30
8.8037,-0.405768,0,-0.523599,0,0,0,-0.398,-0.049,-0.471,-0.001,0.329,0.007,-0.649,0,0.004,-0.009,0.001,-0.034,-0.1134,0.678037,-0.800887,0.020127,-1.058118,-0.008626,single_joint_sine,1,0.3,30
8.8071,-0.407881,0,-0.523599,0,0,0,-0.398,-0.049,-0.471,-0.001,0.329,0.006,-0.649,0,0,0.005,0.001,0.001,-0.1134,0.674494,-0.798525,-0.000958,-1.058118,-0.006709,single_joint_sine,1,0.3,30
8.8106,-0.410046,0,-0.523599,0,0,0,-0.398,-0.049,-0.471,-0.001,0.329,0.006,-0.649,0,0,0.005,0.001,0.001,-0.1134,0.674494,-0.798525,-0.000958,-1.058118,-0.006709,single_joint_sine,1,0.3,30
8.8144,-0.412321,0,-0.523599,0,0,0,-0.403,-0.049,-0.471,-0.001,0.329,0.006,-0.592,-0.001,0.003,0.024,-0.003,0.015,-0.316575,0.676856,-0.80325,-0.009584,-1.060993,-0.004792,single_joint_sine,1,0.3,30
8.8178,-0.41438,0,-0.523599,0,0,0,-0.407,-0.049,-0.471,0,0.329,0.006,-0.635,-0.001,-0.002,0.013,0.005,0.015,-0.107494,0.676856,-0.800887,0.036421,-1.009237,-0.004792,single_joint_sine,1,0.3,30
8.8215,-0.416636,0,-0.523599,0,0,0,-0.411,-0.049,-0.471,0,0.329,0.006,-0.608,0.002,-0.002,0.013,0.005,0.015,-0.161831,0.682762,-0.800887,0.036421,-1.009237,-0.004792,single_joint_sine,1,0.3,30
8.825,-0.41869,0,-0.523599,0,0,0,-0.411,-0.049,-0.471,0,0.329,0.007,-0.608,0.002,-0.002,0.013,-0.005,0.003,-0.161831,0.682762,-0.800887,0.036421,-1.106998,0.001917,single_joint_sine,1,0.3,30
8.8284,-0.420696,0,-0.523599,0,0,0,-0.411,-0.049,-0.471,-0.001,0.329,0.006,-0.608,0,-0.002,-0.003,-0.005,-0.019,-0.161831,0.675675,-0.80325,0.003834,-1.106998,0.010543,single_joint_sine,1,0.3,30
8.8318,-0.422724,0,-0.523599,0,0,0,-0.415,-0.049,-0.471,0,0.329,0.006,-0.569,0.003,-0.001,-0.001,-0.005,-0.019,-0.218531,0.675675,-0.792619,0.029712,-1.106998,0.010543,single_joint_sine,1,0.3,30
8.8354,-0.424815,0,-0.523599,0,0,0,-0.415,-0.049,-0.471,0,0.329,0.006,-0.569,0.003,-0.001,-0.001,0,0.028,-0.218531,0.675675,-0.792619,0.029712,-1.080162,-0.007668,single_joint_sine,1,0.3,30
8.8388,-0.42677,0,-0.523599,0,0,0,-0.42,-0.049,-0.471,0,0.329,0.006,-0.609,0.003,-0.001,-0.001,0.021,0.028,-0.0945,0.675675,-0.792619,0.029712,-1.072494,-0.007668,single_joint_sine,1,0.3,30
8.8422,-0.428705,0,-0.523599,0,0,0,-0.42,-0.049,-0.471,-0.001,0.329,0.006,-0.609,-0.001,0,-0.021,0.021,-0.005,-0.0945,0.679219,-0.796162,0.027795,-1.072494,0.007668,single_joint_sine,1,0.3,30
8.8457,-0.43065,0,-0.523599,0,0,0,-0.42,-0.049,-0.471,-0.001,0.329,0.006,-0.609,-0.001,0,-0.021,0.021,-0.005,-0.0945,0.679219,-0.796162,0.027795,-1.072494,0.007668,single_joint_sine,1,0.3,30
8.8494,-0.432704,0,-0.523599,0,0,0,-0.424,-0.049,-0.471,-0.001,0.329,0.006,-0.546,0.003,-0.002,-0.007,-0.007,-0.015,-0.237431,0.683944,-0.796162,0.017252,-1.064827,0.014377,single_joint_sine,1,0.3,30
8.8528,-0.434584,0,-0.523599,0,0,0,-0.427,-0.049,-0.471,0,0.329,0.006,-0.57,0.003,-0.001,0.026,-0.007,-0.015,-0.093319,0.683944,-0.797344,0.01246,-1.063868,0.014377,single_joint_sine,1,0.3,30
8.8562,-0.436477,0,-0.523599,0,0,0,-0.427,-0.049,-0.471,0,0.329,0.006,-0.57,0.003,-0.001,0.026,-0.007,-0.015,-0.093319,0.683944,-0.797344,0.01246,-1.063868,0.014377,single_joint_sine,1,0.3,30
8.8599,-0.438457,0,-0.523599,0,0,0,-0.432,-0.049,-0.471,0,0.329,0.006,-0.58,-0.002,-0.001,0.026,0.001,-0.005,-0.046069,0.685125,-0.797344,0.01246,-1.071536,-0.020127,single_joint_sine,1,0.3,30
8.8633,-0.440281,0,-0.523599,0,0,0,-0.432,-0.049,-0.471,0,0.329,0.006,-0.58,0,0,0.003,0.001,0.001,-0.046069,0.675675,-0.799706,0.006709,-1.071536,-0.015335,single_joint_sine,1,0.3,30
8.8667,-0.442083,0,-0.523599,0,0,0,-0.435,-0.049,-0.471,0,0.329,0.006,-0.541,0,0,0.003,0.001,0.001,-0.14175,0.686306,-0.7938,0.006709,-1.071536,-0.015335,single_joint_sine,1,0.3,30
8.8701,-0.443898,0,-0.523599,0,0,0,-0.435,-0.049,-0.471,0,0.329,0.007,-0.541,0,0,0.028,0.001,0.019,-0.14175,0.686306,-0.7938,-0.004792,-1.068661,0.013418,single_joint_sine,1,0.3,30
8.8736,-0.445717,0,-0.523599,0,0,0,-0.439,-0.049,-0.471,0,0.329,0.007,-0.53,0,0,0.007,0.011,0.019,-0.114581,0.686306,-0.7938,0.017252,-1.063868,0.013418,single_joint_sine,1,0.3,30
8.877,-0.447465,0,-0.523599,0,0,0,-0.439,-0.049,-0.471,0,0.329,0.007,-0.53,0.002,0.001,0.007,-0.005,0.019,-0.114581,0.669769,-0.802069,0.017252,-1.06291,0.013418,single_joint_sine,1,0.3,30
8.8806,-0.449286,0,-0.523599,0,0,0,-0.439,-0.049,-0.471,0,0.329,0.006,-0.53,0.002,0.001,0.007,-0.005,-0.005,-0.114581,0.669769,-0.802069,0.017252,-1.06291,0.009584,single_joint_sine,1,0.3,30
8.8841,-0.45107,0,-0.523599,0,0,0,-0.443,-0.049,-0.471,0,0.329,0.006,-0.524,0.004,0.002,0.005,-0.005,-0.001,-0.147656,0.675675,-0.80325,0.028753,-1.06291,-0.009584,single_joint_sine,1,0.3,30
8.8875,-0.452764,0,-0.523599,0,0,0,-0.447,-0.049,-0.471,0,0.329,0.006,-0.489,0.004,0,0.003,-0.005,-0.001,-0.163013,0.675675,-0.791437,0.031629,-1.069619,-0.009584,single_joint_sine,1,0.3,30
8.891,-0.454468,0,-0.523599,0,0,0,-0.447,-0.049,-0.471,0,0.329,0.006,-0.489,0.004,0,0.003,-0.005,-0.001,-0.163013,0.675675,-0.791437,0.031629,-1.069619,-0.009584,single_joint_sine,1,0.3,30
8.8948,-0.456326,0,-0.523599,0,0,0,-0.45,-0.049,-0.471,0,0.329,0.006,-0.498,-0.004,0,0.003,0.003,0.036,-0.098044,0.672131,-0.791437,0.031629,-1.068661,-0.011501,single_joint_sine,1,0.3,30
8.8982,-0.457961,0,-0.523599,0,0,0,-0.45,-0.049,-0.471,0,0.329,0.006,-0.498,0.005,0,0.011,0.003,-0.005,-0.098044,0.679219,-0.80325,0.029712,-1.068661,-0.002875,single_joint_sine,1,0.3,30
8.9016,-0.459574,0,-0.523599,0,0,0,-0.454,-0.049,-0.471,0,0.329,0.006,-0.49,-0.001,0,0.011,0.003,-0.005,-0.125213,0.679219,-0.80325,0.029712,-1.068661,-0.002875,single_joint_sine,1,0.3,30
8.9054,-0.461371,0,-0.523599,0,0,0,-0.454,-0.049,-0.471,0,0.329,0.007,-0.49,-0.001,0,-0.007,0,0.011,-0.125213,0.679219,-0.798525,0.038338,-1.065785,-0.000958,single_joint_sine,1,0.3,30
8.9088,-0.462947,0,-0.523599,0,0,0,-0.457,-0.049,-0.471,0,0.329,0.007,-0.493,-0.001,0,-0.007,-0.015,0.011,-0.111037,0.679219,-0.798525,0.039296,-1.071536,-0.000958,single_joint_sine,1,0.3,30
8.9122,-0.464505,0,-0.523599,0,0,0,-0.457,-0.049,-0.471,0,0.329,0.006,-0.493,0,-0.001,-0.007,-0.015,-0.005,-0.111037,0.666225,-0.802069,0.039296,-1.071536,-0.008626,single_joint_sine,1,0.3,30
8.9156,-0.466048,0,-0.523599,0,0,0,-0.457,-0.049,-0.471,0,0.329,0.006,-0.493,0,-0.001,-0.007,-0.015,-0.005,-0.111037,0.666225,-0.802069,0.039296,-1.071536,-0.008626,single_joint_sine,1,0.3,30
8.9191,-0.467615,0,-0.523599,0,0,0,-0.46,-0.049,-0.471,0,0.329,0.006,-0.449,0,0,-0.013,0.005,0.001,-0.201994,0.685125,-0.792619,0.039296,-1.070577,0.070925,single_joint_sine,1,0.3,30
8.9225,-0.469115,0,-0.523599,0,0,0,-0.463,-0.049,-0.471,0,0.329,0.006,-0.444,0,0,-0.005,0,0.001,-0.12285,0.685125,-0.792619,0.036421,-1.058118,0.070925,single_joint_sine,1,0.3,30
8.9259,-0.470616,0,-0.523599,0,0,0,-0.463,-0.049,-0.471,0,0.329,0.006,-0.444,0,0,-0.005,0,0.001,-0.12285,0.685125,-0.792619,0.036421,-1.058118,0.070925,single_joint_sine,1,0.3,30
8.9295,-0.472139,0,-0.523599,0,0,0,-0.466,-0.049,-0.471,0,0.329,0.006,-0.44,0,0,-0.005,-0.003,0.007,-0.115762,0.67095,-0.792619,0.036421,-1.053326,0.001917,single_joint_sine,1,0.3,30
8.9329,-0.47358,0,-0.523599,0,0,0,-0.466,-0.049,-0.471,-0.001,0.329,0.006,-0.44,-0.003,0,-0.017,-0.003,0,-0.115762,0.692213,-0.80325,0.045047,-1.053326,0,single_joint_sine,1,0.3,30
8.9363,-0.474998,0,-0.523599,0,0,0,-0.466,-0.049,-0.471,-0.001,0.329,0.006,-0.44,-0.003,0,-0.017,-0.003,0,-0.115762,0.692213,-0.80325,0.045047,-1.053326,0,single_joint_sine,1,0.3,30
8.9401,-0.476584,0,-0.523599,0,0,0,-0.469,-0.049,-0.471,-0.001,0.329,0.006,-0.423,-0.002,0.006,0.011,-0.001,0.013,-0.138206,0.679219,-0.799706,0.025878,-1.066744,-0.007668,single_joint_sine,1,0.3,30
8.9435,-0.477963,0,-0.523599,0,0,0,-0.472,-0.049,-0.471,-0.001,0.329,0.006,-0.389,-0.002,0.006,-0.011,0.001,0.013,-0.23625,0.679219,-0.799706,0.031629,-1.068661,-0.007668,single_joint_sine,1,0.3,30
8.9469,-0.479315,0,-0.523599,0,0,0,-0.472,-0.049,-0.471,-0.001,0.329,0.006,-0.389,0,0,-0.011,0.001,0.013,-0.23625,0.67095,-0.798525,0.031629,-1.068661,-0.007668,single_joint_sine,1,0.3,30
8.9507,-0.480802,0,-0.523599,0,0,0,-0.472,-0.049,-0.471,-0.001,0.329,0.006,-0.389,0,0,-0.011,0.028,-0.005,-0.23625,0.67095,-0.798525,0.031629,-1.065785,-0.001917,single_joint_sine,1,0.3,30
8.9542,-0.482178,0,-0.523599,0,0,0,-0.475,-0.049,-0.471,-0.001,0.329,0.006,-0.436,0,-0.005,-0.003,0.028,0.011,0.001181,0.682762,-0.797344,0.083384,-1.065785,0.008626,single_joint_sine,1,0.3,30
8.9576,-0.483476,0,-0.523599,0,0,0,-0.478,-0.049,-0.471,-0.001,0.329,0.006,-0.401,0,0.001,-0.005,-0.007,0.011,-0.059062,0.682762,-0.794981,0.029712,-1.043741,0.008626,single_joint_sine,1,0.3,30
8.9611,-0.484772,0,-0.523599,0,0,0,-0.478,-0.049,-0.471,-0.001,0.329,0.006,-0.401,0,0.001,-0.005,-0.007,0.011,-0.059062,0.682762,-0.794981,0.029712,-1.043741,0.008626,single_joint_sine,1,0.3,30
8.9647,-0.48611,0,-0.523599,0,0,0,-0.481,-0.049,-0.471,-0.001,0.329,0.006,-0.379,0.001,0.001,-0.005,-0.005,-0.003,-0.174825,0.6804,-0.794981,0.029712,-1.067702,0.009584,single_joint_sine,1,0.3,30
8.9681,-0.487346,0,-0.523599,0,0,0,-0.481,-0.049,-0.471,-0.001,0.329,0.006,-0.379,0.001,-0.001,-0.003,-0.005,-0.023,-0.174825,0.669769,-0.797344,0.034504,-1.067702,0.002875,single_joint_sine,1,0.3,30
8.9715,-0.48856,0,-0.523599,0,0,0,-0.483,-0.049,-0.471,-0.001,0.329,0.006,-0.347,0.002,-0.001,-0.003,-0.005,-0.023,-0.210262,0.665044,-0.797344,0.034504,-1.067702,0.002875,single_joint_sine,1,0.3,30
8.975,-0.489782,0,-0.523599,0,0,0,-0.483,-0.049,-0.471,-0.001,0.329,0.006,-0.347,0.002,0.006,-0.021,0.001,0.063,-0.210262,0.665044,-0.791437,0.040254,-1.074411,-0.062299,single_joint_sine,1,0.3,30
8.9784,-0.490958,0,-0.523599,0,0,0,-0.486,-0.049,-0.471,0,0.329,0.006,-0.353,0.002,0.006,0.061,0.013,0.063,-0.098044,0.665044,-0.791437,0.026836,-1.068661,-0.062299,single_joint_sine,1,0.3,30
8.9817,-0.492111,0,-0.523599,0,0,0,-0.486,-0.049,-0.471,0,0.329,0.006,-0.353,0,0.001,0.061,0.013,0.063,-0.098044,0.679219,-0.797344,0.026836,-1.068661,-0.062299,single_joint_sine,1,0.3,30
8.9856,-0.493383,0,-0.523599,0,0,0,-0.486,-0.049,-0.471,0,0.329,0.007,-0.353,0,0.001,0.061,-0.001,-0.074,-0.098044,0.679219,-0.797344,0.026836,-1.063868,0.037379,single_joint_sine,1,0.3,30
8.9894,-0.494629,0,-0.523599,0,0,0,-0.489,-0.049,-0.471,-0.002,0.329,0.006,-0.383,-0.003,0,-0.128,-0.001,-0.03,0.005906,0.675675,-0.800887,0.089135,-1.063868,0.032587,single_joint_sine,1,0.3,30
8.9928,-0.495719,0,-0.523599,0,0,0,-0.491,-0.049,-0.471,-0.002,0.329,0.006,-0.344,-0.003,0.002,0.053,-0.003,-0.03,-0.073237,0.675675,-0.798525,-0.014377,-1.042783,0.032587,single_joint_sine,1,0.3,30
8.9962,-0.496791,0,-0.523599,0,0,0,-0.491,-0.049,-0.471,-0.002,0.329,0.006,-0.344,-0.003,0.002,0.053,-0.003,-0.03,-0.073237,0.675675,-0.798525,-0.014377,-1.042783,0.032587,single_joint_sine,1,0.3,30
8.9996,-0.497839,0,-0.523599,0,0,0,-0.493,-0.049,-0.471,-0.002,0.329,0.006,-0.306,-0.001,0.002,0.053,0.003,0.015,-0.114581,0.686306,-0.798525,-0.014377,-1.083037,-0.01246,single_joint_sine,1,0.3,30
9.003,-0.498869,0,-0.523599,0,0,0,-0.493,-0.049,-0.471,-0.001,0.329,0.006,-0.306,-0.001,0.001,0.076,0.003,0.009,-0.114581,0.681581,-0.810338,-0.016293,-1.083037,0,single_joint_sine,1,0.3,30
9.0066,-0.49994,0,-0.523599,0,0,0,-0.495,-0.049,-0.471,-0.001,0.329,0.006,-0.305,0,0.001,0.076,0.003,0.009,-0.135844,0.68985,-0.810338,-0.016293,-1.083037,0,single_joint_sine,1,0.3,30
9.01,-0.500924,0,-0.523599,0,0,0,-0.495,-0.049,-0.471,-0.001,0.329,0.006,-0.305,0,-0.004,0.049,0.007,0.028,-0.135844,0.68985,-0.785531,0.011501,-1.064827,-0.023003,single_joint_sine,1,0.3,30
9.0134,-0.50189,0,-0.523599,0,0,0,-0.497,-0.049,-0.471,-0.001,0.329,0.006,-0.326,0,-0.004,-0.026,0.007,0.028,-0.017719,0.68985,-0.785531,0.029712,-1.060993,-0.023003,single_joint_sine,1,0.3,30
9.0168,-0.502836,0,-0.523599,0,0,0,-0.497,-0.049,-0.471,-0.001,0.329,0.006,-0.326,0,0.002,-0.026,0.007,0.028,-0.017719,0.678037,-0.799706,0.029712,-1.060993,-0.023003,single_joint_sine,1,0.3,30
9.0202,-0.503763,0,-0.523599,0,0,0,-0.497,-0.049,-0.471,-0.001,0.329,0.007,-0.326,0,0.002,-0.026,-0.003,-0.007,-0.017719,0.678037,-0.799706,0.029712,-1.060035,0.000958,single_joint_sine,1,0.3,30
9.0236,-0.504667,0,-0.523599,0,0,0,-0.5,-0.049,-0.471,-0.001,0.329,0.006,-0.301,-0.001,0.004,-0.003,-0.003,0.001,-0.030713,0.68985,-0.806794,0.022044,-1.060035,0.01246,single_joint_sine,1,0.3,30
9.027,-0.505548,0,-0.523599,0,0,0,-0.502,-0.049,-0.471,-0.001,0.329,0.006,-0.264,-0.001,0.001,0.013,-0.003,0.001,-0.098044,0.68985,-0.797344,0.065174,-1.068661,0.01246,single_joint_sine,1,0.3,30
9.0306,-0.506463,0,-0.523599,0,0,0,-0.502,-0.049,-0.471,-0.001,0.329,0.006,-0.264,-0.001,0.001,0.013,-0.003,0.001,-0.098044,0.68985,-0.797344,0.065174,-1.068661,0.01246,single_joint_sine,1,0.3,30
9.0341,-0.507336,0,-0.523599,0,0,0,-0.503,-0.049,-0.471,-0.001,0.329,0.006,-0.262,0,0.001,0.013,-0.007,-0.003,-0.119306,0.674494,-0.797344,0.065174,-1.067702,-0.010543,single_joint_sine,1,0.3,30
9.0375,-0.508155,0,-0.523599,0,0,0,-0.503,-0.049,-0.471,-0.001,0.329,0.007,-0.262,-0.001,0.001,-0.024,-0.007,-0.009,-0.119306,0.694575,-0.792619,0.028753,-1.067702,0,single_joint_sine,1,0.3,30
9.041,-0.508971,0,-0.523599,0,0,0,-0.503,-0.049,-0.471,-0.001,0.329,0.007,-0.262,-0.001,0.001,-0.024,-0.007,-0.009,-0.119306,0.694575,-0.792619,0.028753,-1.067702,0,single_joint_sine,1,0.3,30
9.0445,-0.509784,0,-0.523599,0,0,0,-0.505,-0.049,-0.471,-0.001,0.329,0.006,-0.249,0,0,-0.005,0.001,-0.001,-0.1134,0.672131,-0.805612,0.047922,-1.060993,-0.136098,single_joint_sine,1,0.3,30
9.0479,-0.510534,0,-0.523599,0,0,0,-0.507,-0.049,-0.471,-0.001,0.329,0.006,-0.248,0,0,-0.036,-0.011,-0.001,-0.090956,0.672131,-0.805612,0.037379,-1.060035,-0.136098,single_joint_sine,1,0.3,30
9.0513,-0.511269,0,-0.523599,0,0,0,-0.507,-0.049,-0.471,-0.001,0.329,0.006,-0.248,0,0,-0.036,-0.011,-0.001,-0.090956,0.672131,-0.805612,0.037379,-1.060035,-0.136098,single_joint_sine,1,0.3,30
9.0548,-0.511993,0,-0.523599,0,0,0,-0.507,-0.049,-0.471,-0.001,0.329,0.007,-0.248,-0.001,-0.003,-0.036,0,0.061,-0.090956,0.6804,-0.798525,0.037379,-1.06291,0.008626,single_joint_sine,1,0.3,30
9.0582,-0.512685,0,-0.523599,0,0,0,-0.508,-0.049,-0.471,-0.001,0.329,0.007,-0.252,-0.001,0.005,0.036,0,-0.055,-0.010631,0.682762,-0.796162,-0.000958,-1.06291,0.029712,single_joint_sine,1,0.3,30
9.0616,-0.513356,0,-0.523599,0,0,0,-0.51,-0.049,-0.471,-0.001,0.329,0.007,-0.251,-0.001,0,0.036,0,-0.055,0.051975,0.682762,-0.789075,-0.000958,-1.06291,0.029712,single_joint_sine,1,0.3,30
9.0651,-0.514025,0,-0.523599,0,0,0,-0.51,-0.049,-0.471,-0.001,0.329,0.007,-0.251,-0.001,0,-0.003,-0.001,-0.055,0.051975,0.682762,-0.789075,0.022044,-1.064827,0.029712,single_joint_sine,1,0.3,30
9.0685,-0.514653,0,-0.523599,0,0,0,-0.511,-0.049,-0.471,-0.001,0.329,0.007,-0.178,-0.002,0,-0.003,-0.001,0.013,-0.061425,0.691031,-0.789075,0.022044,-1.06291,0.003834,single_joint_sine,1,0.3,30
9.0719,-0.515259,0,-0.523599,0,0,0,-0.511,-0.049,-0.471,-0.001,0.329,0.007,-0.178,0,0,0.024,-0.001,0.013,-0.061425,0.668588,-0.804431,0.022044,-1.06291,0.003834,single_joint_sine,1,0.3,30
9.0753,-0.515849,0,-0.523599,0,0,0,-0.511,-0.049,-0.471,-0.001,0.329,0.007,-0.178,0,0,0.024,-0.001,0.021,-0.061425,0.668588,-0.804431,0.022044,-1.06291,-0.005751,single_joint_sine,1,0.3,30
9.0787,-0.516413,0,-0.523599,0,0,0,-0.512,-0.049,-0.471,-0.001,0.329,0.007,-0.149,0.001,0,0.013,-0.003,0.026,-0.137025,0.682762,-0.794981,0.024919,-1.065785,0.006709,single_joint_sine,1,0.3,30
9.0821,-0.516956,0,-0.523599,0,0,0,-0.514,-0.049,-0.471,-0.001,0.329,0.007,-0.174,0.001,0,-0.021,0,0.026,-0.086231,0.682762,-0.794981,0.026836,-1.070577,0.006709,single_joint_sine,1,0.3,30
9.0855,-0.517487,0,-0.523599,0,0,0,-0.514,-0.049,-0.471,-0.001,0.329,0.007,-0.174,0.001,0,-0.021,0,0.026,-0.086231,0.682762,-0.794981,0.026836,-1.070577,0.006709,single_joint_sine,1,0.3,30
9.0893,-0.518035,0,-0.523599,0,0,0,-0.514,-0.049,-0.471,-0.001,0.329,0.006,-0.174,-0.002,0,-0.021,0.001,-0.032,-0.086231,0.682762,-0.799706,0.026836,-1.07537,0.019169,single_joint_sine,1,0.3,30
9.0927,-0.518512,0,-0.523599,0,0,0,-0.515,-0.049,-0.471,-0.001,0.329,0.006,-0.159,0,-0.005,-0.001,0.001,0.003,-0.057881,0.672131,-0.798525,0.023961,-1.07537,-0.028753,single_joint_sine,1,0.3,30
9.0961,-0.518968,0,-0.523599,0,0,0,-0.515,-0.049,-0.471,-0.001,0.329,0.006,-0.159,0,-0.005,-0.001,0.001,0.003,-0.057881,0.672131,-0.798525,0.023961,-1.07537,-0.028753,single_joint_sine,1,0.3,30
9.0996,-0.519419,0,-0.523599,0,0,0,-0.516,-0.049,-0.471,-0.001,0.329,0.006,-0.158,0,-0.005,0,0,0.003,-0.005906,0.681581,-0.805612,0.028753,-1.061952,-0.028753,single_joint_sine,1,0.3,30
9.103,-0.519831,0,-0.523599,0,0,0,-0.517,-0.049,-0.471,-0.001,0.329,0.007,-0.128,0,-0.005,0,0.007,0.028,-0.174825,0.681581,-0.805612,0.028753,-1.059076,-0.024919,single_joint_sine,1,0.3,30
9.1064,-0.520222,0,-0.523599,0,0,0,-0.517,-0.049,-0.471,-0.001,0.329,0.007,-0.128,-0.001,-0.005,0,0.007,0.028,-0.174825,0.673312,-0.805612,0.028753,-1.059076,-0.024919,single_joint_sine,1,0.3,30
9.1099,-0.5206,0,-0.523599,0,0,0,-0.517,-0.049,-0.471,-0.001,0.329,0.007,-0.128,-0.001,0.003,0.005,0.007,-0.005,-0.174825,0.673312,-0.799706,0.025878,-1.059076,0.021086,single_joint_sine,1,0.3,30
9.1133,-0.520947,0,-0.523599,0,0,0,-0.518,-0.049,-0.471,-0.001,0.329,0.006,-0.117,0,0,-0.007,-0.007,-0.009,-0.036619,0.682762,-0.798525,0.028753,-1.058118,0.020127,single_joint_sine,1,0.3,30
9.1167,-0.521278,0,-0.523599,0,0,0,-0.518,-0.049,-0.471,-0.001,0.329,0.006,-0.08,0,0,-0.007,-0.007,-0.009,-0.224437,0.682762,-0.798525,0.028753,-1.058118,0.020127,single_joint_sine,1,0.3,30
9.1202,-0.52159,0,-0.523599,0,0,0,-0.518,-0.049,-0.471,-0.001,0.329,0.006,-0.08,0,0,0.015,0,-0.009,-0.224437,0.682762,-0.798525,0.028753,-1.060035,0.020127,single_joint_sine,1,0.3,30
9.1236,-0.521872,0,-0.523599,0,0,0,-0.518,-0.049,-0.471,-0.001,0.329,0.006,-0.08,0,0.001,0.015,0,-0.005,-0.224437,0.667406,-0.7938,0.028753,-1.068661,0,single_joint_sine,1,0.3,30
9.127,-0.522133,0,-0.523599,0,0,0,-0.519,-0.049,-0.471,-0.001,0.329,0.006,-0.068,-0.002,0,0.011,0,-0.005,-0.1512,0.681581,-0.804431,0.020127,-1.068661,0,single_joint_sine,1,0.3,30
9.1304,-0.522377,0,-0.523599,0,0,0,-0.519,-0.049,-0.471,-0.001,0.329,0.006,-0.068,-0.002,0,0.011,0,0.001,-0.1512,0.681581,-0.804431,0.020127,-1.068661,-0.015335,single_joint_sine,1,0.3,30
9.1344,-0.522628,0,-0.523599,0,0,0,-0.52,-0.049,-0.471,-0.001,0.329,0.006,-0.117,-0.002,0.001,-0.001,-0.001,0.001,-0.046069,0.686306,-0.7938,0.01246,-1.064827,-0.015335,single_joint_sine,1,0.3,30
9.1378,-0.522822,0,-0.523599,0,0,0,-0.52,-0.049,-0.471,-0.001,0.329,0.007,-0.043,-0.002,0.001,-0.001,0.001,0.021,-0.176006,0.686306,-0.7938,0.01246,-1.12425,-0.007668,single_joint_sine,1,0.3,30
9.1412,-0.522994,0,-0.523599,0,0,0,-0.52,-0.049,-0.471,-0.001,0.329,0.007,-0.043,0.002,0.001,-0.001,0.001,0.021,-0.176006,0.676856,-0.7938,0.01246,-1.12425,-0.007668,single_joint_sine,1,0.3,30
9.145,-0.523161,0,-0.523599,0,0,0,-0.52,-0.049,-0.471,-0.001,0.329,0.006,-0.043,0.002,0,0.044,0.001,-0.028,-0.176006,0.676856,-0.810338,0.04888,-1.12425,-0.002875,single_joint_sine,1,0.3,30
9.1484,-0.523287,0,-0.523599,0,0,0,-0.52,-0.049,-0.471,-0.001,0.329,0.007,-0.021,0,-0.007,-0.013,0.049,0,-0.14175,0.681581,-0.787894,0.060382,-1.027448,-0.017252,single_joint_sine,1,0.3,30
9.1518,-0.523392,0,-0.523599,0,0,0,-0.52,-0.049,-0.471,-0.001,0.329,0.007,-0.031,0,-0.007,0.003,0.049,0,-0.127575,0.681581,-0.787894,0.016293,-1.027448,-0.017252,single_joint_sine,1,0.3,30
9.1553,-0.523478,0,-0.523599,0,0,0,-0.52,-0.049,-0.471,-0.001,0.329,0.007,-0.031,0,-0.007,0.003,0.042,0,-0.127575,0.681581,-0.787894,0.016293,-1.087829,-0.017252,single_joint_sine,1,0.3,30
9.1587,-0.523539,0,-0.523599,0,0,0,-0.52,-0.049,-0.471,-0.001,0.329,0.007,-0.031,-0.004,-0.002,0.003,-0.024,-0.003,-0.127575,0.691031,-0.799706,0.016293,-1.042783,0.002875,single_joint_sine,1,0.3,30
9.1621,-0.523579,0,-0.523599,0,0,0,-0.521,-0.049,-0.471,-0.001,0.329,0.006,-0.039,-0.005,0.002,0.024,-0.024,-0.007,-0.014175,0.682762,-0.804431,0.013418,-1.042783,0.003834,single_joint_sine,1,0.3,30
9.1656,-0.523598,0,-0.523599,0,0,0,-0.521,-0.049,-0.471,-0.001,0.329,0.006,-0.039,-0.005,0.002,0.024,-0.024,-0.007,-0.014175,0.682762,-0.804431,0.013418,-1.042783,0.003834,single_joint_sine,1,0.3,30
9.1694,-0.523592,0,-0.523599,0,0,0,-0.521,-0.049,-0.471,-0.001,0.329,0.006,-0.05,-0.003,0.006,0.005,-0.023,-0.007,0.003544,0.68985,-0.800887,0.009584,-1.055242,0.003834,single_joint_sine,1,0.3,30
9.1728,-0.523564,0,-0.523599,0,0,0,-0.521,-0.049,-0.471,-0.001,0.329,0.007,-0.011,-0.003,0.006,0.005,0.011,0.003,-0.0189,0.68985,-0.800887,0.009584,-1.085913,0.007668,single_joint_sine,1,0.3,30
9.1762,-0.523515,0,-0.523599,0,0,0,-0.521,-0.049,-0.471,-0.001,0.329,0.007,-0.011,-0.003,0.006,0.005,0.011,0.003,-0.0189,0.68985,-0.800887,0.009584,-1.085913,0.007668,single_joint_sine,1,0.3,30
9.1798,-0.523438,0,-0.523599,0,0,0,-0.521,-0.049,-0.471,-0.001,0.329,0.006,-0.011,0.001,0,0.017,0.011,-0.032,-0.0189,0.686306,-0.799706,0.002875,-1.085913,-0.005751,single_joint_sine,1,0.3,30
9.1832,-0.523345,0,-0.523599,0,0,0,-0.521,-0.049,-0.471,-0.001,0.329,0.006,-0.003,0.002,0,-0.03,-0.009,0.013,0.011813,0.678037,-0.791437,0.034504,-1.068661,-0.010543,single_joint_sine,1,0.3,30
9.1867,-0.523227,0,-0.523599,0,0,0,-0.521,-0.049,-0.471,-0.001,0.329,0.006,-0.001,0.002,0,0.013,-0.009,0.013,0.005906,0.678037,-0.791437,0.023961,-1.068661,-0.010543,single_joint_sine,1,0.3,30
9.1903,-0.52308,0,-0.523599,0,0,0,-0.521,-0.049,-0.471,-0.001,0.329,0.006,-0.001,0.002,0,0.013,0.03,0.013,0.005906,0.678037,-0.791437,0.023961,-1.05045,-0.010543,single_joint_sine,1,0.3,30
9.1937,-0.52292,0,-0.523599,0,0,0,-0.521,-0.049,-0.471,-0.001,0.329,0.006,-0.001,0.002,0,0.013,-0.019,-0.019,0.005906,0.672131,-0.794981,0.023961,-1.046616,-0.003834,single_joint_sine,1,0.3,30
9.1971,-0.522738,0,-0.523599,0,0,0,-0.521,-0.049,-0.471,-0.001,0.329,0.006,0.016,0.001,-0.002,0,-0.019,-0.003,0.055519,0.6804,-0.797344,0.023003,-1.046616,0.027795,single_joint_sine,1,0.3,30
9.2007,-0.52252,0,-0.523599,0,0,0,-0.521,-0.049,-0.471,-0.001,0.329,0.006,0.016,0.001,-0.002,0,-0.019,-0.003,0.055519,0.6804,-0.797344,0.023003,-1.046616,0.027795,single_joint_sine,1,0.3,30
9.2044,-0.522278,0,-0.523599,0,0,0,-0.521,-0.049,-0.471,-0.001,0.329,0.006,0.02,-0.001,0,0.001,-0.007,-0.003,0.088594,0.674494,-0.802069,0.028753,-1.058118,0.027795,single_joint_sine,1,0.3,30
9.2078,-0.522029,0,-0.523599,0,0,0,-0.521,-0.049,-0.471,-0.001,0.329,0.006,0.009,-0.001,0,0.001,0.013,0.003,0.125213,0.674494,-0.802069,0.028753,-1.063868,-0.01246,single_joint_sine,1,0.3,30
9.2112,-0.521754,0,-0.523599,0,0,0,-0.521,-0.049,-0.471,-0.001,0.329,0.006,0.009,-0.001,0,0.001,0.013,0.003,0.125213,0.674494,-0.802069,0.028753,-1.063868,-0.01246,single_joint_sine,1,0.3,30
9.2148,-0.521449,0,-0.523599,0,0,0,-0.521,-0.049,-0.471,-0.001,0.329,0.006,0.009,0.001,-0.005,-0.015,0.013,0.017,0.125213,0.687487,-0.7938,0.027795,-1.063868,-0.014377,single_joint_sine,1,0.3,30
9.2182,-0.521135,0,-0.523599,0,0,0,-0.521,-0.049,-0.471,-0.001,0.329,0.006,0.014,0.001,0.002,0.001,0.017,0.017,0.159469,0.679219,-0.802069,0.031629,-1.057159,-0.017252,single_joint_sine,1,0.3,30
9.2215,-0.5208,0,-0.523599,0,0,0,-0.521,-0.049,-0.471,-0.001,0.329,0.006,0.044,0.001,0.002,0.001,0.017,0.017,0.157106,0.679219,-0.802069,0.031629,-1.057159,-0.017252,single_joint_sine,1,0.3,30
9.2251,-0.52043,0,-0.523599,0,0,0,-0.521,-0.049,-0.471,-0.001,0.329,0.006,0.044,0.001,0.002,0.003,-0.005,0.017,0.157106,0.679219,-0.802069,0.026836,-1.052367,-0.017252,single_joint_sine,1,0.3,30
9.2285,-0.52005,0,-0.523599,0,0,0,-0.521,-0.049,-0.471,-0.001,0.329,0.006,0.044,0,0.002,0.003,0.015,-0.019,0.157106,0.685125,-0.798525,0.026836,-1.074411,0.007668,single_joint_sine,1,0.3,30
9.2319,-0.519651,0,-0.523599,0,0,0,-0.52,-0.049,-0.471,-0.001,0.329,0.006,0.039,-0.002,-0.002,-0.007,0.015,-0.019,0.154744,0.679219,-0.796162,0.032587,-1.074411,0.007668,single_joint_sine,1,0.3,30
9.2353,-0.519226,0,-0.523599,0,0,0,-0.52,-0.049,-0.471,-0.001,0.329,0.006,0.039,-0.002,-0.002,-0.007,0.015,-0.003,0.154744,0.679219,-0.796162,0.032587,-1.074411,0.007668,single_joint_sine,1,0.3,30
9.2387,-0.518783,0,-0.523599,0,0,0,-0.52,-0.049,-0.471,-0.001,0.329,0.006,0.046,0.001,-0.005,-0.007,0.009,-0.003,0.2079,0.682762,-0.802069,0.029712,-1.07537,0.007668,single_joint_sine,1,0.3,30
9.2421,-0.518318,0,-0.523599,0,0,0,-0.519,-0.049,-0.471,-0.001,0.329,0.006,0.067,0.001,-0.005,-0.007,0,-0.011,0.205538,0.682762,-0.802069,0.029712,-1.069619,-0.005751,single_joint_sine,1,0.3,30
9.2455,-0.517823,0,-0.523599,0,0,0,-0.519,-0.049,-0.471,-0.001,0.329,0.006,0.067,0.001,-0.005,-0.007,0,-0.011,0.205538,0.682762,-0.802069,0.029712,-1.069619,-0.005751,single_joint_sine,1,0.3,30
9.2494,-0.517252,0,-0.523599,0,0,0,-0.519,-0.049,-0.471,-0.001,0.329,0.006,0.067,0,0.002,0,0,0.026,0.205538,0.674494,-0.794981,0.024919,-1.069619,0.001917,single_joint_sine,1,0.3,30
9.2528,-0.51672,0,-0.523599,0,0,0,-0.518,-0.049,-0.471,-0.001,0.329,0.006,0.125,0.001,-0.001,0,-0.011,-0.005,0.060244,0.669769,-0.792619,0.01821,-1.060035,0.005751,single_joint_sine,1,0.3,30
9.2563,-0.516151,0,-0.523599,0,0,0,-0.517,-0.049,-0.471,-0.001,0.329,0.006,0.109,0.001,-0.001,0,-0.011,-0.005,0.158287,0.669769,-0.792619,0.01821,-1.060035,0.005751,single_joint_sine,1,0.3,30
9.2598,-0.515558,0,-0.523599,0,0,0,-0.517,-0.049,-0.471,-0.001,0.329,0.006,0.109,0.001,-0.001,-0.013,-0.001,-0.005,0.158287,0.669769,-0.792619,0.036421,-1.060993,0.005751,single_joint_sine,1,0.3,30
9.2632,-0.514962,0,-0.523599,0,0,0,-0.517,-0.049,-0.471,-0.001,0.329,0.006,0.109,-0.001,-0.001,-0.013,0.003,-0.011,0.158287,0.686306,-0.80325,0.036421,-1.061952,0.003834,single_joint_sine,1,0.3,30
9.2666,-0.514335,0,-0.523599,0,0,0,-0.516,-0.049,-0.471,-0.001,0.329,0.006,0.194,-0.001,-0.001,-0.013,0.003,-0.011,0.049612,0.686306,-0.80325,0.036421,-1.061952,0.003834,single_joint_sine,1,0.3,30
9.2702,-0.513666,0,-0.523599,0,0,0,-0.516,-0.049,-0.471,-0.001,0.329,0.006,0.194,0,0,0,0.003,-0.011,0.049612,0.666225,-0.792619,0.033545,-1.061952,0.007668,single_joint_sine,1,0.3,30
9.2736,-0.513005,0,-0.523599,0,0,0,-0.515,-0.049,-0.471,-0.001,0.329,0.006,0.118,0,0.002,-0.001,0.015,-0.011,0.223256,0.685125,-0.80325,0.019169,-1.071536,0.007668,single_joint_sine,1,0.3,30
9.277,-0.512323,0,-0.523599,0,0,0,-0.514,-0.049,-0.471,-0.001,0.329,0.006,0.193,0,0.002,-0.001,-0.003,0.001,0.172462,0.685125,-0.80325,0.019169,-1.059076,0.000958,single_joint_sine,1,0.3,30
9.2805,-0.511583,0,-0.523599,0,0,0,-0.514,-0.049,-0.471,-0.001,0.329,0.006,0.193,0,0.002,-0.001,-0.003,0.001,0.172462,0.685125,-0.80325,0.019169,-1.059076,0.000958,single_joint_sine,1,0.3,30
9.2839,-0.510857,0,-0.523599,0,0,0,-0.514,-0.049,-0.471,-0.001,0.329,0.006,0.193,-0.003,0.001,0,-0.003,-0.001,0.172462,0.683944,-0.798525,0.031629,-1.059076,0.014377,single_joint_sine,1,0.3,30
9.2873,-0.510111,0,-0.523599,0,0,0,-0.513,-0.049,-0.471,-0.001,0.329,0.006,0.194,-0.004,0,-0.001,-0.001,0.009,0.114581,0.683944,-0.797344,0.035462,-1.068661,-0.002875,single_joint_sine,1,0.3,30
9.2908,-0.509333,0,-0.523599,0,0,0,-0.513,-0.049,-0.471,-0.001,0.329,0.006,0.194,-0.004,0,-0.001,-0.001,0.009,0.114581,0.683944,-0.797344,0.035462,-1.068661,-0.002875,single_joint_sine,1,0.3,30
9.2943,-0.508511,0,-0.523599,0,0,0,-0.512,-0.049,-0.471,-0.001,0.329,0.006,0.164,-0.004,0,0.001,0.001,0.009,0.133481,0.683944,-0.797344,0.029712,-1.067702,-0.002875,single_joint_sine,1,0.3,30
9.2977,-0.507701,0,-0.523599,0,0,0,-0.512,-0.049,-0.471,-0.001,0.329,0.006,0.164,-0.003,-0.004,0.001,-0.001,-0.015,0.133481,0.68985,-0.796162,0.029712,-1.070577,0.007668,single_joint_sine,1,0.3,30
9.3011,-0.506872,0,-0.523599,0,0,0,-0.512,-0.049,-0.471,-0.001,0.329,0.006,0.164,-0.003,-0.004,0.001,-0.001,-0.015,0.133481,0.68985,-0.796162,0.029712,-1.070577,0.007668,single_joint_sine,1,0.3,30
9.3049,-0.505913,0,-0.523599,0,0,0,-0.51,-0.049,-0.471,-0.001,0.329,0.007,0.191,0,0,0,-0.001,0.047,0.250425,0.683944,-0.799706,0.036421,-1.070577,0.038338,single_joint_sine,1,0.3,30
9.3083,-0.505038,0,-0.523599,0,0,0,-0.509,-0.049,-0.471,-0.001,0.329,0.007,0.165,0,0.005,0.023,0.009,0.047,0.322481,0.683944,-0.797344,0.01821,-1.070577,0.038338,single_joint_sine,1,0.3,30
9.3118,-0.504118,0,-0.523599,0,0,0,-0.507,-0.049,-0.471,-0.001,0.329,0.007,0.25,0,0.005,0.023,0.009,0.047,0.200812,0.683944,-0.797344,0.01821,-1.070577,0.038338,single_joint_sine,1,0.3,30
9.3156,-0.503108,0,-0.523599,0,0,0,-0.507,-0.049,-0.471,-0.001,0.329,0.007,0.25,0,0.005,0.023,-0.001,-0.049,0.200812,0.683944,-0.797344,0.01821,-1.059076,0.024919,single_joint_sine,1,0.3,30
9.3192,-0.502097,0,-0.523599,0,0,0,-0.507,-0.049,-0.471,-0.001,0.329,0.007,0.25,0.002,0,-0.011,-0.001,0.023,0.200812,0.6804,-0.7938,0.036421,-1.059076,0.023961,single_joint_sine,1,0.3,30
9.3226,-0.501135,0,-0.523599,0,0,0,-0.506,-0.049,-0.471,-0.001,0.329,0.006,0.276,0.001,-0.003,-0.001,-0.015,-0.026,0.134662,0.672131,-0.799706,0.027795,-1.059076,-0.046964,single_joint_sine,1,0.3,30
9.326,-0.500152,0,-0.523599,0,0,0,-0.506,-0.049,-0.471,-0.001,0.329,0.006,0.276,0.001,-0.003,-0.001,-0.015,-0.026,0.134662,0.672131,-0.799706,0.027795,-1.059076,-0.046964,single_joint_sine,1,0.3,30
9.3299,-0.499018,0,-0.523599,0,0,0,-0.504,-0.049,-0.471,-0.001,0.329,0.006,0.265,0.001,-0.003,-0.023,-0.003,-0.026,0.183094,0.672131,-0.799706,0.026836,-1.068661,-0.046964,single_joint_sine,1,0.3,30
9.3333,-0.497992,0,-0.523599,0,0,0,-0.504,-0.049,-0.471,-0.001,0.329,0.007,0.265,0.001,-0.003,-0.023,0.005,0.011,0.183094,0.672131,-0.798525,0.026836,-1.067702,-0.010543,single_joint_sine,1,0.3,30
9.3367,-0.496945,0,-0.523599,0,0,0,-0.502,-0.049,-0.471,-0.001,0.329,0.007,0.271,0.003,0,0.015,0.005,0.011,0.222075,0.667406,-0.796162,0.009584,-1.067702,-0.010543,single_joint_sine,1,0.3,30
9.3402,-0.495845,0,-0.523599,0,0,0,-0.502,-0.049,-0.471,-0.001,0.329,0.007,0.271,0.003,0,0.015,0.005,0.003,0.222075,0.667406,-0.796162,0.009584,-1.067702,0.004792,single_joint_sine,1,0.3,30
9.3436,-0.494756,0,-0.523599,0,0,0,-0.5,-0.049,-0.471,-0.001,0.329,0.007,0.279,-0.001,0.003,0.017,-0.001,0.003,0.178369,0.678037,-0.800887,0.021086,-1.061952,0.004792,single_joint_sine,1,0.3,30
9.347,-0.493647,0,-0.523599,0,0,0,-0.498,-0.049,-0.471,-0.001,0.329,0.007,0.282,-0.001,0.003,0.017,-0.001,0.003,0.239794,0.678037,-0.800887,0.021086,-1.060993,0.004792,single_joint_sine,1,0.3,30
9.3504,-0.492502,0,-0.523599,0,0,0,-0.498,-0.049,-0.471,-0.001,0.329,0.007,0.282,-0.001,0.003,0.017,-0.001,0,0.239794,0.678037,-0.800887,0.021086,-1.060993,0.032587,single_joint_sine,1,0.3,30
9.3539,-0.491333,0,-0.523599,0,0,0,-0.498,-0.049,-0.471,-0.001,0.329,0.006,0.282,-0.002,0.003,0,-0.001,-0.026,0.239794,0.678037,-0.804431,0.024919,-1.060993,0.020127,single_joint_sine,1,0.3,30
9.3573,-0.490163,0,-0.523599,0,0,0,-0.496,-0.049,-0.471,-0.001,0.329,0.006,0.331,0.006,0,0.001,0.001,-0.001,0.164194,0.679219,-0.792619,0.019169,-1.068661,-0.005751,single_joint_sine,1,0.3,30
9.3611,-0.488821,0,-0.523599,0,0,0,-0.496,-0.049,-0.471,-0.001,0.329,0.006,0.331,0.006,0,0.001,0.001,-0.001,0.164194,0.679219,-0.792619,0.019169,-1.068661,-0.005751,single_joint_sine,1,0.3,30
9.3646,-0.487592,0,-0.523599,0,0,0,-0.493,-0.049,-0.471,-0.001,0.329,0.006,0.359,0.006,0,0.001,0.015,-0.001,0.0945,0.679219,-0.792619,0.023003,-1.07537,-0.005751,single_joint_sine,1,0.3,30
9.3679,-0.486376,0,-0.523599,0,0,0,-0.493,-0.049,-0.471,-0.001,0.329,0.006,0.359,0,-0.001,0.001,0.011,0.03,0.0945,0.682762,-0.802069,0.023003,-1.066744,-0.020127,single_joint_sine,1,0.3,30
9.3713,-0.485127,0,-0.523599,0,0,0,-0.493,-0.049,-0.471,-0.001,0.329,0.006,0.359,0,-0.001,0.001,0.011,0.03,0.0945,0.682762,-0.802069,0.023003,-1.066744,-0.020127,single_joint_sine,1,0.3,30
9.3749,-0.483797,0,-0.523599,0,0,0,-0.491,-0.049,-0.471,-0.001,0.329,0.006,0.343,0,-0.001,0.003,0.011,0,0.152381,0.681581,-0.787894,0.023961,-1.066744,0.004792,single_joint_sine,1,0.3,30
9.3783,-0.482504,0,-0.523599,0,0,0,-0.489,-0.049,-0.471,-0.001,0.329,0.006,0.309,-0.002,-0.005,0.003,-0.013,0,0.323662,0.681581,-0.799706,0.034504,-1.064827,0.004792,single_joint_sine,1,0.3,30
9.3816,-0.481195,0,-0.523599,0,0,0,-0.486,-0.049,-0.471,-0.001,0.329,0.006,0.342,-0.002,-0.005,0.003,-0.013,0,0.233887,0.681581,-0.799706,0.034504,-1.064827,0.004792,single_joint_sine,1,0.3,30
9.3852,-0.47982,0,-0.523599,0,0,0,-0.486,-0.049,-0.471,-0.001,0.329,0.006,0.342,-0.002,-0.005,0.003,-0.007,0.011,0.233887,0.681581,-0.799706,0.034504,-1.06291,-0.009584,single_joint_sine,1,0.3,30
9.3885,-0.478467,0,-0.523599,0,0,0,-0.486,-0.049,-0.471,-0.001,0.329,0.006,0.342,0,0.001,-0.005,-0.007,0.015,0.233887,0.678037,-0.798525,0.027795,-1.06291,-0.002875,single_joint_sine,1,0.3,30
9.3919,-0.477111,0,-0.523599,0,0,0,-0.484,-0.049,-0.471,-0.001,0.329,0.006,0.394,0,-0.004,0.005,-0.007,0.015,0.138206,0.678037,-0.796162,0.027795,-1.06291,-0.002875,single_joint_sine,1,0.3,30
9.3959,-0.475478,0,-0.523599,0,0,0,-0.484,-0.049,-0.471,-0.001,0.329,0.006,0.394,0,-0.004,0.005,0.017,0.003,0.138206,0.678037,-0.796162,0.027795,-1.076328,0.003834,single_joint_sine,1,0.3,30
9.3993,-0.474043,0,-0.523599,0,0,0,-0.481,-0.049,-0.471,-0.001,0.329,0.006,0.42,0,-0.004,0,-0.015,0.003,0.100406,0.678037,-0.796162,0.03067,-1.052367,0.003834,single_joint_sine,1,0.3,30
9.4027,-0.472609,0,-0.523599,0,0,0,-0.481,-0.049,-0.471,-0.001,0.329,0.006,0.42,0,0,0,-0.009,-0.013,0.100406,0.681581,-0.796162,0.03067,-1.058118,-0.005751,single_joint_sine,1,0.3,30
9.4061,-0.471156,0,-0.523599,0,0,0,-0.481,-0.049,-0.471,-0.001,0.329,0.006,0.42,0,0,0,-0.009,-0.013,0.100406,0.681581,-0.796162,0.03067,-1.058118,-0.005751,single_joint_sine,1,0.3,30
9.4097,-0.46963,0,-0.523599,0,0,0,-0.478,-0.049,-0.471,-0.001,0.329,0.006,0.369,0,0,-0.009,-0.009,-0.015,0.269325,0.6804,-0.799706,0.024919,-1.058118,-0.005751,single_joint_sine,1,0.3,30
9.4131,-0.468136,0,-0.523599,0,0,0,-0.475,-0.049,-0.471,-0.001,0.329,0.006,0.404,0,0,0.023,-0.001,-0.015,0.285862,0.6804,-0.792619,0.022044,-1.067702,-0.005751,single_joint_sine,1,0.3,30
9.4164,-0.466628,0,-0.523599,0,0,0,-0.472,-0.049,-0.471,-0.001,0.329,0.006,0.434,0,0,0.023,-0.001,-0.015,0.17955,0.6804,-0.792619,0.022044,-1.067702,-0.005751,single_joint_sine,1,0.3,30
9.42,-0.465038,0,-0.523599,0,0,0,-0.472,-0.049,-0.471,-0.001,0.329,0.006,0.434,0,0,0.023,0.009,0.013,0.17955,0.6804,-0.792619,0.022044,-1.076328,-0.010543,single_joint_sine,1,0.3,30
9.4234,-0.463486,0,-0.523599,0,0,0,-0.472,-0.049,-0.471,-0.001,0.329,0.006,0.434,-0.001,-0.004,0.001,0.009,0.001,0.17955,0.667406,-0.794981,0.01821,-1.076328,0.011501,single_joint_sine,1,0.3,30
9.4268,-0.461915,0,-0.523599,0,0,0,-0.472,-0.049,-0.471,-0.001,0.329,0.006,0.434,-0.001,-0.004,0.001,0.009,0.001,0.17955,0.667406,-0.794981,0.01821,-1.076328,0.011501,single_joint_sine,1,0.3,30
9.4302,-0.460298,0,-0.523599,0,0,0,-0.469,-0.049,-0.471,-0.001,0.329,0.006,0.459,0.002,-0.001,0.001,0.005,-0.072,0.186637,0.682762,-0.791437,0.028753,-1.06291,-0.016293,single_joint_sine,1,0.3,30
9.4336,-0.45869,0,-0.523599,0,0,0,-0.466,-0.049,-0.471,-0.001,0.329,0.006,0.433,0.002,-0.001,0,-0.013,-0.072,0.244519,0.682762,-0.791437,0.045047,-1.055242,-0.016293,single_joint_sine,1,0.3,30
9.437,-0.457063,0,-0.523599,0,0,0,-0.463,-0.049,-0.471,-0.001,0.329,0.006,0.476,0.001,-0.001,0,-0.005,0.011,0.200812,0.686306,-0.802069,0.045047,-1.091663,0.01821,single_joint_sine,1,0.3,30
9.4405,-0.455374,0,-0.523599,0,0,0,-0.463,-0.049,-0.471,-0.001,0.329,0.006,0.476,0.001,-0.001,0,-0.005,0.011,0.200812,0.686306,-0.802069,0.045047,-1.091663,0.01821,single_joint_sine,1,0.3,30
9.4443,-0.453537,0,-0.523599,0,0,0,-0.463,-0.049,-0.471,-0.001,0.329,0.006,0.476,0,0.006,0.011,-0.005,0.007,0.200812,0.6804,-0.794981,0.008626,-1.091663,-0.01246,single_joint_sine,1,0.3,30
9.4477,-0.45185,0,-0.523599,0,0,0,-0.459,-0.049,-0.471,-0.001,0.329,0.006,0.512,-0.001,0.001,0.013,0.013,0.007,0.093319,0.676856,-0.794981,0.034504,-1.071536,-0.01246,single_joint_sine,1,0.3,30
9.4511,-0.45015,0,-0.523599,0,0,0,-0.459,-0.049,-0.471,-0.001,0.329,0.006,0.512,-0.001,0.001,0.013,0.013,0.007,0.093319,0.676856,-0.794981,0.034504,-1.071536,-0.01246,single_joint_sine,1,0.3,30
9.4546,-0.448371,0,-0.523599,0,0,0,-0.456,-0.049,-0.471,-0.001,0.329,0.006,0.486,-0.001,0.001,0.013,0,0.021,0.233887,0.676856,-0.794981,0.034504,-1.076328,-0.016293,single_joint_sine,1,0.3,30
9.458,-0.446628,0,-0.523599,0,0,0,-0.456,-0.049,-0.471,-0.001,0.329,0.006,0.486,0,-0.007,0,0,0.007,0.233887,0.691031,-0.794981,0.022044,-1.076328,-0.011501,single_joint_sine,1,0.3,30
9.4614,-0.444842,0,-0.523599,0,0,0,-0.452,-0.049,-0.471,-0.001,0.329,0.006,0.498,-0.002,-0.007,0,0,0.007,0.233887,0.687487,-0.794981,0.022044,-1.076328,-0.011501,single_joint_sine,1,0.3,30
9.465,-0.442962,0,-0.523599,0,0,0,-0.452,-0.049,-0.471,-0.001,0.329,0.006,0.498,-0.002,0,0.003,-0.015,-0.011,0.233887,0.687487,-0.805612,0.024919,-1.033198,-0.002875,single_joint_sine,1,0.3,30
9.4684,-0.441164,0,-0.523599,0,0,0,-0.449,-0.049,-0.471,-0.001,0.329,0.006,0.496,-0.002,0.007,-0.001,-0.028,-0.011,0.248062,0.687487,-0.798525,0.038338,-1.094538,-0.002875,single_joint_sine,1,0.3,30
9.4718,-0.439345,0,-0.523599,0,0,0,-0.445,-0.049,-0.471,-0.001,0.329,0.006,0.536,0,0.007,-0.001,-0.028,-0.011,0.159469,0.669769,-0.798525,0.038338,-1.094538,-0.002875,single_joint_sine,1,0.3,30
9.4753,-0.437473,0,-0.523599,0,0,0,-0.445,-0.049,-0.471,-0.001,0.329,0.006,0.536,0,0.007,-0.001,-0.001,-0.028,0.159469,0.669769,-0.798525,0.038338,-1.073453,0.021086,single_joint_sine,1,0.3,30
9.4787,-0.43562,0,-0.523599,0,0,0,-0.445,-0.049,-0.471,-0.001,0.329,0.006,0.536,0,0,0.009,-0.001,-0.017,0.159469,0.67095,-0.800887,0.046005,-1.073453,0.006709,single_joint_sine,1,0.3,30
9.4821,-0.433745,0,-0.523599,0,0,0,-0.441,-0.049,-0.471,-0.001,0.329,0.006,0.526,0.002,-0.002,-0.032,0,-0.001,0.191362,0.674494,-0.7938,0.057506,-1.078245,-0.003834,single_joint_sine,1,0.3,30
9.4855,-0.431831,0,-0.523599,0,0,0,-0.441,-0.049,-0.471,-0.001,0.329,0.006,0.526,0.002,-0.002,-0.032,0,-0.001,0.191362,0.674494,-0.7938,0.057506,-1.078245,-0.003834,single_joint_sine,1,0.3,30
9.4893,-0.429712,0,-0.523599,0,0,0,-0.438,-0.049,-0.471,-0.001,0.329,0.006,0.523,0.002,-0.002,-0.032,0.011,-0.001,0.257512,0.674494,-0.7938,0.057506,-1.07537,-0.003834,single_joint_sine,1,0.3,30
9.4927,-0.427786,0,-0.523599,0,0,0,-0.438,-0.049,-0.471,-0.001,0.329,0.006,0.523,0.002,0.003,-0.001,0.011,0.003,0.257512,0.685125,-0.7938,0.023003,-1.07537,0.01246,single_joint_sine,1,0.3,30
9.4961,-0.425825,0,-0.523599,0,0,0,-0.434,-0.049,-0.471,-0.001,0.329,0.006,0.582,0,0.003,-0.001,0.011,0.003,0.183094,0.686306,-0.7938,0.023003,-1.07537,0.01246,single_joint_sine,1,0.3,30
9.5,-0.423624,0,-0.523599,0,0,0,-0.434,-0.049,-0.471,-0.001,0.329,0.006,0.582,0,0,0,-0.011,-0.011,0.183094,0.686306,-0.802069,0.019169,-1.054284,0.001917,single_joint_sine,1,0.3,30
9.5034,-0.421644,0,-0.523599,0,0,0,-0.43,-0.049,-0.471,-0.001,0.329,0.006,0.55,0,-0.001,0.009,-0.003,-0.011,0.250425,0.686306,-0.794981,0.008626,-1.064827,0.001917,single_joint_sine,1,0.3,30
9.5068,-0.419638,0,-0.523599,0,0,0,-0.426,-0.049,-0.471,-0.001,0.329,0.006,0.545,-0.001,-0.001,0.009,-0.003,-0.011,0.271688,0.683944,-0.794981,0.008626,-1.064827,0.001917,single_joint_sine,1,0.3,30
9.5102,-0.417627,0,-0.523599,0,0,0,-0.426,-0.049,-0.471,-0.001,0.329,0.006,0.545,-0.001,-0.001,0.009,0.015,0.003,0.271688,0.683944,-0.794981,0.008626,-1.069619,-0.010543,single_joint_sine,1,0.3,30
9.5136,-0.415595,0,-0.523599,0,0,0,-0.426,-0.049,-0.471,-0.001,0.329,0.006,0.545,0,0,0.003,0.015,-0.04,0.271688,0.686306,-0.798525,-0.014377,-1.069619,0.021086,single_joint_sine,1,0.3,30
9.517,-0.413547,0,-0.523599,0,0,0,-0.421,-0.049,-0.471,-0.001,0.329,0.006,0.635,-0.004,0.002,0.024,0.009,-0.04,0.080325,0.676856,-0.798525,0.013418,-1.071536,0.021086,single_joint_sine,1,0.3,30
9.5204,-0.411449,0,-0.523599,0,0,0,-0.421,-0.049,-0.471,-0.001,0.329,0.006,0.635,-0.004,0.002,0.024,0.009,0.026,0.080325,0.676856,-0.798525,0.013418,-1.071536,-0.006709,single_joint_sine,1,0.3,30
9.5238,-0.409365,0,-0.523599,0,0,0,-0.417,-0.049,-0.471,-0.001,0.329,0.006,0.568,-0.004,0.002,0.024,0.003,0.026,0.314213,0.676856,-0.798525,0.013418,-1.067702,-0.006709,single_joint_sine,1,0.3,30
9.5272,-0.407266,0,-0.523599,0,0,0,-0.417,-0.049,-0.471,-0.001,0.329,0.006,0.568,0,-0.004,0,0.003,0.005,0.314213,0.669769,-0.797344,0.024919,-1.067702,-0.001917,single_joint_sine,1,0.3,30
9.5306,-0.40513,0,-0.523599,0,0,0,-0.417,-0.049,-0.471,-0.001,0.329,0.006,0.568,0,-0.004,0,0.003,0.005,0.314213,0.669769,-0.797344,0.024919,-1.067702,-0.001917,single_joint_sine,1,0.3,30
9.5343,-0.4028,0,-0.523599,0,0,0,-0.413,-0.049,-0.471,-0.001,0.329,0.006,0.622,0.002,-0.005,-0.009,0.001,-0.007,0.183094,0.685125,-0.796162,0.021086,-1.060993,0.001917,single_joint_sine,1,0.3,30
9.5377,-0.400649,0,-0.523599,0,0,0,-0.409,-0.049,-0.471,-0.001,0.329,0.006,0.595,0.002,-0.001,-0.005,-0.021,-0.007,0.3024,0.685125,-0.7938,0.023961,-1.060993,0.001917,single_joint_sine,1,0.3,30
9.5412,-0.398448,0,-0.523599,0,0,0,-0.405,-0.049,-0.471,-0.001,0.329,0.006,0.622,-0.001,-0.001,-0.005,-0.021,-0.007,0.251606,0.681581,-0.7938,0.023961,-1.060993,0.001917,single_joint_sine,1,0.3,30
9.5451,-0.395906,0,-0.523599,0,0,0,-0.405,-0.049,-0.471,-0.001,0.329,0.006,0.622,-0.001,-0.001,-0.005,0,-0.007,0.251606,0.681581,-0.7938,0.023961,-1.060035,0.001917,single_joint_sine,1,0.3,30
9.5485,-0.393703,0,-0.523599,0,0,0,-0.405,-0.049,-0.471,-0.001,0.329,0.006,0.622,0.002,-0.001,-0.001,0,-0.003,0.251606,0.666225,-0.794981,0.029712,-1.060035,0.005751,single_joint_sine,1,0.3,30
9.5519,-0.391508,0,-0.523599,0,0,0,-0.4,-0.049,-0.471,-0.001,0.329,0.006,0.681,0,0.001,0.015,0,-0.003,0.106312,0.678037,-0.800887,0.024919,-1.060035,0.005751,single_joint_sine,1,0.3,30
9.5554,-0.389224,0,-0.523599,0,0,0,-0.4,-0.049,-0.471,-0.001,0.329,0.006,0.681,0,0.001,0.015,-0.007,0.021,0.106312,0.678037,-0.800887,0.024919,-1.061952,-0.044088,single_joint_sine,1,0.3,30
9.5588,-0.386973,0,-0.523599,0,0,0,-0.396,-0.049,-0.471,-0.001,0.329,0.006,0.621,0,0.001,0.015,-0.009,0.021,0.357919,0.678037,-0.800887,0.024919,-1.064827,-0.044088,single_joint_sine,1,0.3,30
9.5622,-0.38471,0,-0.523599,0,0,0,-0.396,-0.049,-0.471,-0.001,0.329,0.007,0.621,-0.001,0.002,-0.003,-0.009,-0.015,0.357919,0.668588,-0.800887,0.022044,-1.064827,0.021086,single_joint_sine,1,0.3,30
9.5656,-0.382395,0,-0.523599,0,0,0,-0.396,-0.049,-0.471,-0.001,0.329,0.007,0.621,-0.001,0.002,-0.003,-0.009,-0.015,0.357919,0.668588,-0.800887,0.022044,-1.064827,0.021086,single_joint_sine,1,0.3,30
9.5692,-0.379977,0,-0.523599,0,0,0,-0.391,-0.049,-0.471,-0.001,0.329,0.006,0.652,-0.001,0.001,-0.001,0.001,-0.011,0.224437,0.676856,-0.800887,0.031629,-1.070577,0.002875,single_joint_sine,1,0.3,30
9.5726,-0.377662,0,-0.523599,0,0,0,-0.386,-0.049,-0.471,-0.001,0.329,0.006,0.662,-0.001,0,-0.003,0.007,-0.011,0.249244,0.676856,-0.797344,0.017252,-1.071536,0.002875,single_joint_sine,1,0.3,30
9.576,-0.375336,0,-0.523599,0,0,0,-0.386,-0.049,-0.471,-0.001,0.329,0.006,0.662,-0.001,0,-0.003,0.007,-0.011,0.249244,0.676856,-0.797344,0.017252,-1.071536,0.002875,single_joint_sine,1,0.3,30
9.5796,-0.372853,0,-0.523599,0,0,0,-0.382,-0.049,-0.471,-0.001,0.329,0.007,0.674,0,0,-0.003,0.001,0.032,0.232706,0.674494,-0.797344,0.017252,-1.06291,-0.003834,single_joint_sine,1,0.3,30
9.583,-0.370492,0,-0.523599,0,0,0,-0.382,-0.049,-0.471,-0.001,0.329,0.007,0.674,0,-0.001,-0.001,0.001,-0.028,0.232706,0.686306,-0.791437,0.022044,-1.06291,0.025878,single_joint_sine,1,0.3,30
9.5864,-0.368119,0,-0.523599,0,0,0,-0.377,-0.049,-0.471,-0.001,0.329,0.007,0.715,-0.002,0.003,-0.001,0.001,-0.028,0.196087,0.682762,-0.797344,0.023961,-1.06291,0.025878,single_joint_sine,1,0.3,30
9.5903,-0.365352,0,-0.523599,0,0,0,-0.377,-0.049,-0.471,-0.001,0.329,0.006,0.715,-0.002,0.003,-0.001,-0.011,-0.034,0.196087,0.682762,-0.797344,0.023961,-1.064827,0.011501,single_joint_sine,1,0.3,30
9.5937,-0.362941,0,-0.523599,0,0,0,-0.372,-0.049,-0.471,-0.001,0.329,0.006,0.693,-0.002,0.003,-0.001,0.003,-0.034,0.227981,0.682762,-0.797344,0.023961,-1.071536,0.011501,single_joint_sine,1,0.3,30
9.5971,-0.360516,0,-0.523599,0,0,0,-0.372,-0.049,-0.471,-0.001,0.329,0.006,0.693,0,0,0.003,0.003,-0.009,0.227981,0.6804,-0.7938,0.016293,-1.071536,-0.004792,single_joint_sine,1,0.3,30
9.6005,-0.358042,0,-0.523599,0,0,0,-0.372,-0.049,-0.471,-0.001,0.329,0.006,0.693,0,0,0.003,0.003,-0.009,0.227981,0.6804,-0.7938,0.016293,-1.071536,-0.004792,single_joint_sine,1,0.3,30
9.6044,-0.355285,0,-0.523599,0,0,0,-0.367,-0.049,-0.471,-0.001,0.329,0.007,0.699,0.001,-0.001,0,0.007,0.026,0.244519,0.674494,-0.804431,0.028753,-1.069619,-0.005751,single_joint_sine,1,0.3,30
9.6078,-0.352812,0,-0.523599,0,0,0,-0.362,-0.049,-0.471,-0.001,0.329,0.007,0.729,0.001,0.004,0.017,0,0.026,0.142931,0.674494,-0.802069,0.024919,-1.055242,-0.005751,single_joint_sine,1,0.3,30
9.6111,-0.350332,0,-0.523599,0,0,0,-0.362,-0.049,-0.471,-0.001,0.329,0.007,0.729,0.001,0.004,0.017,0,0.026,0.142931,0.674494,-0.802069,0.024919,-1.055242,-0.005751,single_joint_sine,1,0.3,30
9.6149,-0.347583,0,-0.523599,0,0,0,-0.357,-0.049,-0.471,-0.001,0.329,0.006,0.717,0,0.004,0.017,-0.007,-0.009,0.298856,0.669769,-0.802069,0.024919,-1.061952,-0.004792,single_joint_sine,1,0.3,30
9.6183,-0.345069,0,-0.523599,0,0,0,-0.357,-0.049,-0.471,-0.001,0.329,0.006,0.717,-0.001,0,-0.028,-0.007,-0.011,0.298856,0.676856,-0.796162,0.044088,-1.061952,0.000958,single_joint_sine,1,0.3,30
9.6217,-0.342529,0,-0.523599,0,0,0,-0.351,-0.049,-0.471,-0.001,0.329,0.006,0.766,0.001,-0.001,-0.028,-0.007,-0.011,0.129938,0.682762,-0.797344,0.044088,-1.061952,0.000958,single_joint_sine,1,0.3,30
9.6253,-0.339856,0,-0.523599,0,0,0,-0.351,-0.049,-0.471,-0.001,0.329,0.006,0.766,0.001,-0.001,-0.001,-0.009,-0.007,0.129938,0.682762,-0.797344,0.037379,-1.065785,-0.001917,single_joint_sine,1,0.3,30
9.6287,-0.337296,0,-0.523599,0,0,0,-0.346,-0.049,-0.471,-0.001,0.329,0.006,0.712,0.001,-0.001,-0.001,0.003,-0.007,0.305944,0.682762,-0.797344,0.037379,-1.073453,-0.001917,single_joint_sine,1,0.3,30
9.6321,-0.334724,0,-0.523599,0,0,0,-0.346,-0.049,-0.471,-0.001,0.329,0.006,0.712,0,0,-0.001,0.003,-0.023,0.305944,0.683944,-0.798525,0.03067,-1.073453,-0.001917,single_joint_sine,1,0.3,30
9.6355,-0.332085,0,-0.523599,0,0,0,-0.346,-0.049,-0.471,-0.001,0.329,0.006,0.712,0,0,-0.001,0.003,-0.023,0.305944,0.683944,-0.798525,0.03067,-1.073453,-0.001917,single_joint_sine,1,0.3,30
9.6394,-0.329146,0,-0.523599,0,0,0,-0.341,-0.049,-0.471,-0.001,0.329,0.006,0.808,0.002,-0.005,-0.003,0,-0.009,0.059062,0.675675,-0.796162,0.034504,-1.065785,0,single_joint_sine,1,0.3,30
9.6428,-0.32653,0,-0.523599,0,0,0,-0.336,-0.049,-0.471,-0.001,0.329,0.006,0.731,0.002,-0.001,-0.009,-0.001,-0.009,0.320119,0.675675,-0.804431,0.037379,-1.066744,0,single_joint_sine,1,0.3,30
9.6462,-0.323901,0,-0.523599,0,0,0,-0.336,-0.049,-0.471,-0.001,0.329,0.006,0.731,0.002,-0.001,-0.009,-0.001,-0.009,0.320119,0.675675,-0.804431,0.037379,-1.066744,0,single_joint_sine,1,0.3,30
9.6497,-0.321112,0,-0.523599,0,0,0,-0.33,-0.049,-0.471,-0.001,0.329,0.006,0.804,0,-0.001,-0.009,-0.001,0.003,0.115762,0.676856,-0.804431,0.037379,-1.091663,-0.004792,single_joint_sine,1,0.3,30
9.6531,-0.318456,0,-0.523599,0,0,0,-0.33,-0.049,-0.471,-0.001,0.329,0.006,0.804,0,0,-0.001,-0.001,0.013,0.115762,0.674494,-0.804431,0.022044,-1.091663,-0.002875,single_joint_sine,1,0.3,30
9.6565,-0.315785,0,-0.523599,0,0,0,-0.325,-0.049,-0.471,-0.001,0.329,0.006,0.73,0.004,-0.007,-0.001,-0.001,0.013,0.3024,0.673312,-0.796162,0.022044,-1.091663,-0.002875,single_joint_sine,1,0.3,30
9.6602,-0.312888,0,-0.523599,0,0,0,-0.325,-0.049,-0.471,-0.001,0.329,0.007,0.73,0.004,-0.007,0,0.011,0.023,0.3024,0.673312,-0.796162,0.022044,-1.071536,0,single_joint_sine,1,0.3,30
9.6636,-0.310191,0,-0.523599,0,0,0,-0.319,-0.049,-0.471,-0.001,0.329,0.007,0.814,0.004,-0.007,0,-0.007,0.023,0.153562,0.673312,-0.796162,0.022044,-1.058118,0,single_joint_sine,1,0.3,30
9.667,-0.307482,0,-0.523599,0,0,0,-0.319,-0.049,-0.471,-0.001,0.329,0.007,0.814,-0.004,-0.002,0.009,-0.007,0.023,0.153562,0.679219,-0.80325,0.026836,-1.058118,0,single_joint_sine,1,0.3,30
9.6704,-0.304749,0,-0.523599,0,0,0,-0.319,-0.049,-0.471,-0.001,0.329,0.006,0.814,-0.004,-0.002,0.009,-0.007,-0.015,0.153562,0.679219,-0.80325,0.026836,-1.058118,-0.000958,single_joint_sine,1,0.3,30
9.6738,-0.302014,0,-0.523599,0,0,0,-0.314,-0.049,-0.471,-0.001,0.329,0.006,0.758,-0.005,0.003,0.003,-0.036,-0.013,0.309487,0.681581,-0.798525,0.031629,-1.05045,0.024919,single_joint_sine,1,0.3,30
9.6772,-0.299268,0,-0.523599,0,0,0,-0.308,-0.049,-0.471,-0.001,0.329,0.006,0.787,-0.005,-0.002,0.015,-0.007,-0.013,0.287044,0.681581,-0.800887,0.024919,-1.065785,0.024919,single_joint_sine,1,0.3,30
9.6807,-0.296444,0,-0.523599,0,0,0,-0.308,-0.049,-0.471,-0.001,0.329,0.006,0.787,-0.005,-0.002,0.015,-0.007,-0.013,0.287044,0.681581,-0.800887,0.024919,-1.065785,0.024919,single_joint_sine,1,0.3,30
9.6843,-0.29348,0,-0.523599,0,0,0,-0.303,-0.049,-0.471,-0.001,0.329,0.006,0.794,-0.002,-0.002,0.015,0.015,0.015,0.294131,0.6804,-0.800887,0.024919,-1.076328,0.138974,single_joint_sine,1,0.3,30
9.6877,-0.290696,0,-0.523599,0,0,0,-0.303,-0.049,-0.471,-0.001,0.329,0.006,0.794,0,0,0.011,0.015,0.001,0.294131,0.678037,-0.798525,0.023961,-1.076328,-0.010543,single_joint_sine,1,0.3,30
9.6911,-0.287907,0,-0.523599,0,0,0,-0.303,-0.049,-0.471,-0.001,0.329,0.006,0.794,0,0,0.011,0.015,0.001,0.294131,0.678037,-0.798525,0.023961,-1.076328,-0.010543,single_joint_sine,1,0.3,30
9.6949,-0.284778,0,-0.523599,0,0,0,-0.297,-0.049,-0.471,-0.001,0.329,0.006,0.78,-0.003,0.002,-0.024,0.011,0.023,0.3024,0.6804,-0.800887,0.036421,-1.065785,-0.01821,single_joint_sine,1,0.3,30
9.6983,-0.281957,0,-0.523599,0,0,0,-0.291,-0.049,-0.471,-0.001,0.329,0.006,0.832,-0.003,0.002,-0.024,-0.013,0.023,0.249244,0.6804,-0.800887,0.036421,-1.057159,-0.01821,single_joint_sine,1,0.3,30
9.7017,-0.279132,0,-0.523599,0,0,0,-0.291,-0.049,-0.471,-0.001,0.329,0.006,0.832,0,0.002,-0.024,-0.013,0.023,0.249244,0.683944,-0.800887,0.036421,-1.057159,-0.01821,single_joint_sine,1,0.3,30
9.7056,-0.27589,0,-0.523599,0,0,0,-0.291,-0.049,-0.471,-0.001,0.329,0.006,0.832,0,0,0.007,-0.013,0.007,0.249244,0.683944,-0.791437,0.067091,-1.057159,0.014377,single_joint_sine,1,0.3,30
9.709,-0.273005,0,-0.523599,0,0,0,-0.286,-0.049,-0.471,-0.001,0.329,0.006,0.792,0,-0.007,-0.011,0.001,-0.021,0.301219,0.675675,-0.796162,0.027795,-1.066744,0.01821,single_joint_sine,1,0.3,30
9.7124,-0.270137,0,-0.523599,0,0,0,-0.28,-0.049,-0.471,-0.001,0.329,0.006,0.861,0,-0.007,0,0.001,-0.021,0.181913,0.675675,-0.796162,0.039296,-1.070577,0.01821,single_joint_sine,1,0.3,30
9.7159,-0.267207,0,-0.523599,0,0,0,-0.28,-0.049,-0.471,-0.001,0.329,0.006,0.861,0,-0.007,0,0.001,-0.021,0.181913,0.675675,-0.796162,0.039296,-1.070577,0.01821,single_joint_sine,1,0.3,30
9.7194,-0.264247,0,-0.523599,0,0,0,-0.274,-0.049,-0.471,-0.001,0.329,0.006,0.826,0,-0.003,0,0,-0.003,0.25515,0.686306,-0.791437,0.039296,-1.066744,-0.001917,single_joint_sine,1,0.3,30
9.7228,-0.261346,0,-0.523599,0,0,0,-0.274,-0.049,-0.471,-0.001,0.329,0.006,0.826,0,-0.005,-0.007,0,0.009,0.25515,0.687487,-0.8127,0.01246,-1.066744,0.005751,single_joint_sine,1,0.3,30
9.7262,-0.258391,0,-0.523599,0,0,0,-0.274,-0.049,-0.471,-0.001,0.329,0.006,0.826,0,-0.005,-0.007,0,0.009,0.25515,0.687487,-0.8127,0.01246,-1.066744,0.005751,single_joint_sine,1,0.3,30
9.7298,-0.255268,0,-0.523599,0,0,0,-0.268,-0.049,-0.471,-0.001,0.329,0.006,0.852,-0.001,0,0.019,0.005,0.015,0.268144,0.678037,-0.804431,0.027795,-1.065785,-0.005751,single_joint_sine,1,0.3,30
9.7332,-0.252334,0,-0.523599,0,0,0,-0.262,-0.049,-0.471,-0.001,0.329,0.006,0.861,-0.001,0,0.019,-0.013,0.015,0.157106,0.678037,-0.804431,0.027795,-1.065785,-0.005751,single_joint_sine,1,0.3,30
9.7366,-0.24939,0,-0.523599,0,0,0,-0.262,-0.049,-0.471,-0.001,0.329,0.006,0.861,0.001,0.002,0.001,-0.013,0.015,0.157106,0.676856,-0.792619,0.029712,-1.065785,-0.005751,single_joint_sine,1,0.3,30
9.7403,-0.246234,0,-0.523599,0,0,0,-0.262,-0.049,-0.471,-0.001,0.329,0.006,0.861,0.001,0.002,0.001,0,-0.013,0.157106,0.676856,-0.792619,0.029712,-1.066744,-0.014377,single_joint_sine,1,0.3,30
9.7437,-0.243268,0,-0.523599,0,0,0,-0.256,-0.049,-0.471,-0.001,0.329,0.006,0.844,0.001,0,0.007,0,0.001,0.29295,0.6804,-0.797344,0.004792,-1.066744,0.002875,single_joint_sine,1,0.3,30
9.7471,-0.240293,0,-0.523599,0,0,0,-0.25,-0.049,-0.471,-0.001,0.329,0.006,0.891,0.001,0.002,0.013,0,0.001,0.180731,0.6804,-0.791437,-0.013418,-1.067702,0.002875,single_joint_sine,1,0.3,30
9.7505,-0.237253,0,-0.523599,0,0,0,-0.25,-0.049,-0.471,-0.001,0.329,0.006,0.891,0.001,0.002,0.013,0,0.001,0.180731,0.6804,-0.791437,-0.013418,-1.067702,0.002875,single_joint_sine,1,0.3,30
9.7541,-0.234125,0,-0.523599,0,0,0,-0.244,-0.049,-0.471,-0.001,0.329,0.006,0.863,0,0.002,0.013,-0.001,0.003,0.246881,0.6804,-0.791437,-0.013418,-1.058118,0.007668,single_joint_sine,1,0.3,30
9.7575,-0.23112,0,-0.523599,0,0,0,-0.244,-0.049,-0.471,-0.001,0.329,0.006,0.863,0.001,0.001,0.074,-0.001,-0.017,0.246881,0.675675,-0.797344,-0.027795,-1.058118,0.005751,single_joint_sine,1,0.3,30
9.7609,-0.228103,0,-0.523599,0,0,0,-0.244,-0.049,-0.471,-0.001,0.329,0.006,0.863,0.001,0.001,0.074,-0.001,-0.017,0.246881,0.675675,-0.797344,-0.027795,-1.058118,0.005751,single_joint_sine,1,0.3,30
9.7644,-0.224945,0,-0.523599,0,0,0,-0.237,-0.049,-0.471,0,0.329,0.006,0.893,-0.001,0.004,0.049,0,-0.005,0.200812,0.678037,-0.7938,0.03067,-1.065785,-0.000958,single_joint_sine,1,0.3,30
9.7678,-0.221912,0,-0.523599,0,0,0,-0.231,-0.049,-0.471,0,0.329,0.006,0.872,-0.001,0.004,-0.032,-0.003,-0.005,0.262237,0.678037,-0.7938,0.056548,-1.064827,-0.000958,single_joint_sine,1,0.3,30
9.7712,-0.218876,0,-0.523599,0,0,0,-0.231,-0.049,-0.471,0,0.329,0.006,0.872,-0.001,0.004,-0.032,-0.003,-0.005,0.262237,0.678037,-0.7938,0.056548,-1.064827,-0.000958,single_joint_sine,1,0.3,30
9.7749,-0.21557,0,-0.523599,0,0,0,-0.231,-0.049,-0.471,0,0.329,0.006,0.872,0,-0.002,-0.032,-0.003,0.015,0.262237,0.67095,-0.789075,0.056548,-1.068661,0.004792,single_joint_sine,1,0.3,30
9.7783,-0.212509,0,-0.523599,0,0,0,-0.225,-0.049,-0.471,-0.001,0.329,0.006,0.92,-0.001,0.002,-0.042,-0.003,0.023,0.174825,0.674494,-0.799706,0.069008,-1.068661,-0.001917,single_joint_sine,1,0.3,30
9.7817,-0.209438,0,-0.523599,0,0,0,-0.219,-0.049,-0.471,-0.001,0.329,0.006,0.876,-0.001,0,-0.015,-0.003,0.023,0.342562,0.674494,-0.792619,0.031629,-1.068661,-0.001917,single_joint_sine,1,0.3,30
9.7854,-0.206117,0,-0.523599,0,0,0,-0.219,-0.049,-0.471,-0.001,0.329,0.006,0.876,-0.001,0,-0.015,-0.003,0.023,0.342562,0.674494,-0.792619,0.031629,-1.071536,-0.001917,single_joint_sine,1,0.3,30
9.7888,-0.203028,0,-0.523599,0,0,0,-0.212,-0.049,-0.471,-0.001,0.329,0.006,0.919,0,0,-0.015,0.034,0.013,0.199631,0.683944,-0.792619,0.031629,-1.109874,-0.004792,single_joint_sine,1,0.3,30
9.7922,-0.199929,0,-0.523599,0,0,0,-0.212,-0.049,-0.471,-0.001,0.329,0.006,0.919,0,0.002,0,0.034,0.011,0.199631,0.674494,-0.7938,0.027795,-1.109874,0.014377,single_joint_sine,1,0.3,30
9.7957,-0.196714,0,-0.523599,0,0,0,-0.206,-0.049,-0.471,-0.001,0.329,0.006,0.864,-0.002,0.002,0,0.034,0.011,0.388631,0.688669,-0.7938,0.027795,-1.109874,0.014377,single_joint_sine,1,0.3,30
9.7999,-0.192871,0,-0.523599,0,0,0,-0.206,-0.049,-0.471,-0.001,0.329,0.006,0.864,-0.002,-0.002,-0.005,0.042,-0.015,0.388631,0.688669,-0.794981,0.006709,-1.083996,-0.002875,single_joint_sine,1,0.3,30
9.8033,-0.189749,0,-0.523599,0,0,0,-0.2,-0.049,-0.471,-0.001,0.329,0.006,0.948,-0.002,-0.002,0.024,-0.028,-0.015,0.203175,0.688669,-0.794981,0.023961,-1.038949,-0.002875,single_joint_sine,1,0.3,30
9.8067,-0.186618,0,-0.523599,0,0,0,-0.2,-0.049,-0.471,-0.001,0.329,0.006,0.948,0,0.001,0.024,-0.028,-0.015,0.203175,0.679219,-0.80325,0.023961,-1.038949,-0.002875,single_joint_sine,1,0.3,30
9.8106,-0.183015,0,-0.523599,0,0,0,-0.2,-0.049,-0.471,-0.001,0.329,0.006,0.948,0,0.001,0.024,-0.005,0.021,0.203175,0.679219,-0.80325,0.023961,-1.055242,-0.045047,single_joint_sine,1,0.3,30
9.8142,-0.179662,0,-0.523599,0,0,0,-0.193,-0.049,-0.471,-0.001,0.329,0.007,0.909,-0.002,0.003,-0.001,-0.005,0.078,0.284681,0.683944,-0.796162,0.034504,-1.055242,0.000958,single_joint_sine,1,0.3,30
9.8176,-0.176506,0,-0.523599,0,0,0,-0.187,-0.049,-0.471,-0.001,0.329,0.007,0.916,-0.002,0,0.042,0.005,0.078,0.276412,0.683944,-0.796162,0.005751,-1.074411,0.000958,single_joint_sine,1,0.3,30
9.821,-0.173341,0,-0.523599,0,0,0,-0.187,-0.049,-0.471,-0.001,0.329,0.007,0.916,-0.002,0,0.042,0.005,0.078,0.276412,0.683944,-0.796162,0.005751,-1.074411,0.000958,single_joint_sine,1,0.3,30
9.8246,-0.17001,0,-0.523599,0,0,0,-0.18,-0.049,-0.471,-0.001,0.329,0.007,0.932,-0.001,0,0.042,-0.011,-0.069,0.190181,0.687487,-0.796162,0.005751,-1.059076,0.041213,single_joint_sine,1,0.3,30
9.828,-0.166833,0,-0.523599,0,0,0,-0.18,-0.049,-0.471,-0.001,0.329,0.007,0.932,0,-0.002,-0.023,-0.011,0.001,0.190181,0.678037,-0.798525,0.031629,-1.059076,-0.002875,single_joint_sine,1,0.3,30
9.8314,-0.163658,0,-0.523599,0,0,0,-0.174,-0.049,-0.471,-0.001,0.329,0.007,0.916,0,-0.002,-0.023,-0.011,0.001,0.268144,0.669769,-0.798525,0.031629,-1.059076,-0.002875,single_joint_sine,1,0.3,30
9.8352,-0.160086,0,-0.523599,0,0,0,-0.174,-0.049,-0.471,-0.001,0.329,0.006,0.916,0,-0.005,0.007,-0.003,0.009,0.268144,0.669769,-0.797344,0.020127,-1.064827,-0.007668,single_joint_sine,1,0.3,30
9.8386,-0.156886,0,-0.523599,0,0,0,-0.167,-0.049,-0.471,-0.001,0.329,0.006,0.959,0,-0.005,0,-0.003,0.009,0.197269,0.669769,-0.797344,0.054631,-1.065785,-0.007668,single_joint_sine,1,0.3,30
9.842,-0.153682,0,-0.523599,0,0,0,-0.167,-0.049,-0.471,-0.001,0.329,0.006,0.959,0.002,0.005,0,0.001,0.009,0.197269,0.688669,-0.80325,0.054631,-1.059076,-0.007668,single_joint_sine,1,0.3,30
9.8454,-0.150448,0,-0.523599,0,0,0,-0.167,-0.049,-0.471,-0.001,0.329,0.007,0.959,0.002,0.005,0,0.001,0.013,0.197269,0.688669,-0.80325,0.054631,-1.059076,0.002875,single_joint_sine,1,0.3,30
9.8493,-0.146782,0,-0.523599,0,0,0,-0.161,-0.049,-0.471,-0.001,0.329,0.007,0.943,0,0,-0.001,0.001,-0.003,0.213806,0.673312,-0.798525,0.019169,-1.059076,0.001917,single_joint_sine,1,0.3,30
9.8527,-0.143558,0,-0.523599,0,0,0,-0.154,-0.049,-0.471,-0.001,0.329,0.007,0.971,0,0.002,-0.017,0.021,-0.003,0.174825,0.673312,-0.800887,0.032587,-1.060993,0.001917,single_joint_sine,1,0.3,30
9.8561,-0.140336,0,-0.523599,0,0,0,-0.154,-0.049,-0.471,-0.001,0.329,0.007,0.971,0,0.002,-0.017,0.021,-0.003,0.174825,0.673312,-0.800887,0.032587,-1.060993,0.001917,single_joint_sine,1,0.3,30
9.8596,-0.136933,0,-0.523599,0,0,0,-0.147,-0.049,-0.471,-0.001,0.329,0.006,0.911,0,0.002,-0.017,0.009,-0.015,0.334294,0.673312,-0.800887,0.032587,-1.076328,-0.006709,single_joint_sine,1,0.3,30
9.863,-0.133693,0,-0.523599,0,0,0,-0.147,-0.049,-0.471,-0.001,0.329,0.007,0.911,-0.002,0.004,-0.009,0.009,0.021,0.334294,0.686306,-0.798525,0.03067,-1.076328,0,single_joint_sine,1,0.3,30
9.8665,-0.130398,0,-0.523599,0,0,0,-0.141,-0.049,-0.471,-0.001,0.329,0.007,0.984,0,0,-0.009,0.009,0.021,0.139387,0.666225,-0.797344,0.03067,-1.076328,0,single_joint_sine,1,0.3,30
9.87,-0.127042,0,-0.523599,0,0,0,-0.141,-0.049,-0.471,-0.001,0.329,0.007,0.984,0,0,-0.005,0.003,0.023,0.139387,0.666225,-0.797344,0.020127,-1.069619,-0.000958,single_joint_sine,1,0.3,30
9.8734,-0.12378,0,-0.523599,0,0,0,-0.134,-0.049,-0.471,-0.001,0.329,0.007,0.934,0,0,0,0.001,0.023,0.279956,0.666225,-0.797344,0.019169,-1.055242,-0.000958,single_joint_sine,1,0.3,30
9.8768,-0.120518,0,-0.523599,0,0,0,-0.134,-0.049,-0.471,-0.001,0.329,0.007,0.934,0,0,0,0.001,0.023,0.279956,0.673312,-0.797344,0.019169,-1.055242,-0.000958,single_joint_sine,1,0.3,30
9.8803,-0.117154,0,-0.523599,0,0,0,-0.134,-0.049,-0.471,-0.001,0.329,0.006,0.934,0,0,0,-0.021,-0.032,0.279956,0.673312,-0.799706,0.019169,-1.055242,0.01246,single_joint_sine,1,0.3,30
9.8837,-0.113883,0,-0.523599,0,0,0,-0.127,-0.049,-0.471,-0.001,0.329,0.006,0.939,0,0,0,-0.021,0.009,0.326025,0.683944,-0.794981,0.021086,-1.055242,-0.008626,single_joint_sine,1,0.3,30
9.8871,-0.110607,0,-0.523599,0,0,0,-0.121,-0.049,-0.471,-0.001,0.329,0.006,1.005,0,0.002,0.038,0,0.009,0.115762,0.683944,-0.790256,0.032587,-1.101248,-0.008626,single_joint_sine,1,0.3,30
9.8905,-0.107263,0,-0.523599,0,0,0,-0.121,-0.049,-0.471,-0.001,0.329,0.006,1.005,0,0.002,0.038,0,0.009,0.115762,0.683944,-0.790256,0.032587,-1.101248,-0.008626,single_joint_sine,1,0.3,30
9.8945,-0.103483,0,-0.523599,0,0,0,-0.114,-0.049,-0.471,-0.001,0.329,0.006,0.931,0,0.002,0.038,0.024,-0.013,0.337837,0.683944,-0.790256,0.032587,-1.079203,-0.013418,single_joint_sine,1,0.3,30
9.8979,-0.100192,0,-0.523599,0,0,0,-0.114,-0.049,-0.471,-0.001,0.329,0.007,0.931,0.007,-0.004,-0.001,0.024,0.017,0.337837,0.683944,-0.790256,0.034504,-1.079203,-0.016293,single_joint_sine,1,0.3,30
9.9012,-0.096905,0,-0.523599,0,0,0,-0.107,-0.049,-0.471,-0.001,0.329,0.007,0.973,0.007,-0.004,-0.001,0.024,0.017,0.222075,0.683944,-0.790256,0.034504,-1.079203,-0.016293,single_joint_sine,1,0.3,30
9.9048,-0.093417,0,-0.523599,0,0,0,-0.107,-0.049,-0.471,-0.001,0.329,0.006,0.973,0,0,0.011,0.015,-0.017,0.222075,0.681581,-0.804431,0.01821,-1.059076,0.03067,single_joint_sine,1,0.3,30
9.9082,-0.090115,0,-0.523599,0,0,0,-0.1,-0.049,-0.471,-0.001,0.329,0.006,0.97,0,0,-0.005,-0.036,-0.017,0.242156,0.681581,-0.804431,0.019169,-1.042783,0.03067,single_joint_sine,1,0.3,30
9.9116,-0.086816,0,-0.523599,0,0,0,-0.1,-0.049,-0.471,-0.001,0.329,0.006,0.97,0,0,-0.005,-0.036,-0.017,0.242156,0.698119,-0.806794,0.019169,-1.042783,0.03067,single_joint_sine,1,0.3,30
9.9151,-0.083475,0,-0.523599,0,0,0,-0.1,-0.049,-0.471,-0.001,0.329,0.006,0.97,0,0,-0.005,-0.011,-0.009,0.242156,0.698119,-0.806794,0.019169,-1.063868,0.017252,single_joint_sine,1,0.3,30
9.9185,-0.080161,0,-0.523599,0,0,0,-0.093,-0.049,-0.471,-0.001,0.329,0.006,0.968,-0.003,0.003,-0.003,-0.011,-0.009,0.25515,0.679219,-0.802069,0.031629,-1.063868,-0.010543,single_joint_sine,1,0.3,30
9.9219,-0.076845,0,-0.523599,0,0,0,-0.087,-0.049,-0.471,-0.001,0.329,0.006,0.954,-0.003,-0.001,0.003,-0.011,-0.009,0.257512,0.679219,-0.791437,0.019169,-1.063868,-0.010543,single_joint_sine,1,0.3,30
9.9253,-0.073499,0,-0.523599,0,0,0,-0.087,-0.049,-0.471,-0.001,0.329,0.006,0.954,-0.003,-0.001,0.003,-0.001,-0.009,0.257512,0.679219,-0.791437,0.019169,-1.076328,-0.010543,single_joint_sine,1,0.3,30
9.9287,-0.070176,0,-0.523599,0,0,0,-0.08,-0.049,-0.471,-0.001,0.329,0.006,0.972,-0.002,-0.001,0.003,-0.007,-0.005,0.231525,0.686306,-0.791437,0.019169,-1.068661,-0.004792,single_joint_sine,1,0.3,30
9.9321,-0.066849,0,-0.523599,0,0,0,-0.08,-0.049,-0.471,-0.001,0.329,0.007,0.972,0.002,0.001,-0.007,-0.007,-0.007,0.231525,0.668588,-0.806794,0.029712,-1.068661,-0.000958,single_joint_sine,1,0.3,30
9.9355,-0.063481,0,-0.523599,0,0,0,-0.08,-0.049,-0.471,-0.001,0.329,0.007,0.972,0.002,0.001,-0.007,-0.007,-0.007,0.231525,0.668588,-0.806794,0.029712,-1.068661,-0.000958,single_joint_sine,1,0.3,30
9.9393,-0.059826,0,-0.523599,0,0,0,-0.073,-0.049,-0.471,-0.001,0.329,0.006,0.999,0,-0.001,0.005,-0.005,-0.078,0.191362,0.678037,-0.798525,0.025878,-1.060993,0.013418,single_joint_sine,1,0.3,30
9.9426,-0.056493,0,-0.523599,0,0,0,-0.066,-0.049,-0.471,-0.001,0.329,0.006,0.951,0,-0.001,-0.04,0.001,-0.078,0.342562,0.678037,-0.798525,0.042171,-1.064827,0.013418,single_joint_sine,1,0.3,30
9.946,-0.053155,0,-0.523599,0,0,0,-0.066,-0.049,-0.471,-0.001,0.329,0.006,0.951,0,-0.001,-0.04,0.001,-0.078,0.342562,0.678037,-0.798525,0.042171,-1.064827,0.013418,single_joint_sine,1,0.3,30
9.9498,-0.049457,0,-0.523599,0,0,0,-0.066,-0.049,-0.471,-0.001,0.329,0.006,0.951,-0.004,0.002,-0.04,0.003,0.015,0.342562,0.683944,-0.794981,0.042171,-1.072494,-0.007668,single_joint_sine,1,0.3,30
9.9532,-0.046118,0,-0.523599,0,0,0,-0.059,-0.049,-0.471,-0.001,0.329,0.006,1.008,0,0.005,0.001,0.003,0.015,0.186637,0.683944,-0.791437,0.036421,-1.072494,-0.01821,single_joint_sine,1,0.3,30
9.9566,-0.042782,0,-0.523599,0,0,0,-0.052,-0.049,-0.471,-0.001,0.329,0.006,0.987,0,0,0.001,0.003,0.015,0.21735,0.683944,-0.796162,0.036421,-1.072494,-0.01821,single_joint_sine,1,0.3,30
9.9602,-0.039262,0,-0.523599,0,0,0,-0.052,-0.049,-0.471,-0.001,0.329,0.006,0.987,0,0,0,-0.003,0.015,0.21735,0.683944,-0.796162,0.027795,-1.067702,-0.01821,single_joint_sine,1,0.3,30
9.9636,-0.035916,0,-0.523599,0,0,0,-0.045,-0.049,-0.471,-0.001,0.329,0.006,0.961,0,0,0,-0.019,0.007,0.284681,0.672131,-0.796162,0.027795,-1.067702,-0.009584,single_joint_sine,1,0.3,30
9.967,-0.032577,0,-0.523599,0,0,0,-0.045,-0.049,-0.471,-0.001,0.329,0.006,0.961,-0.001,0.005,0.005,-0.019,0.007,0.284681,0.6804,-0.794981,0.022044,-1.067702,-0.009584,single_joint_sine,1,0.3,30
9.9704,-0.029178,0,-0.523599,0,0,0,-0.045,-0.049,-0.471,-0.001,0.329,0.006,0.961,-0.001,0.005,0.005,-0.019,-0.001,0.284681,0.6804,-0.794981,0.022044,-1.067702,0.003834,single_joint_sine,1,0.3,30
9.9738,-0.025811,0,-0.523599,0,0,0,-0.038,-0.049,-0.471,-0.001,0.329,0.006,1.015,0,0,0,0,-0.021,0.183094,0.674494,-0.791437,0.022044,-1.064827,-0.002875,single_joint_sine,1,0.3,30
9.9772,-0.022461,0,-0.523599,0,0,0,-0.032,-0.049,-0.471,-0.001,0.329,0.006,0.971,0,0,-0.003,-0.017,-0.021,0.256331,0.674494,-0.791437,0.033545,-1.067702,-0.002875,single_joint_sine,1,0.3,30
9.9807,-0.019049,0,-0.523599,0,0,0,-0.032,-0.049,-0.471,-0.001,0.329,0.006,0.971,0,0,-0.003,-0.017,-0.021,0.256331,0.674494,-0.791437,0.033545,-1.067702,-0.002875,single_joint_sine,1,0.3,30
9.9843,-0.015457,0,-0.523599,0,0,0,-0.032,-0.049,-0.471,-0.001,0.329,0.006,0.971,0,0,-0.003,-0.001,-0.001,0.256331,0.687487,-0.799706,0.033545,-1.061952,-0.002875,single_joint_sine,1,0.3,30
9.9877,-0.012102,0,-0.523599,0,0,0,-0.025,-0.049,-0.471,-0.001,0.329,0.006,1.003,-0.002,0.004,-0.001,-0.001,0.003,0.194906,0.681581,-0.799706,0.027795,-1.061952,-0.004792,single_joint_sine,1,0.3,30
9.9912,-0.008728,0,-0.523599,0,0,0,-0.025,-0.049,-0.471,-0.001,0.329,0.006,1.003,-0.002,0.004,-0.001,-0.001,0.003,0.194906,0.681581,-0.799706,0.027795,-1.061952,-0.004792,single_joint_sine,1,0.3,30
9.9947,-0.005183,0,-0.523599,0,0,0,-0.018,-0.049,-0.471,-0.001,0.329,0.006,0.962,-0.002,0.002,0,0.019,0.003,0.288225,0.681581,-0.80325,0.027795,-1.069619,-0.004792,single_joint_sine,1,0.3,30
9.9981,-0.001829,0,-0.523599,0,0,0,-0.011,-0.049,-0.471,-0.001,0.329,0.006,1.004,-0.001,0.002,0,-0.042,-0.017,0.201994,0.679219,-0.80325,0.027795,-1.049492,0.006709,single_joint_sine,1,0.3,30
