time_s,tau_cmd_j1,tau_cmd_j2,tau_cmd_j3,tau_cmd_j4,tau_cmd_j5,tau_cmd_j6
0.0036536213010549545,-6.288372600415926e-18,0.6964304828968239,-1.1826847911448402,-0.08496224956539178,-1.073531382693819,-0.039783614773839626
0.015101540833711624,-6.288372600415926e-18,0.6964304828968239,-1.1826847911448402,-0.08496224956539178,-1.073531382693819,-0.039783614773839626
0.023710738867521286,-6.288372600415926e-18,0.6964304828968239,-1.1826847911448402,-0.08496224956539178,-1.073531382693819,-0.039783614773839626
0.035531552508473396,-1.0842021724855044e-18,0.6964290195208248,-1.1826862545208392,-0.0847283162822804,-1.0755506230633247,-0.03981782945065523
0.044829096645116806,5.204170427930421e-18,0.6964706738565382,-1.1826446001851267,-0.08465775767376085,-1.076356225042936,-0.039843234926446675
0.055556656792759895,1.1275702593849246e-17,0.6965512394910681,-1.1825640345505968,-0.08471898262055336,-1.0759545280575948,-0.03983045684531916
0.06431928649544716,-8.673617379884035e-18,0.6966320206633138,-1.1824832533783511,-0.08478017662173376,-1.0755517551178158,-0.0398176409845041
0.0753573477268219,-1.5829351718288365e-17,0.6963358608308426,-1.1826052582383288,-0.08478951702747693,-1.0751467728383066,-0.03980497576157347
0.08591839484870434,-1.5829351718288365e-17,0.6963358608308426,-1.1826052582383288,-0.08478951702747693,-1.0751467728383066,-0.03980497576157347
0.09561173617839813,-8.673617379884035e-18,0.6966320206633138,-1.1824832533783511,-0.08478017662173376,-1.0755517551178158,-0.0398176409845041
0.10699039325118065,-8.673617379884035e-18,0.6966320206633138,-1.1824832533783511,-0.08478017662173376,-1.0755517551178158,-0.0398176409845041
0.11585107631981373,-8.673617379884035e-18,0.6966320206633138,-1.1824832533783511,-0.08478017662173376,-1.0755517551178158,-0.0398176409845041
0.12915820255875587,-1.5829351718288365e-17,0.6963358608308426,-1.1826052582383288,-0.08478951702747693,-1.0751467728383066,-0.03980497576157347
0.13584407232701778,-1.5829351718288365e-17,0.6963358608308426,-1.1826052582383288,-0.08478951702747693,-1.0751467728383066,-0.03980497576157347
0.14582587033510208,-4.336808689942018e-18,0.6963383967181717,-1.1826027223509998,-0.08475751337929834,-1.0751339058142675,-0.03977483015862989
0.15702686458826065,-6.288372600415926e-18,0.6963434616562317,-1.1825976574129398,-0.08469338168959756,-1.0751082050698435,-0.039714419658447575
0.1657668985426426,-6.288372600415926e-18,0.6963434616562317,-1.1825976574129398,-0.08469338168959756,-1.0751082050698435,-0.039714419658447575
0.1765755321830511,-6.288372600415926e-18,0.6963434616562317,-1.1825976574129398,-0.08469338168959756,-1.0751082050698435,-0.039714419658447575
0.18756239116191864,-6.288372600415926e-18,0.6963434616562317,-1.1825976574129398,-0.08469338168959756,-1.0751082050698435,-0.039714419658447575
0.19723630510270596,-6.288372600415926e-18,0.6963434616562317,-1.1825976574129398,-0.08469338168959756,-1.0751082050698435,-0.039714419658447575
0.20996781066060066,-6.288372600415926e-18,0.6963434616562317,-1.1825976574129398,-0.08469338168959756,-1.0751082050698435,-0.039714419658447575
0.21747641824185848,-6.288372600415926e-18,0.6963434616562317,-1.1825976574129398,-0.08469338168959756,-1.0751082050698435,-0.039714419658447575
0.2284916713833809,-6.288372600415926e-18,0.6963434616562317,-1.1825976574129398,-0.08469338168959756,-1.0751082050698435,-0.039714419658447575
0.23792007192969322,-6.288372600415926e-18,0.6963434616562317,-1.1825976574129398,-0.08469338168959756,-1.0751082050698435,-0.039714419658447575
0.24947353638708591,-6.288372600415926e-18,0.6963434616562317,-1.1825976574129398,-0.08469338168959756,-1.0751082050698435,-0.039714419658447575
0.2581951227039099,-6.288372600415926e-18,0.6963434616562317,-1.1825976574129398,-0.08469338168959756,-1.0751082050698435,-0.039714419658447575
0.26837727427482605,-6.288372600415926e-18,0.6963434616562317,-1.1825976574129398,-0.08469338168959756,-1.0751082050698435,-0.039714419658447575
0.28032058477401733,-6.288372600415926e-18,0.6963434616562317,-1.1825976574129398,-0.08469338168959756,-1.0751082050698435,-0.039714419658447575
0.2888362295925617,-6.288372600415926e-18,0.6963434616562317,-1.1825976574129398,-0.08469338168959756,-1.0751082050698435,-0.039714419658447575
0.2993714418262243,-6.288372600415926e-18,0.6963434616562317,-1.1825976574129398,-0.08469338168959756,-1.0751082050698435,-0.039714419658447575
0.3093303255736828,-6.288372600415926e-18,0.6963434616562317,-1.1825976574129398,-0.08469338168959756,-1.0751082050698435,-0.039714419658447575
0.3190749306231737,-6.288372600415926e-18,0.6963434616562317,-1.1825976574129398,-0.08469338168959756,-1.0751082050698435,-0.039714419658447575
0.3296615779399872,-6.288372600415926e-18,0.6963434616562317,-1.1825976574129398,-0.08469338168959756,-1.0751082050698435,-0.039714419658447575
0.3406972549855709,-6.288372600415926e-18,0.6963434616562317,-1.1825976574129398,-0.08469338168959756,-1.0751082050698435,-0.039714419658447575
0.3497027289122343,-6.288372600415926e-18,0.6963434616562317,-1.1825976574129398,-0.08469338168959756,-1.0751082050698435,-0.039714419658447575
0.3601101655513048,-6.288372600415926e-18,0.6963434616562317,-1.1825976574129398,-0.08469338168959756,-1.0751082050698435,-0.039714419658447575
0.3709736466407776,-6.288372600415926e-18,0.6963434616562317,-1.1825976574129398,-0.08469338168959756,-1.0751082050698435,-0.039714419658447575
0.384166719391942,-6.288372600415926e-18,0.6963434616562317,-1.1825976574129398,-0.08469338168959756,-1.0751082050698435,-0.039714419658447575
0.39103204756975174,-1.3877787807814457e-17,0.696345990701898,-1.1825951283672735,-0.08466125371220705,-1.0750953713751592,-0.03968415482161933
0.4007591623812914,-1.3877787807814457e-17,0.696345990701898,-1.1825951283672735,-0.08466125371220705,-1.0750953713751592,-0.03968415482161933
0.41163256019353867,3.686287386450715e-18,0.6963485174619491,-1.1825926016072223,-0.08462908435594657,-1.0750825488159423,-0.03965385030063957
0.4211818929761648,-1.1275702593849246e-17,0.696351041933858,-1.1825900771353135,-0.0845968736529856,-1.0750697374050155,-0.039623506125812814
0.4313496146351099,-9.540979117872439e-18,0.6963560840031539,-1.1825850350660176,-0.08453232833584597,-1.0750441480792652,-0.03956269893603464
0.44158635288476944,-9.540979117872439e-18,0.6963611168896177,-1.1825800021795538,-0.08446761801896936,-1.0750186035002658,-0.03950173349551346
0.4524491410702467,-1.0191500421363742e-17,0.6963636298829948,-1.1825774891861767,-0.08443520106649184,-1.0750058480227356,-0.03947119150740633
0.4624844789505005,-1.734723475976807e-18,0.6963761602508841,-1.1825649588182874,-0.08427249966162326,-1.0749422392646588,-0.039317890111267934
0.4713204335421324,-2.3852447794681098e-18,0.6963786593871201,-1.1825624596820514,-0.08423983627993537,-1.0749295513280108,-0.03928711175554169
0.4809012655168772,6.071532165918825e-18,0.6963861428761385,-1.182554976193033,-0.08414160052101487,-1.0748915553764857,-0.0391945410890219
0.491094920784235,-1.6479873021779667e-17,0.6963911202441379,-1.1825499988250336,-0.08407590566440859,-1.0748662814174426,-0.03913263128722474
0.5014370642602444,-1.6479873021779667e-17,0.6963911202441379,-1.1825499988250336,-0.08407590566440859,-1.0748662814174426,-0.03913263128722474
0.5119564160704613,-1.6479873021779667e-17,0.6963911202441379,-1.1825499988250336,-0.08407590566440859,-1.0748662814174426,-0.03913263128722474
0.5215219911187887,-1.6479873021779667e-17,0.6963911202441379,-1.1825499988250336,-0.08407590566440859,-1.0748662814174426,-0.03913263128722474
0.5344901606440544,-1.6479873021779667e-17,0.6963911202441379,-1.1825499988250336,-0.08407590566440859,-1.0748662814174426,-0.03913263128722474
0.5447229128330946,-1.6479873021779667e-17,0.6963911202441379,-1.1825499988250336,-0.08407590566440859,-1.0748662814174426,-0.03913263128722474
0.553639056161046,-1.6479873021779667e-17,0.6963911202441379,-1.1825499988250336,-0.08407590566440859,-1.0748662814174426,-0.03913263128722474
0.5645484197884798,-1.6479873021779667e-17,0.6963911202441379,-1.1825499988250336,-0.08407590566440859,-1.0748662814174426,-0.03913263128722474
0.5755291804671288,-1.6479873021779667e-17,0.6963911202441379,-1.1825499988250336,-0.08407590566440859,-1.0748662814174426,-0.03913263128722474
0.5859683640301228,-1.6479873021779667e-17,0.6963911202441379,-1.1825499988250336,-0.08407590566440859,-1.0748662814174426,-0.03913263128722474
0.5948110241442919,-1.6479873021779667e-17,0.6963911202441379,-1.1825499988250336,-0.08407590566440859,-1.0748662814174426,-0.03913263128722474
0.6046500727534294,-1.6479873021779667e-17,0.6963911202441379,-1.1825499988250336,-0.08407590566440859,-1.0748662814174426,-0.03913263128722474
0.6158495359122753,-1.6479873021779667e-17,0.6963911202441379,-1.1825499988250336,-0.08407590566440859,-1.0748662814174426,-0.03913263128722474
0.6261415109038353,-1.6479873021779667e-17,0.6963911202441379,-1.1825499988250336,-0.08407590566440859,-1.0748662814174426,-0.03913263128722474
0.6351283453404903,-1.6479873021779667e-17,0.6963911202441379,-1.1825499988250336,-0.08407590566440859,-1.0748662814174426,-0.03913263128722474
0.6447177771478891,-1.6479873021779667e-17,0.6963911202441379,-1.1825499988250336,-0.08407590566440859,-1.0748662814174426,-0.03913263128722474
0.6539280414581299,-1.6479873021779667e-17,0.6963911202441379,-1.1825499988250336,-0.08407590566440859,-1.0748662814174426,-0.03913263128722474
0.665233988314867,-1.6479873021779667e-17,0.6963911202441379,-1.1825499988250336,-0.08407590566440859,-1.0748662814174426,-0.03913263128722474
0.6756255738437176,-1.6479873021779667e-17,0.6963911202441379,-1.1825499988250336,-0.08407590566440859,-1.0748662814174426,-0.03913263128722474
0.689804133027792,-1.6479873021779667e-17,0.6963911202441379,-1.1825499988250336,-0.08407590566440859,-1.0748662814174426,-0.03913263128722474
0.6960915215313435,-1.6479873021779667e-17,0.6963911202441379,-1.1825499988250336,-0.08407590566440859,-1.0748662814174426,-0.03913263128722474
0.7065641023218632,-1.6479873021779667e-17,0.6963911202441379,-1.1825499988250336,-0.08407590566440859,-1.0748662814174426,-0.03913263128722474
0.7165862526744604,-1.6479873021779667e-17,0.6963911202441379,-1.1825499988250336,-0.08407590566440859,-1.0748662814174426,-0.03913263128722474
0.7258578389883041,-1.6479873021779667e-17,0.6963911202441379,-1.1825499988250336,-0.08407590566440859,-1.0748662814174426,-0.03913263128722474
0.7359434943646193,-1.6479873021779667e-17,0.6963911202441379,-1.1825499988250336,-0.08407590566440859,-1.0748662814174426,-0.03913263128722474
0.7456134352833033,-1.6479873021779667e-17,0.6963911202441379,-1.1825499988250336,-0.08407590566440859,-1.0748662814174426,-0.03913263128722474
0.7560828272253275,-1.6479873021779667e-17,0.6963911202441379,-1.1825499988250336,-0.08407590566440859,-1.0748662814174426,-0.03913263128722474
0.7658354863524437,-1.6479873021779667e-17,0.6963911202441379,-1.1825499988250336,-0.08407590566440859,-1.0748662814174426,-0.03913263128722474
0.7759468201547861,-1.6479873021779667e-17,0.6963911202441379,-1.1825499988250336,-0.08407590566440859,-1.0748662814174426,-0.03913263128722474
0.7860403321683407,-1.6479873021779667e-17,0.6963911202441379,-1.1825499988250336,-0.08407590566440859,-1.0748662814174426,-0.03913263128722474
0.7975057512521744,-1.6479873021779667e-17,0.6963911202441379,-1.1825499988250336,-0.08407590566440859,-1.0748662814174426,-0.03913263128722474
0.8085990641266108,-1.6479873021779667e-17,0.6963911202441379,-1.1825499988250336,-0.08407590566440859,-1.0748662814174426,-0.03913263128722474
0.8181337211281061,-1.6479873021779667e-17,0.6963911202441379,-1.1825499988250336,-0.08407590566440859,-1.0748662814174426,-0.03913263128722474
0.8285533171147108,-1.6479873021779667e-17,0.6963911202441379,-1.1825499988250336,-0.08407590566440859,-1.0748662814174426,-0.03913263128722474
0.8384409341961145,-1.6479873021779667e-17,0.6963911202441379,-1.1825499988250336,-0.08407590566440859,-1.0748662814174426,-0.03913263128722474
0.8504615630954504,-1.6479873021779667e-17,0.6963911202441379,-1.1825499988250336,-0.08407590566440859,-1.0748662814174426,-0.03913263128722474
0.8585640955716372,-1.6479873021779667e-17,0.6963911202441379,-1.1825499988250336,-0.08407590566440859,-1.0748662814174426,-0.03913263128722474
0.8682977445423603,-1.6479873021779667e-17,0.6963911202441379,-1.1825499988250336,-0.08407590566440859,-1.0748662814174426,-0.03913263128722474
0.8793403841555119,-1.6479873021779667e-17,0.6963911202441379,-1.1825499988250336,-0.08407590566440859,-1.0748662814174426,-0.03913263128722474
0.8894615881145,-1.6479873021779667e-17,0.6963911202441379,-1.1825499988250336,-0.08407590566440859,-1.0748662814174426,-0.03913263128722474
0.899434294551611,-1.6479873021779667e-17,0.6963911202441379,-1.1825499988250336,-0.08407590566440859,-1.0748662814174426,-0.03913263128722474
0.9089484438300133,-1.6479873021779667e-17,0.6963911202441379,-1.1825499988250336,-0.08407590566440859,-1.0748662814174426,-0.03913263128722474
0.920020779594779,-1.6479873021779667e-17,0.6963911202441379,-1.1825499988250336,-0.08407590566440859,-1.0748662814174426,-0.03913263128722474
0.9317011497914791,-1.6479873021779667e-17,0.6963911202441379,-1.1825499988250336,-0.08407590566440859,-1.0748662814174426,-0.03913263128722474
0.9403948206454515,-1.6479873021779667e-17,0.6963911202441379,-1.1825499988250336,-0.08407590566440859,-1.0748662814174426,-0.03913263128722474
0.951023530215025,-1.6479873021779667e-17,0.6963911202441379,-1.1825499988250336,-0.08407590566440859,-1.0748662814174426,-0.03913263128722474
0.9646981600672007,-1.6479873021779667e-17,0.6963911202441379,-1.1825499988250336,-0.08407590566440859,-1.0748662814174426,-0.03913263128722474
0.9705613292753696,-1.6479873021779667e-17,0.6963911202441379,-1.1825499988250336,-0.08407590566440859,-1.0748662814174426,-0.03913263128722474
0.9808010794222355,-1.6479873021779667e-17,0.6963911202441379,-1.1825499988250336,-0.08407590566440859,-1.0748662814174426,-0.03913263128722474
0.9914278481155634,-1.6479873021779667e-17,0.6963911202441379,-1.1825499988250336,-0.08407590566440859,-1.0748662814174426,-0.03913263128722474
1.0003092363476753,-1.6479873021779667e-17,0.6963911202441379,-1.1825499988250336,-0.08407590566440859,-1.0748662814174426,-0.03913263128722474
1.0115754678845406,-1.6479873021779667e-17,0.6963911202441379,-1.1825499988250336,-0.08407590566440859,-1.0748662814174426,-0.03913263128722474
1.0208789072930813,-1.6479873021779667e-17,0.6963911202441379,-1.1825499988250336,-0.08407590566440859,-1.0748662814174426,-0.03913263128722474
1.0314294211566448,-1.6479873021779667e-17,0.6963911202441379,-1.1825499988250336,-0.08407590566440859,-1.0748662814174426,-0.03913263128722474
1.0413574576377869,-1.6479873021779667e-17,0.6963911202441379,-1.1825499988250336,-0.08407590566440859,-1.0748662814174426,-0.03913263128722474
1.051892863586545,-1.6479873021779667e-17,0.6963911202441379,-1.1825499988250336,-0.08407590566440859,-1.0748662814174426,-0.03913263128722474
1.061605729162693,-1.6479873021779667e-17,0.6963911202441379,-1.1825499988250336,-0.08407590566440859,-1.0748662814174426,-0.03913263128722474
1.0732190813869238,-1.6479873021779667e-17,0.6963911202441379,-1.1825499988250336,-0.08407590566440859,-1.0748662814174426,-0.03913263128722474
1.0822878032922745,-1.6479873021779667e-17,0.6963911202441379,-1.1825499988250336,-0.08407590566440859,-1.0748662814174426,-0.03913263128722474
1.0942630860954523,-1.6479873021779667e-17,0.6963911202441379,-1.1825499988250336,-0.08407590566440859,-1.0748662814174426,-0.03913263128722474
1.1029237546026707,-1.6479873021779667e-17,0.6963911202441379,-1.1825499988250336,-0.08407590566440859,-1.0748662814174426,-0.03913263128722474
1.1127539929002523,-1.6479873021779667e-17,0.6963911202441379,-1.1825499988250336,-0.08407590566440859,-1.0748662814174426,-0.03913263128722474
1.1240674462169409,-1.6479873021779667e-17,0.6963911202441379,-1.1825499988250336,-0.08407590566440859,-1.0748662814174426,-0.03913263128722474
1.1345264576375484,-1.6479873021779667e-17,0.6963911202441379,-1.1825499988250336,-0.08407590566440859,-1.0748662814174426,-0.03913263128722474
1.143693771213293,-1.6479873021779667e-17,0.6963911202441379,-1.1825499988250336,-0.08407590566440859,-1.0748662814174426,-0.03913263128722474
1.1540587805211544,-1.6479873021779667e-17,0.6963911202441379,-1.1825499988250336,-0.08407590566440859,-1.0748662814174426,-0.03913263128722474
1.1649458948522806,-1.6479873021779667e-17,0.6963911202441379,-1.1825499988250336,-0.08407590566440859,-1.0748662814174426,-0.03913263128722474
1.1763827875256538,-1.6479873021779667e-17,0.6963911202441379,-1.1825499988250336,-0.08407590566440859,-1.0748662814174426,-0.03913263128722474
1.185376837849617,-1.6479873021779667e-17,0.6963911202441379,-1.1825499988250336,-0.08407590566440859,-1.0748662814174426,-0.03913263128722474
1.1996690575033426,-1.6479873021779667e-17,0.6963911202441379,-1.1825499988250336,-0.08407590566440859,-1.0748662814174426,-0.03913263128722474
1.2060552518814802,-1.6479873021779667e-17,0.6963911202441379,-1.1825499988250336,-0.08407590566440859,-1.0748662814174426,-0.03913263128722474
1.2163357846438885,-1.6479873021779667e-17,0.6963911202441379,-1.1825499988250336,-0.08407590566440859,-1.0748662814174426,-0.03913263128722474
1.2259649820625782,-1.6479873021779667e-17,0.6963911202441379,-1.1825499988250336,-0.08407590566440859,-1.0748662814174426,-0.03913263128722474
1.235800039023161,-1.6479873021779667e-17,0.6963911202441379,-1.1825499988250336,-0.08407590566440859,-1.0748662814174426,-0.03913263128722474
1.245722733438015,-1.6479873021779667e-17,0.6963911202441379,-1.1825499988250336,-0.08407590566440859,-1.0748662814174426,-0.03913263128722474
1.255863232538104,-1.6479873021779667e-17,0.6963911202441379,-1.1825499988250336,-0.08407590566440859,-1.0748662814174426,-0.03913263128722474
1.266301441937685,-1.6479873021779667e-17,0.6963911202441379,-1.1825499988250336,-0.08407590566440859,-1.0748662814174426,-0.03913263128722474
1.2759413421154022,-1.6479873021779667e-17,0.6963911202441379,-1.1825499988250336,-0.08407590566440859,-1.0748662814174426,-0.03913263128722474
1.2857475653290749,-1.6479873021779667e-17,0.6963911202441379,-1.1825499988250336,-0.08407590566440859,-1.0748662814174426,-0.03913263128722474
1.2957969475537539,-1.6479873021779667e-17,0.6963911202441379,-1.1825499988250336,-0.08407590566440859,-1.0748662814174426,-0.03913263128722474
1.3058617021888494,-1.6479873021779667e-17,0.6963911202441379,-1.1825499988250336,-0.08407590566440859,-1.0748662814174426,-0.03913263128722474
1.3165921792387962,-1.6479873021779667e-17,0.6963911202441379,-1.1825499988250336,-0.08407590566440859,-1.0748662814174426,-0.03913263128722474
1.3280159141868353,-1.6479873021779667e-17,0.6963911202441379,-1.1825499988250336,-0.08407590566440859,-1.0748662814174426,-0.03913263128722474
1.3383298441767693,-1.6479873021779667e-17,0.6963911202441379,-1.1825499988250336,-0.08407590566440859,-1.0748662814174426,-0.03913263128722474
1.3471952434629202,-1.6479873021779667e-17,0.6963911202441379,-1.1825499988250336,-0.08407590566440859,-1.0748662814174426,-0.03913263128722474
1.3566060215234756,-1.6479873021779667e-17,0.6963911202441379,-1.1825499988250336,-0.08407590566440859,-1.0748662814174426,-0.03913263128722474
1.3670202996581793,-1.6479873021779667e-17,0.6963911202441379,-1.1825499988250336,-0.08407590566440859,-1.0748662814174426,-0.03913263128722474
1.376975730061531,-1.6479873021779667e-17,0.6963911202441379,-1.1825499988250336,-0.08407590566440859,-1.0748662814174426,-0.03913263128722474
1.3873561210930347,-1.6479873021779667e-17,0.6963911202441379,-1.1825499988250336,-0.08407590566440859,-1.0748662814174426,-0.03913263128722474
1.399906001985073,-1.6479873021779667e-17,0.6963911202441379,-1.1825499988250336,-0.08407590566440859,-1.0748662814174426,-0.03913263128722474
1.407738484442234,-1.6479873021779667e-17,0.6963911202441379,-1.1825499988250336,-0.08407590566440859,-1.0748662814174426,-0.03913263128722474
1.41773022711277,-1.6479873021779667e-17,0.6963911202441379,-1.1825499988250336,-0.08407590566440859,-1.0748662814174426,-0.03913263128722474
1.4278172850608826,-1.6479873021779667e-17,0.6963911202441379,-1.1825499988250336,-0.08407590566440859,-1.0748662814174426,-0.03913263128722474
1.4380717240273952,-1.6479873021779667e-17,0.6963911202441379,-1.1825499988250336,-0.08407590566440859,-1.0748662814174426,-0.03913263128722474
1.4486481230705976,-1.6479873021779667e-17,0.6963911202441379,-1.1825499988250336,-0.08407590566440859,-1.0748662814174426,-0.03913263128722474
1.4586476497352123,-1.6479873021779667e-17,0.6963911202441379,-1.1825499988250336,-0.08407590566440859,-1.0748662814174426,-0.03913263128722474
1.4685214292258024,-1.6479873021779667e-17,0.6963911202441379,-1.1825499988250336,-0.08407590566440859,-1.0748662814174426,-0.03913263128722474
1.4806306809186935,-1.6479873021779667e-17,0.6963911202441379,-1.1825499988250336,-0.08407590566440859,-1.0748662814174426,-0.03913263128722474
1.4896509554237127,-1.6479873021779667e-17,0.6963911202441379,-1.1825499988250336,-0.08407590566440859,-1.0748662814174426,-0.03913263128722474
1.4989040773361921,-1.6479873021779667e-17,0.6963911202441379,-1.1825499988250336,-0.08407590566440859,-1.0748662814174426,-0.03913263128722474
1.51013520732522,-1.6479873021779667e-17,0.6963911202441379,-1.1825499988250336,-0.08407590566440859,-1.0748662814174426,-0.03913263128722474
1.5209375377744436,-1.6479873021779667e-17,0.6963911202441379,-1.1825499988250336,-0.08407590566440859,-1.0748662814174426,-0.03913263128722474
1.5301210805773735,-1.6479873021779667e-17,0.6963911202441379,-1.1825499988250336,-0.08407590566440859,-1.0748662814174426,-0.03913263128722474
1.5409154891967773,-1.6479873021779667e-17,0.6963911202441379,-1.1825499988250336,-0.08407590566440859,-1.0748662814174426,-0.03913263128722474
1.5505382474511862,-1.6479873021779667e-17,0.6963911202441379,-1.1825499988250336,-0.08407590566440859,-1.0748662814174426,-0.03913263128722474
1.560385074466467,-1.6479873021779667e-17,0.6963911202441379,-1.1825499988250336,-0.08407590566440859,-1.0748662814174426,-0.03913263128722474
1.5709597058594227,-1.6479873021779667e-17,0.6963911202441379,-1.1825499988250336,-0.08407590566440859,-1.0748662814174426,-0.03913263128722474
1.5807762332260609,-1.6479873021779667e-17,0.6963911202441379,-1.1825499988250336,-0.08407590566440859,-1.0748662814174426,-0.03913263128722474
1.5906797349452972,-1.6479873021779667e-17,0.6963911202441379,-1.1825499988250336,-0.08407590566440859,-1.0748662814174426,-0.03913263128722474
1.600725607946515,1.0842021724855044e-18,0.6960944377174231,-1.1826706474382926,-0.0840850834018422,-1.0744594001391146,-0.0391201799484786
1.6109421756118536,1.0842021724855044e-18,0.6960944377174231,-1.1826706474382926,-0.0840850834018422,-1.0744594001391146,-0.0391201799484786
1.620905416086316,1.0842021724855044e-18,0.6960944377174231,-1.1826706474382926,-0.0840850834018422,-1.0744594001391146,-0.0391201799484786
1.6304087694734335,1.0842021724855044e-18,0.6960944377174231,-1.1826706474382926,-0.0840850834018422,-1.0744594001391146,-0.0391201799484786
1.640987865626812,1.0842021724855044e-18,0.6960944377174231,-1.1826706474382926,-0.0840850834018422,-1.0744594001391146,-0.0391201799484786
1.6507573369890451,1.0842021724855044e-18,0.6960944377174231,-1.1826706474382926,-0.0840850834018422,-1.0744594001391146,-0.0391201799484786
1.6619703732430935,1.0842021724855044e-18,0.6960944377174231,-1.1826706474382926,-0.0840850834018422,-1.0744594001391146,-0.0391201799484786
1.6713761668652296,1.0842021724855044e-18,0.6960944377174231,-1.1826706474382926,-0.0840850834018422,-1.0744594001391146,-0.0391201799484786
1.6810102798044682,1.0842021724855044e-18,0.6960944377174231,-1.1826706474382926,-0.0840850834018422,-1.0744594001391146,-0.0391201799484786
1.6908867489546537,1.0842021724855044e-18,0.6960944377174231,-1.1826706474382926,-0.0840850834018422,-1.0744594001391146,-0.0391201799484786
1.7029516641050577,1.0842021724855044e-18,0.6960944377174231,-1.1826706474382926,-0.0840850834018422,-1.0744594001391146,-0.0391201799484786
1.7110946606844664,1.0842021724855044e-18,0.6960944377174231,-1.1826706474382926,-0.0840850834018422,-1.0744594001391146,-0.0391201799484786
1.7214603628963232,1.0842021724855044e-18,0.6960944377174231,-1.1826706474382926,-0.0840850834018422,-1.0744594001391146,-0.0391201799484786
1.7318119164556265,1.0842021724855044e-18,0.6960944377174231,-1.1826706474382926,-0.0840850834018422,-1.0744594001391146,-0.0391201799484786
1.7420010790228844,1.0842021724855044e-18,0.6960944377174231,-1.1826706474382926,-0.0840850834018422,-1.0744594001391146,-0.0391201799484786
1.7535779271274805,1.0842021724855044e-18,0.6960944377174231,-1.1826706474382926,-0.0840850834018422,-1.0744594001391146,-0.0391201799484786
1.763186875730753,1.0842021724855044e-18,0.6960944377174231,-1.1826706474382926,-0.0840850834018422,-1.0744594001391146,-0.0391201799484786
1.7800685819238424,1.0842021724855044e-18,0.6960944377174231,-1.1826706474382926,-0.0840850834018422,-1.0744594001391146,-0.0391201799484786
1.7834680639207363,1.0842021724855044e-18,0.6960944377174231,-1.1826706474382926,-0.0840850834018422,-1.0744594001391146,-0.0391201799484786
1.795359082520008,1.0842021724855044e-18,0.6960944377174231,-1.1826706474382926,-0.0840850834018422,-1.0744594001391146,-0.0391201799484786
1.8053295742720366,1.0842021724855044e-18,0.6960944377174231,-1.1826706474382926,-0.0840850834018422,-1.0744594001391146,-0.0391201799484786
1.8149670008569956,1.0842021724855044e-18,0.6960944377174231,-1.1826706474382926,-0.0840850834018422,-1.0744594001391146,-0.0391201799484786
1.8245202004909515,1.0842021724855044e-18,0.6960944377174231,-1.1826706474382926,-0.0840850834018422,-1.0744594001391146,-0.0391201799484786
1.833961758762598,1.0842021724855044e-18,0.6960944377174231,-1.1826706474382926,-0.0840850834018422,-1.0744594001391146,-0.0391201799484786
1.845413202419877,1.0842021724855044e-18,0.6960944377174231,-1.1826706474382926,-0.0840850834018422,-1.0744594001391146,-0.0391201799484786
1.8545490223914385,1.0842021724855044e-18,0.6960944377174231,-1.1826706474382926,-0.0840850834018422,-1.0744594001391146,-0.0391201799484786
1.8669643867760897,1.0842021724855044e-18,0.6960944377174231,-1.1826706474382926,-0.0840850834018422,-1.0744594001391146,-0.0391201799484786
1.877189364284277,1.0842021724855044e-18,0.6960944377174231,-1.1826706474382926,-0.0840850834018422,-1.0744594001391146,-0.0391201799484786
1.8878441080451012,1.0842021724855044e-18,0.6960944377174231,-1.1826706474382926,-0.0840850834018422,-1.0744594001391146,-0.0391201799484786
1.8983694296330214,1.0842021724855044e-18,0.6960944377174231,-1.1826706474382926,-0.0840850834018422,-1.0744594001391146,-0.0391201799484786
1.9106504395604134,1.0842021724855044e-18,0.6960944377174231,-1.1826706474382926,-0.0840850834018422,-1.0744594001391146,-0.0391201799484786
1.9205172751098871,1.0842021724855044e-18,0.6960944377174231,-1.1826706474382926,-0.0840850834018422,-1.0744594001391146,-0.0391201799484786
1.9287221431732178,1.0842021724855044e-18,0.6960944377174231,-1.1826706474382926,-0.0840850834018422,-1.0744594001391146,-0.0391201799484786
1.9424355570226908,1.0842021724855044e-18,0.6960944377174231,-1.1826706474382926,-0.0840850834018422,-1.0744594001391146,-0.0391201799484786
1.949909895658493,1.0842021724855044e-18,0.6960944377174231,-1.1826706474382926,-0.0840850834018422,-1.0744594001391146,-0.0391201799484786
1.960987899452448,1.0842021724855044e-18,0.6960944377174231,-1.1826706474382926,-0.0840850834018422,-1.0744594001391146,-0.0391201799484786
1.9704176988452673,1.0842021724855044e-18,0.6960944377174231,-1.1826706474382926,-0.0840850834018422,-1.0744594001391146,-0.0391201799484786
1.979782735928893,1.0842021724855044e-18,0.6960944377174231,-1.1826706474382926,-0.0840850834018422,-1.0744594001391146,-0.0391201799484786
1.9911746829748154,1.0842021724855044e-18,0.6960944377174231,-1.1826706474382926,-0.0840850834018422,-1.0744594001391146,-0.0391201799484786
2.0010708682239056,1.0842021724855044e-18,0.6960944377174231,-1.1826706474382926,-0.0840850834018422,-1.0744594001391146,-0.0391201799484786
2.0108435414731503,1.0842021724855044e-18,0.6960944377174231,-1.1826706474382926,-0.0840850834018422,-1.0744594001391146,-0.0391201799484786
2.020686697214842,1.0842021724855044e-18,0.6960944377174231,-1.1826706474382926,-0.0840850834018422,-1.0744594001391146,-0.0391201799484786
2.031111279502511,1.0842021724855044e-18,0.6960944377174231,-1.1826706474382926,-0.0840850834018422,-1.0744594001391146,-0.0391201799484786
2.0406816340982914,1.0842021724855044e-18,0.6960944377174231,-1.1826706474382926,-0.0840850834018422,-1.0744594001391146,-0.0391201799484786
2.0506440605968237,1.0842021724855044e-18,0.6960944377174231,-1.1826706474382926,-0.0840850834018422,-1.0744594001391146,-0.0391201799484786
2.060653407126665,1.0842021724855044e-18,0.6960944377174231,-1.1826706474382926,-0.0840850834018422,-1.0744594001391146,-0.0391201799484786
2.0706608090549707,1.0842021724855044e-18,0.6960944377174231,-1.1826706474382926,-0.0840850834018422,-1.0744594001391146,-0.0391201799484786
2.0809297021478415,1.0842021724855044e-18,0.6960944377174231,-1.1826706474382926,-0.0840850834018422,-1.0744594001391146,-0.0391201799484786
2.0907119810581207,1.0842021724855044e-18,0.6960944377174231,-1.1826706474382926,-0.0840850834018422,-1.0744594001391146,-0.0391201799484786
2.102335512638092,1.0842021724855044e-18,0.6960944377174231,-1.1826706474382926,-0.0840850834018422,-1.0744594001391146,-0.0391201799484786
2.110930673778057,1.0842021724855044e-18,0.6960944377174231,-1.1826706474382926,-0.0840850834018422,-1.0744594001391146,-0.0391201799484786
2.120920341461897,2.6020852139652106e-18,0.6960969307287067,-1.182668154427009,-0.08405217117530296,-1.0744467431331564,-0.039089178008594946
2.132687494158745,2.6020852139652106e-18,0.6960969307287067,-1.182668154427009,-0.08405217117530296,-1.0744467431331564,-0.039089178008594946
2.143080525100231,2.6020852139652106e-18,0.6960969307287067,-1.182668154427009,-0.08405217117530296,-1.0744467431331564,-0.039089178008594946
2.151546297594905,2.6020852139652106e-18,0.6960969307287067,-1.182668154427009,-0.08405217117530296,-1.0744467431331564,-0.039089178008594946
2.163421008735895,2.6020852139652106e-18,0.6960969307287067,-1.182668154427009,-0.08405217117530296,-1.0744467431331564,-0.039089178008594946
2.173447847366333,2.6020852139652106e-18,0.6960969307287067,-1.182668154427009,-0.08405217117530296,-1.0744467431331564,-0.039089178008594946
2.1830228194594383,2.6020852139652106e-18,0.6960969307287067,-1.182668154427009,-0.08405217117530296,-1.0744467431331564,-0.039089178008594946
2.1935418844223022,2.6020852139652106e-18,0.6960969307287067,-1.182668154427009,-0.08405217117530296,-1.0744467431331564,-0.039089178008594946
2.203276764601469,2.6020852139652106e-18,0.6960969307287067,-1.182668154427009,-0.08405217117530296,-1.0744467431331564,-0.039089178008594946
2.21397084929049,2.6020852139652106e-18,0.6960969307287067,-1.182668154427009,-0.08405217117530296,-1.0744467431331564,-0.039089178008594946
2.2240465953946114,2.6020852139652106e-18,0.6960969307287067,-1.182668154427009,-0.08405217117530296,-1.0744467431331564,-0.039089178008594946
2.2343439403921366,1.3010426069826053e-18,0.6960155472330695,-1.1827495379226463,-0.08399098672600944,-1.0748525297591762,-0.03910181081739947
2.24373041652143,1.3010426069826053e-18,0.6960155472330695,-1.1827495379226463,-0.08399098672600944,-1.0748525297591762,-0.03910181081739947
2.2557826712727547,1.3010426069826053e-18,0.6960155472330695,-1.1827495379226463,-0.08399098672600944,-1.0748525297591762,-0.03910181081739947
2.2643074057996273,-1.734723475976807e-18,0.6960130616351808,-1.1827520235205349,-0.08402389796319742,-1.0748651497584227,-0.03913282414487895
2.2765906415879726,6.071532165918825e-18,0.6959319008730681,-1.1828331842826478,-0.0839626815251187,-1.0752698245126706,-0.03914543131158293
2.2849245108664036,6.071532165918825e-18,0.6959319008730681,-1.1828331842826478,-0.0839626815251187,-1.0752698245126706,-0.03914543131158293
2.295982478186488,6.071532165918825e-18,0.6959319008730681,-1.1828331842826478,-0.0839626815251187,-1.0752698245126706,-0.03914543131158293
2.306103829294443,6.071532165918825e-18,0.6958509555122455,-1.1829141296434704,-0.08390143414882244,-1.0756734239971835,-0.039158001435983344
2.315899698063731,6.071532165918825e-18,0.6958509555122455,-1.1829141296434704,-0.08390143414882244,-1.0756734239971835,-0.039158001435983344
2.3253098502755165,6.071532165918825e-18,0.6958509555122455,-1.1829141296434704,-0.08390143414882244,-1.0756734239971835,-0.039158001435983344
2.3358713388442993,1.3877787807814457e-17,0.6957702256336588,-1.182994859522057,-0.08384015589555605,-1.076075947808362,-0.03917053450551009
2.347024803981185,1.3877787807814457e-17,0.6957702256336588,-1.182994859522057,-0.08384015589555605,-1.076075947808362,-0.03917053450551009
2.3551930747926235,1.3877787807814457e-17,0.6957702256336588,-1.182994859522057,-0.08384015589555605,-1.076075947808362,-0.03917053450551009
2.3659766409546137,1.3877787807814457e-17,0.6957702256336588,-1.182994859522057,-0.08384015589555605,-1.076075947808362,-0.03917053450551009
2.375269217416644,1.3877787807814457e-17,0.6957702256336588,-1.182994859522057,-0.08384015589555605,-1.076075947808362,-0.03917053450551009
2.3855055179446936,9.107298248878237e-18,0.6956897113180375,-1.1830753738376785,-0.08377884682659777,-1.0764773955436824,-0.039183030507630105
2.3955227974802256,9.107298248878237e-18,0.6956897113180375,-1.1830753738376785,-0.08377884682659777,-1.0764773955436824,-0.039183030507630105
2.405627178028226,9.107298248878237e-18,0.6956897113180375,-1.1830753738376785,-0.08377884682659777,-1.0764773955436824,-0.039183030507630105
2.4156964141875505,2.3418766925686896e-17,0.6955293296975332,-1.1832357554581825,-0.08365613648687249,-1.0772770611820346,-0.03920791125970299
2.4270170237869024,2.3418766925686896e-17,0.6955293296975332,-1.1832357554581825,-0.08365613648687249,-1.0772770611820346,-0.03920791125970299
2.436997829005122,-3.686287386450715e-18,0.6952903759948658,-1.1834747091608502,-0.08347184139332028,-1.0784684790694279,-0.039244954071067095
2.4459415320307016,1.3660947373317356e-17,0.6952111567402878,-1.183553928415428,-0.08341034871877517,-1.0788634619568889,-0.03925722740762888
2.4570404309779406,1.3660947373317356e-17,0.6952111567402878,-1.183553928415428,-0.08341034871877517,-1.0788634619568889,-0.03925722740762888
2.4677355568856,1.4094628242311558e-17,0.6950533666762383,-1.1837117184794774,-0.08328727227355379,-1.0796501907477893,-0.039281662606217356
2.4764505103230476,-9.974659986866641e-18,0.6948964417312701,-1.1838686434244456,-0.08316407477712949,-1.080432600939367,-0.039305949090703694
2.4870270509272814,8.239936510889834e-18,0.6946626777842414,-1.1841024073714743,-0.08297905263959683,-1.0815981120116414,-0.039342099766147755
2.4966218303889036,5.204170427930421e-18,0.6945851897059133,-1.1841798954498026,-0.08291731860231313,-1.0819844530232796,-0.039354075529381555
2.506696643307805,-8.456776945386935e-18,0.6943540262678055,-1.1844110588879102,-0.08273193738041942,-1.0831369826120631,-0.03938977926567965
2.5170133244246244,4.7704895589362195e-18,0.6942774056442435,-1.1844876795114725,-0.08267008414241978,-1.0835189933790264,-0.03940160595364045
2.5272991228848696,2.8189256484623115e-18,0.6941248156408789,-1.1846402695148368,-0.08254628879144264,-1.084279763975315,-0.039425147422338144
2.5376297645270824,0.0,0.6938222427408874,-1.1849428424148283,-0.0822983443233318,-1.0857882907893293,-0.0394717824020412
2.547618802636862,1.5178830414797062e-18,0.6935975966653375,-1.1851674884903782,-0.08211207837965458,-1.0869082864474997,-0.03950636630688152
2.5574359241873026,-9.540979117872439e-18,0.693301117207802,-1.1854639679479138,-0.08186331685183963,-1.0883863955575943,-0.039551954481651046
2.56846340931952,8.023096076392733e-18,0.6930810466912417,-1.185684038464474,-0.08167644268045593,-1.0894835506311205,-0.039585752440068775
2.5783003214746714,1.2576745200831851e-17,0.692646800425042,-1.1861182847306737,-0.08130192241896213,-1.091648434958228,-0.03965233602556837
2.5886598341166973,-6.288372600415926e-18,0.6924326285836161,-1.1863324565720996,-0.08111427969953189,-1.092716144727865,-0.03968512105339841
2.6000322811305523,9.540979117872439e-18,0.6922204268459374,-1.1865446583097785,-0.08092638417192674,-1.0937740200595751,-0.039717567843514726
2.6096296794712543,4.336808689942018e-19,0.6917329616673281,-1.1870321234883876,-0.080486987634665,-1.0962040974816483,-0.039791960016907074
2.624057099223137,4.336808689942018e-18,0.6915273406355155,-1.1872377445202003,-0.08029826163901076,-1.097229123089583,-0.03982327725605733
2.631099572405219,8.890457814381136e-18,0.6909886943048388,-1.187776390850877,-0.07979379689124948,-1.0999142218910285,-0.03990512945247326
2.641211237758398,6.5052130349130266e-18,0.6907903357731119,-1.187974749382604,-0.07960417918155313,-1.1009029945401174,-0.03993520057280801
2.6504767313599586,-1.0842021724855044e-18,0.6903352212459853,-1.1884298639097304,-0.07916081052314058,-1.1031715839314968,-0.04000404193655802
2.6610378343611956,1.3010426069826053e-18,0.6901434858376639,-1.1886215993180518,-0.07897040207118956,-1.1041272954095613,-0.040032977060196775
2.6704639438539743,1.5178830414797062e-17,0.6897659888467719,-1.1889990963089438,-0.0785888863431919,-1.10600889843911,-0.04008982294488439
2.6821174435317516,2.168404344971009e-18,0.6895187546902205,-1.1892463304654952,-0.07833403038838341,-1.107241184469568,-0.04012696059395532
2.6910346057265997,0.0,0.6891545591007983,-1.1896105260549175,-0.07795098844616583,-1.1090563902400867,-0.040181526170978546
2.700811855494976,8.239936510889834e-18,0.6888571721230697,-1.1899079130326462,-0.07763110076403887,-1.1105385654863167,-0.04022595041414581
2.7119586654007435,2.168404344971009e-18,0.6886814091732788,-1.190083675982437,-0.07743887236324452,-1.1114145465416445,-0.04025214755717817
2.7211767863482237,2.3852447794681098e-18,0.6885653470346792,-1.1901997381210367,-0.07731059791721015,-1.1119929773262498,-0.0402694215886552
2.7314145136624575,-4.336808689942018e-19,0.6883358964316179,-1.1904291887240979,-0.0770537581050869,-1.11313649268825,-0.04030351158771356
2.7420338559895754,6.7220534694101275e-18,0.68816614974936,-1.1905989354063558,-0.07686087571374935,-1.1139824422820246,-0.04032867801294069
2.751588687300682,3.686287386450715e-18,0.6879984115691301,-1.1907666735865856,-0.07666777879484414,-1.1148183660413378,-0.04035350040844581
2.7619283571839333,6.071532165918825e-18,0.6878877026963502,-1.1908773824593657,-0.0765389291917209,-1.115370074920584,-0.04036985743404342
2.77557585388422,5.854691731421724e-18,0.6877233153653289,-1.1910417697903868,-0.07634547858975145,-1.116189272281922,-0.04039410595176093
2.782918754965067,4.336808689942018e-18,0.6876148417693638,-1.191150243386352,-0.0762163948092231,-1.1167298233653618,-0.040410080188820266
2.7925479523837566,3.0357660829594124e-18,0.6875072630465698,-1.191257822109146,-0.07608721826099216,-1.1172659075309965,-0.04042590119810863
2.8049815725535154,-4.553649124439119e-18,0.6873475737899092,-1.1914175113658068,-0.07589328062959878,-1.1180616536227186,-0.040449345271704476
2.812773007899523,-5.854691731421724e-18,0.6871899004024548,-1.1915751847532612,-0.07569913717898694,-1.1188473371671048,-0.040472444229573815
2.8243712689727545,-1.734723475976807e-18,0.6868048947874212,-1.1917822776899105,-0.07543996210188096,-1.1198792501661927,-0.04050270563451131
2.8343757800757885,8.023096076392733e-18,0.686702694214862,-1.1918844782624698,-0.07531023981110362,-1.1203884884199105,-0.04051760596967899
2.8446200881153345,-1.5178830414797062e-18,0.6864511215881102,-1.1921360508892218,-0.07498554521911521,-1.1216419728504774,-0.04055418442553433
2.8545921463519335,2.6020852139652106e-18,0.6863028740598649,-1.1922842984174669,-0.07479046441138211,-1.1223806058096015,-0.040575670144817784
2.8646368589252234,5.854691731421724e-18,0.6861566502019034,-1.1924305222754286,-0.0745951877097691,-1.12310913735085,-0.04059680961145172
2.8744247257709503,4.7704895589362195e-18,0.6858233383871712,-1.1927638340901605,-0.07413879013872342,-1.1247697243277437,-0.040644787432637816
2.8856441136449575,1.235990476633475e-17,0.68568386949897,-1.1929033029783618,-0.07394287316027177,-1.1254645376326788,-0.04066477136722679
2.8950314465910196,6.071532165918825e-18,0.6853663357225079,-1.1932208367548238,-0.07348500445078907,-1.1270463668107575,-0.040710050586300214
2.9054416455328465,4.119968255444917e-18,0.6851462986375472,-1.1934408738397848,-0.07315734024865701,-1.1281424379546212,-0.040741234808292566
2.9199454598128796,1.1058862159352145e-17,0.6848059939805111,-1.1937811784968209,-0.07263203403014602,-1.1298374773650923,-0.04078912007066476
2.9259436782449484,1.0191500421363742e-17,0.6846006585390845,-1.1939865139382473,-0.07230307826345046,-1.130860164167822,-0.04081779125943692
2.9360290486365557,4.336808689942018e-18,0.6844404679192844,-1.1941467045580476,-0.0720395662405614,-1.1316579593729372,-0.04084003138150046
2.9459590688347816,7.15573433840433e-18,0.6840558668504457,-1.1945313056268863,-0.07137946436264807,-1.1335732042243867,-0.040892919352807776
2.956134492531419,8.673617379884035e-19,0.6838720801585971,-1.1947150923187346,-0.07104872098396771,-1.1344883295367958,-0.04091790904868383
2.9660337828099728,-1.474514954580286e-17,0.6837235036934393,-1.1948636687838925,-0.0704445636778331,-1.1362342109778516,-0.04096477031043613
2.97559243068099,-1.1058862159352145e-17,0.6837925775760585,-1.194794594901274,-0.07023770888779786,-1.136901190718428,-0.04098230058388285
2.985999759286642,-2.3852447794681098e-18,0.683771004999244,-1.1948161674780882,-0.06983129177357426,-1.1380240534764658,-0.0410116351275093
2.9957036804407835,-2.168404344971009e-18,0.6839082048353353,-1.1946789676419964,-0.06934985150407827,-1.1393862671319042,-0.0410463908310396
3.0059519726783037,-2.168404344971009e-18,0.6839082048353353,-1.1946789676419964,-0.06934985150407827,-1.1393862671319042,-0.0410463908310396
3.0164839401841164,2.6020852139652106e-18,0.6838058613292637,-1.194781311148068,-0.06867533259922834,-1.1409247628851467,-0.04108489079513364
3.025907725095749,-1.474514954580286e-17,0.6838822302625132,-1.1947049422148188,-0.06840036839852943,-1.141578818673816,-0.04110070999379557
3.0358696039766073,8.673617379884035e-18,0.683806152362203,-1.194781020115129,-0.06819991746110438,-1.141957132718544,-0.04110986573404061
3.045940624549985,-2.168404344971009e-18,0.6838453459010667,-1.194741826576265,-0.06779072644116885,-1.1428005684677267,-0.04112964041310098
3.0559917390346527,-1.951563910473908e-17,0.6840086407865689,-1.194578531690763,-0.06771585679382985,-1.1430317464601352,-0.041134777382220156
3.0665755812078714,1.1709383462843448e-17,0.6843408728941209,-1.1942462995832108,-0.06756591770384307,-1.143480373422578,-0.041144576187809485
3.079051712527871,-1.0408340855860843e-17,0.6847233378078803,-1.1938638346694512,-0.06754959605867905,-1.1436985016693273,-0.041149004329544374
3.0873091761022806,3.0357660829594124e-18,0.6853059886709907,-1.1932811838063413,-0.06752460699644464,-1.1440171160340518,-0.04115533792026006
3.098203031346202,6.505213034913027e-19,0.6857003893088478,-1.192886783168484,-0.06750760998914236,-1.1442238057012124,-0.04115935454151544
3.109494611620903,-5.204170427930421e-18,0.6861179197183473,-1.1924692527589844,-0.06731567465739328,-1.1443924276010773,-0.041128400042364746
3.1184148490428925,-7.37257477290143e-18,0.6867445318638943,-1.1918426406134375,-0.06735504356738345,-1.14459291949714,-0.04113192415726094
3.127921435981989,2.168404344971009e-19,0.6871546831204522,-1.1914324893568797,-0.0673371307129523,-1.1447881555801396,-0.041135529716801386
3.139934031292796,1.0191500421363742e-17,0.6879892811590071,-1.1905978913183246,-0.06730049704220539,-1.1451648895273288,-0.04114224719736487
3.148663766682148,3.686287386450715e-18,0.6882009076877276,-1.1903862647896044,-0.06729117035245198,-1.1452562103341344,-0.04114382371629164
3.1583324056118727,-1.3444106938820255e-17,0.6890769494813975,-1.1895102229959342,-0.0672861518054037,-1.1455223020379084,-0.041115118080824194
3.16887560300529,-4.336808689942018e-19,0.6895128167160574,-1.1890743557612744,-0.06726674895836561,-1.1456947169400145,-0.041117893115379146
3.178923685103655,9.540979117872439e-18,0.6895527427886365,-1.1888546384232954,-0.06725694663120602,-1.145779205891591,-0.04111921895668563
3.189279707148671,6.938893903907228e-18,0.6904574604464888,-1.187949920765443,-0.0670383193709506,-1.1460914659550736,-0.04109002394467895
3.199827367439866,-7.806255641895632e-18,0.6909074429492648,-1.187499938262667,-0.06677377950494368,-1.1463139357585823,-0.04105964160441649
3.2099758349359035,-2.168404344971009e-19,0.6918069207419317,-1.18660046047,-0.06618312969390766,-1.146814031164318,-0.040999538854740246
3.2201089039444923,-1.5178830414797062e-18,0.6925044605402617,-1.1859029206716702,-0.06566554849395076,-1.1471458910594996,-0.0409365510681174
3.230199771001935,-8.023096076392733e-18,0.6932236438303703,-1.185183737381562,-0.06495978315907922,-1.1474533391044186,-0.04083922047424203
3.2409641202539206,2.6020852139652106e-18,0.693687073303346,-1.1847203079085862,-0.06298223178702679,-1.1479920778344175,-0.04057609239398488
3.250800171867013,4.336808689942018e-19,0.6939798243471799,-1.1842458871921273,-0.0617370296874529,-1.1483371181492545,-0.040410855557601474
3.260858165100217,8.673617379884035e-19,0.6945254731761538,-1.1835166904649739,-0.05953032277387755,-1.1487828295607383,-0.04010974790871759
3.270945280790329,2.3852447794681098e-18,0.6941567514656607,-1.183512682438512,-0.0585702185507207,-1.1488379634811312,-0.03997367467830422
3.280842339619994,-1.3010426069826053e-17,0.6949527181977451,-1.1825275342403834,-0.05732467094576728,-1.1491912257088428,-0.0398407471619892
3.2906663063913584,1.1275702593849246e-17,0.6946076319607155,-1.1822938119648125,-0.053593829725957075,-1.1493821043519072,-0.039325973581978216
3.3007031101733446,-5.5294310796760726e-18,0.6940275172676679,-1.1822782260449352,-0.052559170079645404,-1.1492758781282488,-0.03915059481936961
3.312353726476431,-1.0733601507606494e-17,0.6943693996067879,-1.181529828104985,-0.051052208472353075,-1.1494265619178,-0.03897885241106197
3.3248942364007235,4.445228907190568e-18,0.6925417296095928,-1.182308384505434,-0.04829758601782835,-1.1491169839028736,-0.038589699337434724
3.332048809155822,-2.3093506273941244e-17,0.6928580600629097,-1.1815592831818278,-0.04671745287565904,-1.1491537332114734,-0.03834298930990059
3.342702364549041,-7.589415207398531e-18,0.6921755309616466,-1.1815785984014313,-0.04367411271517979,-1.1487694231518861,-0.0379127659365374
3.3526981715112925,-1.1926223897340549e-17,0.6910016705990494,-1.1818419421038724,-0.042193820650554444,-1.1484626453074414,-0.03773162140876293
3.363493686541915,-1.3010426069826053e-18,0.69079100517844,-1.1813500543829214,-0.03909046615134914,-1.147949531708587,-0.037258504932778796
3.3727587554603815,-9.75781955236954e-19,0.6885640445131973,-1.1821213674689643,-0.03736431655921921,-1.1473461351792538,-0.03703507717210262
3.3828935641795397,-1.3118846287074604e-17,0.6880439445738047,-1.1816336187583378,-0.03589414508912757,-1.1470953918744473,-0.03681545853507326
3.392653424292803,-2.168404344971009e-19,0.6851859869227027,-1.1826558687521673,-0.03312163065367457,-1.146000761416308,-0.036400033040840746
3.4028953723609447,2.0599841277224584e-18,0.6845922005099441,-1.1821595810534282,-0.03183741688927587,-1.1456773886220146,-0.036214186582834866
3.4136483911424875,-8.836247705756861e-18,0.6837422395397662,-1.1821723846006258,-0.028779931330088916,-1.1445117580612776,-0.03575891556884299
3.425306871533394,5.4752209710517974e-18,0.6796350088688191,-1.1836674145817718,-0.027788644033932948,-1.1437256403453926,-0.035597681206454054
3.4333090279251337,-6.2341624917916505e-18,0.6788973895528497,-1.183195597255925,-0.02559884915773921,-1.1428910993469494,-0.03525518054065035
3.4437596295028925,-7.318364664277155e-18,0.6751630700569212,-1.184421682951683,-0.024601868369420344,-1.1420922140739105,-0.03509260377822905
3.454068396240473,-8.023096076392733e-18,0.6740164355784881,-1.183940224615809,-0.023320161533270017,-1.1415958558393715,-0.03490154252777833
3.46389046497643,-1.5395670849294163e-17,0.6695208872314291,-1.1853881829646309,-0.021302610803007358,-1.140129168074176,-0.03457828400196136
3.4758200868964195,1.0137290312739466e-17,0.6682373637057807,-1.1849136632562844,-0.02078539937711791,-1.1399931084494042,-0.034503424064998046
3.4863788932561874,-1.0706496453294356e-17,0.6661905217697169,-1.185156133279198,-0.019257353510660304,-1.1390685385755936,-0.034265121561742
3.4955015014857054,1.328147661294743e-18,0.6583456677072841,-1.1877026658126413,-0.01877932961680383,-1.1379326543230643,-0.03416300135233728
3.5066133718937635,7.860465750519907e-18,0.6601790844594484,-1.1858692490604767,-0.017222715219026654,-1.1376505585122874,-0.03394199638841167
3.516522755846381,-6.46455545344482e-18,0.6547862615890077,-1.18725597101196,-0.016215609868282254,-1.1365589640548288,-0.033769520588546126
3.5275483205914497,-4.086086937554745e-18,0.6525204762165043,-1.1870296521371497,-0.015445500755062704,-1.1361567165554234,-0.033651766150545895
3.535997813567519,-2.1497696201314143e-18,0.6462087827410882,-1.1886005567784867,-0.014693381814492805,-1.1350780409556915,-0.03351468942541464
3.545521352440119,-3.1372406300404776e-17,0.6405911661406153,-1.1892553748534098,-0.014699854192114906,-1.1348097217842308,-0.033506998860231174
3.5560178570449352,2.6749300474290805e-18,0.6382261809465594,-1.1888200183628048,-0.014695553969029433,-1.1349897361910892,-0.03351215941484105
3.5655443407595158,-9.53928505197793e-18,0.6309249395823404,-1.1903233591399733,-0.01445383809458232,-1.134173155778398,-0.03345325544868781
3.576150769367814,4.2597286917418764e-18,0.6283510442893815,-1.1898999042543386,-0.014449757284158359,-1.134364563913886,-0.03345876239255372
3.5858162250369787,-1.8973538018496328e-19,0.6250568886119643,-1.190131252915385,-0.014619022240341097,-1.134359925379376,-0.03345787359382825
3.5958802551031113,-1.6545941591665503e-17,0.6172604527554179,-1.1916061476212172,-0.014800527985234043,-1.1337676248176793,-0.0334401367981708
3.6060107219964266,1.7465819372383673e-17,0.6145993676821556,-1.191008726134935,-0.014961894599727639,-1.134159387243711,-0.033450641417559095
3.616013592109084,6.3696877633523385e-18,0.6056515113334598,-1.1926736527574566,-0.015313065432260246,-1.1335492581636384,-0.03343177610202668
3.6264340486377478,-6.152847328855238e-18,0.6027295636149256,-1.1921316687791945,-0.01581000998903208,-1.1341369310048455,-0.03344640678065105
3.636155257001519,-2.1927988938519327e-17,0.5933766064594184,-1.1937579454912681,-0.01616201870089997,-1.1335274180236012,-0.03342777316064148
3.6462092380970716,-1.3823577699190182e-17,0.5895992105181107,-1.1932496382609912,-0.016827754720098124,-1.1342068958022427,-0.03344421747072161
3.6569216549396515,-1.9651164376299768e-17,0.5847934342851895,-1.193682352085454,-0.017168198378165404,-1.1341983574908925,-0.03344262836453343
3.6670089829713106,-1.146543797403421e-17,0.5741721884179202,-1.1952962568120091,-0.017858283871838708,-1.1337906763066665,-0.0334286971092856
3.676428398117423,-2.4882439858542327e-17,0.5700684637705052,-1.1947661440850803,-0.018188776350672908,-1.134268203099367,-0.033440619556929986
3.6876560915261507,-4.933119884809045e-18,0.5589854389237392,-1.1963222958495827,-0.018711595313660227,-1.133770510338127,-0.033425067892861565
3.6970864199101925,-8.565197162635485e-18,0.554552966971569,-1.1958621989087073,-0.01954890351663606,-1.1345136284127317,-0.03344225388992309
3.707878779619932,-2.4069288229178198e-17,0.5420816391746227,-1.197560946298212,-0.020075394148818277,-1.1339369375863435,-0.03342491187876737
3.717916654422879,2.867714746224159e-17,0.5375145312424425,-1.1969667493004261,-0.02103741095272258,-1.1347448028414688,-0.033406368435494875
3.7303450759500265,-1.431146867680866e-17,0.5311121870788829,-1.197366405743841,-0.021382803673415572,-1.134737237606176,-0.03340498485398608
3.7393996231257915,2.6020852139652106e-18,0.5169231948408283,-1.1992185476714794,-0.022258217617064063,-1.1342799569691049,-0.03339027203570458
3.750021819025278,1.3335686721571705e-17,0.5112328455624282,-1.1985755239138183,-0.022761593783047304,-1.1348755020444303,-0.033403974562485846
3.7609605230391026,7.15573433840433e-18,0.4964779900841906,-1.2003357642008452,-0.023296576922103227,-1.1342590221746764,-0.033386628171524386
3.7700436990708113,-1.3877787807814457e-17,0.49040475064281264,-1.1997485931380114,-0.02414312718009321,-1.1350104534381824,-0.033403042832230716
3.7809188906103373,-1.962405932198763e-17,0.47505488607838275,-1.2014535621695186,-0.024678943745677813,-1.1344111152264884,-0.033386600666762745
3.789918765425682,6.288372600415926e-18,0.4686085750626655,-1.200916261425181,-0.025870104885167295,-1.1352891324976522,-0.03340472780428855
3.800540389493108,-1.5395670849294163e-17,0.4528239031302945,-1.2024136165654975,-0.02640487971082574,-1.1348060053245643,-0.033391741706510714
3.8100985679775476,1.3010426069826053e-17,0.44512968793895424,-1.2028050411082343,-0.027268050119168986,-1.1350328776217402,-0.03339494740318907
3.8207606449723244,-2.710505431213761e-17,0.438629488829423,-1.2018969823089982,-0.027770174142259536,-1.1356877330225783,-0.03340864999774913
3.8343582302331924,1.8431436932253575e-17,0.4219004100572584,-1.2034950467065662,-0.028136252946397263,-1.135096705036924,-0.033394316312027966
3.8411079831421375,4.336808689942018e-19,0.41505197880539446,-1.2026216898723567,-0.02881121133023093,-1.1358050916139502,-0.03340847833229434
3.8520483691245317,-2.168404344971009e-19,0.3967374210814715,-1.2041843179256801,-0.02917734463655896,-1.1352331122273394,-0.03339500751319528
3.8603731375187635,-1.1275702593849246e-17,0.38022472577931976,-1.2045077695456943,-0.029525943442670732,-1.1352277595707074,-0.03339411482828853
3.8715364411473274,2.168404344971009e-19,0.37180251037598233,-1.2046829689421859,-0.0298726142543634,-1.1352972224045816,-0.03339489844032721
3.8809696082025766,2.8189256484623115e-18,0.3536406382908184,-1.204985596105854,-0.030048967784784435,-1.1352199256151176,-0.033392822452137504
3.891778903082013,3.0357660829594124e-18,0.34508010878729123,-1.204985596105854,-0.030048967784784435,-1.1352199256151176,-0.033392822452137504
3.900962460786104,-4.119968255444917e-18,0.327519843765678,-1.205127745312305,-0.030050915382039866,-1.1351440919193632,-0.03339114341787344
3.9102078583091497,3.5344990823027445e-17,0.31968371628851333,-1.204107401231301,-0.03003665125517566,-1.1356510856116881,-0.03340219535519656
3.9208651650696993,1.9081958235744878e-17,0.31058034567392534,-1.2042567781763192,-0.03003877911254993,-1.1355820643289174,-0.03340071670097685
3.930368021130562,-3.2526065174565133e-18,0.2925188435398757,-1.2052686893911113,-0.030052832928950286,-1.1350671230802403,-0.03338943099261715
3.9406731594353914,3.664603343001005e-17,0.28560809221942884,-1.204107401231301,-0.03003665125517566,-1.1356510856116881,-0.03340219535519656
3.950735693797469,-8.673617379884035e-18,0.26704556982490235,-1.2051274062500892,-0.030010206395910746,-1.1351428124496445,-0.033350351513368265
3.9614168405532837,-4.553649124439119e-18,0.25991633531313885,-1.20395653452001,-0.029993806615246497,-1.1357180050106346,-0.033362843302593134
3.9709107130765915,2.1033522146218786e-17,0.2434264787738724,-1.2048419162006019,-0.030006286468715684,-1.1352934229241216,-0.033353674594389454
3.98171354457736,-2.6237692574149207e-17,0.23611266430063899,-1.2036517740507995,-0.029989406695594772,-1.135850447373468,-0.03336563265295792
3.991017432883382,5.637851296924623e-18,0.22769234529680382,-1.2034975882621919,-0.029987161751407133,-1.135914964813126,-0.033366977280607286
4.001583302393556,5.637851296924623e-18,0.20788302903315703,-1.20469736384146,-0.030004281495556714,-1.1353670252596795,-0.03335528610543753
4.011409625411034,5.204170427930421e-18,0.20028932820922885,-1.203497588262192,-0.029987161751407133,-1.135914964813126,-0.033366977280607286
4.024760475382209,7.37257477290143e-18,0.18144243529492354,-1.2045516067850555,-0.030002246518686732,-1.1354394922289357,-0.033356864261350816
4.03232734836638,1.214306433183765e-17,0.17509955461510762,-1.2031856063479032,-0.029982581905533042,-1.1360405918863357,-0.03336956643411683
4.042573843151331,9.324138683375338e-18,0.15730563132818853,-1.2041071088958535,-0.02999596158631065,-1.1356500802199005,-0.033361398582667054
4.052805468440056,3.252606517456513e-17,0.15083931782851018,-1.2027083777824317,-0.02993479209773671,-1.136219859700716,-0.03333236642351115
4.062675818800926,-1.3227266504323154e-17,0.1430871688928672,-1.202546754534116,-0.029891645437666453,-1.1362769871952303,-0.03329264369806102
4.07331602089107,2.211772431870429e-17,0.12482535294165542,-1.2034962612985662,-0.029783274541719893,-1.1359107325470195,-0.033162484309424936
4.083566192537546,-7.589415207398531e-18,0.11803590957162213,-1.2022195163204057,-0.029723514163511357,-1.1363870037771837,-0.03313103071250889
4.094329614192247,2.1250362580715887e-17,0.10095564154679382,-1.2030251125835618,-0.02953070741668902,-1.136093701170877,-0.0329198214271196
4.103399885818362,8.673617379884035e-18,0.0938860766184747,-1.2018867799848292,-0.029390558599450202,-1.1364912979240402,-0.0328038948911994
4.1155054066330194,2.190088388420719e-17,0.07806095371623606,-1.202543150693515,-0.029235557051688822,-1.1362672604709594,-0.032634272318926495
4.12484847009182,2.211772431870429e-17,0.07087600722675197,-1.2013888042228866,-0.02901777616732942,-1.1366880194051612,-0.032267641713402156
4.134845096617937,5.0090140368830305e-17,0.06406332868979714,-1.2012170719922046,-0.028848814699425716,-1.1367355046561571,-0.03210141361324729
4.144759230315685,3.7730235602495554e-17,0.04790135120072647,-1.2019022483687853,-0.02852868335764586,-1.1365788943483763,-0.03159393848836668
4.155647063627839,3.5128150388530344e-17,0.04042004315539105,-1.2008778052187785,-0.028260785389956335,-1.1368692357214356,-0.03134503148256197
4.165662853047252,-8.673617379884035e-18,0.024015727852366442,-1.2015724043548026,-0.027848690110707952,-1.136721753440634,-0.03074541721570361
4.175547769293189,-1.8648277366750676e-17,0.018042438893647095,-1.2003557752908733,-0.027574558328623364,-1.1370387884094142,-0.030492842358961304
4.185849133878946,5.659535340374333e-17,0.0028614188798103957,-1.201065760092795,-0.027456235772873455,-1.1369055228754974,-0.03018838350336232
4.195271480828524,1.2576745200831851e-17,-0.011396224564964974,-1.2007319766110274,-0.027189850616219077,-1.1370719611765576,-0.029581488819591623
4.205616291612387,-1.5612511283791264e-17,-0.0176651359410695,-1.199660483142872,-0.027041518672536877,-1.1373309519313068,-0.029277839399228213
4.215772971510887,7.589415207398531e-18,-0.031536367159705425,-1.2002446438803793,-0.027468258393951554,-1.1374140333744651,-0.02865806202833928
4.225698532536626,4.9439619065339e-17,-0.036391545941484915,-1.1991640075399128,-0.028436740324935934,-1.1376967330870984,-0.028432382326793557
4.2357829939574,-1.3877787807814457e-17,-0.042359553449487886,-1.19917759559109,-0.02876600621757717,-1.137758827127989,-0.027893098282676027
4.245604241266847,-2.7755575615628914e-17,-0.05659138294825766,-1.1999444531647807,-0.02919297259986997,-1.137765249007506,-0.02744078994055451
4.2556939125061035,5.811323644522304e-17,-0.06184145190700285,-1.1991802980732498,-0.03120005826160246,-1.1377347568753207,-0.027196107220783895
4.265766212716699,4.9873299934333204e-18,-0.07638693397280089,-1.2001273888598127,-0.032282490403137784,-1.1376919410564992,-0.02687150756953116
4.275827242061496,1.951563910473908e-18,-0.0819989041192869,-1.1996663467521225,-0.03481700115174141,-1.13724394062751,-0.02661093630988238
4.286176884546876,3.9898639947466563e-17,-0.0933783477285744,-1.2003750473915054,-0.03642595663282722,-1.1370074074406085,-0.02645809345990856
4.29768536798656,5.204170427930421e-18,-0.09717524671959915,-1.1995821353592158,-0.03938883545262335,-1.1358240073948953,-0.026080389186387443
4.308044720441103,2.47198095326695e-17,-0.10359061753210352,-1.1998623316083379,-0.040820037845376675,-1.135331456846821,-0.025919782442180156
4.318055959418416,2.5587171270657905e-17,-0.11503185388284048,-1.200524865277734,-0.04416283417021955,-1.1340034253608335,-0.0255399289513966
4.326861817389727,8.413408858487514e-17,-0.11923013294259355,-1.2000873871137907,-0.04605784519906056,-1.1327162544898552,-0.0253054860511186
4.3405859507620335,-1.3010426069826053e-17,-0.12932966002420843,-1.2008862584333713,-0.04749227101048071,-1.1321890045116132,-0.02496052064023073
4.349337412044406,7.37257477290143e-18,-0.13350312903259642,-1.20039491260926,-0.05082540865761918,-1.129716985474132,-0.02473042160599596
4.358863135799766,2.211772431870429e-17,-0.14186870604483443,-1.2009644811859563,-0.0522659502906298,-1.1290379197164517,-0.024565682040131126
4.368550257757306,3.642919299551295e-17,-0.14616366954558901,-1.2005691180013807,-0.055461534133611524,-1.1261877199151324,-0.0241884719002013
4.378727311268449,4.380176776841438e-17,-0.14917084444989598,-1.200444133816259,-0.05706000760587404,-1.124699045451652,-0.023998707762187044
4.388954123482108,-1.0408340855860843e-17,-0.15716627749220924,-1.2005907993063332,-0.06004271668646638,-1.1220324624170561,-0.023584497301131692
4.398891676217318,8.326672684688674e-17,-0.1617098817267581,-1.200412609356174,-0.06163721188230635,-1.1203068267967762,-0.023388881720149406
4.408918373286724,6.852157730108388e-17,-0.16848896704561844,-1.2008814346252767,-0.06283658227535917,-1.1193529905303798,-0.022986331798489974
4.419312549754977,4.336808689942018e-17,-0.17285924420965554,-1.2005081711141172,-0.06663213615002297,-1.1150765338351745,-0.022664192507000424
4.429602727293968,-4.336808689942018e-18,-0.17762837945579846,-1.200524516851658,-0.06869657973987445,-1.1127895891202335,-0.022406749297951712
4.439374070614576,3.469446951953614e-18,-0.18017973479455357,-1.1999022287306442,-0.07258003254252432,-1.1073743860238068,-0.021824313546222093
4.450200026854873,2.42861286636753e-17,-0.18318810783090195,-1.1997328794186064,-0.07428407892034175,-1.1050117926092233,-0.02156799846809906
4.4603341314941645,2.2551405187698492e-17,-0.18920866400799496,-1.1993858050928852,-0.07755719250967087,-1.1003073427652805,-0.02110457131553259
4.470791028812528,3.2959746043559335e-17,-0.192166836496298,-1.1991540948972728,-0.07897007527950975,-1.097871819543467,-0.0208451935553473
4.480733331292868,1.474514954580286e-17,-0.19872341580156883,-1.199318837767279,-0.08017096436940835,-1.0960040728013407,-0.020418158484613924
4.490522110834718,6.158268339717665e-17,-0.20080176053480492,-1.1981952543165024,-0.08340998258455126,-1.0893683596872685,-0.020086471321051014
4.500479966402054,4.336808689942018e-17,-0.20368459233409353,-1.197872168359133,-0.0841373796949238,-1.0868853330671915,-0.019917555885689865
4.510749386623502,3.469446951953614e-17,-0.2056995044535711,-1.1966771859729741,-0.08668625249202562,-1.079923044981675,-0.019310841139131327
4.520750112831593,1.474514954580286e-17,-0.20844939734942747,-1.1962132204537896,-0.0873773458452968,-1.0767586603838553,-0.019129066860008676
4.5306950602680445,4.2500725161431774e-17,-0.21404858501121127,-1.1953728509947978,-0.09028005237116901,-1.0699681368442422,-0.01849386615441233
4.540795912966132,1.5612511283791264e-17,-0.21583529185745481,-1.193933884893528,-0.09349548679857739,-1.0615501845970907,-0.018003380562926014
4.550374496728182,4.163336342344337e-17,-0.21484102362552587,-1.192939616661599,-0.09472795513383045,-1.0566212514609579,-0.017336030353411535
4.560753738507628,5.4643789493269423e-17,-0.22014755759625643,-1.1917830804764349,-0.09790537406227047,-1.0483870106404827,-0.01685957927075501
4.5705604162067175,-2.168404344971009e-17,-0.2228382621473945,-1.1912364136714637,-0.09896808268304526,-1.0444590028713554,-0.01622406438896549
4.580905567854643,-5.204170427930421e-18,-0.2256082156917129,-1.1907651222683586,-0.09982332108629147,-1.0409250041784643,-0.015555028394167126
4.590750142931938,6.765421556309548e-17,-0.22544987320409188,-1.1889847087612337,-0.1025850183336635,-1.0315083284764472,-0.015020987195023153
4.60081385076046,4.336808689942018e-17,-0.2280609595191681,-1.1883487640560704,-0.10385966313735139,-1.0271881334851882,-0.014609008194490463
4.6108742114156485,-3.469446951953614e-18,-0.22810313975744967,-1.1867659875406473,-0.10594309880549733,-1.0187685507501707,-0.013929986402996185
4.622681295499206,1.9081958235744878e-17,-0.22912710379370183,-1.1861640361604273,-0.10690700725244041,-1.0152141774867025,-0.013673861707501012
4.632012404501438,1.734723475976807e-18,-0.23277519067828467,-1.1849286410829218,-0.10920936092848978,-1.0074078659695307,-0.013237747131182335
4.641430681571364,3.642919299551295e-17,-0.23376562397057982,-1.1842893405763877,-0.11020757382306326,-1.0036889062200995,-0.013025296881869902
4.652579870074987,1.0408340855860843e-17,-0.2345248093933498,-1.1834178416766914,-0.11148534991711181,-0.9988247404672128,-0.012789261623200512
4.662703264504671,1.3877787807814457e-17,-0.23435496493491492,-1.181616364002837,-0.1139836946815371,-0.9893584588536872,-0.012543217659362295
4.6735941879451275,2.7755575615628914e-17,-0.23703618007185068,-1.1810314725575535,-0.11520139903852403,-0.9853932702720489,-0.012415361423263093
4.682689510285854,2.2551405187698492e-17,-0.2370276244460771,-1.1793884468310865,-0.11728477006810809,-0.9767284667387454,-0.012102998444829276
4.694391535595059,3.9898639947466563e-17,-0.237933902126786,-1.1786593120503581,-0.1183941970379811,-0.9725956506473777,-0.012015785644961382
4.703300891444087,5.551115123125783e-17,-0.23599326418923006,-1.176718674112802,-0.12049449950439386,-0.9629835220725808,-0.011729192930716604
4.712882859632373,2.7755575615628914e-17,-0.23873664857315358,-1.1761884130342097,-0.12153958758542804,-0.9593304746126107,-0.011610581199772785
4.722763678058982,3.469446951953614e-17,-0.24147545643856283,-1.1756498256312953,-0.1225289916565103,-0.9556563117758908,-0.01145006028707922
4.7331318240612745,-1.0408340855860843e-17,-0.24156929860832677,-1.1741035680858773,-0.1244181875577314,-0.9475027843161516,-0.011280801571082345
4.743575556203723,1.9081958235744878e-17,-0.24066870412885666,-1.1732029736064071,-0.12535579359611929,-0.9430427933524457,-0.011188369002063233
4.753650730475783,3.2959746043559335e-17,-0.24084989630650988,-1.1717431335346875,-0.12698688612895076,-0.9353229086711787,-0.010946525064393831
4.763908315449953,3.2959746043559335e-17,-0.24380723398452075,-1.1714156156764353,-0.12773185216091068,-0.9327349399031448,-0.010852252461661766
4.774118820205331,3.122502256758253e-17,-0.24408665524505757,-1.1700512169349382,-0.12920933804980034,-0.9255032963245391,-0.010622558967238295
4.784036293625832,1.0408340855860843e-17,-0.24529136094123888,-1.1696111766646005,-0.1298129433026216,-0.922853898144354,-0.01052792494069212
4.794930240139365,1.3877787807814457e-17,-0.24649578766549324,-1.1691699331025975,-0.13036425620329609,-0.9202035947204902,-0.010393129461941824
4.804894605651498,-8.673617379884035e-18,-0.24499530901103156,-1.167669454448136,-0.13168760699010262,-0.9127741941023801,-0.010162379122925905
4.815485063940287,6.938893903907228e-18,-0.2460443190064015,-1.1670718714831798,-0.1324591539275358,-0.9093550112505134,-0.010093428280146165
4.825796248391271,1.734723475976807e-17,-0.24856358300259396,-1.1662951881238073,-0.1333603823210908,-0.9046037690130858,-0.009798895856710104
4.835935989394784,3.469446951953614e-18,-0.2519103274856707,-1.1663423143261222,-0.1336418412116993,-0.9039510165699626,-0.009706397608978262
4.850334487855434,2.2551405187698492e-17,-0.2532403373624326,-1.1660211425895035,-0.13394925571469996,-0.9019252829704638,-0.009507470924894674
4.857041273266077,2.6020852139652106e-17,-0.2547043619298839,-1.1658330727628452,-0.13422841815875106,-0.9005634861532154,-0.009401423387424572
4.867063842713833,2.42861286636753e-17,-0.2584699166204304,-1.1662917069322736,-0.1341768442966634,-0.9019871979536531,-0.009389623411513625
4.87557034380734,-2.6020852139652106e-17,-0.2636904866827725,-1.1665450916894022,-0.13455232740030454,-0.9020083033056269,-0.009390202222773994
4.885634368285537,-1.734723475976807e-18,-0.2634084617305621,-1.1662630667371918,-0.13480438383708537,-0.9006123190529601,-0.00936295205982449
4.895753543823957,-6.938893903907228e-18,-0.26905103591645474,-1.1669303299325207,-0.13479980750854054,-0.9027261797968513,-0.009404444866560177
4.906444735825062,2.949029909160572e-17,-0.2709313583839354,-1.1671504174325589,-0.13479801245881975,-0.9034289955321138,-0.009418257012046448
4.916795156896114,3.122502256758253e-17,-0.27844992014135483,-1.1680190937461465,-0.1347894842743412,-0.9062312171739456,-0.009473411275269315
4.927876090630889,2.2551405187698492e-17,-0.2823468323750955,-1.1685857191912539,-0.13465845167793092,-0.9083162041655618,-0.009514401513088327
4.937290193513036,3.2959746043559335e-17,-0.2881191575734074,-1.1693559715839164,-0.13452378829472567,-0.9110858037564206,-0.009568965876578496
4.949053214862943,1.0408340855860843e-17,-0.2918731961501664,-1.1697708859942741,-0.1345173796239184,-0.9124687142543966,-0.009596325200065951
4.9586839228868484,1.3877787807814457e-17,-0.29590118482047795,-1.1704562389085962,-0.1342580571633672,-0.9152091608595808,-0.009650274026313167
4.968843374401331,3.2959746043559335e-17,-0.30541268820088074,-1.171595877473155,-0.13411205520543237,-0.9193066501399022,-0.009731448713401099
4.979780714958906,5.898059818321144e-17,-0.3094316875518067,-1.172260055889218,-0.13385033348852593,-0.9220102333812362,-0.009784831900248897
4.990916725248098,2.42861286636753e-17,-0.31879330817216484,-1.1732195540696395,-0.1338260203449536,-0.9253869862432406,-0.009852209285614795
5.00038031116128,2.0816681711721685e-17,-0.32266988197658164,-1.1737292861458748,-0.13368878469472656,-0.9273946514981088,-0.00989209812662695
5.010016303509474,8.673617379884035e-18,-0.33201935063214316,-1.1746467864397259,-0.13365981518278716,-0.9307343058442781,-0.009959046240489778
5.020394871011376,2.6020852139652106e-17,-0.33762506255212654,-1.1751831923214278,-0.13364082948100242,-0.9327269349883732,-0.00999909570954467
5.030055690556765,3.122502256758253e-17,-0.3432277358488261,-1.1757090215623318,-0.13362064098988907,-0.9347111696005002,-0.010039055188444284
5.04066495411098,4.163336342344337e-17,-0.35429279214310466,-1.1765979585261557,-0.13370312375893662,-0.9380069480068196,-0.010105982830784293
5.050021382048726,2.7755575615628914e-17,-0.35988661072418276,-1.1770925934175802,-0.13367930550123286,-0.9399687354789449,-0.010145721189134628
5.061931598931551,5.204170427930421e-18,-0.37109065888059617,-1.1780762556085138,-0.13374534032318403,-0.943874430150965,-0.010225521911976745
5.071727380156517,1.214306433183765e-17,-0.3764155388250859,-1.1782800252605827,-0.1332727658603645,-0.9446615037360482,-0.010289814736693806
5.08145871758461,4.683753385137379e-17,-0.3855853288525432,-1.178898616979525,-0.13265113674020895,-0.9473697329845325,-0.010392947135151613
5.092369165271521,5.551115123125783e-17,-0.3911611175946622,-1.1793341532943327,-0.13192261869144092,-0.9494155421591057,-0.010482154941276661
5.1015089731663465,3.642919299551295e-17,-0.39487714836449245,-1.1796194053920739,-0.13120380426110184,-0.950814939598692,-0.010558162499106433
5.114749873057008,2.6020852139652106e-17,-0.40415508655160415,-1.1803066939642324,-0.13114903090903415,-0.9539899950941653,-0.010623421216978837
5.121511749923229,4.5102810375396984e-17,-0.41342292088260196,-1.1809644749305157,-0.13109097877433062,-0.9571412009006071,-0.010688414354421494
5.134300921112299,1.5612511283791264e-17,-0.4170018899586369,-1.1810940378107542,-0.13118891328037088,-0.9577758934298444,-0.010702125210225828
5.140620777383447,-6.938893903907228e-18,-0.4261316316141693,-1.1815869225810312,-0.13124813351495598,-0.9602831956732558,-0.010754688726725383
5.151998940855265,2.6020852139652106e-17,-0.4298307490149483,-1.1818259969441915,-0.13122211202304027,-0.9615274197592877,-0.010780530496845435
5.160977158695459,6.938893903907228e-18,-0.43722381105965047,-1.1822899628258883,-0.13116849444992365,-0.9640043246499991,-0.010832084569750726
5.171170314773917,4.336808689942018e-17,-0.4390709881309685,-1.182402998858675,-0.13115476209521107,-0.9646211424088382,-0.010844946040416852
5.183824611827731,2.949029909160572e-17,-0.44645528724155387,-1.1828433178481965,-0.13109852124259705,-0.967078761084329,-0.0108962833469969
5.192510092630982,0.0,-0.4501447654485416,-1.1830563807210037,-0.13106961415333368,-0.9683017704078701,-0.010921886674993735
5.203774966299534,5.204170427930421e-18,-0.45198883025720066,-1.183161137625954,-0.13105496399320626,-0.9689118229232851,-0.01093467196283443
5.214208621531725,1.734723475976807e-18,-0.45751830537642546,-1.1834683089614595,-0.13101022722703573,-0.9707361645663858,-0.010972962168335028
5.224337482824922,-1.734723475976807e-18,-0.4593605511700562,-1.1835683326055448,-0.13099505292609034,-0.9713423377859922,-0.010985703641616738
5.23568407073617,4.5102810375396984e-17,-0.46304366283399157,-1.183764829090173,-0.13096431134671602,-0.9725517695945689,-0.011011153618887118
5.245770430192351,5.0306980803327406e-17,-0.4668451836683068,-1.1840768518614775,-0.13081142005699686,-0.9743510809750183,-0.011048315751859886
5.254387097433209,1.9081958235744878e-17,-0.4686849193752665,-1.1841707618169648,-0.13079560562738113,-0.9749514095965806,-0.011060984496714697
5.264550790190697,2.0816681711721685e-17,-0.4705241863973461,-1.184263487601789,-0.13077966039961963,-0.9755507632672605,-0.01107364218076781
5.275977022945881,1.9081958235744878e-17,-0.47236298289527745,-1.1843550291232239,-0.13076358438965763,-0.9761491413877041,-0.011086288791361552
5.291385715827346,-1.214306433183765e-17,-0.47420130703026653,-1.1844453862897286,-0.1307473776135711,-0.9767465433595339,-0.011098924315849324
5.295992067083716,5.204170427930421e-18,-0.47787653085859116,-1.1846225471977028,-0.13071457182798246,-0.9779384164687206,-0.011124162055975934
5.3056306559592485,2.6020852139652106e-17,-0.47971342687670365,-1.1847093507620112,-0.13069797285128612,-0.9785328864142046,-0.01113676424637703
5.316044628620148,2.6020852139652106e-17,-0.47971342687670365,-1.1847093507620112,-0.13069797285128612,-0.9785328864142046,-0.01113676424637703
5.327633187174797,2.6020852139652106e-17,-0.47971342687670365,-1.1847093507620112,-0.13069797285128612,-0.9785328864142046,-0.01113676424637703
5.335763482376933,1.3877787807814457e-17,-0.48154984318142985,-1.1847949696170677,-0.13068124317407667,-0.9791263778273295,-0.011149355300196704
5.3458333276212215,1.3877787807814457e-17,-0.48154984318142985,-1.1847949696170677,-0.13068124317407667,-0.9791263778273295,-0.011149355300196704
5.357915574684739,1.214306433183765e-17,-0.4835040837069543,-1.184997709447855,-0.1305427978351091,-0.9803028222936838,-0.011173514273287197
5.369106091558933,-5.204170427930421e-18,-0.48362219192921796,-1.1851158176701186,-0.13042111712240884,-0.9808857741700228,-0.011185075682770433
5.377581402659416,-5.204170427930421e-18,-0.48362219192921796,-1.1851158176701186,-0.13042111712240884,-0.9808857741700228,-0.011185075682770433
5.389178467914462,-5.204170427930421e-18,-0.48362219192921796,-1.1851158176701186,-0.13042111712240884,-0.9808857741700228,-0.011185075682770433
5.400066278874874,3.2959746043559335e-17,-0.4837401024850344,-1.185233728225935,-0.13029934079666394,-0.9814677451606695,-0.011196619421732192
5.409944221377373,3.469446951953614e-17,-0.4855749653209918,-1.1853163888735878,-0.13028239724027998,-0.9820563127452506,-0.011209134758434413
5.418873827904463,2.2551405187698492e-17,-0.48577376048549975,-1.185515184038096,-0.13014348340121654,-0.9832229082039029,-0.011233129280708663
5.429498557001352,2.2551405187698492e-17,-0.48577376048549975,-1.185515184038096,-0.13014348340121654,-0.9832229082039029,-0.011233129280708663
5.439322408288717,2.2551405187698492e-17,-0.48577376048549975,-1.185515184038096,-0.13014348340121654,-0.9832229082039029,-0.011233129280708663
5.45014919526875,8.673617379884035e-19,-0.48589088218477167,-1.1856323057373677,-0.13002154805896787,-0.9838009349109325,-0.011244601958350465
5.460508152842522,2.7755575615628914e-17,-0.48772368064196403,-1.1857122022648907,-0.13000437614720267,-0.9843855558796016,-0.011257059156164255
5.471062954515219,3.9898639947466563e-17,-0.4878404072139938,-1.1858289288369204,-0.12988236169996603,-0.9849616069499718,-0.011268496233800534
5.481015432626009,3.122502256758253e-17,-0.4879569353028941,-1.1859454569258205,-0.1297602521647592,-0.9855366730588172,-0.011279915560043893
5.490928750485182,1.6479873021779667e-17,-0.48818939556539154,-1.1861779171883182,-0.12951574831896806,-0.9866838480926549,-0.01130270091269231
5.500918909907341,1.9081958235744878e-17,-0.4882638482186752,-1.1862523698416017,-0.13018521494255755,-0.9871407341430161,-0.011265515264619287
5.51081127859652,4.336808689942018e-18,-0.48655242557685946,-1.1862938491294557,-0.1293933542528876,-0.9872559558704721,-0.011314066916312013
5.521024962887168,-1.214306433183765e-17,-0.4867066886101829,-1.186448112162779,-0.12935878368561718,-0.9884123054520795,-0.011338768410119271
5.530878867954016,4.683753385137379e-17,-0.4867820404930942,-1.1865234640456903,-0.12934130435137023,-0.9889889979140634,-0.011351102155317181
5.541097717359662,3.642919299551295e-17,-0.4866990981592872,-1.1864405217118834,-0.12955048579537717,-0.989004168936163,-0.011353165249436966
5.5539036728441715,2.0816681711721685e-17,-0.48665614178003985,-1.186397565332636,-0.1296546897712233,-0.9890117767571276,-0.01135420690927309
5.564508775249124,3.729655473350135e-17,-0.4864968501412626,-1.1862382736938588,-0.12988053354965143,-0.9884503072648894,-0.011343943652141468
5.573939887806773,3.469446951953614e-17,-0.486474415967911,-1.1862158395205071,-0.13006891731555553,-0.9890423560629746,-0.01135844093247078
5.584053983911872,2.7755575615628914e-17,-0.48637761358851744,-1.1861190371411134,-0.1302744720708274,-0.9890577341007591,-0.011360598353351603
5.5943092834204435,-3.469446951953614e-18,-0.4862872911056266,-1.1860287146582227,-0.13056146988775605,-0.9896567028213523,-0.01137628661225671
5.604524731636047,1.214306433183765e-17,-0.48617861569678805,-1.185920039249384,-0.13076411106057742,-0.9896722414022578,-0.011378524510361988
5.614537209272385,3.642919299551295e-17,-0.485662085325072,-1.1854035088776682,-0.13142702050788285,-0.9879886880637899,-0.01134800220883873
5.624729810282588,1.5612511283791264e-17,-0.48554350790548345,-1.1852849314580796,-0.13162633065947063,-0.9880044139500392,-0.011350308058487484
5.6359486021101475,1.3877787807814457e-17,-0.48501031430870406,-1.1847517378613002,-0.13228161367017732,-0.9863123549124558,-0.01131972919428641
5.645662639290094,3.2959746043559335e-17,-0.4847494072255311,-1.1844908307781272,-0.1326724267039065,-0.9863442322557483,-0.011324503409786017
5.659062819555402,2.6020852139652106e-17,-0.4844269690539064,-1.1841683926065025,-0.13308112936039976,-0.9857944447996889,-0.011316757063031674
5.665984226390719,2.2551405187698492e-17,-0.48387156991613595,-1.183612993468732,-0.133771269726327,-0.9852681841594446,-0.011312826157057951
5.675900949165225,3.122502256758253e-17,-0.4834836227399008,-1.183225046292497,-0.13419413484976722,-0.9841319811421534,-0.011292492790610164
5.689353821799159,1.5612511283791264e-17,-0.48261093687840056,-1.1823523604309967,-0.13512445269658244,-0.9818563596971861,-0.011253007884628467
5.6980341374874115,3.122502256758253e-17,-0.48174047444008045,-1.1814818979926767,-0.1360161474976279,-0.9801585269538688,-0.011226353341928475
5.709550276398659,3.469446951953614e-18,-0.4812318214217894,-1.1809732449743855,-0.13651348587059126,-0.9790137017781347,-0.011207252097602193
5.715840335935354,5.0306980803327406e-17,-0.48006569948066696,-1.1798071230332627,-0.13760815210355268,-0.9761225514473276,-0.011157327082073822
5.7283322699368,8.673617379884035e-18,-0.47952761496795343,-1.1792690385205495,-0.13809154751987202,-0.9749646367149636,-0.011138163175684168
5.736112255603075,3.2959746043559335e-17,-0.47831523737393183,-1.178056660926528,-0.13912769332379954,-0.9726463620680165,-0.011101287249012451
5.749902848154306,-8.673617379884035e-18,-0.4777451995053897,-1.177486623057986,-0.13959637646279383,-0.9714773687532925,-0.011082115842122122
5.758067563176155,1.214306433183765e-17,-0.47704948231894245,-1.1767909058715387,-0.13940238505705999,-0.9698133869662217,-0.011099748074652445
5.769854078069329,2.2551405187698492e-17,-0.47561767286645124,-1.1753590964190475,-0.14049372962605344,-0.9668547616579835,-0.011050786601859711
5.777710668742657,5.551115123125783e-17,-0.475005409279961,-1.174746832832557,-0.1409381446310033,-0.9656665741979176,-0.011031487108389746
5.789191329851747,2.949029909160572e-17,-0.473497878562209,-1.173239302114805,-0.14199225235068894,-0.962675487327763,-0.010982384496245801
5.799367535859346,4.85722573273506e-17,-0.47285338594584175,-1.1725948094984375,-0.14242087765236955,-0.9614743630794763,-0.010963041891452951
5.8088463842868805,6.245004513516506e-17,-0.47152138932857807,-1.1712628128811744,-0.1432295952588712,-0.9596883946202015,-0.010938210964120954
5.8211635909974575,-2.42861286636753e-17,-0.4707196462252364,-1.1704610697778324,-0.14374665569525202,-0.9578580029602622,-0.010906662293698521
5.830570003017783,1.5612511283791264e-17,-0.4700365649116976,-1.1697779884642938,-0.14410686467329786,-0.9566544612341819,-0.010845593051778027
5.841719752177596,1.3877787807814457e-17,-0.4686433559223315,-1.1683847794749274,-0.14409780396050054,-0.9543128175673382,-0.010855090112938164
5.8496181052178144,4.85722573273506e-17,-0.46793620919367257,-1.1676776327462688,-0.14367389098618236,-0.9531849452551777,-0.010883790042607873
5.8611644469201565,1.734723475976807e-18,-0.4664947019241403,-1.1662361254767366,-0.1434700426579898,-0.950852549860923,-0.010768694247079613
5.87071019411087,2.2551405187698492e-17,-0.4657573639452572,-1.1654987874978533,-0.14374456678542294,-0.9496376672819135,-0.010666629793514744
5.881754042580724,1.0408340855860843e-17,-0.46438052330107277,-1.1641219468536688,-0.14423213882487346,-0.9478220570895821,-0.010516622700231869
5.8916143868118525,2.2551405187698492e-17,-0.46377587794496117,-1.1635173014975573,-0.14107152925949812,-0.9476102935400337,-0.01061900980888366
5.901116356253624,4.163336342344337e-17,-0.4632001425095634,-1.1629415660621594,-0.13945204460039187,-0.9465917827704762,-0.010487931579206862
5.910896480083466,5.724587470723463e-17,-0.4617904222057913,-1.1615318457583874,-0.13577544424394847,-0.9451652853783712,-0.010660394227350576
5.9208206962794065,6.938893903907228e-18,-0.4609915230899187,-1.1607329466425147,-0.13241920464939305,-0.9468553039241878,-0.010804100123042917
5.930823804810643,2.6020852139652106e-17,-0.4598572312862275,-1.1595986548388235,-0.1312056789062406,-0.9431861661824188,-0.010748407401012188
5.940853212028742,8.673617379884035e-18,-0.45851028340872996,-1.1582517069613263,-0.12559712613269627,-0.942479285934336,-0.01102697378508316
5.950963018462062,7.806255641895632e-18,-0.457810886638139,-1.1575523101907348,-0.12407080964823278,-0.9419933391792111,-0.011114797946191145
5.961102841421962,3.642919299551295e-17,-0.456579319599469,-1.156320743152065,-0.12181099426017243,-0.9409305754527063,-0.011240855927710788
5.974568488076329,3.642919299551295e-17,-0.4558932825767235,-1.1556347061293197,-0.11595078820480263,-0.9407618262276873,-0.01156498790562599
5.982485996559262,2.0816681711721685e-17,-0.45462960602004504,-1.1543710295726413,-0.11275937821335216,-0.939724602491836,-0.011736934431589368
5.994200242683291,1.5612511283791264e-17,-0.45405739282947183,-1.1537988163820678,-0.10590308438614306,-0.9402045040409123,-0.012118526733377098
6.0031177289783955,6.938893903907228e-18,-0.4529104660235998,-1.152651889576196,-0.10357565927108534,-0.9377387531824065,-0.01221445174433282
6.015448857098818,4.163336342344337e-17,-0.4521366917714201,-1.151878115324016,-0.09833468538510987,-0.939383753018796,-0.012527259380571748
6.025382179766893,2.688821387764051e-17,-0.4516361606422558,-1.1513775841948517,-0.09484378214555861,-0.940242660384419,-0.012730646457941861
6.034931145608425,1.734723475976807e-17,-0.45064322586515165,-1.1503846494177477,-0.09057032790216674,-0.9398141240344113,-0.012956746261362482
6.044929878786206,2.862293735361732e-17,-0.45011199930877327,-1.149853422861369,-0.08274170222137683,-0.9395124020521264,-0.013366662542110937
6.0549791138619184,-3.469446951953614e-18,-0.4489900408561795,-1.1487314644087754,-0.07926459615022322,-0.9396612519600832,-0.013557482930675317
6.069808686152101,3.469446951953614e-18,-0.4484720573059174,-1.1482134808585136,-0.0713269932254746,-0.94060465844443,-0.013990419984516911
6.075451780110598,1.951563910473908e-17,-0.44762779637740496,-1.147369219930001,-0.06699938341632515,-0.9387467411427843,-0.01418648719936482
6.087392622604966,9.540979117872439e-18,-0.4469833094888532,-1.1467247330414494,-0.05899970567702923,-0.940272878082996,-0.014629823584239966
6.097072351723909,-1.734723475976807e-18,-0.4459348955231837,-1.1456763190757797,-0.05277279815139071,-0.9410537112380347,-0.01496714676442107
6.106832282617688,-6.938893903907228e-18,-0.44532313817309804,-1.145064561725694,-0.05011738813325005,-0.9404310008741789,-0.015093505996176032
6.117693996056914,8.673617379884035e-19,-0.44462062665863994,-1.1443620502112357,-0.04386090878715468,-0.9418285830560114,-0.01544067616121557
6.129952693358064,1.951563910473908e-17,-0.4442608396721193,-1.1440022632247155,-0.04117545122389445,-0.9425114426892761,-0.015590824975099785
6.137711081653833,2.3852447794681098e-18,-0.4429994107612661,-1.1427408343138623,-0.03846368827386098,-0.9425272503622933,-0.015728704105505358
6.150684975087643,1.6263032587282567e-17,-0.44249569598099386,-1.1422371195335899,-0.034886209701645715,-0.9425394400023085,-0.015911371180632076
6.159897428005934,-1.7564075194265172e-17,-0.4414568234030816,-1.1411982469556778,-0.03307285248512436,-0.9412178385648959,-0.015977880697796914
6.171031521633267,4.119968255444917e-18,-0.4409411637311362,-1.140682587283732,-0.030362401087935434,-0.9425409706638346,-0.016138974422785564
6.17993913218379,-2.5153490401663703e-17,-0.4401531766756462,-1.1398946002282424,-0.027655721016925067,-0.9412106902691848,-0.0162503592576305
6.190314004197717,1.9081958235744878e-17,-0.43949178973355957,-1.1392332132861553,-0.024045260936816124,-0.9418565903312817,-0.01644363612737391
6.200979817658663,1.1275702593849246e-17,-0.4388235722043176,-1.1385649957569135,-0.022222018364641702,-0.9411824246996883,-0.016521424578527844
6.2097986321896315,1.3010426069826053e-18,-0.4380017011886282,-1.1377431247412244,-0.020385928246215643,-0.9424925175136272,-0.01663561678788433
6.220771824941039,-1.3173056395698879e-17,-0.4373217830431027,-1.137063206595699,-0.018556597438037153,-0.9418148745635422,-0.01671298093073871
6.231304131448269,7.643625316022806e-18,-0.4362234246987052,-1.1359648482513014,-0.018490662688902662,-0.9404895436429656,-0.01668744742383308
6.241351459175348,-8.51098705401121e-18,-0.4356793166144553,-1.1354207401670513,-0.01755884927065977,-0.9391512634386173,-0.01670738580253585
6.2515142019838095,6.396792817664476e-18,-0.4348347873874497,-1.134576210940046,-0.017509916419285856,-0.9391516982559462,-0.01670651512987359
6.260755954310298,9.703609443745265e-18,-0.4354042184381306,-1.133392740061057,-0.017448516949194963,-0.9418076989839369,-0.016754267176201612
6.2707994151860476,-2.5478751053409354e-18,-0.4329854383826082,-1.132726861935204,-0.01830387062162184,-0.9384951986038585,-0.016647500760672982
6.281067492440343,7.26415455565288e-18,-0.43227437468012947,-1.1320157982327257,-0.017361606658532352,-0.9378196577418405,-0.016679309262702953
6.290901260450482,-1.463672932855431e-18,-0.4315046077738491,-1.131246031326445,-0.017323539067005848,-0.9398186348015214,-0.016715369863852556
6.302906876429915,-1.8865117801247777e-17,-0.43094204203830805,-1.1306834655909042,-0.018191452119443514,-0.9384960939113476,-0.01664554315523016
6.314846035093069,-2.8189256484623115e-18,-0.4300521500626245,-1.1297935736152205,-0.01814330831521215,-0.9384964782195793,-0.016644694092092963
6.324060168117285,7.535205098774256e-18,-0.42962170318370047,-1.1293631267362967,-0.017215701184680868,-0.9378209688575965,-0.016676606638110894
6.3350564781576395,-2.8731357570865868e-18,-0.4288539594424458,-1.1285953829950417,-0.017175932956625752,-0.9384884768161375,-0.01668812703995329
6.342710657045245,-1.5178830414797062e-18,-0.4282484631303219,-1.1279898866829177,-0.017143554023492973,-0.9384887688633978,-0.016687514283408526
6.353172549977899,1.6805133673525319e-18,-0.42754341209501984,-1.1272848356476157,-0.017101234333304682,-0.9364848919275683,-0.016649856449246894
6.365728799253702,-9.974659986866641e-18,-0.4268927461453243,-1.1266341696979199,-0.017070182890893862,-0.9378222834149557,-0.01667384602876415
6.373616127297282,5.421010862427522e-18,-0.42654267241555105,-1.1262840959681473,-0.01705518557533575,-0.9391557774334514,-0.01669807707699973
6.385516984388232,-2.0057740190981832e-17,-0.4259221460643902,-1.1256635696169863,-0.017022849514324003,-0.9391560700545196,-0.01669745290453248
6.395518258213997,1.2468324983583301e-18,-0.42574354371036877,-1.125484967262965,-0.01701529881791155,-0.9398214086991887,-0.016709541963248108
6.405309978872538,-1.9353008778866254e-17,-0.4251173912883505,-1.1248588148409466,-0.016982956688622167,-0.9398217014968833,-0.016708913519616165
6.415974251925945,-1.2197274440461925e-17,-0.4249357893470728,-1.1246772128996687,-0.016975362632433356,-0.9404861003546074,-0.016720984446231414
6.42736748047173,-1.0028870095490916e-17,-0.4247530627286758,-1.124494486281272,-0.016967751597280353,-0.9411495587262755,-0.01673303865204024
6.437236111611128,1.5178830414797062e-17,-0.4243842361925559,-1.1241256597451519,-0.016952478620542957,-0.9424736513585514,-0.01675709685303854
6.4459820818156,-1.4582519219930035e-17,-0.42369081671142345,-1.1234322402640193,-0.016920895838399175,-0.9437941206459324,-0.01678076847722612
6.455864015966654,-8.40256683676266e-18,-0.4232378476226916,-1.1229792711752875,-0.016896145719802125,-0.9431347239880322,-0.016768142177527645
6.467502163723111,-1.1058862159352145e-17,-0.42285666981878306,-1.1225980933713793,-0.016880692815593356,-0.9444531598926869,-0.016792095548024136
6.476282494142652,2.4665599424045226e-17,-0.42279576822098247,-1.1225371917735785,-0.01688144276894354,-0.9457676713289981,-0.01681630484146754
6.486223325133324,4.2825985813177425e-18,-0.42240747696987696,-1.1221489005224727,-0.016865880757365358,-0.9470785463224032,-0.016840125195568198
6.497989118099213,4.2825985813177425e-18,-0.42240747696987696,-1.1221489005224727,-0.016865880757365358,-0.9470785463224032,-0.016840125195568198
6.507569475099444,2.358139725155972e-17,-0.4220146971246653,-1.1217561206772615,-0.016850251267857795,-0.9483856330027496,-0.01686387818989704
6.517061958089471,-1.6263032587282567e-19,-0.4221451213408803,-1.1218865448934765,-0.016858751712342836,-0.9490376073901235,-0.01687605531580009
6.529788751155138,1.5720931501039814e-17,-0.42350037665706297,-1.121488898279989,-0.01684304690128091,-0.9503390017737696,-0.016899708504256747
6.539450991898775,-1.496198998029996e-17,-0.4230982440894775,-1.1210867657124042,-0.016827274703633367,-0.9516365948025397,-0.01692329409460845
6.550337892025709,7.806255641895632e-18,-0.42276602219672754,-1.120754543819654,-0.016810882739084907,-0.9516367415603167,-0.016922965353865716
6.56043491512537,-3.350184712980209e-17,-0.4226916271763246,-1.1206801487992513,-0.016811435182489065,-0.9529303812860624,-0.016946811992512856
6.569488827139139,1.22514845490862e-17,-0.42248663759773053,-1.120475159220657,-0.01680349019539463,-0.9535758454555285,-0.01695854552738937
6.5809744745492935,-1.6588293239028218e-17,-0.4222018175220197,-1.120190339144946,-0.016796028730721026,-0.9555063671198158,-0.01699397659641129
6.5900995545089245,-1.6588293239028218e-17,-0.4222018175220197,-1.120190339144946,-0.016796028730721026,-0.9555063671198158,-0.01699397659641129
6.600462982431054,-2.8189256484623115e-18,-0.42199327603639913,-1.1199817976593256,-0.01678802931430562,-0.9561480131095825,-0.017005642930706336
6.610934492200613,9.75781955236954e-18,-0.42178361456907465,-1.119772136192001,-0.016780013106259345,-0.9567887029513822,-0.017017292259536496
6.620563812553883,2.856872724499304e-17,-0.42170058845335434,-1.1196891100762807,-0.016780461210484585,-0.9580670647907297,-0.017040874224144742
6.630566973239183,1.6046192152785466e-17,-0.4211879408964757,-1.119176462519402,-0.016764732539315336,-0.9606124333294558,-0.01708750411833658
6.640886487439275,2.4774019641293776e-17,-0.4209722985699177,-1.1189608201928443,-0.01675662430758486,-0.9612464122247553,-0.01709903548556359
6.650923497974873,1.8973538018496328e-18,-0.42053765725138204,-1.1185261788743084,-0.016740357571584055,-0.962511485643237,-0.017122046911931043
6.660574601963162,-4.87890977618477e-18,-0.4202243750969896,-1.1182128967199159,-0.016732500657840037,-0.9644017284458052,-0.01715677558643944
6.671656809747219,1.8973538018496328e-18,-0.4199313405445797,-1.117919862167506,-0.016733340319377305,-0.9681560112280001,-0.017226121964695366
6.680871723219752,1.5016200088924236e-17,-0.4192519027179993,-1.1172404243409257,-0.016708513706239075,-0.9700203112468129,-0.017260054890284364
6.690980406478047,2.5478751053409354e-18,-0.4187933575878243,-1.1167818792107507,-0.016691879056509,-0.9712583288604195,-0.017282590560144515
6.702441582456231,1.8214596497756474e-17,-0.41822009155868767,-1.116208613181614,-0.016675289110993672,-0.9737225570592734,-0.017327802073713424
6.710910398513079,3.848917712323541e-18,-0.41799448205679823,-1.1159830036797245,-0.016675478708719486,-0.9761710586545611,-0.017373090261105215
6.720729036256671,-3.724234462487708e-17,-0.4176407002494864,-1.1156292218724129,-0.016667097144266587,-0.9779972606370123,-0.017406704545416908
6.731030011549592,-1.1384122811097797e-17,-0.41691681471280173,-1.114905336335728,-0.01665012416611115,-0.9816232422053677,-0.017473473252085148
6.741088079288602,6.2341624917916505e-18,-0.4165467102530507,-1.114535231875977,-0.016641532581102736,-0.9834229891586367,-0.0175066270664632
6.753039538860321,-3.198396408832238e-18,-0.41565672673593457,-1.1136452483588608,-0.01662402213148663,-0.9881789508208749,-0.01759440233922434
6.7639376521110535,-9.974659986866641e-18,-0.415267278931999,-1.1132558005549253,-0.016615187035214578,-0.9899461660990445,-0.01762699013062927
6.774346673861146,6.5052130349130266e-18,-0.41421180162899107,-1.112200323251917,-0.01658850634639933,-0.9940350418543273,-0.0177023034720995
6.785317873582244,9.75781955236954e-18,-0.41353981365524217,-1.1115283352781689,-0.01657056853579808,-0.9963497072827043,-0.0177449057968984
6.795160870999098,-2.2985086056692694e-17,-0.41300890417595293,-1.1109974257988795,-0.016552812444315463,-0.9975011377508536,-0.01776591943960501
6.804244989529252,-2.6725583551767684e-17,-0.41188968179729457,-1.1098782034202208,-0.01652522615983751,-1.0014993986895577,-0.017839647176113797
6.815884275361896,1.805196617188365e-17,-0.41106713481904344,-1.1090556564419696,-0.016498192140019803,-1.003198054093842,-0.017870664295763648
6.824635986238718,9.107298248878237e-18,-0.4101768871171485,-1.108165408740075,-0.01733293140944662,-1.0065762567466963,-0.017890487009593316
6.835889525711536,-1.5341460740669888e-17,-0.4095517032041526,-1.1075402248270791,-0.01732014341327045,-1.009356807193051,-0.017942118544552955
6.844596957787871,2.0599841277224584e-17,-0.4082254167854853,-1.1062139384084118,-0.01727972277677696,-1.012660333999338,-0.018002999826303306
6.858300747349858,1.1817803680091998e-17,-0.4076429058233162,-1.1056314274462427,-0.017260217820420292,-1.0137534573031786,-0.01802303215800929
6.865227993577719,1.848564704087785e-17,-0.40697744339966446,-1.1049659650225907,-0.017246857086197102,-1.0164682564796341,-0.01807351712982998
6.87555948458612,3.230922474006803e-17,-0.40578427383538695,-1.1037727954583132,-0.017207396719773612,-1.0186220097201388,-0.018113009154770956
6.889764716848731,2.7159264420761886e-17,-0.405181065221096,-1.1031695868440226,-0.017187563231450226,-1.0196927767598507,-0.018132646529702205
6.896009474992752,-6.1257422745431e-18,-0.4038650380864648,-1.101853559709391,-0.01715365411222316,-1.023408054154372,-0.01820153928310491
6.90638991445303,1.599198204416119e-17,-0.4030389201471474,-1.1010274417700738,-0.017131482116465178,-1.0255085849514656,-0.018240460579678316
6.915832173079252,-2.0816681711721685e-17,-0.40209755266891223,-1.1000860742918386,-0.017101149382363696,-1.0270733141548034,-0.01826918566228231
6.925803372636437,1.2414114874959026e-17,-0.4007121552787979,-1.0987006769017242,-0.017066199604149953,-1.0306881182014815,-0.018336318443339224
6.936530735343695,2.222614453595284e-18,-0.40091687661322695,-1.0989053982361534,-0.017082196274811754,-1.031711465859741,-0.018355870755122492
6.94550284743309,3.8977068100853884e-17,-0.39896442436377955,-1.0969529459867058,-0.017847975720393254,-1.0347652243483265,-0.018370364782130316
6.955347370356321,1.5178830414797062e-17,-0.3980746225800521,-1.0960631442029787,-0.01782279938680281,-1.0367750994270422,-0.018407772549860372
6.965817334130406,8.673617379884035e-18,-0.3974087338072385,-1.0953972554301648,-0.01780095559877053,-1.0377738747392002,-0.018426190236003608
6.975646236911416,1.8539857149502126e-17,-0.3957248482992779,-1.0937133699222044,-0.017746034742282053,-1.0402526432838701,-0.018471911835802685
6.985763635486364,2.927345865710862e-18,-0.3950436357380397,-1.0930321573609658,-0.01772394207579106,-1.041236872396623,-0.018490071237468035
6.995868602767587,1.6534083130403943e-17,-0.39332148228221064,-1.091310003905137,-0.01766840037306676,-1.0436792149677574,-0.018535146010417752
7.005983293056488,-3.7947076036992655e-17,-0.3926226899462282,-1.0906112115691544,-0.01846335124921234,-1.0446559603831296,-0.018512036200789096
7.016121199354529,6.179952383167375e-18,-0.3909555253918082,-1.0889440470147345,-0.01922557072026719,-1.0475462263255877,-0.018524899468727138
7.027032610028982,-8.131516293641283e-18,-0.3903383057752784,-1.088326827398205,-0.019207191642839738,-1.0489738903961514,-0.018551750194862087
7.037490323185921,-7.26415455565288e-18,-0.3894492829073999,-1.0874378045303266,-0.019182625284648876,-1.0513323170987834,-0.018596241141641292
7.048433357849717,-2.0166160408230382e-17,-0.38772296568012155,-1.0857114873030478,-0.01912652859928494,-1.0541278462074046,-0.018648581237223016
7.057978956028819,-3.7947076036992655e-18,-0.38707937873405607,-1.0850679003569823,-0.01910773135388391,-1.0555113448496165,-0.018674661541613954
7.069909421727061,-2.5370330836160804e-17,-0.3856852589171529,-1.0836737805400791,-0.019063578981821518,-1.0577961148879587,-0.01871754625699695
7.079287827014923,-1.0842021724855044e-18,-0.3846469545372948,-1.082635476160221,-0.019832240768705506,-1.059610914330603,-0.018711193663544342
7.089432323351502,1.8106176280507924e-17,-0.3832188904959868,-1.0812074121189132,-0.01978484293019727,-1.0618480359979356,-0.018753351987680522
7.100735079497099,1.8648277366750676e-17,-0.3825418396788449,-1.0805303613017712,-0.019763900519321264,-1.0631775425295515,-0.018778543525805293
7.1089029256254435,-2.927345865710862e-18,-0.3821214889979685,-1.0801100106208947,-0.019760222680834345,-1.0658076985840714,-0.018829026466550762
7.120891351252794,-2.2985086056692694e-17,-0.38025864478796123,-1.0782471664108875,-0.01969859416183338,-1.0683996947405752,-0.01887794175153992
7.131013676524162,-5.204170427930421e-18,-0.37955640959609926,-1.077544931219026,-0.01967726630646726,-1.0696812404073421,-0.018902297970572635
7.1405290104448795,2.2768245622195593e-17,-0.3783030424098588,-1.0762915640327853,-0.019645945089962674,-1.0730515056427519,-0.018966832951417482
7.1506900154054165,9.215718466126788e-18,-0.3777511686725976,-1.075739690295524,-0.018854822229192086,-1.0751169388732371,-0.019046528207019086
7.160632012411952,-2.949029909160572e-17,-0.37637409290502266,-1.0743626145279492,-0.018820999921390053,-1.0779719747862446,-0.019101099172253947
7.1705362144857645,1.951563910473908e-17,-0.3757164489603677,-1.073704970583294,-0.018807151822539538,-1.079579693780495,-0.019131965642775944
7.180799970403314,-1.6479873021779667e-17,-0.3752882407743168,-1.073276762397243,-0.018812415509079944,-1.0823514985783378,-0.0191857648893565
7.1975247617810965,-1.951563910473908e-18,-0.3726718232705556,-1.070660344893482,-0.018743915648858918,-1.0866003079888573,-0.0192671403742722
7.20289247110486,-1.2685165418080402e-17,-0.3720513787446086,-1.070039900367535,-0.01873608494975606,-1.0884880537581036,-0.019303774075168294
7.215011661872268,-2.439454888092385e-17,-0.3711407564092726,-1.0691292780321988,-0.018727478892653773,-1.0914518097938348,-0.019361473047307343
7.223102310672402,1.5612511283791264e-17,-0.36963150935906863,-1.067620030981995,-0.018692083596116765,-1.0939879158301744,-0.01941049128274256
7.232786608859897,1.2793585635328952e-17,-0.36853647799388667,-1.0665249996168131,-0.01867018084855869,-1.0961190247704757,-0.019451910692631684
7.245274702087045,-2.5587171270657905e-17,-0.3666769412032541,-1.0646654628261805,-0.01863329122817352,-1.0995831465449077,-0.019519414359020465
7.255253138020635,3.7621815385247004e-17,-0.36598825783614064,-1.0639767794590669,-0.018624918415268435,-1.1012739531875195,-0.019552622501796926
7.263760251924396,-2.439454888092385e-17,-0.3636765665162578,-1.0616650881391843,-0.018579800146078972,-1.1052195799367346,-0.01962994402850248
7.274283641949296,1.441988889405721e-17,-0.3628922044104791,-1.0608807260334054,-0.01856460366481366,-1.1064994496648222,-0.019655101441750845
7.285481149330735,4.119968255444917e-18,-0.36234986468273966,-1.060338386305666,-0.018575646730337802,-1.10900589119632,-0.019705197905700318
7.299411470070481,5.7462715141731735e-18,-0.3598053430291217,-1.057793864652048,-0.01851621140782939,-1.1120394050153386,-0.019764838221565842
7.30662252753973,2.656295322589486e-17,-0.3585718026059398,-1.0565603242288661,-0.018492811904494418,-1.113806105075548,-0.01979990320843697
7.315983200445771,6.288372600415926e-18,-0.3565372942241306,-1.0545258158470572,-0.018460043093193858,-1.1169408283160571,-0.019862549379685422
7.3252243138849735,8.890457814381136e-18,-0.35531534423176636,-1.0533038658546925,-0.01844282034727541,-1.1188652938375538,-0.01990125299884592
7.3360192980617285,-1.1492543028346347e-17,-0.35266191832836913,-1.0506504399512957,-0.018387865524265704,-1.121778758015076,-0.01995967078712965
7.345492105931044,-2.3527187142935446e-17,-0.35128858327937307,-1.0492771049022993,-0.018356764046677514,-1.1230582324295668,-0.019985339421069604
7.355443809181452,3.144186300207963e-18,-0.3505471478471933,-1.0485356694701196,-0.01836042807874752,-1.1248021388119809,-0.020021256171121563
7.365870116278529,1.0733601507606494e-17,-0.34768884093005203,-1.0456773625529783,-0.018290681610984356,-1.126963591426418,-0.02006475897953193
7.376559462398291,-1.7780915628762273e-17,-0.34631052242776184,-1.044299044050688,-0.018265555846109116,-1.1283537744117926,-0.020093240510111934
7.386447390541434,4.0115480381963664e-18,-0.34465926941649105,-1.040894191121284,-0.018186072293258908,-1.1307970317843974,-0.020143048341545487
7.3968867268413305,4.0766001685454967e-17,-0.3431461771485721,-1.0393810988533652,-0.01882794450946642,-1.1316580249166477,-0.02012328585556694
7.405689420178533,-5.854691731421724e-18,-0.34132125906551497,-1.0358018846173112,-0.018728444343717215,-1.13351462079575,-0.020161270424461385
7.415813997387886,-1.3118846287074604e-17,-0.33947711267199787,-1.0322027475902293,-0.018633998618619686,-1.1354697615239253,-0.020201847578298446
7.425498383119702,-3.9898639947466563e-17,-0.33915869677775196,-1.0301286483368417,-0.018581288272825194,-1.1365883420071408,-0.020225304662106616
7.435617957264185,2.8189256484623115e-18,-0.3371485537130121,-1.0263621309430655,-0.01847303336418732,-1.1380162432804837,-0.020254870663576646
7.446137700229883,7.26415455565288e-18,-0.3367098752363885,-1.024166388923887,-0.018407286834014217,-1.1387029220338873,-0.020268992037735092
7.455805500969291,4.401860820291148e-17,-0.3345856686303058,-1.0202844313187922,-0.018291522238057113,-1.1398607634022848,-0.020292923961170748
7.466517098248005,1.3660947373317356e-17,-0.334071899926057,-1.0180122259168258,-0.018218997186853134,-1.1403399561084853,-0.020302516128101206
7.4774953201413155,1.1058862159352145e-17,-0.3353347273340072,-1.0157561298676545,-0.01815217335656692,-1.140962821413846,-0.02031549991644107
7.487574087455869,-7.047314121155779e-18,-0.3336806052090495,-1.0123415245022158,-0.018051393285330595,-1.1418628874975414,-0.020334366076570323
7.499512808397412,1.3660947373317356e-17,-0.3355150702993564,-1.0088904749512277,-0.017949963249818988,-1.142721846639549,-0.020352500208078377
7.507311221212149,-7.806255641895632e-18,-0.3331941851268993,-1.006569589778771,-0.017881983937116656,-1.1432716335464554,-0.02036418262304761
7.520080929622054,4.109126233720062e-17,-0.33556201026734417,-1.003645839903824,-0.01779660750749224,-1.1439331425989856,-0.020378327430828798
7.527742676436901,7.806255641895632e-18,-0.33673600128588554,-1.001288770886801,-0.017727985864665664,-1.1444417598566008,-0.020389276487650772
7.540496299043298,-9.974659986866641e-18,-0.3361294393996743,-0.9989156812708051,-0.017659080522858233,-1.1449320660700029,-0.02039989931931123
7.549935037270188,-6.288372600415926e-18,-0.3372754092050272,-0.9965266090252193,-0.017589892584553922,-1.1454040533943022,-0.02041019575584508
7.560876971110702,-3.686287386450715e-18,-0.33840807160981523,-0.9941215923751475,-0.017520423156758228,-1.1458577142777113,-0.02042016563250957
7.571844570338726,2.656295322589486e-17,-0.34013417065356677,-0.992307389510831,-0.01746813702690634,-1.1461859288359268,-0.020427428638937213
7.581661574542522,4.445228907190568e-18,-0.3412235199565138,-0.9898538282137039,-0.017392482139627862,-1.1465038970907035,-0.020434129188200263
7.590393891558051,-9.540979117872439e-18,-0.34409499897525586,-0.9874060810381198,-0.017322267317323035,-1.1469117107299962,-0.020443280470566587
7.6043965164572,3.176712365382528e-17,-0.345274544394073,-0.9868112620720257,-0.017310337073928962,-1.1471086671637618,-0.020448114334248695
7.610646838322282,-9.64939933512099e-18,-0.3464530562748541,-0.9862147680312306,-0.01729838483956071,-1.1473010351784074,-0.02045286753316699
7.621083943173289,1.7889335846010823e-17,-0.3511041753896658,-0.983759483602798,-0.017233359991763578,-1.1477619798528054,-0.020463824075219215
7.63153407163918,2.1358782797964437e-17,-0.3528823623567072,-0.983759483602798,-0.017233359991763588,-1.1477619798528051,-0.02046382407521921
7.642647420987487,-1.5178830414797062e-17,-0.35635473178162097,-0.9818935139800744,-0.017180154266120004,-1.1480248158508126,-0.020469923930587823
7.650862580165267,-2.3418766925686896e-17,-0.35980729006488116,-0.9800021033708799,-0.017121177205765312,-1.148194369133459,-0.020473503547743716
7.661151736974716,1.3010426069826053e-17,-0.3621187270233201,-0.9787477904583337,-0.017085529617850568,-1.1483592603631243,-0.020477385135216984
7.671474551782012,1.1492543028346347e-17,-0.3655831636837188,-0.9768589820557051,-0.017031930115022582,-1.1485979843147285,-0.020483053932652453
7.6808630004525185,1.8431436932253575e-18,-0.36675247205467804,-0.9762426504742867,-0.01701961111010336,-1.1487513215525633,-0.020487117919868632
7.691130256280303,8.998878031629687e-18,-0.36906260192799334,-0.9749796737587131,-0.01637572115679329,-1.148894306605543,-0.020524088785704355
7.70125132240355,-1.6588293239028218e-17,-0.3713818147770334,-0.973723356351385,-0.016347145448716696,-1.14910884300298,-0.020529646435941344
7.711220532655716,-8.456776945386935e-18,-0.37257376166595696,-0.973126633705854,-0.016348026991469564,-1.1493786665268497,-0.020537479698354597
7.721165480092168,7.806255641895632e-18,-0.37376188786742076,-0.9725254898200413,-0.016348918720734656,-1.1496301000746239,-0.020544990371894643
7.732630109414458,-9.75781955236954e-18,-0.3760947821276047,-0.9712780494048843,-0.016332358839546427,-1.1499185867980408,-0.02055360603069282
7.742717992514372,2.1358782797964437e-17,-0.37840123352557603,-0.9700017853952394,-0.016303490894384477,-1.150077946231014,-0.02055819208703996
7.752321617677808,-4.336808689942018e-19,-0.3784405310988907,-0.9700410829685542,-0.016327977876700726,-1.1502741045167042,-0.02056515973856232
7.762517601251602,9.432558900623889e-18,-0.37959585910297555,-0.9694041649722493,-0.016316567773956993,-1.1503653646317067,-0.02056809629197354
7.774259874597192,3.7838655819744105e-17,-0.3796451426329812,-0.969453448502255,-0.01635351581023521,-1.150611287636688,-0.020577700656966257
7.785619668662548,1.6371452804531117e-17,-0.38081030597810983,-0.9688257760387381,-0.016354460043497616,-1.1507523071281716,-0.02058327331979512
7.794558143243194,-1.1926223897340549e-18,-0.38199717109125986,-0.9682192173278209,-0.0163865419098934,-1.1510021761234845,-0.020595163762755775
7.804675159975886,-5.442694905877232e-17,-0.38200972963475033,-0.9682317758713115,-0.016405304371958286,-1.1510647211788818,-0.02059890608542034
7.8155644834041595,-2.981555974335137e-17,-0.3820232513853147,-0.9682452976218757,-0.016430418953102446,-1.1511319996082048,-0.020603613019287537
7.824920296669006,-6.396792817664476e-18,-0.3820380507040668,-0.9682600969406279,-0.01647463774469692,-1.1512054178552664,-0.02061107216413064
7.834594681859016,8.239936510889834e-18,-0.3820417145028929,-0.9682637607394541,-0.016506430629981132,-1.1512233235392002,-0.020615793729521253
7.8462147898972034,-2.2659825404947043e-17,-0.3820338040678095,-0.9682558503043707,-0.01656409188955448,-1.151183027010517,-0.020623018705297654
7.855161191895604,1.2685165418080402e-17,-0.38202135109149926,-0.9682433973280604,-0.016596365650290632,-1.151120348398311,-0.020626324712821602
7.865481108427048,2.6346112791397758e-17,-0.38086205097769676,-0.968877521038325,-0.016659805680169087,-1.151007064565801,-0.020630051419113917
7.876038659363985,8.673617379884035e-18,-0.38084241967101395,-0.968857889731642,-0.01668596509635368,-1.1509085768020908,-0.020631846538193176
7.885833391919732,-1.0842021724855044e-17,-0.3819215434669163,-0.9681435897034775,-0.016720551364387517,-1.150619736996696,-0.02063427475617446
7.89590473100543,-6.830473686658678e-18,-0.38184526817585285,-0.968067314412414,-0.016780221157708018,-1.1502376148097542,-0.02063549084350539
7.909061471000314,-2.981555974335137e-17,-0.381815701913232,-0.9680377481497932,-0.016800230572239422,-1.1500895348642295,-0.020635531919663448
7.916210705414414,1.3010426069826053e-18,-0.38176182460462615,-0.9679838708411873,-0.016833711600660665,-1.1498197338818787,-0.020635195613541903
7.9279631823301315,-1.919037845299343e-17,-0.3816636634479529,-0.967885709684514,-0.01688762259770144,-1.1493282648835057,-0.020633605156816122
7.9379805736243725,2.883977778811442e-17,-0.38048630067757816,-0.9685017707382062,-0.016932999972200224,-1.1491249154396146,-0.020633101887683136
7.949987141415477,4.228388472693467e-17,-0.38038333415330716,-0.9683988042139354,-0.016947738668542028,-1.1486099293340724,-0.020581701059806244
7.960100244730711,8.998878031629687e-18,-0.38031952959079807,-0.9683349996514262,-0.016975165329193558,-1.1482905748293581,-0.020579615826280477
7.970371617004275,1.1600963245594897e-17,-0.3802167115370859,-0.9682321815977141,-0.016983476436978104,-1.1477764141483096,-0.020527354161931254
7.979961620643735,1.1275702593849246e-17,-0.3801470730587416,-0.9681625431193697,-0.016449474711803656,-1.1474030746226513,-0.020508963653833125
7.9888583812862635,0.0,-0.38006960635489395,-0.9680850764155221,-0.01638041750346181,-1.1470167413864956,-0.020360080101209425
7.999948468059301,-3.729655473350135e-17,-0.3799470568922644,-0.9679625269528923,-0.016359601930114383,-1.1464043375547734,-0.020257519097981347
8.014522047713399,4.445228907190568e-18,-0.3810191178830258,-0.967241164119587,-0.01629095708890748,-1.146081575229513,-0.020156854118979373
8.021066538989544,1.0516761073109393e-17,-0.3808598486541138,-0.9670818948906751,-0.016178598975170638,-1.145286873794717,-0.019905925768992378
8.029860826209188,1.1709383462843448e-17,-0.3807877924960861,-0.9670098387326472,-0.016101993619740716,-1.1449276989046206,-0.019756190409277626
8.041982064023614,4.119968255444917e-18,-0.3805599530785978,-0.966781999315159,-0.01597172244578085,-1.143790427008868,-0.019451926184107817
8.050869714468718,-2.5370330836160804e-17,-0.3805022974982737,-0.9667243437348348,-0.01636245477206226,-1.1435286592767824,-0.01922027009633233
8.060952009633183,-4.7704895589362195e-18,-0.38039184132009596,-0.966613887556657,-0.016190765056166876,-1.1429786430585094,-0.018920703358990085
8.070900283753872,3.2634485391813683e-17,-0.38004328539687526,-0.9662653316334364,-0.01614334333863439,-1.1412366036319603,-0.018706303390479843
8.080788208171725,2.2659825404947043e-17,-0.3792281641799887,-0.9654502104165499,-0.015886979789476632,-1.1404511739054093,-0.018304494061673508
8.09089676477015,-8.782037597132586e-18,-0.3790961825336411,-0.9653182287702022,-0.015580078298795996,-1.1397952982400668,-0.01780486825897633
8.100976001471281,1.599198204416119e-17,-0.3788268968662837,-0.9650489431028448,-0.015436309938724274,-1.138450833764154,-0.017494484647410498
8.111039828509092,-2.721347452938616e-17,-0.3786504690727932,-0.964872515309354,-0.01530420696590912,-1.137570473707247,-0.017238011202987298
8.121103543788195,-9.75781955236954e-18,-0.3782791736381167,-0.9645012198746779,-0.014971743259505194,-1.1357184473002802,-0.016624102650936546
8.131142266094685,3.415236843329339e-18,-0.3769487597070834,-0.9649642297677115,-0.0148285865037922,-1.1347486007438066,-0.016316606176327502
8.141214020550251,2.0274580625478933e-17,-0.3764174323285213,-0.9644329023891494,-0.014482664793063692,-1.132096638062141,-0.01564282208239939
8.151645500212908,1.0462550964485118e-17,-0.3761590187988261,-0.9641744888594541,-0.014322720943321272,-1.1308067362238396,-0.015330847346379437
8.162305174395442,-4.174178364069192e-18,-0.3758433578679007,-0.9638588279285287,-0.013895501932701794,-1.1292340815145852,-0.014616233795610462
8.173058176413178,-1.5612511283791264e-17,-0.37514056969283704,-0.9631560397534651,-0.013734813470330984,-1.1257224763200528,-0.01418242775405773
8.182577196508646,1.4474099002681484e-17,-0.37582553675356,-0.9620475829901212,-0.013949779674529175,-1.123492438905793,-0.01372606541749899
8.192569211125374,2.656295322589486e-18,-0.3750357319142049,-0.9612577781507661,-0.01346858197252278,-1.1195493815104625,-0.012838265225420106
8.203632343560457,-7.806255641895632e-18,-0.37464905074831434,-0.9608710969848755,-0.013206461669845826,-1.1176192127508762,-0.012369810670928863
8.215726658701897,1.463672932855431e-18,-0.37384356000865504,-0.9600656062452162,-0.012750625709484494,-1.1135974287374815,-0.011532570898604141
8.22388357296586,-3.7947076036992655e-18,-0.373424258010307,-0.9596463042468681,-0.012522275887436603,-1.1115037637450442,-0.0111137900068593
8.235083727166057,3.9302328752599536e-18,-0.3729906765616523,-0.9592127227982135,-0.012083558341792313,-1.1093412097413846,-0.010393155481307826
8.245452266186476,-1.8079071226195786e-17,-0.3721021887737125,-0.9583242350102736,-0.011940975460840247,-1.1049007371234256,-0.010008657229507816
8.256114857271314,-5.014435047745458e-18,-0.371640209549535,-0.9578622557860959,-0.011782080722551894,-1.1025928722405043,-0.009690884989565468
8.265484793111682,5.204170427930421e-18,-0.37075405366082503,-0.9569760998973862,-0.011527146413299516,-1.0981653956812067,-0.00915877193777684
8.274694602936506,-1.9922214919421144e-18,-0.3703322531961082,-0.956554299432669,-0.011395962884882007,-1.0960580825867916,-0.008894246747438526
8.285060044378042,-1.3823577699190182e-18,-0.36939163625686244,-0.9556136824934236,-0.011141132856958235,-1.091358316035869,-0.008363824591149333
8.29509525001049,-8.38901430960659e-18,-0.368944801944613,-0.9551668481811739,-0.011009971930574175,-1.0891258410202889,-0.008100292599173943
8.30527930893004,-1.4772254600114998e-18,-0.36848905516788555,-0.9547111014044467,-0.010808112341868037,-1.0868496478776348,-0.007737299690830096
8.315475795418024,2.4801124695605914e-18,-0.3676383267737733,-0.9538603730103341,-0.010785816537445446,-1.0825965290637267,-0.007563412876317702
8.32577301748097,-1.3552527156068805e-18,-0.3671624918217068,-0.953384538058268,-0.010725584692061647,-1.0802182153992428,-0.007400803465487429
8.336720034480095,-8.666841116306001e-18,-0.3663510638587594,-0.9525731100953205,-0.010554565750193758,-1.0761633570181026,-0.007031141990233666
8.345823626965284,-1.2353128502756716e-17,-0.3658549951063451,-0.9520770413429063,-0.010529989953039547,-1.0736834560848427,-0.0069189213783412175
8.355852698907256,-1.395910297075087e-17,-0.36500962164436535,-0.9512316678809265,-0.010394734357642398,-1.0694584548191701,-0.0066004882334555984
8.366456300020218,-1.2671612890924333e-18,-0.3645794092232745,-0.9508014554598356,-0.01036265814408727,-1.06730790486149,-0.006491040971224871
8.376494454219937,-1.877702637473333e-17,-0.36414283240745404,-0.9503648786440149,-0.01025967944460644,-1.065126378779408,-0.006283247670174481
8.385887455195189,-1.4409724498690157e-17,-0.3631665483028377,-0.9493885945393985,-0.010239200307644225,-1.0602454978346905,-0.006112531672434474
8.395989209413528,-7.277707082808949e-18,-0.36234887971027396,-0.9485709259468351,-0.01023887847210064,-1.0561574064646784,-0.005995429930229595
8.40570156276226,-5.675756021314253e-18,-0.3618837765860231,-0.9481058228225843,-0.009994023169952765,-1.0538349461783403,-0.0055938262755454065
8.416051730513573,4.3473966017826965e-18,-0.3609447131298954,-0.9471667593664566,-0.010001974071338416,-1.049139818807712,-0.005476122046471535
8.42587085813284,1.0376153603865179e-17,-0.3603712828772977,-0.9465933291138589,-0.010014010866283927,-1.0462726980314736,-0.005415333186751972
8.437710734084249,-1.4290504611364115e-17,-0.3592013267956685,-0.9454233730322295,-0.010002857986015787,-1.0404234048800387,-0.005245541818224817
8.44664479792118,3.653385450405806e-18,-0.3586048440627799,-0.9448268902993411,-0.009979653377515453,-1.037441448150246,-0.005136779672757379
8.459395941346884,-9.82769977051802e-18,-0.3573899572605608,-0.9436120034971216,-0.009969132376452444,-1.0313675074893625,-0.004968196690177452
8.470080425962806,-6.441685563868954e-18,-0.3566674101228756,-0.9428894563594368,-0.009954285256905566,-1.027755167458945,-0.004858258117284041
8.479351105168462,-7.855383552836381e-18,-0.35519163521023345,-0.9414136814467946,-0.009889373395308841,-1.0203775126880086,-0.004591882063494618
8.489998083561659,-2.3005414847426797e-18,-0.3545464941279999,-0.9407685403645607,-0.009831166707416905,-1.0171526955696666,-0.004437674838534085
8.50045095011592,4.5197678065489466e-18,-0.3537848177686701,-0.9400068640052313,-0.009781169092373535,-1.0133451396683113,-0.004282222730468697
8.509397191926837,7.755433665060374e-18,-0.3522317363521771,-0.9384537825887385,-0.009681494887568854,-1.0055813895635144,-0.003973521421614115
8.52011151984334,1.5077186461126546e-18,-0.3514404111796542,-0.9376624574162153,-0.009631814547489544,-1.0016255948037096,-0.003820318360243858
8.531163519248366,-8.063753657860939e-18,-0.34971152553377916,-0.9359335717703403,-0.009505307038216844,-0.9929831962074189,-0.003468135259442164
8.539261313155293,-1.734723475976807e-18,-0.34877149132251783,-0.934993537559079,-0.00946418827161675,-0.9882837994097144,-0.0033160380657849594
8.550837852060795,-4.723055713889979e-18,-0.34709541303292357,-0.9333174592694844,-0.009330058336090219,-0.9799055123199942,-0.0029716819644354246
8.5602319072932,1.5178830414797062e-18,-0.34624282528796846,-0.9324648715245294,-0.009245261820479862,-0.9756438412334536,-0.0027781897257625025
8.571577774360776,-3.4558944247975454e-18,-0.3453810704550634,-0.9316031166916248,-0.009196267025365962,-0.9713359113529264,-0.0026316744805985784
8.58160769380629,-1.870248747537495e-18,-0.3436294498995286,-0.9298514961360898,-0.009134278493377238,-0.9625790771565501,-0.002386895307336046
8.591498704627156,-2.656295322589486e-18,-0.3427393420771222,-0.9289613883136834,-0.009085549959456879,-0.958129387750579,-0.002243160275383622
8.600963439792395,-2.6020852139652106e-18,-0.34106194413571733,-0.9272839903722785,-0.009051450024800182,-0.9497433121890481,-0.002049374712008024
8.610840786248446,-5.421010862427522e-20,-0.3402766126137081,-0.9264986588502693,-0.008994560009551858,-0.9458175696792299,-0.001909288344623358
8.621245495975018,2.3852447794681098e-18,-0.33868591481926924,-0.9249079610558304,-0.008916699058392217,-0.9378654894494007,-0.0016762505914226984
8.631031354889274,2.5343225781848666e-18,-0.3380151912155932,-0.9242372374521544,-0.00888730241736432,-0.9345124245624412,-0.0015837698357597692
8.642530601471663,-6.2341624917916505e-19,-0.33720450461285034,-0.9234265508494113,-0.008902148002940724,-0.930459060494845,-0.0015351054390229236
8.650363706052303,-3.889575293791747e-18,-0.3350097232048842,-0.9212317694414454,-0.008894327117131494,-0.9194859115852793,-0.0013487949307661974
8.662328613922,-2.995108501491206e-18,-0.33431403162703976,-0.9205360778636009,-0.008865132756780185,-0.9160080119853784,-0.0012587505134453527
8.670662499964237,-4.512991542970912e-18,-0.33361397657544567,-0.9198360228120066,-0.008871744845619103,-0.9125078701506599,-0.0012125185354427597
8.68173997849226,-3.63207727782644e-18,-0.33205768701420657,-0.9182797332507677,-0.008857793380823596,-0.9047270599745725,-0.0010774710629814941
8.691015815362334,-2.6156377411212794e-18,-0.3313429381743699,-0.917564984410931,-0.00882873632908502,-0.9011538782049365,-0.0009895115298372194
8.701077859848738,-1.870248747537495e-18,-0.3299001583389348,-0.916122204575496,-0.008806490107192302,-0.8939406809920402,-0.0008578432311175282
8.712174881249666,-3.0086610286472748e-18,-0.32917186372487006,-0.9153939099614312,-0.008741737982844477,-0.8903001993183547,-0.000729248025611924
8.725034404546022,-3.835365185167472e-18,-0.3277022034580195,-0.9139242496945803,-0.008648090128083433,-0.882953457955322,-0.0005168383185897224
8.732509654015303,-2.371692252312041e-18,-0.32681199612208156,-0.9130340423586427,-0.008591948603394135,-0.8785033592453815,-0.00039090736856789486
8.743863858282566,-2.1819568721270777e-18,-0.32591558966949974,-0.9121376359060609,-0.008571628939132294,-0.8740218404589396,-0.00030772822013022574
8.755365816876292,-2.0599841277224584e-18,-0.32410396724343726,-0.9103260134799984,-0.008495303596524808,-0.8649651857358012,-0.00010251135727624744
8.765850288793445,-3.5236570605778894e-19,-0.32222429310173273,-0.9084463393382939,-0.008438710246579181,-0.8588585544124115,1.8869158407007914e-05
8.775929544121027,-8.673617379884035e-19,-0.3192084345619023,-0.9054304807984636,-0.008211862836793735,-0.8503749287386941,0.00034060420279934534
8.785510137677193,-1.2468324983583301e-18,-0.31776997619477354,-0.9039920224313349,-0.008058896358474836,-0.8464864476017586,0.0005399930819365858
8.795977672562003,-1.599198204416119e-18,-0.3156979870658835,-0.9019200333024444,-0.007833615695531398,-0.8394350540788653,0.0008540882827329959
8.805572731420398,-7.318364664277155e-19,-0.31193924846335874,-0.89816129469992,-0.00771849719918502,-0.8339014409315647,0.0009678672177190441
8.81509093940258,-4.0115480381963664e-18,-0.31013271091453964,-0.8963547571511008,-0.007533204841793593,-0.8315222837744701,0.0011638923067901945
8.828622821718454,0.0,-0.30535573553214046,-0.8915777817687016,-0.007243999179267713,-0.824333060396094,0.0014691566423295187
8.835878012701869,-2.4665599424045226e-18,-0.303694695633553,-0.8899167418701142,-0.007052495195197572,-0.8227324552900062,0.0016634221434967068
8.845859128981829,-2.168404344971009e-18,-0.2986888078528023,-0.8849108540893635,-0.006726380989774598,-0.8179007372310665,0.0019679735691520554
8.855783747509122,-2.4936649967166602e-18,-0.29280690846051993,-0.8790289546970811,-0.006534638912334515,-0.8122170117457859,0.0021115596734299314
8.866896776482463,-2.8189256484623115e-18,-0.2906034054159047,-0.8768254516524657,-0.006151570390117855,-0.811425244997383,0.0024986677000215216
8.876482462510467,-3.198396408832238e-18,-0.28482767524871977,-0.871049721485281,-0.005922834985057053,-0.8065233594327157,0.00267874777350734
8.885768556967378,-1.6263032587282567e-19,-0.2827666499699053,-0.8689886962064666,-0.005571782356324762,-0.8065504694523833,0.003027074750552205
8.895929042249918,3.577867169202165e-18,-0.2798445780961639,-0.8660666243327251,-0.005149500052797089,-0.8057654759629139,0.0034490723734635666
8.907859871163964,5.421010862427522e-19,-0.2734614294930253,-0.8596834757295866,-0.004908950416571394,-0.8016617745359287,0.0036262382077887406
8.918391037732363,-4.174178364069192e-18,-0.2705030978685473,-0.8567251441051085,-0.00462838223082279,-0.8008622772860865,0.0038918469586097758
8.929937133565545,6.776263578034403e-18,-0.2645512374217982,-0.8507732836583594,-0.0041736735302556165,-0.7992529566503119,0.004306703503751775
8.938728407025337,-5.421010862427522e-18,-0.26172587819445836,-0.8479479244310195,-0.00389253237316514,-0.7992849311923491,0.004575053908636274
8.94966010376811,-3.0357660829594124e-18,-0.2565907638660788,-0.84281281010264,-0.00339070316545813,-0.7985198547923509,0.0050674981624306056
8.959506081417203,-1.6263032587282567e-18,-0.2535704692521723,-0.8397925154887333,-0.0031650301601670477,-0.7977398476612851,0.005399570925558761
8.970579493790865,3.577867169202165e-18,-0.25137589463421406,-0.8375979408707753,-0.0026454992974247657,-0.8011337926392227,0.005954670123343
8.980363763868809,8.456776945386935e-18,-0.2449422695701778,-0.831164315806739,-0.0026077555386139857,-0.7978799531979772,0.0062933796270075205
8.98946850374341,2.8189256484623115e-18,-0.2420448952639577,-0.828266941500519,-0.002518957822844618,-0.7979324476209286,0.006621220608771879
8.99953525327146,-2.3852447794681098e-18,-0.23729043777750078,-0.8235124840140619,-0.002081914707627892,-0.7997177666609651,0.007375883917764864
9.01103793270886,-7.48099499014998e-18,-0.23453283732612032,-0.8207548835626814,-0.0021451522781998477,-0.8006133258548286,0.007844723471492327
9.020508861169219,1.1600963245594897e-17,-0.22956560819188346,-0.8157876544284446,-0.0020287154674536365,-0.801574872409192,0.008715828987541172
9.030690623447299,7.589415207398531e-19,-0.2275189091055275,-0.8137409553420888,-0.002902542343173498,-0.8023869731143387,0.009456688248813893
9.040439611300826,0.0,-0.22647546288888462,-0.8126975091254458,-0.0029631643200478596,-0.8082434741700595,0.01037187105373148
9.051509140059352,1.4148838350935833e-17,-0.22184714313586182,-0.8080691893724227,-0.004282571519858455,-0.8072250263781431,0.011204272094422391
9.06202283129096,2.439454888092385e-17,-0.22087767051182042,-0.8070997167483815,-0.004689215237684824,-0.8096581592389451,0.012199561091795989
9.070813497528434,1.620882247865829e-17,-0.2170393167400105,-0.8032613629765717,-0.005667505919029351,-0.8127475484409121,0.012889260064007587
9.080945286899805,3.0899761915836876e-18,-0.2161756305903991,-0.8023976768269603,-0.0076848775144076715,-0.8153749782006003,0.013835564182558878
9.094467101618648,-2.303929616531697e-19,-0.2143191352525793,-0.8005411814891403,-0.008697604992219414,-0.820829808742286,0.01491423354051862
9.100793218240142,-2.168404344971009e-18,-0.21126805014657116,-0.7974900963831324,-0.010836409270691256,-0.8199293545381346,0.01578692641937495
9.110955188050866,3.7947076036992655e-18,-0.21195633808838446,-0.7981783843249454,-0.012885516110305341,-0.8263812650466658,0.017043461822976752
9.120403872802854,1.431146867680866e-17,-0.21050101328714674,-0.7967230595237078,-0.01384601089828385,-0.8301112896560154,0.017987120707116767
9.130524061620235,1.3118846287074604e-17,-0.21003086000621699,-0.7962529062427781,-0.015605362463889097,-0.8307872500536895,0.018696117875439965
9.140874458476901,-6.505213034913027e-19,-0.20931460041369407,-0.7955366466502554,-0.016812396212968928,-0.8343175595816765,0.019619742328907796
9.152960466220975,1.214306433183765e-17,-0.20914952381172833,-0.7953715700482895,-0.01858885471068678,-0.8365952904910468,0.020290566482026557
9.163045447319746,2.3852447794681098e-17,-0.20873963118866526,-0.7949616774252263,-0.01911989939438815,-0.8379597331880351,0.021088843075955606
9.171702971681952,1.3660947373317356e-17,-0.20859382366847382,-0.794815869905035,-0.020118766627313624,-0.8407295717209882,0.021568997218095735
9.183272577822208,1.0191500421363742e-17,-0.2087180053447064,-0.7949400515812677,-0.021541142893697664,-0.8405825558641657,0.02209412010412063
9.192911181598902,-3.469446951953614e-18,-0.20892020421430055,-0.7951422504508617,-0.02172631960782259,-0.8412780186515495,0.02271642475454635
9.203103406354785,7.589415207398531e-18,-0.20873915528778594,-0.7949612015243471,-0.022816156261720746,-0.8395999037936861,0.023142919831668267
9.212974278256297,-3.903127820947816e-18,-0.20860481384567883,-0.79482686008224,-0.02330678632478841,-0.8383267494506573,0.023691003671199234
9.224257033318281,1.0191500421363742e-17,-0.20839446402442305,-0.7946165102609841,-0.02485370106600726,-0.8361777442155582,0.024141044844221107
9.232883978635073,-4.336808689942018e-19,-0.20840920268573113,-0.7946312489222923,-0.02535803938378963,-0.8357215927111628,0.02460440372908653
9.245237639173865,3.2526065174565133e-18,-0.20786986823208273,-0.7940919144686439,-0.026935359955069828,-0.831595294928499,0.02502049759263019
9.254370473325253,3.9898639947466563e-17,-0.20769446012231904,-0.7939165063588803,-0.027573457407897628,-0.8300602923149696,0.02528986868833787
9.264553079381585,2.168404344971009e-18,-0.20722596168735316,-0.7934480079239145,-0.02787252365821655,-0.826965643557511,0.025583388667040425
9.2722293343395,2.7321894746634712e-17,-0.2071506363390778,-0.7933726825756391,-0.029283790438231084,-0.8255216596657028,0.025857020399673827
9.285079319030046,9.974659986866641e-18,-0.2066584557905284,-0.7928805020270897,-0.02952683470434151,-0.8224115307862029,0.025940615256192248
9.2959202863276,2.6020852139652106e-17,-0.20662419392941198,-0.7928462401659732,-0.030201253549487217,-0.8216688956310735,0.02610553646085848
9.304591676220298,4.5102810375396984e-17,-0.20660602530730884,-0.79282807154387,-0.03048761016135788,-0.8213536735029829,0.02614725305890308
9.317052640020847,-1.734723475976807e-18,-0.2075007164032119,-0.7937227626397731,-0.03096317900852758,-0.821629759887629,0.026236022142653602
9.327741419896483,1.691355389077387e-17,-0.20842218807339127,-0.7946442343099526,-0.031009410988590128,-0.8223823726573001,0.026262341658240283
9.335863860324025,1.691355389077387e-17,-0.20842218807339127,-0.7946442343099526,-0.031009410988590128,-0.8223823726573001,0.026262341658240283
9.34605409950018,1.5178830414797062e-17,-0.20872273415325723,-0.7949447803898184,-0.03133032981065361,-0.8239575537340069,0.02629717834973854
9.356016436591744,4.2500725161431774e-17,-0.20902261022831634,-0.7952446564648775,-0.03165109623144456,-0.8255294389815968,0.026331935934394698
9.365993613377213,3.599551212651875e-17,-0.2103906867727651,-0.7966127330093263,-0.03217983073592174,-0.8286269906570792,0.026410076312253915
9.37799153663218,0.0,-0.21130941147415097,-0.7975314577107122,-0.03222767198734305,-0.8293720792652746,0.026436202532289652
9.389154406264424,2.7321894746634712e-17,-0.21237602312081985,-0.7985980693573812,-0.03243640604225169,-0.8308960335513549,0.026479531344886058
9.399084443226457,3.469446951953614e-18,-0.21358951505155985,-0.7998115612881209,-0.0328066294411957,-0.8331938240152257,0.026539942247918724
9.40916758403182,-2.1250362580715887e-17,-0.2145053449675243,-0.8007273912040854,-0.03285508783910338,-0.8339338846554478,0.02656592836012434
9.42035054974258,4.336808689942018e-18,-0.21680497942376606,-0.8030270256603272,-0.032514041022371286,-0.8338251681042095,0.026592403776872185
9.429974777624011,9.974659986866641e-18,-0.21863991224263737,-0.8048619584791984,-0.03245932396701218,-0.8354651715763189,0.026623091644364466
9.43922147154808,5.334274688628682e-17,-0.22107737899059496,-0.807299425227156,-0.032275728935444524,-0.8361312987944957,0.026666470689928695
9.449260648339987,-9.540979117872439e-18,-0.22382180620523726,-0.8100438524417983,-0.03211584116368888,-0.8386656123691365,0.026701080914954746
9.459208285436034,1.734723475976807e-18,-0.2283577936974225,-0.8145798399339836,-0.032195517254230976,-0.8424952313523593,0.026807625161287398
9.470832915976644,-1.734723475976807e-17,-0.22987960850688802,-0.8161016547434492,-0.03181020964016846,-0.842588524950818,0.02680319799788822
9.480821011587977,-1.3444106938820255e-17,-0.2321613753419455,-0.8183834215785066,-0.031156682692174902,-0.8428107363794346,0.026785359275293047
9.494843306019902,1.6479873021779667e-17,-0.2381594716013908,-0.8243815178379519,-0.030986132640099452,-0.8465570618007343,0.026906933235226124
9.501507638022304,2.862293735361732e-17,-0.24429232243248186,-0.830514368669043,-0.029879402560034175,-0.8473802198566444,0.026946352025525942
9.511402675881982,-3.903127820947816e-18,-0.24741828786161132,-0.8336403340981724,-0.02859460947422303,-0.8441669918316257,0.026920594139454176
9.522782264277339,4.336808689942018e-17,-0.2555317432541613,-0.8417537894907225,-0.027859341528182726,-0.8479858695817724,0.027041630562342628
9.533051809296012,2.883977778811442e-17,-0.26006089567675694,-0.846282941913318,-0.027262827022431803,-0.8485375053832168,0.027076450523868218
9.545590886846185,4.575333167888829e-17,-0.2684734618114739,-0.8546955080480352,-0.025294484920745215,-0.8466404696463401,0.027140191146499106
9.554517947137356,3.838075690598686e-17,-0.27263737180154146,-0.8588594180381024,-0.024302461156288157,-0.8456759588112412,0.027141080190309173
9.56476953625679,2.710505431213761e-17,-0.2823154009371792,-0.8685374471737404,-0.021911747001520203,-0.8437208061580536,0.027219410444039967
9.575526788830757,2.3418766925686896e-17,-0.2870975854740805,-0.8733196317106418,-0.02069969737345808,-0.8427281098524804,0.02722765809310447
9.585650278255343,-7.047314121155779e-18,-0.290363624721649,-0.8765856709582102,-0.017686557581802032,-0.8340387772731267,0.02703721553414352
9.596123192459345,-3.415236843329339e-17,-0.30163078253908115,-0.8878528287756423,-0.01635017964968085,-0.8382121471103856,0.027255688856308316
9.604762177914381,5.664956351236761e-17,-0.306948939700432,-0.8931709859369933,-0.014924838701826374,-0.8370252162991437,0.02732592714174187
9.616700038313866,3.247185506594086e-17,-0.3174516437540038,-0.903673689990565,-0.011780697246240472,-0.8350251909146187,0.027415517248848813
9.625275457277894,-1.3354321446411299e-17,-0.322631692023276,-0.9088537382598372,-0.010159794212067592,-0.8340284317599864,0.027459655384829203
9.639558967202902,5.963111948670274e-17,-0.33444501438606933,-0.9206670606226306,-0.006836720750382016,-0.8335271457911517,0.027595284689321063
9.646508580073714,1.805196617188365e-17,-0.34046979653016096,-0.9248978327206577,-0.005112113788910536,-0.831796151473809,0.027613726651101855
9.655985297635198,4.672911363412524e-17,-0.34559563377802305,-0.928229075494468,-0.001174886447618678,-0.8222738001861865,0.02746906268409341
9.667440185323358,9.64939933512099e-18,-0.35995131885248405,-0.9407895834614839,0.0008309709571328327,-0.8280203176631401,0.027736906005251614
9.67593827843666,5.074066167232161e-17,-0.3739120429636729,-0.9547503075726727,0.0027073838693481567,-0.8359679595408072,0.028065521800900616
9.685697697103024,6.787105599759258e-17,-0.3801144892798792,-0.9573606589550987,0.007546992288708256,-0.8242377535523242,0.02789841900021027
9.695987725630403,1.951563910473908e-17,-0.3925813655639713,-0.9680306210049491,0.013625486151655389,-0.8175324721898993,0.027901179501272896
9.708036061376333,6.635317295611287e-17,-0.40114243352625784,-0.9711975007597994,0.016484019048520582,-0.8126666491591641,0.027845988578460143
9.71617272682488,4.7271214720367993e-17,-0.4129489642492074,-0.9830040314827488,0.022743957666809256,-0.8080452770099968,0.027965761610248156
9.72780528664589,5.160802341031001e-17,-0.42189238097207626,-0.9865481295064239,0.025966180762941018,-0.8031228156620227,0.027914598268414074
9.738627942278981,3.903127820947816e-18,-0.43423995155173534,-0.9970947954746847,0.03242258210568608,-0.7979238635222062,0.027947694294819886
9.747824896126986,3.599551212651875e-17,-0.4425536357850502,-1.0018049837222787,0.03581270120419349,-0.7945341174163207,0.027941914761627534
9.760154891759157,-2.2985086056692694e-17,-0.44835965149387164,-1.0040052664407333,0.04168572832374798,-0.7814438159262188,0.02771436343555548
9.768181355670094,3.0357660829594124e-17,-0.46285861908524795,-1.0167005331670005,0.04533654189984548,-0.7883668397681673,0.028013964875900185
9.778592241927981,3.209238430557093e-17,-0.4716379046889847,-1.0200654003417737,0.04837624926191629,-0.7850254974585025,0.02801915448972884
9.789693066850305,5.0306980803327406e-17,-0.48469112890414245,-1.0295062671256927,0.0542732175859837,-0.7831788671329112,0.02821205548378481
9.799594964832067,-8.673617379884035e-19,-0.4935972223052574,-1.0329897427856056,0.0569197804195479,-0.7814635425377192,0.028250174613875172
9.808770963922143,4.336808689942018e-18,-0.5060633302272453,-1.0436472302649809,0.06239534517916445,-0.7837162001483295,0.028591813627729744
9.819787798449397,1.734723475976807e-18,-0.5138838544212149,-1.0478489026313174,0.06472980326229805,-0.7844703889855784,0.02874033848140746
9.830073231831193,-1.214306433183765e-17,-0.5214306960599353,-1.0499634663179631,0.06928363350978967,-0.7772152048744551,0.02880161290608427
9.84481531009078,7.112366251504909e-17,-0.5355305215447304,-1.0604391274864755,0.07212248870025405,-0.786766757696985,0.029211533109823842
9.850551351904869,2.949029909160572e-17,-0.5443065234462011,-1.0637749506327918,0.07449639785024635,-0.7867636415361507,0.029358062648335344
9.861069031059742,7.112366251504909e-17,-0.5558572925750769,-1.0735112854881361,0.07880282410985531,-0.7931437813152898,0.02984883923263615
9.871413510292768,6.158268339717665e-17,-0.5633318403337952,-1.0773554135528935,0.08157251576025498,-0.7942719354506673,0.030124020652182656
9.88104129396379,4.597017211338539e-17,-0.574676887018295,-1.0868844784473835,0.08683921228065664,-0.8001331460269641,0.030701937265824104
9.892953326925635,2.168404344971009e-17,-0.5814001280668648,-1.0899742211097814,0.09024269268282982,-0.7999663707086417,0.03101261679176888
9.900927901268005,4.163336342344337e-17,-0.5954771363459016,-1.0967781442715179,0.0961612767194761,-0.8017026524391556,0.03157320995252421
9.912117226049304,-1.734723475976807e-17,-0.6012134629587744,-1.100694941805711,0.10141731704849173,-0.8017708218825756,0.032105133786164246
9.923086209222674,7.632783294297951e-17,-0.6124323187285589,-1.1100937690153774,0.10641904647717935,-0.8117440584442723,0.03282710521914183
9.930389752611518,9.8879238130678e-17,-0.616132341205923,-1.1119732652712158,0.11678187085645524,-0.8018939243307501,0.03355203124269154
9.940952729433775,8.760353553682876e-17,-0.6258978560571236,-1.1199177580600073,0.12518037596596887,-0.8075363758905341,0.034502346316984595
9.952658938243985,4.5102810375396984e-17,-0.6323188192786348,-1.1226951969186338,0.1301296852521422,-0.8075218799989761,0.03500553198226859
9.961511535570025,3.209238430557093e-17,-0.64193190886517,-1.1286628006374282,0.13854577946844254,-0.8099688677457745,0.035870333753807916
9.971135530620813,1.3530843112619095e-16,-0.6458237992590421,-1.1325546910313,0.1486569414859954,-0.8077142627350252,0.03679751554021219
9.981120308861136,1.0408340855860843e-16,-0.6524621930312184,-1.1391930848034768,0.15704244837112946,-0.8131100671179989,0.0377842666539953
9.992337711155415,-2.0816681711721685e-17,-0.655606085348603,-1.1423369771208614,0.16779542305823372,-0.808955622767898,0.03871249457793037
10.004880644381046,1.734723475976807e-16,-0.6580220957290785,-1.1447529875013367,0.17595368434437147,-0.8063083191905152,0.03943261032920662
10.012853175401688,1.3357370765021415e-16,-0.6641616910399555,-1.1508925828122134,0.18745564949745927,-0.8079430777705323,0.04058848561842534
10.02576749958098,-5.724587470723463e-17,-0.6671843233391495,-1.1539152151114078,0.1937622666632015,-0.8085804655447384,0.041401769246254265
10.033819980919361,9.8879238130678e-17,-0.6722022325697508,-1.158933124342009,0.20150644440100918,-0.8124255866058625,0.04220495191229914
10.044062841683626,-7.806255641895632e-17,-0.6747546514647855,-1.161485543237044,0.21237455434453542,-0.8057223196194657,0.04301326487965529
10.055260170251131,1.942890293094024e-16,-0.6791909202359641,-1.1659218120082222,0.21846636959946555,-0.81009223769108,0.04387154532788873
10.06593875028193,9.71445146547012e-17,-0.6816699895151044,-1.1684008812873627,0.22969832187252956,-0.8013188346618122,0.04458786007699951
10.074570164084435,-1.9081958235744878e-17,-0.6824036585863102,-1.1709575375693582,0.23514832037990485,-0.7999142635678819,0.04516836786578552
10.085575530305505,3.2959746043559335e-17,-0.686502850273357,-1.1750567292564051,0.24785453225852255,-0.7912756419840992,0.045958712822550776
10.09636578336358,1.5612511283791264e-16,-0.6887899017712709,-1.1773437807543192,0.2535003750906788,-0.7875170053808418,0.046386686701272224
10.106328681111336,1.0928757898653885e-16,-0.6923420669230522,-1.1808959459061004,0.26585651743014443,-0.774726418621067,0.04700315978397375
10.119252242147923,1.0408340855860843e-16,-0.6942562604444587,-1.1828101394275068,0.2706032228471084,-0.768841939559173,0.04730490727001117
10.127503529191017,3.2959746043559335e-17,-0.6975374357719987,-1.1860913147550467,0.27419267163011135,-0.7674903501896959,0.04775933558580628
10.136072218418121,1.97758476261356e-16,-0.6992876635016513,-1.1878415424846993,0.285515485910761,-0.7460205035250709,0.04799968234858304
10.145873848348856,1.1449174941446927e-16,-0.7019467715462486,-1.1905006505292968,0.2962735053370028,-0.7275048014493052,0.04829343834379552
10.156010517850518,-1.734723475976807e-18,-0.7041148805533597,-1.1926687595364078,0.30008554171263313,-0.7219967410345252,0.048568257728315016
10.167459037154913,1.3530843112619095e-16,-0.7068845759572757,-1.1936154677295339,0.30409667509795046,-0.7114633762380167,0.04863920986776639
10.175903053954244,2.0122792321330962e-16,-0.7083291171998114,-1.1950600089720698,0.31041912730455135,-0.6885389114648164,0.04865958965221629
10.185794627293944,9.020562075079397e-17,-0.7098297539630893,-1.1965606457353477,0.3187115597018648,-0.6680853361030752,0.048685521695736554
10.195933545008302,1.1796119636642288e-16,-0.7109229715784338,-1.197653863350692,0.31903913609865103,-0.6591496141353065,0.048730485938959456
10.206599714234471,4.85722573273506e-17,-0.7120920182173838,-1.1988229099896421,0.32523856502741333,-0.6385973744559748,0.04867918428486281
10.216121107339859,-1.734723475976807e-17,-0.7127528119554594,-1.1994837037277177,0.3262349582827042,-0.6292810688839529,0.04864954623567452
10.226591551676393,1.1102230246251565e-16,-0.7137716085969048,-1.2005025003691632,0.32550265551094193,-0.622578746450433,0.04871108544697837
10.238399619236588,1.491862189340054e-16,-0.7124881339077728,-1.2010420128908208,0.3297452807985586,-0.6014790092106964,0.048493196436017655
10.25026823952794,1.6653345369377348e-16,-0.7130897130465097,-1.2016435920295578,0.33013741854910206,-0.5946794845051131,0.04851448442482868
10.258156402036548,1.97758476261356e-16,-0.7133451421949717,-1.2018990211780198,0.33414718600871784,-0.5746291353851525,0.04824808317099041
10.270485661923885,2.255140518769849e-16,-0.713511365020292,-1.2020652440033401,0.3357401255840697,-0.5651484109817592,0.04813697888870755
10.27880397811532,1.5959455978986625e-16,-0.7135460724728504,-1.2020999514558985,0.3402081490485741,-0.5475491096207616,0.04791565731488556
10.289912244305015,1.5612511283791264e-16,-0.7135077260273772,-1.2020616050104256,0.34233165869993265,-0.5384016759861728,0.04776511070878917
10.30048075132072,2.3245294578089215e-16,-0.7133666376608105,-1.2019205166438587,0.34335592200831033,-0.5322900073168406,0.047720210546066115
10.310969326645136,2.7755575615628914e-17,-0.7133113114033822,-1.2018651903864304,0.34616482137244287,-0.5126854570277272,0.0473526173230043
10.32097035087645,7.979727989493313e-17,-0.7129352974447867,-1.2014891764278348,0.3478559165197045,-0.5056786266226815,0.04717258133887181
10.329274350777268,1.491862189340054e-16,-0.7127448137321872,-1.2012986927152356,0.3511136782366796,-0.4860070734363535,0.04671172482340959
10.339869778603315,-3.469446951953614e-17,-0.7126007643972656,-1.2011546433803137,0.3516268778928416,-0.4770299772739801,0.04641768529465316
10.35406282544136,1.1796119636642288e-16,-0.7119912690795078,-1.200545148062556,0.35458914800797026,-0.4588538158527166,0.04596996151624334
10.360435370355844,1.1449174941446927e-16,-0.711764056239633,-1.2003179352226812,0.3557023408727289,-0.4510962858410767,0.045724101480767027
10.370517503470182,1.734723475976807e-16,-0.7110971889316124,-1.1996510679146608,0.35681137476900837,-0.4441717656049742,0.045429281686885814
10.380641277879477,1.0061396160665481e-16,-0.7108721200427608,-1.199425999025809,0.35843709463860063,-0.4234219626914476,0.0448762547282068
10.391170961782336,1.0755285551056204e-16,-0.7103483562131356,-1.1989022351961838,0.35861822925049214,-0.41367286692055716,0.04447892272444676
10.401608170941472,2.3245294578089215e-16,-0.7102454986489473,-1.1987993776319956,0.3590936086862374,-0.39026574081876986,0.04378803810372875
10.410752099007368,6.591949208711867e-17,-0.7102242557554659,-1.198778134738514,0.3572324542255994,-0.3779880807341182,0.04337529376385807
10.42100584693253,8.326672684688674e-17,-0.7097514899201245,-1.1983053689031729,0.35567351157357974,-0.35054207024032347,0.04259688701475108
10.430769748985767,7.632783294297951e-17,-0.7097640192481909,-1.1983178982312392,0.3549379806958406,-0.3198216008338439,0.04172155324738609
10.441552948206663,-3.122502256758253e-17,-0.7100914915086269,-1.198645370491675,0.34656935337289785,-0.3041934577441125,0.04126605829904175
10.450771119445562,1.0408340855860843e-16,-0.7098778360219207,-1.1984317150049688,0.3463809736945303,-0.2710290449799587,0.04030522861760033
10.461074257269502,1.491862189340054e-16,-0.7098301015274995,-1.1983839805105476,0.3451212974308875,-0.2543575351885326,0.039862351042637766
10.470923097804189,8.673617379884035e-17,-0.7097084133368186,-1.1982622923198667,0.34266112791947845,-0.23903068140852474,0.039489720817332576
10.480978379026055,1.491862189340054e-16,-0.7076480844039207,-1.1980244620439202,0.34160058321155296,-0.20848945841630692,0.03855776153634311
10.492317467927933,3.469446951953614e-18,-0.7058203327845132,-1.1980187187051277,0.3366489566755191,-0.1951102625187216,0.03823274730269033
10.501261306926608,3.469446951953614e-18,-0.7058699504646457,-1.1980683363852602,0.3350823065979731,-0.16793509577534055,0.037381532021367
10.512942736968398,2.42861286636753e-17,-0.7041847678603153,-1.1982046698631994,0.32986449288091646,-0.156218241044583,0.037065390713719046
10.522013749927282,9.71445146547012e-17,-0.7024187438960621,-1.198259667961355,0.3279804232826264,-0.13211752763899015,0.036331947053028196
10.533404706045985,2.7755575615628914e-17,-0.6965906686101346,-1.1978916765357512,0.3258261496953529,-0.1220664404899692,0.036022701159760195
10.544149423018098,6.591949208711867e-17,-0.6947748342942781,-1.197894869997609,0.3225297625909981,-0.1124152726644593,0.03568969230746889
10.553508659824729,4.85722573273506e-17,-0.6927515256649368,-1.1976900860259878,0.3224444853145295,-0.09733180571436173,0.03512690807802245
10.564665712416172,5.204170427930421e-17,-0.6929540525265938,-1.1978926128876448,0.321244197337067,-0.08927044722389081,0.03476868349529624
10.574192496016622,-1.0408340855860843e-17,-0.6910358976540835,-1.1977924777343365,0.32216300578044305,-0.07608631872983405,0.03422436958732109
10.586081001907587,-5.204170427930421e-17,-0.6870632872494409,-1.1974543846809715,0.3219407692601059,-0.07010429864315833,0.033886063754661466
10.5959317330271,0.0,-0.6870283596719933,-1.197419457103524,0.32179741032519354,-0.05908061334756499,0.03349070190034536
10.605761056765914,-3.469446951953614e-18,-0.6871775010945436,-1.1975685985260742,0.3217483508834831,-0.05435154954069728,0.03332277168590933
10.61503634788096,1.0408340855860843e-17,-0.6871742047530722,-1.1975653021846029,0.32163337713683593,-0.05214216538816771,0.03316123398799933
10.626399723812938,1.3877787807814457e-17,-0.6871673538177825,-1.1975584512493131,0.3215968501930255,-0.049936284129753275,0.03308124149129229
10.63597434014082,1.3877787807814457e-17,-0.6871673538177825,-1.1975584512493131,0.3215968501930255,-0.049936284129753275,0.03308124149129229
10.646430233493447,1.3877787807814457e-17,-0.6891499001203647,-1.1977239931632815,0.32163224100318855,-0.05072073441497015,0.03311233261139515
10.656220242381096,2.42861286636753e-17,-0.6891514751868655,-1.1977255682297823,0.3216902945853488,-0.05182551880342223,0.033193242565650816
10.66729399189353,-2.7755575615628914e-17,-0.6891564157253094,-1.1977305087682262,0.3217653244308221,-0.05403313481116022,0.033313876710317394
10.676021367311478,4.163336342344337e-17,-0.6891631411475845,-1.1977372341905013,0.3217991489269091,-0.056238800418561066,0.03339348513884565
10.686174621805549,-1.734723475976807e-17,-0.6891665041201276,-1.1977405971630444,0.3218155784846452,-0.057341574526920396,0.033433240115411864
10.696662932634354,-1.3877787807814457e-17,-0.6891128644213047,-1.1976869574642215,0.3229654031741657,-0.0606945335035544,0.03355402215493728
10.706699751317501,-2.42861286636753e-17,-0.6890523006993956,-1.1976263937423124,0.32408260221086793,-0.06184132009158837,0.0335953364215416
10.717633539810777,-4.5102810375396984e-17,-0.6889237608872707,-1.1974978539301875,0.3262858366924954,-0.06193013889080893,0.03359873308934419
10.726350517943501,-3.469446951953614e-17,-0.6888660029397418,-1.1974400959826585,0.32741582563030974,-0.06417630076571622,0.03367946821427075
10.739911541342735,-1.3877787807814457e-17,-0.6887396304978752,-1.197313723540792,0.3296307679566474,-0.06536364005369394,0.03372225675316082
10.75056960992515,-1.0408340855860843e-17,-0.6886744028229002,-1.197248495865817,0.33073077904648307,-0.06540678542196918,0.0337239122768054
10.760628622025251,-1.0408340855860843e-17,-0.6886089548165768,-1.1971830478594936,0.3318304612400318,-0.06544986538346442,0.033725565440237394
10.77033137716353,-1.0408340855860843e-17,-0.6886089548165768,-1.1971830478594936,0.3318304612400318,-0.06544986538346442,0.033725565440237394
10.781173434108496,-1.0408340855860843e-17,-0.6886089548165768,-1.1971830478594936,0.3318304612400318,-0.06544986538346442,0.033725565440237394
10.790833469480276,-4.85722573273506e-17,-0.6886124226007888,-1.1971865156437056,0.3318438765903878,-0.06654935848370429,0.03376495910844233
10.80112281627953,-1.3877787807814457e-17,-0.6886228267689192,-1.197196919811836,0.33188213152636004,-0.0698475376458487,0.03388294081176286
10.813606848940253,2.0816681711721685e-17,-0.6886262950852342,-1.197200388128151,0.33189421942414676,-0.07094682698906216,0.03392220148134753
10.821291856467724,-1.734723475976807e-17,-0.6886313841937985,-1.1972054772367153,0.3319565605357972,-0.07314681805727048,0.03404086318574579
10.832961991429329,-1.0408340855860843e-17,-0.6886503569691427,-1.1972244500120595,0.3320568600189778,-0.07974213296022037,0.034315138883200445
10.843770679086447,4.5102810375396984e-17,-0.688662398301169,-1.1972364913440858,0.33212975846309495,-0.08413818838824258,0.03451035586628441
10.854741537943482,2.0816681711721685e-17,-0.6887005816860794,-1.1972746747289962,0.3321958681912051,-0.09621746961862,0.034934459991250257
10.86563560180366,-1.734723475976807e-17,-0.6887214114995452,-1.197295504542462,0.3322149865376525,-0.10280223526112625,0.035164040355299284
10.875546162948012,5.898059818321144e-17,-0.6887665445590521,-1.1973406376019688,0.33221538087399083,-0.11705834764813282,0.03565718153615721
10.88289761543274,4.5102810375396984e-17,-0.688794317347118,-1.1973684103900348,0.33218771745243225,-0.12582311082509914,0.035957711273663845
10.894165752455592,-1.3877787807814457e-17,-0.6887536340452827,-1.1973277270881995,0.3332402937494896,-0.13350914551975473,0.03621978568126631
10.905758567154408,2.7755575615628914e-17,-0.6887408290552399,-1.1973149220981567,0.33418641386986275,-0.1499237784397389,0.03677403668948745
10.91680089943111,3.469446951953614e-18,-0.6888543574402988,-1.1974284504832156,0.3351998069982538,-0.15725201181224852,0.03702097174643772
10.926257502287626,6.938893903907228e-17,-0.6889271265213084,-1.1975012195642254,0.3371327953966726,-0.1732844779568204,0.0375538455414571
10.935515532270074,1.734723475976807e-17,-0.6889000677151194,-1.1974741607580361,0.34028161227188375,-0.17949269404751375,0.03775955777452488
10.944984508678317,6.938893903907228e-18,-0.6890975978967895,-1.1976716909397063,0.34224693628894826,-0.1907612211022783,0.038165773375249845
10.95604650489986,9.367506770274758e-17,-0.6871663538294197,-1.1975574512609504,0.34424395741582103,-0.1972493547481437,0.03837552462239377
10.968019800260663,8.326672684688674e-17,-0.6873516770643469,-1.1977427744958775,0.3506033044902663,-0.2023234605841343,0.03854344183780753
10.975575301796198,3.8163916471489756e-17,-0.6835619542216247,-1.1975855274407234,0.35542851956587856,-0.219118564687423,0.03907838379635256
10.985450722277164,6.938893903907228e-18,-0.6759018183979726,-1.1971841603897118,0.35949391104942824,-0.22581783524668872,0.03932394797196043
10.996176021173596,1.3877787807814457e-16,-0.6745752969803617,-1.1976710324949498,0.3604307237872624,-0.23080552344399183,0.03955166620965525
11.006031606346369,1.457167719820518e-16,-0.6709693682096476,-1.197690319669988,0.3620997674716264,-0.24213739476059015,0.039936583055504495
11.01724080555141,6.245004513516506e-17,-0.667784601206323,-1.198128661729312,0.36511028683653657,-0.2455644512275851,0.040042227717074746
11.0281199272722,1.6306400674181987e-16,-0.664286839129495,-1.198251887339598,0.36677972940499015,-0.2543215018376955,0.04030815025308606
11.040531540289521,4.85722573273506e-17,-0.654904385749752,-1.197912527129818,0.36985212054086614,-0.2587748593790842,0.04057762364557321
11.050447370857,2.7755575615628914e-17,-0.6499397191095571,-1.198367214762346,0.3717646873504776,-0.2631821192524954,0.040807821462319864
11.060059001669288,1.7694179454963432e-16,-0.6407567977250069,-1.198205557891409,0.37403610154062206,-0.26411004348444755,0.041067466176917915
11.070696227252483,7.632783294297951e-17,-0.6358718437993167,-1.1987266877222662,0.37604360132378417,-0.26596608960176926,0.041216494836424145
11.080674055963755,7.28583859910259e-17,-0.6267902448182235,-1.1986439472405865,0.37715640980325954,-0.2669444639792524,0.04137568191809798
11.090978367254138,0.0,-0.6220566808571097,-1.1993028505323295,0.3793669584650259,-0.265869181058297,0.04153164591655423
11.100953243672848,-6.938893903907228e-18,-0.6092952444160142,-1.1991035502852885,0.37911048792370206,-0.27188273407663754,0.041802139249677676
11.114798348397017,1.214306433183765e-16,-0.6042010475679115,-1.1993843148451913,0.37905720266174175,-0.2749285917328114,0.04210725793493106
11.121083293110132,1.0408340855860843e-16,-0.5995536095901699,-1.2001064816300668,0.3788148595520271,-0.27711504012362836,0.04225086795104205
11.13072924502194,6.938893903907228e-17,-0.5869381228384419,-1.1999989698870388,0.378927520615135,-0.2795687749278775,0.042600414094268
11.140633733943105,-1.734723475976807e-17,-0.5804465489166304,-1.2006413622226293,0.3787772871645812,-0.28067121033826475,0.042769389737049725
11.150693263858557,4.5102810375396984e-17,-0.5660376545038607,-1.2004705170287795,0.3788719919148942,-0.2824692345847101,0.04300444020875026
11.162009596824646,6.938893903907228e-18,-0.5594916250849113,-1.201028342762864,0.3790915184308531,-0.28142353926910674,0.043379551325272096
11.170841919258237,1.1449174941446927e-16,-0.546995720449807,-1.2009394172329262,0.37905125665838657,-0.28492407256094326,0.0436788581379733
11.181541826575994,8.326672684688674e-17,-0.5403456801620268,-1.2013647315171863,0.37912817070535454,-0.28528735504838565,0.04404642820159946
11.193116346374154,6.591949208711867e-17,-0.533377266468869,-1.201461096105349,0.3788918126773189,-0.28969591802191186,0.04434882067495509
11.205779131501913,5.551115123125783e-17,-0.5140209388655067,-1.2014774525530054,0.3790142687148781,-0.2923724915832088,0.04482671059142415
11.212629433721304,1.5612511283791264e-16,-0.5073670033756876,-1.2018476289274838,0.3791935154450332,-0.29123731490237065,0.045232127111679496
11.2240667399019,3.469446951953614e-18,-0.502259577456964,-1.2020010010095603,0.3792792537237636,-0.2906563751027657,0.0454417794863774
11.23481222987175,-4.5102810375396984e-17,-0.4882118207741411,-1.2019511219785843,0.3786547143458493,-0.29151763018436894,0.04590743809438188
11.24216041713953,4.85722573273506e-17,-0.4815264386198955,-1.2022476048760768,0.37884857715490694,-0.2872643729958893,0.046010831476496976
11.25250737182796,1.1102230246251565e-16,-0.4693575537285208,-1.202269169000983,0.37802161311114296,-0.2877697040730481,0.046250611179986696
11.268906116485596,3.122502256758253e-17,-0.4626881978428259,-1.2025496982325081,0.3772742266596484,-0.28465290699257456,0.046613572875605955
11.274496095255017,5.898059818321144e-17,-0.4523427461830916,-1.2026068437355484,0.3764223993287708,-0.2847673999270103,0.04682983576719656
11.285607349127531,6.938893903907228e-18,-0.44562272838219524,-1.2028069085498474,0.37564702184721566,-0.28164396828495425,0.04719201219124847
11.296133311465383,5.204170427930421e-17,-0.4404590874096015,-1.202825385163151,0.375784087064207,-0.2803970637017928,0.047376714803707226
11.309178724884987,4.85722573273506e-17,-0.4284112317556831,-1.2028423739142722,0.3751420715300534,-0.2808739057441575,0.04782467858072627
11.319589592516422,-1.3877787807814457e-17,-0.42329866139860955,-1.2028888691449984,0.375153519589987,-0.2776150758294411,0.047933673751064276
11.325619474053383,2.42861286636753e-17,-0.4113390491867864,-1.202939710867454,0.37431354407204054,-0.27814477288669653,0.048154982180851555
11.335523672401905,2.42861286636753e-17,-0.4061535173589184,-1.2028896767270287,0.37442061089244527,-0.2744268611043991,0.048418002086469694
11.346249556168914,5.898059818321144e-17,-0.39425969159064284,-1.202950713386886,0.3735702673559161,-0.2749665711771357,0.04862623696913957
11.35559918358922,7.28583859910259e-17,-0.38404185354471093,-1.2029483836076975,0.37268185420730077,-0.2730459741332827,0.04890065248259717
11.366019003093243,1.0061396160665481e-16,-0.37875616684903407,-1.2027594187839248,0.3726746313212649,-0.26931142394672947,0.049087993201943965
11.375749127939343,1.1449174941446927e-16,-0.36699263311718905,-1.2028593168370787,0.37182403301232525,-0.2702780637317091,0.049271381560200195
11.38583618402481,3.469446951953614e-17,-0.3618200002272871,-1.2027585077306238,0.3696820198343071,-0.2669390292144331,0.04943134083095109
11.39596389979124,-3.122502256758253e-17,-0.3567539545716061,-1.2027567174174985,0.3686809227956822,-0.2662910971439866,0.049538264272717326
11.40614284016192,4.163336342344337e-17,-0.34504041743331876,-1.2028300873551312,0.36787461610614736,-0.26682771732487903,0.049800929494374924
11.417348461225629,5.204170427930421e-17,-0.3397742485016956,-1.2026026168391069,0.3666424348459445,-0.26375143648917143,0.049809035403373184
11.428513295948505,2.42861286636753e-17,-0.3297863694551647,-1.2026687929969382,0.3656729142202555,-0.26393481430309995,0.049900802997233935
11.43792599439621,4.85722573273506e-17,-0.32606765731764414,-1.2022944673971259,0.3644522722136354,-0.26042336151880063,0.04998821377322309
11.449090357869864,2.7755575615628914e-17,-0.31773542835870866,-1.2023078415895374,0.3634381115770066,-0.2602087610001175,0.0500618246414677
11.458598837256432,2.0816681711721685e-17,-0.3124814517926833,-1.2020506253974748,0.36013864822683767,-0.2575653752674756,0.05015720983190023
11.468598429113626,6.591949208711867e-17,-0.30895894851795974,-1.2018548506358762,0.3589875884184087,-0.256142931090878,0.050186222093730255
11.483230829238892,4.5102810375396984e-17,-0.30078372417108823,-1.2019807928250448,0.35703792827813935,-0.25654346867911704,0.05036664142103905
11.50821914896369,0.0,-0.29695707252199854,-1.2014683110267723,0.35461179259042136,-0.25334779611073477,0.050329435465426994
11.530899323523045,2.0816681711721685e-17,-0.2768442773776327,-1.2011640931009941,0.35247658208304994,-0.25171047226282944,0.05051751141413415
11.539307951927185,3.8163916471489756e-17,-0.27180345800263467,-1.201054732088279,0.35139332958557057,-0.25111756895209203,0.05056872349101779
11.54820255562663,9.71445146547012e-17,-0.27124032396828895,-1.2004915980539332,0.35114733991435676,-0.24865627632559367,0.05056004325536172
11.559531599283218,3.122502256758253e-17,-0.26164223643834345,-1.2007312931751468,0.3491603668656288,-0.24954197065525396,0.050641200619689915
11.568065278232098,5.551115123125783e-17,-0.2559981706786395,-1.1999934631643423,0.3477954130301274,-0.24650857986434854,0.05066079878121045
11.578341990709305,2.7755575615628914e-17,-0.24571703608526613,-1.199499268135361,0.34647036026141137,-0.2457270972152404,0.05071693131822662
11.588487284258008,-1.3877787807814457e-17,-0.2355501623753023,-1.1990849979324443,0.3441545132201212,-0.24421576197128114,0.05070777914901144
11.598833356052637,-2.0816681711721685e-17,-0.2208667227999171,-1.1989653158359905,0.3420488606106947,-0.24387438471028766,0.05082761251696176
11.609094029292464,2.0816681711721685e-17,-0.21072789433451689,-1.198491717438879,0.3397378310223128,-0.24236158988242926,0.05085188742619363
11.620018023997545,4.163336342344337e-17,-0.20496012092966104,-1.1975432459934034,0.3361392427797143,-0.23954647344670718,0.05081215682319191
11.630983809009194,-6.938893903907228e-18,-0.1933509248340608,-1.1971442726034294,0.33172499855545595,-0.23865427932975472,0.05083044471945719
11.641487328335643,-4.163336342344337e-17,-0.1838416093080762,-1.1972045923696641,0.3307025849018287,-0.23891688813894396,0.0508722728892648
11.650567200034857,-3.122502256758253e-17,-0.1779657452115035,-1.1960998870404296,0.3270605088350062,-0.2361805050114019,0.05081886209284916
11.664974510669708,7.979727989493313e-17,-0.16716060974014346,-1.1963917466277825,0.32505666492113366,-0.23715179845660272,0.05086787485235423
11.670843688771129,1.734723475976807e-17,-0.16130629898311777,-1.1952778841102885,0.3203534312994955,-0.23477529746398246,0.05080654839599235
11.681444562971592,-4.5102810375396984e-17,-0.15481972736462568,-1.1950974271912012,0.31815421766342894,-0.2345891850379671,0.05080444878247123
11.691439351066947,2.0816681711721685e-17,-0.1442609980571778,-1.1955342874235408,0.314067002937326,-0.23616237406800897,0.05087474254167192
11.701891286298633,4.5102810375396984e-17,-0.13673046499918573,-1.1942638549240188,0.310465540133227,-0.23256624612379598,0.05077394969092312
11.71060885861516,2.0816681711721685e-17,-0.12515460530330952,-1.1936023961234874,0.3070216341569281,-0.23157607534205937,0.050728928814302285
11.72086951509118,1.734723475976807e-17,-0.11349802219843719,-1.1943552763696341,0.29876729087117493,-0.23446986611404852,0.05079490103132134
11.73073384910822,1.0408340855860843e-17,-0.10580095491067992,-1.1928370497868832,0.2960847176575527,-0.23169974907056756,0.050689874658401315
11.741172023117542,5.204170427930421e-17,-0.09400291745807754,-1.1933444174982701,0.29412798242247623,-0.23308152725573805,0.050730681857041535
11.750859953463078,4.163336342344337e-17,-0.08670253831494085,-1.1921704059278968,0.28838291916869796,-0.23172062562250295,0.05063988699945229
11.761545805260539,7.979727989493313e-17,-0.07482662991483191,-1.1924940725476678,0.2863531458242831,-0.23273089393030777,0.05066234988861967
11.773548744618893,2.7755575615628914e-17,-0.06743840203344736,-1.191178856920459,0.28163835389663655,-0.2311114019215028,0.05055886988118796
11.781174814328551,0.0,-0.06090171008874262,-1.1906971974066258,0.2793423265288368,-0.2306819503675181,0.0505191993082934
11.793410232290626,-1.0408340855860843e-17,-0.048285155509178834,-1.1916382257257019,0.27429894146147304,-0.23342160468822717,0.05056770738158059
11.80300242640078,2.0816681711721685e-17,-0.04161791125264863,-1.189469649567097,0.2714689106020855,-0.2301564270943587,0.050407306741625184
11.81348112039268,-2.7755575615628914e-17,-0.030510913751710333,-1.1903084852160952,0.26534268265928024,-0.2329256220460721,0.05044636881944144
11.82369358278811,3.122502256758253e-17,-0.023816351839267114,-1.1880745150896013,0.2614377533974819,-0.23008376986422047,0.0502705484256787
11.833999045193195,4.5102810375396984e-17,-0.013865762141557159,-1.1884911546769819,0.2583556701600624,-0.23147863701968865,0.05027911758639387
11.84361270815134,4.163336342344337e-17,-0.006274483376918938,-1.1867981977458728,0.25144455214390055,-0.2304830070708802,0.05012244525652631
11.85526942461729,4.85722573273506e-17,-0.00024221794874379476,-1.186645365796981,0.24607294369820273,-0.23159430226469227,0.05008073468984158
11.864529509097338,6.591949208711867e-17,0.009476619884970672,-1.1871698036734952,0.2408279963622451,-0.2336993996359303,0.050041452602125606
11.875776657834649,-2.0816681711721685e-17,0.017054187523595166,-1.1854192424017378,0.23712792130411653,-0.2321176866464628,0.04989061524007908
11.885357657447457,1.0408340855860843e-17,0.026658517218691835,-1.1859658227720378,0.23192256553270502,-0.23426320843136594,0.04986910476301126
11.89641292579472,3.469446951953614e-18,0.034344268324977056,-1.1840539458595432,0.22918163059039068,-0.23236417659022565,0.049653230860915436
11.905847769230604,0.0,0.04254496918451445,-1.1844774756089174,0.2260555437668595,-0.2337943476698517,0.04962136495429605
11.916197273880243,1.734723475976807e-17,0.04993021753173854,-1.182817193058607,0.2181048290365216,-0.23384153242189737,0.04938993381976535
11.927052354440093,1.0408340855860843e-17,0.05477651061896599,-1.1822516854859986,0.213666522106071,-0.23440555278424358,0.0492792230978264
11.937545523047447,3.469446951953614e-18,0.06393409612583306,-1.1830392371565646,0.2084054738153417,-0.23690755360590404,0.04916939369744648
11.946695072576404,5.204170427930421e-17,0.07016012926467896,-1.1810567294504017,0.20469142184361794,-0.2355895399183911,0.04896911498205017
11.959019063040614,3.122502256758253e-17,0.0781225841541478,-1.1815475045060997,0.2004997668434097,-0.23742776950709593,0.048909814289753197
11.966706030070782,2.7755575615628914e-17,0.08452528691829109,-1.179354430175427,0.1987726037102924,-0.23538882660689942,0.048625779777313506
11.97568259947002,6.591949208711867e-17,0.09394195894279772,-1.1783228525068412,0.19636084054660313,-0.2349659893379019,0.04849008537955036
11.987527698278427,3.469446951953614e-17,0.10179680255109697,-1.178807301858654,0.19209668077876169,-0.23684348969349525,0.04835924611118138
11.996555138379335,1.0408340855860843e-17,0.10757617299175043,-1.1771803084931607,0.18956311136226878,-0.23585686620884405,0.04818534560413413
12.00617665797472,1.0408340855860843e-17,0.11427833320154202,-1.177373063223713,0.185213705680206,-0.23745760592733223,0.04801210371356367
12.016028551384807,1.0408340855860843e-17,0.12003402417007303,-1.175738832433231,0.18153787175427166,-0.23692177649181578,0.047737125775895464
12.02748953178525,2.42861286636753e-17,0.12760876826899403,-1.1763719858613622,0.18052549053304182,-0.23790838933586136,0.047685904052618765
12.03595107793808,1.3877787807814457e-17,0.13199257346951804,-1.1747137292316452,0.17687570094932614,-0.23740557240294877,0.047424843911233555
12.046814924106002,4.163336342344337e-17,0.1366939950392576,-1.1740908268228945,0.17667614353524322,-0.2368359107084428,0.04732260094767487
12.057536706328392,6.938893903907228e-18,0.14277663327124457,-1.1747794867704269,0.17453797347626943,-0.23823814114709485,0.047188829182108954
12.069547936320305,1.3877787807814457e-17,0.14836687980763863,-1.1732362193010903,0.1741616544932182,-0.23681709449849095,0.04703734606164245
12.077941304072738,2.42861286636753e-17,0.15443177343863046,-1.1738898408015912,0.17313923313021373,-0.23780749447307992,0.04697426650164733
12.087584655731916,3.469446951953614e-18,0.1597117770898106,-1.1726250171182586,0.17272860291760173,-0.2366829767047785,0.04675641832754586
12.10017621703446,2.0816681711721685e-17,0.16571255927091177,-1.1732895370379486,0.17173873966842623,-0.2376722996135266,0.046720801177758994
12.109910620376468,3.469446951953614e-18,0.17065721679913293,-1.1723280034082166,0.1713802922687248,-0.2368376722803864,0.04651185226666071
12.12069465406239,-2.7755575615628914e-17,0.17363386700645,-1.1720000564205335,0.17122804369060157,-0.23656276577236124,0.046413285182559855
12.129409542307258,0.0,0.18064213360868525,-1.1729055620022568,0.17121018406547028,-0.23743668800562384,0.046287433196689154
12.140567498281598,-3.469446951953614e-18,0.184216653197667,-1.171958152143967,0.17095855130513815,-0.23659253008884873,0.046173389682499406
12.15092085301876,3.122502256758253e-17,0.19014757472909655,-1.1725712489542919,0.17099579044996766,-0.2371705255255685,0.04613274530659102
12.16087138839066,-1.734723475976807e-17,0.1947150867013413,-1.1719138058303082,0.1706599026770653,-0.23662842277106283,0.04590631751966796
12.17103403992951,1.3877787807814457e-17,0.19961080416450766,-1.1722123746416235,0.17061600278134528,-0.23692573382391308,0.04582959364002644
12.180670833215117,-1.734723475976807e-17,0.20383735142117193,-1.1718671424984524,0.17033012227433186,-0.23667126295458163,0.045610057508224354
12.191666558384895,1.3877787807814457e-17,0.20741023361154104,-1.1721631940904162,0.1702612802925098,-0.23697284128350454,0.04551032185786564
12.202954297885299,-1.0408340855860843e-17,0.21195747076649085,-1.1727552152961607,0.17013976614462406,-0.2375738540663111,0.045325044345709345
12.210627779364586,6.938893903907228e-18,0.21612264152221877,-1.1724299533306655,0.16997309901335905,-0.23730593408230988,0.04521193267323467
12.221528094261885,3.469446951953614e-18,0.2209315004732194,-1.1727215270879001,0.1698755083418822,-0.23761248369747734,0.04508545219756799
12.23172371275723,3.122502256758253e-17,0.2250302222685383,-1.1724335009359512,0.1685145663521556,-0.2377841708752881,0.04482199893827033
12.241409678012133,0.0,0.22917759927204484,-1.1733474810680384,0.1685467956799813,-0.23865232753889276,0.04473760343636024
12.253290181979537,2.42861286636753e-17,0.2333145186272335,-1.172991857486032,0.16811264945264814,-0.23945299833806777,0.044422495035388206
12.260882053524256,4.163336342344337e-17,0.23799253346264476,-1.1733358762080877,0.16694383423241688,-0.24017731278215174,0.04425682421537371
12.27096232585609,4.163336342344337e-17,0.2425536066189225,-1.17377425538483,0.1635540698713177,-0.24174302304202727,0.0439436955695849
12.283065758645535,-3.469446951953614e-18,0.24528673345210183,-1.1735323617476165,0.16100408453054416,-0.24235934249010518,0.04352824201833605
12.292783848941326,3.122502256758253e-17,0.24804726811647682,-1.173257385004718,0.15971083030941635,-0.2425311643647847,0.04332099041310545
12.302091050893068,4.163336342344337e-17,0.25225359751612353,-1.1740051058783858,0.15633984657573913,-0.243347464271565,0.04294550720604026
12.314848475158215,4.5102810375396984e-17,0.2546908142199523,-1.1740363617101996,0.15506373554136613,-0.24379957500252192,0.04271673310898444
12.323486246168613,3.8163916471489756e-17,0.25891339745507275,-1.1747335689749416,0.15284877606584382,-0.24519186197741252,0.042503688770056385
12.33468135073781,2.42861286636753e-17,0.2619178167994206,-1.1741804479156572,0.15014886640177488,-0.24557381558038424,0.04197601974475164
12.345423474907875,2.42861286636753e-17,0.26585493358500717,-1.1751286847445537,0.1490062140930562,-0.24681809402227026,0.04176774979266559
12.354063412174582,4.85722573273506e-17,0.26837902732157076,-1.1750386267960018,0.14321790049334937,-0.2486795941732406,0.04121020393960487
12.365917395800352,1.734723475976807e-17,0.2707261253703187,-1.1751197908665731,0.1408757399402585,-0.2495374857750684,0.04094774145220099
12.375640857964754,2.42861286636753e-17,0.2749988222576144,-1.1756862583827932,0.1404305375693662,-0.2501587763114044,0.04045963838567735
12.38973411358893,5.204170427930421e-17,0.2779897990213245,-1.1751061645466279,0.13899416219678581,-0.2501170669329433,0.04014075519622969
12.39543172903359,1.734723475976807e-17,0.2818010249582844,-1.176099257698729,0.1368038510163616,-0.2517229640712503,0.03992616266619859
12.405022043734789,1.214306433183765e-17,0.2844864840069495,-1.1758072155943098,0.13515460072179725,-0.2519939884763984,0.03936972293152488
12.415800409391522,2.42861286636753e-17,0.28861991215272015,-1.176443088268176,0.13394711431659914,-0.25294286464767607,0.039140642393799586
12.425931604579091,2.6020852139652106e-17,0.2916377600323769,-1.175801105186715,0.13327744447235332,-0.252578614446362,0.03856183241021027
12.436276700347662,1.734723475976807e-18,0.2931419130967228,-1.1754826839569514,0.13300401859537547,-0.25238353402671737,0.038331279103068744
12.446540486067533,6.938893903907228e-17,0.296997172552115,-1.1763556537598625,0.13256953859658419,-0.2532536323994758,0.03781963978871512
12.456135589629412,2.2551405187698492e-17,0.3023202224382065,-1.1757372595182844,0.13224680114732784,-0.2528154921153585,0.037572873785648116
12.466555837541819,2.0816681711721685e-17,0.30320785744544626,-1.176022096215496,0.13198427166790935,-0.2531333823681717,0.03728885657187704
12.475871972739697,5.204170427930421e-18,0.3079122537841757,-1.1759927826937473,0.13146779202620712,-0.25325526555072775,0.036792055552406965
12.48567253537476,1.0408340855860843e-17,0.31000517570838004,-1.1750649246297287,0.13105941149909894,-0.2525837603388011,0.03649494601803386
12.495537323877215,3.2959746043559335e-17,0.31407126852946565,-1.1756442249212649,0.13058179850567542,-0.25321222206725863,0.0359707044013379
12.505635660141706,5.551115123125783e-17,0.3170207542067808,-1.1750085021497212,0.1299949647031169,-0.2528439079639843,0.035469367256009667
12.516863198950887,-8.673617379884035e-18,0.3207806456094393,-1.1758582229823207,0.13087535368276668,-0.25325473077879057,0.03522635936845318
12.525958832353354,3.122502256758253e-17,0.32406596272497457,-1.1748687367578308,0.13123817833335774,-0.2522541089055246,0.03467994863504644
12.537420846521854,8.673617379884035e-18,0.32631866410046795,-1.1749058705365822,0.12993974700229144,-0.2527187703580131,0.03442123400884316
12.546162389218807,-3.469446951953614e-18,0.3294635076415656,-1.1751845176908686,0.12938594444240076,-0.25311600391237493,0.03385312966213531
12.557049136608839,-2.0816681711721685e-17,0.33241229483831736,-1.1745105362868151,0.130076551946086,-0.2522924496312945,0.03359125516951998
12.568525167182088,-5.204170427930421e-18,0.33665133273140246,-1.1748030178360704,0.12977841294582232,-0.2526270808309227,0.03326945679762332
12.57856628485024,4.163336342344337e-17,0.3394513848266263,-1.1742596612644172,0.1270001897962499,-0.25309690388939166,0.03264000973933393
12.588957846164703,2.0816681711721685e-17,0.34334496625563626,-1.174861297353491,0.12673610208390484,-0.2536758699913645,0.03231811194566148
12.597955495119095,0.0,0.3473423314193407,-1.1742194081025439,0.12598716546118774,-0.2533653374298309,0.031658037810175295
12.61077180877328,2.2551405187698492e-17,0.3498949523491621,-1.1738961651706523,0.12558971060365343,-0.2532173340028128,0.03130571919738995
12.618405677378178,1.734723475976807e-18,0.35369300843935714,-1.1745385706958733,0.12395477604311561,-0.25428528654145266,0.03065087791559299
12.630710048601031,1.734723475976807e-17,0.35684512310117,-1.1735975218897068,0.12350875133728982,-0.25364834072868786,0.030316732255437823
12.639605337753892,2.42861286636753e-17,0.3609488590278209,-1.1738975435489556,0.12322625982169924,-0.25397862656487913,0.030008903588565297
12.649801548570395,3.469446951953614e-18,0.36410036661933554,-1.1729387100726716,0.12244942522221595,-0.25343509165511635,0.029353565010683747
12.665044736117125,3.469446951953614e-18,0.3688915216412588,-1.1736023230385837,0.12116315116826085,-0.25441116303920064,0.02903495571156132
12.671940356492996,3.469446951953614e-18,0.3722922205505115,-1.1723727414943508,0.1192982612026312,-0.2540437627014321,0.02835136390984164
12.679650353267789,-6.938893903907228e-18,0.37478571171488273,-1.1720441890372106,0.11888174342979103,-0.2539118284542767,0.02797872550589265
12.690956933423877,-5.204170427930421e-18,0.37870674136469196,-1.1724344662142399,0.11608660287958968,-0.255178671233945,0.02722099499894239
12.703626086935401,1.3877787807814457e-17,0.38177295383896304,-1.1715146046143536,0.11450524757814035,-0.25500056900098356,0.026776114229422963
12.711114950478077,1.5612511283791264e-17,0.3856443342480955,-1.1719172779489553,0.11208336990973676,-0.25616071925542316,0.026381459652047717
12.721157325431705,0.0,0.3880157323348037,-1.1706105020618693,0.11111151035459087,-0.2554695223911569,0.025559117208431705
12.731631401926279,2.0816681711721685e-17,0.39194637335337157,-1.1709227529579092,0.11071602016962978,-0.25583155393930723,0.02514022531541353
12.741656666621566,-1.9081958235744878e-17,0.3938605743538689,-1.1700653704114785,0.10652883870409491,-0.2566585127724644,0.024142741398217784
12.752371354028583,-5.204170427930421e-18,0.3962615123477752,-1.1697733764930083,0.10496993309597874,-0.256988947561957,0.023648810053906663
12.760813470929861,-1.734723475976807e-18,0.399627443256624,-1.1695591138102335,0.10080093797830064,-0.25831272919850956,0.02259955294060083
12.77069367095828,-2.0816681711721685e-17,0.40231047477392434,-1.1689693502624452,0.09766929573991245,-0.25899899773638163,0.02159141486421184
12.781991442665458,1.734723475976807e-17,0.4036955273763194,-1.1686285752481906,0.09713683689642558,-0.2589332755806718,0.021097750631847885
12.792492598295212,2.0816681711721685e-17,0.4056219883133041,-1.168785951472865,0.09198944046642232,-0.2609055202622309,0.0200535738880711
12.802856544032693,5.204170427930421e-18,0.40724972935611503,-1.1681977679197366,0.08934785626298918,-0.26146275894254667,0.01951937756039319
12.815637478604913,2.42861286636753e-17,0.4089499881458831,-1.168571896729254,0.08791664087001204,-0.2612160944032493,0.019055036277898396
12.823853369802237,1.3877787807814457e-17,0.41030824917407305,-1.1682484637362789,0.08723383306614993,-0.25716904648619676,0.01827765695527117
12.835527865216136,1.734723475976807e-17,0.4123324201373002,-1.1682892121404895,0.08576420877118793,-0.2567106370608895,0.017804010242558364
12.845965834334493,6.938893903907228e-18,0.41353955499478245,-1.1681121665503098,0.08067875993789755,-0.2574389793201102,0.016816403596584678
12.855544650927186,2.7755575615628914e-17,0.41445318867637315,-1.1682270404844317,0.07709296141433147,-0.25883042812093515,0.016305369714981165
12.865053916350007,1.3877787807814457e-17,0.4161812854347803,-1.168551209890234,0.07626948421223301,-0.2593086198826423,0.015466904792282308
12.874711737036705,1.9081958235744878e-17,0.41717542896400006,-1.1685808228572445,0.0747244487624854,-0.2608987049032412,0.014981077797936832
12.886439610272646,-1.0408340855860843e-17,0.4188500280278751,-1.1689489784953004,0.07328307807805341,-0.2616463783184133,0.014543665092064353
12.896004907786846,1.9081958235744878e-17,0.4195448997406702,-1.1692731029454508,0.07244802297136406,-0.2621253306979169,0.01369356973713376
12.909438136965036,6.938893903907228e-18,0.42092097684509977,-1.1699302506958953,0.07206684818771804,-0.2626566450158121,0.013269340485740362
12.917073821648955,-1.214306433183765e-17,0.4216125727851123,-1.1702528814145863,0.07122411391863716,-0.26313588147876155,0.012411155721070736
12.926048181951046,-3.469446951953614e-18,0.42226190180442535,-1.1706161871886551,0.06977216844078646,-0.26387517520415776,0.011964975202998678
12.936071123927832,-6.938893903907228e-18,0.4235594854034709,-1.1713390935314618,0.06691061910370083,-0.26532889907062607,0.01111682755661692
12.946400012820959,8.673617379884035e-18,0.4235609361468805,-1.1713376427880522,0.06656966261920426,-0.2654410564679732,0.010778604036538889
12.955924682319164,8.673617379884035e-19,0.4256129204869614,-1.172304429106761,0.06629704695607312,-0.266114165866798,0.01044233907051106
12.966875432059169,2.0816681711721685e-17,0.4256146113583885,-1.172302738235334,0.06571003603448958,-0.26630646366265326,0.009859786067728776
12.975745601579547,2.862293735361732e-17,0.42762496412875917,-1.1732967748783927,0.06453693038677212,-0.26731996949768644,0.009650843733186724
12.985664630308747,3.469446951953614e-18,0.4296688346347327,-1.1742428855010036,0.06416035258098084,-0.2680130911441646,0.009213182588300003
12.996054457500577,-6.071532165918825e-18,0.4306712637125152,-1.1742339103035209,0.0637067986397789,-0.27019941096702,0.008821453563359423
13.00594218634069,1.3010426069826053e-17,0.4330208094295388,-1.1748550928313652,0.06362112978108904,-0.27162658692461716,0.00872360079452136
13.01628733612597,1.6479873021779667e-17,0.43424732822898515,-1.1746156023473886,0.06136134567933896,-0.27226821174680776,0.008544709132248862
13.027496568858624,-8.673617379884035e-19,0.43688668633380756,-1.174927672072129,0.061381977070965356,-0.2724489122581071,0.008544907867924676
13.03950516320765,8.673617379884035e-19,0.43912220645612343,-1.1746517130714182,0.060365286340844274,-0.2726403417178935,0.008577801907139226
13.049917832016945,5.204170427930421e-18,0.4407992686236769,-1.1749277569319432,0.0614806209892333,-0.2724172019014634,0.008642909044258783
13.058572297915816,3.469446951953614e-18,0.4443751928159363,-1.1752386482914277,0.061501224054859194,-0.2725977200886053,0.008643134558442489
13.068947531282902,-6.071532165918825e-18,0.4472450853417077,-1.1743024497420644,0.06143923043589162,-0.2720553484684753,0.008642432086832632
13.077977837994695,2.168404344971009e-17,0.4510787594929261,-1.1752746166035006,0.060455155845446404,-0.27298360490110357,0.00862733762006001
13.090497076511383,-1.1275702593849246e-17,0.45487879058720737,-1.1743385815640366,0.06039421665301467,-0.27244447378955544,0.008626500067945828
13.098221097141504,-5.204170427930421e-18,0.4593022626216521,-1.1746558392954858,0.060492972463651096,-0.2715789028920309,0.008676083865222324
13.11058502458036,1.8214596497756474e-17,0.4637409289475459,-1.1730420109154576,0.061483462064529364,-0.27026856264809074,0.008739457383024406
13.119994569569826,-7.806255641895632e-18,0.46687013109664,-1.1727229156768186,0.06146238527666231,-0.2700864542375996,0.008739136502004542
13.129672242328525,8.673617379884035e-18,0.47237952843162234,-1.1737130052885916,0.060579281965719226,-0.27099118937642624,0.00882186676813222
13.143622944131494,3.5561831257524545e-17,0.47609345517877977,-1.173676877458666,0.06167309118926978,-0.2705839481365587,0.008886746338019665
13.152856983244419,-6.071532165918825e-18,0.4806668746505318,-1.1754760548583407,0.06386098231433611,-0.27192872717563255,0.00891984351521852
13.1615492105484,-2.6020852139652106e-18,0.4823014456847312,-1.1765477727932783,0.06787516634203047,-0.27325467336582865,0.008786162900336233
13.170625362545252,1.9081958235744878e-17,0.4858965610583852,-1.178320422240375,0.06725891064853892,-0.2827785230246414,0.008290991432717491
13.180744988843799,1.214306433183765e-17,0.48633458736527013,-1.1796583466584154,0.061394893256339955,-0.2927572062713879,0.007718026776419589
13.191049540415406,-8.673617379884035e-19,0.48716947073075123,-1.1805927500483446,0.05727213846945965,-0.3079918591583394,0.0070246010804206295
13.201347794383764,7.546047120499111e-17,0.48936948464962926,-1.182786751773279,0.050731610907086166,-0.3166469376465698,0.006683929035807582
13.211692653596401,1.1275702593849246e-17,0.4908146012178314,-1.183957985745297,0.048389803564711675,-0.3222352240145651,0.006453830242853187
13.222070258110762,3.122502256758253e-17,0.49400034112351165,-1.1859597046826424,0.045325258236829084,-0.32551428396673193,0.0064097265265869036
13.231702484190464,3.469446951953614e-18,0.49593908538135245,-1.1865920220405135,0.04231252805118684,-0.326852151970355,0.00646761637867083
13.241134414449334,-1.3010426069826053e-17,0.5000518206346302,-1.1884195022735833,0.042474940626689786,-0.32694833795958345,0.006518146058407941
13.250225322321057,1.5612511283791264e-17,0.5044186466304414,-1.1899101570071313,0.043903208275940415,-0.3254444091291444,0.0067828513363309036
13.260699285194278,-2.6020852139652106e-18,0.5068369492097272,-1.1908017294332973,0.04721054010052821,-0.32508495570787466,0.006922778820509967
13.271108411252499,1.9949319973733282e-17,0.5111807343311227,-1.1921848349570285,0.049395782130045154,-0.32541902840446857,0.006947749250389309
13.280989913269877,-1.734723475976807e-18,0.5132044030349977,-1.1925900137968442,0.05145161399093634,-0.32616456422460194,0.006922424607368407
13.292229635640979,1.8214596497756474e-17,0.5149244594063707,-1.1932834528309242,0.05125262434098158,-0.32982169867962513,0.006769552262418821
13.30205405689776,3.8163916471489756e-17,0.5183722179322012,-1.1946165419538837,0.0521763172868968,-0.33261980721321316,0.0066274992872529075
13.312839772552252,9.540979117872439e-18,0.5201159687533241,-1.1952401003485005,0.05281538873348712,-0.33809249390598234,0.006333987237663162
13.323984550312161,3.642919299551295e-17,0.5229396113288679,-1.1963276555783948,0.05271868001023805,-0.3410272836114292,0.006228730873444224
13.33386780321598,-1.5612511283791264e-17,0.5246269019922908,-1.1969664586472457,0.052676046765316134,-0.3425749316318061,0.006175542891722608
13.34629050269723,3.5561831257524545e-17,0.5273943381033401,-1.1980414033068607,0.05160226801283807,-0.34473780924172426,0.006108762087557952
13.354338889941573,-2.3418766925686896e-17,0.5290962603240127,-1.1986242104657894,0.05277739787373278,-0.3438755762377219,0.006168965597836366
13.366029988974333,9.540979117872439e-18,0.5302083200984167,-1.199026666278781,0.0528022081252456,-0.3441973019119854,0.006167259566133643
13.375062327831984,-2.2551405187698492e-17,0.533563558168745,-1.2001734492509202,0.05393417416979355,-0.3448747149481689,0.006173285440194353
13.38480819016695,2.7755575615628914e-17,0.5346669699406243,-1.2005568492443133,0.053958618865999654,-0.34519315337483913,0.006171388136194341
13.39551654830575,3.122502256758253e-17,0.5379958272256246,-1.2016467582472106,0.055091281495640264,-0.3458692513411059,0.006176483875409797
13.407469129189849,2.42861286636753e-17,0.5391220757866413,-1.2019795224738967,0.05617633782247874,-0.34591534842329086,0.006185252594786713
13.416665280237794,3.469446951953614e-18,0.5418490163189258,-1.2028696319452594,0.05623662077677296,-0.34670271886169024,0.006179690385146622
13.425789842382073,2.6020852139652106e-18,0.543478682812675,-1.2033892646154691,0.05627211580257977,-0.347170981998967,0.006176278891885742
13.435988076031208,7.806255641895632e-18,0.5445624106540244,-1.203729669738473,0.056295497810732814,-0.34748142184895553,0.006173973678805303
13.446081191301346,6.071532165918825e-18,0.5472621909572185,-1.2045596143526371,0.05635296745243544,-0.34825143791755253,0.006168102618680101
13.456960797309875,4.336808689942018e-18,0.5483382760193505,-1.2048831614351987,0.05637556091627212,-0.3485570076883753,0.0061657110083188265
13.466709865257144,1.3877787807814457e-17,0.5510188833639035,-1.2056709409097128,0.056431057802983006,-0.3493148297789678,0.006159624100343897
13.476007774472237,-6.938893903907228e-18,0.5536857152650709,-1.2064285786735007,0.056485143908443995,-0.35006391911578977,0.006153383197323803
13.485974388197064,1.474514954580286e-17,0.5547485759555526,-1.2067231898319193,0.05650638302781101,-0.35036110547722477,0.0061508437523228356
13.496163330972195,1.6479873021779667e-17,0.5574550557159604,-1.207379552139626,0.05869472412692662,-0.350634977587139,0.006162979290522831
13.50544087588787,3.469446951953614e-18,0.5590959343986193,-1.2077352060613369,0.06086354196846244,-0.3506219949429657,0.006177121541523779
13.515763061121106,-5.204170427930421e-18,0.5623022741437315,-1.2084742092942842,0.06306670011806313,-0.3510697638485086,0.006185805755793286
13.526093633845448,5.204170427930421e-18,0.5634677225998741,-1.2086097159426543,0.06736681676587089,-0.3504829717721314,0.006218046295447076
13.536166343837976,-7.806255641895632e-18,0.5651215818384885,-1.2088939971660089,0.07061054191746191,-0.3502847934793961,0.0062388786026953665
13.551982149481773,1.8214596497756474e-17,0.5684163229483519,-1.2094276212958195,0.07710320953106722,-0.3499303062143771,0.0062782442221588994
13.562366887927055,1.474514954580286e-17,0.570538025073187,-1.2098226143045743,0.07929391933361708,-0.3501486767512791,0.006285819770847884
13.567153280600905,-1.1275702593849246e-17,0.5738018476529715,-1.2102804112183565,0.08579561407164388,-0.349878007329498,0.00632045601367629
13.578281421214342,5.204170427930421e-18,0.5754951030147405,-1.2104238888484868,0.09119059027928064,-0.34935396382152106,0.006353006840429712
13.590479969978333,3.0357660829594124e-17,0.5786300183017385,-1.2109142033827485,0.0944852354919782,-0.34977653216992705,0.006358670967253673
13.599331744015217,2.862293735361732e-17,0.5809198922025791,-1.2110053665463372,0.10311211094243386,-0.34889174210618645,0.00640858954084139
13.610810143873096,8.673617379884035e-18,0.582600731436644,-1.2110914919866285,0.10851126321517279,-0.34845344848242116,0.006436768213412844
13.620357545092702,1.214306433183765e-17,0.5864513083823308,-1.211301026219666,0.1193250160929383,-0.3478361182283596,0.006485476393421315
13.629469085484743,1.0408340855860843e-17,0.5881248864995061,-1.2113405410231775,0.12472409034662525,-0.347468235430825,0.006510105717958911
13.640934592112899,-6.938893903907228e-18,0.5920369795465933,-1.2113626571731448,0.13767513243623297,-0.346633071247566,0.006565774950139967
13.650297882035375,-2.7755575615628914e-17,0.5942319411019225,-1.211376152715168,0.14415597083982995,-0.3463684049107946,0.006588563925729404
13.66114572621882,1.3877787807814457e-17,0.5979065158514458,-1.211496841071385,0.15175191831892115,-0.34661863108199636,0.006599094025812886
13.670734696090221,2.6020852139652106e-17,0.5999289732956672,-1.211073794708534,0.1656824470774802,-0.3449699089926828,0.006673119330907638
13.68207518197596,-1.734723475976807e-17,0.6021603515141575,-1.210949608111955,0.1732150947697887,-0.3446655458295427,0.006696071561131008
13.691513611003757,-6.938893903907228e-18,0.606198086911359,-1.2105296333927866,0.18930719821829822,-0.34375017980662553,0.006750474575167033
13.701696552336216,2.949029909160572e-17,0.6084816846067388,-1.2102733708570854,0.19774708376534378,-0.34445128843366235,0.00672306292728116
13.711664136499166,2.0816681711721685e-17,0.6126381689618268,-1.2095946818046557,0.21589422766349228,-0.34341003777897955,0.006780437303797736
13.722003985196352,1.214306433183765e-17,0.6162909942120934,-1.2093303628119583,0.2244774547712311,-0.34402928394474513,0.0067705775131887014
13.730615425854921,-1.214306433183765e-17,0.61910195151785,-1.2084155417592948,0.2424852442816427,-0.3423623259022839,0.006844587414376722
13.74354094453156,4.163336342344337e-17,0.6231797531345702,-1.2080422620557485,0.25103552155046266,-0.3434868779886052,0.006814392839514454
13.75100794993341,3.469446951953614e-18,0.6254093967221056,-1.2071716116787297,0.2651522891389311,-0.3463485883677925,0.006668019540722176
13.760927375406027,6.938893903907228e-18,0.6292634468027949,-1.2068608772394542,0.27002036358844,-0.35127524839558333,0.006456180432616258
13.771044680848718,3.2959746043559335e-17,0.631608660964367,-1.206243268029413,0.27897125598913,-0.35430307955942186,0.006312668439457049
13.781153101474047,3.122502256758253e-17,0.6334997246367563,-1.2060504037168982,0.279267501562144,-0.3667546053085466,0.00571673885536109
13.791635766625404,1.734723475976807e-17,0.6367142774669415,-1.205736861101407,0.28125911516897856,-0.3758871937340139,0.005293070679037769
13.801333850249648,1.734723475976807e-18,0.6383785087665236,-1.2056898251000745,0.2769606308614119,-0.3969463765175181,0.004268392242248873
13.81185108423233,1.734723475976807e-18,0.6414856527439996,-1.2057285311540826,0.2709745647107114,-0.41146639896424875,0.00358479941070411
13.823127819225192,2.2551405187698492e-17,0.6430470243203311,-1.2056957639774524,0.2638890064262766,-0.44154833770973256,0.002090407219775026
13.832911347970366,3.642919299551295e-17,0.6457399404478693,-1.2056067146010467,0.2579187002192985,-0.46037097312004255,0.0011681178868393769
13.844457505270839,-1.734723475976807e-18,0.6471225624068621,-1.2056712950400827,0.25052702771928875,-0.4802346560329574,0.00017365544226332274
13.85607391409576,-6.938893903907228e-18,0.6498808156152663,-1.20537429989801,0.2421563832411022,-0.5201097609862275,-0.0018670836518060096
13.866017889231443,8.673617379884035e-18,0.6512845060820779,-1.2053362347178316,0.23522351579434223,-0.5412477992235066,-0.002957812553615459
13.875564252957702,0.0,0.6523970062720494,-1.2052284601781027,0.22579347815064763,-0.5815733807871667,-0.005100774430483469
13.886133551597595,-8.673617379884035e-18,0.6551089266478838,-1.204795867462968,0.2212998841600736,-0.6033974960935282,-0.006255355759122408
13.89673943258822,-2.0816681711721685e-17,0.6566174914161705,-1.204548864884769,0.21203740348294442,-0.6432566436264675,-0.008440379355107216
13.905659306794405,-1.3010426069826053e-17,0.6592515835825793,-1.204050839868012,0.2074715981881624,-0.6633104630794446,-0.00953381966063708
13.914631398394704,-3.469446951953614e-17,0.6605831310886012,-1.2036068062343164,0.20612523339332234,-0.6821885632021061,-0.010604511226820264
13.924883084371686,-3.209238430557093e-17,0.6628659882469602,-1.2030486358934331,0.19770476732960962,-0.7199281148063064,-0.01276543496828443
13.936062606051564,-2.862293735361732e-17,0.6642761724683595,-1.2024756090950124,0.19723307018804703,-0.7383129770742608,-0.013855467647680706
13.945794846862555,3.209238430557093e-17,0.665413666347103,-1.202158471885815,0.18769707772727212,-0.7739512372835856,-0.015992137449008993
13.955895505845547,-1.9081958235744878e-17,0.6681578795247592,-1.2012630468167802,0.18570135414139585,-0.7924859350379045,-0.017110578214881274
13.969656728208065,7.806255641895632e-18,0.6693512817388637,-1.2008339462874982,0.17558141810167768,-0.8254025611349919,-0.01916226568249018
13.975855028256774,-3.903127820947816e-17,0.6714741640720598,-1.200189165633437,0.16528806582945313,-0.8566935610658704,-0.021155497844846625
13.986976992338896,-1.214306433183765e-17,0.673655557122608,-1.1994184945842936,0.16179017656439407,-0.8712026593951965,-0.022089017251704028
13.99904746003449,-1.5612511283791264e-17,0.6746483304845992,-1.1991057988784792,0.15109410415131508,-0.8976861124982385,-0.023863344439026206
14.006210347637534,4.423544863740858e-17,0.6769950389563262,-1.198280346631035,0.14590759597319103,-0.9118400689939703,-0.024795629670305276
14.016337202861905,-3.122502256758253e-17,0.6779953773394254,-1.1979038503723471,0.1406754297179253,-0.9245655673863324,-0.025673609798297248
14.028495322912931,-1.1709383462843448e-17,0.6798696674582679,-1.19722658979854,0.12940074212045635,-0.9481886523534679,-0.02732764926601393
14.038544487208128,3.165870343657673e-17,0.6811642522416016,-1.196692485459339,0.12395337659283549,-0.9601760501671596,-0.02818773995692632
14.04980393871665,2.992397996059992e-17,0.6820960476625557,-1.1963113335493762,0.11330032962569943,-0.9803874597034627,-0.029704404618907637
14.059606030583382,-1.8214596497756474e-17,0.6831045505760794,-1.195836568493092,0.10851150339754521,-0.9903925535837427,-0.030474674333544335
14.06987894885242,-7.37257477290143e-18,0.6831447957698836,-1.1957963232992879,0.09902259669961279,-1.0063531307369842,-0.03177526028995385
14.07910686917603,-3.642919299551295e-17,0.6831203084475722,-1.195820810621599,0.0943777996264972,-1.013195585409798,-0.0323409187668163
14.089929150417447,-4.119968255444917e-17,0.6831454763786716,-1.1957956426904999,0.0898477501862148,-1.020104577160138,-0.03293243689996854
14.100920375436544,1.474514954580286e-17,0.6824305313543557,-1.1961566411229758,0.08035045104250457,-1.0320626901871612,-0.033980425916251535
14.109324185177684,2.168404344971009e-19,0.6824105248518657,-1.196176647625466,0.07593514047738936,-1.0377096345054744,-0.034521570824252515
14.121502755209804,-3.491130995403324e-17,0.6823788215348048,-1.196208350942527,0.06748341110686312,-1.0480743367435774,-0.03547068604890995
14.132563373073936,2.0383000842727483e-17,0.6824148448699856,-1.196172327607346,0.06380087333101252,-1.0526028411373276,-0.035910421242440566
14.140767445787787,-2.970713952610282e-17,0.6824424785352132,-1.1961446939421188,0.05699938029382501,-1.0603326273024318,-0.03667383582129293
14.154413744807243,2.3201926491189795e-17,0.6824828585255054,-1.196104313951826,0.053923570767927365,-1.0637330662239757,-0.037027350523557295
14.160987244918942,1.0842021724855044e-18,0.6825279934528328,-1.1960591790244988,0.05089297061706916,-1.0670096724825409,-0.03730514921805675
14.17093051224947,-7.15573433840433e-18,0.6825604285078279,-1.1960267439695036,0.044597226472379854,-1.0731912451489347,-0.038004033568458204
14.180908588692546,-1.734723475976807e-18,0.6825052003898535,-1.196081972087478,0.041178773620417455,-1.0763171497217285,-0.038291273991985376
14.190868820995092,-2.6237692574149207e-17,0.6824937118900598,-1.1960934605872717,0.035264630780479186,-1.081568525425133,-0.03887584580005251
14.200780861079693,-1.1167282376600696e-17,0.6825871949508082,-1.1959999775265233,0.03028858963671053,-1.0857514256897605,-0.039364691880986055
14.210489017888904,-2.3960868011929648e-17,0.6826866305407535,-1.1959005419365782,0.028062659715275134,-1.0874931413745152,-0.0395800916276815
14.22294564731419,-9.107298248878237e-18,0.6826857795905645,-1.1959013928867672,0.02597561984384605,-1.0891109777249421,-0.039745568582680496
14.23050987906754,-9.86623976961809e-18,0.6828352680212302,-1.1957519044561016,0.023211527208149545,-1.0910066388816957,-0.04004652363421199
14.24095680192113,-2.0708261494473135e-17,0.6829361206176476,-1.195651051859684,0.02121203319464348,-1.092286550299427,-0.040255457237254356
14.252711553126574,-1.5287250632045613e-17,0.6830398321979521,-1.1955473402793797,0.020988342765818395,-1.0922848254930204,-0.04030134452114345
14.260926257818937,2.5804011705155006e-17,0.6833037234789903,-1.1952834489983415,0.021123633417222572,-1.0917547918521513,-0.040350277174959835
14.272593664005399,-1.1275702593849246e-17,0.6834635441723977,-1.195123628304934,0.02000467913619948,-1.0921853624393265,-0.04048126204114134
14.28298705816269,1.6263032587282567e-18,0.6837931738781315,-1.1947939985992,0.02180831748862631,-1.0903686572073326,-0.04038967546204198
14.295176696032286,-1.8973538018496328e-17,0.6840171545258813,-1.1945700179514502,0.02276247063552935,-1.089294815330756,-0.04034901181762504
14.303475346416235,-2.6237692574149207e-17,0.6843598146411574,-1.1942273578361742,0.02419121451607901,-1.0876513791604634,-0.040286657095206735
14.313378790393472,-9.432558900623889e-18,0.6845341514757652,-1.1940530210015665,0.02490445389698414,-1.0868149740729407,-0.04025486867618638
14.325258826836944,8.673617379884035e-19,0.6849487219129031,-1.1936384505644284,0.0265656984787992,-1.0848253368820515,-0.04017911345456844
14.33543718419969,-1.984089975648473e-17,0.6851905063273118,-1.19339666615002,0.027513083188953867,-1.0836645289238689,-0.040134831315425265
14.34605772793293,-8.239936510889834e-18,0.6853741741293462,-1.1932129983479856,0.02822270429213578,-1.0827825434667102,-0.04010114610898
14.35930322855711,-4.0115480381963664e-18,0.6857474926777107,-1.1928396797996208,0.029639559724209865,-1.080989345471215,-0.04003255917850706
14.36569114588201,2.168404344971009e-19,0.6859290253456529,-1.1926581471316788,0.029872734624132466,-1.081001679622689,-0.040033489317632134
14.375038778409362,2.168404344971009e-19,0.6859290253456529,-1.1926581471316788,0.029872734624132466,-1.081001679622689,-0.040033489317632134
14.3857830055058,2.168404344971009e-19,0.6859290253456529,-1.1926581471316788,0.029872734624132466,-1.081001679622689,-0.040033489317632134
14.396092046052217,2.168404344971009e-19,0.6859290253456529,-1.1926581471316788,0.029872734624132466,-1.081001679622689,-0.040033489317632134
14.405001262202859,2.168404344971009e-19,0.6859290253456529,-1.1926581471316788,0.029872734624132466,-1.081001679622689,-0.040033489317632134
14.417436119168997,2.168404344971009e-19,0.6859290253456529,-1.1926581471316788,0.029872734624132466,-1.081001679622689,-0.040033489317632134
14.426079288125038,2.168404344971009e-19,0.6859290253456529,-1.1926581471316788,0.029872734624132466,-1.081001679622689,-0.040033489317632134
14.440433029085398,2.168404344971009e-19,0.6859290253456529,-1.1926581471316788,0.029872734624132466,-1.081001679622689,-0.040033489317632134
14.447967320680618,2.168404344971009e-19,0.6859290253456529,-1.1926581471316788,0.029872734624132466,-1.081001679622689,-0.040033489317632134
14.459086434915662,-1.4094628242311558e-18,0.6862266687497177,-1.192538416405998,0.029870049229986567,-1.0813155843212643,-0.04004596814208929
14.470070004463196,-1.4094628242311558e-18,0.6862266687497177,-1.192538416405998,0.029870049229986567,-1.0813155843212643,-0.04004596814208929
14.479619739577174,-1.4094628242311558e-18,0.6862266687497177,-1.192538416405998,0.029870049229986567,-1.0813155843212643,-0.04004596814208929
14.488834278658032,-1.4094628242311558e-18,0.6862266687497177,-1.192538416405998,0.029870049229986567,-1.0813155843212643,-0.04004596814208929
14.499620139598846,-1.4094628242311558e-18,0.6862266687497177,-1.192538416405998,0.029870049229986567,-1.0813155843212643,-0.04004596814208929
14.510737491771579,-1.4094628242311558e-18,0.6862266687497177,-1.192538416405998,0.029870049229986567,-1.0813155843212643,-0.04004596814208929
14.520571954548359,-1.4094628242311558e-18,0.6862266687497177,-1.192538416405998,0.029870049229986567,-1.0813155843212643,-0.04004596814208929
14.534703601151705,-1.4094628242311558e-18,0.6862266687497177,-1.192538416405998,0.029870049229986567,-1.0813155843212643,-0.04004596814208929
14.540803598240018,-1.4094628242311558e-18,0.6862266687497177,-1.192538416405998,0.029870049229986567,-1.0813155843212643,-0.04004596814208929
14.549990881234407,-1.4094628242311558e-18,0.6862266687497177,-1.192538416405998,0.029870049229986567,-1.0813155843212643,-0.04004596814208929
14.56506798043847,-3.3610267347050637e-18,0.6862894522265123,-1.1924756329292037,0.030105747675341056,-1.0810140645396265,-0.04003442654522578
14.570635514333844,-2.927345865710862e-18,0.686352456977609,-1.192412628178107,0.03034135608554273,-1.0807114637440147,-0.0400228399483698
14.580995196476579,-7.589415207398531e-19,0.6863530093131606,-1.1924120758425554,0.03075539774100578,-1.080475378654356,-0.03999099441103879
14.591611033305526,-7.589415207398531e-19,0.6863530093131606,-1.1924120758425554,0.03075539774100578,-1.080475378654356,-0.03999099441103879
14.601145161315799,-7.589415207398531e-19,0.6863530093131606,-1.1924120758425554,0.03075539774100578,-1.080475378654356,-0.03999099441103879
14.612524032592773,-2.927345865710862e-18,0.686352456977609,-1.192412628178107,0.03034135608554273,-1.0807114637440147,-0.0400228399483698
14.620844934135675,-2.927345865710862e-18,0.686352456977609,-1.192412628178107,0.03034135608554273,-1.0807114637440147,-0.0400228399483698
14.630699006840587,-2.927345865710862e-18,0.686352456977609,-1.192412628178107,0.03034135608554273,-1.0807114637440147,-0.0400228399483698
14.641138594597578,-2.927345865710862e-18,0.686352456977609,-1.192412628178107,0.03034135608554273,-1.0807114637440147,-0.0400228399483698
14.654710806906223,-2.927345865710862e-18,0.686352456977609,-1.192412628178107,0.03034135608554273,-1.0807114637440147,-0.0400228399483698
14.66270669363439,-2.927345865710862e-18,0.686352456977609,-1.192412628178107,0.03034135608554273,-1.0807114637440147,-0.0400228399483698
14.670942706987262,-2.927345865710862e-18,0.686352456977609,-1.192412628178107,0.03034135608554273,-1.0807114637440147,-0.0400228399483698
14.681670112535357,-2.927345865710862e-18,0.686352456977609,-1.192412628178107,0.03034135608554273,-1.0807114637440147,-0.0400228399483698
14.692149385809898,-2.927345865710862e-18,0.686352456977609,-1.192412628178107,0.03034135608554273,-1.0807114637440147,-0.0400228399483698
14.703058496117592,-2.927345865710862e-18,0.686352456977609,-1.192412628178107,0.03034135608554273,-1.0807114637440147,-0.0400228399483698
14.71355988830328,-2.927345865710862e-18,0.686352456977609,-1.192412628178107,0.03034135608554273,-1.0807114637440147,-0.0400228399483698
14.723085200414062,-2.927345865710862e-18,0.686352456977609,-1.192412628178107,0.03034135608554273,-1.0807114637440147,-0.0400228399483698
14.734542813152075,-2.927345865710862e-18,0.686352456977609,-1.192412628178107,0.03034135608554273,-1.0807114637440147,-0.0400228399483698
14.743136638775468,-2.927345865710862e-18,0.686352456977609,-1.192412628178107,0.03034135608554273,-1.0807114637440147,-0.0400228399483698
14.755832014605403,-2.927345865710862e-18,0.686352456977609,-1.192412628178107,0.03034135608554273,-1.0807114637440147,-0.0400228399483698
14.764321472495794,-2.927345865710862e-18,0.686352456977609,-1.192412628178107,0.03034135608554273,-1.0807114637440147,-0.0400228399483698
14.776174522936344,-2.927345865710862e-18,0.686352456977609,-1.192412628178107,0.03034135608554273,-1.0807114637440147,-0.0400228399483698
14.785574316978455,-2.927345865710862e-18,0.686352456977609,-1.192412628178107,0.03034135608554273,-1.0807114637440147,-0.0400228399483698
14.79553147405386,-2.927345865710862e-18,0.686352456977609,-1.192412628178107,0.03034135608554273,-1.0807114637440147,-0.0400228399483698
14.806192997843027,-2.927345865710862e-18,0.686352456977609,-1.192412628178107,0.03034135608554273,-1.0807114637440147,-0.0400228399483698
14.815963571891189,-2.927345865710862e-18,0.686352456977609,-1.192412628178107,0.03034135608554273,-1.0807114637440147,-0.0400228399483698
14.829591810703278,-2.927345865710862e-18,0.686352456977609,-1.192412628178107,0.03034135608554273,-1.0807114637440147,-0.0400228399483698
14.836180316284299,-2.927345865710862e-18,0.686352456977609,-1.192412628178107,0.03034135608554273,-1.0807114637440147,-0.0400228399483698
14.846694778650999,-2.927345865710862e-18,0.686352456977609,-1.192412628178107,0.03034135608554273,-1.0807114637440147,-0.0400228399483698
14.855734312906861,-2.927345865710862e-18,0.686352456977609,-1.192412628178107,0.03034135608554273,-1.0807114637440147,-0.0400228399483698
14.866061482578516,-2.927345865710862e-18,0.686352456977609,-1.192412628178107,0.03034135608554273,-1.0807114637440147,-0.0400228399483698
14.875730689615011,-2.927345865710862e-18,0.686352456977609,-1.192412628178107,0.03034135608554273,-1.0807114637440147,-0.0400228399483698
14.885637164115906,-2.927345865710862e-18,0.686352456977609,-1.192412628178107,0.03034135608554273,-1.0807114637440147,-0.0400228399483698
14.895747443661094,-2.927345865710862e-18,0.686352456977609,-1.192412628178107,0.03034135608554273,-1.0807114637440147,-0.0400228399483698
14.905864214524627,-7.589415207398531e-19,0.6863530093131606,-1.1924120758425554,0.03075539774100578,-1.080475378654356,-0.03999099441103879
14.915988836437464,-7.589415207398531e-19,0.6863530093131606,-1.1924120758425554,0.03075539774100578,-1.080475378654356,-0.03999099441103879
14.92610595934093,-2.2659825404947043e-17,0.6863574754197374,-1.1924076097359784,0.030405091737722725,-1.0806882566145424,-0.03995908962594365
14.936218231916428,-2.2659825404947043e-17,0.6863574754197374,-1.1924076097359784,0.030405091737722725,-1.0806882566145424,-0.03995908962594365
14.946330543607473,-3.382710778154774e-17,0.6863599831914456,-1.1924051019642703,0.03043702187021279,-1.0806766613595966,-0.03992715451015357
14.957219308242202,-2.0925101928970236e-17,0.6863624899935729,-1.192402595162143,0.03046899349774331,-1.0806650716599728,-0.0398951794672123
14.967617888003588,-2.0925101928970236e-17,0.6863624899935729,-1.192402595162143,0.03046899349774331,-1.0806650716599728,-0.0398951794672123
14.980387099087238,-2.0925101928970236e-17,0.6863624899935729,-1.192402595162143,0.03046899349774331,-1.0806650716599728,-0.0398951794672123
14.991134664043784,-2.0925101928970236e-17,0.6863624899935729,-1.192402595162143,0.03046899349774331,-1.0806650716599728,-0.0398951794672123
14.998875899240375,-2.0925101928970236e-17,0.6863624899935729,-1.192402595162143,0.03046899349774331,-1.0806650716599728,-0.0398951794672123
15.010802812874317,-2.0925101928970236e-17,0.6863624899935729,-1.192402595162143,0.03046899349774331,-1.0806650716599728,-0.0398951794672123
15.01951584406197,-2.0925101928970236e-17,0.6863624899935729,-1.192402595162143,0.03046899349774331,-1.0806650716599728,-0.0398951794672123
15.031269261613488,-2.0925101928970236e-17,0.6863624899935729,-1.192402595162143,0.03046899349774331,-1.0806650716599728,-0.0398951794672123
15.039982726797462,-2.0925101928970236e-17,0.6863624899935729,-1.192402595162143,0.03046899349774331,-1.0806650716599728,-0.0398951794672123
15.050696175545454,-2.0925101928970236e-17,0.6863624899935729,-1.192402595162143,0.03046899349774331,-1.0806650716599728,-0.0398951794672123
15.061693780124187,-3.382710778154774e-17,0.6863599831914456,-1.1924051019642703,0.03043702187021279,-1.0806766613595966,-0.03992715451015357
15.071902384981513,-3.382710778154774e-17,0.6863599831914456,-1.1924051019642703,0.03043702187021279,-1.0806766613595966,-0.03992715451015357
15.08099802955985,-3.382710778154774e-17,0.6863599831914456,-1.1924051019642703,0.03043702187021279,-1.0806766613595966,-0.03992715451015357
15.09138703905046,-3.382710778154774e-17,0.6863599831914456,-1.1924051019642703,0.03043702187021279,-1.0806766613595966,-0.03992715451015357
15.10201502032578,-3.382710778154774e-17,0.6863599831914456,-1.1924051019642703,0.03043702187021279,-1.0806766613595966,-0.03992715451015357
15.11098949611187,-3.382710778154774e-17,0.6863599831914456,-1.1924051019642703,0.03043702187021279,-1.0806766613595966,-0.03992715451015357
15.121212176978588,-3.382710778154774e-17,0.6863599831914456,-1.1924051019642703,0.03043702187021279,-1.0806766613595966,-0.03992715451015357
15.13424376398325,-3.382710778154774e-17,0.6863599831914456,-1.1924051019642703,0.03043702187021279,-1.0806766613595966,-0.03992715451015357
15.14254666492343,-2.0925101928970236e-17,0.6863624899935729,-1.192402595162143,0.03046899349774331,-1.0806650716599728,-0.0398951794672123
15.150697689503431,-2.0925101928970236e-17,0.6863624899935729,-1.192402595162143,0.03046899349774331,-1.0806650716599728,-0.0398951794672123
15.161101065576077,-2.0925101928970236e-17,0.6863624899935729,-1.192402595162143,0.03046899349774331,-1.0806650716599728,-0.0398951794672123
15.170648185536265,-2.0925101928970236e-17,0.6863624899935729,-1.192402595162143,0.03046899349774331,-1.0806650716599728,-0.0398951794672123
15.181033151224256,-2.0925101928970236e-17,0.6863624899935729,-1.192402595162143,0.03046899349774331,-1.0806650716599728,-0.0398951794672123
15.190981354564428,-1.2576745200831851e-17,0.6863649958236117,-1.192400089332104,0.030501006588342594,-1.0806534875272606,-0.03986316452909488
15.202961122617126,-1.2576745200831851e-17,0.6863649958236117,-1.192400089332104,0.030501006588342594,-1.0806534875272606,-0.03986316452909488
15.215112086385489,-1.3227266504323154e-17,0.6863675006790567,-1.1923975844766592,0.03053306110999757,-1.0806419089730446,-0.039831109727816255
15.223659567534924,-4.445228907190568e-18,0.6863700045574029,-1.1923950805983128,0.03056515703065367,-1.0806303360089031,-0.039799015095431226
15.233581507578492,-1.5070410197548512e-17,0.686372507456147,-1.192392577699569,0.03059729431821504,-1.0806187686464095,-0.039766880664034415
15.245214629918337,-1.5070410197548512e-17,0.686372507456147,-1.192392577699569,0.03059729431821504,-1.0806187686464095,-0.039766880664034415
15.255345283076167,1.5504091066542713e-17,0.6863750093727853,-1.1923900757829307,0.030629472940544435,-1.0806072068971304,-0.03973470646576025
15.26578182540834,1.5504091066542713e-17,0.6863750093727853,-1.1923900757829307,0.030629472940544435,-1.0806072068971304,-0.03973470646576025
15.275315713137388,-1.3444106938820255e-17,0.6863775103048165,-1.1923875748508994,0.030661692865463008,-1.080595650772628,-0.039702492532782956
15.286059986799955,-6.071532165918825e-18,0.6863825092050534,-1.1923825759506625,0.03072625649414741,-1.080572555444172,-0.03963794559161428
15.296557268127799,-6.071532165918825e-18,0.6863825092050534,-1.1923825759506625,0.03072625649414741,-1.080572555444172,-0.03963794559161428
15.304695347324014,-5.421010862427522e-19,0.6863875041368624,-1.1923775810188535,0.030790984946013764,-1.0805494827534226,-0.03957324009871609
15.315760845318437,-9.540979117872439e-18,0.6863900001083626,-1.1923750850473533,0.030823410899755394,-1.080537954926032,-0.039540827976225525
15.323968866840005,-1.5504091066542713e-17,0.6863924950802639,-1.1923725900754518,0.030855877962148323,-1.0805264327926702,-0.039508376312910286
15.336354162544012,1.0842021724855044e-17,0.6864024649220052,-1.1923626202337108,0.030986156648277252,-1.0804804014298663,-0.039378174901028115
15.349481727927923,-1.5720931501039814e-17,0.6864074437804651,-1.1923576413752506,0.03105154179715687,-1.08045742021194,-0.03931283779575725
15.35654453188181,-2.0816681711721685e-17,0.6864173892729876,-1.1923476958827282,0.0311828023988452,-1.0804115271626615,-0.03918169209329654
15.36560913734138,-6.613633252161577e-18,0.6864198730848635,-1.1923452120708524,0.03121571950455704,-1.0804000684228143,-0.03914880763139513
15.376716019585729,-2.2985086056692694e-17,0.6864248376177192,-1.1923402475379965,0.03128167583205129,-1.0803771684503174,-0.03908292129410281
15.386075949296355,-1.734723475976807e-18,0.6864273183337343,-1.1923377668219817,0.03131471498787746,-1.0803657272405685,-0.03904991948459824
15.398045990616083,-1.734723475976807e-18,0.6864273183337343,-1.1923377668219817,0.03131471498787746,-1.0803657272405685,-0.03904991948459824
15.406969510018826,-1.734723475976807e-18,0.6864273183337343,-1.1923377668219817,0.03131471498787746,-1.0803657272405685,-0.03904991948459824
15.416654517874122,-1.734723475976807e-18,0.6864273183337343,-1.1923377668219817,0.03131471498787746,-1.0803657272405685,-0.03904991948459824
15.425584243610501,-1.734723475976807e-18,0.6864273183337343,-1.1923377668219817,0.03131471498787746,-1.0803657272405685,-0.03904991948459824
15.436196930706501,-1.734723475976807e-18,0.6864273183337343,-1.1923377668219817,0.03131471498787746,-1.0803657272405685,-0.03904991948459824
15.446204012259841,-1.734723475976807e-18,0.6864273183337343,-1.1923377668219817,0.03131471498787746,-1.0803657272405685,-0.03904991948459824
15.455714644864202,-1.734723475976807e-18,0.6864273183337343,-1.1923377668219817,0.03131471498787746,-1.0803657272405685,-0.03904991948459824
15.467396633699536,-1.734723475976807e-18,0.6864273183337343,-1.1923377668219817,0.03131471498787746,-1.0803657272405685,-0.03904991948459824
15.479640897363424,-1.734723475976807e-18,0.6864273183337343,-1.1923377668219817,0.03131471498787746,-1.0803657272405685,-0.03904991948459824
15.489425741136074,-1.734723475976807e-18,0.6864273183337343,-1.1923377668219817,0.03131471498787746,-1.0803657272405685,-0.03904991948459824
15.500848906114697,-1.734723475976807e-18,0.6864273183337343,-1.1923377668219817,0.03131471498787746,-1.0803657272405685,-0.03904991948459824
15.510127251967788,-1.734723475976807e-18,0.6864273183337343,-1.1923377668219817,0.03131471498787746,-1.0803657272405685,-0.03904991948459824
15.520865567028522,-1.734723475976807e-18,0.6864273183337343,-1.1923377668219817,0.03131471498787746,-1.0803657272405685,-0.03904991948459824
15.530578961595893,-1.734723475976807e-18,0.6864273183337343,-1.1923377668219817,0.03131471498787746,-1.0803657272405685,-0.03904991948459824
15.54000536724925,-1.734723475976807e-18,0.6864273183337343,-1.1923377668219817,0.03131471498787746,-1.0803657272405685,-0.03904991948459824
15.550623590126634,-1.734723475976807e-18,0.6864273183337343,-1.1923377668219817,0.03131471498787746,-1.0803657272405685,-0.03904991948459824
15.560121208429337,-1.734723475976807e-18,0.6864273183337343,-1.1923377668219817,0.03131471498787746,-1.0803657272405685,-0.03904991948459824
15.571227595210075,-1.734723475976807e-18,0.6864273183337343,-1.1923377668219817,0.03131471498787746,-1.0803657272405685,-0.03904991948459824
15.581041360273957,-1.734723475976807e-18,0.6864273183337343,-1.1923377668219817,0.03131471498787746,-1.0803657272405685,-0.03904991948459824
15.59041403234005,-1.734723475976807e-18,0.6864273183337343,-1.1923377668219817,0.03131471498787746,-1.0803657272405685,-0.03904991948459824
15.600934125483036,-1.734723475976807e-18,0.6864273183337343,-1.1923377668219817,0.03131471498787746,-1.0803657272405685,-0.03904991948459824
15.611222429201007,-1.734723475976807e-18,0.6864273183337343,-1.1923377668219817,0.03131471498787746,-1.0803657272405685,-0.03904991948459824
15.621685599908233,-1.734723475976807e-18,0.6864273183337343,-1.1923377668219817,0.03131471498787746,-1.0803657272405685,-0.03904991948459824
15.631546376273036,-1.734723475976807e-18,0.6864273183337343,-1.1923377668219817,0.03131471498787746,-1.0803657272405685,-0.03904991948459824
15.642628202214837,-1.734723475976807e-18,0.6864273183337343,-1.1923377668219817,0.03131471498787746,-1.0803657272405685,-0.03904991948459824
15.652039149776101,-1.734723475976807e-18,0.6864273183337343,-1.1923377668219817,0.03131471498787746,-1.0803657272405685,-0.03904991948459824
15.66100175306201,-1.734723475976807e-18,0.6864273183337343,-1.1923377668219817,0.03131471498787746,-1.0803657272405685,-0.03904991948459824
15.671254130080342,-1.734723475976807e-18,0.6864273183337343,-1.1923377668219817,0.03131471498787746,-1.0803657272405685,-0.03904991948459824
15.681080088019371,-1.734723475976807e-18,0.6864273183337343,-1.1923377668219817,0.03131471498787746,-1.0803657272405685,-0.03904991948459824
15.691136088222265,-1.734723475976807e-18,0.6864273183337343,-1.1923377668219817,0.03131471498787746,-1.0803657272405685,-0.03904991948459824
15.705210046842694,-1.734723475976807e-18,0.6864273183337343,-1.1923377668219817,0.03131471498787746,-1.0803657272405685,-0.03904991948459824
15.715007610619068,-1.734723475976807e-18,0.6864273183337343,-1.1923377668219817,0.03131471498787746,-1.0803657272405685,-0.03904991948459824
15.723804211243987,-1.734723475976807e-18,0.6864273183337343,-1.1923377668219817,0.03131471498787746,-1.0803657272405685,-0.03904991948459824
15.735499743372202,-1.734723475976807e-18,0.6864273183337343,-1.1923377668219817,0.03131471498787746,-1.0803657272405685,-0.03904991948459824
15.743625435978174,-1.734723475976807e-18,0.6864273183337343,-1.1923377668219817,0.03131471498787746,-1.0803657272405685,-0.03904991948459824
15.755670201033354,-1.734723475976807e-18,0.6864273183337343,-1.1923377668219817,0.03131471498787746,-1.0803657272405685,-0.03904991948459824
15.76573390699923,-1.734723475976807e-18,0.6864273183337343,-1.1923377668219817,0.03131471498787746,-1.0803657272405685,-0.03904991948459824
15.77548522502184,-1.734723475976807e-18,0.6864273183337343,-1.1923377668219817,0.03131471498787746,-1.0803657272405685,-0.03904991948459824
15.78489331714809,-1.734723475976807e-18,0.6864273183337343,-1.1923377668219817,0.03131471498787746,-1.0803657272405685,-0.03904991948459824
15.79511147737503,-1.734723475976807e-18,0.6864273183337343,-1.1923377668219817,0.03131471498787746,-1.0803657272405685,-0.03904991948459824
15.805385069921613,-1.734723475976807e-18,0.6864273183337343,-1.1923377668219817,0.03131471498787746,-1.0803657272405685,-0.03904991948459824
15.817164549604058,-1.734723475976807e-18,0.6864273183337343,-1.1923377668219817,0.03131471498787746,-1.0803657272405685,-0.03904991948459824
15.826171914115548,-1.734723475976807e-18,0.6864273183337343,-1.1923377668219817,0.03131471498787746,-1.0803657272405685,-0.03904991948459824
15.835380155593157,-1.734723475976807e-18,0.6864273183337343,-1.1923377668219817,0.03131471498787746,-1.0803657272405685,-0.03904991948459824
15.850222662091255,-1.734723475976807e-18,0.6864273183337343,-1.1923377668219817,0.03131471498787746,-1.0803657272405685,-0.03904991948459824
15.858613468706608,-1.734723475976807e-18,0.6864273183337343,-1.1923377668219817,0.03131471498787746,-1.0803657272405685,-0.03904991948459824
15.866077532991767,-1.734723475976807e-18,0.6864273183337343,-1.1923377668219817,0.03131471498787746,-1.0803657272405685,-0.03904991948459824
15.876424120739102,-1.734723475976807e-18,0.6864273183337343,-1.1923377668219817,0.03131471498787746,-1.0803657272405685,-0.03904991948459824
15.88769138790667,-1.734723475976807e-18,0.6864273183337343,-1.1923377668219817,0.03131471498787746,-1.0803657272405685,-0.03904991948459824
15.896991169080138,-1.734723475976807e-18,0.6864273183337343,-1.1923377668219817,0.03131471498787746,-1.0803657272405685,-0.03904991948459824
15.909670382738113,-1.734723475976807e-18,0.6864273183337343,-1.1923377668219817,0.03131471498787746,-1.0803657272405685,-0.03904991948459824
15.917475569993258,-1.734723475976807e-18,0.6864273183337343,-1.1923377668219817,0.03131471498787746,-1.0803657272405685,-0.03904991948459824
15.92908225953579,-1.734723475976807e-18,0.6864273183337343,-1.1923377668219817,0.03131471498787746,-1.0803657272405685,-0.03904991948459824
15.941006142646074,-1.734723475976807e-18,0.6864273183337343,-1.1923377668219817,0.03131471498787746,-1.0803657272405685,-0.03904991948459824
15.950921999290586,-1.734723475976807e-18,0.6864273183337343,-1.1923377668219817,0.03131471498787746,-1.0803657272405685,-0.03904991948459824
15.960687225684524,-1.734723475976807e-18,0.6864273183337343,-1.1923377668219817,0.03131471498787746,-1.0803657272405685,-0.03904991948459824
15.971089674159884,-1.734723475976807e-18,0.6864273183337343,-1.1923377668219817,0.03131471498787746,-1.0803657272405685,-0.03904991948459824
15.980033939704299,-1.734723475976807e-18,0.6864273183337343,-1.1923377668219817,0.03131471498787746,-1.0803657272405685,-0.03904991948459824
15.990614425390959,-1.734723475976807e-18,0.6864273183337343,-1.1923377668219817,0.03131471498787746,-1.0803657272405685,-0.03904991948459824
16.001167682930827,-1.734723475976807e-18,0.6864273183337343,-1.1923377668219817,0.03131471498787746,-1.0803657272405685,-0.03904991948459824
16.010308749973774,-1.734723475976807e-18,0.6864273183337343,-1.1923377668219817,0.03131471498787746,-1.0803657272405685,-0.03904991948459824
16.02095567435026,-1.734723475976807e-18,0.6864273183337343,-1.1923377668219817,0.03131471498787746,-1.0803657272405685,-0.03904991948459824
16.031563725322485,-1.734723475976807e-18,0.6864273183337343,-1.1923377668219817,0.03131471498787746,-1.0803657272405685,-0.03904991948459824
16.04102085158229,-1.734723475976807e-18,0.6864273183337343,-1.1923377668219817,0.03131471498787746,-1.0803657272405685,-0.03904991948459824
16.050886614248157,-1.734723475976807e-18,0.6864273183337343,-1.1923377668219817,0.03131471498787746,-1.0803657272405685,-0.03904991948459824
16.060448199510574,-1.734723475976807e-18,0.6864273183337343,-1.1923377668219817,0.03131471498787746,-1.0803657272405685,-0.03904991948459824
16.070673312991858,-1.734723475976807e-18,0.6864273183337343,-1.1923377668219817,0.03131471498787746,-1.0803657272405685,-0.03904991948459824
16.080856036394835,-1.734723475976807e-18,0.6864273183337343,-1.1923377668219817,0.03131471498787746,-1.0803657272405685,-0.03904991948459824
16.090876162052155,-1.734723475976807e-18,0.6864273183337343,-1.1923377668219817,0.03131471498787746,-1.0803657272405685,-0.03904991948459824
16.101079512387514,-1.734723475976807e-18,0.6864273183337343,-1.1923377668219817,0.03131471498787746,-1.0803657272405685,-0.03904991948459824
16.111188078299165,-1.734723475976807e-18,0.6864273183337343,-1.1923377668219817,0.03131471498787746,-1.0803657272405685,-0.03904991948459824
16.12502403743565,-1.734723475976807e-18,0.6864273183337343,-1.1923377668219817,0.03131471498787746,-1.0803657272405685,-0.03904991948459824
16.13316193036735,-1.734723475976807e-18,0.6864273183337343,-1.1923377668219817,0.03131471498787746,-1.0803657272405685,-0.03904991948459824
16.142598314210773,-1.734723475976807e-18,0.6864273183337343,-1.1923377668219817,0.03131471498787746,-1.0803657272405685,-0.03904991948459824
16.15483619645238,-1.734723475976807e-18,0.6864273183337343,-1.1923377668219817,0.03131471498787746,-1.0803657272405685,-0.03904991948459824
16.165652461349964,-1.734723475976807e-18,0.6864273183337343,-1.1923377668219817,0.03131471498787746,-1.0803657272405685,-0.03904991948459824
16.17522401921451,-1.734723475976807e-18,0.6864273183337343,-1.1923377668219817,0.03131471498787746,-1.0803657272405685,-0.03904991948459824
16.18453557230532,-1.734723475976807e-18,0.6864273183337343,-1.1923377668219817,0.03131471498787746,-1.0803657272405685,-0.03904991948459824
16.19494958780706,-1.734723475976807e-18,0.6864273183337343,-1.1923377668219817,0.03131471498787746,-1.0803657272405685,-0.03904991948459824
16.20537649653852,-1.734723475976807e-18,0.6864273183337343,-1.1923377668219817,0.03131471498787746,-1.0803657272405685,-0.03904991948459824
16.21629275381565,-1.734723475976807e-18,0.6864273183337343,-1.1923377668219817,0.03131471498787746,-1.0803657272405685,-0.03904991948459824
16.22498867660761,-1.734723475976807e-18,0.6864273183337343,-1.1923377668219817,0.03131471498787746,-1.0803657272405685,-0.03904991948459824
16.23553565889597,-1.734723475976807e-18,0.6864273183337343,-1.1923377668219817,0.03131471498787746,-1.0803657272405685,-0.03904991948459824
16.246985029429197,-1.734723475976807e-18,0.6864273183337343,-1.1923377668219817,0.03131471498787746,-1.0803657272405685,-0.03904991948459824
16.255565866827965,-1.734723475976807e-18,0.6864273183337343,-1.1923377668219817,0.03131471498787746,-1.0803657272405685,-0.03904991948459824
16.26997761055827,-1.734723475976807e-18,0.6864273183337343,-1.1923377668219817,0.03131471498787746,-1.0803657272405685,-0.03904991948459824
16.275659980252385,-1.734723475976807e-18,0.6864273183337343,-1.1923377668219817,0.03131471498787746,-1.0803657272405685,-0.03904991948459824
16.286445995792747,-1.734723475976807e-18,0.6864273183337343,-1.1923377668219817,0.03131471498787746,-1.0803657272405685,-0.03904991948459824
16.29608309827745,-1.734723475976807e-18,0.6864273183337343,-1.1923377668219817,0.03131471498787746,-1.0803657272405685,-0.03904991948459824
16.306360211223364,-1.734723475976807e-18,0.6864273183337343,-1.1923377668219817,0.03131471498787746,-1.0803657272405685,-0.03904991948459824
16.316295413300395,-1.734723475976807e-18,0.6864273183337343,-1.1923377668219817,0.03131471498787746,-1.0803657272405685,-0.03904991948459824
16.32757425121963,-1.734723475976807e-18,0.6864273183337343,-1.1923377668219817,0.03131471498787746,-1.0803657272405685,-0.03904991948459824
16.337729960680008,-3.2526065174565133e-18,0.6864278882867426,-1.1923371968689733,0.031729899130091145,-1.0801297475650038,-0.03901684120986201
16.348563650622964,-3.2526065174565133e-18,0.6864278882867426,-1.1923371968689733,0.031729899130091145,-1.0801297475650038,-0.03901684120986201
16.359778817743063,-3.2526065174565133e-18,0.6864278882867426,-1.1923371968689733,0.031729899130091145,-1.0801297475650038,-0.03901684120986201
16.368913369253278,-1.734723475976807e-18,0.6864273183337343,-1.1923377668219817,0.03131471498787746,-1.0803657272405685,-0.03904991948459824
16.380958383902907,-1.734723475976807e-18,0.6864273183337343,-1.1923377668219817,0.03131471498787746,-1.0803657272405685,-0.03904991948459824
16.395180052146316,-1.734723475976807e-18,0.6864273183337343,-1.1923377668219817,0.03131471498787746,-1.0803657272405685,-0.03904991948459824
16.402781277894974,-1.734723475976807e-18,0.6864273183337343,-1.1923377668219817,0.03131471498787746,-1.0803657272405685,-0.03904991948459824
16.409631634131074,-1.734723475976807e-18,0.6864273183337343,-1.1923377668219817,0.03131471498787746,-1.0803657272405685,-0.03904991948459824
16.420758483931422,-1.734723475976807e-18,0.6864273183337343,-1.1923377668219817,0.03131471498787746,-1.0803657272405685,-0.03904991948459824
16.43058187328279,-1.734723475976807e-18,0.6864273183337343,-1.1923377668219817,0.03131471498787746,-1.0803657272405685,-0.03904991948459824
16.44043079763651,-1.734723475976807e-18,0.6864273183337343,-1.1923377668219817,0.03131471498787746,-1.0803657272405685,-0.03904991948459824
16.45069200731814,-1.734723475976807e-18,0.6864273183337343,-1.1923377668219817,0.03131471498787746,-1.0803657272405685,-0.03904991948459824
16.461366707459092,-3.2526065174565133e-18,0.6864278882867426,-1.1923371968689733,0.031729899130091145,-1.0801297475650038,-0.03901684120986201
